time_utc,load_actual_mw_raw,load_actual_mw_clean,load_clean_flag,load_flag_missing_nonpositive,load_flag_same_hour_7d_median_outlier,load_clean_reason
2023-01-01T00:00:00Z,17168.0,17168.0,False,False,False,
2023-01-01T01:00:00Z,17404.0,17404.0,False,False,False,
2023-01-01T02:00:00Z,17167.0,17167.0,False,False,False,
2023-01-01T03:00:00Z,16749.0,16749.0,False,False,False,
2023-01-01T04:00:00Z,16437.0,16437.0,False,False,False,
2023-01-01T05:00:00Z,16091.0,16091.0,False,False,False,
2023-01-01T06:00:00Z,15659.0,15659.0,False,False,False,
2023-01-01T07:00:00Z,15417.0,15417.0,False,False,False,
2023-01-01T08:00:00Z,15170.0,15170.0,False,False,False,
2023-01-01T09:00:00Z,14974.0,14974.0,False,False,False,
2023-01-01T10:00:00Z,14787.0,14787.0,False,False,False,
2023-01-01T11:00:00Z,14766.0,14766.0,False,False,False,
2023-01-01T12:00:00Z,14923.0,14923.0,False,False,False,
2023-01-01T13:00:00Z,15143.0,15143.0,False,False,False,
2023-01-01T14:00:00Z,15383.0,15383.0,False,False,False,
2023-01-01T15:00:00Z,15803.0,15803.0,False,False,False,
2023-01-01T16:00:00Z,16098.0,16098.0,False,False,False,
2023-01-01T17:00:00Z,16313.0,16313.0,False,False,False,
2023-01-01T18:00:00Z,16511.0,16511.0,False,False,False,
2023-01-01T19:00:00Z,16585.0,16585.0,False,False,False,
2023-01-01T20:00:00Z,16533.0,16533.0,False,False,False,
2023-01-01T21:00:00Z,16293.0,16293.0,False,False,False,
2023-01-01T22:00:00Z,16260.0,16260.0,False,False,False,
2023-01-01T23:00:00Z,16388.0,16388.0,False,False,False,
2023-01-02T00:00:00Z,17021.0,17021.0,False,False,False,
2023-01-02T01:00:00Z,17357.0,17357.0,False,False,False,
2023-01-02T02:00:00Z,17205.0,17205.0,False,False,False,
2023-01-02T03:00:00Z,16833.0,16833.0,False,False,False,
2023-01-02T04:00:00Z,16495.0,16495.0,False,False,False,
2023-01-02T05:00:00Z,15975.0,15975.0,False,False,False,
2023-01-02T06:00:00Z,15542.0,15542.0,False,False,False,
2023-01-02T07:00:00Z,14867.0,14867.0,False,False,False,
2023-01-02T08:00:00Z,14571.0,14571.0,False,False,False,
2023-01-02T09:00:00Z,14331.0,14331.0,False,False,False,
2023-01-02T10:00:00Z,14187.0,14187.0,False,False,False,
2023-01-02T11:00:00Z,14307.0,14307.0,False,False,False,
2023-01-02T12:00:00Z,14542.0,14542.0,False,False,False,
2023-01-02T13:00:00Z,14996.0,14996.0,False,False,False,
2023-01-02T14:00:00Z,15297.0,15297.0,False,False,False,
2023-01-02T15:00:00Z,15687.0,15687.0,False,False,False,
2023-01-02T16:00:00Z,16507.0,16507.0,False,False,False,
2023-01-02T17:00:00Z,17040.0,17040.0,False,False,False,
2023-01-02T18:00:00Z,17529.0,17529.0,False,False,False,
2023-01-02T19:00:00Z,17834.0,17834.0,False,False,False,
2023-01-02T20:00:00Z,18047.0,18047.0,False,False,False,
2023-01-02T21:00:00Z,18054.0,18054.0,False,False,False,
2023-01-02T22:00:00Z,18035.0,18035.0,False,False,False,
2023-01-02T23:00:00Z,18091.0,18091.0,False,False,False,
2023-01-03T00:00:00Z,18511.0,18511.0,False,False,False,
2023-01-03T01:00:00Z,18758.0,18758.0,False,False,False,
2023-01-03T02:00:00Z,18513.0,18513.0,False,False,False,
2023-01-03T03:00:00Z,18131.0,18131.0,False,False,False,
2023-01-03T04:00:00Z,17511.0,17511.0,False,False,False,
2023-01-03T05:00:00Z,17043.0,17043.0,False,False,False,
2023-01-03T06:00:00Z,16290.0,16290.0,False,False,False,
2023-01-03T07:00:00Z,15668.0,15668.0,False,False,False,
2023-01-03T08:00:00Z,15127.0,15127.0,False,False,False,
2023-01-03T09:00:00Z,14899.0,14899.0,False,False,False,
2023-01-03T10:00:00Z,14818.0,14818.0,False,False,False,
2023-01-03T11:00:00Z,14809.0,14809.0,False,False,False,
2023-01-03T12:00:00Z,15264.0,15264.0,False,False,False,
2023-01-03T13:00:00Z,15954.0,15954.0,False,False,False,
2023-01-03T14:00:00Z,16529.0,16529.0,False,False,False,
2023-01-03T15:00:00Z,16870.0,16870.0,False,False,False,
2023-01-03T16:00:00Z,17096.0,17096.0,False,False,False,
2023-01-03T17:00:00Z,17372.0,17372.0,False,False,False,
2023-01-03T18:00:00Z,17687.0,17687.0,False,False,False,
2023-01-03T19:00:00Z,18053.0,18053.0,False,False,False,
2023-01-03T20:00:00Z,18356.0,18356.0,False,False,False,
2023-01-03T21:00:00Z,18474.0,18474.0,False,False,False,
2023-01-03T22:00:00Z,18361.0,18361.0,False,False,False,
2023-01-03T23:00:00Z,18239.0,18239.0,False,False,False,
2023-01-04T00:00:00Z,18740.0,18740.0,False,False,False,
2023-01-04T01:00:00Z,19069.0,19069.0,False,False,False,
2023-01-04T02:00:00Z,18801.0,18801.0,False,False,False,
2023-01-04T03:00:00Z,18433.0,18433.0,False,False,False,
2023-01-04T04:00:00Z,17771.0,17771.0,False,False,False,
2023-01-04T05:00:00Z,17049.0,17049.0,False,False,False,
2023-01-04T06:00:00Z,16294.0,16294.0,False,False,False,
2023-01-04T07:00:00Z,15663.0,15663.0,False,False,False,
2023-01-04T08:00:00Z,15072.0,15072.0,False,False,False,
2023-01-04T09:00:00Z,14785.0,14785.0,False,False,False,
2023-01-04T10:00:00Z,14701.0,14701.0,False,False,False,
2023-01-04T11:00:00Z,14957.0,14957.0,False,False,False,
2023-01-04T12:00:00Z,15591.0,15591.0,False,False,False,
2023-01-04T13:00:00Z,16774.0,16774.0,False,False,False,
2023-01-04T14:00:00Z,17435.0,17435.0,False,False,False,
2023-01-04T15:00:00Z,17522.0,17522.0,False,False,False,
2023-01-04T16:00:00Z,17419.0,17419.0,False,False,False,
2023-01-04T17:00:00Z,17415.0,17415.0,False,False,False,
2023-01-04T18:00:00Z,17439.0,17439.0,False,False,False,
2023-01-04T19:00:00Z,17552.0,17552.0,False,False,False,
2023-01-04T20:00:00Z,17654.0,17654.0,False,False,False,
2023-01-04T21:00:00Z,17549.0,17549.0,False,False,False,
2023-01-04T22:00:00Z,17612.0,17612.0,False,False,False,
2023-01-04T23:00:00Z,17629.0,17629.0,False,False,False,
2023-01-05T00:00:00Z,18113.0,18113.0,False,False,False,
2023-01-05T01:00:00Z,18722.0,18722.0,False,False,False,
2023-01-05T02:00:00Z,18677.0,18677.0,False,False,False,
2023-01-05T03:00:00Z,18519.0,18519.0,False,False,False,
2023-01-05T04:00:00Z,18077.0,18077.0,False,False,False,
2023-01-05T05:00:00Z,17326.0,17326.0,False,False,False,
2023-01-05T06:00:00Z,16727.0,16727.0,False,False,False,
2023-01-05T07:00:00Z,16219.0,16219.0,False,False,False,
2023-01-05T08:00:00Z,16076.0,16076.0,False,False,False,
2023-01-05T09:00:00Z,16067.0,16067.0,False,False,False,
2023-01-05T10:00:00Z,16213.0,16213.0,False,False,False,
2023-01-05T11:00:00Z,16611.0,16611.0,False,False,False,
2023-01-05T12:00:00Z,17514.0,17514.0,False,False,False,
2023-01-05T13:00:00Z,18936.0,18936.0,False,False,False,
2023-01-05T14:00:00Z,19756.0,19756.0,False,False,False,
2023-01-05T15:00:00Z,19438.0,19438.0,False,False,False,
2023-01-05T16:00:00Z,18840.0,18840.0,False,False,False,
2023-01-05T17:00:00Z,18263.0,18263.0,False,False,False,
2023-01-05T18:00:00Z,17823.0,17823.0,False,False,False,
2023-01-05T19:00:00Z,17508.0,17508.0,False,False,False,
2023-01-05T20:00:00Z,17348.0,17348.0,False,False,False,
2023-01-05T21:00:00Z,17306.0,17306.0,False,False,False,
2023-01-05T22:00:00Z,17313.0,17313.0,False,False,False,
2023-01-05T23:00:00Z,17480.0,17480.0,False,False,False,
2023-01-06T00:00:00Z,18077.0,18077.0,False,False,False,
2023-01-06T01:00:00Z,18888.0,18888.0,False,False,False,
2023-01-06T02:00:00Z,19068.0,19068.0,False,False,False,
2023-01-06T03:00:00Z,19162.0,19162.0,False,False,False,
2023-01-06T04:00:00Z,18977.0,18977.0,False,False,False,
2023-01-06T05:00:00Z,18326.0,18326.0,False,False,False,
2023-01-06T06:00:00Z,17815.0,17815.0,False,False,False,
2023-01-06T07:00:00Z,17480.0,17480.0,False,False,False,
2023-01-06T08:00:00Z,17317.0,17317.0,False,False,False,
2023-01-06T09:00:00Z,17441.0,17441.0,False,False,False,
2023-01-06T10:00:00Z,17614.0,17614.0,False,False,False,
2023-01-06T11:00:00Z,18160.0,18160.0,False,False,False,
2023-01-06T12:00:00Z,19133.0,19133.0,False,False,False,
2023-01-06T13:00:00Z,20553.0,20553.0,False,False,False,
2023-01-06T14:00:00Z,21200.0,21200.0,False,False,False,
2023-01-06T15:00:00Z,20854.0,20854.0,False,False,False,
2023-01-06T16:00:00Z,19925.0,19925.0,False,False,False,
2023-01-06T17:00:00Z,19154.0,19154.0,False,False,False,
2023-01-06T18:00:00Z,18381.0,18381.0,False,False,False,
2023-01-06T19:00:00Z,17741.0,17741.0,False,False,False,
2023-01-06T20:00:00Z,17569.0,17569.0,False,False,False,
2023-01-06T21:00:00Z,17290.0,17290.0,False,False,False,
2023-01-06T22:00:00Z,17214.0,17214.0,False,False,False,
2023-01-06T23:00:00Z,17365.0,17365.0,False,False,False,
2023-01-07T00:00:00Z,17836.0,17836.0,False,False,False,
2023-01-07T01:00:00Z,18386.0,18386.0,False,False,False,
2023-01-07T02:00:00Z,18260.0,18260.0,False,False,False,
2023-01-07T03:00:00Z,18154.0,18154.0,False,False,False,
2023-01-07T04:00:00Z,17833.0,17833.0,False,False,False,
2023-01-07T05:00:00Z,17277.0,17277.0,False,False,False,
2023-01-07T06:00:00Z,16707.0,16707.0,False,False,False,
2023-01-07T07:00:00Z,16136.0,16136.0,False,False,False,
2023-01-07T08:00:00Z,15871.0,15871.0,False,False,False,
2023-01-07T09:00:00Z,15774.0,15774.0,False,False,False,
2023-01-07T10:00:00Z,15722.0,15722.0,False,False,False,
2023-01-07T11:00:00Z,15877.0,15877.0,False,False,False,
2023-01-07T12:00:00Z,16113.0,16113.0,False,False,False,
2023-01-07T13:00:00Z,16559.0,16559.0,False,False,False,
2023-01-07T14:00:00Z,16991.0,16991.0,False,False,False,
2023-01-07T15:00:00Z,17328.0,17328.0,False,False,False,
2023-01-07T16:00:00Z,17278.0,17278.0,False,False,False,
2023-01-07T17:00:00Z,17194.0,17194.0,False,False,False,
2023-01-07T18:00:00Z,17015.0,17015.0,False,False,False,
2023-01-07T19:00:00Z,16910.0,16910.0,False,False,False,
2023-01-07T20:00:00Z,16942.0,16942.0,False,False,False,
2023-01-07T21:00:00Z,16954.0,16954.0,False,False,False,
2023-01-07T22:00:00Z,17051.0,17051.0,False,False,False,
2023-01-07T23:00:00Z,17068.0,17068.0,False,False,False,
2023-01-08T00:00:00Z,17440.0,17440.0,False,False,False,
2023-01-08T01:00:00Z,17745.0,17745.0,False,False,False,
2023-01-08T02:00:00Z,17500.0,17500.0,False,False,False,
2023-01-08T03:00:00Z,17030.0,17030.0,False,False,False,
2023-01-08T04:00:00Z,16666.0,16666.0,False,False,False,
2023-01-08T05:00:00Z,16177.0,16177.0,False,False,False,
2023-01-08T06:00:00Z,15725.0,15725.0,False,False,False,
2023-01-08T07:00:00Z,15220.0,15220.0,False,False,False,
2023-01-08T08:00:00Z,14966.0,14966.0,False,False,False,
2023-01-08T09:00:00Z,14769.0,14769.0,False,False,False,
2023-01-08T10:00:00Z,14634.0,14634.0,False,False,False,
2023-01-08T11:00:00Z,14615.0,14615.0,False,False,False,
2023-01-08T12:00:00Z,14844.0,14844.0,False,False,False,
2023-01-08T13:00:00Z,15225.0,15225.0,False,False,False,
2023-01-08T14:00:00Z,15741.0,15741.0,False,False,False,
2023-01-08T15:00:00Z,16252.0,16252.0,False,False,False,
2023-01-08T16:00:00Z,16669.0,16669.0,False,False,False,
2023-01-08T17:00:00Z,16742.0,16742.0,False,False,False,
2023-01-08T18:00:00Z,16746.0,16746.0,False,False,False,
2023-01-08T19:00:00Z,16921.0,16921.0,False,False,False,
2023-01-08T20:00:00Z,16966.0,16966.0,False,False,False,
2023-01-08T21:00:00Z,16626.0,16626.0,False,False,False,
2023-01-08T22:00:00Z,16587.0,16587.0,False,False,False,
2023-01-08T23:00:00Z,16958.0,16958.0,False,False,False,
2023-01-09T00:00:00Z,17817.0,17817.0,False,False,False,
2023-01-09T01:00:00Z,18452.0,18452.0,False,False,False,
2023-01-09T02:00:00Z,18439.0,18439.0,False,False,False,
2023-01-09T03:00:00Z,18254.0,18254.0,False,False,False,
2023-01-09T04:00:00Z,17772.0,17772.0,False,False,False,
2023-01-09T05:00:00Z,17279.0,17279.0,False,False,False,
2023-01-09T06:00:00Z,16638.0,16638.0,False,False,False,
2023-01-09T07:00:00Z,16310.0,16310.0,False,False,False,
2023-01-09T08:00:00Z,16006.0,16006.0,False,False,False,
2023-01-09T09:00:00Z,16027.0,16027.0,False,False,False,
2023-01-09T10:00:00Z,16333.0,16333.0,False,False,False,
2023-01-09T11:00:00Z,16852.0,16852.0,False,False,False,
2023-01-09T12:00:00Z,17996.0,17996.0,False,False,False,
2023-01-09T13:00:00Z,19598.0,19598.0,False,False,False,
2023-01-09T14:00:00Z,20267.0,20267.0,False,False,False,
2023-01-09T15:00:00Z,20093.0,20093.0,False,False,False,
2023-01-09T16:00:00Z,19440.0,19440.0,False,False,False,
2023-01-09T17:00:00Z,18826.0,18826.0,False,False,False,
2023-01-09T18:00:00Z,18147.0,18147.0,False,False,False,
2023-01-09T19:00:00Z,17916.0,17916.0,False,False,False,
2023-01-09T20:00:00Z,17696.0,17696.0,False,False,False,
2023-01-09T21:00:00Z,17406.0,17406.0,False,False,False,
2023-01-09T22:00:00Z,17241.0,17241.0,False,False,False,
2023-01-09T23:00:00Z,17484.0,17484.0,False,False,False,
2023-01-10T00:00:00Z,18410.0,18410.0,False,False,False,
2023-01-10T01:00:00Z,19328.0,19328.0,False,False,False,
2023-01-10T02:00:00Z,19484.0,19484.0,False,False,False,
2023-01-10T03:00:00Z,19393.0,19393.0,False,False,False,
2023-01-10T04:00:00Z,18900.0,18900.0,False,False,False,
2023-01-10T05:00:00Z,18167.0,18167.0,False,False,False,
2023-01-10T06:00:00Z,17390.0,17390.0,False,False,False,
2023-01-10T07:00:00Z,17099.0,17099.0,False,False,False,
2023-01-10T08:00:00Z,16966.0,16966.0,False,False,False,
2023-01-10T09:00:00Z,16973.0,16973.0,False,False,False,
2023-01-10T10:00:00Z,17026.0,17026.0,False,False,False,
2023-01-10T11:00:00Z,17337.0,17337.0,False,False,False,
2023-01-10T12:00:00Z,18282.0,18282.0,False,False,False,
2023-01-10T13:00:00Z,19730.0,19730.0,False,False,False,
2023-01-10T14:00:00Z,20167.0,20167.0,False,False,False,
2023-01-10T15:00:00Z,19611.0,19611.0,False,False,False,
2023-01-10T16:00:00Z,18814.0,18814.0,False,False,False,
2023-01-10T17:00:00Z,18252.0,18252.0,False,False,False,
2023-01-10T18:00:00Z,17729.0,17729.0,False,False,False,
2023-01-10T19:00:00Z,17415.0,17415.0,False,False,False,
2023-01-10T20:00:00Z,17317.0,17317.0,False,False,False,
2023-01-10T21:00:00Z,17158.0,17158.0,False,False,False,
2023-01-10T22:00:00Z,17253.0,17253.0,False,False,False,
2023-01-10T23:00:00Z,17384.0,17384.0,False,False,False,
2023-01-11T00:00:00Z,17867.0,17867.0,False,False,False,
2023-01-11T01:00:00Z,18532.0,18532.0,False,False,False,
2023-01-11T02:00:00Z,18512.0,18512.0,False,False,False,
2023-01-11T03:00:00Z,18027.0,18027.0,False,False,False,
2023-01-11T04:00:00Z,17419.0,17419.0,False,False,False,
2023-01-11T05:00:00Z,16596.0,16596.0,False,False,False,
2023-01-11T06:00:00Z,15756.0,15756.0,False,False,False,
2023-01-11T07:00:00Z,15219.0,15219.0,False,False,False,
2023-01-11T08:00:00Z,14880.0,14880.0,False,False,False,
2023-01-11T09:00:00Z,14783.0,14783.0,False,False,False,
2023-01-11T10:00:00Z,14803.0,14803.0,False,False,False,
2023-01-11T11:00:00Z,14940.0,14940.0,False,False,False,
2023-01-11T12:00:00Z,15492.0,15492.0,False,False,False,
2023-01-11T13:00:00Z,16522.0,16522.0,False,False,False,
2023-01-11T14:00:00Z,16928.0,16928.0,False,False,False,
2023-01-11T15:00:00Z,16931.0,16931.0,False,False,False,
2023-01-11T16:00:00Z,17084.0,17084.0,False,False,False,
2023-01-11T17:00:00Z,17214.0,17214.0,False,False,False,
2023-01-11T18:00:00Z,17370.0,17370.0,False,False,False,
2023-01-11T19:00:00Z,17514.0,17514.0,False,False,False,
2023-01-11T20:00:00Z,17815.0,17815.0,False,False,False,
2023-01-11T21:00:00Z,17913.0,17913.0,False,False,False,
2023-01-11T22:00:00Z,17970.0,17970.0,False,False,False,
2023-01-11T23:00:00Z,18061.0,18061.0,False,False,False,
2023-01-12T00:00:00Z,18286.0,18286.0,False,False,False,
2023-01-12T01:00:00Z,18727.0,18727.0,False,False,False,
2023-01-12T02:00:00Z,18584.0,18584.0,False,False,False,
2023-01-12T03:00:00Z,18289.0,18289.0,False,False,False,
2023-01-12T04:00:00Z,17711.0,17711.0,False,False,False,
2023-01-12T05:00:00Z,16846.0,16846.0,False,False,False,
2023-01-12T06:00:00Z,16027.0,16027.0,False,False,False,
2023-01-12T07:00:00Z,15389.0,15389.0,False,False,False,
2023-01-12T08:00:00Z,14955.0,14955.0,False,False,False,
2023-01-12T09:00:00Z,14687.0,14687.0,False,False,False,
2023-01-12T10:00:00Z,14765.0,14765.0,False,False,False,
2023-01-12T11:00:00Z,14778.0,14778.0,False,False,False,
2023-01-12T12:00:00Z,15480.0,15480.0,False,False,False,
2023-01-12T13:00:00Z,16506.0,16506.0,False,False,False,
2023-01-12T14:00:00Z,16972.0,16972.0,False,False,False,
2023-01-12T15:00:00Z,17159.0,17159.0,False,False,False,
2023-01-12T16:00:00Z,17340.0,17340.0,False,False,False,
2023-01-12T17:00:00Z,17654.0,17654.0,False,False,False,
2023-01-12T18:00:00Z,17771.0,17771.0,False,False,False,
2023-01-12T19:00:00Z,17932.0,17932.0,False,False,False,
2023-01-12T20:00:00Z,18153.0,18153.0,False,False,False,
2023-01-12T21:00:00Z,18085.0,18085.0,False,False,False,
2023-01-12T22:00:00Z,18079.0,18079.0,False,False,False,
2023-01-12T23:00:00Z,18203.0,18203.0,False,False,False,
2023-01-13T00:00:00Z,18690.0,18690.0,False,False,False,
2023-01-13T01:00:00Z,19300.0,19300.0,False,False,False,
2023-01-13T02:00:00Z,19215.0,19215.0,False,False,False,
2023-01-13T03:00:00Z,19295.0,19295.0,False,False,False,
2023-01-13T04:00:00Z,18899.0,18899.0,False,False,False,
2023-01-13T05:00:00Z,18213.0,18213.0,False,False,False,
2023-01-13T06:00:00Z,17452.0,17452.0,False,False,False,
2023-01-13T07:00:00Z,17124.0,17124.0,False,False,False,
2023-01-13T08:00:00Z,17072.0,17072.0,False,False,False,
2023-01-13T09:00:00Z,17117.0,17117.0,False,False,False,
2023-01-13T10:00:00Z,17356.0,17356.0,False,False,False,
2023-01-13T11:00:00Z,17683.0,17683.0,False,False,False,
2023-01-13T12:00:00Z,18965.0,18965.0,False,False,False,
2023-01-13T13:00:00Z,20721.0,20721.0,False,False,False,
2023-01-13T14:00:00Z,21606.0,21606.0,False,False,False,
2023-01-13T15:00:00Z,21809.0,21809.0,False,False,False,
2023-01-13T16:00:00Z,21542.0,21542.0,False,False,False,
2023-01-13T17:00:00Z,21157.0,21157.0,False,False,False,
2023-01-13T18:00:00Z,20336.0,20336.0,False,False,False,
2023-01-13T19:00:00Z,19696.0,19696.0,False,False,False,
2023-01-13T20:00:00Z,19239.0,19239.0,False,False,False,
2023-01-13T21:00:00Z,18824.0,18824.0,False,False,False,
2023-01-13T22:00:00Z,18733.0,18733.0,False,False,False,
2023-01-13T23:00:00Z,19101.0,19101.0,False,False,False,
2023-01-14T00:00:00Z,20065.0,20065.0,False,False,False,
2023-01-14T01:00:00Z,21147.0,21147.0,False,False,False,
2023-01-14T02:00:00Z,21333.0,21333.0,False,False,False,
2023-01-14T03:00:00Z,21547.0,21547.0,False,False,False,
2023-01-14T04:00:00Z,21367.0,21367.0,False,False,False,
2023-01-14T05:00:00Z,20952.0,20952.0,False,False,False,
2023-01-14T06:00:00Z,20695.0,20695.0,False,False,False,
2023-01-14T07:00:00Z,20497.0,20497.0,False,False,False,
2023-01-14T08:00:00Z,20503.0,20503.0,False,False,False,
2023-01-14T09:00:00Z,20624.0,20624.0,False,False,False,
2023-01-14T10:00:00Z,20800.0,20800.0,False,False,False,
2023-01-14T11:00:00Z,21212.0,21212.0,False,False,False,
2023-01-14T12:00:00Z,21916.0,21916.0,False,False,False,
2023-01-14T13:00:00Z,22731.0,22731.0,False,False,False,
2023-01-14T14:00:00Z,23351.0,23351.0,False,False,False,
2023-01-14T15:00:00Z,23311.0,23311.0,False,False,False,
2023-01-14T16:00:00Z,22681.0,22681.0,False,False,False,
2023-01-14T17:00:00Z,21558.0,21558.0,False,False,False,
2023-01-14T18:00:00Z,20509.0,20509.0,False,False,False,
2023-01-14T19:00:00Z,19430.0,19430.0,False,False,False,
2023-01-14T20:00:00Z,18646.0,18646.0,False,False,False,
2023-01-14T21:00:00Z,17943.0,17943.0,False,False,False,
2023-01-14T22:00:00Z,17910.0,17910.0,False,False,False,
2023-01-14T23:00:00Z,18185.0,18185.0,False,False,False,
2023-01-15T00:00:00Z,19042.0,19042.0,False,False,False,
2023-01-15T01:00:00Z,20078.0,20078.0,False,False,False,
2023-01-15T02:00:00Z,20405.0,20405.0,False,False,False,
2023-01-15T03:00:00Z,20688.0,20688.0,False,False,False,
2023-01-15T04:00:00Z,20712.0,20712.0,False,False,False,
2023-01-15T05:00:00Z,20494.0,20494.0,False,False,False,
2023-01-15T06:00:00Z,20158.0,20158.0,False,False,False,
2023-01-15T07:00:00Z,19845.0,19845.0,False,False,False,
2023-01-15T08:00:00Z,19812.0,19812.0,False,False,False,
2023-01-15T09:00:00Z,19910.0,19910.0,False,False,False,
2023-01-15T10:00:00Z,20038.0,20038.0,False,False,False,
2023-01-15T11:00:00Z,20285.0,20285.0,False,False,False,
2023-01-15T12:00:00Z,20804.0,20804.0,False,False,False,
2023-01-15T13:00:00Z,21338.0,21338.0,False,False,False,
2023-01-15T14:00:00Z,21881.0,21881.0,False,False,False,
2023-01-15T15:00:00Z,21857.0,21857.0,False,False,False,
2023-01-15T16:00:00Z,20983.0,20983.0,False,False,False,
2023-01-15T17:00:00Z,19824.0,19824.0,False,False,False,
2023-01-15T18:00:00Z,18814.0,18814.0,False,False,False,
2023-01-15T19:00:00Z,18055.0,18055.0,False,False,False,
2023-01-15T20:00:00Z,17533.0,17533.0,False,False,False,
2023-01-15T21:00:00Z,17220.0,17220.0,False,False,False,
2023-01-15T22:00:00Z,17132.0,17132.0,False,False,False,
2023-01-15T23:00:00Z,17359.0,17359.0,False,False,False,
2023-01-16T00:00:00Z,17946.0,17946.0,False,False,False,
2023-01-16T01:00:00Z,18611.0,18611.0,False,False,False,
2023-01-16T02:00:00Z,18609.0,18609.0,False,False,False,
2023-01-16T03:00:00Z,18475.0,18475.0,False,False,False,
2023-01-16T04:00:00Z,17999.0,17999.0,False,False,False,
2023-01-16T05:00:00Z,17351.0,17351.0,False,False,False,
2023-01-16T06:00:00Z,16717.0,16717.0,False,False,False,
2023-01-16T07:00:00Z,16195.0,16195.0,False,False,False,
2023-01-16T08:00:00Z,15854.0,15854.0,False,False,False,
2023-01-16T09:00:00Z,15611.0,15611.0,False,False,False,
2023-01-16T10:00:00Z,15484.0,15484.0,False,False,False,
2023-01-16T11:00:00Z,15647.0,15647.0,False,False,False,
2023-01-16T12:00:00Z,16113.0,16113.0,False,False,False,
2023-01-16T13:00:00Z,16837.0,16837.0,False,False,False,
2023-01-16T14:00:00Z,17286.0,17286.0,False,False,False,
2023-01-16T15:00:00Z,17595.0,17595.0,False,False,False,
2023-01-16T16:00:00Z,17764.0,17764.0,False,False,False,
2023-01-16T17:00:00Z,18042.0,18042.0,False,False,False,
2023-01-16T18:00:00Z,17946.0,17946.0,False,False,False,
2023-01-16T19:00:00Z,17826.0,17826.0,False,False,False,
2023-01-16T20:00:00Z,17580.0,17580.0,False,False,False,
2023-01-16T21:00:00Z,17475.0,17475.0,False,False,False,
2023-01-16T22:00:00Z,17529.0,17529.0,False,False,False,
2023-01-16T23:00:00Z,17637.0,17637.0,False,False,False,
2023-01-17T00:00:00Z,18145.0,18145.0,False,False,False,
2023-01-17T01:00:00Z,18593.0,18593.0,False,False,False,
2023-01-17T02:00:00Z,18396.0,18396.0,False,False,False,
2023-01-17T03:00:00Z,17934.0,17934.0,False,False,False,
2023-01-17T04:00:00Z,17395.0,17395.0,False,False,False,
2023-01-17T05:00:00Z,16648.0,16648.0,False,False,False,
2023-01-17T06:00:00Z,15824.0,15824.0,False,False,False,
2023-01-17T07:00:00Z,15174.0,15174.0,False,False,False,
2023-01-17T08:00:00Z,14739.0,14739.0,False,False,False,
2023-01-17T09:00:00Z,14600.0,14600.0,False,False,False,
2023-01-17T10:00:00Z,14635.0,14635.0,False,False,False,
2023-01-17T11:00:00Z,14824.0,14824.0,False,False,False,
2023-01-17T12:00:00Z,15436.0,15436.0,False,False,False,
2023-01-17T13:00:00Z,16441.0,16441.0,False,False,False,
2023-01-17T14:00:00Z,16867.0,16867.0,False,False,False,
2023-01-17T15:00:00Z,16968.0,16968.0,False,False,False,
2023-01-17T16:00:00Z,17041.0,17041.0,False,False,False,
2023-01-17T17:00:00Z,17200.0,17200.0,False,False,False,
2023-01-17T18:00:00Z,17417.0,17417.0,False,False,False,
2023-01-17T19:00:00Z,17450.0,17450.0,False,False,False,
2023-01-17T20:00:00Z,17690.0,17690.0,False,False,False,
2023-01-17T21:00:00Z,17958.0,17958.0,False,False,False,
2023-01-17T22:00:00Z,17976.0,17976.0,False,False,False,
2023-01-17T23:00:00Z,18016.0,18016.0,False,False,False,
2023-01-18T00:00:00Z,18286.0,18286.0,False,False,False,
2023-01-18T01:00:00Z,18833.0,18833.0,False,False,False,
2023-01-18T02:00:00Z,18823.0,18823.0,False,False,False,
2023-01-18T03:00:00Z,18350.0,18350.0,False,False,False,
2023-01-18T04:00:00Z,17791.0,17791.0,False,False,False,
2023-01-18T05:00:00Z,17052.0,17052.0,False,False,False,
2023-01-18T06:00:00Z,16173.0,16173.0,False,False,False,
2023-01-18T07:00:00Z,15457.0,15457.0,False,False,False,
2023-01-18T08:00:00Z,15116.0,15116.0,False,False,False,
2023-01-18T09:00:00Z,14866.0,14866.0,False,False,False,
2023-01-18T10:00:00Z,14769.0,14769.0,False,False,False,
2023-01-18T11:00:00Z,14881.0,14881.0,False,False,False,
2023-01-18T12:00:00Z,15492.0,15492.0,False,False,False,
2023-01-18T13:00:00Z,16693.0,16693.0,False,False,False,
2023-01-18T14:00:00Z,17053.0,17053.0,False,False,False,
2023-01-18T15:00:00Z,17019.0,17019.0,False,False,False,
2023-01-18T16:00:00Z,17351.0,17351.0,False,False,False,
2023-01-18T17:00:00Z,17643.0,17643.0,False,False,False,
2023-01-18T18:00:00Z,17795.0,17795.0,False,False,False,
2023-01-18T19:00:00Z,17971.0,17971.0,False,False,False,
2023-01-18T20:00:00Z,18134.0,18134.0,False,False,False,
2023-01-18T21:00:00Z,18093.0,18093.0,False,False,False,
2023-01-18T22:00:00Z,18052.0,18052.0,False,False,False,
2023-01-18T23:00:00Z,18167.0,18167.0,False,False,False,
2023-01-19T00:00:00Z,18384.0,18384.0,False,False,False,
2023-01-19T01:00:00Z,18836.0,18836.0,False,False,False,
2023-01-19T02:00:00Z,18837.0,18837.0,False,False,False,
2023-01-19T03:00:00Z,18441.0,18441.0,False,False,False,
2023-01-19T04:00:00Z,17923.0,17923.0,False,False,False,
2023-01-19T05:00:00Z,17086.0,17086.0,False,False,False,
2023-01-19T06:00:00Z,16212.0,16212.0,False,False,False,
2023-01-19T07:00:00Z,15634.0,15634.0,False,False,False,
2023-01-19T08:00:00Z,15208.0,15208.0,False,False,False,
2023-01-19T09:00:00Z,14963.0,14963.0,False,False,False,
2023-01-19T10:00:00Z,14852.0,14852.0,False,False,False,
2023-01-19T11:00:00Z,15078.0,15078.0,False,False,False,
2023-01-19T12:00:00Z,15874.0,15874.0,False,False,False,
2023-01-19T13:00:00Z,17126.0,17126.0,False,False,False,
2023-01-19T14:00:00Z,17790.0,17790.0,False,False,False,
2023-01-19T15:00:00Z,17665.0,17665.0,False,False,False,
2023-01-19T16:00:00Z,17568.0,17568.0,False,False,False,
2023-01-19T17:00:00Z,17454.0,17454.0,False,False,False,
2023-01-19T18:00:00Z,17210.0,17210.0,False,False,False,
2023-01-19T19:00:00Z,17049.0,17049.0,False,False,False,
2023-01-19T20:00:00Z,17051.0,17051.0,False,False,False,
2023-01-19T21:00:00Z,16991.0,16991.0,False,False,False,
2023-01-19T22:00:00Z,17088.0,17088.0,False,False,False,
2023-01-19T23:00:00Z,17252.0,17252.0,False,False,False,
2023-01-20T00:00:00Z,17744.0,17744.0,False,False,False,
2023-01-20T01:00:00Z,18641.0,18641.0,False,False,False,
2023-01-20T02:00:00Z,18674.0,18674.0,False,False,False,
2023-01-20T03:00:00Z,18783.0,18783.0,False,False,False,
2023-01-20T04:00:00Z,18281.0,18281.0,False,False,False,
2023-01-20T05:00:00Z,17552.0,17552.0,False,False,False,
2023-01-20T06:00:00Z,16951.0,16951.0,False,False,False,
2023-01-20T07:00:00Z,16690.0,16690.0,False,False,False,
2023-01-20T08:00:00Z,16343.0,16343.0,False,False,False,
2023-01-20T09:00:00Z,16416.0,16416.0,False,False,False,
2023-01-20T10:00:00Z,16603.0,16603.0,False,False,False,
2023-01-20T11:00:00Z,17018.0,17018.0,False,False,False,
2023-01-20T12:00:00Z,18106.0,18106.0,False,False,False,
2023-01-20T13:00:00Z,19678.0,19678.0,False,False,False,
2023-01-20T14:00:00Z,20308.0,20308.0,False,False,False,
2023-01-20T15:00:00Z,20157.0,20157.0,False,False,False,
2023-01-20T16:00:00Z,19582.0,19582.0,False,False,False,
2023-01-20T17:00:00Z,19174.0,19174.0,False,False,False,
2023-01-20T18:00:00Z,18739.0,18739.0,False,False,False,
2023-01-20T19:00:00Z,18294.0,18294.0,False,False,False,
2023-01-20T20:00:00Z,18136.0,18136.0,False,False,False,
2023-01-20T21:00:00Z,18025.0,18025.0,False,False,False,
2023-01-20T22:00:00Z,18051.0,18051.0,False,False,False,
2023-01-20T23:00:00Z,18393.0,18393.0,False,False,False,
2023-01-21T00:00:00Z,19052.0,19052.0,False,False,False,
2023-01-21T01:00:00Z,19692.0,19692.0,False,False,False,
2023-01-21T02:00:00Z,19529.0,19529.0,False,False,False,
2023-01-21T03:00:00Z,19348.0,19348.0,False,False,False,
2023-01-21T04:00:00Z,18926.0,18926.0,False,False,False,
2023-01-21T05:00:00Z,18413.0,18413.0,False,False,False,
2023-01-21T06:00:00Z,17840.0,17840.0,False,False,False,
2023-01-21T07:00:00Z,17445.0,17445.0,False,False,False,
2023-01-21T08:00:00Z,17154.0,17154.0,False,False,False,
2023-01-21T09:00:00Z,17161.0,17161.0,False,False,False,
2023-01-21T10:00:00Z,17150.0,17150.0,False,False,False,
2023-01-21T11:00:00Z,17221.0,17221.0,False,False,False,
2023-01-21T12:00:00Z,17488.0,17488.0,False,False,False,
2023-01-21T13:00:00Z,17988.0,17988.0,False,False,False,
2023-01-21T14:00:00Z,18600.0,18600.0,False,False,False,
2023-01-21T15:00:00Z,19122.0,19122.0,False,False,False,
2023-01-21T16:00:00Z,19321.0,19321.0,False,False,False,
2023-01-21T17:00:00Z,19299.0,19299.0,False,False,False,
2023-01-21T18:00:00Z,19171.0,19171.0,False,False,False,
2023-01-21T19:00:00Z,18867.0,18867.0,False,False,False,
2023-01-21T20:00:00Z,18625.0,18625.0,False,False,False,
2023-01-21T21:00:00Z,18458.0,18458.0,False,False,False,
2023-01-21T22:00:00Z,18456.0,18456.0,False,False,False,
2023-01-21T23:00:00Z,18740.0,18740.0,False,False,False,
2023-01-22T00:00:00Z,19271.0,19271.0,False,False,False,
2023-01-22T01:00:00Z,19491.0,19491.0,False,False,False,
2023-01-22T02:00:00Z,19335.0,19335.0,False,False,False,
2023-01-22T03:00:00Z,19011.0,19011.0,False,False,False,
2023-01-22T04:00:00Z,18442.0,18442.0,False,False,False,
2023-01-22T05:00:00Z,17781.0,17781.0,False,False,False,
2023-01-22T06:00:00Z,17207.0,17207.0,False,False,False,
2023-01-22T07:00:00Z,16795.0,16795.0,False,False,False,
2023-01-22T08:00:00Z,16471.0,16471.0,False,False,False,
2023-01-22T09:00:00Z,16263.0,16263.0,False,False,False,
2023-01-22T10:00:00Z,16165.0,16165.0,False,False,False,
2023-01-22T11:00:00Z,16232.0,16232.0,False,False,False,
2023-01-22T12:00:00Z,16513.0,16513.0,False,False,False,
2023-01-22T13:00:00Z,17089.0,17089.0,False,False,False,
2023-01-22T14:00:00Z,17653.0,17653.0,False,False,False,
2023-01-22T15:00:00Z,18303.0,18303.0,False,False,False,
2023-01-22T16:00:00Z,18614.0,18614.0,False,False,False,
2023-01-22T17:00:00Z,18761.0,18761.0,False,False,False,
2023-01-22T18:00:00Z,18427.0,18427.0,False,False,False,
2023-01-22T19:00:00Z,18208.0,18208.0,False,False,False,
2023-01-22T20:00:00Z,17989.0,17989.0,False,False,False,
2023-01-22T21:00:00Z,17771.0,17771.0,False,False,False,
2023-01-22T22:00:00Z,17628.0,17628.0,False,False,False,
2023-01-22T23:00:00Z,17842.0,17842.0,False,False,False,
2023-01-23T00:00:00Z,18582.0,18582.0,False,False,False,
2023-01-23T01:00:00Z,19575.0,19575.0,False,False,False,
2023-01-23T02:00:00Z,19929.0,19929.0,False,False,False,
2023-01-23T03:00:00Z,19823.0,19823.0,False,False,False,
2023-01-23T04:00:00Z,19566.0,19566.0,False,False,False,
2023-01-23T05:00:00Z,18923.0,18923.0,False,False,False,
2023-01-23T06:00:00Z,18442.0,18442.0,False,False,False,
2023-01-23T07:00:00Z,18209.0,18209.0,False,False,False,
2023-01-23T08:00:00Z,18159.0,18159.0,False,False,False,
2023-01-23T09:00:00Z,18328.0,18328.0,False,False,False,
2023-01-23T10:00:00Z,18550.0,18550.0,False,False,False,
2023-01-23T11:00:00Z,19170.0,19170.0,False,False,False,
2023-01-23T12:00:00Z,20528.0,20528.0,False,False,False,
2023-01-23T13:00:00Z,22335.0,22335.0,False,False,False,
2023-01-23T14:00:00Z,23053.0,23053.0,False,False,False,
2023-01-23T15:00:00Z,22510.0,22510.0,False,False,False,
2023-01-23T16:00:00Z,21364.0,21364.0,False,False,False,
2023-01-23T17:00:00Z,20431.0,20431.0,False,False,False,
2023-01-23T18:00:00Z,19562.0,19562.0,False,False,False,
2023-01-23T19:00:00Z,18762.0,18762.0,False,False,False,
2023-01-23T20:00:00Z,18223.0,18223.0,False,False,False,
2023-01-23T21:00:00Z,17788.0,17788.0,False,False,False,
2023-01-23T22:00:00Z,17605.0,17605.0,False,False,False,
2023-01-23T23:00:00Z,17909.0,17909.0,False,False,False,
2023-01-24T00:00:00Z,18898.0,18898.0,False,False,False,
2023-01-24T01:00:00Z,20259.0,20259.0,False,False,False,
2023-01-24T02:00:00Z,20638.0,20638.0,False,False,False,
2023-01-24T03:00:00Z,20772.0,20772.0,False,False,False,
2023-01-24T04:00:00Z,20369.0,20369.0,False,False,False,
2023-01-24T05:00:00Z,19744.0,19744.0,False,False,False,
2023-01-24T06:00:00Z,19076.0,19076.0,False,False,False,
2023-01-24T07:00:00Z,18816.0,18816.0,False,False,False,
2023-01-24T08:00:00Z,18639.0,18639.0,False,False,False,
2023-01-24T09:00:00Z,18657.0,18657.0,False,False,False,
2023-01-24T10:00:00Z,18703.0,18703.0,False,False,False,
2023-01-24T11:00:00Z,19039.0,19039.0,False,False,False,
2023-01-24T12:00:00Z,19958.0,19958.0,False,False,False,
2023-01-24T13:00:00Z,21438.0,21438.0,False,False,False,
2023-01-24T14:00:00Z,21808.0,21808.0,False,False,False,
2023-01-24T15:00:00Z,21444.0,21444.0,False,False,False,
2023-01-24T16:00:00Z,21272.0,21272.0,False,False,False,
2023-01-24T17:00:00Z,21326.0,21326.0,False,False,False,
2023-01-24T18:00:00Z,20853.0,20853.0,False,False,False,
2023-01-24T19:00:00Z,20757.0,20757.0,False,False,False,
2023-01-24T20:00:00Z,20809.0,20809.0,False,False,False,
2023-01-24T21:00:00Z,20707.0,20707.0,False,False,False,
2023-01-24T22:00:00Z,20789.0,20789.0,False,False,False,
2023-01-24T23:00:00Z,20961.0,20961.0,False,False,False,
2023-01-25T00:00:00Z,21255.0,21255.0,False,False,False,
2023-01-25T01:00:00Z,21270.0,21270.0,False,False,False,
2023-01-25T02:00:00Z,20850.0,20850.0,False,False,False,
2023-01-25T03:00:00Z,20155.0,20155.0,False,False,False,
2023-01-25T04:00:00Z,19352.0,19352.0,False,False,False,
2023-01-25T05:00:00Z,18449.0,18449.0,False,False,False,
2023-01-25T06:00:00Z,17800.0,17800.0,False,False,False,
2023-01-25T07:00:00Z,17251.0,17251.0,False,False,False,
2023-01-25T08:00:00Z,17032.0,17032.0,False,False,False,
2023-01-25T09:00:00Z,17081.0,17081.0,False,False,False,
2023-01-25T10:00:00Z,17225.0,17225.0,False,False,False,
2023-01-25T11:00:00Z,17541.0,17541.0,False,False,False,
2023-01-25T12:00:00Z,18574.0,18574.0,False,False,False,
2023-01-25T13:00:00Z,19931.0,19931.0,False,False,False,
2023-01-25T14:00:00Z,20590.0,20590.0,False,False,False,
2023-01-25T15:00:00Z,20649.0,20649.0,False,False,False,
2023-01-25T16:00:00Z,20738.0,20738.0,False,False,False,
2023-01-25T17:00:00Z,20801.0,20801.0,False,False,False,
2023-01-25T18:00:00Z,20535.0,20535.0,False,False,False,
2023-01-25T19:00:00Z,20289.0,20289.0,False,False,False,
2023-01-25T20:00:00Z,20191.0,20191.0,False,False,False,
2023-01-25T21:00:00Z,19871.0,19871.0,False,False,False,
2023-01-25T22:00:00Z,19856.0,19856.0,False,False,False,
2023-01-25T23:00:00Z,20397.0,20397.0,False,False,False,
2023-01-26T00:00:00Z,21267.0,21267.0,False,False,False,
2023-01-26T01:00:00Z,22340.0,22340.0,False,False,False,
2023-01-26T02:00:00Z,22465.0,22465.0,False,False,False,
2023-01-26T03:00:00Z,22192.0,22192.0,False,False,False,
2023-01-26T04:00:00Z,21533.0,21533.0,False,False,False,
2023-01-26T05:00:00Z,20654.0,20654.0,False,False,False,
2023-01-26T06:00:00Z,20007.0,20007.0,False,False,False,
2023-01-26T07:00:00Z,19599.0,19599.0,False,False,False,
2023-01-26T08:00:00Z,19517.0,19517.0,False,False,False,
2023-01-26T09:00:00Z,19541.0,19541.0,False,False,False,
2023-01-26T10:00:00Z,19905.0,19905.0,False,False,False,
2023-01-26T11:00:00Z,20360.0,20360.0,False,False,False,
2023-01-26T12:00:00Z,21631.0,21631.0,False,False,False,
2023-01-26T13:00:00Z,23380.0,23380.0,False,False,False,
2023-01-26T14:00:00Z,23827.0,23827.0,False,False,False,
2023-01-26T15:00:00Z,23140.0,23140.0,False,False,False,
2023-01-26T16:00:00Z,22300.0,22300.0,False,False,False,
2023-01-26T17:00:00Z,21402.0,21402.0,False,False,False,
2023-01-26T18:00:00Z,20430.0,20430.0,False,False,False,
2023-01-26T19:00:00Z,19751.0,19751.0,False,False,False,
2023-01-26T20:00:00Z,19140.0,19140.0,False,False,False,
2023-01-26T21:00:00Z,18722.0,18722.0,False,False,False,
2023-01-26T22:00:00Z,18517.0,18517.0,False,False,False,
2023-01-26T23:00:00Z,18779.0,18779.0,False,False,False,
2023-01-27T00:00:00Z,19822.0,19822.0,False,False,False,
2023-01-27T01:00:00Z,21237.0,21237.0,False,False,False,
2023-01-27T02:00:00Z,21823.0,21823.0,False,False,False,
2023-01-27T03:00:00Z,22072.0,22072.0,False,False,False,
2023-01-27T04:00:00Z,21762.0,21762.0,False,False,False,
2023-01-27T05:00:00Z,21209.0,21209.0,False,False,False,
2023-01-27T06:00:00Z,20686.0,20686.0,False,False,False,
2023-01-27T07:00:00Z,20495.0,20495.0,False,False,False,
2023-01-27T08:00:00Z,20465.0,20465.0,False,False,False,
2023-01-27T09:00:00Z,20708.0,20708.0,False,False,False,
2023-01-27T10:00:00Z,20923.0,20923.0,False,False,False,
2023-01-27T11:00:00Z,21446.0,21446.0,False,False,False,
2023-01-27T12:00:00Z,22659.0,22659.0,False,False,False,
2023-01-27T13:00:00Z,24316.0,24316.0,False,False,False,
2023-01-27T14:00:00Z,24669.0,24669.0,False,False,False,
2023-01-27T15:00:00Z,23587.0,23587.0,False,False,False,
2023-01-27T16:00:00Z,22275.0,22275.0,False,False,False,
2023-01-27T17:00:00Z,20990.0,20990.0,False,False,False,
2023-01-27T18:00:00Z,19806.0,19806.0,False,False,False,
2023-01-27T19:00:00Z,18931.0,18931.0,False,False,False,
2023-01-27T20:00:00Z,18335.0,18335.0,False,False,False,
2023-01-27T21:00:00Z,17840.0,17840.0,False,False,False,
2023-01-27T22:00:00Z,17666.0,17666.0,False,False,False,
2023-01-27T23:00:00Z,17882.0,17882.0,False,False,False,
2023-01-28T00:00:00Z,18689.0,18689.0,False,False,False,
2023-01-28T01:00:00Z,19734.0,19734.0,False,False,False,
2023-01-28T02:00:00Z,20071.0,20071.0,False,False,False,
2023-01-28T03:00:00Z,20124.0,20124.0,False,False,False,
2023-01-28T04:00:00Z,19863.0,19863.0,False,False,False,
2023-01-28T05:00:00Z,19382.0,19382.0,False,False,False,
2023-01-28T06:00:00Z,18963.0,18963.0,False,False,False,
2023-01-28T07:00:00Z,18549.0,18549.0,False,False,False,
2023-01-28T08:00:00Z,18328.0,18328.0,False,False,False,
2023-01-28T09:00:00Z,18262.0,18262.0,False,False,False,
2023-01-28T10:00:00Z,18172.0,18172.0,False,False,False,
2023-01-28T11:00:00Z,18287.0,18287.0,False,False,False,
2023-01-28T12:00:00Z,18670.0,18670.0,False,False,False,
2023-01-28T13:00:00Z,19211.0,19211.0,False,False,False,
2023-01-28T14:00:00Z,19724.0,19724.0,False,False,False,
2023-01-28T15:00:00Z,19775.0,19775.0,False,False,False,
2023-01-28T16:00:00Z,19495.0,19495.0,False,False,False,
2023-01-28T17:00:00Z,18956.0,18956.0,False,False,False,
2023-01-28T18:00:00Z,18406.0,18406.0,False,False,False,
2023-01-28T19:00:00Z,17908.0,17908.0,False,False,False,
2023-01-28T20:00:00Z,17611.0,17611.0,False,False,False,
2023-01-28T21:00:00Z,17379.0,17379.0,False,False,False,
2023-01-28T22:00:00Z,17256.0,17256.0,False,False,False,
2023-01-28T23:00:00Z,17312.0,17312.0,False,False,False,
2023-01-29T00:00:00Z,17648.0,17648.0,False,False,False,
2023-01-29T01:00:00Z,18037.0,18037.0,False,False,False,
2023-01-29T02:00:00Z,17881.0,17881.0,False,False,False,
2023-01-29T03:00:00Z,17576.0,17576.0,False,False,False,
2023-01-29T04:00:00Z,17177.0,17177.0,False,False,False,
2023-01-29T05:00:00Z,16738.0,16738.0,False,False,False,
2023-01-29T06:00:00Z,16198.0,16198.0,False,False,False,
2023-01-29T07:00:00Z,15579.0,15579.0,False,False,False,
2023-01-29T08:00:00Z,15270.0,15270.0,False,False,False,
2023-01-29T09:00:00Z,15044.0,15044.0,False,False,False,
2023-01-29T10:00:00Z,14978.0,14978.0,False,False,False,
2023-01-29T11:00:00Z,14902.0,14902.0,False,False,False,
2023-01-29T12:00:00Z,15085.0,15085.0,False,False,False,
2023-01-29T13:00:00Z,15462.0,15462.0,False,False,False,
2023-01-29T14:00:00Z,15900.0,15900.0,False,False,False,
2023-01-29T15:00:00Z,16624.0,16624.0,False,False,False,
2023-01-29T16:00:00Z,16963.0,16963.0,False,False,False,
2023-01-29T17:00:00Z,17194.0,17194.0,False,False,False,
2023-01-29T18:00:00Z,17182.0,17182.0,False,False,False,
2023-01-29T19:00:00Z,17414.0,17414.0,False,False,False,
2023-01-29T20:00:00Z,17408.0,17408.0,False,False,False,
2023-01-29T21:00:00Z,17450.0,17450.0,False,False,False,
2023-01-29T22:00:00Z,17374.0,17374.0,False,False,False,
2023-01-29T23:00:00Z,17611.0,17611.0,False,False,False,
2023-01-30T00:00:00Z,18147.0,18147.0,False,False,False,
2023-01-30T01:00:00Z,18485.0,18485.0,False,False,False,
2023-01-30T02:00:00Z,18534.0,18534.0,False,False,False,
2023-01-30T03:00:00Z,18167.0,18167.0,False,False,False,
2023-01-30T04:00:00Z,17722.0,17722.0,False,False,False,
2023-01-30T05:00:00Z,16991.0,16991.0,False,False,False,
2023-01-30T06:00:00Z,16223.0,16223.0,False,False,False,
2023-01-30T07:00:00Z,15857.0,15857.0,False,False,False,
2023-01-30T08:00:00Z,15584.0,15584.0,False,False,False,
2023-01-30T09:00:00Z,15640.0,15640.0,False,False,False,
2023-01-30T10:00:00Z,15483.0,15483.0,False,False,False,
2023-01-30T11:00:00Z,15892.0,15892.0,False,False,False,
2023-01-30T12:00:00Z,16921.0,16921.0,False,False,False,
2023-01-30T13:00:00Z,18275.0,18275.0,False,False,False,
2023-01-30T14:00:00Z,18897.0,18897.0,False,False,False,
2023-01-30T15:00:00Z,19076.0,19076.0,False,False,False,
2023-01-30T16:00:00Z,19266.0,19266.0,False,False,False,
2023-01-30T17:00:00Z,19484.0,19484.0,False,False,False,
2023-01-30T18:00:00Z,19674.0,19674.0,False,False,False,
2023-01-30T19:00:00Z,19778.0,19778.0,False,False,False,
2023-01-30T20:00:00Z,19841.0,19841.0,False,False,False,
2023-01-30T21:00:00Z,19943.0,19943.0,False,False,False,
2023-01-30T22:00:00Z,20010.0,20010.0,False,False,False,
2023-01-30T23:00:00Z,20293.0,20293.0,False,False,False,
2023-01-31T00:00:00Z,20745.0,20745.0,False,False,False,
2023-01-31T01:00:00Z,21291.0,21291.0,False,False,False,
2023-01-31T02:00:00Z,21202.0,21202.0,False,False,False,
2023-01-31T03:00:00Z,20819.0,20819.0,False,False,False,
2023-01-31T04:00:00Z,20219.0,20219.0,False,False,False,
2023-01-31T05:00:00Z,19432.0,19432.0,False,False,False,
2023-01-31T06:00:00Z,18600.0,18600.0,False,False,False,
2023-01-31T07:00:00Z,18130.0,18130.0,False,False,False,
2023-01-31T08:00:00Z,17956.0,17956.0,False,False,False,
2023-01-31T09:00:00Z,17923.0,17923.0,False,False,False,
2023-01-31T10:00:00Z,17912.0,17912.0,False,False,False,
2023-01-31T11:00:00Z,18270.0,18270.0,False,False,False,
2023-01-31T12:00:00Z,19005.0,19005.0,False,False,False,
2023-01-31T13:00:00Z,20219.0,20219.0,False,False,False,
2023-01-31T14:00:00Z,20785.0,20785.0,False,False,False,
2023-01-31T15:00:00Z,20986.0,20986.0,False,False,False,
2023-01-31T16:00:00Z,21204.0,21204.0,False,False,False,
2023-01-31T17:00:00Z,21378.0,21378.0,False,False,False,
2023-01-31T18:00:00Z,21400.0,21400.0,False,False,False,
2023-01-31T19:00:00Z,21536.0,21536.0,False,False,False,
2023-01-31T20:00:00Z,21532.0,21532.0,False,False,False,
2023-01-31T21:00:00Z,21654.0,21654.0,False,False,False,
2023-01-31T22:00:00Z,21728.0,21728.0,False,False,False,
2023-01-31T23:00:00Z,21937.0,21937.0,False,False,False,
2023-02-01T00:00:00Z,22507.0,22507.0,False,False,False,
2023-02-01T01:00:00Z,22970.0,22970.0,False,False,False,
2023-02-01T02:00:00Z,22778.0,22778.0,False,False,False,
2023-02-01T03:00:00Z,22359.0,22359.0,False,False,False,
2023-02-01T04:00:00Z,21777.0,21777.0,False,False,False,
2023-02-01T05:00:00Z,20973.0,20973.0,False,False,False,
2023-02-01T06:00:00Z,20266.0,20266.0,False,False,False,
2023-02-01T07:00:00Z,19748.0,19748.0,False,False,False,
2023-02-01T08:00:00Z,19560.0,19560.0,False,False,False,
2023-02-01T09:00:00Z,19387.0,19387.0,False,False,False,
2023-02-01T10:00:00Z,19474.0,19474.0,False,False,False,
2023-02-01T11:00:00Z,19789.0,19789.0,False,False,False,
2023-02-01T12:00:00Z,20700.0,20700.0,False,False,False,
2023-02-01T13:00:00Z,22045.0,22045.0,False,False,False,
2023-02-01T14:00:00Z,22652.0,22652.0,False,False,False,
2023-02-01T15:00:00Z,22841.0,22841.0,False,False,False,
2023-02-01T16:00:00Z,23065.0,23065.0,False,False,False,
2023-02-01T17:00:00Z,23065.0,23065.0,False,False,False,
2023-02-01T18:00:00Z,23032.0,23032.0,False,False,False,
2023-02-01T19:00:00Z,22949.0,22949.0,False,False,False,
2023-02-01T20:00:00Z,22786.0,22786.0,False,False,False,
2023-02-01T21:00:00Z,22574.0,22574.0,False,False,False,
2023-02-01T22:00:00Z,22709.0,22709.0,False,False,False,
2023-02-01T23:00:00Z,22900.0,22900.0,False,False,False,
2023-02-02T00:00:00Z,23377.0,23377.0,False,False,False,
2023-02-02T01:00:00Z,23865.0,23865.0,False,False,False,
2023-02-02T02:00:00Z,23742.0,23742.0,False,False,False,
2023-02-02T03:00:00Z,23273.0,23273.0,False,False,False,
2023-02-02T04:00:00Z,22504.0,22504.0,False,False,False,
2023-02-02T05:00:00Z,21418.0,21418.0,False,False,False,
2023-02-02T06:00:00Z,20647.0,20647.0,False,False,False,
2023-02-02T07:00:00Z,20214.0,20214.0,False,False,False,
2023-02-02T08:00:00Z,19974.0,19974.0,False,False,False,
2023-02-02T09:00:00Z,19883.0,19883.0,False,False,False,
2023-02-02T10:00:00Z,19941.0,19941.0,False,False,False,
2023-02-02T11:00:00Z,20219.0,20219.0,False,False,False,
2023-02-02T12:00:00Z,20900.0,20900.0,False,False,False,
2023-02-02T13:00:00Z,21968.0,21968.0,False,False,False,
2023-02-02T14:00:00Z,22387.0,22387.0,False,False,False,
2023-02-02T15:00:00Z,22524.0,22524.0,False,False,False,
2023-02-02T16:00:00Z,22542.0,22542.0,False,False,False,
2023-02-02T17:00:00Z,22470.0,22470.0,False,False,False,
2023-02-02T18:00:00Z,22375.0,22375.0,False,False,False,
2023-02-02T19:00:00Z,22181.0,22181.0,False,False,False,
2023-02-02T20:00:00Z,22051.0,22051.0,False,False,False,
2023-02-02T21:00:00Z,21981.0,21981.0,False,False,False,
2023-02-02T22:00:00Z,21998.0,21998.0,False,False,False,
2023-02-02T23:00:00Z,22350.0,22350.0,False,False,False,
2023-02-03T00:00:00Z,22994.0,22994.0,False,False,False,
2023-02-03T01:00:00Z,23489.0,23489.0,False,False,False,
2023-02-03T02:00:00Z,23291.0,23291.0,False,False,False,
2023-02-03T03:00:00Z,22924.0,22924.0,False,False,False,
2023-02-03T04:00:00Z,22309.0,22309.0,False,False,False,
2023-02-03T05:00:00Z,21378.0,21378.0,False,False,False,
2023-02-03T06:00:00Z,20693.0,20693.0,False,False,False,
2023-02-03T07:00:00Z,20316.0,20316.0,False,False,False,
2023-02-03T08:00:00Z,20083.0,20083.0,False,False,False,
2023-02-03T09:00:00Z,20047.0,20047.0,False,False,False,
2023-02-03T10:00:00Z,20307.0,20307.0,False,False,False,
2023-02-03T11:00:00Z,20750.0,20750.0,False,False,False,
2023-02-03T12:00:00Z,21855.0,21855.0,False,False,False,
2023-02-03T13:00:00Z,23488.0,23488.0,False,False,False,
2023-02-03T14:00:00Z,23886.0,23886.0,False,False,False,
2023-02-03T15:00:00Z,23437.0,23437.0,False,False,False,
2023-02-03T16:00:00Z,22720.0,22720.0,False,False,False,
2023-02-03T17:00:00Z,21889.0,21889.0,False,False,False,
2023-02-03T18:00:00Z,20834.0,20834.0,False,False,False,
2023-02-03T19:00:00Z,19937.0,19937.0,False,False,False,
2023-02-03T20:00:00Z,19191.0,19191.0,False,False,False,
2023-02-03T21:00:00Z,18628.0,18628.0,False,False,False,
2023-02-03T22:00:00Z,18285.0,18285.0,False,False,False,
2023-02-03T23:00:00Z,18492.0,18492.0,False,False,False,
2023-02-04T00:00:00Z,19266.0,19266.0,False,False,False,
2023-02-04T01:00:00Z,20524.0,20524.0,False,False,False,
2023-02-04T02:00:00Z,21102.0,21102.0,False,False,False,
2023-02-04T03:00:00Z,21316.0,21316.0,False,False,False,
2023-02-04T04:00:00Z,21306.0,21306.0,False,False,False,
2023-02-04T05:00:00Z,21045.0,21045.0,False,False,False,
2023-02-04T06:00:00Z,20677.0,20677.0,False,False,False,
2023-02-04T07:00:00Z,20426.0,20426.0,False,False,False,
2023-02-04T08:00:00Z,20497.0,20497.0,False,False,False,
2023-02-04T09:00:00Z,20729.0,20729.0,False,False,False,
2023-02-04T10:00:00Z,21050.0,21050.0,False,False,False,
2023-02-04T11:00:00Z,21480.0,21480.0,False,False,False,
2023-02-04T12:00:00Z,22097.0,22097.0,False,False,False,
2023-02-04T13:00:00Z,23087.0,23087.0,False,False,False,
2023-02-04T14:00:00Z,23707.0,23707.0,False,False,False,
2023-02-04T15:00:00Z,23547.0,23547.0,False,False,False,
2023-02-04T16:00:00Z,22654.0,22654.0,False,False,False,
2023-02-04T17:00:00Z,21327.0,21327.0,False,False,False,
2023-02-04T18:00:00Z,20056.0,20056.0,False,False,False,
2023-02-04T19:00:00Z,18975.0,18975.0,False,False,False,
2023-02-04T20:00:00Z,18212.0,18212.0,False,False,False,
2023-02-04T21:00:00Z,17569.0,17569.0,False,False,False,
2023-02-04T22:00:00Z,17248.0,17248.0,False,False,False,
2023-02-04T23:00:00Z,17334.0,17334.0,False,False,False,
2023-02-05T00:00:00Z,17964.0,17964.0,False,False,False,
2023-02-05T01:00:00Z,19147.0,19147.0,False,False,False,
2023-02-05T02:00:00Z,19493.0,19493.0,False,False,False,
2023-02-05T03:00:00Z,19673.0,19673.0,False,False,False,
2023-02-05T04:00:00Z,19560.0,19560.0,False,False,False,
2023-02-05T05:00:00Z,19339.0,19339.0,False,False,False,
2023-02-05T06:00:00Z,18977.0,18977.0,False,False,False,
2023-02-05T07:00:00Z,18542.0,18542.0,False,False,False,
2023-02-05T08:00:00Z,18459.0,18459.0,False,False,False,
2023-02-05T09:00:00Z,18417.0,18417.0,False,False,False,
2023-02-05T10:00:00Z,18407.0,18407.0,False,False,False,
2023-02-05T11:00:00Z,18563.0,18563.0,False,False,False,
2023-02-05T12:00:00Z,18895.0,18895.0,False,False,False,
2023-02-05T13:00:00Z,19516.0,19516.0,False,False,False,
2023-02-05T14:00:00Z,20023.0,20023.0,False,False,False,
2023-02-05T15:00:00Z,19985.0,19985.0,False,False,False,
2023-02-05T16:00:00Z,19182.0,19182.0,False,False,False,
2023-02-05T17:00:00Z,18177.0,18177.0,False,False,False,
2023-02-05T18:00:00Z,17310.0,17310.0,False,False,False,
2023-02-05T19:00:00Z,16913.0,16913.0,False,False,False,
2023-02-05T20:00:00Z,16634.0,16634.0,False,False,False,
2023-02-05T21:00:00Z,16480.0,16480.0,False,False,False,
2023-02-05T22:00:00Z,16467.0,16467.0,False,False,False,
2023-02-05T23:00:00Z,16433.0,16433.0,False,False,False,
2023-02-06T00:00:00Z,17100.0,17100.0,False,False,False,
2023-02-06T01:00:00Z,17953.0,17953.0,False,False,False,
2023-02-06T02:00:00Z,18200.0,18200.0,False,False,False,
2023-02-06T03:00:00Z,18166.0,18166.0,False,False,False,
2023-02-06T04:00:00Z,17802.0,17802.0,False,False,False,
2023-02-06T05:00:00Z,17230.0,17230.0,False,False,False,
2023-02-06T06:00:00Z,16743.0,16743.0,False,False,False,
2023-02-06T07:00:00Z,16367.0,16367.0,False,False,False,
2023-02-06T08:00:00Z,16426.0,16426.0,False,False,False,
2023-02-06T09:00:00Z,16526.0,16526.0,False,False,False,
2023-02-06T10:00:00Z,16824.0,16824.0,False,False,False,
2023-02-06T11:00:00Z,17429.0,17429.0,False,False,False,
2023-02-06T12:00:00Z,18624.0,18624.0,False,False,False,
2023-02-06T13:00:00Z,20402.0,20402.0,False,False,False,
2023-02-06T14:00:00Z,20938.0,20938.0,False,False,False,
2023-02-06T15:00:00Z,20175.0,20175.0,False,False,False,
2023-02-06T16:00:00Z,19143.0,19143.0,False,False,False,
2023-02-06T17:00:00Z,18282.0,18282.0,False,False,False,
2023-02-06T18:00:00Z,17804.0,17804.0,False,False,False,
2023-02-06T19:00:00Z,17517.0,17517.0,False,False,False,
2023-02-06T20:00:00Z,17243.0,17243.0,False,False,False,
2023-02-06T21:00:00Z,17082.0,17082.0,False,False,False,
2023-02-06T22:00:00Z,17162.0,17162.0,False,False,False,
2023-02-06T23:00:00Z,17202.0,17202.0,False,False,False,
2023-02-07T00:00:00Z,17490.0,17490.0,False,False,False,
2023-02-07T01:00:00Z,18427.0,18427.0,False,False,False,
2023-02-07T02:00:00Z,18399.0,18399.0,False,False,False,
2023-02-07T03:00:00Z,18079.0,18079.0,False,False,False,
2023-02-07T04:00:00Z,17579.0,17579.0,False,False,False,
2023-02-07T05:00:00Z,16786.0,16786.0,False,False,False,
2023-02-07T06:00:00Z,16351.0,16351.0,False,False,False,
2023-02-07T07:00:00Z,15893.0,15893.0,False,False,False,
2023-02-07T08:00:00Z,15593.0,15593.0,False,False,False,
2023-02-07T09:00:00Z,15596.0,15596.0,False,False,False,
2023-02-07T10:00:00Z,15628.0,15628.0,False,False,False,
2023-02-07T11:00:00Z,15936.0,15936.0,False,False,False,
2023-02-07T12:00:00Z,16802.0,16802.0,False,False,False,
2023-02-07T13:00:00Z,18109.0,18109.0,False,False,False,
2023-02-07T14:00:00Z,18347.0,18347.0,False,False,False,
2023-02-07T15:00:00Z,18094.0,18094.0,False,False,False,
2023-02-07T16:00:00Z,17877.0,17877.0,False,False,False,
2023-02-07T17:00:00Z,17749.0,17749.0,False,False,False,
2023-02-07T18:00:00Z,17519.0,17519.0,False,False,False,
2023-02-07T19:00:00Z,17452.0,17452.0,False,False,False,
2023-02-07T20:00:00Z,17521.0,17521.0,False,False,False,
2023-02-07T21:00:00Z,17490.0,17490.0,False,False,False,
2023-02-07T22:00:00Z,17562.0,17562.0,False,False,False,
2023-02-07T23:00:00Z,17744.0,17744.0,False,False,False,
2023-02-08T00:00:00Z,17992.0,17992.0,False,False,False,
2023-02-08T01:00:00Z,18693.0,18693.0,False,False,False,
2023-02-08T02:00:00Z,18782.0,18782.0,False,False,False,
2023-02-08T03:00:00Z,18354.0,18354.0,False,False,False,
2023-02-08T04:00:00Z,17713.0,17713.0,False,False,False,
2023-02-08T05:00:00Z,16889.0,16889.0,False,False,False,
2023-02-08T06:00:00Z,15997.0,15997.0,False,False,False,
2023-02-08T07:00:00Z,15402.0,15402.0,False,False,False,
2023-02-08T08:00:00Z,15105.0,15105.0,False,False,False,
2023-02-08T09:00:00Z,15034.0,15034.0,False,False,False,
2023-02-08T10:00:00Z,14943.0,14943.0,False,False,False,
2023-02-08T11:00:00Z,15155.0,15155.0,False,False,False,
2023-02-08T12:00:00Z,15796.0,15796.0,False,False,False,
2023-02-08T13:00:00Z,16934.0,16934.0,False,False,False,
2023-02-08T14:00:00Z,17240.0,17240.0,False,False,False,
2023-02-08T15:00:00Z,17303.0,17303.0,False,False,False,
2023-02-08T16:00:00Z,17587.0,17587.0,False,False,False,
2023-02-08T17:00:00Z,17840.0,17840.0,False,False,False,
2023-02-08T18:00:00Z,18097.0,18097.0,False,False,False,
2023-02-08T19:00:00Z,18167.0,18167.0,False,False,False,
2023-02-08T20:00:00Z,18201.0,18201.0,False,False,False,
2023-02-08T21:00:00Z,18085.0,18085.0,False,False,False,
2023-02-08T22:00:00Z,18030.0,18030.0,False,False,False,
2023-02-08T23:00:00Z,18066.0,18066.0,False,False,False,
2023-02-09T00:00:00Z,18431.0,18431.0,False,False,False,
2023-02-09T01:00:00Z,18968.0,18968.0,False,False,False,
2023-02-09T02:00:00Z,18864.0,18864.0,False,False,False,
2023-02-09T03:00:00Z,18595.0,18595.0,False,False,False,
2023-02-09T04:00:00Z,18025.0,18025.0,False,False,False,
2023-02-09T05:00:00Z,17221.0,17221.0,False,False,False,
2023-02-09T06:00:00Z,16400.0,16400.0,False,False,False,
2023-02-09T07:00:00Z,15914.0,15914.0,False,False,False,
2023-02-09T08:00:00Z,15708.0,15708.0,False,False,False,
2023-02-09T09:00:00Z,15607.0,15607.0,False,False,False,
2023-02-09T10:00:00Z,15668.0,15668.0,False,False,False,
2023-02-09T11:00:00Z,16104.0,16104.0,False,False,False,
2023-02-09T12:00:00Z,17088.0,17088.0,False,False,False,
2023-02-09T13:00:00Z,18582.0,18582.0,False,False,False,
2023-02-09T14:00:00Z,19145.0,19145.0,False,False,False,
2023-02-09T15:00:00Z,18951.0,18951.0,False,False,False,
2023-02-09T16:00:00Z,18498.0,18498.0,False,False,False,
2023-02-09T17:00:00Z,17997.0,17997.0,False,False,False,
2023-02-09T18:00:00Z,17756.0,17756.0,False,False,False,
2023-02-09T19:00:00Z,17319.0,17319.0,False,False,False,
2023-02-09T20:00:00Z,17162.0,17162.0,False,False,False,
2023-02-09T21:00:00Z,17021.0,17021.0,False,False,False,
2023-02-09T22:00:00Z,16960.0,16960.0,False,False,False,
2023-02-09T23:00:00Z,17145.0,17145.0,False,False,False,
2023-02-10T00:00:00Z,17419.0,17419.0,False,False,False,
2023-02-10T01:00:00Z,18443.0,18443.0,False,False,False,
2023-02-10T02:00:00Z,18626.0,18626.0,False,False,False,
2023-02-10T03:00:00Z,18722.0,18722.0,False,False,False,
2023-02-10T04:00:00Z,18241.0,18241.0,False,False,False,
2023-02-10T05:00:00Z,17615.0,17615.0,False,False,False,
2023-02-10T06:00:00Z,16944.0,16944.0,False,False,False,
2023-02-10T07:00:00Z,16533.0,16533.0,False,False,False,
2023-02-10T08:00:00Z,16560.0,16560.0,False,False,False,
2023-02-10T09:00:00Z,16583.0,16583.0,False,False,False,
2023-02-10T10:00:00Z,16640.0,16640.0,False,False,False,
2023-02-10T11:00:00Z,17093.0,17093.0,False,False,False,
2023-02-10T12:00:00Z,17992.0,17992.0,False,False,False,
2023-02-10T13:00:00Z,19557.0,19557.0,False,False,False,
2023-02-10T14:00:00Z,20033.0,20033.0,False,False,False,
2023-02-10T15:00:00Z,19904.0,19904.0,False,False,False,
2023-02-10T16:00:00Z,19506.0,19506.0,False,False,False,
2023-02-10T17:00:00Z,19096.0,19096.0,False,False,False,
2023-02-10T18:00:00Z,18720.0,18720.0,False,False,False,
2023-02-10T19:00:00Z,18345.0,18345.0,False,False,False,
2023-02-10T20:00:00Z,18292.0,18292.0,False,False,False,
2023-02-10T21:00:00Z,18270.0,18270.0,False,False,False,
2023-02-10T22:00:00Z,18213.0,18213.0,False,False,False,
2023-02-10T23:00:00Z,18461.0,18461.0,False,False,False,
2023-02-11T00:00:00Z,18798.0,18798.0,False,False,False,
2023-02-11T01:00:00Z,19443.0,19443.0,False,False,False,
2023-02-11T02:00:00Z,19405.0,19405.0,False,False,False,
2023-02-11T03:00:00Z,19155.0,19155.0,False,False,False,
2023-02-11T04:00:00Z,19024.0,19024.0,False,False,False,
2023-02-11T05:00:00Z,18772.0,18772.0,False,False,False,
2023-02-11T06:00:00Z,18213.0,18213.0,False,False,False,
2023-02-11T07:00:00Z,17891.0,17891.0,False,False,False,
2023-02-11T08:00:00Z,17684.0,17684.0,False,False,False,
2023-02-11T09:00:00Z,17663.0,17663.0,False,False,False,
2023-02-11T10:00:00Z,17831.0,17831.0,False,False,False,
2023-02-11T11:00:00Z,17895.0,17895.0,False,False,False,
2023-02-11T12:00:00Z,18305.0,18305.0,False,False,False,
2023-02-11T13:00:00Z,19161.0,19161.0,False,False,False,
2023-02-11T14:00:00Z,19831.0,19831.0,False,False,False,
2023-02-11T15:00:00Z,20305.0,20305.0,False,False,False,
2023-02-11T16:00:00Z,20829.0,20829.0,False,False,False,
2023-02-11T17:00:00Z,20901.0,20901.0,False,False,False,
2023-02-11T18:00:00Z,20681.0,20681.0,False,False,False,
2023-02-11T19:00:00Z,20219.0,20219.0,False,False,False,
2023-02-11T20:00:00Z,20021.0,20021.0,False,False,False,
2023-02-11T21:00:00Z,19807.0,19807.0,False,False,False,
2023-02-11T22:00:00Z,19734.0,19734.0,False,False,False,
2023-02-11T23:00:00Z,19967.0,19967.0,False,False,False,
2023-02-12T00:00:00Z,20422.0,20422.0,False,False,False,
2023-02-12T01:00:00Z,21134.0,21134.0,False,False,False,
2023-02-12T02:00:00Z,21344.0,21344.0,False,False,False,
2023-02-12T03:00:00Z,21456.0,21456.0,False,False,False,
2023-02-12T04:00:00Z,21166.0,21166.0,False,False,False,
2023-02-12T05:00:00Z,20662.0,20662.0,False,False,False,
2023-02-12T06:00:00Z,20138.0,20138.0,False,False,False,
2023-02-12T07:00:00Z,19738.0,19738.0,False,False,False,
2023-02-12T08:00:00Z,19510.0,19510.0,False,False,False,
2023-02-12T09:00:00Z,19547.0,19547.0,False,False,False,
2023-02-12T10:00:00Z,19575.0,19575.0,False,False,False,
2023-02-12T11:00:00Z,19957.0,19957.0,False,False,False,
2023-02-12T12:00:00Z,20481.0,20481.0,False,False,False,
2023-02-12T13:00:00Z,21180.0,21180.0,False,False,False,
2023-02-12T14:00:00Z,21951.0,21951.0,False,False,False,
2023-02-12T15:00:00Z,21787.0,21787.0,False,False,False,
2023-02-12T16:00:00Z,20921.0,20921.0,False,False,False,
2023-02-12T17:00:00Z,19572.0,19572.0,False,False,False,
2023-02-12T18:00:00Z,18612.0,18612.0,False,False,False,
2023-02-12T19:00:00Z,17799.0,17799.0,False,False,False,
2023-02-12T20:00:00Z,17120.0,17120.0,False,False,False,
2023-02-12T21:00:00Z,16730.0,16730.0,False,False,False,
2023-02-12T22:00:00Z,16628.0,16628.0,False,False,False,
2023-02-12T23:00:00Z,16812.0,16812.0,False,False,False,
2023-02-13T00:00:00Z,17172.0,17172.0,False,False,False,
2023-02-13T01:00:00Z,18029.0,18029.0,False,False,False,
2023-02-13T02:00:00Z,18496.0,18496.0,False,False,False,
2023-02-13T03:00:00Z,18694.0,18694.0,False,False,False,
2023-02-13T04:00:00Z,18895.0,18895.0,False,False,False,
2023-02-13T05:00:00Z,18704.0,18704.0,False,False,False,
2023-02-13T06:00:00Z,18112.0,18112.0,False,False,False,
2023-02-13T07:00:00Z,17814.0,17814.0,False,False,False,
2023-02-13T08:00:00Z,17767.0,17767.0,False,False,False,
2023-02-13T09:00:00Z,17833.0,17833.0,False,False,False,
2023-02-13T10:00:00Z,18255.0,18255.0,False,False,False,
2023-02-13T11:00:00Z,18877.0,18877.0,False,False,False,
2023-02-13T12:00:00Z,20136.0,20136.0,False,False,False,
2023-02-13T13:00:00Z,21789.0,21789.0,False,False,False,
2023-02-13T14:00:00Z,22258.0,22258.0,False,False,False,
2023-02-13T15:00:00Z,21312.0,21312.0,False,False,False,
2023-02-13T16:00:00Z,19802.0,19802.0,False,False,False,
2023-02-13T17:00:00Z,18718.0,18718.0,False,False,False,
2023-02-13T18:00:00Z,17847.0,17847.0,False,False,False,
2023-02-13T19:00:00Z,17268.0,17268.0,False,False,False,
2023-02-13T20:00:00Z,17028.0,17028.0,False,False,False,
2023-02-13T21:00:00Z,16946.0,16946.0,False,False,False,
2023-02-13T22:00:00Z,16809.0,16809.0,False,False,False,
2023-02-13T23:00:00Z,16819.0,16819.0,False,False,False,
2023-02-14T00:00:00Z,17168.0,17168.0,False,False,False,
2023-02-14T01:00:00Z,18090.0,18090.0,False,False,False,
2023-02-14T02:00:00Z,18304.0,18304.0,False,False,False,
2023-02-14T03:00:00Z,18246.0,18246.0,False,False,False,
2023-02-14T04:00:00Z,17762.0,17762.0,False,False,False,
2023-02-14T05:00:00Z,17221.0,17221.0,False,False,False,
2023-02-14T06:00:00Z,16224.0,16224.0,False,False,False,
2023-02-14T07:00:00Z,15692.0,15692.0,False,False,False,
2023-02-14T08:00:00Z,15415.0,15415.0,False,False,False,
2023-02-14T09:00:00Z,15409.0,15409.0,False,False,False,
2023-02-14T10:00:00Z,15425.0,15425.0,False,False,False,
2023-02-14T11:00:00Z,15873.0,15873.0,False,False,False,
2023-02-14T12:00:00Z,16657.0,16657.0,False,False,False,
2023-02-14T13:00:00Z,17979.0,17979.0,False,False,False,
2023-02-14T14:00:00Z,18343.0,18343.0,False,False,False,
2023-02-14T15:00:00Z,18093.0,18093.0,False,False,False,
2023-02-14T16:00:00Z,17835.0,17835.0,False,False,False,
2023-02-14T17:00:00Z,17639.0,17639.0,False,False,False,
2023-02-14T18:00:00Z,17543.0,17543.0,False,False,False,
2023-02-14T19:00:00Z,17293.0,17293.0,False,False,False,
2023-02-14T20:00:00Z,17485.0,17485.0,False,False,False,
2023-02-14T21:00:00Z,17338.0,17338.0,False,False,False,
2023-02-14T22:00:00Z,17308.0,17308.0,False,False,False,
2023-02-14T23:00:00Z,17421.0,17421.0,False,False,False,
2023-02-15T00:00:00Z,17706.0,17706.0,False,False,False,
2023-02-15T01:00:00Z,18354.0,18354.0,False,False,False,
2023-02-15T02:00:00Z,18437.0,18437.0,False,False,False,
2023-02-15T03:00:00Z,18160.0,18160.0,False,False,False,
2023-02-15T04:00:00Z,17608.0,17608.0,False,False,False,
2023-02-15T05:00:00Z,16645.0,16645.0,False,False,False,
2023-02-15T06:00:00Z,15945.0,15945.0,False,False,False,
2023-02-15T07:00:00Z,15459.0,15459.0,False,False,False,
2023-02-15T08:00:00Z,14863.0,14863.0,False,False,False,
2023-02-15T09:00:00Z,14756.0,14756.0,False,False,False,
2023-02-15T10:00:00Z,14788.0,14788.0,False,False,False,
2023-02-15T11:00:00Z,15023.0,15023.0,False,False,False,
2023-02-15T12:00:00Z,15490.0,15490.0,False,False,False,
2023-02-15T13:00:00Z,16502.0,16502.0,False,False,False,
2023-02-15T14:00:00Z,16963.0,16963.0,False,False,False,
2023-02-15T15:00:00Z,16924.0,16924.0,False,False,False,
2023-02-15T16:00:00Z,16987.0,16987.0,False,False,False,
2023-02-15T17:00:00Z,16994.0,16994.0,False,False,False,
2023-02-15T18:00:00Z,17148.0,17148.0,False,False,False,
2023-02-15T19:00:00Z,17277.0,17277.0,False,False,False,
2023-02-15T20:00:00Z,17443.0,17443.0,False,False,False,
2023-02-15T21:00:00Z,17506.0,17506.0,False,False,False,
2023-02-15T22:00:00Z,17618.0,17618.0,False,False,False,
2023-02-15T23:00:00Z,17863.0,17863.0,False,False,False,
2023-02-16T00:00:00Z,18091.0,18091.0,False,False,False,
2023-02-16T01:00:00Z,18580.0,18580.0,False,False,False,
2023-02-16T02:00:00Z,18755.0,18755.0,False,False,False,
2023-02-16T03:00:00Z,18410.0,18410.0,False,False,False,
2023-02-16T04:00:00Z,18016.0,18016.0,False,False,False,
2023-02-16T05:00:00Z,17124.0,17124.0,False,False,False,
2023-02-16T06:00:00Z,16245.0,16245.0,False,False,False,
2023-02-16T07:00:00Z,15509.0,15509.0,False,False,False,
2023-02-16T08:00:00Z,15255.0,15255.0,False,False,False,
2023-02-16T09:00:00Z,14973.0,14973.0,False,False,False,
2023-02-16T10:00:00Z,14916.0,14916.0,False,False,False,
2023-02-16T11:00:00Z,15008.0,15008.0,False,False,False,
2023-02-16T12:00:00Z,15530.0,15530.0,False,False,False,
2023-02-16T13:00:00Z,16577.0,16577.0,False,False,False,
2023-02-16T14:00:00Z,16937.0,16937.0,False,False,False,
2023-02-16T15:00:00Z,17093.0,17093.0,False,False,False,
2023-02-16T16:00:00Z,17364.0,17364.0,False,False,False,
2023-02-16T17:00:00Z,17681.0,17681.0,False,False,False,
2023-02-16T18:00:00Z,17930.0,17930.0,False,False,False,
2023-02-16T19:00:00Z,17833.0,17833.0,False,False,False,
2023-02-16T20:00:00Z,17851.0,17851.0,False,False,False,
2023-02-16T21:00:00Z,17722.0,17722.0,False,False,False,
2023-02-16T22:00:00Z,17862.0,17862.0,False,False,False,
2023-02-16T23:00:00Z,18176.0,18176.0,False,False,False,
2023-02-17T00:00:00Z,18653.0,18653.0,False,False,False,
2023-02-17T01:00:00Z,19351.0,19351.0,False,False,False,
2023-02-17T02:00:00Z,19557.0,19557.0,False,False,False,
2023-02-17T03:00:00Z,19396.0,19396.0,False,False,False,
2023-02-17T04:00:00Z,18995.0,18995.0,False,False,False,
2023-02-17T05:00:00Z,18207.0,18207.0,False,False,False,
2023-02-17T06:00:00Z,17472.0,17472.0,False,False,False,
2023-02-17T07:00:00Z,17181.0,17181.0,False,False,False,
2023-02-17T08:00:00Z,17199.0,17199.0,False,False,False,
2023-02-17T09:00:00Z,17202.0,17202.0,False,False,False,
2023-02-17T10:00:00Z,17381.0,17381.0,False,False,False,
2023-02-17T11:00:00Z,18060.0,18060.0,False,False,False,
2023-02-17T12:00:00Z,19155.0,19155.0,False,False,False,
2023-02-17T13:00:00Z,21003.0,21003.0,False,False,False,
2023-02-17T14:00:00Z,21904.0,21904.0,False,False,False,
2023-02-17T15:00:00Z,22088.0,22088.0,False,False,False,
2023-02-17T16:00:00Z,22000.0,22000.0,False,False,False,
2023-02-17T17:00:00Z,21515.0,21515.0,False,False,False,
2023-02-17T18:00:00Z,20871.0,20871.0,False,False,False,
2023-02-17T19:00:00Z,20134.0,20134.0,False,False,False,
2023-02-17T20:00:00Z,19456.0,19456.0,False,False,False,
2023-02-17T21:00:00Z,19151.0,19151.0,False,False,False,
2023-02-17T22:00:00Z,19002.0,19002.0,False,False,False,
2023-02-17T23:00:00Z,19281.0,19281.0,False,False,False,
2023-02-18T00:00:00Z,20078.0,20078.0,False,False,False,
2023-02-18T01:00:00Z,21226.0,21226.0,False,False,False,
2023-02-18T02:00:00Z,21731.0,21731.0,False,False,False,
2023-02-18T03:00:00Z,21857.0,21857.0,False,False,False,
2023-02-18T04:00:00Z,21817.0,21817.0,False,False,False,
2023-02-18T05:00:00Z,21422.0,21422.0,False,False,False,
2023-02-18T06:00:00Z,21222.0,21222.0,False,False,False,
2023-02-18T07:00:00Z,20883.0,20883.0,False,False,False,
2023-02-18T08:00:00Z,20855.0,20855.0,False,False,False,
2023-02-18T09:00:00Z,20983.0,,True,False,True,same_hour_7d_median_outlier|same_hour_7d_median_outlier
2023-02-18T10:00:00Z,21215.0,,True,False,True,same_hour_7d_median_outlier|same_hour_7d_median_outlier
2023-02-18T11:00:00Z,21623.0,,True,False,True,same_hour_7d_median_outlier|same_hour_7d_median_outlier
2023-02-18T12:00:00Z,22153.0,,True,False,True,same_hour_7d_median_outlier|same_hour_7d_median_outlier
2023-02-18T13:00:00Z,23047.0,23047.0,False,False,False,
2023-02-18T14:00:00Z,23472.0,23472.0,False,False,False,
2023-02-18T15:00:00Z,23036.0,23036.0,False,False,False,
2023-02-18T16:00:00Z,22071.0,22071.0,False,False,False,
2023-02-18T17:00:00Z,20903.0,20903.0,False,False,False,
2023-02-18T18:00:00Z,19699.0,19699.0,False,False,False,
2023-02-18T19:00:00Z,18575.0,18575.0,False,False,False,
2023-02-18T20:00:00Z,17639.0,17639.0,False,False,False,
2023-02-18T21:00:00Z,17365.0,17365.0,False,False,False,
2023-02-18T22:00:00Z,16973.0,16973.0,False,False,False,
2023-02-18T23:00:00Z,17252.0,17252.0,False,False,False,
2023-02-19T00:00:00Z,17863.0,17863.0,False,False,False,
2023-02-19T01:00:00Z,18917.0,18917.0,False,False,False,
2023-02-19T02:00:00Z,19161.0,19161.0,False,False,False,
2023-02-19T03:00:00Z,19277.0,19277.0,False,False,False,
2023-02-19T04:00:00Z,19172.0,19172.0,False,False,False,
2023-02-19T05:00:00Z,18714.0,18714.0,False,False,False,
2023-02-19T06:00:00Z,18231.0,18231.0,False,False,False,
2023-02-19T07:00:00Z,17782.0,17782.0,False,False,False,
2023-02-19T08:00:00Z,17678.0,17678.0,False,False,False,
2023-02-19T09:00:00Z,17766.0,17766.0,False,False,False,
2023-02-19T10:00:00Z,18057.0,18057.0,False,False,False,
2023-02-19T11:00:00Z,18201.0,18201.0,False,False,False,
2023-02-19T12:00:00Z,18612.0,18612.0,False,False,False,
2023-02-19T13:00:00Z,19299.0,19299.0,False,False,False,
2023-02-19T14:00:00Z,19799.0,19799.0,False,False,False,
2023-02-19T15:00:00Z,19624.0,19624.0,False,False,False,
2023-02-19T16:00:00Z,18627.0,18627.0,False,False,False,
2023-02-19T17:00:00Z,17530.0,17530.0,False,False,False,
2023-02-19T18:00:00Z,16783.0,16783.0,False,False,False,
2023-02-19T19:00:00Z,16266.0,16266.0,False,False,False,
2023-02-19T20:00:00Z,16044.0,16044.0,False,False,False,
2023-02-19T21:00:00Z,15919.0,15919.0,False,False,False,
2023-02-19T22:00:00Z,15839.0,15839.0,False,False,False,
2023-02-19T23:00:00Z,16096.0,16096.0,False,False,False,
2023-02-20T00:00:00Z,16368.0,16368.0,False,False,False,
2023-02-20T01:00:00Z,17289.0,17289.0,False,False,False,
2023-02-20T02:00:00Z,17412.0,17412.0,False,False,False,
2023-02-20T03:00:00Z,17248.0,17248.0,False,False,False,
2023-02-20T04:00:00Z,16846.0,16846.0,False,False,False,
2023-02-20T05:00:00Z,16147.0,16147.0,False,False,False,
2023-02-20T06:00:00Z,15557.0,15557.0,False,False,False,
2023-02-20T07:00:00Z,15111.0,15111.0,False,False,False,
2023-02-20T08:00:00Z,14908.0,14908.0,False,False,False,
2023-02-20T09:00:00Z,14792.0,14792.0,False,False,False,
2023-02-20T10:00:00Z,14903.0,14903.0,False,False,False,
2023-02-20T11:00:00Z,15123.0,15123.0,False,False,False,
2023-02-20T12:00:00Z,15714.0,15714.0,False,False,False,
2023-02-20T13:00:00Z,16621.0,16621.0,False,False,False,
2023-02-20T14:00:00Z,16938.0,16938.0,False,False,False,
2023-02-20T15:00:00Z,17048.0,17048.0,False,False,False,
2023-02-20T16:00:00Z,17194.0,17194.0,False,False,False,
2023-02-20T17:00:00Z,17268.0,17268.0,False,False,False,
2023-02-20T18:00:00Z,17328.0,17328.0,False,False,False,
2023-02-20T19:00:00Z,17466.0,17466.0,False,False,False,
2023-02-20T20:00:00Z,17684.0,17684.0,False,False,False,
2023-02-20T21:00:00Z,17658.0,17658.0,False,False,False,
2023-02-20T22:00:00Z,17727.0,17727.0,False,False,False,
2023-02-20T23:00:00Z,17617.0,17617.0,False,False,False,
2023-02-21T00:00:00Z,17783.0,17783.0,False,False,False,
2023-02-21T01:00:00Z,18318.0,18318.0,False,False,False,
2023-02-21T02:00:00Z,18344.0,18344.0,False,False,False,
2023-02-21T03:00:00Z,17942.0,17942.0,False,False,False,
2023-02-21T04:00:00Z,17502.0,17502.0,False,False,False,
2023-02-21T05:00:00Z,16642.0,16642.0,False,False,False,
2023-02-21T06:00:00Z,16034.0,16034.0,False,False,False,
2023-02-21T07:00:00Z,15489.0,15489.0,False,False,False,
2023-02-21T08:00:00Z,15020.0,15020.0,False,False,False,
2023-02-21T09:00:00Z,14805.0,14805.0,False,False,False,
2023-02-21T10:00:00Z,14737.0,14737.0,False,False,False,
2023-02-21T11:00:00Z,14839.0,14839.0,False,False,False,
2023-02-21T12:00:00Z,15393.0,15393.0,False,False,False,
2023-02-21T13:00:00Z,16324.0,16324.0,False,False,False,
2023-02-21T14:00:00Z,16637.0,16637.0,False,False,False,
2023-02-21T15:00:00Z,16941.0,16941.0,False,False,False,
2023-02-21T16:00:00Z,17210.0,17210.0,False,False,False,
2023-02-21T17:00:00Z,17470.0,17470.0,False,False,False,
2023-02-21T18:00:00Z,17707.0,17707.0,False,False,False,
2023-02-21T19:00:00Z,17919.0,17919.0,False,False,False,
2023-02-21T20:00:00Z,18167.0,18167.0,False,False,False,
2023-02-21T21:00:00Z,18364.0,18364.0,False,False,False,
2023-02-21T22:00:00Z,18473.0,18473.0,False,False,False,
2023-02-21T23:00:00Z,18462.0,18462.0,False,False,False,
2023-02-22T00:00:00Z,18343.0,18343.0,False,False,False,
2023-02-22T01:00:00Z,18883.0,18883.0,False,False,False,
2023-02-22T02:00:00Z,18930.0,18930.0,False,False,False,
2023-02-22T03:00:00Z,18560.0,18560.0,False,False,False,
2023-02-22T04:00:00Z,17911.0,17911.0,False,False,False,
2023-02-22T05:00:00Z,17101.0,17101.0,False,False,False,
2023-02-22T06:00:00Z,16263.0,16263.0,False,False,False,
2023-02-22T07:00:00Z,15511.0,15511.0,False,False,False,
2023-02-22T08:00:00Z,15066.0,15066.0,False,False,False,
2023-02-22T09:00:00Z,14880.0,14880.0,False,False,False,
2023-02-22T10:00:00Z,14676.0,14676.0,False,False,False,
2023-02-22T11:00:00Z,14747.0,14747.0,False,False,False,
2023-02-22T12:00:00Z,15225.0,15225.0,False,False,False,
2023-02-22T13:00:00Z,16299.0,16299.0,False,False,False,
2023-02-22T14:00:00Z,16514.0,16514.0,False,False,False,
2023-02-22T15:00:00Z,16715.0,16715.0,False,False,False,
2023-02-22T16:00:00Z,17065.0,17065.0,False,False,False,
2023-02-22T17:00:00Z,17600.0,17600.0,False,False,False,
2023-02-22T18:00:00Z,18094.0,18094.0,False,False,False,
2023-02-22T19:00:00Z,18148.0,18148.0,False,False,False,
2023-02-22T20:00:00Z,18328.0,18328.0,False,False,False,
2023-02-22T21:00:00Z,18584.0,18584.0,False,False,False,
2023-02-22T22:00:00Z,18549.0,18549.0,False,False,False,
2023-02-22T23:00:00Z,18512.0,18512.0,False,False,False,
2023-02-23T00:00:00Z,18602.0,18602.0,False,False,False,
2023-02-23T01:00:00Z,19071.0,19071.0,False,False,False,
2023-02-23T02:00:00Z,19093.0,19093.0,False,False,False,
2023-02-23T03:00:00Z,18824.0,18824.0,False,False,False,
2023-02-23T04:00:00Z,18301.0,18301.0,False,False,False,
2023-02-23T05:00:00Z,17318.0,17318.0,False,False,False,
2023-02-23T06:00:00Z,16550.0,16550.0,False,False,False,
2023-02-23T07:00:00Z,15885.0,15885.0,False,False,False,
2023-02-23T08:00:00Z,15405.0,15405.0,False,False,False,
2023-02-23T09:00:00Z,15124.0,15124.0,False,False,False,
2023-02-23T10:00:00Z,15128.0,15128.0,False,False,False,
2023-02-23T11:00:00Z,15155.0,15155.0,False,False,False,
2023-02-23T12:00:00Z,15721.0,15721.0,False,False,False,
2023-02-23T13:00:00Z,16697.0,16697.0,False,False,False,
2023-02-23T14:00:00Z,16963.0,16963.0,False,False,False,
2023-02-23T15:00:00Z,17232.0,17232.0,False,False,False,
2023-02-23T16:00:00Z,17630.0,17630.0,False,False,False,
2023-02-23T17:00:00Z,18055.0,18055.0,False,False,False,
2023-02-23T18:00:00Z,18547.0,18547.0,False,False,False,
2023-02-23T19:00:00Z,18878.0,18878.0,False,False,False,
2023-02-23T20:00:00Z,19475.0,19475.0,False,False,False,
2023-02-23T21:00:00Z,19759.0,19759.0,False,False,False,
2023-02-23T22:00:00Z,19930.0,19930.0,False,False,False,
2023-02-23T23:00:00Z,19808.0,19808.0,False,False,False,
2023-02-24T00:00:00Z,19551.0,19551.0,False,False,False,
2023-02-24T01:00:00Z,19825.0,19825.0,False,False,False,
2023-02-24T02:00:00Z,19781.0,19781.0,False,False,False,
2023-02-24T03:00:00Z,19468.0,19468.0,False,False,False,
2023-02-24T04:00:00Z,18805.0,18805.0,False,False,False,
2023-02-24T05:00:00Z,17842.0,17842.0,False,False,False,
2023-02-24T06:00:00Z,16999.0,16999.0,False,False,False,
2023-02-24T07:00:00Z,16301.0,16301.0,False,False,False,
2023-02-24T08:00:00Z,15873.0,15873.0,False,False,False,
2023-02-24T09:00:00Z,15502.0,15502.0,False,False,False,
2023-02-24T10:00:00Z,15388.0,15388.0,False,False,False,
2023-02-24T11:00:00Z,15547.0,15547.0,False,False,False,
2023-02-24T12:00:00Z,15993.0,15993.0,False,False,False,
2023-02-24T13:00:00Z,17044.0,17044.0,False,False,False,
2023-02-24T14:00:00Z,17662.0,17662.0,False,False,False,
2023-02-24T15:00:00Z,18236.0,18236.0,False,False,False,
2023-02-24T16:00:00Z,18618.0,18618.0,False,False,False,
2023-02-24T17:00:00Z,18961.0,18961.0,False,False,False,
2023-02-24T18:00:00Z,19242.0,19242.0,False,False,False,
2023-02-24T19:00:00Z,19496.0,19496.0,False,False,False,
2023-02-24T20:00:00Z,19917.0,19917.0,False,False,False,
2023-02-24T21:00:00Z,20184.0,20184.0,False,False,False,
2023-02-24T22:00:00Z,20081.0,20081.0,False,False,False,
2023-02-24T23:00:00Z,20087.0,20087.0,False,False,False,
2023-02-25T00:00:00Z,19981.0,19981.0,False,False,False,
2023-02-25T01:00:00Z,19987.0,19987.0,False,False,False,
2023-02-25T02:00:00Z,19623.0,19623.0,False,False,False,
2023-02-25T03:00:00Z,19326.0,19326.0,False,False,False,
2023-02-25T04:00:00Z,18784.0,18784.0,False,False,False,
2023-02-25T05:00:00Z,18099.0,18099.0,False,False,False,
2023-02-25T06:00:00Z,17310.0,17310.0,False,False,False,
2023-02-25T07:00:00Z,16662.0,16662.0,False,False,False,
2023-02-25T08:00:00Z,16122.0,16122.0,False,False,False,
2023-02-25T09:00:00Z,15767.0,15767.0,False,False,False,
2023-02-25T10:00:00Z,15558.0,15558.0,False,False,False,
2023-02-25T11:00:00Z,15444.0,15444.0,False,False,False,
2023-02-25T12:00:00Z,15697.0,15697.0,False,False,False,
2023-02-25T13:00:00Z,16084.0,16084.0,False,False,False,
2023-02-25T14:00:00Z,16324.0,16324.0,False,False,False,
2023-02-25T15:00:00Z,17072.0,17072.0,False,False,False,
2023-02-25T16:00:00Z,17619.0,17619.0,False,False,False,
2023-02-25T17:00:00Z,18223.0,18223.0,False,False,False,
2023-02-25T18:00:00Z,18603.0,18603.0,False,False,False,
2023-02-25T19:00:00Z,18984.0,18984.0,False,False,False,
2023-02-25T20:00:00Z,19368.0,19368.0,False,False,False,
2023-02-25T21:00:00Z,19399.0,19399.0,False,False,False,
2023-02-25T22:00:00Z,19465.0,19465.0,False,False,False,
2023-02-25T23:00:00Z,19469.0,19469.0,False,False,False,
2023-02-26T00:00:00Z,19139.0,19139.0,False,False,False,
2023-02-26T01:00:00Z,19136.0,19136.0,False,False,False,
2023-02-26T02:00:00Z,18823.0,18823.0,False,False,False,
2023-02-26T03:00:00Z,18478.0,18478.0,False,False,False,
2023-02-26T04:00:00Z,17784.0,17784.0,False,False,False,
2023-02-26T05:00:00Z,17187.0,17187.0,False,False,False,
2023-02-26T06:00:00Z,16400.0,16400.0,False,False,False,
2023-02-26T07:00:00Z,15740.0,15740.0,False,False,False,
2023-02-26T08:00:00Z,15330.0,15330.0,False,False,False,
2023-02-26T09:00:00Z,15165.0,15165.0,False,False,False,
2023-02-26T10:00:00Z,15068.0,15068.0,False,False,False,
2023-02-26T11:00:00Z,15007.0,15007.0,False,False,False,
2023-02-26T12:00:00Z,15066.0,15066.0,False,False,False,
2023-02-26T13:00:00Z,15330.0,15330.0,False,False,False,
2023-02-26T14:00:00Z,15619.0,15619.0,False,False,False,
2023-02-26T15:00:00Z,16397.0,16397.0,False,False,False,
2023-02-26T16:00:00Z,16919.0,16919.0,False,False,False,
2023-02-26T17:00:00Z,17387.0,17387.0,False,False,False,
2023-02-26T18:00:00Z,17808.0,17808.0,False,False,False,
2023-02-26T19:00:00Z,18290.0,18290.0,False,False,False,
2023-02-26T20:00:00Z,18446.0,18446.0,False,False,False,
2023-02-26T21:00:00Z,18816.0,18816.0,False,False,False,
2023-02-26T22:00:00Z,18935.0,18935.0,False,False,False,
2023-02-26T23:00:00Z,18931.0,18931.0,False,False,False,
2023-02-27T00:00:00Z,18855.0,18855.0,False,False,False,
2023-02-27T01:00:00Z,19044.0,19044.0,False,False,False,
2023-02-27T02:00:00Z,18921.0,18921.0,False,False,False,
2023-02-27T03:00:00Z,18602.0,18602.0,False,False,False,
2023-02-27T04:00:00Z,17992.0,17992.0,False,False,False,
2023-02-27T05:00:00Z,17188.0,17188.0,False,False,False,
2023-02-27T06:00:00Z,16215.0,16215.0,False,False,False,
2023-02-27T07:00:00Z,15641.0,15641.0,False,False,False,
2023-02-27T08:00:00Z,15309.0,15309.0,False,False,False,
2023-02-27T09:00:00Z,15103.0,15103.0,False,False,False,
2023-02-27T10:00:00Z,15057.0,15057.0,False,False,False,
2023-02-27T11:00:00Z,15309.0,15309.0,False,False,False,
2023-02-27T12:00:00Z,15968.0,15968.0,False,False,False,
2023-02-27T13:00:00Z,16989.0,16989.0,False,False,False,
2023-02-27T14:00:00Z,17393.0,17393.0,False,False,False,
2023-02-27T15:00:00Z,17494.0,17494.0,False,False,False,
2023-02-27T16:00:00Z,17687.0,17687.0,False,False,False,
2023-02-27T17:00:00Z,18068.0,18068.0,False,False,False,
2023-02-27T18:00:00Z,18367.0,18367.0,False,False,False,
2023-02-27T19:00:00Z,18605.0,18605.0,False,False,False,
2023-02-27T20:00:00Z,18991.0,18991.0,False,False,False,
2023-02-27T21:00:00Z,19313.0,19313.0,False,False,False,
2023-02-27T22:00:00Z,19391.0,19391.0,False,False,False,
2023-02-27T23:00:00Z,19277.0,19277.0,False,False,False,
2023-02-28T00:00:00Z,19125.0,19125.0,False,False,False,
2023-02-28T01:00:00Z,19430.0,19430.0,False,False,False,
2023-02-28T02:00:00Z,19400.0,19400.0,False,False,False,
2023-02-28T03:00:00Z,19051.0,19051.0,False,False,False,
2023-02-28T04:00:00Z,18317.0,18317.0,False,False,False,
2023-02-28T05:00:00Z,17357.0,17357.0,False,False,False,
2023-02-28T06:00:00Z,16479.0,16479.0,False,False,False,
2023-02-28T07:00:00Z,15799.0,15799.0,False,False,False,
2023-02-28T08:00:00Z,15309.0,15309.0,False,False,False,
2023-02-28T09:00:00Z,15166.0,15166.0,False,False,False,
2023-02-28T10:00:00Z,15091.0,15091.0,False,False,False,
2023-02-28T11:00:00Z,15287.0,15287.0,False,False,False,
2023-02-28T12:00:00Z,15937.0,15937.0,False,False,False,
2023-02-28T13:00:00Z,17098.0,17098.0,False,False,False,
2023-02-28T14:00:00Z,17508.0,17508.0,False,False,False,
2023-02-28T15:00:00Z,17449.0,17449.0,False,False,False,
2023-02-28T16:00:00Z,17578.0,17578.0,False,False,False,
2023-02-28T17:00:00Z,17964.0,17964.0,False,False,False,
2023-02-28T18:00:00Z,18302.0,18302.0,False,False,False,
2023-02-28T19:00:00Z,18722.0,18722.0,False,False,False,
2023-02-28T20:00:00Z,19314.0,19314.0,False,False,False,
2023-02-28T21:00:00Z,19717.0,19717.0,False,False,False,
2023-02-28T22:00:00Z,19964.0,19964.0,False,False,False,
2023-02-28T23:00:00Z,19856.0,19856.0,False,False,False,
2023-03-01T00:00:00Z,19431.0,19431.0,False,False,False,
2023-03-01T01:00:00Z,19593.0,19593.0,False,False,False,
2023-03-01T02:00:00Z,19415.0,19415.0,False,False,False,
2023-03-01T03:00:00Z,18894.0,18894.0,False,False,False,
2023-03-01T04:00:00Z,18207.0,18207.0,False,False,False,
2023-03-01T05:00:00Z,17171.0,17171.0,False,False,False,
2023-03-01T06:00:00Z,16098.0,16098.0,False,False,False,
2023-03-01T07:00:00Z,15872.0,15872.0,False,False,False,
2023-03-01T08:00:00Z,15083.0,15083.0,False,False,False,
2023-03-01T09:00:00Z,14839.0,14839.0,False,False,False,
2023-03-01T10:00:00Z,14760.0,14760.0,False,False,False,
2023-03-01T11:00:00Z,14965.0,14965.0,False,False,False,
2023-03-01T12:00:00Z,15436.0,15436.0,False,False,False,
2023-03-01T13:00:00Z,16506.0,16506.0,False,False,False,
2023-03-01T14:00:00Z,16800.0,16800.0,False,False,False,
2023-03-01T15:00:00Z,16951.0,16951.0,False,False,False,
2023-03-01T16:00:00Z,17278.0,17278.0,False,False,False,
2023-03-01T17:00:00Z,17831.0,17831.0,False,False,False,
2023-03-01T18:00:00Z,18419.0,18419.0,False,False,False,
2023-03-01T19:00:00Z,18952.0,18952.0,False,False,False,
2023-03-01T20:00:00Z,19518.0,19518.0,False,False,False,
2023-03-01T21:00:00Z,19694.0,19694.0,False,False,False,
2023-03-01T22:00:00Z,19910.0,19910.0,False,False,False,
2023-03-01T23:00:00Z,19741.0,19741.0,False,False,False,
2023-03-02T00:00:00Z,19620.0,19620.0,False,False,False,
2023-03-02T01:00:00Z,19923.0,19923.0,False,False,False,
2023-03-02T02:00:00Z,19830.0,19830.0,False,False,False,
2023-03-02T03:00:00Z,19451.0,19451.0,False,False,False,
2023-03-02T04:00:00Z,18859.0,18859.0,False,False,False,
2023-03-02T05:00:00Z,17937.0,17937.0,False,False,False,
2023-03-02T06:00:00Z,16906.0,16906.0,False,False,False,
2023-03-02T07:00:00Z,16056.0,16056.0,False,False,False,
2023-03-02T08:00:00Z,15621.0,15621.0,False,False,False,
2023-03-02T09:00:00Z,15384.0,15384.0,False,False,False,
2023-03-02T10:00:00Z,15085.0,15085.0,False,False,False,
2023-03-02T11:00:00Z,15140.0,15140.0,False,False,False,
2023-03-02T12:00:00Z,15809.0,15809.0,False,False,False,
2023-03-02T13:00:00Z,16884.0,16884.0,False,False,False,
2023-03-02T14:00:00Z,17235.0,17235.0,False,False,False,
2023-03-02T15:00:00Z,17455.0,17455.0,False,False,False,
2023-03-02T16:00:00Z,17897.0,17897.0,False,False,False,
2023-03-02T17:00:00Z,18438.0,18438.0,False,False,False,
2023-03-02T18:00:00Z,18820.0,18820.0,False,False,False,
2023-03-02T19:00:00Z,19228.0,19228.0,False,False,False,
2023-03-02T20:00:00Z,19544.0,19544.0,False,False,False,
2023-03-02T21:00:00Z,19745.0,19745.0,False,False,False,
2023-03-02T22:00:00Z,19677.0,19677.0,False,False,False,
2023-03-02T23:00:00Z,19685.0,19685.0,False,False,False,
2023-03-03T00:00:00Z,19482.0,19482.0,False,False,False,
2023-03-03T01:00:00Z,19746.0,19746.0,False,False,False,
2023-03-03T02:00:00Z,19714.0,19714.0,False,False,False,
2023-03-03T03:00:00Z,19456.0,19456.0,False,False,False,
2023-03-03T04:00:00Z,19051.0,19051.0,False,False,False,
2023-03-03T05:00:00Z,18131.0,18131.0,False,False,False,
2023-03-03T06:00:00Z,17149.0,17149.0,False,False,False,
2023-03-03T07:00:00Z,16504.0,16504.0,False,False,False,
2023-03-03T08:00:00Z,15919.0,15919.0,False,False,False,
2023-03-03T09:00:00Z,15533.0,15533.0,False,False,False,
2023-03-03T10:00:00Z,15520.0,15520.0,False,False,False,
2023-03-03T11:00:00Z,15641.0,15641.0,False,False,False,
2023-03-03T12:00:00Z,16037.0,16037.0,False,False,False,
2023-03-03T13:00:00Z,17010.0,17010.0,False,False,False,
2023-03-03T14:00:00Z,17228.0,17228.0,False,False,False,
2023-03-03T15:00:00Z,17309.0,17309.0,False,False,False,
2023-03-03T16:00:00Z,17414.0,17414.0,False,False,False,
2023-03-03T17:00:00Z,17379.0,17379.0,False,False,False,
2023-03-03T18:00:00Z,17473.0,17473.0,False,False,False,
2023-03-03T19:00:00Z,17447.0,17447.0,False,False,False,
2023-03-03T20:00:00Z,17718.0,17718.0,False,False,False,
2023-03-03T21:00:00Z,17859.0,17859.0,False,False,False,
2023-03-03T22:00:00Z,17923.0,17923.0,False,False,False,
2023-03-03T23:00:00Z,17977.0,17977.0,False,False,False,
2023-03-04T00:00:00Z,17662.0,17662.0,False,False,False,
2023-03-04T01:00:00Z,17789.0,17789.0,False,False,False,
2023-03-04T02:00:00Z,17579.0,17579.0,False,False,False,
2023-03-04T03:00:00Z,17270.0,17270.0,False,False,False,
2023-03-04T04:00:00Z,16825.0,16825.0,False,False,False,
2023-03-04T05:00:00Z,16171.0,16171.0,False,False,False,
2023-03-04T06:00:00Z,15523.0,15523.0,False,False,False,
2023-03-04T07:00:00Z,14950.0,14950.0,False,False,False,
2023-03-04T08:00:00Z,14598.0,14598.0,False,False,False,
2023-03-04T09:00:00Z,14433.0,14433.0,False,False,False,
2023-03-04T10:00:00Z,14284.0,14284.0,False,False,False,
2023-03-04T11:00:00Z,14441.0,14441.0,False,False,False,
2023-03-04T12:00:00Z,14691.0,14691.0,False,False,False,
2023-03-04T13:00:00Z,15165.0,15165.0,False,False,False,
2023-03-04T14:00:00Z,15133.0,15133.0,False,False,False,
2023-03-04T15:00:00Z,15335.0,15335.0,False,False,False,
2023-03-04T16:00:00Z,15555.0,15555.0,False,False,False,
2023-03-04T17:00:00Z,15456.0,15456.0,False,False,False,
2023-03-04T18:00:00Z,15343.0,15343.0,False,False,False,
2023-03-04T19:00:00Z,15537.0,15537.0,False,False,False,
2023-03-04T20:00:00Z,15531.0,15531.0,False,False,False,
2023-03-04T21:00:00Z,15842.0,15842.0,False,False,False,
2023-03-04T22:00:00Z,16135.0,16135.0,False,False,False,
2023-03-04T23:00:00Z,16315.0,16315.0,False,False,False,
2023-03-05T00:00:00Z,16236.0,16236.0,False,False,False,
2023-03-05T01:00:00Z,16496.0,16496.0,False,False,False,
2023-03-05T02:00:00Z,16553.0,16553.0,False,False,False,
2023-03-05T03:00:00Z,16202.0,16202.0,False,False,False,
2023-03-05T04:00:00Z,15791.0,15791.0,False,False,False,
2023-03-05T05:00:00Z,15340.0,15340.0,False,False,False,
2023-03-05T06:00:00Z,14859.0,14859.0,False,False,False,
2023-03-05T07:00:00Z,14369.0,14369.0,False,False,False,
2023-03-05T08:00:00Z,14189.0,14189.0,False,False,False,
2023-03-05T09:00:00Z,14023.0,14023.0,False,False,False,
2023-03-05T10:00:00Z,13977.0,13977.0,False,False,False,
2023-03-05T11:00:00Z,14143.0,14143.0,False,False,False,
2023-03-05T12:00:00Z,14364.0,14364.0,False,False,False,
2023-03-05T13:00:00Z,14803.0,14803.0,False,False,False,
2023-03-05T14:00:00Z,15351.0,15351.0,False,False,False,
2023-03-05T15:00:00Z,15722.0,15722.0,False,False,False,
2023-03-05T16:00:00Z,15671.0,15671.0,False,False,False,
2023-03-05T17:00:00Z,15622.0,15622.0,False,False,False,
2023-03-05T18:00:00Z,15699.0,15699.0,False,False,False,
2023-03-05T19:00:00Z,16034.0,16034.0,False,False,False,
2023-03-05T20:00:00Z,16490.0,16490.0,False,False,False,
2023-03-05T21:00:00Z,16900.0,16900.0,False,False,False,
2023-03-05T22:00:00Z,17107.0,17107.0,False,False,False,
2023-03-05T23:00:00Z,17421.0,17421.0,False,False,False,
2023-03-06T00:00:00Z,17381.0,17381.0,False,False,False,
2023-03-06T01:00:00Z,17479.0,17479.0,False,False,False,
2023-03-06T02:00:00Z,17591.0,17591.0,False,False,False,
2023-03-06T03:00:00Z,17164.0,17164.0,False,False,False,
2023-03-06T04:00:00Z,16498.0,16498.0,False,False,False,
2023-03-06T05:00:00Z,15551.0,15551.0,False,False,False,
2023-03-06T06:00:00Z,14703.0,14703.0,False,False,False,
2023-03-06T07:00:00Z,14132.0,14132.0,False,False,False,
2023-03-06T08:00:00Z,13854.0,13854.0,False,False,False,
2023-03-06T09:00:00Z,13758.0,13758.0,False,False,False,
2023-03-06T10:00:00Z,13827.0,13827.0,False,False,False,
2023-03-06T11:00:00Z,14169.0,14169.0,False,False,False,
2023-03-06T12:00:00Z,15084.0,15084.0,False,False,False,
2023-03-06T13:00:00Z,16159.0,16159.0,False,False,False,
2023-03-06T14:00:00Z,16441.0,16441.0,False,False,False,
2023-03-06T15:00:00Z,16581.0,16581.0,False,False,False,
2023-03-06T16:00:00Z,16679.0,16679.0,False,False,False,
2023-03-06T17:00:00Z,17104.0,17104.0,False,False,False,
2023-03-06T18:00:00Z,17562.0,17562.0,False,False,False,
2023-03-06T19:00:00Z,17923.0,17923.0,False,False,False,
2023-03-06T20:00:00Z,18410.0,18410.0,False,False,False,
2023-03-06T21:00:00Z,19145.0,19145.0,False,False,False,
2023-03-06T22:00:00Z,19436.0,19436.0,False,False,False,
2023-03-06T23:00:00Z,19615.0,19615.0,False,False,False,
2023-03-07T00:00:00Z,19468.0,19468.0,False,False,False,
2023-03-07T01:00:00Z,19555.0,19555.0,False,False,False,
2023-03-07T02:00:00Z,19649.0,19649.0,False,False,False,
2023-03-07T03:00:00Z,19015.0,19015.0,False,False,False,
2023-03-07T04:00:00Z,18288.0,18288.0,False,False,False,
2023-03-07T05:00:00Z,17184.0,17184.0,False,False,False,
2023-03-07T06:00:00Z,16134.0,16134.0,False,False,False,
2023-03-07T07:00:00Z,15367.0,15367.0,False,False,False,
2023-03-07T08:00:00Z,14937.0,14937.0,False,False,False,
2023-03-07T09:00:00Z,14742.0,14742.0,False,False,False,
2023-03-07T10:00:00Z,14593.0,14593.0,False,False,False,
2023-03-07T11:00:00Z,14757.0,14757.0,False,False,False,
2023-03-07T12:00:00Z,15222.0,15222.0,False,False,False,
2023-03-07T13:00:00Z,16336.0,16336.0,False,False,False,
2023-03-07T14:00:00Z,16714.0,16714.0,False,False,False,
2023-03-07T15:00:00Z,16759.0,16759.0,False,False,False,
2023-03-07T16:00:00Z,17080.0,17080.0,False,False,False,
2023-03-07T17:00:00Z,17468.0,17468.0,False,False,False,
2023-03-07T18:00:00Z,18052.0,18052.0,False,False,False,
2023-03-07T19:00:00Z,18407.0,18407.0,False,False,False,
2023-03-07T20:00:00Z,19036.0,19036.0,False,False,False,
2023-03-07T21:00:00Z,19406.0,19406.0,False,False,False,
2023-03-07T22:00:00Z,19605.0,19605.0,False,False,False,
2023-03-07T23:00:00Z,19670.0,19670.0,False,False,False,
2023-03-08T00:00:00Z,19611.0,19611.0,False,False,False,
2023-03-08T01:00:00Z,19795.0,19795.0,False,False,False,
2023-03-08T02:00:00Z,19761.0,19761.0,False,False,False,
2023-03-08T03:00:00Z,19205.0,19205.0,False,False,False,
2023-03-08T04:00:00Z,18388.0,18388.0,False,False,False,
2023-03-08T05:00:00Z,17440.0,17440.0,False,False,False,
2023-03-08T06:00:00Z,16441.0,16441.0,False,False,False,
2023-03-08T07:00:00Z,15683.0,15683.0,False,False,False,
2023-03-08T08:00:00Z,15328.0,15328.0,False,False,False,
2023-03-08T09:00:00Z,14988.0,14988.0,False,False,False,
2023-03-08T10:00:00Z,14877.0,14877.0,False,False,False,
2023-03-08T11:00:00Z,14999.0,14999.0,False,False,False,
2023-03-08T12:00:00Z,15621.0,15621.0,False,False,False,
2023-03-08T13:00:00Z,16716.0,16716.0,False,False,False,
2023-03-08T14:00:00Z,17080.0,17080.0,False,False,False,
2023-03-08T15:00:00Z,17359.0,17359.0,False,False,False,
2023-03-08T16:00:00Z,17852.0,17852.0,False,False,False,
2023-03-08T17:00:00Z,18335.0,18335.0,False,False,False,
2023-03-08T18:00:00Z,18971.0,18971.0,False,False,False,
2023-03-08T19:00:00Z,19621.0,19621.0,False,False,False,
2023-03-08T20:00:00Z,20151.0,20151.0,False,False,False,
2023-03-08T21:00:00Z,20423.0,20423.0,False,False,False,
2023-03-08T22:00:00Z,20651.0,20651.0,False,False,False,
2023-03-08T23:00:00Z,20857.0,20857.0,False,False,False,
2023-03-09T00:00:00Z,20613.0,20613.0,False,False,False,
2023-03-09T01:00:00Z,20414.0,20414.0,False,False,False,
2023-03-09T02:00:00Z,20267.0,20267.0,False,False,False,
2023-03-09T03:00:00Z,19699.0,19699.0,False,False,False,
2023-03-09T04:00:00Z,18974.0,18974.0,False,False,False,
2023-03-09T05:00:00Z,17869.0,17869.0,False,False,False,
2023-03-09T06:00:00Z,16893.0,16893.0,False,False,False,
2023-03-09T07:00:00Z,16237.0,16237.0,False,False,False,
2023-03-09T08:00:00Z,15651.0,15651.0,False,False,False,
2023-03-09T09:00:00Z,15279.0,15279.0,False,False,False,
2023-03-09T10:00:00Z,15232.0,15232.0,False,False,False,
2023-03-09T11:00:00Z,15340.0,15340.0,False,False,False,
2023-03-09T12:00:00Z,15963.0,15963.0,False,False,False,
2023-03-09T13:00:00Z,16806.0,16806.0,False,False,False,
2023-03-09T14:00:00Z,17192.0,17192.0,False,False,False,
2023-03-09T15:00:00Z,17513.0,17513.0,False,False,False,
2023-03-09T16:00:00Z,18080.0,18080.0,False,False,False,
2023-03-09T17:00:00Z,18631.0,18631.0,False,False,False,
2023-03-09T18:00:00Z,19201.0,19201.0,False,False,False,
2023-03-09T19:00:00Z,19789.0,19789.0,False,False,False,
2023-03-09T20:00:00Z,20325.0,20325.0,False,False,False,
2023-03-09T21:00:00Z,20739.0,20739.0,False,False,False,
2023-03-09T22:00:00Z,20894.0,20894.0,False,False,False,
2023-03-09T23:00:00Z,20861.0,20861.0,False,False,False,
2023-03-10T00:00:00Z,20601.0,20601.0,False,False,False,
2023-03-10T01:00:00Z,20431.0,20431.0,False,False,False,
2023-03-10T02:00:00Z,20197.0,20197.0,False,False,False,
2023-03-10T03:00:00Z,19626.0,19626.0,False,False,False,
2023-03-10T04:00:00Z,18809.0,18809.0,False,False,False,
2023-03-10T05:00:00Z,17816.0,17816.0,False,False,False,
2023-03-10T06:00:00Z,16972.0,16972.0,False,False,False,
2023-03-10T07:00:00Z,16093.0,16093.0,False,False,False,
2023-03-10T08:00:00Z,15621.0,15621.0,False,False,False,
2023-03-10T09:00:00Z,15314.0,15314.0,False,False,False,
2023-03-10T10:00:00Z,15205.0,15205.0,False,False,False,
2023-03-10T11:00:00Z,15397.0,15397.0,False,False,False,
2023-03-10T12:00:00Z,15836.0,15836.0,False,False,False,
2023-03-10T13:00:00Z,16804.0,16804.0,False,False,False,
2023-03-10T14:00:00Z,17298.0,17298.0,False,False,False,
2023-03-10T15:00:00Z,17568.0,17568.0,False,False,False,
2023-03-10T16:00:00Z,17859.0,17859.0,False,False,False,
2023-03-10T17:00:00Z,17887.0,17887.0,False,False,False,
2023-03-10T18:00:00Z,17833.0,17833.0,False,False,False,
2023-03-10T19:00:00Z,17895.0,17895.0,False,False,False,
2023-03-10T20:00:00Z,17988.0,17988.0,False,False,False,
2023-03-10T21:00:00Z,17846.0,17846.0,False,False,False,
2023-03-10T22:00:00Z,17767.0,17767.0,False,False,False,
2023-03-10T23:00:00Z,17518.0,17518.0,False,False,False,
2023-03-11T00:00:00Z,17480.0,17480.0,False,False,False,
2023-03-11T01:00:00Z,17704.0,17704.0,False,False,False,
2023-03-11T02:00:00Z,17839.0,17839.0,False,False,False,
2023-03-11T03:00:00Z,17554.0,17554.0,False,False,False,
2023-03-11T04:00:00Z,17340.0,17340.0,False,False,False,
2023-03-11T05:00:00Z,16720.0,16720.0,False,False,False,
2023-03-11T06:00:00Z,16005.0,16005.0,False,False,False,
2023-03-11T07:00:00Z,15499.0,15499.0,False,False,False,
2023-03-11T08:00:00Z,15195.0,15195.0,False,False,False,
2023-03-11T09:00:00Z,14983.0,14983.0,False,False,False,
2023-03-11T10:00:00Z,14901.0,14901.0,False,False,False,
2023-03-11T11:00:00Z,14850.0,14850.0,False,False,False,
2023-03-11T12:00:00Z,15131.0,15131.0,False,False,False,
2023-03-11T13:00:00Z,15433.0,15433.0,False,False,False,
2023-03-11T14:00:00Z,15967.0,15967.0,False,False,False,
2023-03-11T15:00:00Z,16700.0,16700.0,False,False,False,
2023-03-11T16:00:00Z,17267.0,17267.0,False,False,False,
2023-03-11T17:00:00Z,17779.0,17779.0,False,False,False,
2023-03-11T18:00:00Z,18178.0,18178.0,False,False,False,
2023-03-11T19:00:00Z,18409.0,18409.0,False,False,False,
2023-03-11T20:00:00Z,18722.0,18722.0,False,False,False,
2023-03-11T21:00:00Z,18854.0,18854.0,False,False,False,
2023-03-11T22:00:00Z,19004.0,19004.0,False,False,False,
2023-03-11T23:00:00Z,19071.0,19071.0,False,False,False,
2023-03-12T00:00:00Z,18848.0,18848.0,False,False,False,
2023-03-12T01:00:00Z,18882.0,18882.0,False,False,False,
2023-03-12T02:00:00Z,18908.0,18908.0,False,False,False,
2023-03-12T03:00:00Z,18563.0,18563.0,False,False,False,
2023-03-12T04:00:00Z,17953.0,17953.0,False,False,False,
2023-03-12T05:00:00Z,17289.0,17289.0,False,False,False,
2023-03-12T06:00:00Z,16739.0,16739.0,False,False,False,
2023-03-12T07:00:00Z,16025.0,16025.0,False,False,False,
2023-03-12T08:00:00Z,15709.0,15709.0,False,False,False,
2023-03-12T09:00:00Z,15363.0,15363.0,False,False,False,
2023-03-12T10:00:00Z,15267.0,15267.0,False,False,False,
2023-03-12T11:00:00Z,15255.0,15255.0,False,False,False,
2023-03-12T12:00:00Z,15480.0,15480.0,False,False,False,
2023-03-12T13:00:00Z,15716.0,15716.0,False,False,False,
2023-03-12T14:00:00Z,16299.0,16299.0,False,False,False,
2023-03-12T15:00:00Z,16954.0,16954.0,False,False,False,
2023-03-12T16:00:00Z,17521.0,17521.0,False,False,False,
2023-03-12T17:00:00Z,17914.0,17914.0,False,False,False,
2023-03-12T18:00:00Z,18239.0,18239.0,False,False,False,
2023-03-12T19:00:00Z,18332.0,18332.0,False,False,False,
2023-03-12T20:00:00Z,18386.0,18386.0,False,False,False,
2023-03-12T21:00:00Z,18454.0,18454.0,False,False,False,
2023-03-12T22:00:00Z,18570.0,18570.0,False,False,False,
2023-03-12T23:00:00Z,18419.0,18419.0,False,False,False,
2023-03-13T00:00:00Z,18251.0,18251.0,False,False,False,
2023-03-13T01:00:00Z,18504.0,18504.0,False,False,False,
2023-03-13T02:00:00Z,18376.0,18376.0,False,False,False,
2023-03-13T03:00:00Z,17887.0,17887.0,False,False,False,
2023-03-13T04:00:00Z,16956.0,16956.0,False,False,False,
2023-03-13T05:00:00Z,16054.0,16054.0,False,False,False,
2023-03-13T06:00:00Z,15326.0,15326.0,False,False,False,
2023-03-13T07:00:00Z,15027.0,15027.0,False,False,False,
2023-03-13T08:00:00Z,14835.0,14835.0,False,False,False,
2023-03-13T09:00:00Z,14837.0,14837.0,False,False,False,
2023-03-13T10:00:00Z,15146.0,15146.0,False,False,False,
2023-03-13T11:00:00Z,15877.0,15877.0,False,False,False,
2023-03-13T12:00:00Z,17292.0,17292.0,False,False,False,
2023-03-13T13:00:00Z,17925.0,17925.0,False,False,False,
2023-03-13T14:00:00Z,18021.0,18021.0,False,False,False,
2023-03-13T15:00:00Z,17957.0,17957.0,False,False,False,
2023-03-13T16:00:00Z,17953.0,17953.0,False,False,False,
2023-03-13T17:00:00Z,17706.0,17706.0,False,False,False,
2023-03-13T18:00:00Z,17341.0,17341.0,False,False,False,
2023-03-13T19:00:00Z,17107.0,17107.0,False,False,False,
2023-03-13T20:00:00Z,16833.0,16833.0,False,False,False,
2023-03-13T21:00:00Z,16636.0,16636.0,False,False,False,
2023-03-13T22:00:00Z,16602.0,16602.0,False,False,False,
2023-03-13T23:00:00Z,16677.0,16677.0,False,False,False,
2023-03-14T00:00:00Z,17070.0,17070.0,False,False,False,
2023-03-14T01:00:00Z,17778.0,17778.0,False,False,False,
2023-03-14T02:00:00Z,18220.0,18220.0,False,False,False,
2023-03-14T03:00:00Z,18027.0,18027.0,False,False,False,
2023-03-14T04:00:00Z,17348.0,17348.0,False,False,False,
2023-03-14T05:00:00Z,16660.0,16660.0,False,False,False,
2023-03-14T06:00:00Z,16105.0,16105.0,False,False,False,
2023-03-14T07:00:00Z,15989.0,15989.0,False,False,False,
2023-03-14T08:00:00Z,16032.0,16032.0,False,False,False,
2023-03-14T09:00:00Z,16083.0,16083.0,False,False,False,
2023-03-14T10:00:00Z,16541.0,16541.0,False,False,False,
2023-03-14T11:00:00Z,17421.0,17421.0,False,False,False,
2023-03-14T12:00:00Z,18917.0,18917.0,False,False,False,
2023-03-14T13:00:00Z,19690.0,19690.0,False,False,False,
2023-03-14T14:00:00Z,19700.0,19700.0,False,False,False,
2023-03-14T15:00:00Z,19341.0,19341.0,False,False,False,
2023-03-14T16:00:00Z,18927.0,18927.0,False,False,False,
2023-03-14T17:00:00Z,18490.0,18490.0,False,False,False,
2023-03-14T18:00:00Z,17959.0,17959.0,False,False,False,
2023-03-14T19:00:00Z,17506.0,17506.0,False,False,False,
2023-03-14T20:00:00Z,17043.0,17043.0,False,False,False,
2023-03-14T21:00:00Z,16753.0,16753.0,False,False,False,
2023-03-14T22:00:00Z,16843.0,16843.0,False,False,False,
2023-03-14T23:00:00Z,17036.0,17036.0,False,False,False,
2023-03-15T00:00:00Z,17566.0,17566.0,False,False,False,
2023-03-15T01:00:00Z,18309.0,18309.0,False,False,False,
2023-03-15T02:00:00Z,18703.0,18703.0,False,False,False,
2023-03-15T03:00:00Z,18285.0,18285.0,False,False,False,
2023-03-15T04:00:00Z,17621.0,17621.0,False,False,False,
2023-03-15T05:00:00Z,16974.0,16974.0,False,False,False,
2023-03-15T06:00:00Z,16576.0,16576.0,False,False,False,
2023-03-15T07:00:00Z,16425.0,16425.0,False,False,False,
2023-03-15T08:00:00Z,16439.0,16439.0,False,False,False,
2023-03-15T09:00:00Z,16648.0,16648.0,False,False,False,
2023-03-15T10:00:00Z,17210.0,17210.0,False,False,False,
2023-03-15T11:00:00Z,17970.0,17970.0,False,False,False,
2023-03-15T12:00:00Z,19408.0,19408.0,False,False,False,
2023-03-15T13:00:00Z,20114.0,20114.0,False,False,False,
2023-03-15T14:00:00Z,19699.0,19699.0,False,False,False,
2023-03-15T15:00:00Z,19051.0,19051.0,False,False,False,
2023-03-15T16:00:00Z,18172.0,18172.0,False,False,False,
2023-03-15T17:00:00Z,17399.0,17399.0,False,False,False,
2023-03-15T18:00:00Z,16837.0,16837.0,False,False,False,
2023-03-15T19:00:00Z,16591.0,16591.0,False,False,False,
2023-03-15T20:00:00Z,16281.0,16281.0,False,False,False,
2023-03-15T21:00:00Z,16289.0,16289.0,False,False,False,
2023-03-15T22:00:00Z,16223.0,16223.0,False,False,False,
2023-03-15T23:00:00Z,16484.0,16484.0,False,False,False,
2023-03-16T00:00:00Z,16818.0,16818.0,False,False,False,
2023-03-16T01:00:00Z,17409.0,17409.0,False,False,False,
2023-03-16T02:00:00Z,17807.0,17807.0,False,False,False,
2023-03-16T03:00:00Z,17597.0,17597.0,False,False,False,
2023-03-16T04:00:00Z,16828.0,16828.0,False,False,False,
2023-03-16T05:00:00Z,16088.0,16088.0,False,False,False,
2023-03-16T06:00:00Z,15702.0,15702.0,False,False,False,
2023-03-16T07:00:00Z,15429.0,15429.0,False,False,False,
2023-03-16T08:00:00Z,15363.0,15363.0,False,False,False,
2023-03-16T09:00:00Z,15512.0,15512.0,False,False,False,
2023-03-16T10:00:00Z,15684.0,15684.0,False,False,False,
2023-03-16T11:00:00Z,16562.0,16562.0,False,False,False,
2023-03-16T12:00:00Z,17891.0,17891.0,False,False,False,
2023-03-16T13:00:00Z,18391.0,18391.0,False,False,False,
2023-03-16T14:00:00Z,18312.0,18312.0,False,False,False,
2023-03-16T15:00:00Z,18035.0,18035.0,False,False,False,
2023-03-16T16:00:00Z,17623.0,17623.0,False,False,False,
2023-03-16T17:00:00Z,17422.0,17422.0,False,False,False,
2023-03-16T18:00:00Z,17168.0,17168.0,False,False,False,
2023-03-16T19:00:00Z,16996.0,16996.0,False,False,False,
2023-03-16T20:00:00Z,16997.0,16997.0,False,False,False,
2023-03-16T21:00:00Z,17110.0,17110.0,False,False,False,
2023-03-16T22:00:00Z,17297.0,17297.0,False,False,False,
2023-03-16T23:00:00Z,17410.0,17410.0,False,False,False,
2023-03-17T00:00:00Z,17602.0,17602.0,False,False,False,
2023-03-17T01:00:00Z,17966.0,17966.0,False,False,False,
2023-03-17T02:00:00Z,18095.0,18095.0,False,False,False,
2023-03-17T03:00:00Z,17621.0,17621.0,False,False,False,
2023-03-17T04:00:00Z,16783.0,16783.0,False,False,False,
2023-03-17T05:00:00Z,16002.0,16002.0,False,False,False,
2023-03-17T06:00:00Z,15420.0,15420.0,False,False,False,
2023-03-17T07:00:00Z,14944.0,14944.0,False,False,False,
2023-03-17T08:00:00Z,14787.0,14787.0,False,False,False,
2023-03-17T09:00:00Z,14874.0,14874.0,False,False,False,
2023-03-17T10:00:00Z,15071.0,15071.0,False,False,False,
2023-03-17T11:00:00Z,15633.0,15633.0,False,False,False,
2023-03-17T12:00:00Z,16688.0,16688.0,False,False,False,
2023-03-17T13:00:00Z,17467.0,17467.0,False,False,False,
2023-03-17T14:00:00Z,17756.0,17756.0,False,False,False,
2023-03-17T15:00:00Z,18100.0,18100.0,False,False,False,
2023-03-17T16:00:00Z,18188.0,18188.0,False,False,False,
2023-03-17T17:00:00Z,18125.0,18125.0,False,False,False,
2023-03-17T18:00:00Z,17918.0,17918.0,False,False,False,
2023-03-17T19:00:00Z,17813.0,17813.0,False,False,False,
2023-03-17T20:00:00Z,17532.0,17532.0,False,False,False,
2023-03-17T21:00:00Z,17360.0,17360.0,False,False,False,
2023-03-17T22:00:00Z,17297.0,17297.0,False,False,False,
2023-03-17T23:00:00Z,17227.0,17227.0,False,False,False,
2023-03-18T00:00:00Z,17540.0,17540.0,False,False,False,
2023-03-18T01:00:00Z,18209.0,18209.0,False,False,False,
2023-03-18T02:00:00Z,18718.0,18718.0,False,False,False,
2023-03-18T03:00:00Z,18659.0,18659.0,False,False,False,
2023-03-18T04:00:00Z,18356.0,18356.0,False,False,False,
2023-03-18T05:00:00Z,17850.0,17850.0,False,False,False,
2023-03-18T06:00:00Z,17409.0,17409.0,False,False,False,
2023-03-18T07:00:00Z,17120.0,17120.0,False,False,False,
2023-03-18T08:00:00Z,17152.0,17152.0,False,False,False,
2023-03-18T09:00:00Z,17190.0,17190.0,False,False,False,
2023-03-18T10:00:00Z,17403.0,17403.0,False,False,False,
2023-03-18T11:00:00Z,17794.0,17794.0,False,False,False,
2023-03-18T12:00:00Z,18590.0,18590.0,False,False,False,
2023-03-18T13:00:00Z,19168.0,19168.0,False,False,False,
2023-03-18T14:00:00Z,19802.0,19802.0,False,False,False,
2023-03-18T15:00:00Z,19866.0,19866.0,False,False,False,
2023-03-18T16:00:00Z,19525.0,19525.0,False,False,False,
2023-03-18T17:00:00Z,19222.0,19222.0,False,False,False,
2023-03-18T18:00:00Z,18613.0,18613.0,False,False,False,
2023-03-18T19:00:00Z,18256.0,18256.0,False,False,False,
2023-03-18T20:00:00Z,18052.0,18052.0,False,False,False,
2023-03-18T21:00:00Z,17809.0,17809.0,False,False,False,
2023-03-18T22:00:00Z,17767.0,17767.0,False,False,False,
2023-03-18T23:00:00Z,17974.0,17974.0,False,False,False,
2023-03-19T00:00:00Z,18389.0,18389.0,False,False,False,
2023-03-19T01:00:00Z,19133.0,19133.0,False,False,False,
2023-03-19T02:00:00Z,19484.0,19484.0,False,False,False,
2023-03-19T03:00:00Z,19318.0,19318.0,False,False,False,
2023-03-19T04:00:00Z,19029.0,19029.0,False,False,False,
2023-03-19T05:00:00Z,18537.0,18537.0,False,False,False,
2023-03-19T06:00:00Z,18193.0,18193.0,False,False,False,
2023-03-19T07:00:00Z,18094.0,18094.0,False,False,False,
2023-03-19T08:00:00Z,18202.0,18202.0,False,False,False,
2023-03-19T09:00:00Z,18373.0,18373.0,False,False,False,
2023-03-19T10:00:00Z,18788.0,18788.0,False,False,False,
2023-03-19T11:00:00Z,19312.0,19312.0,False,False,False,
2023-03-19T12:00:00Z,20110.0,20110.0,False,False,False,
2023-03-19T13:00:00Z,20911.0,20911.0,False,False,False,
2023-03-19T14:00:00Z,21409.0,21409.0,False,False,False,
2023-03-19T15:00:00Z,21132.0,21132.0,False,False,False,
2023-03-19T16:00:00Z,20643.0,20643.0,False,False,False,
2023-03-19T17:00:00Z,19952.0,19952.0,False,False,False,
2023-03-19T18:00:00Z,19290.0,19290.0,False,False,False,
2023-03-19T19:00:00Z,18687.0,18687.0,False,False,False,
2023-03-19T20:00:00Z,18141.0,18141.0,False,False,False,
2023-03-19T21:00:00Z,17668.0,17668.0,False,False,False,
2023-03-19T22:00:00Z,17614.0,17614.0,False,False,False,
2023-03-19T23:00:00Z,17706.0,17706.0,False,False,False,
2023-03-20T00:00:00Z,18314.0,18314.0,False,False,False,
2023-03-20T01:00:00Z,19518.0,19518.0,False,False,False,
2023-03-20T02:00:00Z,20555.0,20555.0,False,False,False,
2023-03-20T03:00:00Z,20757.0,20757.0,False,False,False,
2023-03-20T04:00:00Z,20385.0,20385.0,False,False,False,
2023-03-20T05:00:00Z,19937.0,19937.0,False,False,False,
2023-03-20T06:00:00Z,19733.0,19733.0,False,False,False,
2023-03-20T07:00:00Z,19666.0,19666.0,False,False,False,
2023-03-20T08:00:00Z,19853.0,19853.0,False,False,False,
2023-03-20T09:00:00Z,20432.0,20432.0,False,False,False,
2023-03-20T10:00:00Z,21132.0,21132.0,False,False,False,
2023-03-20T11:00:00Z,22448.0,22448.0,False,False,False,
2023-03-20T12:00:00Z,24133.0,24133.0,False,False,False,
2023-03-20T13:00:00Z,25004.0,25004.0,False,False,False,
2023-03-20T14:00:00Z,24433.0,24433.0,False,False,False,
2023-03-20T15:00:00Z,23356.0,23356.0,False,False,False,
2023-03-20T16:00:00Z,22042.0,22042.0,False,False,False,
2023-03-20T17:00:00Z,20886.0,20886.0,False,False,False,
2023-03-20T18:00:00Z,19863.0,19863.0,False,False,False,
2023-03-20T19:00:00Z,19131.0,19131.0,False,False,False,
2023-03-20T20:00:00Z,18347.0,18347.0,False,False,False,
2023-03-20T21:00:00Z,17993.0,17993.0,False,False,False,
2023-03-20T22:00:00Z,17852.0,17852.0,False,False,False,
2023-03-20T23:00:00Z,18030.0,18030.0,False,False,False,
2023-03-21T00:00:00Z,18547.0,18547.0,False,False,False,
2023-03-21T01:00:00Z,19457.0,19457.0,False,False,False,
2023-03-21T02:00:00Z,19998.0,19998.0,False,False,False,
2023-03-21T03:00:00Z,19694.0,19694.0,False,False,False,
2023-03-21T04:00:00Z,19064.0,19064.0,False,False,False,
2023-03-21T05:00:00Z,18187.0,18187.0,False,False,False,
2023-03-21T06:00:00Z,17838.0,17838.0,False,False,False,
2023-03-21T07:00:00Z,17592.0,17592.0,False,False,False,
2023-03-21T08:00:00Z,17507.0,17507.0,False,False,False,
2023-03-21T09:00:00Z,17607.0,17607.0,False,False,False,
2023-03-21T10:00:00Z,17917.0,17917.0,False,False,False,
2023-03-21T11:00:00Z,18675.0,18675.0,False,False,False,
2023-03-21T12:00:00Z,20106.0,20106.0,False,False,False,
2023-03-21T13:00:00Z,20410.0,20410.0,False,False,False,
2023-03-21T14:00:00Z,20060.0,20060.0,False,False,False,
2023-03-21T15:00:00Z,19741.0,19741.0,False,False,False,
2023-03-21T16:00:00Z,19321.0,19321.0,False,False,False,
2023-03-21T17:00:00Z,18803.0,18803.0,False,False,False,
2023-03-21T18:00:00Z,18244.0,18244.0,False,False,False,
2023-03-21T19:00:00Z,18013.0,18013.0,False,False,False,
2023-03-21T20:00:00Z,17703.0,17703.0,False,False,False,
2023-03-21T21:00:00Z,17607.0,17607.0,False,False,False,
2023-03-21T22:00:00Z,17475.0,17475.0,False,False,False,
2023-03-21T23:00:00Z,17553.0,17553.0,False,False,False,
2023-03-22T00:00:00Z,17774.0,17774.0,False,False,False,
2023-03-22T01:00:00Z,18148.0,18148.0,False,False,False,
2023-03-22T02:00:00Z,18475.0,18475.0,False,False,False,
2023-03-22T03:00:00Z,18081.0,18081.0,False,False,False,
2023-03-22T04:00:00Z,17153.0,17153.0,False,False,False,
2023-03-22T05:00:00Z,16295.0,16295.0,False,False,False,
2023-03-22T06:00:00Z,15718.0,15718.0,False,False,False,
2023-03-22T07:00:00Z,15300.0,15300.0,False,False,False,
2023-03-22T08:00:00Z,15070.0,15070.0,False,False,False,
2023-03-22T09:00:00Z,15122.0,15122.0,False,False,False,
2023-03-22T10:00:00Z,15131.0,15131.0,False,False,False,
2023-03-22T11:00:00Z,15867.0,15867.0,False,False,False,
2023-03-22T12:00:00Z,17001.0,17001.0,False,False,False,
2023-03-22T13:00:00Z,17487.0,17487.0,False,False,False,
2023-03-22T14:00:00Z,17460.0,17460.0,False,False,False,
2023-03-22T15:00:00Z,17331.0,17331.0,False,False,False,
2023-03-22T16:00:00Z,17235.0,17235.0,False,False,False,
2023-03-22T17:00:00Z,17323.0,17323.0,False,False,False,
2023-03-22T18:00:00Z,17437.0,17437.0,False,False,False,
2023-03-22T19:00:00Z,17654.0,17654.0,False,False,False,
2023-03-22T20:00:00Z,17872.0,17872.0,False,False,False,
2023-03-22T21:00:00Z,18057.0,18057.0,False,False,False,
2023-03-22T22:00:00Z,18486.0,18486.0,False,False,False,
2023-03-22T23:00:00Z,18454.0,18454.0,False,False,False,
2023-03-23T00:00:00Z,18502.0,18502.0,False,False,False,
2023-03-23T01:00:00Z,18538.0,18538.0,False,False,False,
2023-03-23T02:00:00Z,18747.0,18747.0,False,False,False,
2023-03-23T03:00:00Z,18341.0,18341.0,False,False,False,
2023-03-23T04:00:00Z,17338.0,17338.0,False,False,False,
2023-03-23T05:00:00Z,16325.0,16325.0,False,False,False,
2023-03-23T06:00:00Z,15520.0,15520.0,False,False,False,
2023-03-23T07:00:00Z,14901.0,14901.0,False,False,False,
2023-03-23T08:00:00Z,14631.0,14631.0,False,False,False,
2023-03-23T09:00:00Z,14445.0,14445.0,False,False,False,
2023-03-23T10:00:00Z,14650.0,14650.0,False,False,False,
2023-03-23T11:00:00Z,15155.0,15155.0,False,False,False,
2023-03-23T12:00:00Z,16297.0,16297.0,False,False,False,
2023-03-23T13:00:00Z,16621.0,16621.0,False,False,False,
2023-03-23T14:00:00Z,16801.0,16801.0,False,False,False,
2023-03-23T15:00:00Z,17022.0,17022.0,False,False,False,
2023-03-23T16:00:00Z,17321.0,17321.0,False,False,False,
2023-03-23T17:00:00Z,17744.0,17744.0,False,False,False,
2023-03-23T18:00:00Z,18119.0,18119.0,False,False,False,
2023-03-23T19:00:00Z,18711.0,18711.0,False,False,False,
2023-03-23T20:00:00Z,19182.0,19182.0,False,False,False,
2023-03-23T21:00:00Z,19596.0,19596.0,False,False,False,
2023-03-23T22:00:00Z,19919.0,19919.0,False,False,False,
2023-03-23T23:00:00Z,19952.0,19952.0,False,False,False,
2023-03-24T00:00:00Z,19763.0,19763.0,False,False,False,
2023-03-24T01:00:00Z,19749.0,19749.0,False,False,False,
2023-03-24T02:00:00Z,19812.0,19812.0,False,False,False,
2023-03-24T03:00:00Z,19303.0,19303.0,False,False,False,
2023-03-24T04:00:00Z,18303.0,18303.0,False,False,False,
2023-03-24T05:00:00Z,17295.0,17295.0,False,False,False,
2023-03-24T06:00:00Z,16406.0,16406.0,False,False,False,
2023-03-24T07:00:00Z,15816.0,15816.0,False,False,False,
2023-03-24T08:00:00Z,15426.0,15426.0,False,False,False,
2023-03-24T09:00:00Z,15340.0,15340.0,False,False,False,
2023-03-24T10:00:00Z,15328.0,15328.0,False,False,False,
2023-03-24T11:00:00Z,15859.0,15859.0,False,False,False,
2023-03-24T12:00:00Z,16662.0,16662.0,False,False,False,
2023-03-24T13:00:00Z,17028.0,17028.0,False,False,False,
2023-03-24T14:00:00Z,17202.0,17202.0,False,False,False,
2023-03-24T15:00:00Z,17685.0,17685.0,False,False,False,
2023-03-24T16:00:00Z,18149.0,18149.0,False,False,False,
2023-03-24T17:00:00Z,18563.0,18563.0,False,False,False,
2023-03-24T18:00:00Z,18905.0,18905.0,False,False,False,
2023-03-24T19:00:00Z,19044.0,19044.0,False,False,False,
2023-03-24T20:00:00Z,19056.0,19056.0,False,False,False,
2023-03-24T21:00:00Z,19055.0,19055.0,False,False,False,
2023-03-24T22:00:00Z,19206.0,19206.0,False,False,False,
2023-03-24T23:00:00Z,19026.0,19026.0,False,False,False,
2023-03-25T00:00:00Z,18817.0,18817.0,False,False,False,
2023-03-25T01:00:00Z,18720.0,18720.0,False,False,False,
2023-03-25T02:00:00Z,18546.0,18546.0,False,False,False,
2023-03-25T03:00:00Z,18182.0,18182.0,False,False,False,
2023-03-25T04:00:00Z,17730.0,17730.0,False,False,False,
2023-03-25T05:00:00Z,16927.0,16927.0,False,False,False,
2023-03-25T06:00:00Z,16310.0,16310.0,False,False,False,
2023-03-25T07:00:00Z,15860.0,15860.0,False,False,False,
2023-03-25T08:00:00Z,15340.0,15340.0,False,False,False,
2023-03-25T09:00:00Z,15143.0,15143.0,False,False,False,
2023-03-25T10:00:00Z,15145.0,15145.0,False,False,False,
2023-03-25T11:00:00Z,15223.0,15223.0,False,False,False,
2023-03-25T12:00:00Z,15481.0,15481.0,False,False,False,
2023-03-25T13:00:00Z,15677.0,15677.0,False,False,False,
2023-03-25T14:00:00Z,16226.0,16226.0,False,False,False,
2023-03-25T15:00:00Z,16842.0,16842.0,False,False,False,
2023-03-25T16:00:00Z,17369.0,17369.0,False,False,False,
2023-03-25T17:00:00Z,17851.0,17851.0,False,False,False,
2023-03-25T18:00:00Z,18233.0,18233.0,False,False,False,
2023-03-25T19:00:00Z,18686.0,18686.0,False,False,False,
2023-03-25T20:00:00Z,19163.0,19163.0,False,False,False,
2023-03-25T21:00:00Z,19653.0,19653.0,False,False,False,
2023-03-25T22:00:00Z,19891.0,19891.0,False,False,False,
2023-03-25T23:00:00Z,19870.0,19870.0,False,False,False,
2023-03-26T00:00:00Z,19503.0,19503.0,False,False,False,
2023-03-26T01:00:00Z,18815.0,18815.0,False,False,False,
2023-03-26T02:00:00Z,18703.0,18703.0,False,False,False,
2023-03-26T03:00:00Z,18149.0,18149.0,False,False,False,
2023-03-26T04:00:00Z,17430.0,17430.0,False,False,False,
2023-03-26T05:00:00Z,16587.0,16587.0,False,False,False,
2023-03-26T06:00:00Z,15854.0,15854.0,False,False,False,
2023-03-26T07:00:00Z,15414.0,15414.0,False,False,False,
2023-03-26T08:00:00Z,15163.0,15163.0,False,False,False,
2023-03-26T09:00:00Z,14986.0,14986.0,False,False,False,
2023-03-26T10:00:00Z,14831.0,14831.0,False,False,False,
2023-03-26T11:00:00Z,15039.0,15039.0,False,False,False,
2023-03-26T12:00:00Z,15313.0,15313.0,False,False,False,
2023-03-26T13:00:00Z,15619.0,15619.0,False,False,False,
2023-03-26T14:00:00Z,16140.0,16140.0,False,False,False,
2023-03-26T15:00:00Z,16608.0,16608.0,False,False,False,
2023-03-26T16:00:00Z,17006.0,17006.0,False,False,False,
2023-03-26T17:00:00Z,17365.0,17365.0,False,False,False,
2023-03-26T18:00:00Z,18001.0,18001.0,False,False,False,
2023-03-26T19:00:00Z,18537.0,18537.0,False,False,False,
2023-03-26T20:00:00Z,18993.0,18993.0,False,False,False,
2023-03-26T21:00:00Z,19260.0,19260.0,False,False,False,
2023-03-26T22:00:00Z,19443.0,19443.0,False,False,False,
2023-03-26T23:00:00Z,19338.0,19338.0,False,False,False,
2023-03-27T00:00:00Z,19108.0,19108.0,False,False,False,
2023-03-27T01:00:00Z,19038.0,19038.0,False,False,False,
2023-03-27T02:00:00Z,19089.0,19089.0,False,False,False,
2023-03-27T03:00:00Z,18530.0,18530.0,False,False,False,
2023-03-27T04:00:00Z,17737.0,17737.0,False,False,False,
2023-03-27T05:00:00Z,16623.0,16623.0,False,False,False,
2023-03-27T06:00:00Z,15911.0,15911.0,False,False,False,
2023-03-27T07:00:00Z,15401.0,15401.0,False,False,False,
2023-03-27T08:00:00Z,15202.0,15202.0,False,False,False,
2023-03-27T09:00:00Z,15088.0,15088.0,False,False,False,
2023-03-27T10:00:00Z,15189.0,15189.0,False,False,False,
2023-03-27T11:00:00Z,15799.0,15799.0,False,False,False,
2023-03-27T12:00:00Z,16954.0,16954.0,False,False,False,
2023-03-27T13:00:00Z,17353.0,17353.0,False,False,False,
2023-03-27T14:00:00Z,17266.0,17266.0,False,False,False,
2023-03-27T15:00:00Z,17353.0,17353.0,False,False,False,
2023-03-27T16:00:00Z,17512.0,17512.0,False,False,False,
2023-03-27T17:00:00Z,17890.0,17890.0,False,False,False,
2023-03-27T18:00:00Z,18244.0,18244.0,False,False,False,
2023-03-27T19:00:00Z,18788.0,18788.0,False,False,False,
2023-03-27T20:00:00Z,19108.0,19108.0,False,False,False,
2023-03-27T21:00:00Z,19628.0,19628.0,False,False,False,
2023-03-27T22:00:00Z,19980.0,19980.0,False,False,False,
2023-03-27T23:00:00Z,19991.0,19991.0,False,False,False,
2023-03-28T00:00:00Z,19716.0,19716.0,False,False,False,
2023-03-28T01:00:00Z,19735.0,19735.0,False,False,False,
2023-03-28T02:00:00Z,19637.0,19637.0,False,False,False,
2023-03-28T03:00:00Z,19140.0,19140.0,False,False,False,
2023-03-28T04:00:00Z,17999.0,17999.0,False,False,False,
2023-03-28T05:00:00Z,16939.0,16939.0,False,False,False,
2023-03-28T06:00:00Z,16127.0,16127.0,False,False,False,
2023-03-28T07:00:00Z,15568.0,15568.0,False,False,False,
2023-03-28T08:00:00Z,15232.0,15232.0,False,False,False,
2023-03-28T09:00:00Z,15131.0,15131.0,False,False,False,
2023-03-28T10:00:00Z,15225.0,15225.0,False,False,False,
2023-03-28T11:00:00Z,15689.0,15689.0,False,False,False,
2023-03-28T12:00:00Z,16952.0,16952.0,False,False,False,
2023-03-28T13:00:00Z,17236.0,17236.0,False,False,False,
2023-03-28T14:00:00Z,17156.0,17156.0,False,False,False,
2023-03-28T15:00:00Z,17204.0,17204.0,False,False,False,
2023-03-28T16:00:00Z,17191.0,17191.0,False,False,False,
2023-03-28T17:00:00Z,17380.0,17380.0,False,False,False,
2023-03-28T18:00:00Z,17508.0,17508.0,False,False,False,
2023-03-28T19:00:00Z,17832.0,17832.0,False,False,False,
2023-03-28T20:00:00Z,18023.0,18023.0,False,False,False,
2023-03-28T21:00:00Z,18217.0,18217.0,False,False,False,
2023-03-28T22:00:00Z,18307.0,18307.0,False,False,False,
2023-03-28T23:00:00Z,18371.0,18371.0,False,False,False,
2023-03-29T00:00:00Z,18295.0,18295.0,False,False,False,
2023-03-29T01:00:00Z,18318.0,18318.0,False,False,False,
2023-03-29T02:00:00Z,18477.0,18477.0,False,False,False,
2023-03-29T03:00:00Z,18010.0,18010.0,False,False,False,
2023-03-29T04:00:00Z,16938.0,16938.0,False,False,False,
2023-03-29T05:00:00Z,16054.0,16054.0,False,False,False,
2023-03-29T06:00:00Z,15312.0,15312.0,False,False,False,
2023-03-29T07:00:00Z,14918.0,14918.0,False,False,False,
2023-03-29T08:00:00Z,14669.0,14669.0,False,False,False,
2023-03-29T09:00:00Z,14572.0,14572.0,False,False,False,
2023-03-29T10:00:00Z,14869.0,14869.0,False,False,False,
2023-03-29T11:00:00Z,15510.0,15510.0,False,False,False,
2023-03-29T12:00:00Z,16703.0,16703.0,False,False,False,
2023-03-29T13:00:00Z,17145.0,17145.0,False,False,False,
2023-03-29T14:00:00Z,17162.0,17162.0,False,False,False,
2023-03-29T15:00:00Z,17230.0,17230.0,False,False,False,
2023-03-29T16:00:00Z,17124.0,17124.0,False,False,False,
2023-03-29T17:00:00Z,16916.0,16916.0,False,False,False,
2023-03-29T18:00:00Z,16745.0,16745.0,False,False,False,
2023-03-29T19:00:00Z,16579.0,16579.0,False,False,False,
2023-03-29T20:00:00Z,16453.0,16453.0,False,False,False,
2023-03-29T21:00:00Z,16368.0,16368.0,False,False,False,
2023-03-29T22:00:00Z,16406.0,16406.0,False,False,False,
2023-03-29T23:00:00Z,16593.0,16593.0,False,False,False,
2023-03-30T00:00:00Z,16828.0,16828.0,False,False,False,
2023-03-30T01:00:00Z,17110.0,17110.0,False,False,False,
2023-03-30T02:00:00Z,17642.0,17642.0,False,False,False,
2023-03-30T03:00:00Z,17371.0,17371.0,False,False,False,
2023-03-30T04:00:00Z,16548.0,16548.0,False,False,False,
2023-03-30T05:00:00Z,15526.0,15526.0,False,False,False,
2023-03-30T06:00:00Z,14922.0,14922.0,False,False,False,
2023-03-30T07:00:00Z,14733.0,14733.0,False,False,False,
2023-03-30T08:00:00Z,14665.0,14665.0,False,False,False,
2023-03-30T09:00:00Z,14678.0,14678.0,False,False,False,
2023-03-30T10:00:00Z,14936.0,14936.0,False,False,False,
2023-03-30T11:00:00Z,15875.0,15875.0,False,False,False,
2023-03-30T12:00:00Z,17126.0,17126.0,False,False,False,
2023-03-30T13:00:00Z,17544.0,17544.0,False,False,False,
2023-03-30T14:00:00Z,17449.0,17449.0,False,False,False,
2023-03-30T15:00:00Z,17047.0,17047.0,False,False,False,
2023-03-30T16:00:00Z,16901.0,16901.0,False,False,False,
2023-03-30T17:00:00Z,16807.0,16807.0,False,False,False,
2023-03-30T18:00:00Z,16870.0,16870.0,False,False,False,
2023-03-30T19:00:00Z,17081.0,17081.0,False,False,False,
2023-03-30T20:00:00Z,17375.0,17375.0,False,False,False,
2023-03-30T21:00:00Z,17704.0,17704.0,False,False,False,
2023-03-30T22:00:00Z,17947.0,17947.0,False,False,False,
2023-03-30T23:00:00Z,18073.0,18073.0,False,False,False,
2023-03-31T00:00:00Z,18074.0,18074.0,False,False,False,
2023-03-31T01:00:00Z,18234.0,18234.0,False,False,False,
2023-03-31T02:00:00Z,18483.0,18483.0,False,False,False,
2023-03-31T03:00:00Z,18015.0,18015.0,False,False,False,
2023-03-31T04:00:00Z,17106.0,17106.0,False,False,False,
2023-03-31T05:00:00Z,16250.0,16250.0,False,False,False,
2023-03-31T06:00:00Z,15538.0,15538.0,False,False,False,
2023-03-31T07:00:00Z,15078.0,15078.0,False,False,False,
2023-03-31T08:00:00Z,14781.0,14781.0,False,False,False,
2023-03-31T09:00:00Z,14703.0,14703.0,False,False,False,
2023-03-31T10:00:00Z,14784.0,14784.0,False,False,False,
2023-03-31T11:00:00Z,15286.0,15286.0,False,False,False,
2023-03-31T12:00:00Z,16301.0,16301.0,False,False,False,
2023-03-31T13:00:00Z,16791.0,16791.0,False,False,False,
2023-03-31T14:00:00Z,17039.0,17039.0,False,False,False,
2023-03-31T15:00:00Z,17405.0,17405.0,False,False,False,
2023-03-31T16:00:00Z,17859.0,17859.0,False,False,False,
2023-03-31T17:00:00Z,18287.0,18287.0,False,False,False,
2023-03-31T18:00:00Z,18603.0,18603.0,False,False,False,
2023-03-31T19:00:00Z,18948.0,18948.0,False,False,False,
2023-03-31T20:00:00Z,19109.0,19109.0,False,False,False,
2023-03-31T21:00:00Z,19183.0,19183.0,False,False,False,
2023-03-31T22:00:00Z,19456.0,19456.0,False,False,False,
2023-03-31T23:00:00Z,19407.0,19407.0,False,False,False,
2023-04-01T00:00:00Z,19241.0,19241.0,False,False,False,
2023-04-01T01:00:00Z,19024.0,19024.0,False,False,False,
2023-04-01T02:00:00Z,18998.0,18998.0,False,False,False,
2023-04-01T03:00:00Z,18638.0,18638.0,False,False,False,
2023-04-01T04:00:00Z,17910.0,17910.0,False,False,False,
2023-04-01T05:00:00Z,17057.0,17057.0,False,False,False,
2023-04-01T06:00:00Z,16290.0,16290.0,False,False,False,
2023-04-01T07:00:00Z,15633.0,15633.0,False,False,False,
2023-04-01T08:00:00Z,15276.0,15276.0,False,False,False,
2023-04-01T09:00:00Z,14858.0,14858.0,False,False,False,
2023-04-01T10:00:00Z,14871.0,14871.0,False,False,False,
2023-04-01T11:00:00Z,14887.0,14887.0,False,False,False,
2023-04-01T12:00:00Z,15102.0,15102.0,False,False,False,
2023-04-01T13:00:00Z,15300.0,15300.0,False,False,False,
2023-04-01T14:00:00Z,15962.0,15962.0,False,False,False,
2023-04-01T15:00:00Z,16717.0,16717.0,False,False,False,
2023-04-01T16:00:00Z,17233.0,17233.0,False,False,False,
2023-04-01T17:00:00Z,17714.0,17714.0,False,False,False,
2023-04-01T18:00:00Z,18210.0,18210.0,False,False,False,
2023-04-01T19:00:00Z,18544.0,18544.0,False,False,False,
2023-04-01T20:00:00Z,19125.0,19125.0,False,False,False,
2023-04-01T21:00:00Z,19379.0,19379.0,False,False,False,
2023-04-01T22:00:00Z,19627.0,19627.0,False,False,False,
2023-04-01T23:00:00Z,19596.0,19596.0,False,False,False,
2023-04-02T00:00:00Z,19071.0,19071.0,False,False,False,
2023-04-02T01:00:00Z,18473.0,18473.0,False,False,False,
2023-04-02T02:00:00Z,18256.0,18256.0,False,False,False,
2023-04-02T03:00:00Z,17593.0,17593.0,False,False,False,
2023-04-02T04:00:00Z,16805.0,16805.0,False,False,False,
2023-04-02T05:00:00Z,16045.0,16045.0,False,False,False,
2023-04-02T06:00:00Z,15182.0,15182.0,False,False,False,
2023-04-02T07:00:00Z,14680.0,14680.0,False,False,False,
2023-04-02T08:00:00Z,14373.0,14373.0,False,False,False,
2023-04-02T09:00:00Z,14164.0,14164.0,False,False,False,
2023-04-02T10:00:00Z,14083.0,14083.0,False,False,False,
2023-04-02T11:00:00Z,14260.0,14260.0,False,False,False,
2023-04-02T12:00:00Z,14528.0,14528.0,False,False,False,
2023-04-02T13:00:00Z,14912.0,14912.0,False,False,False,
2023-04-02T14:00:00Z,15418.0,15418.0,False,False,False,
2023-04-02T15:00:00Z,15817.0,15817.0,False,False,False,
2023-04-02T16:00:00Z,16055.0,16055.0,False,False,False,
2023-04-02T17:00:00Z,16254.0,16254.0,False,False,False,
2023-04-02T18:00:00Z,16795.0,16795.0,False,False,False,
2023-04-02T19:00:00Z,17435.0,17435.0,False,False,False,
2023-04-02T20:00:00Z,17803.0,17803.0,False,False,False,
2023-04-02T21:00:00Z,18249.0,18249.0,False,False,False,
2023-04-02T22:00:00Z,18560.0,18560.0,False,False,False,
2023-04-02T23:00:00Z,18734.0,18734.0,False,False,False,
2023-04-03T00:00:00Z,18647.0,18647.0,False,False,False,
2023-04-03T01:00:00Z,18766.0,18766.0,False,False,False,
2023-04-03T02:00:00Z,19036.0,19036.0,False,False,False,
2023-04-03T03:00:00Z,18476.0,18476.0,False,False,False,
2023-04-03T04:00:00Z,17549.0,17549.0,False,False,False,
2023-04-03T05:00:00Z,16588.0,16588.0,False,False,False,
2023-04-03T06:00:00Z,15827.0,15827.0,False,False,False,
2023-04-03T07:00:00Z,15370.0,15370.0,False,False,False,
2023-04-03T08:00:00Z,15099.0,15099.0,False,False,False,
2023-04-03T09:00:00Z,15021.0,15021.0,False,False,False,
2023-04-03T10:00:00Z,15266.0,15266.0,False,False,False,
2023-04-03T11:00:00Z,15819.0,15819.0,False,False,False,
2023-04-03T12:00:00Z,16861.0,16861.0,False,False,False,
2023-04-03T13:00:00Z,17307.0,17307.0,False,False,False,
2023-04-03T14:00:00Z,17549.0,17549.0,False,False,False,
2023-04-03T15:00:00Z,17953.0,17953.0,False,False,False,
2023-04-03T16:00:00Z,18561.0,18561.0,False,False,False,
2023-04-03T17:00:00Z,19119.0,19119.0,False,False,False,
2023-04-03T18:00:00Z,19804.0,19804.0,False,False,False,
2023-04-03T19:00:00Z,20521.0,20521.0,False,False,False,
2023-04-03T20:00:00Z,21066.0,21066.0,False,False,False,
2023-04-03T21:00:00Z,21463.0,21463.0,False,False,False,
2023-04-03T22:00:00Z,21878.0,21878.0,False,False,False,
2023-04-03T23:00:00Z,21733.0,21733.0,False,False,False,
2023-04-04T00:00:00Z,21523.0,21523.0,False,False,False,
2023-04-04T01:00:00Z,21244.0,21244.0,False,False,False,
2023-04-04T02:00:00Z,21264.0,21264.0,False,False,False,
2023-04-04T03:00:00Z,20561.0,20561.0,False,False,False,
2023-04-04T04:00:00Z,19390.0,19390.0,False,False,False,
2023-04-04T05:00:00Z,18181.0,18181.0,False,False,False,
2023-04-04T06:00:00Z,17120.0,17120.0,False,False,False,
2023-04-04T07:00:00Z,16661.0,16661.0,False,False,False,
2023-04-04T08:00:00Z,16230.0,16230.0,False,False,False,
2023-04-04T09:00:00Z,15889.0,15889.0,False,False,False,
2023-04-04T10:00:00Z,15878.0,15878.0,False,False,False,
2023-04-04T11:00:00Z,16216.0,16216.0,False,False,False,
2023-04-04T12:00:00Z,17198.0,17198.0,False,False,False,
2023-04-04T13:00:00Z,17459.0,17459.0,False,False,False,
2023-04-04T14:00:00Z,17670.0,17670.0,False,False,False,
2023-04-04T15:00:00Z,18331.0,18331.0,False,False,False,
2023-04-04T16:00:00Z,19184.0,19184.0,False,False,False,
2023-04-04T17:00:00Z,19860.0,19860.0,False,False,False,
2023-04-04T18:00:00Z,20634.0,20634.0,False,False,False,
2023-04-04T19:00:00Z,21206.0,21206.0,False,False,False,
2023-04-04T20:00:00Z,21680.0,21680.0,False,False,False,
2023-04-04T21:00:00Z,21710.0,21710.0,False,False,False,
2023-04-04T22:00:00Z,21743.0,21743.0,False,False,False,
2023-04-04T23:00:00Z,21588.0,21588.0,False,False,False,
2023-04-05T00:00:00Z,21238.0,21238.0,False,False,False,
2023-04-05T01:00:00Z,21256.0,21256.0,False,False,False,
2023-04-05T02:00:00Z,21500.0,21500.0,False,False,False,
2023-04-05T03:00:00Z,20901.0,20901.0,False,False,False,
2023-04-05T04:00:00Z,19858.0,19858.0,False,False,False,
2023-04-05T05:00:00Z,18612.0,18612.0,False,False,False,
2023-04-05T06:00:00Z,17744.0,17744.0,False,False,False,
2023-04-05T07:00:00Z,17079.0,17079.0,False,False,False,
2023-04-05T08:00:00Z,16646.0,16646.0,False,False,False,
2023-04-05T09:00:00Z,16387.0,16387.0,False,False,False,
2023-04-05T10:00:00Z,16387.0,16387.0,False,False,False,
2023-04-05T11:00:00Z,16835.0,16835.0,False,False,False,
2023-04-05T12:00:00Z,17671.0,17671.0,False,False,False,
2023-04-05T13:00:00Z,17856.0,17856.0,False,False,False,
2023-04-05T14:00:00Z,18223.0,18223.0,False,False,False,
2023-04-05T15:00:00Z,18828.0,18828.0,False,False,False,
2023-04-05T16:00:00Z,19436.0,19436.0,False,False,False,
2023-04-05T17:00:00Z,19918.0,19918.0,False,False,False,
2023-04-05T18:00:00Z,20335.0,20335.0,False,False,False,
2023-04-05T19:00:00Z,20684.0,20684.0,False,False,False,
2023-04-05T20:00:00Z,20629.0,20629.0,False,False,False,
2023-04-05T21:00:00Z,20764.0,20764.0,False,False,False,
2023-04-05T22:00:00Z,20654.0,20654.0,False,False,False,
2023-04-05T23:00:00Z,20286.0,20286.0,False,False,False,
2023-04-06T00:00:00Z,19980.0,19980.0,False,False,False,
2023-04-06T01:00:00Z,19808.0,19808.0,False,False,False,
2023-04-06T02:00:00Z,19662.0,19662.0,False,False,False,
2023-04-06T03:00:00Z,19141.0,19141.0,False,False,False,
2023-04-06T04:00:00Z,18259.0,18259.0,False,False,False,
2023-04-06T05:00:00Z,17162.0,17162.0,False,False,False,
2023-04-06T06:00:00Z,16416.0,16416.0,False,False,False,
2023-04-06T07:00:00Z,15875.0,15875.0,False,False,False,
2023-04-06T08:00:00Z,15537.0,15537.0,False,False,False,
2023-04-06T09:00:00Z,15248.0,15248.0,False,False,False,
2023-04-06T10:00:00Z,15528.0,15528.0,False,False,False,
2023-04-06T11:00:00Z,15976.0,15976.0,False,False,False,
2023-04-06T12:00:00Z,17001.0,17001.0,False,False,False,
2023-04-06T13:00:00Z,17414.0,17414.0,False,False,False,
2023-04-06T14:00:00Z,17680.0,17680.0,False,False,False,
2023-04-06T15:00:00Z,18148.0,18148.0,False,False,False,
2023-04-06T16:00:00Z,18569.0,18569.0,False,False,False,
2023-04-06T17:00:00Z,18995.0,18995.0,False,False,False,
2023-04-06T18:00:00Z,19283.0,19283.0,False,False,False,
2023-04-06T19:00:00Z,19397.0,19397.0,False,False,False,
2023-04-06T20:00:00Z,19497.0,19497.0,False,False,False,
2023-04-06T21:00:00Z,19443.0,19443.0,False,False,False,
2023-04-06T22:00:00Z,19553.0,19553.0,False,False,False,
2023-04-06T23:00:00Z,19327.0,19327.0,False,False,False,
2023-04-07T00:00:00Z,19049.0,19049.0,False,False,False,
2023-04-07T01:00:00Z,18946.0,18946.0,False,False,False,
2023-04-07T02:00:00Z,19047.0,19047.0,False,False,False,
2023-04-07T03:00:00Z,18644.0,18644.0,False,False,False,
2023-04-07T04:00:00Z,17874.0,17874.0,False,False,False,
2023-04-07T05:00:00Z,16966.0,16966.0,False,False,False,
2023-04-07T06:00:00Z,16172.0,16172.0,False,False,False,
2023-04-07T07:00:00Z,15658.0,15658.0,False,False,False,
2023-04-07T08:00:00Z,15387.0,15387.0,False,False,False,
2023-04-07T09:00:00Z,15284.0,15284.0,False,False,False,
2023-04-07T10:00:00Z,15057.0,15057.0,False,False,False,
2023-04-07T11:00:00Z,15457.0,15457.0,False,False,False,
2023-04-07T12:00:00Z,16090.0,16090.0,False,False,False,
2023-04-07T13:00:00Z,16464.0,16464.0,False,False,False,
2023-04-07T14:00:00Z,16820.0,16820.0,False,False,False,
2023-04-07T15:00:00Z,17121.0,17121.0,False,False,False,
2023-04-07T16:00:00Z,17392.0,17392.0,False,False,False,
2023-04-07T17:00:00Z,17490.0,17490.0,False,False,False,
2023-04-07T18:00:00Z,17266.0,17266.0,False,False,False,
2023-04-07T19:00:00Z,17196.0,17196.0,False,False,False,
2023-04-07T20:00:00Z,17051.0,17051.0,False,False,False,
2023-04-07T21:00:00Z,17070.0,17070.0,False,False,False,
2023-04-07T22:00:00Z,17064.0,17064.0,False,False,False,
2023-04-07T23:00:00Z,17091.0,17091.0,False,False,False,
2023-04-08T00:00:00Z,17142.0,17142.0,False,False,False,
2023-04-08T01:00:00Z,17346.0,17346.0,False,False,False,
2023-04-08T02:00:00Z,17544.0,17544.0,False,False,False,
2023-04-08T03:00:00Z,17269.0,17269.0,False,False,False,
2023-04-08T04:00:00Z,16716.0,16716.0,False,False,False,
2023-04-08T05:00:00Z,16048.0,16048.0,False,False,False,
2023-04-08T06:00:00Z,15401.0,15401.0,False,False,False,
2023-04-08T07:00:00Z,14932.0,14932.0,False,False,False,
2023-04-08T08:00:00Z,14659.0,14659.0,False,False,False,
2023-04-08T09:00:00Z,14684.0,14684.0,False,False,False,
2023-04-08T10:00:00Z,14503.0,14503.0,False,False,False,
2023-04-08T11:00:00Z,14755.0,14755.0,False,False,False,
2023-04-08T12:00:00Z,15043.0,15043.0,False,False,False,
2023-04-08T13:00:00Z,15337.0,15337.0,False,False,False,
2023-04-08T14:00:00Z,15859.0,15859.0,False,False,False,
2023-04-08T15:00:00Z,16290.0,16290.0,False,False,False,
2023-04-08T16:00:00Z,16266.0,16266.0,False,False,False,
2023-04-08T17:00:00Z,16470.0,16470.0,False,False,False,
2023-04-08T18:00:00Z,16328.0,16328.0,False,False,False,
2023-04-08T19:00:00Z,15992.0,15992.0,False,False,False,
2023-04-08T20:00:00Z,16193.0,16193.0,False,False,False,
2023-04-08T21:00:00Z,16343.0,16343.0,False,False,False,
2023-04-08T22:00:00Z,16606.0,16606.0,False,False,False,
2023-04-08T23:00:00Z,16652.0,16652.0,False,False,False,
2023-04-09T00:00:00Z,16749.0,16749.0,False,False,False,
2023-04-09T01:00:00Z,16847.0,16847.0,False,False,False,
2023-04-09T02:00:00Z,17053.0,17053.0,False,False,False,
2023-04-09T03:00:00Z,16785.0,16785.0,False,False,False,
2023-04-09T04:00:00Z,16194.0,16194.0,False,False,False,
2023-04-09T05:00:00Z,15490.0,15490.0,False,False,False,
2023-04-09T06:00:00Z,14887.0,14887.0,False,False,False,
2023-04-09T07:00:00Z,14334.0,14334.0,False,False,False,
2023-04-09T08:00:00Z,13963.0,13963.0,False,False,False,
2023-04-09T09:00:00Z,13881.0,13881.0,False,False,False,
2023-04-09T10:00:00Z,13773.0,13773.0,False,False,False,
2023-04-09T11:00:00Z,14000.0,14000.0,False,False,False,
2023-04-09T12:00:00Z,14367.0,14367.0,False,False,False,
2023-04-09T13:00:00Z,14809.0,14809.0,False,False,False,
2023-04-09T14:00:00Z,15381.0,15381.0,False,False,False,
2023-04-09T15:00:00Z,15735.0,15735.0,False,False,False,
2023-04-09T16:00:00Z,15825.0,15825.0,False,False,False,
2023-04-09T17:00:00Z,15647.0,15647.0,False,False,False,
2023-04-09T18:00:00Z,15626.0,15626.0,False,False,False,
2023-04-09T19:00:00Z,15401.0,15401.0,False,False,False,
2023-04-09T20:00:00Z,15167.0,15167.0,False,False,False,
2023-04-09T21:00:00Z,15061.0,15061.0,False,False,False,
2023-04-09T22:00:00Z,15219.0,15219.0,False,False,False,
2023-04-09T23:00:00Z,15456.0,15456.0,False,False,False,
2023-04-10T00:00:00Z,15650.0,15650.0,False,False,False,
2023-04-10T01:00:00Z,15959.0,15959.0,False,False,False,
2023-04-10T02:00:00Z,16584.0,16584.0,False,False,False,
2023-04-10T03:00:00Z,16385.0,16385.0,False,False,False,
2023-04-10T04:00:00Z,15715.0,15715.0,False,False,False,
2023-04-10T05:00:00Z,14880.0,14880.0,False,False,False,
2023-04-10T06:00:00Z,14383.0,14383.0,False,False,False,
2023-04-10T07:00:00Z,14115.0,14115.0,False,False,False,
2023-04-10T08:00:00Z,14012.0,14012.0,False,False,False,
2023-04-10T09:00:00Z,13978.0,13978.0,False,False,False,
2023-04-10T10:00:00Z,14154.0,14154.0,False,False,False,
2023-04-10T11:00:00Z,14865.0,14865.0,False,False,False,
2023-04-10T12:00:00Z,15725.0,15725.0,False,False,False,
2023-04-10T13:00:00Z,16342.0,16342.0,False,False,False,
2023-04-10T14:00:00Z,16484.0,16484.0,False,False,False,
2023-04-10T15:00:00Z,16578.0,16578.0,False,False,False,
2023-04-10T16:00:00Z,16779.0,16779.0,False,False,False,
2023-04-10T17:00:00Z,16906.0,16906.0,False,False,False,
2023-04-10T18:00:00Z,17099.0,17099.0,False,False,False,
2023-04-10T19:00:00Z,17253.0,17253.0,False,False,False,
2023-04-10T20:00:00Z,17245.0,17245.0,False,False,False,
2023-04-10T21:00:00Z,17434.0,17434.0,False,False,False,
2023-04-10T22:00:00Z,17645.0,17645.0,False,False,False,
2023-04-10T23:00:00Z,17702.0,17702.0,False,False,False,
2023-04-11T00:00:00Z,17673.0,17673.0,False,False,False,
2023-04-11T01:00:00Z,17739.0,17739.0,False,False,False,
2023-04-11T02:00:00Z,17972.0,17972.0,False,False,False,
2023-04-11T03:00:00Z,17555.0,17555.0,False,False,False,
2023-04-11T04:00:00Z,16725.0,16725.0,False,False,False,
2023-04-11T05:00:00Z,15656.0,15656.0,False,False,False,
2023-04-11T06:00:00Z,14870.0,14870.0,False,False,False,
2023-04-11T07:00:00Z,14474.0,14474.0,False,False,False,
2023-04-11T08:00:00Z,14182.0,14182.0,False,False,False,
2023-04-11T09:00:00Z,14150.0,14150.0,False,False,False,
2023-04-11T10:00:00Z,14340.0,14340.0,False,False,False,
2023-04-11T11:00:00Z,14863.0,14863.0,False,False,False,
2023-04-11T12:00:00Z,15829.0,15829.0,False,False,False,
2023-04-11T13:00:00Z,16230.0,16230.0,False,False,False,
2023-04-11T14:00:00Z,16351.0,16351.0,False,False,False,
2023-04-11T15:00:00Z,16496.0,16496.0,False,False,False,
2023-04-11T16:00:00Z,16595.0,16595.0,False,False,False,
2023-04-11T17:00:00Z,16684.0,16684.0,False,False,False,
2023-04-11T18:00:00Z,16865.0,16865.0,False,False,False,
2023-04-11T19:00:00Z,17141.0,17141.0,False,False,False,
2023-04-11T20:00:00Z,17262.0,17262.0,False,False,False,
2023-04-11T21:00:00Z,17452.0,17452.0,False,False,False,
2023-04-11T22:00:00Z,17600.0,17600.0,False,False,False,
2023-04-11T23:00:00Z,17655.0,17655.0,False,False,False,
2023-04-12T00:00:00Z,17734.0,17734.0,False,False,False,
2023-04-12T01:00:00Z,17760.0,17760.0,False,False,False,
2023-04-12T02:00:00Z,18043.0,18043.0,False,False,False,
2023-04-12T03:00:00Z,17458.0,17458.0,False,False,False,
2023-04-12T04:00:00Z,16501.0,16501.0,False,False,False,
2023-04-12T05:00:00Z,15599.0,15599.0,False,False,False,
2023-04-12T06:00:00Z,14759.0,14759.0,False,False,False,
2023-04-12T07:00:00Z,14301.0,14301.0,False,False,False,
2023-04-12T08:00:00Z,14103.0,14103.0,False,False,False,
2023-04-12T09:00:00Z,14108.0,14108.0,False,False,False,
2023-04-12T10:00:00Z,14287.0,14287.0,False,False,False,
2023-04-12T11:00:00Z,14861.0,14861.0,False,False,False,
2023-04-12T12:00:00Z,15838.0,15838.0,False,False,False,
2023-04-12T13:00:00Z,16140.0,16140.0,False,False,False,
2023-04-12T14:00:00Z,16318.0,16318.0,False,False,False,
2023-04-12T15:00:00Z,16312.0,16312.0,False,False,False,
2023-04-12T16:00:00Z,16455.0,16455.0,False,False,False,
2023-04-12T17:00:00Z,16662.0,16662.0,False,False,False,
2023-04-12T18:00:00Z,16662.0,16662.0,False,False,False,
2023-04-12T19:00:00Z,16873.0,16873.0,False,False,False,
2023-04-12T20:00:00Z,17093.0,17093.0,False,False,False,
2023-04-12T21:00:00Z,17302.0,17302.0,False,False,False,
2023-04-12T22:00:00Z,17485.0,17485.0,False,False,False,
2023-04-12T23:00:00Z,17617.0,17617.0,False,False,False,
2023-04-13T00:00:00Z,17468.0,17468.0,False,False,False,
2023-04-13T01:00:00Z,17551.0,17551.0,False,False,False,
2023-04-13T02:00:00Z,17850.0,17850.0,False,False,False,
2023-04-13T03:00:00Z,17348.0,17348.0,False,False,False,
2023-04-13T04:00:00Z,16477.0,16477.0,False,False,False,
2023-04-13T05:00:00Z,15461.0,15461.0,False,False,False,
2023-04-13T06:00:00Z,14800.0,14800.0,False,False,False,
2023-04-13T07:00:00Z,14359.0,14359.0,False,False,False,
2023-04-13T08:00:00Z,14165.0,14165.0,False,False,False,
2023-04-13T09:00:00Z,14042.0,14042.0,False,False,False,
2023-04-13T10:00:00Z,14123.0,14123.0,False,False,False,
2023-04-13T11:00:00Z,14706.0,14706.0,False,False,False,
2023-04-13T12:00:00Z,15630.0,15630.0,False,False,False,
2023-04-13T13:00:00Z,16003.0,16003.0,False,False,False,
2023-04-13T14:00:00Z,16103.0,16103.0,False,False,False,
2023-04-13T15:00:00Z,16208.0,16208.0,False,False,False,
2023-04-13T16:00:00Z,16312.0,16312.0,False,False,False,
2023-04-13T17:00:00Z,16531.0,16531.0,False,False,False,
2023-04-13T18:00:00Z,16679.0,16679.0,False,False,False,
2023-04-13T19:00:00Z,16868.0,16868.0,False,False,False,
2023-04-13T20:00:00Z,16969.0,16969.0,False,False,False,
2023-04-13T21:00:00Z,17204.0,17204.0,False,False,False,
2023-04-13T22:00:00Z,17464.0,17464.0,False,False,False,
2023-04-13T23:00:00Z,17429.0,17429.0,False,False,False,
2023-04-14T00:00:00Z,17502.0,17502.0,False,False,False,
2023-04-14T01:00:00Z,17408.0,17408.0,False,False,False,
2023-04-14T02:00:00Z,17676.0,17676.0,False,False,False,
2023-04-14T03:00:00Z,17253.0,17253.0,False,False,False,
2023-04-14T04:00:00Z,16394.0,16394.0,False,False,False,
2023-04-14T05:00:00Z,15431.0,15431.0,False,False,False,
2023-04-14T06:00:00Z,14779.0,14779.0,False,False,False,
2023-04-14T07:00:00Z,14314.0,14314.0,False,False,False,
2023-04-14T08:00:00Z,14094.0,14094.0,False,False,False,
2023-04-14T09:00:00Z,14026.0,14026.0,False,False,False,
2023-04-14T10:00:00Z,14178.0,14178.0,False,False,False,
2023-04-14T11:00:00Z,14660.0,14660.0,False,False,False,
2023-04-14T12:00:00Z,15630.0,15630.0,False,False,False,
2023-04-14T13:00:00Z,16022.0,16022.0,False,False,False,
2023-04-14T14:00:00Z,16201.0,16201.0,False,False,False,
2023-04-14T15:00:00Z,16426.0,16426.0,False,False,False,
2023-04-14T16:00:00Z,16772.0,16772.0,False,False,False,
2023-04-14T17:00:00Z,17183.0,17183.0,False,False,False,
2023-04-14T18:00:00Z,17561.0,17561.0,False,False,False,
2023-04-14T19:00:00Z,18258.0,18258.0,False,False,False,
2023-04-14T20:00:00Z,18775.0,18775.0,False,False,False,
2023-04-14T21:00:00Z,19070.0,19070.0,False,False,False,
2023-04-14T22:00:00Z,19367.0,19367.0,False,False,False,
2023-04-14T23:00:00Z,19348.0,19348.0,False,False,False,
2023-04-15T00:00:00Z,19012.0,19012.0,False,False,False,
2023-04-15T01:00:00Z,18592.0,18592.0,False,False,False,
2023-04-15T02:00:00Z,18637.0,18637.0,False,False,False,
2023-04-15T03:00:00Z,18088.0,18088.0,False,False,False,
2023-04-15T04:00:00Z,17387.0,17387.0,False,False,False,
2023-04-15T05:00:00Z,16438.0,16438.0,False,False,False,
2023-04-15T06:00:00Z,15675.0,15675.0,False,False,False,
2023-04-15T07:00:00Z,15035.0,15035.0,False,False,False,
2023-04-15T08:00:00Z,14661.0,14661.0,False,False,False,
2023-04-15T09:00:00Z,14474.0,14474.0,False,False,False,
2023-04-15T10:00:00Z,14431.0,14431.0,False,False,False,
2023-04-15T11:00:00Z,14622.0,14622.0,False,False,False,
2023-04-15T12:00:00Z,14685.0,14685.0,False,False,False,
2023-04-15T13:00:00Z,14921.0,14921.0,False,False,False,
2023-04-15T14:00:00Z,15566.0,15566.0,False,False,False,
2023-04-15T15:00:00Z,16275.0,16275.0,False,False,False,
2023-04-15T16:00:00Z,16896.0,16896.0,False,False,False,
2023-04-15T17:00:00Z,17311.0,17311.0,False,False,False,
2023-04-15T18:00:00Z,17792.0,17792.0,False,False,False,
2023-04-15T19:00:00Z,17877.0,17877.0,False,False,False,
2023-04-15T20:00:00Z,18141.0,18141.0,False,False,False,
2023-04-15T21:00:00Z,18338.0,18338.0,False,False,False,
2023-04-15T22:00:00Z,18628.0,18628.0,False,False,False,
2023-04-15T23:00:00Z,18800.0,18800.0,False,False,False,
2023-04-16T00:00:00Z,18551.0,18551.0,False,False,False,
2023-04-16T01:00:00Z,18212.0,18212.0,False,False,False,
2023-04-16T02:00:00Z,18100.0,18100.0,False,False,False,
2023-04-16T03:00:00Z,17490.0,17490.0,False,False,False,
2023-04-16T04:00:00Z,16760.0,16760.0,False,False,False,
2023-04-16T05:00:00Z,15959.0,15959.0,False,False,False,
2023-04-16T06:00:00Z,15215.0,15215.0,False,False,False,
2023-04-16T07:00:00Z,14602.0,14602.0,False,False,False,
2023-04-16T08:00:00Z,14156.0,14156.0,False,False,False,
2023-04-16T09:00:00Z,13944.0,13944.0,False,False,False,
2023-04-16T10:00:00Z,13792.0,13792.0,False,False,False,
2023-04-16T11:00:00Z,13782.0,13782.0,False,False,False,
2023-04-16T12:00:00Z,14008.0,14008.0,False,False,False,
2023-04-16T13:00:00Z,14226.0,14226.0,False,False,False,
2023-04-16T14:00:00Z,14616.0,14616.0,False,False,False,
2023-04-16T15:00:00Z,15105.0,15105.0,False,False,False,
2023-04-16T16:00:00Z,15380.0,15380.0,False,False,False,
2023-04-16T17:00:00Z,15584.0,15584.0,False,False,False,
2023-04-16T18:00:00Z,15669.0,15669.0,False,False,False,
2023-04-16T19:00:00Z,15848.0,15848.0,False,False,False,
2023-04-16T20:00:00Z,16122.0,16122.0,False,False,False,
2023-04-16T21:00:00Z,16292.0,16292.0,False,False,False,
2023-04-16T22:00:00Z,16514.0,16514.0,False,False,False,
2023-04-16T23:00:00Z,16739.0,16739.0,False,False,False,
2023-04-17T00:00:00Z,16751.0,16751.0,False,False,False,
2023-04-17T01:00:00Z,16813.0,16813.0,False,False,False,
2023-04-17T02:00:00Z,17164.0,17164.0,False,False,False,
2023-04-17T03:00:00Z,16687.0,16687.0,False,False,False,
2023-04-17T04:00:00Z,15917.0,15917.0,False,False,False,
2023-04-17T05:00:00Z,14990.0,14990.0,False,False,False,
2023-04-17T06:00:00Z,14336.0,14336.0,False,False,False,
2023-04-17T07:00:00Z,13944.0,13944.0,False,False,False,
2023-04-17T08:00:00Z,13848.0,13848.0,False,False,False,
2023-04-17T09:00:00Z,13813.0,13813.0,False,False,False,
2023-04-17T10:00:00Z,14067.0,14067.0,False,False,False,
2023-04-17T11:00:00Z,14838.0,14838.0,False,False,False,
2023-04-17T12:00:00Z,16215.0,16215.0,False,False,False,
2023-04-17T13:00:00Z,16788.0,16788.0,False,False,False,
2023-04-17T14:00:00Z,16600.0,16600.0,False,False,False,
2023-04-17T15:00:00Z,16585.0,16585.0,False,False,False,
2023-04-17T16:00:00Z,16499.0,16499.0,False,False,False,
2023-04-17T17:00:00Z,16486.0,16486.0,False,False,False,
2023-04-17T18:00:00Z,16513.0,16513.0,False,False,False,
2023-04-17T19:00:00Z,16699.0,16699.0,False,False,False,
2023-04-17T20:00:00Z,16950.0,16950.0,False,False,False,
2023-04-17T21:00:00Z,17422.0,17422.0,False,False,False,
2023-04-17T22:00:00Z,17863.0,17863.0,False,False,False,
2023-04-17T23:00:00Z,17993.0,17993.0,False,False,False,
2023-04-18T00:00:00Z,17951.0,17951.0,False,False,False,
2023-04-18T01:00:00Z,17717.0,17717.0,False,False,False,
2023-04-18T02:00:00Z,17886.0,17886.0,False,False,False,
2023-04-18T03:00:00Z,17296.0,17296.0,False,False,False,
2023-04-18T04:00:00Z,16376.0,16376.0,False,False,False,
2023-04-18T05:00:00Z,15267.0,15267.0,False,False,False,
2023-04-18T06:00:00Z,14529.0,14529.0,False,False,False,
2023-04-18T07:00:00Z,14136.0,14136.0,False,False,False,
2023-04-18T08:00:00Z,13953.0,13953.0,False,False,False,
2023-04-18T09:00:00Z,13960.0,13960.0,False,False,False,
2023-04-18T10:00:00Z,14186.0,14186.0,False,False,False,
2023-04-18T11:00:00Z,14961.0,14961.0,False,False,False,
2023-04-18T12:00:00Z,16164.0,16164.0,False,False,False,
2023-04-18T13:00:00Z,16739.0,16739.0,False,False,False,
2023-04-18T14:00:00Z,16630.0,16630.0,False,False,False,
2023-04-18T15:00:00Z,16542.0,16542.0,False,False,False,
2023-04-18T16:00:00Z,16640.0,16640.0,False,False,False,
2023-04-18T17:00:00Z,16581.0,16581.0,False,False,False,
2023-04-18T18:00:00Z,16728.0,16728.0,False,False,False,
2023-04-18T19:00:00Z,16939.0,16939.0,False,False,False,
2023-04-18T20:00:00Z,17155.0,17155.0,False,False,False,
2023-04-18T21:00:00Z,17408.0,17408.0,False,False,False,
2023-04-18T22:00:00Z,17747.0,17747.0,False,False,False,
2023-04-18T23:00:00Z,17882.0,17882.0,False,False,False,
2023-04-19T00:00:00Z,17814.0,17814.0,False,False,False,
2023-04-19T01:00:00Z,17747.0,17747.0,False,False,False,
2023-04-19T02:00:00Z,18182.0,18182.0,False,False,False,
2023-04-19T03:00:00Z,17645.0,17645.0,False,False,False,
2023-04-19T04:00:00Z,16636.0,16636.0,False,False,False,
2023-04-19T05:00:00Z,15590.0,15590.0,False,False,False,
2023-04-19T06:00:00Z,14803.0,14803.0,False,False,False,
2023-04-19T07:00:00Z,14439.0,14439.0,False,False,False,
2023-04-19T08:00:00Z,14102.0,14102.0,False,False,False,
2023-04-19T09:00:00Z,14015.0,14015.0,False,False,False,
2023-04-19T10:00:00Z,14000.0,14000.0,False,False,False,
2023-04-19T11:00:00Z,14598.0,14598.0,False,False,False,
2023-04-19T12:00:00Z,15621.0,15621.0,False,False,False,
2023-04-19T13:00:00Z,15973.0,15973.0,False,False,False,
2023-04-19T14:00:00Z,16023.0,16023.0,False,False,False,
2023-04-19T15:00:00Z,16366.0,16366.0,False,False,False,
2023-04-19T16:00:00Z,16794.0,16794.0,False,False,False,
2023-04-19T17:00:00Z,17288.0,17288.0,False,False,False,
2023-04-19T18:00:00Z,17711.0,17711.0,False,False,False,
2023-04-19T19:00:00Z,18524.0,18524.0,False,False,False,
2023-04-19T20:00:00Z,19180.0,19180.0,False,False,False,
2023-04-19T21:00:00Z,19715.0,19715.0,False,False,False,
2023-04-19T22:00:00Z,20142.0,20142.0,False,False,False,
2023-04-19T23:00:00Z,20350.0,20350.0,False,False,False,
2023-04-20T00:00:00Z,20023.0,20023.0,False,False,False,
2023-04-20T01:00:00Z,19507.0,19507.0,False,False,False,
2023-04-20T02:00:00Z,19592.0,19592.0,False,False,False,
2023-04-20T03:00:00Z,19001.0,19001.0,False,False,False,
2023-04-20T04:00:00Z,17723.0,17723.0,False,False,False,
2023-04-20T05:00:00Z,16498.0,16498.0,False,False,False,
2023-04-20T06:00:00Z,15632.0,15632.0,False,False,False,
2023-04-20T07:00:00Z,15078.0,15078.0,False,False,False,
2023-04-20T08:00:00Z,14713.0,14713.0,False,False,False,
2023-04-20T09:00:00Z,14352.0,14352.0,False,False,False,
2023-04-20T10:00:00Z,14443.0,14443.0,False,False,False,
2023-04-20T11:00:00Z,14955.0,14955.0,False,False,False,
2023-04-20T12:00:00Z,15956.0,15956.0,False,False,False,
2023-04-20T13:00:00Z,16426.0,16426.0,False,False,False,
2023-04-20T14:00:00Z,16675.0,16675.0,False,False,False,
2023-04-20T15:00:00Z,17129.0,17129.0,False,False,False,
2023-04-20T16:00:00Z,17687.0,17687.0,False,False,False,
2023-04-20T17:00:00Z,18360.0,18360.0,False,False,False,
2023-04-20T18:00:00Z,18830.0,18830.0,False,False,False,
2023-04-20T19:00:00Z,19530.0,19530.0,False,False,False,
2023-04-20T20:00:00Z,19893.0,19893.0,False,False,False,
2023-04-20T21:00:00Z,19951.0,19951.0,False,False,False,
2023-04-20T22:00:00Z,20406.0,20406.0,False,False,False,
2023-04-20T23:00:00Z,20449.0,20449.0,False,False,False,
2023-04-21T00:00:00Z,20094.0,20094.0,False,False,False,
2023-04-21T01:00:00Z,19712.0,19712.0,False,False,False,
2023-04-21T02:00:00Z,19711.0,19711.0,False,False,False,
2023-04-21T03:00:00Z,19057.0,19057.0,False,False,False,
2023-04-21T04:00:00Z,17916.0,17916.0,False,False,False,
2023-04-21T05:00:00Z,16770.0,16770.0,False,False,False,
2023-04-21T06:00:00Z,15831.0,15831.0,False,False,False,
2023-04-21T07:00:00Z,15262.0,15262.0,False,False,False,
2023-04-21T08:00:00Z,14800.0,14800.0,False,False,False,
2023-04-21T09:00:00Z,14526.0,14526.0,False,False,False,
2023-04-21T10:00:00Z,14498.0,14498.0,False,False,False,
2023-04-21T11:00:00Z,14984.0,14984.0,False,False,False,
2023-04-21T12:00:00Z,15827.0,15827.0,False,False,False,
2023-04-21T13:00:00Z,16236.0,16236.0,False,False,False,
2023-04-21T14:00:00Z,16387.0,16387.0,False,False,False,
2023-04-21T15:00:00Z,16695.0,16695.0,False,False,False,
2023-04-21T16:00:00Z,16852.0,16852.0,False,False,False,
2023-04-21T17:00:00Z,16969.0,16969.0,False,False,False,
2023-04-21T18:00:00Z,17211.0,17211.0,False,False,False,
2023-04-21T19:00:00Z,17587.0,17587.0,False,False,False,
2023-04-21T20:00:00Z,17842.0,17842.0,False,False,False,
2023-04-21T21:00:00Z,18333.0,18333.0,False,False,False,
2023-04-21T22:00:00Z,18581.0,18581.0,False,False,False,
2023-04-21T23:00:00Z,18698.0,18698.0,False,False,False,
2023-04-22T00:00:00Z,18398.0,18398.0,False,False,False,
2023-04-22T01:00:00Z,18006.0,18006.0,False,False,False,
2023-04-22T02:00:00Z,17884.0,17884.0,False,False,False,
2023-04-22T03:00:00Z,17524.0,17524.0,False,False,False,
2023-04-22T04:00:00Z,16804.0,16804.0,False,False,False,
2023-04-22T05:00:00Z,15890.0,15890.0,False,False,False,
2023-04-22T06:00:00Z,15232.0,15232.0,False,False,False,
2023-04-22T07:00:00Z,14748.0,14748.0,False,False,False,
2023-04-22T08:00:00Z,14358.0,14358.0,False,False,False,
2023-04-22T09:00:00Z,14044.0,14044.0,False,False,False,
2023-04-22T10:00:00Z,13969.0,13969.0,False,False,False,
2023-04-22T11:00:00Z,14178.0,14178.0,False,False,False,
2023-04-22T12:00:00Z,14447.0,14447.0,False,False,False,
2023-04-22T13:00:00Z,14729.0,14729.0,False,False,False,
2023-04-22T14:00:00Z,15364.0,15364.0,False,False,False,
2023-04-22T15:00:00Z,15782.0,15782.0,False,False,False,
2023-04-22T16:00:00Z,15972.0,15972.0,False,False,False,
2023-04-22T17:00:00Z,16182.0,16182.0,False,False,False,
2023-04-22T18:00:00Z,16364.0,16364.0,False,False,False,
2023-04-22T19:00:00Z,16612.0,16612.0,False,False,False,
2023-04-22T20:00:00Z,17012.0,17012.0,False,False,False,
2023-04-22T21:00:00Z,17521.0,17521.0,False,False,False,
2023-04-22T22:00:00Z,17764.0,17764.0,False,False,False,
2023-04-22T23:00:00Z,17932.0,17932.0,False,False,False,
2023-04-23T00:00:00Z,17805.0,17805.0,False,False,False,
2023-04-23T01:00:00Z,17320.0,17320.0,False,False,False,
2023-04-23T02:00:00Z,17173.0,17173.0,False,False,False,
2023-04-23T03:00:00Z,16772.0,16772.0,False,False,False,
2023-04-23T04:00:00Z,16042.0,16042.0,False,False,False,
2023-04-23T05:00:00Z,15338.0,15338.0,False,False,False,
2023-04-23T06:00:00Z,14678.0,14678.0,False,False,False,
2023-04-23T07:00:00Z,14106.0,14106.0,False,False,False,
2023-04-23T08:00:00Z,13954.0,13954.0,False,False,False,
2023-04-23T09:00:00Z,13687.0,13687.0,False,False,False,
2023-04-23T10:00:00Z,13671.0,13671.0,False,False,False,
2023-04-23T11:00:00Z,13787.0,13787.0,False,False,False,
2023-04-23T12:00:00Z,13974.0,13974.0,False,False,False,
2023-04-23T13:00:00Z,14494.0,14494.0,False,False,False,
2023-04-23T14:00:00Z,15081.0,15081.0,False,False,False,
2023-04-23T15:00:00Z,15736.0,15736.0,False,False,False,
2023-04-23T16:00:00Z,15800.0,15800.0,False,False,False,
2023-04-23T17:00:00Z,15971.0,15971.0,False,False,False,
2023-04-23T18:00:00Z,16123.0,16123.0,False,False,False,
2023-04-23T19:00:00Z,16274.0,16274.0,False,False,False,
2023-04-23T20:00:00Z,16151.0,16151.0,False,False,False,
2023-04-23T21:00:00Z,16229.0,16229.0,False,False,False,
2023-04-23T22:00:00Z,16267.0,16267.0,False,False,False,
2023-04-23T23:00:00Z,16496.0,16496.0,False,False,False,
2023-04-24T00:00:00Z,16572.0,16572.0,False,False,False,
2023-04-24T01:00:00Z,16705.0,16705.0,False,False,False,
2023-04-24T02:00:00Z,17342.0,17342.0,False,False,False,
2023-04-24T03:00:00Z,16882.0,16882.0,False,False,False,
2023-04-24T04:00:00Z,16245.0,16245.0,False,False,False,
2023-04-24T05:00:00Z,15367.0,15367.0,False,False,False,
2023-04-24T06:00:00Z,14681.0,14681.0,False,False,False,
2023-04-24T07:00:00Z,14261.0,14261.0,False,False,False,
2023-04-24T08:00:00Z,14223.0,14223.0,False,False,False,
2023-04-24T09:00:00Z,14208.0,14208.0,False,False,False,
2023-04-24T10:00:00Z,14424.0,14424.0,False,False,False,
2023-04-24T11:00:00Z,15287.0,15287.0,False,False,False,
2023-04-24T12:00:00Z,16360.0,16360.0,False,False,False,
2023-04-24T13:00:00Z,16750.0,16750.0,False,False,False,
2023-04-24T14:00:00Z,16720.0,16720.0,False,False,False,
2023-04-24T15:00:00Z,16603.0,16603.0,False,False,False,
2023-04-24T16:00:00Z,16636.0,16636.0,False,False,False,
2023-04-24T17:00:00Z,16624.0,16624.0,False,False,False,
2023-04-24T18:00:00Z,16534.0,16534.0,False,False,False,
2023-04-24T19:00:00Z,16558.0,16558.0,False,False,False,
2023-04-24T20:00:00Z,16541.0,16541.0,False,False,False,
2023-04-24T21:00:00Z,16742.0,16742.0,False,False,False,
2023-04-24T22:00:00Z,17023.0,17023.0,False,False,False,
2023-04-24T23:00:00Z,17164.0,17164.0,False,False,False,
2023-04-25T00:00:00Z,17190.0,17190.0,False,False,False,
2023-04-25T01:00:00Z,17205.0,17205.0,False,False,False,
2023-04-25T02:00:00Z,17767.0,17767.0,False,False,False,
2023-04-25T03:00:00Z,17347.0,17347.0,False,False,False,
2023-04-25T04:00:00Z,16312.0,16312.0,False,False,False,
2023-04-25T05:00:00Z,15410.0,15410.0,False,False,False,
2023-04-25T06:00:00Z,14546.0,14546.0,False,False,False,
2023-04-25T07:00:00Z,14307.0,14307.0,False,False,False,
2023-04-25T08:00:00Z,14079.0,14079.0,False,False,False,
2023-04-25T09:00:00Z,14003.0,14003.0,False,False,False,
2023-04-25T10:00:00Z,14169.0,14169.0,False,False,False,
2023-04-25T11:00:00Z,14748.0,14748.0,False,False,False,
2023-04-25T12:00:00Z,15813.0,15813.0,False,False,False,
2023-04-25T13:00:00Z,16290.0,16290.0,False,False,False,
2023-04-25T14:00:00Z,16398.0,16398.0,False,False,False,
2023-04-25T15:00:00Z,16374.0,16374.0,False,False,False,
2023-04-25T16:00:00Z,16463.0,16463.0,False,False,False,
2023-04-25T17:00:00Z,16602.0,16602.0,False,False,False,
2023-04-25T18:00:00Z,16718.0,16718.0,False,False,False,
2023-04-25T19:00:00Z,16981.0,16981.0,False,False,False,
2023-04-25T20:00:00Z,17429.0,17429.0,False,False,False,
2023-04-25T21:00:00Z,17764.0,17764.0,False,False,False,
2023-04-25T22:00:00Z,18193.0,18193.0,False,False,False,
2023-04-25T23:00:00Z,18348.0,18348.0,False,False,False,
2023-04-26T00:00:00Z,18389.0,18389.0,False,False,False,
2023-04-26T01:00:00Z,18293.0,18293.0,False,False,False,
2023-04-26T02:00:00Z,18479.0,18479.0,False,False,False,
2023-04-26T03:00:00Z,17893.0,17893.0,False,False,False,
2023-04-26T04:00:00Z,16958.0,16958.0,False,False,False,
2023-04-26T05:00:00Z,15901.0,15901.0,False,False,False,
2023-04-26T06:00:00Z,15095.0,15095.0,False,False,False,
2023-04-26T07:00:00Z,14599.0,14599.0,False,False,False,
2023-04-26T08:00:00Z,14321.0,14321.0,False,False,False,
2023-04-26T09:00:00Z,14157.0,14157.0,False,False,False,
2023-04-26T10:00:00Z,14126.0,14126.0,False,False,False,
2023-04-26T11:00:00Z,14831.0,14831.0,False,False,False,
2023-04-26T12:00:00Z,15949.0,15949.0,False,False,False,
2023-04-26T13:00:00Z,16388.0,16388.0,False,False,False,
2023-04-26T14:00:00Z,16604.0,16604.0,False,False,False,
2023-04-26T15:00:00Z,17071.0,17071.0,False,False,False,
2023-04-26T16:00:00Z,17398.0,17398.0,False,False,False,
2023-04-26T17:00:00Z,17866.0,17866.0,False,False,False,
2023-04-26T18:00:00Z,18301.0,18301.0,False,False,False,
2023-04-26T19:00:00Z,18796.0,18796.0,False,False,False,
2023-04-26T20:00:00Z,19187.0,19187.0,False,False,False,
2023-04-26T21:00:00Z,19418.0,19418.0,False,False,False,
2023-04-26T22:00:00Z,19911.0,19911.0,False,False,False,
2023-04-26T23:00:00Z,19950.0,19950.0,False,False,False,
2023-04-27T00:00:00Z,19735.0,19735.0,False,False,False,
2023-04-27T01:00:00Z,19487.0,19487.0,False,False,False,
2023-04-27T02:00:00Z,19451.0,19451.0,False,False,False,
2023-04-27T03:00:00Z,18765.0,18765.0,False,False,False,
2023-04-27T04:00:00Z,17776.0,17776.0,False,False,False,
2023-04-27T05:00:00Z,16615.0,16615.0,False,False,False,
2023-04-27T06:00:00Z,15858.0,15858.0,False,False,False,
2023-04-27T07:00:00Z,15375.0,15375.0,False,False,False,
2023-04-27T08:00:00Z,14923.0,14923.0,False,False,False,
2023-04-27T09:00:00Z,14681.0,14681.0,False,False,False,
2023-04-27T10:00:00Z,14756.0,14756.0,False,False,False,
2023-04-27T11:00:00Z,15283.0,15283.0,False,False,False,
2023-04-27T12:00:00Z,16234.0,16234.0,False,False,False,
2023-04-27T13:00:00Z,16639.0,16639.0,False,False,False,
2023-04-27T14:00:00Z,16822.0,16822.0,False,False,False,
2023-04-27T15:00:00Z,17040.0,17040.0,False,False,False,
2023-04-27T16:00:00Z,17185.0,17185.0,False,False,False,
2023-04-27T17:00:00Z,17204.0,17204.0,False,False,False,
2023-04-27T18:00:00Z,17420.0,17420.0,False,False,False,
2023-04-27T19:00:00Z,17939.0,17939.0,False,False,False,
2023-04-27T20:00:00Z,18409.0,18409.0,False,False,False,
2023-04-27T21:00:00Z,19006.0,19006.0,False,False,False,
2023-04-27T22:00:00Z,19506.0,19506.0,False,False,False,
2023-04-27T23:00:00Z,19516.0,19516.0,False,False,False,
2023-04-28T00:00:00Z,19429.0,19429.0,False,False,False,
2023-04-28T01:00:00Z,19118.0,19118.0,False,False,False,
2023-04-28T02:00:00Z,19228.0,19228.0,False,False,False,
2023-04-28T03:00:00Z,18562.0,18562.0,False,False,False,
2023-04-28T04:00:00Z,17470.0,17470.0,False,False,False,
2023-04-28T05:00:00Z,16401.0,16401.0,False,False,False,
2023-04-28T06:00:00Z,15491.0,15491.0,False,False,False,
2023-04-28T07:00:00Z,14964.0,14964.0,False,False,False,
2023-04-28T08:00:00Z,14652.0,14652.0,False,False,False,
2023-04-28T09:00:00Z,14510.0,14510.0,False,False,False,
2023-04-28T10:00:00Z,14553.0,14553.0,False,False,False,
2023-04-28T11:00:00Z,14936.0,14936.0,False,False,False,
2023-04-28T12:00:00Z,15869.0,15869.0,False,False,False,
2023-04-28T13:00:00Z,16328.0,16328.0,False,False,False,
2023-04-28T14:00:00Z,16693.0,16693.0,False,False,False,
2023-04-28T15:00:00Z,17038.0,17038.0,False,False,False,
2023-04-28T16:00:00Z,17441.0,17441.0,False,False,False,
2023-04-28T17:00:00Z,17769.0,17769.0,False,False,False,
2023-04-28T18:00:00Z,18265.0,18265.0,False,False,False,
2023-04-28T19:00:00Z,18789.0,18789.0,False,False,False,
2023-04-28T20:00:00Z,19282.0,19282.0,False,False,False,
2023-04-28T21:00:00Z,19733.0,19733.0,False,False,False,
2023-04-28T22:00:00Z,20009.0,20009.0,False,False,False,
2023-04-28T23:00:00Z,20036.0,20036.0,False,False,False,
2023-04-29T00:00:00Z,19517.0,19517.0,False,False,False,
2023-04-29T01:00:00Z,18874.0,18874.0,False,False,False,
2023-04-29T02:00:00Z,18734.0,18734.0,False,False,False,
2023-04-29T03:00:00Z,18102.0,18102.0,False,False,False,
2023-04-29T04:00:00Z,17197.0,17197.0,False,False,False,
2023-04-29T05:00:00Z,16174.0,16174.0,False,False,False,
2023-04-29T06:00:00Z,15459.0,15459.0,False,False,False,
2023-04-29T07:00:00Z,14947.0,14947.0,False,False,False,
2023-04-29T08:00:00Z,14610.0,14610.0,False,False,False,
2023-04-29T09:00:00Z,14339.0,14339.0,False,False,False,
2023-04-29T10:00:00Z,14284.0,14284.0,False,False,False,
2023-04-29T11:00:00Z,14343.0,14343.0,False,False,False,
2023-04-29T12:00:00Z,14584.0,14584.0,False,False,False,
2023-04-29T13:00:00Z,14815.0,14815.0,False,False,False,
2023-04-29T14:00:00Z,15416.0,15416.0,False,False,False,
2023-04-29T15:00:00Z,16051.0,16051.0,False,False,False,
2023-04-29T16:00:00Z,16490.0,16490.0,False,False,False,
2023-04-29T17:00:00Z,16695.0,16695.0,False,False,False,
2023-04-29T18:00:00Z,16682.0,16682.0,False,False,False,
2023-04-29T19:00:00Z,16516.0,16516.0,False,False,False,
2023-04-29T20:00:00Z,16373.0,16373.0,False,False,False,
2023-04-29T21:00:00Z,16389.0,16389.0,False,False,False,
2023-04-29T22:00:00Z,16293.0,16293.0,False,False,False,
2023-04-29T23:00:00Z,16305.0,16305.0,False,False,False,
2023-04-30T00:00:00Z,16316.0,16316.0,False,False,False,
2023-04-30T01:00:00Z,16246.0,16246.0,False,False,False,
2023-04-30T02:00:00Z,16538.0,16538.0,False,False,False,
2023-04-30T03:00:00Z,16179.0,16179.0,False,False,False,
2023-04-30T04:00:00Z,15732.0,15732.0,False,False,False,
2023-04-30T05:00:00Z,15040.0,15040.0,False,False,False,
2023-04-30T06:00:00Z,14482.0,14482.0,False,False,False,
2023-04-30T07:00:00Z,14134.0,14134.0,False,False,False,
2023-04-30T08:00:00Z,13787.0,13787.0,False,False,False,
2023-04-30T09:00:00Z,13657.0,13657.0,False,False,False,
2023-04-30T10:00:00Z,13743.0,13743.0,False,False,False,
2023-04-30T11:00:00Z,13854.0,13854.0,False,False,False,
2023-04-30T12:00:00Z,14037.0,14037.0,False,False,False,
2023-04-30T13:00:00Z,14367.0,14367.0,False,False,False,
2023-04-30T14:00:00Z,15016.0,15016.0,False,False,False,
2023-04-30T15:00:00Z,15443.0,15443.0,False,False,False,
2023-04-30T16:00:00Z,15572.0,15572.0,False,False,False,
2023-04-30T17:00:00Z,15798.0,15798.0,False,False,False,
2023-04-30T18:00:00Z,16261.0,16261.0,False,False,False,
2023-04-30T19:00:00Z,16657.0,16657.0,False,False,False,
2023-04-30T20:00:00Z,17090.0,17090.0,False,False,False,
2023-04-30T21:00:00Z,17616.0,17616.0,False,False,False,
2023-04-30T22:00:00Z,18115.0,18115.0,False,False,False,
2023-04-30T23:00:00Z,18519.0,18519.0,False,False,False,
2023-05-01T00:00:00Z,18531.0,18531.0,False,False,False,
2023-05-01T01:00:00Z,18214.0,18214.0,False,False,False,
2023-05-01T02:00:00Z,18347.0,18347.0,False,False,False,
2023-05-01T03:00:00Z,17908.0,17908.0,False,False,False,
2023-05-01T04:00:00Z,16836.0,16836.0,False,False,False,
2023-05-01T05:00:00Z,15648.0,15648.0,False,False,False,
2023-05-01T06:00:00Z,14875.0,14875.0,False,False,False,
2023-05-01T07:00:00Z,14362.0,14362.0,False,False,False,
2023-05-01T08:00:00Z,14067.0,14067.0,False,False,False,
2023-05-01T09:00:00Z,14035.0,14035.0,False,False,False,
2023-05-01T10:00:00Z,14103.0,14103.0,False,False,False,
2023-05-01T11:00:00Z,14739.0,14739.0,False,False,False,
2023-05-01T12:00:00Z,15841.0,15841.0,False,False,False,
2023-05-01T13:00:00Z,16259.0,16259.0,False,False,False,
2023-05-01T14:00:00Z,16334.0,16334.0,False,False,False,
2023-05-01T15:00:00Z,16417.0,16417.0,False,False,False,
2023-05-01T16:00:00Z,16764.0,16764.0,False,False,False,
2023-05-01T17:00:00Z,17079.0,17079.0,False,False,False,
2023-05-01T18:00:00Z,17455.0,17455.0,False,False,False,
2023-05-01T19:00:00Z,18056.0,18056.0,False,False,False,
2023-05-01T20:00:00Z,18564.0,18564.0,False,False,False,
2023-05-01T21:00:00Z,18891.0,18891.0,False,False,False,
2023-05-01T22:00:00Z,19385.0,19385.0,False,False,False,
2023-05-01T23:00:00Z,19505.0,19505.0,False,False,False,
2023-05-02T00:00:00Z,19310.0,19310.0,False,False,False,
2023-05-02T01:00:00Z,18955.0,18955.0,False,False,False,
2023-05-02T02:00:00Z,18985.0,18985.0,False,False,False,
2023-05-02T03:00:00Z,18260.0,18260.0,False,False,False,
2023-05-02T04:00:00Z,17210.0,17210.0,False,False,False,
2023-05-02T05:00:00Z,15898.0,15898.0,False,False,False,
2023-05-02T06:00:00Z,15084.0,15084.0,False,False,False,
2023-05-02T07:00:00Z,14583.0,14583.0,False,False,False,
2023-05-02T08:00:00Z,14312.0,14312.0,False,False,False,
2023-05-02T09:00:00Z,14199.0,14199.0,False,False,False,
2023-05-02T10:00:00Z,14225.0,14225.0,False,False,False,
2023-05-02T11:00:00Z,14776.0,14776.0,False,False,False,
2023-05-02T12:00:00Z,15834.0,15834.0,False,False,False,
2023-05-02T13:00:00Z,16224.0,16224.0,False,False,False,
2023-05-02T14:00:00Z,16373.0,16373.0,False,False,False,
2023-05-02T15:00:00Z,16493.0,16493.0,False,False,False,
2023-05-02T16:00:00Z,16738.0,16738.0,False,False,False,
2023-05-02T17:00:00Z,17120.0,17120.0,False,False,False,
2023-05-02T18:00:00Z,17503.0,17503.0,False,False,False,
2023-05-02T19:00:00Z,18153.0,18153.0,False,False,False,
2023-05-02T20:00:00Z,18690.0,18690.0,False,False,False,
2023-05-02T21:00:00Z,19082.0,19082.0,False,False,False,
2023-05-02T22:00:00Z,19407.0,19407.0,False,False,False,
2023-05-02T23:00:00Z,19467.0,19467.0,False,False,False,
2023-05-03T00:00:00Z,19250.0,19250.0,False,False,False,
2023-05-03T01:00:00Z,18915.0,18915.0,False,False,False,
2023-05-03T02:00:00Z,19025.0,19025.0,False,False,False,
2023-05-03T03:00:00Z,18389.0,18389.0,False,False,False,
2023-05-03T04:00:00Z,17278.0,17278.0,False,False,False,
2023-05-03T05:00:00Z,16058.0,16058.0,False,False,False,
2023-05-03T06:00:00Z,15325.0,15325.0,False,False,False,
2023-05-03T07:00:00Z,14767.0,14767.0,False,False,False,
2023-05-03T08:00:00Z,14511.0,14511.0,False,False,False,
2023-05-03T09:00:00Z,14239.0,14239.0,False,False,False,
2023-05-03T10:00:00Z,14382.0,14382.0,False,False,False,
2023-05-03T11:00:00Z,15064.0,15064.0,False,False,False,
2023-05-03T12:00:00Z,15933.0,15933.0,False,False,False,
2023-05-03T13:00:00Z,16217.0,16217.0,False,False,False,
2023-05-03T14:00:00Z,16310.0,16310.0,False,False,False,
2023-05-03T15:00:00Z,16598.0,16598.0,False,False,False,
2023-05-03T16:00:00Z,17069.0,17069.0,False,False,False,
2023-05-03T17:00:00Z,17651.0,17651.0,False,False,False,
2023-05-03T18:00:00Z,18273.0,18273.0,False,False,False,
2023-05-03T19:00:00Z,18972.0,18972.0,False,False,False,
2023-05-03T20:00:00Z,19712.0,19712.0,False,False,False,
2023-05-03T21:00:00Z,20239.0,20239.0,False,False,False,
2023-05-03T22:00:00Z,20778.0,20778.0,False,False,False,
2023-05-03T23:00:00Z,20923.0,20923.0,False,False,False,
2023-05-04T00:00:00Z,20711.0,20711.0,False,False,False,
2023-05-04T01:00:00Z,20106.0,20106.0,False,False,False,
2023-05-04T02:00:00Z,19821.0,19821.0,False,False,False,
2023-05-04T03:00:00Z,19123.0,19123.0,False,False,False,
2023-05-04T04:00:00Z,17727.0,17727.0,False,False,False,
2023-05-04T05:00:00Z,16415.0,16415.0,False,False,False,
2023-05-04T06:00:00Z,15440.0,15440.0,False,False,False,
2023-05-04T07:00:00Z,14787.0,14787.0,False,False,False,
2023-05-04T08:00:00Z,14552.0,14552.0,False,False,False,
2023-05-04T09:00:00Z,14210.0,14210.0,False,False,False,
2023-05-04T10:00:00Z,14092.0,14092.0,False,False,False,
2023-05-04T11:00:00Z,14675.0,14675.0,False,False,False,
2023-05-04T12:00:00Z,15720.0,15720.0,False,False,False,
2023-05-04T13:00:00Z,16140.0,16140.0,False,False,False,
2023-05-04T14:00:00Z,16219.0,16219.0,False,False,False,
2023-05-04T15:00:00Z,16717.0,16717.0,False,False,False,
2023-05-04T16:00:00Z,17223.0,17223.0,False,False,False,
2023-05-04T17:00:00Z,17975.0,17975.0,False,False,False,
2023-05-04T18:00:00Z,18777.0,18777.0,False,False,False,
2023-05-04T19:00:00Z,19701.0,19701.0,False,False,False,
2023-05-04T20:00:00Z,20155.0,20155.0,False,False,False,
2023-05-04T21:00:00Z,20757.0,20757.0,False,False,False,
2023-05-04T22:00:00Z,20962.0,20962.0,False,False,False,
2023-05-04T23:00:00Z,20884.0,20884.0,False,False,False,
2023-05-05T00:00:00Z,20449.0,20449.0,False,False,False,
2023-05-05T01:00:00Z,20046.0,20046.0,False,False,False,
2023-05-05T02:00:00Z,20182.0,20182.0,False,False,False,
2023-05-05T03:00:00Z,19612.0,19612.0,False,False,False,
2023-05-05T04:00:00Z,18321.0,18321.0,False,False,False,
2023-05-05T05:00:00Z,17129.0,17129.0,False,False,False,
2023-05-05T06:00:00Z,16393.0,16393.0,False,False,False,
2023-05-05T07:00:00Z,15892.0,15892.0,False,False,False,
2023-05-05T08:00:00Z,15488.0,15488.0,False,False,False,
2023-05-05T09:00:00Z,15230.0,15230.0,False,False,False,
2023-05-05T10:00:00Z,15340.0,15340.0,False,False,False,
2023-05-05T11:00:00Z,15715.0,15715.0,False,False,False,
2023-05-05T12:00:00Z,16772.0,16772.0,False,False,False,
2023-05-05T13:00:00Z,17099.0,17099.0,False,False,False,
2023-05-05T14:00:00Z,17417.0,17417.0,False,False,False,
2023-05-05T15:00:00Z,17929.0,17929.0,False,False,False,
2023-05-05T16:00:00Z,18513.0,18513.0,False,False,False,
2023-05-05T17:00:00Z,19061.0,19061.0,False,False,False,
2023-05-05T18:00:00Z,19686.0,19686.0,False,False,False,
2023-05-05T19:00:00Z,20464.0,20464.0,False,False,False,
2023-05-05T20:00:00Z,20958.0,20958.0,False,False,False,
2023-05-05T21:00:00Z,21548.0,21548.0,False,False,False,
2023-05-05T22:00:00Z,21853.0,21853.0,False,False,False,
2023-05-05T23:00:00Z,21764.0,21764.0,False,False,False,
2023-05-06T00:00:00Z,21381.0,21381.0,False,False,False,
2023-05-06T01:00:00Z,20798.0,20798.0,False,False,False,
2023-05-06T02:00:00Z,20591.0,20591.0,False,False,False,
2023-05-06T03:00:00Z,19977.0,19977.0,False,False,False,
2023-05-06T04:00:00Z,19168.0,19168.0,False,False,False,
2023-05-06T05:00:00Z,18180.0,18180.0,False,False,False,
2023-05-06T06:00:00Z,17357.0,17357.0,False,False,False,
2023-05-06T07:00:00Z,16793.0,16793.0,False,False,False,
2023-05-06T08:00:00Z,16175.0,16175.0,False,False,False,
2023-05-06T09:00:00Z,15785.0,15785.0,False,False,False,
2023-05-06T10:00:00Z,15615.0,15615.0,False,False,False,
2023-05-06T11:00:00Z,15671.0,15671.0,False,False,False,
2023-05-06T12:00:00Z,15586.0,15586.0,False,False,False,
2023-05-06T13:00:00Z,15826.0,15826.0,False,False,False,
2023-05-06T14:00:00Z,16508.0,16508.0,False,False,False,
2023-05-06T15:00:00Z,16934.0,16934.0,False,False,False,
2023-05-06T16:00:00Z,17582.0,17582.0,False,False,False,
2023-05-06T17:00:00Z,18025.0,18025.0,False,False,False,
2023-05-06T18:00:00Z,18571.0,18571.0,False,False,False,
2023-05-06T19:00:00Z,19193.0,19193.0,False,False,False,
2023-05-06T20:00:00Z,19704.0,19704.0,False,False,False,
2023-05-06T21:00:00Z,19955.0,19955.0,False,False,False,
2023-05-06T22:00:00Z,20247.0,20247.0,False,False,False,
2023-05-06T23:00:00Z,20381.0,20381.0,False,False,False,
2023-05-07T00:00:00Z,20112.0,20112.0,False,False,False,
2023-05-07T01:00:00Z,19746.0,19746.0,False,False,False,
2023-05-07T02:00:00Z,19740.0,19740.0,False,False,False,
2023-05-07T03:00:00Z,19204.0,19204.0,False,False,False,
2023-05-07T04:00:00Z,18326.0,18326.0,False,False,False,
2023-05-07T05:00:00Z,17465.0,17465.0,False,False,False,
2023-05-07T06:00:00Z,16528.0,16528.0,False,False,False,
2023-05-07T07:00:00Z,15855.0,15855.0,False,False,False,
2023-05-07T08:00:00Z,15442.0,15442.0,False,False,False,
2023-05-07T09:00:00Z,15251.0,15251.0,False,False,False,
2023-05-07T10:00:00Z,15145.0,15145.0,False,False,False,
2023-05-07T11:00:00Z,15061.0,15061.0,False,False,False,
2023-05-07T12:00:00Z,15069.0,15069.0,False,False,False,
2023-05-07T13:00:00Z,15395.0,15395.0,False,False,False,
2023-05-07T14:00:00Z,16435.0,16435.0,False,False,False,
2023-05-07T15:00:00Z,17344.0,17344.0,False,False,False,
2023-05-07T16:00:00Z,18217.0,18217.0,False,False,False,
2023-05-07T17:00:00Z,19145.0,19145.0,False,False,False,
2023-05-07T18:00:00Z,20145.0,20145.0,False,False,False,
2023-05-07T19:00:00Z,20685.0,20685.0,False,False,False,
2023-05-07T20:00:00Z,21229.0,21229.0,False,False,False,
2023-05-07T21:00:00Z,21328.0,21328.0,False,False,False,
2023-05-07T22:00:00Z,21594.0,21594.0,False,False,False,
2023-05-07T23:00:00Z,21498.0,21498.0,False,False,False,
2023-05-08T00:00:00Z,21112.0,21112.0,False,False,False,
2023-05-08T01:00:00Z,20651.0,20651.0,False,False,False,
2023-05-08T02:00:00Z,20530.0,20530.0,False,False,False,
2023-05-08T03:00:00Z,20079.0,20079.0,False,False,False,
2023-05-08T04:00:00Z,19036.0,19036.0,False,False,False,
2023-05-08T05:00:00Z,17856.0,17856.0,False,False,False,
2023-05-08T06:00:00Z,16833.0,16833.0,False,False,False,
2023-05-08T07:00:00Z,16360.0,16360.0,False,False,False,
2023-05-08T08:00:00Z,16066.0,16066.0,False,False,False,
2023-05-08T09:00:00Z,15761.0,15761.0,False,False,False,
2023-05-08T10:00:00Z,15853.0,15853.0,False,False,False,
2023-05-08T11:00:00Z,16438.0,16438.0,False,False,False,
2023-05-08T12:00:00Z,17301.0,17301.0,False,False,False,
2023-05-08T13:00:00Z,17722.0,17722.0,False,False,False,
2023-05-08T14:00:00Z,18284.0,18284.0,False,False,False,
2023-05-08T15:00:00Z,18991.0,18991.0,False,False,False,
2023-05-08T16:00:00Z,19792.0,19792.0,False,False,False,
2023-05-08T17:00:00Z,20487.0,20487.0,False,False,False,
2023-05-08T18:00:00Z,21176.0,21176.0,False,False,False,
2023-05-08T19:00:00Z,21849.0,21849.0,False,False,False,
2023-05-08T20:00:00Z,22095.0,22095.0,False,False,False,
2023-05-08T21:00:00Z,22459.0,22459.0,False,False,False,
2023-05-08T22:00:00Z,22685.0,22685.0,False,False,False,
2023-05-08T23:00:00Z,22428.0,22428.0,False,False,False,
2023-05-09T00:00:00Z,21957.0,21957.0,False,False,False,
2023-05-09T01:00:00Z,21711.0,21711.0,False,False,False,
2023-05-09T02:00:00Z,21385.0,21385.0,False,False,False,
2023-05-09T03:00:00Z,20633.0,20633.0,False,False,False,
2023-05-09T04:00:00Z,19462.0,19462.0,False,False,False,
2023-05-09T05:00:00Z,18186.0,18186.0,False,False,False,
2023-05-09T06:00:00Z,17138.0,17138.0,False,False,False,
2023-05-09T07:00:00Z,16535.0,16535.0,False,False,False,
2023-05-09T08:00:00Z,16016.0,16016.0,False,False,False,
2023-05-09T09:00:00Z,15678.0,15678.0,False,False,False,
2023-05-09T10:00:00Z,15711.0,15711.0,False,False,False,
2023-05-09T11:00:00Z,16222.0,16222.0,False,False,False,
2023-05-09T12:00:00Z,16984.0,16984.0,False,False,False,
2023-05-09T13:00:00Z,17360.0,17360.0,False,False,False,
2023-05-09T14:00:00Z,17846.0,17846.0,False,False,False,
2023-05-09T15:00:00Z,18845.0,18845.0,False,False,False,
2023-05-09T16:00:00Z,19702.0,19702.0,False,False,False,
2023-05-09T17:00:00Z,20715.0,20715.0,False,False,False,
2023-05-09T18:00:00Z,21503.0,21503.0,False,False,False,
2023-05-09T19:00:00Z,21772.0,21772.0,False,False,False,
2023-05-09T20:00:00Z,21914.0,21914.0,False,False,False,
2023-05-09T21:00:00Z,21812.0,21812.0,False,False,False,
2023-05-09T22:00:00Z,21625.0,21625.0,False,False,False,
2023-05-09T23:00:00Z,21539.0,21539.0,False,False,False,
2023-05-10T00:00:00Z,21340.0,21340.0,False,False,False,
2023-05-10T01:00:00Z,21016.0,21016.0,False,False,False,
2023-05-10T02:00:00Z,21044.0,21044.0,False,False,False,
2023-05-10T03:00:00Z,20369.0,20369.0,False,False,False,
2023-05-10T04:00:00Z,19197.0,19197.0,False,False,False,
2023-05-10T05:00:00Z,17804.0,17804.0,False,False,False,
2023-05-10T06:00:00Z,16886.0,16886.0,False,False,False,
2023-05-10T07:00:00Z,16341.0,16341.0,False,False,False,
2023-05-10T08:00:00Z,16072.0,16072.0,False,False,False,
2023-05-10T09:00:00Z,15698.0,15698.0,False,False,False,
2023-05-10T10:00:00Z,15730.0,15730.0,False,False,False,
2023-05-10T11:00:00Z,16287.0,16287.0,False,False,False,
2023-05-10T12:00:00Z,16952.0,16952.0,False,False,False,
2023-05-10T13:00:00Z,17443.0,17443.0,False,False,False,
2023-05-10T14:00:00Z,17756.0,17756.0,False,False,False,
2023-05-10T15:00:00Z,18409.0,18409.0,False,False,False,
2023-05-10T16:00:00Z,18927.0,18927.0,False,False,False,
2023-05-10T17:00:00Z,19535.0,19535.0,False,False,False,
2023-05-10T18:00:00Z,20032.0,20032.0,False,False,False,
2023-05-10T19:00:00Z,20624.0,20624.0,False,False,False,
2023-05-10T20:00:00Z,20850.0,20850.0,False,False,False,
2023-05-10T21:00:00Z,21010.0,21010.0,False,False,False,
2023-05-10T22:00:00Z,20999.0,20999.0,False,False,False,
2023-05-10T23:00:00Z,20710.0,20710.0,False,False,False,
2023-05-11T00:00:00Z,20490.0,20490.0,False,False,False,
2023-05-11T01:00:00Z,20211.0,20211.0,False,False,False,
2023-05-11T02:00:00Z,20345.0,20345.0,False,False,False,
2023-05-11T03:00:00Z,19919.0,19919.0,False,False,False,
2023-05-11T04:00:00Z,18951.0,18951.0,False,False,False,
2023-05-11T05:00:00Z,17818.0,17818.0,False,False,False,
2023-05-11T06:00:00Z,17047.0,17047.0,False,False,False,
2023-05-11T07:00:00Z,16396.0,16396.0,False,False,False,
2023-05-11T08:00:00Z,16135.0,16135.0,False,False,False,
2023-05-11T09:00:00Z,15924.0,15924.0,False,False,False,
2023-05-11T10:00:00Z,15865.0,15865.0,False,False,False,
2023-05-11T11:00:00Z,16336.0,16336.0,False,False,False,
2023-05-11T12:00:00Z,17275.0,17275.0,False,False,False,
2023-05-11T13:00:00Z,17735.0,17735.0,False,False,False,
2023-05-11T14:00:00Z,18266.0,18266.0,False,False,False,
2023-05-11T15:00:00Z,19088.0,19088.0,False,False,False,
2023-05-11T16:00:00Z,19872.0,19872.0,False,False,False,
2023-05-11T17:00:00Z,20717.0,20717.0,False,False,False,
2023-05-11T18:00:00Z,21425.0,21425.0,False,False,False,
2023-05-11T19:00:00Z,22059.0,22059.0,False,False,False,
2023-05-11T20:00:00Z,22351.0,22351.0,False,False,False,
2023-05-11T21:00:00Z,22380.0,22380.0,False,False,False,
2023-05-11T22:00:00Z,22169.0,22169.0,False,False,False,
2023-05-11T23:00:00Z,21940.0,21940.0,False,False,False,
2023-05-12T00:00:00Z,21558.0,21558.0,False,False,False,
2023-05-12T01:00:00Z,21119.0,21119.0,False,False,False,
2023-05-12T02:00:00Z,21083.0,21083.0,False,False,False,
2023-05-12T03:00:00Z,20481.0,20481.0,False,False,False,
2023-05-12T04:00:00Z,19575.0,19575.0,False,False,False,
2023-05-12T05:00:00Z,18584.0,18584.0,False,False,False,
2023-05-12T06:00:00Z,17752.0,17752.0,False,False,False,
2023-05-12T07:00:00Z,17050.0,17050.0,False,False,False,
2023-05-12T08:00:00Z,16627.0,16627.0,False,False,False,
2023-05-12T09:00:00Z,16319.0,16319.0,False,False,False,
2023-05-12T10:00:00Z,16423.0,16423.0,False,False,False,
2023-05-12T11:00:00Z,16875.0,16875.0,False,False,False,
2023-05-12T12:00:00Z,17601.0,17601.0,False,False,False,
2023-05-12T13:00:00Z,17976.0,17976.0,False,False,False,
2023-05-12T14:00:00Z,18638.0,18638.0,False,False,False,
2023-05-12T15:00:00Z,19510.0,19510.0,False,False,False,
2023-05-12T16:00:00Z,20352.0,20352.0,False,False,False,
2023-05-12T17:00:00Z,21406.0,21406.0,False,False,False,
2023-05-12T18:00:00Z,22160.0,22160.0,False,False,False,
2023-05-12T19:00:00Z,23039.0,23039.0,False,False,False,
2023-05-12T20:00:00Z,23523.0,23523.0,False,False,False,
2023-05-12T21:00:00Z,23865.0,23865.0,False,False,False,
2023-05-12T22:00:00Z,23968.0,23968.0,False,False,False,
2023-05-12T23:00:00Z,23655.0,23655.0,False,False,False,
2023-05-13T00:00:00Z,23150.0,23150.0,False,False,False,
2023-05-13T01:00:00Z,22382.0,22382.0,False,False,False,
2023-05-13T02:00:00Z,21808.0,21808.0,False,False,False,
2023-05-13T03:00:00Z,21123.0,21123.0,False,False,False,
2023-05-13T04:00:00Z,20326.0,20326.0,False,False,False,
2023-05-13T05:00:00Z,19213.0,19213.0,False,False,False,
2023-05-13T06:00:00Z,18262.0,18262.0,False,False,False,
2023-05-13T07:00:00Z,17431.0,17431.0,False,False,False,
2023-05-13T08:00:00Z,16849.0,16849.0,False,False,False,
2023-05-13T09:00:00Z,16498.0,16498.0,False,False,False,
2023-05-13T10:00:00Z,16283.0,16283.0,False,False,False,
2023-05-13T11:00:00Z,16167.0,16167.0,False,False,False,
2023-05-13T12:00:00Z,16164.0,16164.0,False,False,False,
2023-05-13T13:00:00Z,16599.0,16599.0,False,False,False,
2023-05-13T14:00:00Z,17696.0,17696.0,False,False,False,
2023-05-13T15:00:00Z,18763.0,18763.0,False,False,False,
2023-05-13T16:00:00Z,19938.0,19938.0,False,False,False,
2023-05-13T17:00:00Z,21103.0,21103.0,False,False,False,
2023-05-13T18:00:00Z,22100.0,22100.0,False,False,False,
2023-05-13T19:00:00Z,22920.0,22920.0,False,False,False,
2023-05-13T20:00:00Z,23595.0,23595.0,False,False,False,
2023-05-13T21:00:00Z,24068.0,24068.0,False,False,False,
2023-05-13T22:00:00Z,24163.0,24163.0,False,False,False,
2023-05-13T23:00:00Z,23968.0,23968.0,False,False,False,
2023-05-14T00:00:00Z,23308.0,23308.0,False,False,False,
2023-05-14T01:00:00Z,22404.0,22404.0,False,False,False,
2023-05-14T02:00:00Z,21960.0,21960.0,False,False,False,
2023-05-14T03:00:00Z,21281.0,21281.0,False,False,False,
2023-05-14T04:00:00Z,20057.0,20057.0,False,False,False,
2023-05-14T05:00:00Z,18984.0,18984.0,False,False,False,
2023-05-14T06:00:00Z,17922.0,17922.0,False,False,False,
2023-05-14T07:00:00Z,17156.0,17156.0,False,False,False,
2023-05-14T08:00:00Z,16531.0,16531.0,False,False,False,
2023-05-14T09:00:00Z,16156.0,16156.0,False,False,False,
2023-05-14T10:00:00Z,15926.0,15926.0,False,False,False,
2023-05-14T11:00:00Z,15826.0,15826.0,False,False,False,
2023-05-14T12:00:00Z,15806.0,15806.0,False,False,False,
2023-05-14T13:00:00Z,16308.0,16308.0,False,False,False,
2023-05-14T14:00:00Z,17560.0,17560.0,False,False,False,
2023-05-14T15:00:00Z,18921.0,18921.0,False,False,False,
2023-05-14T16:00:00Z,20371.0,20371.0,False,False,False,
2023-05-14T17:00:00Z,21402.0,21402.0,False,False,False,
2023-05-14T18:00:00Z,22483.0,22483.0,False,False,False,
2023-05-14T19:00:00Z,23334.0,23334.0,False,False,False,
2023-05-14T20:00:00Z,23917.0,23917.0,False,False,False,
2023-05-14T21:00:00Z,24246.0,24246.0,False,False,False,
2023-05-14T22:00:00Z,24610.0,24610.0,False,False,False,
2023-05-14T23:00:00Z,24566.0,24566.0,False,False,False,
2023-05-15T00:00:00Z,24151.0,24151.0,False,False,False,
2023-05-15T01:00:00Z,23458.0,23458.0,False,False,False,
2023-05-15T02:00:00Z,23026.0,23026.0,False,False,False,
2023-05-15T03:00:00Z,22192.0,22192.0,False,False,False,
2023-05-15T04:00:00Z,20698.0,20698.0,False,False,False,
2023-05-15T05:00:00Z,19271.0,19271.0,False,False,False,
2023-05-15T06:00:00Z,18016.0,18016.0,False,False,False,
2023-05-15T07:00:00Z,17221.0,17221.0,False,False,False,
2023-05-15T08:00:00Z,16508.0,16508.0,False,False,False,
2023-05-15T09:00:00Z,16235.0,16235.0,False,False,False,
2023-05-15T10:00:00Z,16240.0,16240.0,False,False,False,
2023-05-15T11:00:00Z,16756.0,16756.0,False,False,False,
2023-05-15T12:00:00Z,17471.0,17471.0,False,False,False,
2023-05-15T13:00:00Z,18045.0,18045.0,False,False,False,
2023-05-15T14:00:00Z,19011.0,19011.0,False,False,False,
2023-05-15T15:00:00Z,20221.0,20221.0,False,False,False,
2023-05-15T16:00:00Z,21591.0,21591.0,False,False,False,
2023-05-15T17:00:00Z,23105.0,23105.0,False,False,False,
2023-05-15T18:00:00Z,24250.0,24250.0,False,False,False,
2023-05-15T19:00:00Z,25090.0,25090.0,False,False,False,
2023-05-15T20:00:00Z,25369.0,25369.0,False,False,False,
2023-05-15T21:00:00Z,25460.0,25460.0,False,False,False,
2023-05-15T22:00:00Z,25516.0,25516.0,False,False,False,
2023-05-15T23:00:00Z,25105.0,25105.0,False,False,False,
2023-05-16T00:00:00Z,24399.0,24399.0,False,False,False,
2023-05-16T01:00:00Z,23557.0,23557.0,False,False,False,
2023-05-16T02:00:00Z,23035.0,23035.0,False,False,False,
2023-05-16T03:00:00Z,22038.0,22038.0,False,False,False,
2023-05-16T04:00:00Z,20561.0,20561.0,False,False,False,
2023-05-16T05:00:00Z,19058.0,19058.0,False,False,False,
2023-05-16T06:00:00Z,17982.0,17982.0,False,False,False,
2023-05-16T07:00:00Z,17215.0,17215.0,False,False,False,
2023-05-16T08:00:00Z,16594.0,16594.0,False,False,False,
2023-05-16T09:00:00Z,16278.0,16278.0,False,False,False,
2023-05-16T10:00:00Z,16045.0,16045.0,False,False,False,
2023-05-16T11:00:00Z,16374.0,16374.0,False,False,False,
2023-05-16T12:00:00Z,17055.0,17055.0,False,False,False,
2023-05-16T13:00:00Z,17707.0,17707.0,False,False,False,
2023-05-16T14:00:00Z,18467.0,18467.0,False,False,False,
2023-05-16T15:00:00Z,19523.0,19523.0,False,False,False,
2023-05-16T16:00:00Z,20798.0,20798.0,False,False,False,
2023-05-16T17:00:00Z,22075.0,22075.0,False,False,False,
2023-05-16T18:00:00Z,23118.0,23118.0,False,False,False,
2023-05-16T19:00:00Z,24129.0,24129.0,False,False,False,
2023-05-16T20:00:00Z,24875.0,24875.0,False,False,False,
2023-05-16T21:00:00Z,25317.0,25317.0,False,False,False,
2023-05-16T22:00:00Z,25589.0,25589.0,False,False,False,
2023-05-16T23:00:00Z,25308.0,25308.0,False,False,False,
2023-05-17T00:00:00Z,24582.0,24582.0,False,False,False,
2023-05-17T01:00:00Z,23726.0,23726.0,False,False,False,
2023-05-17T02:00:00Z,23264.0,23264.0,False,False,False,
2023-05-17T03:00:00Z,22333.0,22333.0,False,False,False,
2023-05-17T04:00:00Z,20872.0,20872.0,False,False,False,
2023-05-17T05:00:00Z,19403.0,19403.0,False,False,False,
2023-05-17T06:00:00Z,18239.0,18239.0,False,False,False,
2023-05-17T07:00:00Z,17360.0,17360.0,False,False,False,
2023-05-17T08:00:00Z,16829.0,16829.0,False,False,False,
2023-05-17T09:00:00Z,16470.0,16470.0,False,False,False,
2023-05-17T10:00:00Z,16423.0,16423.0,False,False,False,
2023-05-17T11:00:00Z,16687.0,16687.0,False,False,False,
2023-05-17T12:00:00Z,17320.0,17320.0,False,False,False,
2023-05-17T13:00:00Z,17819.0,17819.0,False,False,False,
2023-05-17T14:00:00Z,18147.0,18147.0,False,False,False,
2023-05-17T15:00:00Z,18986.0,18986.0,False,False,False,
2023-05-17T16:00:00Z,20174.0,20174.0,False,False,False,
2023-05-17T17:00:00Z,21163.0,21163.0,False,False,False,
2023-05-17T18:00:00Z,21737.0,21737.0,False,False,False,
2023-05-17T19:00:00Z,22291.0,22291.0,False,False,False,
2023-05-17T20:00:00Z,22539.0,22539.0,False,False,False,
2023-05-17T21:00:00Z,22958.0,22958.0,False,False,False,
2023-05-17T22:00:00Z,23150.0,23150.0,False,False,False,
2023-05-17T23:00:00Z,23215.0,23215.0,False,False,False,
2023-05-18T00:00:00Z,22768.0,22768.0,False,False,False,
2023-05-18T01:00:00Z,22158.0,22158.0,False,False,False,
2023-05-18T02:00:00Z,21672.0,21672.0,False,False,False,
2023-05-18T03:00:00Z,21006.0,21006.0,False,False,False,
2023-05-18T04:00:00Z,19713.0,19713.0,False,False,False,
2023-05-18T05:00:00Z,18391.0,18391.0,False,False,False,
2023-05-18T06:00:00Z,17295.0,17295.0,False,False,False,
2023-05-18T07:00:00Z,16592.0,16592.0,False,False,False,
2023-05-18T08:00:00Z,16069.0,16069.0,False,False,False,
2023-05-18T09:00:00Z,15722.0,15722.0,False,False,False,
2023-05-18T10:00:00Z,15720.0,15720.0,False,False,False,
2023-05-18T11:00:00Z,16152.0,16152.0,False,False,False,
2023-05-18T12:00:00Z,16722.0,16722.0,False,False,False,
2023-05-18T13:00:00Z,17124.0,17124.0,False,False,False,
2023-05-18T14:00:00Z,17742.0,17742.0,False,False,False,
2023-05-18T15:00:00Z,18786.0,18786.0,False,False,False,
2023-05-18T16:00:00Z,19856.0,19856.0,False,False,False,
2023-05-18T17:00:00Z,21143.0,21143.0,False,False,False,
2023-05-18T18:00:00Z,22159.0,22159.0,False,False,False,
2023-05-18T19:00:00Z,23337.0,23337.0,False,False,False,
2023-05-18T20:00:00Z,24007.0,24007.0,False,False,False,
2023-05-18T21:00:00Z,24548.0,24548.0,False,False,False,
2023-05-18T22:00:00Z,24937.0,24937.0,False,False,False,
2023-05-18T23:00:00Z,24661.0,24661.0,False,False,False,
2023-05-19T00:00:00Z,24271.0,24271.0,False,False,False,
2023-05-19T01:00:00Z,23506.0,23506.0,False,False,False,
2023-05-19T02:00:00Z,22977.0,22977.0,False,False,False,
2023-05-19T03:00:00Z,22048.0,22048.0,False,False,False,
2023-05-19T04:00:00Z,20684.0,20684.0,False,False,False,
2023-05-19T05:00:00Z,19280.0,19280.0,False,False,False,
2023-05-19T06:00:00Z,18096.0,18096.0,False,False,False,
2023-05-19T07:00:00Z,17184.0,17184.0,False,False,False,
2023-05-19T08:00:00Z,16587.0,16587.0,False,False,False,
2023-05-19T09:00:00Z,16256.0,16256.0,False,False,False,
2023-05-19T10:00:00Z,16122.0,16122.0,False,False,False,
2023-05-19T11:00:00Z,16466.0,16466.0,False,False,False,
2023-05-19T12:00:00Z,17123.0,17123.0,False,False,False,
2023-05-19T13:00:00Z,17874.0,17874.0,False,False,False,
2023-05-19T14:00:00Z,18671.0,18671.0,False,False,False,
2023-05-19T15:00:00Z,19844.0,19844.0,False,False,False,
2023-05-19T16:00:00Z,21251.0,21251.0,False,False,False,
2023-05-19T17:00:00Z,22545.0,22545.0,False,False,False,
2023-05-19T18:00:00Z,23604.0,23604.0,False,False,False,
2023-05-19T19:00:00Z,24424.0,24424.0,False,False,False,
2023-05-19T20:00:00Z,25085.0,25085.0,False,False,False,
2023-05-19T21:00:00Z,25605.0,25605.0,False,False,False,
2023-05-19T22:00:00Z,26006.0,26006.0,False,False,False,
2023-05-19T23:00:00Z,25881.0,25881.0,False,False,False,
2023-05-20T00:00:00Z,25297.0,25297.0,False,False,False,
2023-05-20T01:00:00Z,24188.0,24188.0,False,False,False,
2023-05-20T02:00:00Z,23457.0,23457.0,False,False,False,
2023-05-20T03:00:00Z,22481.0,22481.0,False,False,False,
2023-05-20T04:00:00Z,21448.0,21448.0,False,False,False,
2023-05-20T05:00:00Z,20165.0,20165.0,False,False,False,
2023-05-20T06:00:00Z,19150.0,19150.0,False,False,False,
2023-05-20T07:00:00Z,18182.0,18182.0,False,False,False,
2023-05-20T08:00:00Z,17540.0,17540.0,False,False,False,
2023-05-20T09:00:00Z,17096.0,17096.0,False,False,False,
2023-05-20T10:00:00Z,16916.0,16916.0,False,False,False,
2023-05-20T11:00:00Z,16799.0,16799.0,False,False,False,
2023-05-20T12:00:00Z,16785.0,16785.0,False,False,False,
2023-05-20T13:00:00Z,17247.0,17247.0,False,False,False,
2023-05-20T14:00:00Z,18162.0,18162.0,False,False,False,
2023-05-20T15:00:00Z,19401.0,19401.0,False,False,False,
2023-05-20T16:00:00Z,20546.0,20546.0,False,False,False,
2023-05-20T17:00:00Z,21567.0,21567.0,False,False,False,
2023-05-20T18:00:00Z,22414.0,22414.0,False,False,False,
2023-05-20T19:00:00Z,23091.0,23091.0,False,False,False,
2023-05-20T20:00:00Z,23719.0,23719.0,False,False,False,
2023-05-20T21:00:00Z,24164.0,24164.0,False,False,False,
2023-05-20T22:00:00Z,24212.0,24212.0,False,False,False,
2023-05-20T23:00:00Z,23896.0,23896.0,False,False,False,
2023-05-21T00:00:00Z,22898.0,22898.0,False,False,False,
2023-05-21T01:00:00Z,21988.0,21988.0,False,False,False,
2023-05-21T02:00:00Z,21740.0,21740.0,False,False,False,
2023-05-21T03:00:00Z,21017.0,21017.0,False,False,False,
2023-05-21T04:00:00Z,19918.0,19918.0,False,False,False,
2023-05-21T05:00:00Z,18857.0,18857.0,False,False,False,
2023-05-21T06:00:00Z,17737.0,17737.0,False,False,False,
2023-05-21T07:00:00Z,17039.0,17039.0,False,False,False,
2023-05-21T08:00:00Z,16454.0,16454.0,False,False,False,
2023-05-21T09:00:00Z,16059.0,16059.0,False,False,False,
2023-05-21T10:00:00Z,15613.0,15613.0,False,False,False,
2023-05-21T11:00:00Z,15718.0,15718.0,False,False,False,
2023-05-21T12:00:00Z,15410.0,15410.0,False,False,False,
2023-05-21T13:00:00Z,15753.0,15753.0,False,False,False,
2023-05-21T14:00:00Z,16579.0,16579.0,False,False,False,
2023-05-21T15:00:00Z,17417.0,17417.0,False,False,False,
2023-05-21T16:00:00Z,18224.0,18224.0,False,False,False,
2023-05-21T17:00:00Z,18981.0,18981.0,False,False,False,
2023-05-21T18:00:00Z,19763.0,19763.0,False,False,False,
2023-05-21T19:00:00Z,20244.0,20244.0,False,False,False,
2023-05-21T20:00:00Z,20405.0,20405.0,False,False,False,
2023-05-21T21:00:00Z,20429.0,20429.0,False,False,False,
2023-05-21T22:00:00Z,20472.0,20472.0,False,False,False,
2023-05-21T23:00:00Z,20354.0,20354.0,False,False,False,
2023-05-22T00:00:00Z,20254.0,20254.0,False,False,False,
2023-05-22T01:00:00Z,19975.0,19975.0,False,False,False,
2023-05-22T02:00:00Z,19911.0,19911.0,False,False,False,
2023-05-22T03:00:00Z,19445.0,19445.0,False,False,False,
2023-05-22T04:00:00Z,18464.0,18464.0,False,False,False,
2023-05-22T05:00:00Z,17256.0,17256.0,False,False,False,
2023-05-22T06:00:00Z,16355.0,16355.0,False,False,False,
2023-05-22T07:00:00Z,15742.0,15742.0,False,False,False,
2023-05-22T08:00:00Z,15332.0,15332.0,False,False,False,
2023-05-22T09:00:00Z,15130.0,15130.0,False,False,False,
2023-05-22T10:00:00Z,15187.0,15187.0,False,False,False,
2023-05-22T11:00:00Z,15591.0,15591.0,False,False,False,
2023-05-22T12:00:00Z,16339.0,16339.0,False,False,False,
2023-05-22T13:00:00Z,16837.0,16837.0,False,False,False,
2023-05-22T14:00:00Z,17394.0,17394.0,False,False,False,
2023-05-22T15:00:00Z,18230.0,18230.0,False,False,False,
2023-05-22T16:00:00Z,19137.0,19137.0,False,False,False,
2023-05-22T17:00:00Z,20271.0,20271.0,False,False,False,
2023-05-22T18:00:00Z,21280.0,21280.0,False,False,False,
2023-05-22T19:00:00Z,22095.0,22095.0,False,False,False,
2023-05-22T20:00:00Z,22765.0,22765.0,False,False,False,
2023-05-22T21:00:00Z,23424.0,23424.0,False,False,False,
2023-05-22T22:00:00Z,23824.0,23824.0,False,False,False,
2023-05-22T23:00:00Z,23791.0,23791.0,False,False,False,
2023-05-23T00:00:00Z,23408.0,23408.0,False,False,False,
2023-05-23T01:00:00Z,22657.0,22657.0,False,False,False,
2023-05-23T02:00:00Z,21996.0,21996.0,False,False,False,
2023-05-23T03:00:00Z,21260.0,21260.0,False,False,False,
2023-05-23T04:00:00Z,19829.0,19829.0,False,False,False,
2023-05-23T05:00:00Z,18447.0,18447.0,False,False,False,
2023-05-23T06:00:00Z,17183.0,17183.0,False,False,False,
2023-05-23T07:00:00Z,16502.0,16502.0,False,False,False,
2023-05-23T08:00:00Z,15935.0,15935.0,False,False,False,
2023-05-23T09:00:00Z,15559.0,15559.0,False,False,False,
2023-05-23T10:00:00Z,15510.0,15510.0,False,False,False,
2023-05-23T11:00:00Z,15723.0,15723.0,False,False,False,
2023-05-23T12:00:00Z,16294.0,16294.0,False,False,False,
2023-05-23T13:00:00Z,16721.0,16721.0,False,False,False,
2023-05-23T14:00:00Z,17537.0,17537.0,False,False,False,
2023-05-23T15:00:00Z,18545.0,18545.0,False,False,False,
2023-05-23T16:00:00Z,19659.0,19659.0,False,False,False,
2023-05-23T17:00:00Z,20884.0,20884.0,False,False,False,
2023-05-23T18:00:00Z,21834.0,21834.0,False,False,False,
2023-05-23T19:00:00Z,22827.0,22827.0,False,False,False,
2023-05-23T20:00:00Z,23580.0,23580.0,False,False,False,
2023-05-23T21:00:00Z,23995.0,23995.0,False,False,False,
2023-05-23T22:00:00Z,24252.0,24252.0,False,False,False,
2023-05-23T23:00:00Z,23962.0,23962.0,False,False,False,
2023-05-24T00:00:00Z,23683.0,23683.0,False,False,False,
2023-05-24T01:00:00Z,22866.0,22866.0,False,False,False,
2023-05-24T02:00:00Z,22352.0,22352.0,False,False,False,
2023-05-24T03:00:00Z,21492.0,21492.0,False,False,False,
2023-05-24T04:00:00Z,20019.0,20019.0,False,False,False,
2023-05-24T05:00:00Z,18597.0,18597.0,False,False,False,
2023-05-24T06:00:00Z,17518.0,17518.0,False,False,False,
2023-05-24T07:00:00Z,16823.0,16823.0,False,False,False,
2023-05-24T08:00:00Z,16150.0,16150.0,False,False,False,
2023-05-24T09:00:00Z,15781.0,15781.0,False,False,False,
2023-05-24T10:00:00Z,15738.0,15738.0,False,False,False,
2023-05-24T11:00:00Z,16097.0,16097.0,False,False,False,
2023-05-24T12:00:00Z,16599.0,16599.0,False,False,False,
2023-05-24T13:00:00Z,17235.0,17235.0,False,False,False,
2023-05-24T14:00:00Z,17772.0,17772.0,False,False,False,
2023-05-24T15:00:00Z,18531.0,18531.0,False,False,False,
2023-05-24T16:00:00Z,19281.0,19281.0,False,False,False,
2023-05-24T17:00:00Z,20137.0,20137.0,False,False,False,
2023-05-24T18:00:00Z,20866.0,20866.0,False,False,False,
2023-05-24T19:00:00Z,21574.0,21574.0,False,False,False,
2023-05-24T20:00:00Z,22191.0,22191.0,False,False,False,
2023-05-24T21:00:00Z,22542.0,22542.0,False,False,False,
2023-05-24T22:00:00Z,22903.0,22903.0,False,False,False,
2023-05-24T23:00:00Z,22850.0,22850.0,False,False,False,
2023-05-25T00:00:00Z,22612.0,22612.0,False,False,False,
2023-05-25T01:00:00Z,21791.0,21791.0,False,False,False,
2023-05-25T02:00:00Z,21295.0,21295.0,False,False,False,
2023-05-25T03:00:00Z,20616.0,20616.0,False,False,False,
2023-05-25T04:00:00Z,19436.0,19436.0,False,False,False,
2023-05-25T05:00:00Z,18113.0,18113.0,False,False,False,
2023-05-25T06:00:00Z,16934.0,16934.0,False,False,False,
2023-05-25T07:00:00Z,16180.0,16180.0,False,False,False,
2023-05-25T08:00:00Z,15597.0,15597.0,False,False,False,
2023-05-25T09:00:00Z,15368.0,15368.0,False,False,False,
2023-05-25T10:00:00Z,15505.0,15505.0,False,False,False,
2023-05-25T11:00:00Z,15848.0,15848.0,False,False,False,
2023-05-25T12:00:00Z,16392.0,16392.0,False,False,False,
2023-05-25T13:00:00Z,17019.0,17019.0,False,False,False,
2023-05-25T14:00:00Z,17575.0,17575.0,False,False,False,
2023-05-25T15:00:00Z,18515.0,18515.0,False,False,False,
2023-05-25T16:00:00Z,19710.0,19710.0,False,False,False,
2023-05-25T17:00:00Z,20742.0,20742.0,False,False,False,
2023-05-25T18:00:00Z,21837.0,21837.0,False,False,False,
2023-05-25T19:00:00Z,22753.0,22753.0,False,False,False,
2023-05-25T20:00:00Z,23489.0,23489.0,False,False,False,
2023-05-25T21:00:00Z,24113.0,24113.0,False,False,False,
2023-05-25T22:00:00Z,24241.0,24241.0,False,False,False,
2023-05-25T23:00:00Z,23982.0,23982.0,False,False,False,
2023-05-26T00:00:00Z,23569.0,23569.0,False,False,False,
2023-05-26T01:00:00Z,22701.0,22701.0,False,False,False,
2023-05-26T02:00:00Z,22073.0,22073.0,False,False,False,
2023-05-26T03:00:00Z,21199.0,21199.0,False,False,False,
2023-05-26T04:00:00Z,19861.0,19861.0,False,False,False,
2023-05-26T05:00:00Z,18537.0,18537.0,False,False,False,
2023-05-26T06:00:00Z,17385.0,17385.0,False,False,False,
2023-05-26T07:00:00Z,16610.0,16610.0,False,False,False,
2023-05-26T08:00:00Z,15970.0,15970.0,False,False,False,
2023-05-26T09:00:00Z,15635.0,15635.0,False,False,False,
2023-05-26T10:00:00Z,15557.0,15557.0,False,False,False,
2023-05-26T11:00:00Z,15770.0,15770.0,False,False,False,
2023-05-26T12:00:00Z,16047.0,16047.0,False,False,False,
2023-05-26T13:00:00Z,16694.0,16694.0,False,False,False,
2023-05-26T14:00:00Z,17507.0,17507.0,False,False,False,
2023-05-26T15:00:00Z,18617.0,18617.0,False,False,False,
2023-05-26T16:00:00Z,19673.0,19673.0,False,False,False,
2023-05-26T17:00:00Z,20760.0,20760.0,False,False,False,
2023-05-26T18:00:00Z,21692.0,21692.0,False,False,False,
2023-05-26T19:00:00Z,22716.0,22716.0,False,False,False,
2023-05-26T20:00:00Z,23514.0,23514.0,False,False,False,
2023-05-26T21:00:00Z,23970.0,23970.0,False,False,False,
2023-05-26T22:00:00Z,24085.0,24085.0,False,False,False,
2023-05-26T23:00:00Z,23933.0,23933.0,False,False,False,
2023-05-27T00:00:00Z,23345.0,23345.0,False,False,False,
2023-05-27T01:00:00Z,22129.0,22129.0,False,False,False,
2023-05-27T02:00:00Z,21374.0,21374.0,False,False,False,
2023-05-27T03:00:00Z,20568.0,20568.0,False,False,False,
2023-05-27T04:00:00Z,19447.0,19447.0,False,False,False,
2023-05-27T05:00:00Z,18238.0,18238.0,False,False,False,
2023-05-27T06:00:00Z,17113.0,17113.0,False,False,False,
2023-05-27T07:00:00Z,16303.0,16303.0,False,False,False,
2023-05-27T08:00:00Z,15862.0,15862.0,False,False,False,
2023-05-27T09:00:00Z,15379.0,15379.0,False,False,False,
2023-05-27T10:00:00Z,15213.0,15213.0,False,False,False,
2023-05-27T11:00:00Z,15086.0,15086.0,False,False,False,
2023-05-27T12:00:00Z,14983.0,14983.0,False,False,False,
2023-05-27T13:00:00Z,15481.0,15481.0,False,False,False,
2023-05-27T14:00:00Z,16513.0,16513.0,False,False,False,
2023-05-27T15:00:00Z,17675.0,17675.0,False,False,False,
2023-05-27T16:00:00Z,18898.0,18898.0,False,False,False,
2023-05-27T17:00:00Z,19831.0,19831.0,False,False,False,
2023-05-27T18:00:00Z,20728.0,20728.0,False,False,False,
2023-05-27T19:00:00Z,21449.0,21449.0,False,False,False,
2023-05-27T20:00:00Z,22043.0,22043.0,False,False,False,
2023-05-27T21:00:00Z,22445.0,22445.0,False,False,False,
2023-05-27T22:00:00Z,22690.0,22690.0,False,False,False,
2023-05-27T23:00:00Z,22470.0,22470.0,False,False,False,
2023-05-28T00:00:00Z,21965.0,21965.0,False,False,False,
2023-05-28T01:00:00Z,21241.0,21241.0,False,False,False,
2023-05-28T02:00:00Z,20679.0,20679.0,False,False,False,
2023-05-28T03:00:00Z,20012.0,20012.0,False,False,False,
2023-05-28T04:00:00Z,19045.0,19045.0,False,False,False,
2023-05-28T05:00:00Z,17958.0,17958.0,False,False,False,
2023-05-28T06:00:00Z,16962.0,16962.0,False,False,False,
2023-05-28T07:00:00Z,16217.0,16217.0,False,False,False,
2023-05-28T08:00:00Z,15644.0,15644.0,False,False,False,
2023-05-28T09:00:00Z,15324.0,15324.0,False,False,False,
2023-05-28T10:00:00Z,15112.0,15112.0,False,False,False,
2023-05-28T11:00:00Z,15058.0,15058.0,False,False,False,
2023-05-28T12:00:00Z,14932.0,14932.0,False,False,False,
2023-05-28T13:00:00Z,15325.0,15325.0,False,False,False,
2023-05-28T14:00:00Z,16329.0,16329.0,False,False,False,
2023-05-28T15:00:00Z,17435.0,17435.0,False,False,False,
2023-05-28T16:00:00Z,18545.0,18545.0,False,False,False,
2023-05-28T17:00:00Z,19739.0,19739.0,False,False,False,
2023-05-28T18:00:00Z,20854.0,20854.0,False,False,False,
2023-05-28T19:00:00Z,21790.0,21790.0,False,False,False,
2023-05-28T20:00:00Z,22688.0,22688.0,False,False,False,
2023-05-28T21:00:00Z,23153.0,23153.0,False,False,False,
2023-05-28T22:00:00Z,23340.0,23340.0,False,False,False,
2023-05-28T23:00:00Z,23215.0,23215.0,False,False,False,
2023-05-29T00:00:00Z,22756.0,22756.0,False,False,False,
2023-05-29T01:00:00Z,21966.0,21966.0,False,False,False,
2023-05-29T02:00:00Z,21375.0,21375.0,False,False,False,
2023-05-29T03:00:00Z,20634.0,20634.0,False,False,False,
2023-05-29T04:00:00Z,19557.0,19557.0,False,False,False,
2023-05-29T05:00:00Z,18379.0,18379.0,False,False,False,
2023-05-29T06:00:00Z,17277.0,17277.0,False,False,False,
2023-05-29T07:00:00Z,16590.0,16590.0,False,False,False,
2023-05-29T08:00:00Z,16036.0,16036.0,False,False,False,
2023-05-29T09:00:00Z,15658.0,15658.0,False,False,False,
2023-05-29T10:00:00Z,15537.0,15537.0,False,False,False,
2023-05-29T11:00:00Z,15549.0,15549.0,False,False,False,
2023-05-29T12:00:00Z,15495.0,15495.0,False,False,False,
2023-05-29T13:00:00Z,15859.0,15859.0,False,False,False,
2023-05-29T14:00:00Z,16766.0,16766.0,False,False,False,
2023-05-29T15:00:00Z,18110.0,18110.0,False,False,False,
2023-05-29T16:00:00Z,19650.0,19650.0,False,False,False,
2023-05-29T17:00:00Z,21120.0,21120.0,False,False,False,
2023-05-29T18:00:00Z,22320.0,22320.0,False,False,False,
2023-05-29T19:00:00Z,23220.0,23220.0,False,False,False,
2023-05-29T20:00:00Z,23912.0,23912.0,False,False,False,
2023-05-29T21:00:00Z,24323.0,24323.0,False,False,False,
2023-05-29T22:00:00Z,24413.0,24413.0,False,False,False,
2023-05-29T23:00:00Z,24336.0,24336.0,False,False,False,
2023-05-30T00:00:00Z,23625.0,23625.0,False,False,False,
2023-05-30T01:00:00Z,22853.0,22853.0,False,False,False,
2023-05-30T02:00:00Z,22280.0,22280.0,False,False,False,
2023-05-30T03:00:00Z,21484.0,21484.0,False,False,False,
2023-05-30T04:00:00Z,20257.0,20257.0,False,False,False,
2023-05-30T05:00:00Z,18772.0,18772.0,False,False,False,
2023-05-30T06:00:00Z,17625.0,17625.0,False,False,False,
2023-05-30T07:00:00Z,16847.0,16847.0,False,False,False,
2023-05-30T08:00:00Z,16282.0,16282.0,False,False,False,
2023-05-30T09:00:00Z,15957.0,15957.0,False,False,False,
2023-05-30T10:00:00Z,16018.0,16018.0,False,False,False,
2023-05-30T11:00:00Z,16249.0,16249.0,False,False,False,
2023-05-30T12:00:00Z,16665.0,16665.0,False,False,False,
2023-05-30T13:00:00Z,17261.0,17261.0,False,False,False,
2023-05-30T14:00:00Z,18379.0,18379.0,False,False,False,
2023-05-30T15:00:00Z,19521.0,19521.0,False,False,False,
2023-05-30T16:00:00Z,21130.0,21130.0,False,False,False,
2023-05-30T17:00:00Z,22399.0,22399.0,False,False,False,
2023-05-30T18:00:00Z,23507.0,23507.0,False,False,False,
2023-05-30T19:00:00Z,24417.0,24417.0,False,False,False,
2023-05-30T20:00:00Z,24938.0,24938.0,False,False,False,
2023-05-30T21:00:00Z,25353.0,25353.0,False,False,False,
2023-05-30T22:00:00Z,25282.0,25282.0,False,False,False,
2023-05-30T23:00:00Z,24867.0,24867.0,False,False,False,
2023-05-31T00:00:00Z,24212.0,24212.0,False,False,False,
2023-05-31T01:00:00Z,23457.0,23457.0,False,False,False,
2023-05-31T02:00:00Z,22783.0,22783.0,False,False,False,
2023-05-31T03:00:00Z,22009.0,22009.0,False,False,False,
2023-05-31T04:00:00Z,20640.0,20640.0,False,False,False,
2023-05-31T05:00:00Z,19253.0,19253.0,False,False,False,
2023-05-31T06:00:00Z,18084.0,18084.0,False,False,False,
2023-05-31T07:00:00Z,17335.0,17335.0,False,False,False,
2023-05-31T08:00:00Z,16811.0,16811.0,False,False,False,
2023-05-31T09:00:00Z,16407.0,16407.0,False,False,False,
2023-05-31T10:00:00Z,16306.0,16306.0,False,False,False,
2023-05-31T11:00:00Z,16459.0,16459.0,False,False,False,
2023-05-31T12:00:00Z,16747.0,16747.0,False,False,False,
2023-05-31T13:00:00Z,17478.0,17478.0,False,False,False,
2023-05-31T14:00:00Z,18421.0,18421.0,False,False,False,
2023-05-31T15:00:00Z,19738.0,19738.0,False,False,False,
2023-05-31T16:00:00Z,21287.0,21287.0,False,False,False,
2023-05-31T17:00:00Z,22681.0,22681.0,False,False,False,
2023-05-31T18:00:00Z,23743.0,23743.0,False,False,False,
2023-05-31T19:00:00Z,24728.0,24728.0,False,False,False,
2023-05-31T20:00:00Z,25432.0,25432.0,False,False,False,
2023-05-31T21:00:00Z,25549.0,25549.0,False,False,False,
2023-05-31T22:00:00Z,25612.0,25612.0,False,False,False,
2023-05-31T23:00:00Z,25447.0,25447.0,False,False,False,
2023-06-01T00:00:00Z,25102.0,25102.0,False,False,False,
2023-06-01T01:00:00Z,24249.0,24249.0,False,False,False,
2023-06-01T02:00:00Z,23521.0,23521.0,False,False,False,
2023-06-01T03:00:00Z,22666.0,22666.0,False,False,False,
2023-06-01T04:00:00Z,21259.0,21259.0,False,False,False,
2023-06-01T05:00:00Z,19785.0,19785.0,False,False,False,
2023-06-01T06:00:00Z,18608.0,18608.0,False,False,False,
2023-06-01T07:00:00Z,17597.0,17597.0,False,False,False,
2023-06-01T08:00:00Z,17016.0,17016.0,False,False,False,
2023-06-01T09:00:00Z,16528.0,16528.0,False,False,False,
2023-06-01T10:00:00Z,16224.0,16224.0,False,False,False,
2023-06-01T11:00:00Z,16471.0,16471.0,False,False,False,
2023-06-01T12:00:00Z,16842.0,16842.0,False,False,False,
2023-06-01T13:00:00Z,17498.0,17498.0,False,False,False,
2023-06-01T14:00:00Z,18594.0,18594.0,False,False,False,
2023-06-01T15:00:00Z,19993.0,19993.0,False,False,False,
2023-06-01T16:00:00Z,21452.0,21452.0,False,False,False,
2023-06-01T17:00:00Z,22833.0,22833.0,False,False,False,
2023-06-01T18:00:00Z,24085.0,24085.0,False,False,False,
2023-06-01T19:00:00Z,25133.0,25133.0,False,False,False,
2023-06-01T20:00:00Z,25805.0,25805.0,False,False,False,
2023-06-01T21:00:00Z,26198.0,26198.0,False,False,False,
2023-06-01T22:00:00Z,26139.0,26139.0,False,False,False,
2023-06-01T23:00:00Z,26197.0,26197.0,False,False,False,
2023-06-02T00:00:00Z,25705.0,25705.0,False,False,False,
2023-06-02T01:00:00Z,24872.0,24872.0,False,False,False,
2023-06-02T02:00:00Z,24034.0,24034.0,False,False,False,
2023-06-02T03:00:00Z,23102.0,23102.0,False,False,False,
2023-06-02T04:00:00Z,21725.0,21725.0,False,False,False,
2023-06-02T05:00:00Z,20051.0,20051.0,False,False,False,
2023-06-02T06:00:00Z,18949.0,18949.0,False,False,False,
2023-06-02T07:00:00Z,18090.0,18090.0,False,False,False,
2023-06-02T08:00:00Z,17500.0,17500.0,False,False,False,
2023-06-02T09:00:00Z,17108.0,17108.0,False,False,False,
2023-06-02T10:00:00Z,16847.0,16847.0,False,False,False,
2023-06-02T11:00:00Z,17164.0,17164.0,False,False,False,
2023-06-02T12:00:00Z,17495.0,17495.0,False,False,False,
2023-06-02T13:00:00Z,18281.0,18281.0,False,False,False,
2023-06-02T14:00:00Z,19325.0,19325.0,False,False,False,
2023-06-02T15:00:00Z,20630.0,20630.0,False,False,False,
2023-06-02T16:00:00Z,22224.0,22224.0,False,False,False,
2023-06-02T17:00:00Z,23641.0,23641.0,False,False,False,
2023-06-02T18:00:00Z,25021.0,25021.0,False,False,False,
2023-06-02T19:00:00Z,25840.0,25840.0,False,False,False,
2023-06-02T20:00:00Z,26606.0,26606.0,False,False,False,
2023-06-02T21:00:00Z,27142.0,27142.0,False,False,False,
2023-06-02T22:00:00Z,27241.0,27241.0,False,False,False,
2023-06-02T23:00:00Z,27006.0,27006.0,False,False,False,
2023-06-03T00:00:00Z,26322.0,26322.0,False,False,False,
2023-06-03T01:00:00Z,25335.0,25335.0,False,False,False,
2023-06-03T02:00:00Z,24259.0,24259.0,False,False,False,
2023-06-03T03:00:00Z,23407.0,23407.0,False,False,False,
2023-06-03T04:00:00Z,22250.0,22250.0,False,False,False,
2023-06-03T05:00:00Z,20825.0,20825.0,False,False,False,
2023-06-03T06:00:00Z,19634.0,19634.0,False,False,False,
2023-06-03T07:00:00Z,18507.0,18507.0,False,False,False,
2023-06-03T08:00:00Z,17753.0,17753.0,False,False,False,
2023-06-03T09:00:00Z,17230.0,17230.0,False,False,False,
2023-06-03T10:00:00Z,16925.0,16925.0,False,False,False,
2023-06-03T11:00:00Z,16770.0,16770.0,False,False,False,
2023-06-03T12:00:00Z,16665.0,16665.0,False,False,False,
2023-06-03T13:00:00Z,17263.0,17263.0,False,False,False,
2023-06-03T14:00:00Z,18689.0,18689.0,False,False,False,
2023-06-03T15:00:00Z,20342.0,20342.0,False,False,False,
2023-06-03T16:00:00Z,22161.0,22161.0,False,False,False,
2023-06-03T17:00:00Z,23588.0,23588.0,False,False,False,
2023-06-03T18:00:00Z,24877.0,24877.0,False,False,False,
2023-06-03T19:00:00Z,25786.0,25786.0,False,False,False,
2023-06-03T20:00:00Z,26322.0,26322.0,False,False,False,
2023-06-03T21:00:00Z,26569.0,26569.0,False,False,False,
2023-06-03T22:00:00Z,26387.0,26387.0,False,False,False,
2023-06-03T23:00:00Z,25696.0,25696.0,False,False,False,
2023-06-04T00:00:00Z,25005.0,25005.0,False,False,False,
2023-06-04T01:00:00Z,23890.0,23890.0,False,False,False,
2023-06-04T02:00:00Z,22949.0,22949.0,False,False,False,
2023-06-04T03:00:00Z,22090.0,22090.0,False,False,False,
2023-06-04T04:00:00Z,20962.0,20962.0,False,False,False,
2023-06-04T05:00:00Z,19817.0,19817.0,False,False,False,
2023-06-04T06:00:00Z,18603.0,18603.0,False,False,False,
2023-06-04T07:00:00Z,17784.0,17784.0,False,False,False,
2023-06-04T08:00:00Z,17000.0,17000.0,False,False,False,
2023-06-04T09:00:00Z,16645.0,16645.0,False,False,False,
2023-06-04T10:00:00Z,16293.0,16293.0,False,False,False,
2023-06-04T11:00:00Z,16112.0,16112.0,False,False,False,
2023-06-04T12:00:00Z,15892.0,15892.0,False,False,False,
2023-06-04T13:00:00Z,16558.0,16558.0,False,False,False,
2023-06-04T14:00:00Z,17627.0,17627.0,False,False,False,
2023-06-04T15:00:00Z,19035.0,19035.0,False,False,False,
2023-06-04T16:00:00Z,20304.0,20304.0,False,False,False,
2023-06-04T17:00:00Z,21679.0,21679.0,False,False,False,
2023-06-04T18:00:00Z,23069.0,23069.0,False,False,False,
2023-06-04T19:00:00Z,24298.0,24298.0,False,False,False,
2023-06-04T20:00:00Z,24870.0,24870.0,False,False,False,
2023-06-04T21:00:00Z,24977.0,24977.0,False,False,False,
2023-06-04T22:00:00Z,24799.0,24799.0,False,False,False,
2023-06-04T23:00:00Z,24470.0,24470.0,False,False,False,
2023-06-05T00:00:00Z,23828.0,23828.0,False,False,False,
2023-06-05T01:00:00Z,22927.0,22927.0,False,False,False,
2023-06-05T02:00:00Z,22441.0,22441.0,False,False,False,
2023-06-05T03:00:00Z,21782.0,21782.0,False,False,False,
2023-06-05T04:00:00Z,20580.0,20580.0,False,False,False,
2023-06-05T05:00:00Z,19211.0,19211.0,False,False,False,
2023-06-05T06:00:00Z,18238.0,18238.0,False,False,False,
2023-06-05T07:00:00Z,17328.0,17328.0,False,False,False,
2023-06-05T08:00:00Z,16836.0,16836.0,False,False,False,
2023-06-05T09:00:00Z,16488.0,16488.0,False,False,False,
2023-06-05T10:00:00Z,16506.0,16506.0,False,False,False,
2023-06-05T11:00:00Z,16753.0,16753.0,False,False,False,
2023-06-05T12:00:00Z,17161.0,17161.0,False,False,False,
2023-06-05T13:00:00Z,17786.0,17786.0,False,False,False,
2023-06-05T14:00:00Z,18655.0,18655.0,False,False,False,
2023-06-05T15:00:00Z,19752.0,19752.0,False,False,False,
2023-06-05T16:00:00Z,21179.0,21179.0,False,False,False,
2023-06-05T17:00:00Z,22780.0,22780.0,False,False,False,
2023-06-05T18:00:00Z,24031.0,24031.0,False,False,False,
2023-06-05T19:00:00Z,25060.0,25060.0,False,False,False,
2023-06-05T20:00:00Z,25357.0,25357.0,False,False,False,
2023-06-05T21:00:00Z,25217.0,25217.0,False,False,False,
2023-06-05T22:00:00Z,24663.0,24663.0,False,False,False,
2023-06-05T23:00:00Z,23809.0,23809.0,False,False,False,
2023-06-06T00:00:00Z,22949.0,22949.0,False,False,False,
2023-06-06T01:00:00Z,22289.0,22289.0,False,False,False,
2023-06-06T02:00:00Z,21836.0,21836.0,False,False,False,
2023-06-06T03:00:00Z,21193.0,21193.0,False,False,False,
2023-06-06T04:00:00Z,19980.0,19980.0,False,False,False,
2023-06-06T05:00:00Z,18625.0,18625.0,False,False,False,
2023-06-06T06:00:00Z,17634.0,17634.0,False,False,False,
2023-06-06T07:00:00Z,16891.0,16891.0,False,False,False,
2023-06-06T08:00:00Z,16385.0,16385.0,False,False,False,
2023-06-06T09:00:00Z,16127.0,16127.0,False,False,False,
2023-06-06T10:00:00Z,16028.0,16028.0,False,False,False,
2023-06-06T11:00:00Z,16371.0,16371.0,False,False,False,
2023-06-06T12:00:00Z,16832.0,16832.0,False,False,False,
2023-06-06T13:00:00Z,17440.0,17440.0,False,False,False,
2023-06-06T14:00:00Z,18372.0,18372.0,False,False,False,
2023-06-06T15:00:00Z,19344.0,19344.0,False,False,False,
2023-06-06T16:00:00Z,20636.0,20636.0,False,False,False,
2023-06-06T17:00:00Z,21793.0,21793.0,False,False,False,
2023-06-06T18:00:00Z,22843.0,22843.0,False,False,False,
2023-06-06T19:00:00Z,23739.0,23739.0,False,False,False,
2023-06-06T20:00:00Z,24448.0,24448.0,False,False,False,
2023-06-06T21:00:00Z,24643.0,24643.0,False,False,False,
2023-06-06T22:00:00Z,24585.0,24585.0,False,False,False,
2023-06-06T23:00:00Z,24313.0,24313.0,False,False,False,
2023-06-07T00:00:00Z,23804.0,23804.0,False,False,False,
2023-06-07T01:00:00Z,23195.0,23195.0,False,False,False,
2023-06-07T02:00:00Z,22604.0,22604.0,False,False,False,
2023-06-07T03:00:00Z,21859.0,21859.0,False,False,False,
2023-06-07T04:00:00Z,20571.0,20571.0,False,False,False,
2023-06-07T05:00:00Z,19090.0,19090.0,False,False,False,
2023-06-07T06:00:00Z,18005.0,18005.0,False,False,False,
2023-06-07T07:00:00Z,17150.0,17150.0,False,False,False,
2023-06-07T08:00:00Z,16642.0,16642.0,False,False,False,
2023-06-07T09:00:00Z,16384.0,16384.0,False,False,False,
2023-06-07T10:00:00Z,16268.0,16268.0,False,False,False,
2023-06-07T11:00:00Z,16412.0,16412.0,False,False,False,
2023-06-07T12:00:00Z,16940.0,16940.0,False,False,False,
2023-06-07T13:00:00Z,17711.0,17711.0,False,False,False,
2023-06-07T14:00:00Z,18598.0,18598.0,False,False,False,
2023-06-07T15:00:00Z,19877.0,19877.0,False,False,False,
2023-06-07T16:00:00Z,21409.0,21409.0,False,False,False,
2023-06-07T17:00:00Z,22897.0,22897.0,False,False,False,
2023-06-07T18:00:00Z,24293.0,24293.0,False,False,False,
2023-06-07T19:00:00Z,25321.0,25321.0,False,False,False,
2023-06-07T20:00:00Z,26232.0,26232.0,False,False,False,
2023-06-07T21:00:00Z,26590.0,26590.0,False,False,False,
2023-06-07T22:00:00Z,26603.0,26603.0,False,False,False,
2023-06-07T23:00:00Z,26212.0,26212.0,False,False,False,
2023-06-08T00:00:00Z,25540.0,25540.0,False,False,False,
2023-06-08T01:00:00Z,24526.0,24526.0,False,False,False,
2023-06-08T02:00:00Z,23576.0,23576.0,False,False,False,
2023-06-08T03:00:00Z,22832.0,22832.0,False,False,False,
2023-06-08T04:00:00Z,21388.0,21388.0,False,False,False,
2023-06-08T05:00:00Z,20040.0,20040.0,False,False,False,
2023-06-08T06:00:00Z,18853.0,18853.0,False,False,False,
2023-06-08T07:00:00Z,18026.0,18026.0,False,False,False,
2023-06-08T08:00:00Z,17438.0,17438.0,False,False,False,
2023-06-08T09:00:00Z,16897.0,16897.0,False,False,False,
2023-06-08T10:00:00Z,16963.0,16963.0,False,False,False,
2023-06-08T11:00:00Z,17102.0,17102.0,False,False,False,
2023-06-08T12:00:00Z,17538.0,17538.0,False,False,False,
2023-06-08T13:00:00Z,18199.0,18199.0,False,False,False,
2023-06-08T14:00:00Z,19344.0,19344.0,False,False,False,
2023-06-08T15:00:00Z,20642.0,20642.0,False,False,False,
2023-06-08T16:00:00Z,22222.0,22222.0,False,False,False,
2023-06-08T17:00:00Z,23712.0,23712.0,False,False,False,
2023-06-08T18:00:00Z,24902.0,24902.0,False,False,False,
2023-06-08T19:00:00Z,25786.0,25786.0,False,False,False,
2023-06-08T20:00:00Z,26402.0,26402.0,False,False,False,
2023-06-08T21:00:00Z,26633.0,26633.0,False,False,False,
2023-06-08T22:00:00Z,26116.0,26116.0,False,False,False,
2023-06-08T23:00:00Z,25222.0,25222.0,False,False,False,
2023-06-09T00:00:00Z,24477.0,24477.0,False,False,False,
2023-06-09T01:00:00Z,23421.0,23421.0,False,False,False,
2023-06-09T02:00:00Z,22919.0,22919.0,False,False,False,
2023-06-09T03:00:00Z,22203.0,22203.0,False,False,False,
2023-06-09T04:00:00Z,21006.0,21006.0,False,False,False,
2023-06-09T05:00:00Z,19644.0,19644.0,False,False,False,
2023-06-09T06:00:00Z,18529.0,18529.0,False,False,False,
2023-06-09T07:00:00Z,17675.0,17675.0,False,False,False,
2023-06-09T08:00:00Z,17199.0,17199.0,False,False,False,
2023-06-09T09:00:00Z,16851.0,16851.0,False,False,False,
2023-06-09T10:00:00Z,16624.0,16624.0,False,False,False,
2023-06-09T11:00:00Z,16892.0,16892.0,False,False,False,
2023-06-09T12:00:00Z,17160.0,17160.0,False,False,False,
2023-06-09T13:00:00Z,17678.0,17678.0,False,False,False,
2023-06-09T14:00:00Z,18794.0,18794.0,False,False,False,
2023-06-09T15:00:00Z,19875.0,19875.0,False,False,False,
2023-06-09T16:00:00Z,21354.0,21354.0,False,False,False,
2023-06-09T17:00:00Z,22840.0,22840.0,False,False,False,
2023-06-09T18:00:00Z,24263.0,24263.0,False,False,False,
2023-06-09T19:00:00Z,25490.0,25490.0,False,False,False,
2023-06-09T20:00:00Z,26401.0,26401.0,False,False,False,
2023-06-09T21:00:00Z,27068.0,27068.0,False,False,False,
2023-06-09T22:00:00Z,27183.0,27183.0,False,False,False,
2023-06-09T23:00:00Z,26979.0,26979.0,False,False,False,
2023-06-10T00:00:00Z,26184.0,26184.0,False,False,False,
2023-06-10T01:00:00Z,25051.0,25051.0,False,False,False,
2023-06-10T02:00:00Z,24170.0,24170.0,False,False,False,
2023-06-10T03:00:00Z,23304.0,23304.0,False,False,False,
2023-06-10T04:00:00Z,22070.0,22070.0,False,False,False,
2023-06-10T05:00:00Z,21033.0,21033.0,False,False,False,
2023-06-10T06:00:00Z,19750.0,19750.0,False,False,False,
2023-06-10T07:00:00Z,18881.0,18881.0,False,False,False,
2023-06-10T08:00:00Z,18264.0,18264.0,False,False,False,
2023-06-10T09:00:00Z,17788.0,17788.0,False,False,False,
2023-06-10T10:00:00Z,17475.0,17475.0,False,False,False,
2023-06-10T11:00:00Z,17364.0,17364.0,False,False,False,
2023-06-10T12:00:00Z,17206.0,17206.0,False,False,False,
2023-06-10T13:00:00Z,17781.0,17781.0,False,False,False,
2023-06-10T14:00:00Z,19060.0,19060.0,False,False,False,
2023-06-10T15:00:00Z,20464.0,20464.0,False,False,False,
2023-06-10T16:00:00Z,22171.0,22171.0,False,False,False,
2023-06-10T17:00:00Z,23682.0,23682.0,False,False,False,
2023-06-10T18:00:00Z,24801.0,24801.0,False,False,False,
2023-06-10T19:00:00Z,25391.0,25391.0,False,False,False,
2023-06-10T20:00:00Z,25388.0,25388.0,False,False,False,
2023-06-10T21:00:00Z,25224.0,25224.0,False,False,False,
2023-06-10T22:00:00Z,24927.0,24927.0,False,False,False,
2023-06-10T23:00:00Z,24229.0,24229.0,False,False,False,
2023-06-11T00:00:00Z,23451.0,23451.0,False,False,False,
2023-06-11T01:00:00Z,22586.0,22586.0,False,False,False,
2023-06-11T02:00:00Z,21920.0,21920.0,False,False,False,
2023-06-11T03:00:00Z,20891.0,20891.0,False,False,False,
2023-06-11T04:00:00Z,19944.0,19944.0,False,False,False,
2023-06-11T05:00:00Z,18843.0,18843.0,False,False,False,
2023-06-11T06:00:00Z,17980.0,17980.0,False,False,False,
2023-06-11T07:00:00Z,17242.0,17242.0,False,False,False,
2023-06-11T08:00:00Z,16775.0,16775.0,False,False,False,
2023-06-11T09:00:00Z,16474.0,16474.0,False,False,False,
2023-06-11T10:00:00Z,16264.0,16264.0,False,False,False,
2023-06-11T11:00:00Z,16188.0,16188.0,False,False,False,
2023-06-11T12:00:00Z,16022.0,16022.0,False,False,False,
2023-06-11T13:00:00Z,16640.0,16640.0,False,False,False,
2023-06-11T14:00:00Z,18073.0,18073.0,False,False,False,
2023-06-11T15:00:00Z,19483.0,19483.0,False,False,False,
2023-06-11T16:00:00Z,20868.0,20868.0,False,False,False,
2023-06-11T17:00:00Z,22055.0,22055.0,False,False,False,
2023-06-11T18:00:00Z,23461.0,23461.0,False,False,False,
2023-06-11T19:00:00Z,24592.0,24592.0,False,False,False,
2023-06-11T20:00:00Z,25504.0,25504.0,False,False,False,
2023-06-11T21:00:00Z,26071.0,26071.0,False,False,False,
2023-06-11T22:00:00Z,26564.0,26564.0,False,False,False,
2023-06-11T23:00:00Z,26722.0,26722.0,False,False,False,
2023-06-12T00:00:00Z,26391.0,26391.0,False,False,False,
2023-06-12T01:00:00Z,25502.0,25502.0,False,False,False,
2023-06-12T02:00:00Z,24623.0,24623.0,False,False,False,
2023-06-12T03:00:00Z,23897.0,23897.0,False,False,False,
2023-06-12T04:00:00Z,22557.0,22557.0,False,False,False,
2023-06-12T05:00:00Z,21196.0,21196.0,False,False,False,
2023-06-12T06:00:00Z,19861.0,19861.0,False,False,False,
2023-06-12T07:00:00Z,19063.0,19063.0,False,False,False,
2023-06-12T08:00:00Z,18430.0,18430.0,False,False,False,
2023-06-12T09:00:00Z,17958.0,17958.0,False,False,False,
2023-06-12T10:00:00Z,17825.0,17825.0,False,False,False,
2023-06-12T11:00:00Z,18061.0,18061.0,False,False,False,
2023-06-12T12:00:00Z,18383.0,18383.0,False,False,False,
2023-06-12T13:00:00Z,19049.0,19049.0,False,False,False,
2023-06-12T14:00:00Z,20194.0,20194.0,False,False,False,
2023-06-12T15:00:00Z,21334.0,21334.0,False,False,False,
2023-06-12T16:00:00Z,22447.0,22447.0,False,False,False,
2023-06-12T17:00:00Z,23790.0,23790.0,False,False,False,
2023-06-12T18:00:00Z,24884.0,24884.0,False,False,False,
2023-06-12T19:00:00Z,25750.0,25750.0,False,False,False,
2023-06-12T20:00:00Z,26232.0,26232.0,False,False,False,
2023-06-12T21:00:00Z,26376.0,26376.0,False,False,False,
2023-06-12T22:00:00Z,26356.0,26356.0,False,False,False,
2023-06-12T23:00:00Z,26007.0,26007.0,False,False,False,
2023-06-13T00:00:00Z,25519.0,25519.0,False,False,False,
2023-06-13T01:00:00Z,24806.0,24806.0,False,False,False,
2023-06-13T02:00:00Z,24060.0,24060.0,False,False,False,
2023-06-13T03:00:00Z,23330.0,23330.0,False,False,False,
2023-06-13T04:00:00Z,21889.0,21889.0,False,False,False,
2023-06-13T05:00:00Z,20550.0,20550.0,False,False,False,
2023-06-13T06:00:00Z,19424.0,19424.0,False,False,False,
2023-06-13T07:00:00Z,18538.0,18538.0,False,False,False,
2023-06-13T08:00:00Z,18013.0,18013.0,False,False,False,
2023-06-13T09:00:00Z,17623.0,17623.0,False,False,False,
2023-06-13T10:00:00Z,17529.0,17529.0,False,False,False,
2023-06-13T11:00:00Z,17766.0,17766.0,False,False,False,
2023-06-13T12:00:00Z,18243.0,18243.0,False,False,False,
2023-06-13T13:00:00Z,18881.0,18881.0,False,False,False,
2023-06-13T14:00:00Z,19948.0,19948.0,False,False,False,
2023-06-13T15:00:00Z,21051.0,21051.0,False,False,False,
2023-06-13T16:00:00Z,22075.0,22075.0,False,False,False,
2023-06-13T17:00:00Z,23174.0,23174.0,False,False,False,
2023-06-13T18:00:00Z,24071.0,24071.0,False,False,False,
2023-06-13T19:00:00Z,24689.0,24689.0,False,False,False,
2023-06-13T20:00:00Z,25442.0,25442.0,False,False,False,
2023-06-13T21:00:00Z,26083.0,26083.0,False,False,False,
2023-06-13T22:00:00Z,26475.0,26475.0,False,False,False,
2023-06-13T23:00:00Z,26579.0,26579.0,False,False,False,
2023-06-14T00:00:00Z,26375.0,26375.0,False,False,False,
2023-06-14T01:00:00Z,25559.0,25559.0,False,False,False,
2023-06-14T02:00:00Z,24737.0,24737.0,False,False,False,
2023-06-14T03:00:00Z,24216.0,24216.0,False,False,False,
2023-06-14T04:00:00Z,22950.0,22950.0,False,False,False,
2023-06-14T05:00:00Z,21548.0,21548.0,False,False,False,
2023-06-14T06:00:00Z,20452.0,20452.0,False,False,False,
2023-06-14T07:00:00Z,19655.0,19655.0,False,False,False,
2023-06-14T08:00:00Z,19223.0,19223.0,False,False,False,
2023-06-14T09:00:00Z,18833.0,18833.0,False,False,False,
2023-06-14T10:00:00Z,18711.0,18711.0,False,False,False,
2023-06-14T11:00:00Z,18870.0,18870.0,False,False,False,
2023-06-14T12:00:00Z,19214.0,19214.0,False,False,False,
2023-06-14T13:00:00Z,19907.0,19907.0,False,False,False,
2023-06-14T14:00:00Z,21005.0,21005.0,False,False,False,
2023-06-14T15:00:00Z,22160.0,22160.0,False,False,False,
2023-06-14T16:00:00Z,23423.0,23423.0,False,False,False,
2023-06-14T17:00:00Z,24623.0,24623.0,False,False,False,
2023-06-14T18:00:00Z,25658.0,25658.0,False,False,False,
2023-06-14T19:00:00Z,26584.0,26584.0,False,False,False,
2023-06-14T20:00:00Z,27104.0,27104.0,False,False,False,
2023-06-14T21:00:00Z,27173.0,27173.0,False,False,False,
2023-06-14T22:00:00Z,27256.0,27256.0,False,False,False,
2023-06-14T23:00:00Z,26732.0,26732.0,False,False,False,
2023-06-15T00:00:00Z,25964.0,25964.0,False,False,False,
2023-06-15T01:00:00Z,25029.0,25029.0,False,False,False,
2023-06-15T02:00:00Z,24454.0,24454.0,False,False,False,
2023-06-15T03:00:00Z,23809.0,23809.0,False,False,False,
2023-06-15T04:00:00Z,22508.0,22508.0,False,False,False,
2023-06-15T05:00:00Z,21345.0,21345.0,False,False,False,
2023-06-15T06:00:00Z,20261.0,20261.0,False,False,False,
2023-06-15T07:00:00Z,19475.0,19475.0,False,False,False,
2023-06-15T08:00:00Z,18980.0,18980.0,False,False,False,
2023-06-15T09:00:00Z,18733.0,18733.0,False,False,False,
2023-06-15T10:00:00Z,18693.0,18693.0,False,False,False,
2023-06-15T11:00:00Z,18975.0,18975.0,False,False,False,
2023-06-15T12:00:00Z,19535.0,19535.0,False,False,False,
2023-06-15T13:00:00Z,20099.0,20099.0,False,False,False,
2023-06-15T14:00:00Z,21041.0,21041.0,False,False,False,
2023-06-15T15:00:00Z,22128.0,22128.0,False,False,False,
2023-06-15T16:00:00Z,23437.0,23437.0,False,False,False,
2023-06-15T17:00:00Z,24790.0,24790.0,False,False,False,
2023-06-15T18:00:00Z,25850.0,25850.0,False,False,False,
2023-06-15T19:00:00Z,26755.0,26755.0,False,False,False,
2023-06-15T20:00:00Z,27438.0,27438.0,False,False,False,
2023-06-15T21:00:00Z,27976.0,27976.0,False,False,False,
2023-06-15T22:00:00Z,28385.0,28385.0,False,False,False,
2023-06-15T23:00:00Z,28478.0,28478.0,False,False,False,
2023-06-16T00:00:00Z,28012.0,28012.0,False,False,False,
2023-06-16T01:00:00Z,27161.0,27161.0,False,False,False,
2023-06-16T02:00:00Z,26359.0,26359.0,False,False,False,
2023-06-16T03:00:00Z,25489.0,25489.0,False,False,False,
2023-06-16T04:00:00Z,24127.0,24127.0,False,False,False,
2023-06-16T05:00:00Z,22605.0,22605.0,False,False,False,
2023-06-16T06:00:00Z,21342.0,21342.0,False,False,False,
2023-06-16T07:00:00Z,20512.0,20512.0,False,False,False,
2023-06-16T08:00:00Z,19865.0,19865.0,False,False,False,
2023-06-16T09:00:00Z,19310.0,19310.0,False,False,False,
2023-06-16T10:00:00Z,19057.0,19057.0,False,False,False,
2023-06-16T11:00:00Z,18998.0,18998.0,False,False,False,
2023-06-16T12:00:00Z,18998.0,18998.0,False,False,False,
2023-06-16T13:00:00Z,19257.0,19257.0,False,False,False,
2023-06-16T14:00:00Z,19930.0,19930.0,False,False,False,
2023-06-16T15:00:00Z,21106.0,21106.0,False,False,False,
2023-06-16T16:00:00Z,22743.0,22743.0,False,False,False,
2023-06-16T17:00:00Z,24368.0,24368.0,False,False,False,
2023-06-16T18:00:00Z,25704.0,25704.0,False,False,False,
2023-06-16T19:00:00Z,26580.0,26580.0,False,False,False,
2023-06-16T20:00:00Z,27164.0,27164.0,False,False,False,
2023-06-16T21:00:00Z,27537.0,27537.0,False,False,False,
2023-06-16T22:00:00Z,27665.0,27665.0,False,False,False,
2023-06-16T23:00:00Z,27650.0,27650.0,False,False,False,
2023-06-17T00:00:00Z,27055.0,27055.0,False,False,False,
2023-06-17T01:00:00Z,26147.0,26147.0,False,False,False,
2023-06-17T02:00:00Z,25398.0,25398.0,False,False,False,
2023-06-17T03:00:00Z,24692.0,24692.0,False,False,False,
2023-06-17T04:00:00Z,23456.0,23456.0,False,False,False,
2023-06-17T05:00:00Z,22211.0,22211.0,False,False,False,
2023-06-17T06:00:00Z,21042.0,21042.0,False,False,False,
2023-06-17T07:00:00Z,20090.0,20090.0,False,False,False,
2023-06-17T08:00:00Z,19287.0,19287.0,False,False,False,
2023-06-17T09:00:00Z,18816.0,18816.0,False,False,False,
2023-06-17T10:00:00Z,18640.0,18640.0,False,False,False,
2023-06-17T11:00:00Z,18398.0,18398.0,False,False,False,
2023-06-17T12:00:00Z,18183.0,18183.0,False,False,False,
2023-06-17T13:00:00Z,18700.0,18700.0,False,False,False,
2023-06-17T14:00:00Z,20086.0,20086.0,False,False,False,
2023-06-17T15:00:00Z,21809.0,21809.0,False,False,False,
2023-06-17T16:00:00Z,23584.0,23584.0,False,False,False,
2023-06-17T17:00:00Z,25132.0,25132.0,False,False,False,
2023-06-17T18:00:00Z,26424.0,26424.0,False,False,False,
2023-06-17T19:00:00Z,27396.0,27396.0,False,False,False,
2023-06-17T20:00:00Z,28074.0,28074.0,False,False,False,
2023-06-17T21:00:00Z,28416.0,28416.0,False,False,False,
2023-06-17T22:00:00Z,28397.0,28397.0,False,False,False,
2023-06-17T23:00:00Z,27995.0,27995.0,False,False,False,
2023-06-18T00:00:00Z,27125.0,27125.0,False,False,False,
2023-06-18T01:00:00Z,26388.0,26388.0,False,False,False,
2023-06-18T02:00:00Z,25702.0,25702.0,False,False,False,
2023-06-18T03:00:00Z,24873.0,24873.0,False,False,False,
2023-06-18T04:00:00Z,23804.0,23804.0,False,False,False,
2023-06-18T05:00:00Z,22612.0,22612.0,False,False,False,
2023-06-18T06:00:00Z,21463.0,21463.0,False,False,False,
2023-06-18T07:00:00Z,20508.0,20508.0,False,False,False,
2023-06-18T08:00:00Z,19940.0,19940.0,False,False,False,
2023-06-18T09:00:00Z,19317.0,19317.0,False,False,False,
2023-06-18T10:00:00Z,18913.0,18913.0,False,False,False,
2023-06-18T11:00:00Z,18705.0,18705.0,False,False,False,
2023-06-18T12:00:00Z,18307.0,18307.0,False,False,False,
2023-06-18T13:00:00Z,18503.0,18503.0,False,False,False,
2023-06-18T14:00:00Z,19322.0,19322.0,False,False,False,
2023-06-18T15:00:00Z,20330.0,20330.0,False,False,False,
2023-06-18T16:00:00Z,21286.0,21286.0,False,False,False,
2023-06-18T17:00:00Z,22416.0,22416.0,False,False,False,
2023-06-18T18:00:00Z,23609.0,23609.0,False,False,False,
2023-06-18T19:00:00Z,24629.0,24629.0,False,False,False,
2023-06-18T20:00:00Z,25564.0,25564.0,False,False,False,
2023-06-18T21:00:00Z,26169.0,26169.0,False,False,False,
2023-06-18T22:00:00Z,26515.0,26515.0,False,False,False,
2023-06-18T23:00:00Z,26573.0,26573.0,False,False,False,
2023-06-19T00:00:00Z,26341.0,26341.0,False,False,False,
2023-06-19T01:00:00Z,25620.0,25620.0,False,False,False,
2023-06-19T02:00:00Z,25068.0,25068.0,False,False,False,
2023-06-19T03:00:00Z,24391.0,24391.0,False,False,False,
2023-06-19T04:00:00Z,23345.0,23345.0,False,False,False,
2023-06-19T05:00:00Z,21978.0,21978.0,False,False,False,
2023-06-19T06:00:00Z,20832.0,20832.0,False,False,False,
2023-06-19T07:00:00Z,19853.0,19853.0,False,False,False,
2023-06-19T08:00:00Z,19209.0,19209.0,False,False,False,
2023-06-19T09:00:00Z,18825.0,18825.0,False,False,False,
2023-06-19T10:00:00Z,18811.0,18811.0,False,False,False,
2023-06-19T11:00:00Z,19100.0,19100.0,False,False,False,
2023-06-19T12:00:00Z,19381.0,19381.0,False,False,False,
2023-06-19T13:00:00Z,20083.0,20083.0,False,False,False,
2023-06-19T14:00:00Z,21056.0,21056.0,False,False,False,
2023-06-19T15:00:00Z,22526.0,22526.0,False,False,False,
2023-06-19T16:00:00Z,24190.0,24190.0,False,False,False,
2023-06-19T17:00:00Z,25698.0,25698.0,False,False,False,
2023-06-19T18:00:00Z,27076.0,27076.0,False,False,False,
2023-06-19T19:00:00Z,28239.0,28239.0,False,False,False,
2023-06-19T20:00:00Z,28977.0,28977.0,False,False,False,
2023-06-19T21:00:00Z,29502.0,29502.0,False,False,False,
2023-06-19T22:00:00Z,29636.0,29636.0,False,False,False,
2023-06-19T23:00:00Z,29424.0,29424.0,False,False,False,
2023-06-20T00:00:00Z,28987.0,28987.0,False,False,False,
2023-06-20T01:00:00Z,28064.0,28064.0,False,False,False,
2023-06-20T02:00:00Z,27266.0,27266.0,False,False,False,
2023-06-20T03:00:00Z,26211.0,26211.0,False,False,False,
2023-06-20T04:00:00Z,24461.0,24461.0,False,False,False,
2023-06-20T05:00:00Z,22653.0,22653.0,False,False,False,
2023-06-20T06:00:00Z,21090.0,21090.0,False,False,False,
2023-06-20T07:00:00Z,20066.0,20066.0,False,False,False,
2023-06-20T08:00:00Z,19408.0,19408.0,False,False,False,
2023-06-20T09:00:00Z,19018.0,19018.0,False,False,False,
2023-06-20T10:00:00Z,18937.0,18937.0,False,False,False,
2023-06-20T11:00:00Z,18982.0,18982.0,False,False,False,
2023-06-20T12:00:00Z,19279.0,19279.0,False,False,False,
2023-06-20T13:00:00Z,20046.0,20046.0,False,False,False,
2023-06-20T14:00:00Z,21185.0,21185.0,False,False,False,
2023-06-20T15:00:00Z,22582.0,22582.0,False,False,False,
2023-06-20T16:00:00Z,24123.0,24123.0,False,False,False,
2023-06-20T17:00:00Z,25546.0,25546.0,False,False,False,
2023-06-20T18:00:00Z,26761.0,26761.0,False,False,False,
2023-06-20T19:00:00Z,27622.0,27622.0,False,False,False,
2023-06-20T20:00:00Z,28120.0,28120.0,False,False,False,
2023-06-20T21:00:00Z,28326.0,28326.0,False,False,False,
2023-06-20T22:00:00Z,28308.0,28308.0,False,False,False,
2023-06-20T23:00:00Z,27772.0,27772.0,False,False,False,
2023-06-21T00:00:00Z,26867.0,26867.0,False,False,False,
2023-06-21T01:00:00Z,25949.0,25949.0,False,False,False,
2023-06-21T02:00:00Z,24932.0,24932.0,False,False,False,
2023-06-21T03:00:00Z,24004.0,24004.0,False,False,False,
2023-06-21T04:00:00Z,22764.0,22764.0,False,False,False,
2023-06-21T05:00:00Z,21357.0,21357.0,False,False,False,
2023-06-21T06:00:00Z,20035.0,20035.0,False,False,False,
2023-06-21T07:00:00Z,19119.0,19119.0,False,False,False,
2023-06-21T08:00:00Z,18671.0,18671.0,False,False,False,
2023-06-21T09:00:00Z,18269.0,18269.0,False,False,False,
2023-06-21T10:00:00Z,18154.0,18154.0,False,False,False,
2023-06-21T11:00:00Z,18314.0,18314.0,False,False,False,
2023-06-21T12:00:00Z,18679.0,18679.0,False,False,False,
2023-06-21T13:00:00Z,19251.0,19251.0,False,False,False,
2023-06-21T14:00:00Z,20242.0,20242.0,False,False,False,
2023-06-21T15:00:00Z,21735.0,21735.0,False,False,False,
2023-06-21T16:00:00Z,23183.0,23183.0,False,False,False,
2023-06-21T17:00:00Z,24653.0,24653.0,False,False,False,
2023-06-21T18:00:00Z,25937.0,25937.0,False,False,False,
2023-06-21T19:00:00Z,27072.0,27072.0,False,False,False,
2023-06-21T20:00:00Z,27851.0,27851.0,False,False,False,
2023-06-21T21:00:00Z,28425.0,28425.0,False,False,False,
2023-06-21T22:00:00Z,28698.0,28698.0,False,False,False,
2023-06-21T23:00:00Z,28272.0,28272.0,False,False,False,
2023-06-22T00:00:00Z,27705.0,27705.0,False,False,False,
2023-06-22T01:00:00Z,26728.0,26728.0,False,False,False,
2023-06-22T02:00:00Z,25627.0,25627.0,False,False,False,
2023-06-22T03:00:00Z,24496.0,24496.0,False,False,False,
2023-06-22T04:00:00Z,23069.0,23069.0,False,False,False,
2023-06-22T05:00:00Z,21633.0,21633.0,False,False,False,
2023-06-22T06:00:00Z,20276.0,20276.0,False,False,False,
2023-06-22T07:00:00Z,19445.0,19445.0,False,False,False,
2023-06-22T08:00:00Z,18618.0,18618.0,False,False,False,
2023-06-22T09:00:00Z,18308.0,18308.0,False,False,False,
2023-06-22T10:00:00Z,18188.0,18188.0,False,False,False,
2023-06-22T11:00:00Z,18297.0,18297.0,False,False,False,
2023-06-22T12:00:00Z,18711.0,18711.0,False,False,False,
2023-06-22T13:00:00Z,19389.0,19389.0,False,False,False,
2023-06-22T14:00:00Z,20310.0,20310.0,False,False,False,
2023-06-22T15:00:00Z,21410.0,21410.0,False,False,False,
2023-06-22T16:00:00Z,22825.0,22825.0,False,False,False,
2023-06-22T17:00:00Z,24165.0,24165.0,False,False,False,
2023-06-22T18:00:00Z,25302.0,25302.0,False,False,False,
2023-06-22T19:00:00Z,26334.0,26334.0,False,False,False,
2023-06-22T20:00:00Z,27189.0,27189.0,False,False,False,
2023-06-22T21:00:00Z,27466.0,27466.0,False,False,False,
2023-06-22T22:00:00Z,27419.0,27419.0,False,False,False,
2023-06-22T23:00:00Z,27139.0,27139.0,False,False,False,
2023-06-23T00:00:00Z,26489.0,26489.0,False,False,False,
2023-06-23T01:00:00Z,25658.0,25658.0,False,False,False,
2023-06-23T02:00:00Z,24765.0,24765.0,False,False,False,
2023-06-23T03:00:00Z,23972.0,23972.0,False,False,False,
2023-06-23T04:00:00Z,22748.0,22748.0,False,False,False,
2023-06-23T05:00:00Z,21247.0,21247.0,False,False,False,
2023-06-23T06:00:00Z,20013.0,20013.0,False,False,False,
2023-06-23T07:00:00Z,19250.0,19250.0,False,False,False,
2023-06-23T08:00:00Z,18609.0,18609.0,False,False,False,
2023-06-23T09:00:00Z,18224.0,18224.0,False,False,False,
2023-06-23T10:00:00Z,18119.0,18119.0,False,False,False,
2023-06-23T11:00:00Z,18335.0,18335.0,False,False,False,
2023-06-23T12:00:00Z,18571.0,18571.0,False,False,False,
2023-06-23T13:00:00Z,19117.0,19117.0,False,False,False,
2023-06-23T14:00:00Z,20272.0,20272.0,False,False,False,
2023-06-23T15:00:00Z,21658.0,21658.0,False,False,False,
2023-06-23T16:00:00Z,23096.0,23096.0,False,False,False,
2023-06-23T17:00:00Z,24386.0,24386.0,False,False,False,
2023-06-23T18:00:00Z,25767.0,25767.0,False,False,False,
2023-06-23T19:00:00Z,26791.0,26791.0,False,False,False,
2023-06-23T20:00:00Z,27490.0,27490.0,False,False,False,
2023-06-23T21:00:00Z,28129.0,28129.0,False,False,False,
2023-06-23T22:00:00Z,28400.0,28400.0,False,False,False,
2023-06-23T23:00:00Z,28173.0,28173.0,False,False,False,
2023-06-24T00:00:00Z,27697.0,27697.0,False,False,False,
2023-06-24T01:00:00Z,26773.0,26773.0,False,False,False,
2023-06-24T02:00:00Z,25797.0,25797.0,False,False,False,
2023-06-24T03:00:00Z,24674.0,24674.0,False,False,False,
2023-06-24T04:00:00Z,23213.0,23213.0,False,False,False,
2023-06-24T05:00:00Z,21879.0,21879.0,False,False,False,
2023-06-24T06:00:00Z,20646.0,20646.0,False,False,False,
2023-06-24T07:00:00Z,19652.0,19652.0,False,False,False,
2023-06-24T08:00:00Z,19002.0,19002.0,False,False,False,
2023-06-24T09:00:00Z,18526.0,18526.0,False,False,False,
2023-06-24T10:00:00Z,18215.0,18215.0,False,False,False,
2023-06-24T11:00:00Z,18116.0,18116.0,False,False,False,
2023-06-24T12:00:00Z,18009.0,18009.0,False,False,False,
2023-06-24T13:00:00Z,18551.0,18551.0,False,False,False,
2023-06-24T14:00:00Z,19967.0,19967.0,False,False,False,
2023-06-24T15:00:00Z,21730.0,21730.0,False,False,False,
2023-06-24T16:00:00Z,23495.0,23495.0,False,False,False,
2023-06-24T17:00:00Z,25051.0,25051.0,False,False,False,
2023-06-24T18:00:00Z,26358.0,26358.0,False,False,False,
2023-06-24T19:00:00Z,27639.0,27639.0,False,False,False,
2023-06-24T20:00:00Z,28264.0,28264.0,False,False,False,
2023-06-24T21:00:00Z,28294.0,28294.0,False,False,False,
2023-06-24T22:00:00Z,28180.0,28180.0,False,False,False,
2023-06-24T23:00:00Z,28034.0,28034.0,False,False,False,
2023-06-25T00:00:00Z,27677.0,27677.0,False,False,False,
2023-06-25T01:00:00Z,27027.0,27027.0,False,False,False,
2023-06-25T02:00:00Z,26225.0,26225.0,False,False,False,
2023-06-25T03:00:00Z,25445.0,25445.0,False,False,False,
2023-06-25T04:00:00Z,24386.0,24386.0,False,False,False,
2023-06-25T05:00:00Z,22988.0,22988.0,False,False,False,
2023-06-25T06:00:00Z,21939.0,21939.0,False,False,False,
2023-06-25T07:00:00Z,21039.0,21039.0,False,False,False,
2023-06-25T08:00:00Z,20197.0,20197.0,False,False,False,
2023-06-25T09:00:00Z,19821.0,19821.0,False,False,False,
2023-06-25T10:00:00Z,19467.0,19467.0,False,False,False,
2023-06-25T11:00:00Z,19579.0,19579.0,False,False,False,
2023-06-25T12:00:00Z,19233.0,19233.0,False,False,False,
2023-06-25T13:00:00Z,19836.0,19836.0,False,False,False,
2023-06-25T14:00:00Z,21403.0,21403.0,False,False,False,
2023-06-25T15:00:00Z,23267.0,23267.0,False,False,False,
2023-06-25T16:00:00Z,24965.0,24965.0,False,False,False,
2023-06-25T17:00:00Z,26616.0,26616.0,False,False,False,
2023-06-25T18:00:00Z,27958.0,27958.0,False,False,False,
2023-06-25T19:00:00Z,29056.0,29056.0,False,False,False,
2023-06-25T20:00:00Z,29790.0,29790.0,False,False,False,
2023-06-25T21:00:00Z,30256.0,30256.0,False,False,False,
2023-06-25T22:00:00Z,30268.0,30268.0,False,False,False,
2023-06-25T23:00:00Z,30015.0,30015.0,False,False,False,
2023-06-26T00:00:00Z,28907.0,28907.0,False,False,False,
2023-06-26T01:00:00Z,27762.0,27762.0,False,False,False,
2023-06-26T02:00:00Z,26637.0,26637.0,False,False,False,
2023-06-26T03:00:00Z,25929.0,25929.0,False,False,False,
2023-06-26T04:00:00Z,24553.0,24553.0,False,False,False,
2023-06-26T05:00:00Z,22986.0,22986.0,False,False,False,
2023-06-26T06:00:00Z,21441.0,21441.0,False,False,False,
2023-06-26T07:00:00Z,20436.0,20436.0,False,False,False,
2023-06-26T08:00:00Z,19673.0,19673.0,False,False,False,
2023-06-26T09:00:00Z,19251.0,19251.0,False,False,False,
2023-06-26T10:00:00Z,19033.0,19033.0,False,False,False,
2023-06-26T11:00:00Z,19173.0,19173.0,False,False,False,
2023-06-26T12:00:00Z,19499.0,19499.0,False,False,False,
2023-06-26T13:00:00Z,19992.0,19992.0,False,False,False,
2023-06-26T14:00:00Z,21040.0,21040.0,False,False,False,
2023-06-26T15:00:00Z,22232.0,22232.0,False,False,False,
2023-06-26T16:00:00Z,23591.0,23591.0,False,False,False,
2023-06-26T17:00:00Z,24695.0,24695.0,False,False,False,
2023-06-26T18:00:00Z,25447.0,25447.0,False,False,False,
2023-06-26T19:00:00Z,26186.0,26186.0,False,False,False,
2023-06-26T20:00:00Z,27193.0,27193.0,False,False,False,
2023-06-26T21:00:00Z,27933.0,27933.0,False,False,False,
2023-06-26T22:00:00Z,28364.0,28364.0,False,False,False,
2023-06-26T23:00:00Z,28485.0,28485.0,False,False,False,
2023-06-27T00:00:00Z,28545.0,28545.0,False,False,False,
2023-06-27T01:00:00Z,27807.0,27807.0,False,False,False,
2023-06-27T02:00:00Z,26675.0,26675.0,False,False,False,
2023-06-27T03:00:00Z,25697.0,25697.0,False,False,False,
2023-06-27T04:00:00Z,24386.0,24386.0,False,False,False,
2023-06-27T05:00:00Z,23044.0,23044.0,False,False,False,
2023-06-27T06:00:00Z,21570.0,21570.0,False,False,False,
2023-06-27T07:00:00Z,20735.0,20735.0,False,False,False,
2023-06-27T08:00:00Z,20127.0,20127.0,False,False,False,
2023-06-27T09:00:00Z,19678.0,19678.0,False,False,False,
2023-06-27T10:00:00Z,19509.0,19509.0,False,False,False,
2023-06-27T11:00:00Z,19657.0,19657.0,False,False,False,
2023-06-27T12:00:00Z,19847.0,19847.0,False,False,False,
2023-06-27T13:00:00Z,20687.0,20687.0,False,False,False,
2023-06-27T14:00:00Z,22028.0,22028.0,False,False,False,
2023-06-27T15:00:00Z,23529.0,23529.0,False,False,False,
2023-06-27T16:00:00Z,25193.0,25193.0,False,False,False,
2023-06-27T17:00:00Z,26650.0,26650.0,False,False,False,
2023-06-27T18:00:00Z,27940.0,27940.0,False,False,False,
2023-06-27T19:00:00Z,29028.0,29028.0,False,False,False,
2023-06-27T20:00:00Z,29649.0,29649.0,False,False,False,
2023-06-27T21:00:00Z,29794.0,29794.0,False,False,False,
2023-06-27T22:00:00Z,29671.0,29671.0,False,False,False,
2023-06-27T23:00:00Z,29428.0,29428.0,False,False,False,
2023-06-28T00:00:00Z,28921.0,28921.0,False,False,False,
2023-06-28T01:00:00Z,27940.0,27940.0,False,False,False,
2023-06-28T02:00:00Z,26980.0,26980.0,False,False,False,
2023-06-28T03:00:00Z,26138.0,26138.0,False,False,False,
2023-06-28T04:00:00Z,24579.0,24579.0,False,False,False,
2023-06-28T05:00:00Z,22979.0,22979.0,False,False,False,
2023-06-28T06:00:00Z,21744.0,21744.0,False,False,False,
2023-06-28T07:00:00Z,20732.0,20732.0,False,False,False,
2023-06-28T08:00:00Z,20080.0,20080.0,False,False,False,
2023-06-28T09:00:00Z,19621.0,19621.0,False,False,False,
2023-06-28T10:00:00Z,19409.0,19409.0,False,False,False,
2023-06-28T11:00:00Z,19529.0,19529.0,False,False,False,
2023-06-28T12:00:00Z,19829.0,19829.0,False,False,False,
2023-06-28T13:00:00Z,20496.0,20496.0,False,False,False,
2023-06-28T14:00:00Z,21662.0,21662.0,False,False,False,
2023-06-28T15:00:00Z,23181.0,23181.0,False,False,False,
2023-06-28T16:00:00Z,25032.0,25032.0,False,False,False,
2023-06-28T17:00:00Z,26675.0,26675.0,False,False,False,
2023-06-28T18:00:00Z,28162.0,28162.0,False,False,False,
2023-06-28T19:00:00Z,29429.0,29429.0,False,False,False,
2023-06-28T20:00:00Z,30392.0,30392.0,False,False,False,
2023-06-28T21:00:00Z,30879.0,30879.0,False,False,False,
2023-06-28T22:00:00Z,31299.0,31299.0,False,False,False,
2023-06-28T23:00:00Z,31305.0,31305.0,False,False,False,
2023-06-29T00:00:00Z,30931.0,30931.0,False,False,False,
2023-06-29T01:00:00Z,30181.0,30181.0,False,False,False,
2023-06-29T02:00:00Z,29210.0,29210.0,False,False,False,
2023-06-29T03:00:00Z,28175.0,28175.0,False,False,False,
2023-06-29T04:00:00Z,26730.0,26730.0,False,False,False,
2023-06-29T05:00:00Z,25129.0,25129.0,False,False,False,
2023-06-29T06:00:00Z,23690.0,23690.0,False,False,False,
2023-06-29T07:00:00Z,22619.0,22619.0,False,False,False,
2023-06-29T08:00:00Z,21887.0,21887.0,False,False,False,
2023-06-29T09:00:00Z,21196.0,21196.0,False,False,False,
2023-06-29T10:00:00Z,20964.0,20964.0,False,False,False,
2023-06-29T11:00:00Z,20942.0,20942.0,False,False,False,
2023-06-29T12:00:00Z,21184.0,21184.0,False,False,False,
2023-06-29T13:00:00Z,21886.0,21886.0,False,False,False,
2023-06-29T14:00:00Z,23125.0,23125.0,False,False,False,
2023-06-29T15:00:00Z,24818.0,24818.0,False,False,False,
2023-06-29T16:00:00Z,26770.0,26770.0,False,False,False,
2023-06-29T17:00:00Z,28427.0,28427.0,False,False,False,
2023-06-29T18:00:00Z,29749.0,29749.0,False,False,False,
2023-06-29T19:00:00Z,30780.0,30780.0,False,False,False,
2023-06-29T20:00:00Z,31326.0,31326.0,False,False,False,
2023-06-29T21:00:00Z,31589.0,31589.0,False,False,False,
2023-06-29T22:00:00Z,31654.0,31654.0,False,False,False,
2023-06-29T23:00:00Z,31460.0,31460.0,False,False,False,
2023-06-30T00:00:00Z,31211.0,31211.0,False,False,False,
2023-06-30T01:00:00Z,30400.0,30400.0,False,False,False,
2023-06-30T02:00:00Z,29437.0,29437.0,False,False,False,
2023-06-30T03:00:00Z,28662.0,28662.0,False,False,False,
2023-06-30T04:00:00Z,27118.0,27118.0,False,False,False,
2023-06-30T05:00:00Z,25457.0,25457.0,False,False,False,
2023-06-30T06:00:00Z,24160.0,24160.0,False,False,False,
2023-06-30T07:00:00Z,23070.0,23070.0,False,False,False,
2023-06-30T08:00:00Z,22191.0,22191.0,False,False,False,
2023-06-30T09:00:00Z,21607.0,21607.0,False,False,False,
2023-06-30T10:00:00Z,21290.0,21290.0,False,False,False,
2023-06-30T11:00:00Z,21287.0,21287.0,False,False,False,
2023-06-30T12:00:00Z,21341.0,21341.0,False,False,False,
2023-06-30T13:00:00Z,22110.0,22110.0,False,False,False,
2023-06-30T14:00:00Z,23654.0,23654.0,False,False,False,
2023-06-30T15:00:00Z,25411.0,25411.0,False,False,False,
2023-06-30T16:00:00Z,27292.0,27292.0,False,False,False,
2023-06-30T17:00:00Z,28923.0,28923.0,False,False,False,
2023-06-30T18:00:00Z,30036.0,30036.0,False,False,False,
2023-06-30T19:00:00Z,31043.0,31043.0,False,False,False,
2023-06-30T20:00:00Z,31437.0,31437.0,False,False,False,
2023-06-30T21:00:00Z,31778.0,31778.0,False,False,False,
2023-06-30T22:00:00Z,31775.0,31775.0,False,False,False,
2023-06-30T23:00:00Z,31417.0,31417.0,False,False,False,
2023-07-01T00:00:00Z,30982.0,30982.0,False,False,False,
2023-07-01T01:00:00Z,30241.0,30241.0,False,False,False,
2023-07-01T02:00:00Z,29049.0,29049.0,False,False,False,
2023-07-01T03:00:00Z,27958.0,27958.0,False,False,False,
2023-07-01T04:00:00Z,26485.0,26485.0,False,False,False,
2023-07-01T05:00:00Z,25006.0,25006.0,False,False,False,
2023-07-01T06:00:00Z,23710.0,23710.0,False,False,False,
2023-07-01T07:00:00Z,22665.0,22665.0,False,False,False,
2023-07-01T08:00:00Z,21702.0,21702.0,False,False,False,
2023-07-01T09:00:00Z,20982.0,20982.0,False,False,False,
2023-07-01T10:00:00Z,20637.0,20637.0,False,False,False,
2023-07-01T11:00:00Z,20241.0,20241.0,False,False,False,
2023-07-01T12:00:00Z,19886.0,19886.0,False,False,False,
2023-07-01T13:00:00Z,20520.0,20520.0,False,False,False,
2023-07-01T14:00:00Z,22244.0,22244.0,False,False,False,
2023-07-01T15:00:00Z,24048.0,24048.0,False,False,False,
2023-07-01T16:00:00Z,25923.0,25923.0,False,False,False,
2023-07-01T17:00:00Z,27560.0,27560.0,False,False,False,
2023-07-01T18:00:00Z,28710.0,28710.0,False,False,False,
2023-07-01T19:00:00Z,29566.0,29566.0,False,False,False,
2023-07-01T20:00:00Z,30198.0,30198.0,False,False,False,
2023-07-01T21:00:00Z,30490.0,30490.0,False,False,False,
2023-07-01T22:00:00Z,30757.0,30757.0,False,False,False,
2023-07-01T23:00:00Z,30453.0,30453.0,False,False,False,
2023-07-02T00:00:00Z,29916.0,29916.0,False,False,False,
2023-07-02T01:00:00Z,28985.0,28985.0,False,False,False,
2023-07-02T02:00:00Z,28001.0,28001.0,False,False,False,
2023-07-02T03:00:00Z,27099.0,27099.0,False,False,False,
2023-07-02T04:00:00Z,25898.0,25898.0,False,False,False,
2023-07-02T05:00:00Z,24503.0,24503.0,False,False,False,
2023-07-02T06:00:00Z,23221.0,23221.0,False,False,False,
2023-07-02T07:00:00Z,22177.0,22177.0,False,False,False,
2023-07-02T08:00:00Z,21404.0,21404.0,False,False,False,
2023-07-02T09:00:00Z,20771.0,20771.0,False,False,False,
2023-07-02T10:00:00Z,20425.0,20425.0,False,False,False,
2023-07-02T11:00:00Z,20241.0,20241.0,False,False,False,
2023-07-02T12:00:00Z,19748.0,19748.0,False,False,False,
2023-07-02T13:00:00Z,20315.0,20315.0,False,False,False,
2023-07-02T14:00:00Z,21878.0,21878.0,False,False,False,
2023-07-02T15:00:00Z,23614.0,23614.0,False,False,False,
2023-07-02T16:00:00Z,24873.0,24873.0,False,False,False,
2023-07-02T17:00:00Z,26312.0,26312.0,False,False,False,
2023-07-02T18:00:00Z,27636.0,27636.0,False,False,False,
2023-07-02T19:00:00Z,28816.0,28816.0,False,False,False,
2023-07-02T20:00:00Z,29394.0,29394.0,False,False,False,
2023-07-02T21:00:00Z,29812.0,29812.0,False,False,False,
2023-07-02T22:00:00Z,29859.0,29859.0,False,False,False,
2023-07-02T23:00:00Z,29640.0,29640.0,False,False,False,
2023-07-03T00:00:00Z,28847.0,28847.0,False,False,False,
2023-07-03T01:00:00Z,27717.0,27717.0,False,False,False,
2023-07-03T02:00:00Z,26782.0,26782.0,False,False,False,
2023-07-03T03:00:00Z,25894.0,25894.0,False,False,False,
2023-07-03T04:00:00Z,24600.0,24600.0,False,False,False,
2023-07-03T05:00:00Z,23103.0,23103.0,False,False,False,
2023-07-03T06:00:00Z,21807.0,21807.0,False,False,False,
2023-07-03T07:00:00Z,20876.0,20876.0,False,False,False,
2023-07-03T08:00:00Z,20120.0,20120.0,False,False,False,
2023-07-03T09:00:00Z,19649.0,19649.0,False,False,False,
2023-07-03T10:00:00Z,19429.0,19429.0,False,False,False,
2023-07-03T11:00:00Z,19496.0,19496.0,False,False,False,
2023-07-03T12:00:00Z,19650.0,19650.0,False,False,False,
2023-07-03T13:00:00Z,20259.0,20259.0,False,False,False,
2023-07-03T14:00:00Z,21607.0,21607.0,False,False,False,
2023-07-03T15:00:00Z,23283.0,23283.0,False,False,False,
2023-07-03T16:00:00Z,24979.0,24979.0,False,False,False,
2023-07-03T17:00:00Z,26797.0,26797.0,False,False,False,
2023-07-03T18:00:00Z,27983.0,27983.0,False,False,False,
2023-07-03T19:00:00Z,29014.0,29014.0,False,False,False,
2023-07-03T20:00:00Z,29358.0,29358.0,False,False,False,
2023-07-03T21:00:00Z,29374.0,29374.0,False,False,False,
2023-07-03T22:00:00Z,29404.0,29404.0,False,False,False,
2023-07-03T23:00:00Z,29012.0,29012.0,False,False,False,
2023-07-04T00:00:00Z,28111.0,28111.0,False,False,False,
2023-07-04T01:00:00Z,27080.0,27080.0,False,False,False,
2023-07-04T02:00:00Z,26211.0,26211.0,False,False,False,
2023-07-04T03:00:00Z,25188.0,25188.0,False,False,False,
2023-07-04T04:00:00Z,24050.0,24050.0,False,False,False,
2023-07-04T05:00:00Z,22742.0,22742.0,False,False,False,
2023-07-04T06:00:00Z,21648.0,21648.0,False,False,False,
2023-07-04T07:00:00Z,20768.0,20768.0,False,False,False,
2023-07-04T08:00:00Z,19970.0,19970.0,False,False,False,
2023-07-04T09:00:00Z,19427.0,19427.0,False,False,False,
2023-07-04T10:00:00Z,19124.0,19124.0,False,False,False,
2023-07-04T11:00:00Z,19048.0,19048.0,False,False,False,
2023-07-04T12:00:00Z,18924.0,18924.0,False,False,False,
2023-07-04T13:00:00Z,19217.0,19217.0,False,False,False,
2023-07-04T14:00:00Z,20423.0,20423.0,False,False,False,
2023-07-04T15:00:00Z,22147.0,22147.0,False,False,False,
2023-07-04T16:00:00Z,23832.0,23832.0,False,False,False,
2023-07-04T17:00:00Z,25342.0,25342.0,False,False,False,
2023-07-04T18:00:00Z,26385.0,26385.0,False,False,False,
2023-07-04T19:00:00Z,27050.0,27050.0,False,False,False,
2023-07-04T20:00:00Z,27186.0,27186.0,False,False,False,
2023-07-04T21:00:00Z,27197.0,27197.0,False,False,False,
2023-07-04T22:00:00Z,27333.0,27333.0,False,False,False,
2023-07-04T23:00:00Z,27144.0,27144.0,False,False,False,
2023-07-05T00:00:00Z,26601.0,26601.0,False,False,False,
2023-07-05T01:00:00Z,25819.0,25819.0,False,False,False,
2023-07-05T02:00:00Z,24875.0,24875.0,False,False,False,
2023-07-05T03:00:00Z,24071.0,24071.0,False,False,False,
2023-07-05T04:00:00Z,23207.0,23207.0,False,False,False,
2023-07-05T05:00:00Z,22142.0,22142.0,False,False,False,
2023-07-05T06:00:00Z,20980.0,20980.0,False,False,False,
2023-07-05T07:00:00Z,20126.0,20126.0,False,False,False,
2023-07-05T08:00:00Z,19615.0,19615.0,False,False,False,
2023-07-05T09:00:00Z,19329.0,19329.0,False,False,False,
2023-07-05T10:00:00Z,19128.0,19128.0,False,False,False,
2023-07-05T11:00:00Z,19292.0,19292.0,False,False,False,
2023-07-05T12:00:00Z,19650.0,19650.0,False,False,False,
2023-07-05T13:00:00Z,20355.0,20355.0,False,False,False,
2023-07-05T14:00:00Z,21542.0,21542.0,False,False,False,
2023-07-05T15:00:00Z,23372.0,23372.0,False,False,False,
2023-07-05T16:00:00Z,25111.0,25111.0,False,False,False,
2023-07-05T17:00:00Z,26686.0,26686.0,False,False,False,
2023-07-05T18:00:00Z,28101.0,28101.0,False,False,False,
2023-07-05T19:00:00Z,28640.0,28640.0,False,False,False,
2023-07-05T20:00:00Z,28530.0,28530.0,False,False,False,
2023-07-05T21:00:00Z,28690.0,28690.0,False,False,False,
2023-07-05T22:00:00Z,28474.0,28474.0,False,False,False,
2023-07-05T23:00:00Z,27903.0,27903.0,False,False,False,
2023-07-06T00:00:00Z,26895.0,26895.0,False,False,False,
2023-07-06T01:00:00Z,25884.0,25884.0,False,False,False,
2023-07-06T02:00:00Z,24876.0,24876.0,False,False,False,
2023-07-06T03:00:00Z,23973.0,23973.0,False,False,False,
2023-07-06T04:00:00Z,22813.0,22813.0,False,False,False,
2023-07-06T05:00:00Z,21573.0,21573.0,False,False,False,
2023-07-06T06:00:00Z,20556.0,20556.0,False,False,False,
2023-07-06T07:00:00Z,19879.0,19879.0,False,False,False,
2023-07-06T08:00:00Z,19284.0,19284.0,False,False,False,
2023-07-06T09:00:00Z,18734.0,18734.0,False,False,False,
2023-07-06T10:00:00Z,18662.0,18662.0,False,False,False,
2023-07-06T11:00:00Z,18869.0,18869.0,False,False,False,
2023-07-06T12:00:00Z,19119.0,19119.0,False,False,False,
2023-07-06T13:00:00Z,19705.0,19705.0,False,False,False,
2023-07-06T14:00:00Z,20675.0,20675.0,False,False,False,
2023-07-06T15:00:00Z,21814.0,21814.0,False,False,False,
2023-07-06T16:00:00Z,23258.0,23258.0,False,False,False,
2023-07-06T17:00:00Z,24678.0,24678.0,False,False,False,
2023-07-06T18:00:00Z,25874.0,25874.0,False,False,False,
2023-07-06T19:00:00Z,26821.0,26821.0,False,False,False,
2023-07-06T20:00:00Z,27574.0,27574.0,False,False,False,
2023-07-06T21:00:00Z,27831.0,27831.0,False,False,False,
2023-07-06T22:00:00Z,27668.0,27668.0,False,False,False,
2023-07-06T23:00:00Z,27093.0,27093.0,False,False,False,
2023-07-07T00:00:00Z,26282.0,26282.0,False,False,False,
2023-07-07T01:00:00Z,25359.0,25359.0,False,False,False,
2023-07-07T02:00:00Z,24551.0,24551.0,False,False,False,
2023-07-07T03:00:00Z,23936.0,23936.0,False,False,False,
2023-07-07T04:00:00Z,22763.0,22763.0,False,False,False,
2023-07-07T05:00:00Z,21535.0,21535.0,False,False,False,
2023-07-07T06:00:00Z,20363.0,20363.0,False,False,False,
2023-07-07T07:00:00Z,19579.0,19579.0,False,False,False,
2023-07-07T08:00:00Z,18963.0,18963.0,False,False,False,
2023-07-07T09:00:00Z,18546.0,18546.0,False,False,False,
2023-07-07T10:00:00Z,18434.0,18434.0,False,False,False,
2023-07-07T11:00:00Z,18719.0,18719.0,False,False,False,
2023-07-07T12:00:00Z,18960.0,18960.0,False,False,False,
2023-07-07T13:00:00Z,19462.0,19462.0,False,False,False,
2023-07-07T14:00:00Z,20213.0,20213.0,False,False,False,
2023-07-07T15:00:00Z,21364.0,21364.0,False,False,False,
2023-07-07T16:00:00Z,22689.0,22689.0,False,False,False,
2023-07-07T17:00:00Z,24081.0,24081.0,False,False,False,
2023-07-07T18:00:00Z,25290.0,25290.0,False,False,False,
2023-07-07T19:00:00Z,26381.0,26381.0,False,False,False,
2023-07-07T20:00:00Z,27150.0,27150.0,False,False,False,
2023-07-07T21:00:00Z,27733.0,27733.0,False,False,False,
2023-07-07T22:00:00Z,27986.0,27986.0,False,False,False,
2023-07-07T23:00:00Z,27807.0,27807.0,False,False,False,
2023-07-08T00:00:00Z,27436.0,27436.0,False,False,False,
2023-07-08T01:00:00Z,26590.0,26590.0,False,False,False,
2023-07-08T02:00:00Z,25626.0,25626.0,False,False,False,
2023-07-08T03:00:00Z,24737.0,24737.0,False,False,False,
2023-07-08T04:00:00Z,23647.0,23647.0,False,False,False,
2023-07-08T05:00:00Z,22327.0,22327.0,False,False,False,
2023-07-08T06:00:00Z,21141.0,21141.0,False,False,False,
2023-07-08T07:00:00Z,20327.0,20327.0,False,False,False,
2023-07-08T08:00:00Z,19661.0,19661.0,False,False,False,
2023-07-08T09:00:00Z,19093.0,19093.0,False,False,False,
2023-07-08T10:00:00Z,18758.0,18758.0,False,False,False,
2023-07-08T11:00:00Z,18731.0,18731.0,False,False,False,
2023-07-08T12:00:00Z,18376.0,18376.0,False,False,False,
2023-07-08T13:00:00Z,18897.0,18897.0,False,False,False,
2023-07-08T14:00:00Z,20481.0,20481.0,False,False,False,
2023-07-08T15:00:00Z,22172.0,22172.0,False,False,False,
2023-07-08T16:00:00Z,23853.0,23853.0,False,False,False,
2023-07-08T17:00:00Z,25114.0,25114.0,False,False,False,
2023-07-08T18:00:00Z,25923.0,25923.0,False,False,False,
2023-07-08T19:00:00Z,26249.0,26249.0,False,False,False,
2023-07-08T20:00:00Z,26533.0,26533.0,False,False,False,
2023-07-08T21:00:00Z,26806.0,26806.0,False,False,False,
2023-07-08T22:00:00Z,27153.0,27153.0,False,False,False,
2023-07-08T23:00:00Z,27274.0,27274.0,False,False,False,
2023-07-09T00:00:00Z,26950.0,26950.0,False,False,False,
2023-07-09T01:00:00Z,26025.0,26025.0,False,False,False,
2023-07-09T02:00:00Z,25081.0,25081.0,False,False,False,
2023-07-09T03:00:00Z,24259.0,24259.0,False,False,False,
2023-07-09T04:00:00Z,23223.0,23223.0,False,False,False,
2023-07-09T05:00:00Z,22123.0,22123.0,False,False,False,
2023-07-09T06:00:00Z,20973.0,20973.0,False,False,False,
2023-07-09T07:00:00Z,20033.0,20033.0,False,False,False,
2023-07-09T08:00:00Z,19461.0,19461.0,False,False,False,
2023-07-09T09:00:00Z,19134.0,19134.0,False,False,False,
2023-07-09T10:00:00Z,18830.0,18830.0,False,False,False,
2023-07-09T11:00:00Z,18817.0,18817.0,False,False,False,
2023-07-09T12:00:00Z,18561.0,18561.0,False,False,False,
2023-07-09T13:00:00Z,19123.0,19123.0,False,False,False,
2023-07-09T14:00:00Z,20327.0,20327.0,False,False,False,
2023-07-09T15:00:00Z,21680.0,21680.0,False,False,False,
2023-07-09T16:00:00Z,22790.0,22790.0,False,False,False,
2023-07-09T17:00:00Z,23693.0,23693.0,False,False,False,
2023-07-09T18:00:00Z,24173.0,24173.0,False,False,False,
2023-07-09T19:00:00Z,24518.0,24518.0,False,False,False,
2023-07-09T20:00:00Z,24802.0,24802.0,False,False,False,
2023-07-09T21:00:00Z,25103.0,25103.0,False,False,False,
2023-07-09T22:00:00Z,25479.0,25479.0,False,False,False,
2023-07-09T23:00:00Z,25520.0,25520.0,False,False,False,
2023-07-10T00:00:00Z,25172.0,25172.0,False,False,False,
2023-07-10T01:00:00Z,24642.0,24642.0,False,False,False,
2023-07-10T02:00:00Z,24150.0,24150.0,False,False,False,
2023-07-10T03:00:00Z,23630.0,23630.0,False,False,False,
2023-07-10T04:00:00Z,22561.0,22561.0,False,False,False,
2023-07-10T05:00:00Z,21322.0,21322.0,False,False,False,
2023-07-10T06:00:00Z,20362.0,20362.0,False,False,False,
2023-07-10T07:00:00Z,19615.0,19615.0,False,False,False,
2023-07-10T08:00:00Z,19070.0,19070.0,False,False,False,
2023-07-10T09:00:00Z,18694.0,18694.0,False,False,False,
2023-07-10T10:00:00Z,18765.0,18765.0,False,False,False,
2023-07-10T11:00:00Z,19034.0,19034.0,False,False,False,
2023-07-10T12:00:00Z,19395.0,19395.0,False,False,False,
2023-07-10T13:00:00Z,19867.0,19867.0,False,False,False,
2023-07-10T14:00:00Z,20993.0,20993.0,False,False,False,
2023-07-10T15:00:00Z,22025.0,22025.0,False,False,False,
2023-07-10T16:00:00Z,23525.0,23525.0,False,False,False,
2023-07-10T17:00:00Z,24814.0,24814.0,False,False,False,
2023-07-10T18:00:00Z,26088.0,26088.0,False,False,False,
2023-07-10T19:00:00Z,26930.0,26930.0,False,False,False,
2023-07-10T20:00:00Z,27390.0,27390.0,False,False,False,
2023-07-10T21:00:00Z,27688.0,27688.0,False,False,False,
2023-07-10T22:00:00Z,27759.0,27759.0,False,False,False,
2023-07-10T23:00:00Z,27553.0,27553.0,False,False,False,
2023-07-11T00:00:00Z,27145.0,27145.0,False,False,False,
2023-07-11T01:00:00Z,26351.0,26351.0,False,False,False,
2023-07-11T02:00:00Z,25380.0,25380.0,False,False,False,
2023-07-11T03:00:00Z,24801.0,24801.0,False,False,False,
2023-07-11T04:00:00Z,23490.0,23490.0,False,False,False,
2023-07-11T05:00:00Z,22042.0,22042.0,False,False,False,
2023-07-11T06:00:00Z,20572.0,20572.0,False,False,False,
2023-07-11T07:00:00Z,19819.0,19819.0,False,False,False,
2023-07-11T08:00:00Z,19208.0,19208.0,False,False,False,
2023-07-11T09:00:00Z,18751.0,18751.0,False,False,False,
2023-07-11T10:00:00Z,18793.0,18793.0,False,False,False,
2023-07-11T11:00:00Z,19053.0,19053.0,False,False,False,
2023-07-11T12:00:00Z,19405.0,19405.0,False,False,False,
2023-07-11T13:00:00Z,19997.0,19997.0,False,False,False,
2023-07-11T14:00:00Z,21234.0,21234.0,False,False,False,
2023-07-11T15:00:00Z,22556.0,22556.0,False,False,False,
2023-07-11T16:00:00Z,24181.0,24181.0,False,False,False,
2023-07-11T17:00:00Z,25647.0,25647.0,False,False,False,
2023-07-11T18:00:00Z,26739.0,26739.0,False,False,False,
2023-07-11T19:00:00Z,27567.0,27567.0,False,False,False,
2023-07-11T20:00:00Z,28307.0,28307.0,False,False,False,
2023-07-11T21:00:00Z,28392.0,28392.0,False,False,False,
2023-07-11T22:00:00Z,28334.0,28334.0,False,False,False,
2023-07-11T23:00:00Z,27918.0,27918.0,False,False,False,
2023-07-12T00:00:00Z,27311.0,27311.0,False,False,False,
2023-07-12T01:00:00Z,26486.0,26486.0,False,False,False,
2023-07-12T02:00:00Z,25704.0,25704.0,False,False,False,
2023-07-12T03:00:00Z,24929.0,24929.0,False,False,False,
2023-07-12T04:00:00Z,23682.0,23682.0,False,False,False,
2023-07-12T05:00:00Z,22275.0,22275.0,False,False,False,
2023-07-12T06:00:00Z,21218.0,21218.0,False,False,False,
2023-07-12T07:00:00Z,20428.0,20428.0,False,False,False,
2023-07-12T08:00:00Z,19862.0,19862.0,False,False,False,
2023-07-12T09:00:00Z,19469.0,19469.0,False,False,False,
2023-07-12T10:00:00Z,19464.0,19464.0,False,False,False,
2023-07-12T11:00:00Z,19553.0,19553.0,False,False,False,
2023-07-12T12:00:00Z,19779.0,19779.0,False,False,False,
2023-07-12T13:00:00Z,20280.0,20280.0,False,False,False,
2023-07-12T14:00:00Z,21233.0,21233.0,False,False,False,
2023-07-12T15:00:00Z,22576.0,22576.0,False,False,False,
2023-07-12T16:00:00Z,23883.0,23883.0,False,False,False,
2023-07-12T17:00:00Z,25300.0,25300.0,False,False,False,
2023-07-12T18:00:00Z,26440.0,26440.0,False,False,False,
2023-07-12T19:00:00Z,27381.0,27381.0,False,False,False,
2023-07-12T20:00:00Z,27772.0,27772.0,False,False,False,
2023-07-12T21:00:00Z,28038.0,28038.0,False,False,False,
2023-07-12T22:00:00Z,28299.0,28299.0,False,False,False,
2023-07-12T23:00:00Z,28364.0,28364.0,False,False,False,
2023-07-13T00:00:00Z,28281.0,28281.0,False,False,False,
2023-07-13T01:00:00Z,27573.0,27573.0,False,False,False,
2023-07-13T02:00:00Z,26651.0,26651.0,False,False,False,
2023-07-13T03:00:00Z,26123.0,26123.0,False,False,False,
2023-07-13T04:00:00Z,24780.0,24780.0,False,False,False,
2023-07-13T05:00:00Z,23497.0,23497.0,False,False,False,
2023-07-13T06:00:00Z,22313.0,22313.0,False,False,False,
2023-07-13T07:00:00Z,21558.0,21558.0,False,False,False,
2023-07-13T08:00:00Z,20961.0,20961.0,False,False,False,
2023-07-13T09:00:00Z,20543.0,20543.0,False,False,False,
2023-07-13T10:00:00Z,20432.0,20432.0,False,False,False,
2023-07-13T11:00:00Z,20573.0,20573.0,False,False,False,
2023-07-13T12:00:00Z,20947.0,20947.0,False,False,False,
2023-07-13T13:00:00Z,21296.0,21296.0,False,False,False,
2023-07-13T14:00:00Z,22109.0,22109.0,False,False,False,
2023-07-13T15:00:00Z,23126.0,23126.0,False,False,False,
2023-07-13T16:00:00Z,24395.0,24395.0,False,False,False,
2023-07-13T17:00:00Z,25715.0,25715.0,False,False,False,
2023-07-13T18:00:00Z,27230.0,27230.0,False,False,False,
2023-07-13T19:00:00Z,28444.0,28444.0,False,False,False,
2023-07-13T20:00:00Z,29310.0,29310.0,False,False,False,
2023-07-13T21:00:00Z,29891.0,29891.0,False,False,False,
2023-07-13T22:00:00Z,30288.0,30288.0,False,False,False,
2023-07-13T23:00:00Z,30139.0,30139.0,False,False,False,
2023-07-14T00:00:00Z,29653.0,29653.0,False,False,False,
2023-07-14T01:00:00Z,28820.0,28820.0,False,False,False,
2023-07-14T02:00:00Z,28022.0,28022.0,False,False,False,
2023-07-14T03:00:00Z,27162.0,27162.0,False,False,False,
2023-07-14T04:00:00Z,25621.0,25621.0,False,False,False,
2023-07-14T05:00:00Z,24098.0,24098.0,False,False,False,
2023-07-14T06:00:00Z,22850.0,22850.0,False,False,False,
2023-07-14T07:00:00Z,21928.0,21928.0,False,False,False,
2023-07-14T08:00:00Z,21168.0,21168.0,False,False,False,
2023-07-14T09:00:00Z,20787.0,20787.0,False,False,False,
2023-07-14T10:00:00Z,20544.0,20544.0,False,False,False,
2023-07-14T11:00:00Z,20672.0,20672.0,False,False,False,
2023-07-14T12:00:00Z,20944.0,20944.0,False,False,False,
2023-07-14T13:00:00Z,21401.0,21401.0,False,False,False,
2023-07-14T14:00:00Z,22213.0,22213.0,False,False,False,
2023-07-14T15:00:00Z,23452.0,23452.0,False,False,False,
2023-07-14T16:00:00Z,24881.0,24881.0,False,False,False,
2023-07-14T17:00:00Z,26077.0,26077.0,False,False,False,
2023-07-14T18:00:00Z,27129.0,27129.0,False,False,False,
2023-07-14T19:00:00Z,28367.0,28367.0,False,False,False,
2023-07-14T20:00:00Z,29172.0,29172.0,False,False,False,
2023-07-14T21:00:00Z,29525.0,29525.0,False,False,False,
2023-07-14T22:00:00Z,29818.0,29818.0,False,False,False,
2023-07-14T23:00:00Z,29650.0,29650.0,False,False,False,
2023-07-15T00:00:00Z,29083.0,29083.0,False,False,False,
2023-07-15T01:00:00Z,28012.0,28012.0,False,False,False,
2023-07-15T02:00:00Z,27150.0,27150.0,False,False,False,
2023-07-15T03:00:00Z,26283.0,26283.0,False,False,False,
2023-07-15T04:00:00Z,25023.0,25023.0,False,False,False,
2023-07-15T05:00:00Z,23687.0,23687.0,False,False,False,
2023-07-15T06:00:00Z,22200.0,22200.0,False,False,False,
2023-07-15T07:00:00Z,21301.0,21301.0,False,False,False,
2023-07-15T08:00:00Z,20515.0,20515.0,False,False,False,
2023-07-15T09:00:00Z,19939.0,19939.0,False,False,False,
2023-07-15T10:00:00Z,19726.0,19726.0,False,False,False,
2023-07-15T11:00:00Z,19555.0,19555.0,False,False,False,
2023-07-15T12:00:00Z,19394.0,19394.0,False,False,False,
2023-07-15T13:00:00Z,19650.0,19650.0,False,False,False,
2023-07-15T14:00:00Z,20749.0,20749.0,False,False,False,
2023-07-15T15:00:00Z,22114.0,22114.0,False,False,False,
2023-07-15T16:00:00Z,23808.0,23808.0,False,False,False,
2023-07-15T17:00:00Z,25405.0,25405.0,False,False,False,
2023-07-15T18:00:00Z,26710.0,26710.0,False,False,False,
2023-07-15T19:00:00Z,27708.0,27708.0,False,False,False,
2023-07-15T20:00:00Z,28692.0,28692.0,False,False,False,
2023-07-15T21:00:00Z,29265.0,29265.0,False,False,False,
2023-07-15T22:00:00Z,29762.0,29762.0,False,False,False,
2023-07-15T23:00:00Z,29640.0,29640.0,False,False,False,
2023-07-16T00:00:00Z,29089.0,29089.0,False,False,False,
2023-07-16T01:00:00Z,28042.0,28042.0,False,False,False,
2023-07-16T02:00:00Z,26800.0,26800.0,False,False,False,
2023-07-16T03:00:00Z,25813.0,25813.0,False,False,False,
2023-07-16T04:00:00Z,24549.0,24549.0,False,False,False,
2023-07-16T05:00:00Z,23283.0,23283.0,False,False,False,
2023-07-16T06:00:00Z,22105.0,22105.0,False,False,False,
2023-07-16T07:00:00Z,21107.0,21107.0,False,False,False,
2023-07-16T08:00:00Z,20324.0,20324.0,False,False,False,
2023-07-16T09:00:00Z,19872.0,19872.0,False,False,False,
2023-07-16T10:00:00Z,19430.0,19430.0,False,False,False,
2023-07-16T11:00:00Z,19318.0,19318.0,False,False,False,
2023-07-16T12:00:00Z,18881.0,18881.0,False,False,False,
2023-07-16T13:00:00Z,19254.0,19254.0,False,False,False,
2023-07-16T14:00:00Z,20465.0,20465.0,False,False,False,
2023-07-16T15:00:00Z,21928.0,21928.0,False,False,False,
2023-07-16T16:00:00Z,23529.0,23529.0,False,False,False,
2023-07-16T17:00:00Z,25100.0,25100.0,False,False,False,
2023-07-16T18:00:00Z,26683.0,26683.0,False,False,False,
2023-07-16T19:00:00Z,28023.0,28023.0,False,False,False,
2023-07-16T20:00:00Z,28628.0,28628.0,False,False,False,
2023-07-16T21:00:00Z,28633.0,28633.0,False,False,False,
2023-07-16T22:00:00Z,27752.0,27752.0,False,False,False,
2023-07-16T23:00:00Z,26934.0,26934.0,False,False,False,
2023-07-17T00:00:00Z,26031.0,26031.0,False,False,False,
2023-07-17T01:00:00Z,24988.0,24988.0,False,False,False,
2023-07-17T02:00:00Z,24219.0,24219.0,False,False,False,
2023-07-17T03:00:00Z,23372.0,23372.0,False,False,False,
2023-07-17T04:00:00Z,22051.0,22051.0,False,False,False,
2023-07-17T05:00:00Z,20814.0,20814.0,False,False,False,
2023-07-17T06:00:00Z,19726.0,19726.0,False,False,False,
2023-07-17T07:00:00Z,18876.0,18876.0,False,False,False,
2023-07-17T08:00:00Z,18341.0,18341.0,False,False,False,
2023-07-17T09:00:00Z,17942.0,17942.0,False,False,False,
2023-07-17T10:00:00Z,17598.0,17598.0,False,False,False,
2023-07-17T11:00:00Z,18041.0,18041.0,False,False,False,
2023-07-17T12:00:00Z,18450.0,18450.0,False,False,False,
2023-07-17T13:00:00Z,19095.0,19095.0,False,False,False,
2023-07-17T14:00:00Z,20223.0,20223.0,False,False,False,
2023-07-17T15:00:00Z,21843.0,21843.0,False,False,False,
2023-07-17T16:00:00Z,23589.0,23589.0,False,False,False,
2023-07-17T17:00:00Z,25475.0,25475.0,False,False,False,
2023-07-17T18:00:00Z,27121.0,27121.0,False,False,False,
2023-07-17T19:00:00Z,28520.0,28520.0,False,False,False,
2023-07-17T20:00:00Z,29585.0,29585.0,False,False,False,
2023-07-17T21:00:00Z,30141.0,30141.0,False,False,False,
2023-07-17T22:00:00Z,30299.0,30299.0,False,False,False,
2023-07-17T23:00:00Z,29869.0,29869.0,False,False,False,
2023-07-18T00:00:00Z,29043.0,29043.0,False,False,False,
2023-07-18T01:00:00Z,27884.0,27884.0,False,False,False,
2023-07-18T02:00:00Z,26982.0,26982.0,False,False,False,
2023-07-18T03:00:00Z,25906.0,25906.0,False,False,False,
2023-07-18T04:00:00Z,24483.0,24483.0,False,False,False,
2023-07-18T05:00:00Z,22908.0,22908.0,False,False,False,
2023-07-18T06:00:00Z,21716.0,21716.0,False,False,False,
2023-07-18T07:00:00Z,20743.0,20743.0,False,False,False,
2023-07-18T08:00:00Z,20001.0,20001.0,False,False,False,
2023-07-18T09:00:00Z,19425.0,19425.0,False,False,False,
2023-07-18T10:00:00Z,19235.0,19235.0,False,False,False,
2023-07-18T11:00:00Z,19425.0,19425.0,False,False,False,
2023-07-18T12:00:00Z,19786.0,19786.0,False,False,False,
2023-07-18T13:00:00Z,20373.0,20373.0,False,False,False,
2023-07-18T14:00:00Z,21820.0,21820.0,False,False,False,
2023-07-18T15:00:00Z,23517.0,23517.0,False,False,False,
2023-07-18T16:00:00Z,25231.0,25231.0,False,False,False,
2023-07-18T17:00:00Z,27066.0,27066.0,False,False,False,
2023-07-18T18:00:00Z,28579.0,28579.0,False,False,False,
2023-07-18T19:00:00Z,29850.0,29850.0,False,False,False,
2023-07-18T20:00:00Z,30839.0,30839.0,False,False,False,
2023-07-18T21:00:00Z,31263.0,31263.0,False,False,False,
2023-07-18T22:00:00Z,31414.0,31414.0,False,False,False,
2023-07-18T23:00:00Z,31136.0,31136.0,False,False,False,
2023-07-19T00:00:00Z,30479.0,30479.0,False,False,False,
2023-07-19T01:00:00Z,29532.0,29532.0,False,False,False,
2023-07-19T02:00:00Z,28533.0,28533.0,False,False,False,
2023-07-19T03:00:00Z,27564.0,27564.0,False,False,False,
2023-07-19T04:00:00Z,25943.0,25943.0,False,False,False,
2023-07-19T05:00:00Z,24489.0,24489.0,False,False,False,
2023-07-19T06:00:00Z,23202.0,23202.0,False,False,False,
2023-07-19T07:00:00Z,22272.0,22272.0,False,False,False,
2023-07-19T08:00:00Z,21481.0,21481.0,False,False,False,
2023-07-19T09:00:00Z,20958.0,20958.0,False,False,False,
2023-07-19T10:00:00Z,20757.0,20757.0,False,False,False,
2023-07-19T11:00:00Z,20846.0,20846.0,False,False,False,
2023-07-19T12:00:00Z,20900.0,20900.0,False,False,False,
2023-07-19T13:00:00Z,21359.0,21359.0,False,False,False,
2023-07-19T14:00:00Z,22659.0,22659.0,False,False,False,
2023-07-19T15:00:00Z,24163.0,24163.0,False,False,False,
2023-07-19T16:00:00Z,25920.0,25920.0,False,False,False,
2023-07-19T17:00:00Z,27562.0,27562.0,False,False,False,
2023-07-19T18:00:00Z,28957.0,28957.0,False,False,False,
2023-07-19T19:00:00Z,30158.0,30158.0,False,False,False,
2023-07-19T20:00:00Z,30857.0,30857.0,False,False,False,
2023-07-19T21:00:00Z,31169.0,31169.0,False,False,False,
2023-07-19T22:00:00Z,31248.0,31248.0,False,False,False,
2023-07-19T23:00:00Z,31170.0,31170.0,False,False,False,
2023-07-20T00:00:00Z,30689.0,30689.0,False,False,False,
2023-07-20T01:00:00Z,29849.0,29849.0,False,False,False,
2023-07-20T02:00:00Z,28938.0,28938.0,False,False,False,
2023-07-20T03:00:00Z,27987.0,27987.0,False,False,False,
2023-07-20T04:00:00Z,26439.0,26439.0,False,False,False,
2023-07-20T05:00:00Z,24872.0,24872.0,False,False,False,
2023-07-20T06:00:00Z,23356.0,23356.0,False,False,False,
2023-07-20T07:00:00Z,22305.0,22305.0,False,False,False,
2023-07-20T08:00:00Z,21564.0,21564.0,False,False,False,
2023-07-20T09:00:00Z,20931.0,20931.0,False,False,False,
2023-07-20T10:00:00Z,20564.0,20564.0,False,False,False,
2023-07-20T11:00:00Z,20590.0,20590.0,False,False,False,
2023-07-20T12:00:00Z,20756.0,20756.0,False,False,False,
2023-07-20T13:00:00Z,21228.0,21228.0,False,False,False,
2023-07-20T14:00:00Z,22395.0,22395.0,False,False,False,
2023-07-20T15:00:00Z,23877.0,23877.0,False,False,False,
2023-07-20T16:00:00Z,25579.0,25579.0,False,False,False,
2023-07-20T17:00:00Z,27218.0,27218.0,False,False,False,
2023-07-20T18:00:00Z,28709.0,28709.0,False,False,False,
2023-07-20T19:00:00Z,29888.0,29888.0,False,False,False,
2023-07-20T20:00:00Z,30755.0,30755.0,False,False,False,
2023-07-20T21:00:00Z,31359.0,31359.0,False,False,False,
2023-07-20T22:00:00Z,31520.0,31520.0,False,False,False,
2023-07-20T23:00:00Z,31271.0,31271.0,False,False,False,
2023-07-21T00:00:00Z,30738.0,30738.0,False,False,False,
2023-07-21T01:00:00Z,29898.0,29898.0,False,False,False,
2023-07-21T02:00:00Z,28854.0,28854.0,False,False,False,
2023-07-21T03:00:00Z,27857.0,27857.0,False,False,False,
2023-07-21T04:00:00Z,26386.0,26386.0,False,False,False,
2023-07-21T05:00:00Z,24903.0,24903.0,False,False,False,
2023-07-21T06:00:00Z,23495.0,23495.0,False,False,False,
2023-07-21T07:00:00Z,22474.0,22474.0,False,False,False,
2023-07-21T08:00:00Z,21609.0,21609.0,False,False,False,
2023-07-21T09:00:00Z,21081.0,21081.0,False,False,False,
2023-07-21T10:00:00Z,20662.0,20662.0,False,False,False,
2023-07-21T11:00:00Z,20716.0,20716.0,False,False,False,
2023-07-21T12:00:00Z,20964.0,20964.0,False,False,False,
2023-07-21T13:00:00Z,21380.0,21380.0,False,False,False,
2023-07-21T14:00:00Z,22563.0,22563.0,False,False,False,
2023-07-21T15:00:00Z,23917.0,23917.0,False,False,False,
2023-07-21T16:00:00Z,25143.0,25143.0,False,False,False,
2023-07-21T17:00:00Z,26611.0,26611.0,False,False,False,
2023-07-21T18:00:00Z,27621.0,27621.0,False,False,False,
2023-07-21T19:00:00Z,28510.0,28510.0,False,False,False,
2023-07-21T20:00:00Z,28999.0,28999.0,False,False,False,
2023-07-21T21:00:00Z,29468.0,29468.0,False,False,False,
2023-07-21T22:00:00Z,29591.0,29591.0,False,False,False,
2023-07-21T23:00:00Z,29413.0,29413.0,False,False,False,
2023-07-22T00:00:00Z,28889.0,28889.0,False,False,False,
2023-07-22T01:00:00Z,27947.0,27947.0,False,False,False,
2023-07-22T02:00:00Z,26997.0,26997.0,False,False,False,
2023-07-22T03:00:00Z,26148.0,26148.0,False,False,False,
2023-07-22T04:00:00Z,24974.0,24974.0,False,False,False,
2023-07-22T05:00:00Z,23626.0,23626.0,False,False,False,
2023-07-22T06:00:00Z,22479.0,22479.0,False,False,False,
2023-07-22T07:00:00Z,21561.0,21561.0,False,False,False,
2023-07-22T08:00:00Z,20772.0,20772.0,False,False,False,
2023-07-22T09:00:00Z,20250.0,20250.0,False,False,False,
2023-07-22T10:00:00Z,19779.0,19779.0,False,False,False,
2023-07-22T11:00:00Z,19623.0,19623.0,False,False,False,
2023-07-22T12:00:00Z,19212.0,19212.0,False,False,False,
2023-07-22T13:00:00Z,19637.0,19637.0,False,False,False,
2023-07-22T14:00:00Z,20911.0,20911.0,False,False,False,
2023-07-22T15:00:00Z,22535.0,22535.0,False,False,False,
2023-07-22T16:00:00Z,24095.0,24095.0,False,False,False,
2023-07-22T17:00:00Z,25675.0,25675.0,False,False,False,
2023-07-22T18:00:00Z,26886.0,26886.0,False,False,False,
2023-07-22T19:00:00Z,27682.0,27682.0,False,False,False,
2023-07-22T20:00:00Z,28176.0,28176.0,False,False,False,
2023-07-22T21:00:00Z,28369.0,28369.0,False,False,False,
2023-07-22T22:00:00Z,28520.0,28520.0,False,False,False,
2023-07-22T23:00:00Z,27981.0,27981.0,False,False,False,
2023-07-23T00:00:00Z,26929.0,26929.0,False,False,False,
2023-07-23T01:00:00Z,25609.0,25609.0,False,False,False,
2023-07-23T02:00:00Z,24516.0,24516.0,False,False,False,
2023-07-23T03:00:00Z,23537.0,23537.0,False,False,False,
2023-07-23T04:00:00Z,22339.0,22339.0,False,False,False,
2023-07-23T05:00:00Z,21185.0,21185.0,False,False,False,
2023-07-23T06:00:00Z,20205.0,20205.0,False,False,False,
2023-07-23T07:00:00Z,19278.0,19278.0,False,False,False,
2023-07-23T08:00:00Z,18615.0,18615.0,False,False,False,
2023-07-23T09:00:00Z,18247.0,18247.0,False,False,False,
2023-07-23T10:00:00Z,17791.0,17791.0,False,False,False,
2023-07-23T11:00:00Z,17802.0,17802.0,False,False,False,
2023-07-23T12:00:00Z,17574.0,17574.0,False,False,False,
2023-07-23T13:00:00Z,17931.0,17931.0,False,False,False,
2023-07-23T14:00:00Z,19080.0,19080.0,False,False,False,
2023-07-23T15:00:00Z,20387.0,20387.0,False,False,False,
2023-07-23T16:00:00Z,21755.0,21755.0,False,False,False,
2023-07-23T17:00:00Z,23301.0,23301.0,False,False,False,
2023-07-23T18:00:00Z,24919.0,24919.0,False,False,False,
2023-07-23T19:00:00Z,26156.0,26156.0,False,False,False,
2023-07-23T20:00:00Z,27190.0,27190.0,False,False,False,
2023-07-23T21:00:00Z,27794.0,27794.0,False,False,False,
2023-07-23T22:00:00Z,28132.0,28132.0,False,False,False,
2023-07-23T23:00:00Z,28190.0,28190.0,False,False,False,
2023-07-24T00:00:00Z,27714.0,27714.0,False,False,False,
2023-07-24T01:00:00Z,26700.0,26700.0,False,False,False,
2023-07-24T02:00:00Z,25652.0,25652.0,False,False,False,
2023-07-24T03:00:00Z,24612.0,24612.0,False,False,False,
2023-07-24T04:00:00Z,23250.0,23250.0,False,False,False,
2023-07-24T05:00:00Z,21678.0,21678.0,False,False,False,
2023-07-24T06:00:00Z,20462.0,20462.0,False,False,False,
2023-07-24T07:00:00Z,19468.0,19468.0,False,False,False,
2023-07-24T08:00:00Z,18790.0,18790.0,False,False,False,
2023-07-24T09:00:00Z,18268.0,18268.0,False,False,False,
2023-07-24T10:00:00Z,18014.0,18014.0,False,False,False,
2023-07-24T11:00:00Z,18288.0,18288.0,False,False,False,
2023-07-24T12:00:00Z,18672.0,18672.0,False,False,False,
2023-07-24T13:00:00Z,19251.0,19251.0,False,False,False,
2023-07-24T14:00:00Z,20512.0,20512.0,False,False,False,
2023-07-24T15:00:00Z,22258.0,22258.0,False,False,False,
2023-07-24T16:00:00Z,23958.0,23958.0,False,False,False,
2023-07-24T17:00:00Z,25642.0,25642.0,False,False,False,
2023-07-24T18:00:00Z,27212.0,27212.0,False,False,False,
2023-07-24T19:00:00Z,28573.0,28573.0,False,False,False,
2023-07-24T20:00:00Z,29429.0,29429.0,False,False,False,
2023-07-24T21:00:00Z,29807.0,29807.0,False,False,False,
2023-07-24T22:00:00Z,29907.0,29907.0,False,False,False,
2023-07-24T23:00:00Z,29819.0,29819.0,False,False,False,
2023-07-25T00:00:00Z,29401.0,29401.0,False,False,False,
2023-07-25T01:00:00Z,28399.0,28399.0,False,False,False,
2023-07-25T02:00:00Z,27197.0,27197.0,False,False,False,
2023-07-25T03:00:00Z,26064.0,26064.0,False,False,False,
2023-07-25T04:00:00Z,24458.0,24458.0,False,False,False,
2023-07-25T05:00:00Z,22929.0,22929.0,False,False,False,
2023-07-25T06:00:00Z,21521.0,21521.0,False,False,False,
2023-07-25T07:00:00Z,20532.0,20532.0,False,False,False,
2023-07-25T08:00:00Z,19759.0,19759.0,False,False,False,
2023-07-25T09:00:00Z,19192.0,19192.0,False,False,False,
2023-07-25T10:00:00Z,18894.0,18894.0,False,False,False,
2023-07-25T11:00:00Z,19039.0,19039.0,False,False,False,
2023-07-25T12:00:00Z,19325.0,19325.0,False,False,False,
2023-07-25T13:00:00Z,19891.0,19891.0,False,False,False,
2023-07-25T14:00:00Z,21178.0,21178.0,False,False,False,
2023-07-25T15:00:00Z,22870.0,22870.0,False,False,False,
2023-07-25T16:00:00Z,24675.0,24675.0,False,False,False,
2023-07-25T17:00:00Z,26296.0,26296.0,False,False,False,
2023-07-25T18:00:00Z,27725.0,27725.0,False,False,False,
2023-07-25T19:00:00Z,28936.0,28936.0,False,False,False,
2023-07-25T20:00:00Z,29846.0,29846.0,False,False,False,
2023-07-25T21:00:00Z,30430.0,30430.0,False,False,False,
2023-07-25T22:00:00Z,30581.0,30581.0,False,False,False,
2023-07-25T23:00:00Z,30409.0,30409.0,False,False,False,
2023-07-26T00:00:00Z,29873.0,29873.0,False,False,False,
2023-07-26T01:00:00Z,28774.0,28774.0,False,False,False,
2023-07-26T02:00:00Z,27696.0,27696.0,False,False,False,
2023-07-26T03:00:00Z,26451.0,26451.0,False,False,False,
2023-07-26T04:00:00Z,24905.0,24905.0,False,False,False,
2023-07-26T05:00:00Z,23227.0,23227.0,False,False,False,
2023-07-26T06:00:00Z,21965.0,21965.0,False,False,False,
2023-07-26T07:00:00Z,20796.0,20796.0,False,False,False,
2023-07-26T08:00:00Z,20119.0,20119.0,False,False,False,
2023-07-26T09:00:00Z,19549.0,19549.0,False,False,False,
2023-07-26T10:00:00Z,19229.0,19229.0,False,False,False,
2023-07-26T11:00:00Z,19328.0,19328.0,False,False,False,
2023-07-26T12:00:00Z,19538.0,19538.0,False,False,False,
2023-07-26T13:00:00Z,20142.0,20142.0,False,False,False,
2023-07-26T14:00:00Z,21222.0,21222.0,False,False,False,
2023-07-26T15:00:00Z,22763.0,22763.0,False,False,False,
2023-07-26T16:00:00Z,24428.0,24428.0,False,False,False,
2023-07-26T17:00:00Z,26065.0,26065.0,False,False,False,
2023-07-26T18:00:00Z,27526.0,27526.0,False,False,False,
2023-07-26T19:00:00Z,28910.0,28910.0,False,False,False,
2023-07-26T20:00:00Z,29895.0,29895.0,False,False,False,
2023-07-26T21:00:00Z,30513.0,30513.0,False,False,False,
2023-07-26T22:00:00Z,30735.0,30735.0,False,False,False,
2023-07-26T23:00:00Z,30581.0,30581.0,False,False,False,
2023-07-27T00:00:00Z,29834.0,29834.0,False,False,False,
2023-07-27T01:00:00Z,28794.0,28794.0,False,False,False,
2023-07-27T02:00:00Z,27703.0,27703.0,False,False,False,
2023-07-27T03:00:00Z,26465.0,26465.0,False,False,False,
2023-07-27T04:00:00Z,24990.0,24990.0,False,False,False,
2023-07-27T05:00:00Z,23466.0,23466.0,False,False,False,
2023-07-27T06:00:00Z,22174.0,22174.0,False,False,False,
2023-07-27T07:00:00Z,21117.0,21117.0,False,False,False,
2023-07-27T08:00:00Z,20438.0,20438.0,False,False,False,
2023-07-27T09:00:00Z,19918.0,19918.0,False,False,False,
2023-07-27T10:00:00Z,19662.0,19662.0,False,False,False,
2023-07-27T11:00:00Z,19787.0,19787.0,False,False,False,
2023-07-27T12:00:00Z,20115.0,20115.0,False,False,False,
2023-07-27T13:00:00Z,20609.0,20609.0,False,False,False,
2023-07-27T14:00:00Z,21899.0,21899.0,False,False,False,
2023-07-27T15:00:00Z,23615.0,23615.0,False,False,False,
2023-07-27T16:00:00Z,25480.0,25480.0,False,False,False,
2023-07-27T17:00:00Z,27368.0,27368.0,False,False,False,
2023-07-27T18:00:00Z,28864.0,28864.0,False,False,False,
2023-07-27T19:00:00Z,29929.0,29929.0,False,False,False,
2023-07-27T20:00:00Z,30527.0,30527.0,False,False,False,
2023-07-27T21:00:00Z,30846.0,30846.0,False,False,False,
2023-07-27T22:00:00Z,31087.0,31087.0,False,False,False,
2023-07-27T23:00:00Z,30743.0,30743.0,False,False,False,
2023-07-28T00:00:00Z,30226.0,30226.0,False,False,False,
2023-07-28T01:00:00Z,29278.0,29278.0,False,False,False,
2023-07-28T02:00:00Z,28242.0,28242.0,False,False,False,
2023-07-28T03:00:00Z,27132.0,27132.0,False,False,False,
2023-07-28T04:00:00Z,25395.0,25395.0,False,False,False,
2023-07-28T05:00:00Z,23665.0,23665.0,False,False,False,
2023-07-28T06:00:00Z,22334.0,22334.0,False,False,False,
2023-07-28T07:00:00Z,21340.0,21340.0,False,False,False,
2023-07-28T08:00:00Z,20623.0,20623.0,False,False,False,
2023-07-28T09:00:00Z,20077.0,20077.0,False,False,False,
2023-07-28T10:00:00Z,19743.0,19743.0,False,False,False,
2023-07-28T11:00:00Z,19809.0,19809.0,False,False,False,
2023-07-28T12:00:00Z,19978.0,19978.0,False,False,False,
2023-07-28T13:00:00Z,20384.0,20384.0,False,False,False,
2023-07-28T14:00:00Z,21762.0,21762.0,False,False,False,
2023-07-28T15:00:00Z,23508.0,23508.0,False,False,False,
2023-07-28T16:00:00Z,25421.0,25421.0,False,False,False,
2023-07-28T17:00:00Z,27312.0,27312.0,False,False,False,
2023-07-28T18:00:00Z,28813.0,28813.0,False,False,False,
2023-07-28T19:00:00Z,30021.0,30021.0,False,False,False,
2023-07-28T20:00:00Z,30656.0,30656.0,False,False,False,
2023-07-28T21:00:00Z,31125.0,31125.0,False,False,False,
2023-07-28T22:00:00Z,31250.0,31250.0,False,False,False,
2023-07-28T23:00:00Z,30818.0,30818.0,False,False,False,
2023-07-29T00:00:00Z,30073.0,30073.0,False,False,False,
2023-07-29T01:00:00Z,28978.0,28978.0,False,False,False,
2023-07-29T02:00:00Z,28023.0,28023.0,False,False,False,
2023-07-29T03:00:00Z,26969.0,26969.0,False,False,False,
2023-07-29T04:00:00Z,25567.0,25567.0,False,False,False,
2023-07-29T05:00:00Z,24077.0,24077.0,False,False,False,
2023-07-29T06:00:00Z,22764.0,22764.0,False,False,False,
2023-07-29T07:00:00Z,21654.0,21654.0,False,False,False,
2023-07-29T08:00:00Z,20910.0,20910.0,False,False,False,
2023-07-29T09:00:00Z,20212.0,20212.0,False,False,False,
2023-07-29T10:00:00Z,19750.0,19750.0,False,False,False,
2023-07-29T11:00:00Z,19579.0,19579.0,False,False,False,
2023-07-29T12:00:00Z,19317.0,19317.0,False,False,False,
2023-07-29T13:00:00Z,19563.0,19563.0,False,False,False,
2023-07-29T14:00:00Z,20994.0,20994.0,False,False,False,
2023-07-29T15:00:00Z,22983.0,22983.0,False,False,False,
2023-07-29T16:00:00Z,25150.0,25150.0,False,False,False,
2023-07-29T17:00:00Z,27154.0,27154.0,False,False,False,
2023-07-29T18:00:00Z,28562.0,28562.0,False,False,False,
2023-07-29T19:00:00Z,29669.0,29669.0,False,False,False,
2023-07-29T20:00:00Z,30426.0,30426.0,False,False,False,
2023-07-29T21:00:00Z,30462.0,30462.0,False,False,False,
2023-07-29T22:00:00Z,30686.0,30686.0,False,False,False,
2023-07-29T23:00:00Z,30487.0,30487.0,False,False,False,
2023-07-30T00:00:00Z,30037.0,30037.0,False,False,False,
2023-07-30T01:00:00Z,29048.0,29048.0,False,False,False,
2023-07-30T02:00:00Z,27941.0,27941.0,False,False,False,
2023-07-30T03:00:00Z,26957.0,26957.0,False,False,False,
2023-07-30T04:00:00Z,25434.0,25434.0,False,False,False,
2023-07-30T05:00:00Z,24105.0,24105.0,False,False,False,
2023-07-30T06:00:00Z,22811.0,22811.0,False,False,False,
2023-07-30T07:00:00Z,21849.0,21849.0,False,False,False,
2023-07-30T08:00:00Z,20999.0,20999.0,False,False,False,
2023-07-30T09:00:00Z,20306.0,20306.0,False,False,False,
2023-07-30T10:00:00Z,19899.0,19899.0,False,False,False,
2023-07-30T11:00:00Z,19661.0,19661.0,False,False,False,
2023-07-30T12:00:00Z,19382.0,19382.0,False,False,False,
2023-07-30T13:00:00Z,19741.0,19741.0,False,False,False,
2023-07-30T14:00:00Z,21252.0,21252.0,False,False,False,
2023-07-30T15:00:00Z,23040.0,23040.0,False,False,False,
2023-07-30T16:00:00Z,25007.0,25007.0,False,False,False,
2023-07-30T17:00:00Z,26945.0,26945.0,False,False,False,
2023-07-30T18:00:00Z,28488.0,28488.0,False,False,False,
2023-07-30T19:00:00Z,29740.0,29740.0,False,False,False,
2023-07-30T20:00:00Z,30555.0,30555.0,False,False,False,
2023-07-30T21:00:00Z,31196.0,31196.0,False,False,False,
2023-07-30T22:00:00Z,31583.0,31583.0,False,False,False,
2023-07-30T23:00:00Z,31500.0,31500.0,False,False,False,
2023-07-31T00:00:00Z,31046.0,31046.0,False,False,False,
2023-07-31T01:00:00Z,30117.0,30117.0,False,False,False,
2023-07-31T02:00:00Z,29159.0,29159.0,False,False,False,
2023-07-31T03:00:00Z,28080.0,28080.0,False,False,False,
2023-07-31T04:00:00Z,26307.0,26307.0,False,False,False,
2023-07-31T05:00:00Z,24643.0,24643.0,False,False,False,
2023-07-31T06:00:00Z,23304.0,23304.0,False,False,False,
2023-07-31T07:00:00Z,22227.0,22227.0,False,False,False,
2023-07-31T08:00:00Z,21418.0,21418.0,False,False,False,
2023-07-31T09:00:00Z,20677.0,20677.0,False,False,False,
2023-07-31T10:00:00Z,20447.0,20447.0,False,False,False,
2023-07-31T11:00:00Z,20696.0,20696.0,False,False,False,
2023-07-31T12:00:00Z,20936.0,20936.0,False,False,False,
2023-07-31T13:00:00Z,21312.0,21312.0,False,False,False,
2023-07-31T14:00:00Z,22383.0,22383.0,False,False,False,
2023-07-31T15:00:00Z,23824.0,23824.0,False,False,False,
2023-07-31T16:00:00Z,25565.0,25565.0,False,False,False,
2023-07-31T17:00:00Z,27406.0,27406.0,False,False,False,
2023-07-31T18:00:00Z,28854.0,28854.0,False,False,False,
2023-07-31T19:00:00Z,30135.0,30135.0,False,False,False,
2023-07-31T20:00:00Z,31176.0,31176.0,False,False,False,
2023-07-31T21:00:00Z,31671.0,31671.0,False,False,False,
2023-07-31T22:00:00Z,31713.0,31713.0,False,False,False,
2023-07-31T23:00:00Z,30925.0,30925.0,False,False,False,
2023-08-01T00:00:00Z,30228.0,30228.0,False,False,False,
2023-08-01T01:00:00Z,29253.0,29253.0,False,False,False,
2023-08-01T02:00:00Z,28405.0,28405.0,False,False,False,
2023-08-01T03:00:00Z,27252.0,27252.0,False,False,False,
2023-08-01T04:00:00Z,25725.0,25725.0,False,False,False,
2023-08-01T05:00:00Z,24238.0,24238.0,False,False,False,
2023-08-01T06:00:00Z,22917.0,22917.0,False,False,False,
2023-08-01T07:00:00Z,21898.0,21898.0,False,False,False,
2023-08-01T08:00:00Z,21176.0,21176.0,False,False,False,
2023-08-01T09:00:00Z,20619.0,20619.0,False,False,False,
2023-08-01T10:00:00Z,20312.0,20312.0,False,False,False,
2023-08-01T11:00:00Z,20480.0,20480.0,False,False,False,
2023-08-01T12:00:00Z,20852.0,20852.0,False,False,False,
2023-08-01T13:00:00Z,21208.0,21208.0,False,False,False,
2023-08-01T14:00:00Z,22138.0,22138.0,False,False,False,
2023-08-01T15:00:00Z,23712.0,23712.0,False,False,False,
2023-08-01T16:00:00Z,25554.0,25554.0,False,False,False,
2023-08-01T17:00:00Z,27310.0,27310.0,False,False,False,
2023-08-01T18:00:00Z,28947.0,28947.0,False,False,False,
2023-08-01T19:00:00Z,30252.0,30252.0,False,False,False,
2023-08-01T20:00:00Z,31178.0,31178.0,False,False,False,
2023-08-01T21:00:00Z,31616.0,31616.0,False,False,False,
2023-08-01T22:00:00Z,31866.0,31866.0,False,False,False,
2023-08-01T23:00:00Z,31556.0,31556.0,False,False,False,
2023-08-02T00:00:00Z,31037.0,31037.0,False,False,False,
2023-08-02T01:00:00Z,30060.0,30060.0,False,False,False,
2023-08-02T02:00:00Z,29198.0,29198.0,False,False,False,
2023-08-02T03:00:00Z,28066.0,28066.0,False,False,False,
2023-08-02T04:00:00Z,26363.0,26363.0,False,False,False,
2023-08-02T05:00:00Z,24912.0,24912.0,False,False,False,
2023-08-02T06:00:00Z,23582.0,23582.0,False,False,False,
2023-08-02T07:00:00Z,22527.0,22527.0,False,False,False,
2023-08-02T08:00:00Z,21777.0,21777.0,False,False,False,
2023-08-02T09:00:00Z,21265.0,21265.0,False,False,False,
2023-08-02T10:00:00Z,20892.0,20892.0,False,False,False,
2023-08-02T11:00:00Z,20814.0,20814.0,False,False,False,
2023-08-02T12:00:00Z,21108.0,21108.0,False,False,False,
2023-08-02T13:00:00Z,21548.0,21548.0,False,False,False,
2023-08-02T14:00:00Z,22661.0,22661.0,False,False,False,
2023-08-02T15:00:00Z,24367.0,24367.0,False,False,False,
2023-08-02T16:00:00Z,26374.0,26374.0,False,False,False,
2023-08-02T17:00:00Z,28045.0,28045.0,False,False,False,
2023-08-02T18:00:00Z,29532.0,29532.0,False,False,False,
2023-08-02T19:00:00Z,30988.0,30988.0,False,False,False,
2023-08-02T20:00:00Z,31768.0,31768.0,False,False,False,
2023-08-02T21:00:00Z,32070.0,32070.0,False,False,False,
2023-08-02T22:00:00Z,31952.0,31952.0,False,False,False,
2023-08-02T23:00:00Z,31371.0,31371.0,False,False,False,
2023-08-03T00:00:00Z,30570.0,30570.0,False,False,False,
2023-08-03T01:00:00Z,29732.0,29732.0,False,False,False,
2023-08-03T02:00:00Z,28913.0,28913.0,False,False,False,
2023-08-03T03:00:00Z,27646.0,27646.0,False,False,False,
2023-08-03T04:00:00Z,26161.0,26161.0,False,False,False,
2023-08-03T05:00:00Z,24654.0,24654.0,False,False,False,
2023-08-03T06:00:00Z,23593.0,23593.0,False,False,False,
2023-08-03T07:00:00Z,22675.0,22675.0,False,False,False,
2023-08-03T08:00:00Z,21979.0,21979.0,False,False,False,
2023-08-03T09:00:00Z,21426.0,21426.0,False,False,False,
2023-08-03T10:00:00Z,21173.0,21173.0,False,False,False,
2023-08-03T11:00:00Z,21316.0,21316.0,False,False,False,
2023-08-03T12:00:00Z,21559.0,21559.0,False,False,False,
2023-08-03T13:00:00Z,21946.0,21946.0,False,False,False,
2023-08-03T14:00:00Z,23162.0,23162.0,False,False,False,
2023-08-03T15:00:00Z,25037.0,25037.0,False,False,False,
2023-08-03T16:00:00Z,26908.0,26908.0,False,False,False,
2023-08-03T17:00:00Z,28566.0,28566.0,False,False,False,
2023-08-03T18:00:00Z,30102.0,30102.0,False,False,False,
2023-08-03T19:00:00Z,31181.0,31181.0,False,False,False,
2023-08-03T20:00:00Z,31786.0,31786.0,False,False,False,
2023-08-03T21:00:00Z,32380.0,32380.0,False,False,False,
2023-08-03T22:00:00Z,32721.0,32721.0,False,False,False,
2023-08-03T23:00:00Z,32415.0,32415.0,False,False,False,
2023-08-04T00:00:00Z,32068.0,32068.0,False,False,False,
2023-08-04T01:00:00Z,31259.0,31259.0,False,False,False,
2023-08-04T02:00:00Z,30464.0,30464.0,False,False,False,
2023-08-04T03:00:00Z,29369.0,29369.0,False,False,False,
2023-08-04T04:00:00Z,27853.0,27853.0,False,False,False,
2023-08-04T05:00:00Z,26214.0,26214.0,False,False,False,
2023-08-04T06:00:00Z,24815.0,24815.0,False,False,False,
2023-08-04T07:00:00Z,23810.0,23810.0,False,False,False,
2023-08-04T08:00:00Z,22908.0,22908.0,False,False,False,
2023-08-04T09:00:00Z,22402.0,22402.0,False,False,False,
2023-08-04T10:00:00Z,22076.0,22076.0,False,False,False,
2023-08-04T11:00:00Z,22067.0,22067.0,False,False,False,
2023-08-04T12:00:00Z,22128.0,22128.0,False,False,False,
2023-08-04T13:00:00Z,22447.0,22447.0,False,False,False,
2023-08-04T14:00:00Z,23644.0,23644.0,False,False,False,
2023-08-04T15:00:00Z,25445.0,25445.0,False,False,False,
2023-08-04T16:00:00Z,26989.0,26989.0,False,False,False,
2023-08-04T17:00:00Z,28617.0,28617.0,False,False,False,
2023-08-04T18:00:00Z,29890.0,29890.0,False,False,False,
2023-08-04T19:00:00Z,31076.0,31076.0,False,False,False,
2023-08-04T20:00:00Z,31880.0,31880.0,False,False,False,
2023-08-04T21:00:00Z,32286.0,32286.0,False,False,False,
2023-08-04T22:00:00Z,32260.0,32260.0,False,False,False,
2023-08-04T23:00:00Z,31758.0,31758.0,False,False,False,
2023-08-05T00:00:00Z,31217.0,31217.0,False,False,False,
2023-08-05T01:00:00Z,30234.0,30234.0,False,False,False,
2023-08-05T02:00:00Z,29297.0,29297.0,False,False,False,
2023-08-05T03:00:00Z,28281.0,28281.0,False,False,False,
2023-08-05T04:00:00Z,26912.0,26912.0,False,False,False,
2023-08-05T05:00:00Z,25495.0,25495.0,False,False,False,
2023-08-05T06:00:00Z,24253.0,24253.0,False,False,False,
2023-08-05T07:00:00Z,23209.0,23209.0,False,False,False,
2023-08-05T08:00:00Z,22460.0,22460.0,False,False,False,
2023-08-05T09:00:00Z,21895.0,21895.0,False,False,False,
2023-08-05T10:00:00Z,21465.0,21465.0,False,False,False,
2023-08-05T11:00:00Z,21291.0,21291.0,False,False,False,
2023-08-05T12:00:00Z,21053.0,21053.0,False,False,False,
2023-08-05T13:00:00Z,21357.0,21357.0,False,False,False,
2023-08-05T14:00:00Z,22791.0,22791.0,False,False,False,
2023-08-05T15:00:00Z,24709.0,24709.0,False,False,False,
2023-08-05T16:00:00Z,26695.0,26695.0,False,False,False,
2023-08-05T17:00:00Z,28548.0,28548.0,False,False,False,
2023-08-05T18:00:00Z,29897.0,29897.0,False,False,False,
2023-08-05T19:00:00Z,30745.0,30745.0,False,False,False,
2023-08-05T20:00:00Z,31303.0,31303.0,False,False,False,
2023-08-05T21:00:00Z,31402.0,31402.0,False,False,False,
2023-08-05T22:00:00Z,31208.0,31208.0,False,False,False,
2023-08-05T23:00:00Z,30962.0,30962.0,False,False,False,
2023-08-06T00:00:00Z,30653.0,30653.0,False,False,False,
2023-08-06T01:00:00Z,29773.0,29773.0,False,False,False,
2023-08-06T02:00:00Z,28952.0,28952.0,False,False,False,
2023-08-06T03:00:00Z,27892.0,27892.0,False,False,False,
2023-08-06T04:00:00Z,26532.0,26532.0,False,False,False,
2023-08-06T05:00:00Z,25139.0,25139.0,False,False,False,
2023-08-06T06:00:00Z,23990.0,23990.0,False,False,False,
2023-08-06T07:00:00Z,22982.0,22982.0,False,False,False,
2023-08-06T08:00:00Z,22136.0,22136.0,False,False,False,
2023-08-06T09:00:00Z,21497.0,21497.0,False,False,False,
2023-08-06T10:00:00Z,21092.0,21092.0,False,False,False,
2023-08-06T11:00:00Z,20922.0,20922.0,False,False,False,
2023-08-06T12:00:00Z,20607.0,20607.0,False,False,False,
2023-08-06T13:00:00Z,20975.0,20975.0,False,False,False,
2023-08-06T14:00:00Z,22230.0,22230.0,False,False,False,
2023-08-06T15:00:00Z,23855.0,23855.0,False,False,False,
2023-08-06T16:00:00Z,25391.0,25391.0,False,False,False,
2023-08-06T17:00:00Z,26754.0,26754.0,False,False,False,
2023-08-06T18:00:00Z,28092.0,28092.0,False,False,False,
2023-08-06T19:00:00Z,29293.0,29293.0,False,False,False,
2023-08-06T20:00:00Z,30168.0,30168.0,False,False,False,
2023-08-06T21:00:00Z,30769.0,30769.0,False,False,False,
2023-08-06T22:00:00Z,31031.0,31031.0,False,False,False,
2023-08-06T23:00:00Z,31223.0,31223.0,False,False,False,
2023-08-07T00:00:00Z,30819.0,30819.0,False,False,False,
2023-08-07T01:00:00Z,29906.0,29906.0,False,False,False,
2023-08-07T02:00:00Z,28970.0,28970.0,False,False,False,
2023-08-07T03:00:00Z,27777.0,27777.0,False,False,False,
2023-08-07T04:00:00Z,26287.0,26287.0,False,False,False,
2023-08-07T05:00:00Z,24818.0,24818.0,False,False,False,
2023-08-07T06:00:00Z,23594.0,23594.0,False,False,False,
2023-08-07T07:00:00Z,22603.0,22603.0,False,False,False,
2023-08-07T08:00:00Z,21865.0,21865.0,False,False,False,
2023-08-07T09:00:00Z,21416.0,21416.0,False,False,False,
2023-08-07T10:00:00Z,21290.0,21290.0,False,False,False,
2023-08-07T11:00:00Z,21438.0,21438.0,False,False,False,
2023-08-07T12:00:00Z,21737.0,21737.0,False,False,False,
2023-08-07T13:00:00Z,22278.0,22278.0,False,False,False,
2023-08-07T14:00:00Z,23404.0,23404.0,False,False,False,
2023-08-07T15:00:00Z,24760.0,24760.0,False,False,False,
2023-08-07T16:00:00Z,26198.0,26198.0,False,False,False,
2023-08-07T17:00:00Z,27448.0,27448.0,False,False,False,
2023-08-07T18:00:00Z,28335.0,28335.0,False,False,False,
2023-08-07T19:00:00Z,29258.0,29258.0,False,False,False,
2023-08-07T20:00:00Z,30013.0,30013.0,False,False,False,
2023-08-07T21:00:00Z,30447.0,30447.0,False,False,False,
2023-08-07T22:00:00Z,30716.0,30716.0,False,False,False,
2023-08-07T23:00:00Z,30703.0,30703.0,False,False,False,
2023-08-08T00:00:00Z,30317.0,30317.0,False,False,False,
2023-08-08T01:00:00Z,29435.0,29435.0,False,False,False,
2023-08-08T02:00:00Z,28523.0,28523.0,False,False,False,
2023-08-08T03:00:00Z,27320.0,27320.0,False,False,False,
2023-08-08T04:00:00Z,25794.0,25794.0,False,False,False,
2023-08-08T05:00:00Z,24210.0,24210.0,False,False,False,
2023-08-08T06:00:00Z,22986.0,22986.0,False,False,False,
2023-08-08T07:00:00Z,21981.0,21981.0,False,False,False,
2023-08-08T08:00:00Z,21446.0,21446.0,False,False,False,
2023-08-08T09:00:00Z,20848.0,20848.0,False,False,False,
2023-08-08T10:00:00Z,20622.0,20622.0,False,False,False,
2023-08-08T11:00:00Z,20773.0,20773.0,False,False,False,
2023-08-08T12:00:00Z,21210.0,21210.0,False,False,False,
2023-08-08T13:00:00Z,21498.0,21498.0,False,False,False,
2023-08-08T14:00:00Z,22292.0,22292.0,False,False,False,
2023-08-08T15:00:00Z,23468.0,23468.0,False,False,False,
2023-08-08T16:00:00Z,24752.0,24752.0,False,False,False,
2023-08-08T17:00:00Z,25764.0,25764.0,False,False,False,
2023-08-08T18:00:00Z,26650.0,26650.0,False,False,False,
2023-08-08T19:00:00Z,27576.0,27576.0,False,False,False,
2023-08-08T20:00:00Z,28283.0,28283.0,False,False,False,
2023-08-08T21:00:00Z,28687.0,28687.0,False,False,False,
2023-08-08T22:00:00Z,29108.0,29108.0,False,False,False,
2023-08-08T23:00:00Z,29266.0,29266.0,False,False,False,
2023-08-09T00:00:00Z,29048.0,29048.0,False,False,False,
2023-08-09T01:00:00Z,28290.0,28290.0,False,False,False,
2023-08-09T02:00:00Z,27554.0,27554.0,False,False,False,
2023-08-09T03:00:00Z,26545.0,26545.0,False,False,False,
2023-08-09T04:00:00Z,25096.0,25096.0,False,False,False,
2023-08-09T05:00:00Z,23651.0,23651.0,False,False,False,
2023-08-09T06:00:00Z,22419.0,22419.0,False,False,False,
2023-08-09T07:00:00Z,21451.0,21451.0,False,False,False,
2023-08-09T08:00:00Z,20874.0,20874.0,False,False,False,
2023-08-09T09:00:00Z,20556.0,20556.0,False,False,False,
2023-08-09T10:00:00Z,20272.0,20272.0,False,False,False,
2023-08-09T11:00:00Z,20436.0,20436.0,False,False,False,
2023-08-09T12:00:00Z,20930.0,20930.0,False,False,False,
2023-08-09T13:00:00Z,21188.0,21188.0,False,False,False,
2023-08-09T14:00:00Z,22210.0,22210.0,False,False,False,
2023-08-09T15:00:00Z,23699.0,23699.0,False,False,False,
2023-08-09T16:00:00Z,25286.0,25286.0,False,False,False,
2023-08-09T17:00:00Z,26954.0,26954.0,False,False,False,
2023-08-09T18:00:00Z,28275.0,28275.0,False,False,False,
2023-08-09T19:00:00Z,29161.0,29161.0,False,False,False,
2023-08-09T20:00:00Z,29968.0,29968.0,False,False,False,
2023-08-09T21:00:00Z,30550.0,30550.0,False,False,False,
2023-08-09T22:00:00Z,30740.0,30740.0,False,False,False,
2023-08-09T23:00:00Z,30701.0,30701.0,False,False,False,
2023-08-10T00:00:00Z,30248.0,30248.0,False,False,False,
2023-08-10T01:00:00Z,29343.0,29343.0,False,False,False,
2023-08-10T02:00:00Z,28492.0,28492.0,False,False,False,
2023-08-10T03:00:00Z,27307.0,27307.0,False,False,False,
2023-08-10T04:00:00Z,25934.0,25934.0,False,False,False,
2023-08-10T05:00:00Z,24422.0,24422.0,False,False,False,
2023-08-10T06:00:00Z,23240.0,23240.0,False,False,False,
2023-08-10T07:00:00Z,22336.0,22336.0,False,False,False,
2023-08-10T08:00:00Z,21723.0,21723.0,False,False,False,
2023-08-10T09:00:00Z,21044.0,21044.0,False,False,False,
2023-08-10T10:00:00Z,20911.0,20911.0,False,False,False,
2023-08-10T11:00:00Z,21148.0,21148.0,False,False,False,
2023-08-10T12:00:00Z,21538.0,21538.0,False,False,False,
2023-08-10T13:00:00Z,21743.0,21743.0,False,False,False,
2023-08-10T14:00:00Z,22801.0,22801.0,False,False,False,
2023-08-10T15:00:00Z,24145.0,24145.0,False,False,False,
2023-08-10T16:00:00Z,25712.0,25712.0,False,False,False,
2023-08-10T17:00:00Z,27342.0,27342.0,False,False,False,
2023-08-10T18:00:00Z,28757.0,28757.0,False,False,False,
2023-08-10T19:00:00Z,29831.0,29831.0,False,False,False,
2023-08-10T20:00:00Z,30623.0,30623.0,False,False,False,
2023-08-10T21:00:00Z,31402.0,31402.0,False,False,False,
2023-08-10T22:00:00Z,31557.0,31557.0,False,False,False,
2023-08-10T23:00:00Z,31348.0,31348.0,False,False,False,
2023-08-11T00:00:00Z,30804.0,30804.0,False,False,False,
2023-08-11T01:00:00Z,29921.0,29921.0,False,False,False,
2023-08-11T02:00:00Z,29049.0,29049.0,False,False,False,
2023-08-11T03:00:00Z,27873.0,27873.0,False,False,False,
2023-08-11T04:00:00Z,26350.0,26350.0,False,False,False,
2023-08-11T05:00:00Z,24835.0,24835.0,False,False,False,
2023-08-11T06:00:00Z,23511.0,23511.0,False,False,False,
2023-08-11T07:00:00Z,22435.0,22435.0,False,False,False,
2023-08-11T08:00:00Z,21733.0,21733.0,False,False,False,
2023-08-11T09:00:00Z,21271.0,21271.0,False,False,False,
2023-08-11T10:00:00Z,21098.0,21098.0,False,False,False,
2023-08-11T11:00:00Z,21356.0,21356.0,False,False,False,
2023-08-11T12:00:00Z,21778.0,21778.0,False,False,False,
2023-08-11T13:00:00Z,21949.0,21949.0,False,False,False,
2023-08-11T14:00:00Z,23079.0,23079.0,False,False,False,
2023-08-11T15:00:00Z,24629.0,24629.0,False,False,False,
2023-08-11T16:00:00Z,26397.0,26397.0,False,False,False,
2023-08-11T17:00:00Z,28128.0,28128.0,False,False,False,
2023-08-11T18:00:00Z,29585.0,29585.0,False,False,False,
2023-08-11T19:00:00Z,30893.0,30893.0,False,False,False,
2023-08-11T20:00:00Z,31714.0,31714.0,False,False,False,
2023-08-11T21:00:00Z,32150.0,32150.0,False,False,False,
2023-08-11T22:00:00Z,32258.0,32258.0,False,False,False,
2023-08-11T23:00:00Z,32063.0,32063.0,False,False,False,
2023-08-12T00:00:00Z,31447.0,31447.0,False,False,False,
2023-08-12T01:00:00Z,30356.0,30356.0,False,False,False,
2023-08-12T02:00:00Z,29433.0,29433.0,False,False,False,
2023-08-12T03:00:00Z,28364.0,28364.0,False,False,False,
2023-08-12T04:00:00Z,26929.0,26929.0,False,False,False,
2023-08-12T05:00:00Z,25474.0,25474.0,False,False,False,
2023-08-12T06:00:00Z,24115.0,24115.0,False,False,False,
2023-08-12T07:00:00Z,23192.0,23192.0,False,False,False,
2023-08-12T08:00:00Z,22524.0,22524.0,False,False,False,
2023-08-12T09:00:00Z,21909.0,21909.0,False,False,False,
2023-08-12T10:00:00Z,21569.0,21569.0,False,False,False,
2023-08-12T11:00:00Z,21304.0,21304.0,False,False,False,
2023-08-12T12:00:00Z,21105.0,21105.0,False,False,False,
2023-08-12T13:00:00Z,21263.0,21263.0,False,False,False,
2023-08-12T14:00:00Z,22663.0,22663.0,False,False,False,
2023-08-12T15:00:00Z,24285.0,24285.0,False,False,False,
2023-08-12T16:00:00Z,25996.0,25996.0,False,False,False,
2023-08-12T17:00:00Z,27637.0,27637.0,False,False,False,
2023-08-12T18:00:00Z,28920.0,28920.0,False,False,False,
2023-08-12T19:00:00Z,29915.0,29915.0,False,False,False,
2023-08-12T20:00:00Z,30440.0,30440.0,False,False,False,
2023-08-12T21:00:00Z,31063.0,31063.0,False,False,False,
2023-08-12T22:00:00Z,31468.0,31468.0,False,False,False,
2023-08-12T23:00:00Z,31361.0,31361.0,False,False,False,
2023-08-13T00:00:00Z,31011.0,31011.0,False,False,False,
2023-08-13T01:00:00Z,30037.0,30037.0,False,False,False,
2023-08-13T02:00:00Z,29088.0,29088.0,False,False,False,
2023-08-13T03:00:00Z,28027.0,28027.0,False,False,False,
2023-08-13T04:00:00Z,26648.0,26648.0,False,False,False,
2023-08-13T05:00:00Z,25085.0,25085.0,False,False,False,
2023-08-13T06:00:00Z,23889.0,23889.0,False,False,False,
2023-08-13T07:00:00Z,22952.0,22952.0,False,False,False,
2023-08-13T08:00:00Z,22219.0,22219.0,False,False,False,
2023-08-13T09:00:00Z,21555.0,21555.0,False,False,False,
2023-08-13T10:00:00Z,21171.0,21171.0,False,False,False,
2023-08-13T11:00:00Z,20760.0,20760.0,False,False,False,
2023-08-13T12:00:00Z,20590.0,20590.0,False,False,False,
2023-08-13T13:00:00Z,20867.0,20867.0,False,False,False,
2023-08-13T14:00:00Z,22238.0,22238.0,False,False,False,
2023-08-13T15:00:00Z,24008.0,24008.0,False,False,False,
2023-08-13T16:00:00Z,25540.0,25540.0,False,False,False,
2023-08-13T17:00:00Z,27141.0,27141.0,False,False,False,
2023-08-13T18:00:00Z,28755.0,28755.0,False,False,False,
2023-08-13T19:00:00Z,30029.0,30029.0,False,False,False,
2023-08-13T20:00:00Z,30946.0,30946.0,False,False,False,
2023-08-13T21:00:00Z,31438.0,31438.0,False,False,False,
2023-08-13T22:00:00Z,31807.0,31807.0,False,False,False,
2023-08-13T23:00:00Z,31839.0,31839.0,False,False,False,
2023-08-14T00:00:00Z,31321.0,31321.0,False,False,False,
2023-08-14T01:00:00Z,30408.0,30408.0,False,False,False,
2023-08-14T02:00:00Z,29498.0,29498.0,False,False,False,
2023-08-14T03:00:00Z,28180.0,28180.0,False,False,False,
2023-08-14T04:00:00Z,26549.0,26549.0,False,False,False,
2023-08-14T05:00:00Z,25042.0,25042.0,False,False,False,
2023-08-14T06:00:00Z,23741.0,23741.0,False,False,False,
2023-08-14T07:00:00Z,22667.0,22667.0,False,False,False,
2023-08-14T08:00:00Z,22000.0,22000.0,False,False,False,
2023-08-14T09:00:00Z,21346.0,21346.0,False,False,False,
2023-08-14T10:00:00Z,21085.0,21085.0,False,False,False,
2023-08-14T11:00:00Z,21271.0,21271.0,False,False,False,
2023-08-14T12:00:00Z,21539.0,21539.0,False,False,False,
2023-08-14T13:00:00Z,21820.0,21820.0,False,False,False,
2023-08-14T14:00:00Z,22812.0,22812.0,False,False,False,
2023-08-14T15:00:00Z,24428.0,24428.0,False,False,False,
2023-08-14T16:00:00Z,26262.0,26262.0,False,False,False,
2023-08-14T17:00:00Z,28136.0,28136.0,False,False,False,
2023-08-14T18:00:00Z,29798.0,29798.0,False,False,False,
2023-08-14T19:00:00Z,31136.0,31136.0,False,False,False,
2023-08-14T20:00:00Z,31898.0,31898.0,False,False,False,
2023-08-14T21:00:00Z,32461.0,32461.0,False,False,False,
2023-08-14T22:00:00Z,32645.0,32645.0,False,False,False,
2023-08-14T23:00:00Z,32327.0,32327.0,False,False,False,
2023-08-15T00:00:00Z,31758.0,31758.0,False,False,False,
2023-08-15T01:00:00Z,30616.0,30616.0,False,False,False,
2023-08-15T02:00:00Z,29660.0,29660.0,False,False,False,
2023-08-15T03:00:00Z,28452.0,28452.0,False,False,False,
2023-08-15T04:00:00Z,26669.0,26669.0,False,False,False,
2023-08-15T05:00:00Z,25028.0,25028.0,False,False,False,
2023-08-15T06:00:00Z,23757.0,23757.0,False,False,False,
2023-08-15T07:00:00Z,22690.0,22690.0,False,False,False,
2023-08-15T08:00:00Z,21765.0,21765.0,False,False,False,
2023-08-15T09:00:00Z,21127.0,21127.0,False,False,False,
2023-08-15T10:00:00Z,20857.0,20857.0,False,False,False,
2023-08-15T11:00:00Z,21242.0,21242.0,False,False,False,
2023-08-15T12:00:00Z,21598.0,21598.0,False,False,False,
2023-08-15T13:00:00Z,21803.0,21803.0,False,False,False,
2023-08-15T14:00:00Z,22520.0,22520.0,False,False,False,
2023-08-15T15:00:00Z,23570.0,23570.0,False,False,False,
2023-08-15T16:00:00Z,25206.0,25206.0,False,False,False,
2023-08-15T17:00:00Z,26643.0,26643.0,False,False,False,
2023-08-15T18:00:00Z,27988.0,27988.0,False,False,False,
2023-08-15T19:00:00Z,29157.0,29157.0,False,False,False,
2023-08-15T20:00:00Z,30020.0,30020.0,False,False,False,
2023-08-15T21:00:00Z,30438.0,30438.0,False,False,False,
2023-08-15T22:00:00Z,30459.0,30459.0,False,False,False,
2023-08-15T23:00:00Z,30020.0,30020.0,False,False,False,
2023-08-16T00:00:00Z,29060.0,29060.0,False,False,False,
2023-08-16T01:00:00Z,27921.0,27921.0,False,False,False,
2023-08-16T02:00:00Z,26986.0,26986.0,False,False,False,
2023-08-16T03:00:00Z,25762.0,25762.0,False,False,False,
2023-08-16T04:00:00Z,24127.0,24127.0,False,False,False,
2023-08-16T05:00:00Z,22389.0,22389.0,False,False,False,
2023-08-16T06:00:00Z,21151.0,21151.0,False,False,False,
2023-08-16T07:00:00Z,20235.0,20235.0,False,False,False,
2023-08-16T08:00:00Z,19451.0,19451.0,False,False,False,
2023-08-16T09:00:00Z,18937.0,18937.0,False,False,False,
2023-08-16T10:00:00Z,18617.0,18617.0,False,False,False,
2023-08-16T11:00:00Z,18748.0,18748.0,False,False,False,
2023-08-16T12:00:00Z,19113.0,19113.0,False,False,False,
2023-08-16T13:00:00Z,19281.0,19281.0,False,False,False,
2023-08-16T14:00:00Z,19929.0,19929.0,False,False,False,
2023-08-16T15:00:00Z,21013.0,21013.0,False,False,False,
2023-08-16T16:00:00Z,22395.0,22395.0,False,False,False,
2023-08-16T17:00:00Z,23769.0,23769.0,False,False,False,
2023-08-16T18:00:00Z,25043.0,25043.0,False,False,False,
2023-08-16T19:00:00Z,26281.0,26281.0,False,False,False,
2023-08-16T20:00:00Z,27311.0,27311.0,False,False,False,
2023-08-16T21:00:00Z,28084.0,28084.0,False,False,False,
2023-08-16T22:00:00Z,28595.0,28595.0,False,False,False,
2023-08-16T23:00:00Z,28594.0,28594.0,False,False,False,
2023-08-17T00:00:00Z,28130.0,28130.0,False,False,False,
2023-08-17T01:00:00Z,26841.0,26841.0,False,False,False,
2023-08-17T02:00:00Z,25809.0,25809.0,False,False,False,
2023-08-17T03:00:00Z,24700.0,24700.0,False,False,False,
2023-08-17T04:00:00Z,22947.0,22947.0,False,False,False,
2023-08-17T05:00:00Z,21296.0,21296.0,False,False,False,
2023-08-17T06:00:00Z,20002.0,20002.0,False,False,False,
2023-08-17T07:00:00Z,19201.0,19201.0,False,False,False,
2023-08-17T08:00:00Z,18540.0,18540.0,False,False,False,
2023-08-17T09:00:00Z,18134.0,18134.0,False,False,False,
2023-08-17T10:00:00Z,17961.0,17961.0,False,False,False,
2023-08-17T11:00:00Z,18127.0,18127.0,False,False,False,
2023-08-17T12:00:00Z,18609.0,18609.0,False,False,False,
2023-08-17T13:00:00Z,18808.0,18808.0,False,False,False,
2023-08-17T14:00:00Z,19708.0,19708.0,False,False,False,
2023-08-17T15:00:00Z,21149.0,21149.0,False,False,False,
2023-08-17T16:00:00Z,23005.0,23005.0,False,False,False,
2023-08-17T17:00:00Z,24851.0,24851.0,False,False,False,
2023-08-17T18:00:00Z,26495.0,26495.0,False,False,False,
2023-08-17T19:00:00Z,28195.0,28195.0,False,False,False,
2023-08-17T20:00:00Z,29412.0,29412.0,False,False,False,
2023-08-17T21:00:00Z,30310.0,30310.0,False,False,False,
2023-08-17T22:00:00Z,30819.0,30819.0,False,False,False,
2023-08-17T23:00:00Z,30892.0,30892.0,False,False,False,
2023-08-18T00:00:00Z,30283.0,30283.0,False,False,False,
2023-08-18T01:00:00Z,29076.0,29076.0,False,False,False,
2023-08-18T02:00:00Z,27989.0,27989.0,False,False,False,
2023-08-18T03:00:00Z,26719.0,26719.0,False,False,False,
2023-08-18T04:00:00Z,24977.0,24977.0,False,False,False,
2023-08-18T05:00:00Z,23316.0,23316.0,False,False,False,
2023-08-18T06:00:00Z,21887.0,21887.0,False,False,False,
2023-08-18T07:00:00Z,20978.0,20978.0,False,False,False,
2023-08-18T08:00:00Z,20275.0,20275.0,False,False,False,
2023-08-18T09:00:00Z,19716.0,19716.0,False,False,False,
2023-08-18T10:00:00Z,19409.0,19409.0,False,False,False,
2023-08-18T11:00:00Z,19725.0,19725.0,False,False,False,
2023-08-18T12:00:00Z,20064.0,20064.0,False,False,False,
2023-08-18T13:00:00Z,20203.0,20203.0,False,False,False,
2023-08-18T14:00:00Z,21371.0,21371.0,False,False,False,
2023-08-18T15:00:00Z,22956.0,22956.0,False,False,False,
2023-08-18T16:00:00Z,24841.0,24841.0,False,False,False,
2023-08-18T17:00:00Z,26783.0,26783.0,False,False,False,
2023-08-18T18:00:00Z,28454.0,28454.0,False,False,False,
2023-08-18T19:00:00Z,30028.0,30028.0,False,False,False,
2023-08-18T20:00:00Z,31140.0,31140.0,False,False,False,
2023-08-18T21:00:00Z,31728.0,31728.0,False,False,False,
2023-08-18T22:00:00Z,32031.0,32031.0,False,False,False,
2023-08-18T23:00:00Z,31837.0,31837.0,False,False,False,
2023-08-19T00:00:00Z,31080.0,31080.0,False,False,False,
2023-08-19T01:00:00Z,29709.0,29709.0,False,False,False,
2023-08-19T02:00:00Z,28851.0,28851.0,False,False,False,
2023-08-19T03:00:00Z,27438.0,27438.0,False,False,False,
2023-08-19T04:00:00Z,25937.0,25937.0,False,False,False,
2023-08-19T05:00:00Z,24416.0,24416.0,False,False,False,
2023-08-19T06:00:00Z,23278.0,23278.0,False,False,False,
2023-08-19T07:00:00Z,22165.0,22165.0,False,False,False,
2023-08-19T08:00:00Z,21220.0,21220.0,False,False,False,
2023-08-19T09:00:00Z,20545.0,20545.0,False,False,False,
2023-08-19T10:00:00Z,20089.0,20089.0,False,False,False,
2023-08-19T11:00:00Z,19901.0,19901.0,False,False,False,
2023-08-19T12:00:00Z,19746.0,19746.0,False,False,False,
2023-08-19T13:00:00Z,19942.0,19942.0,False,False,False,
2023-08-19T14:00:00Z,21387.0,21387.0,False,False,False,
2023-08-19T15:00:00Z,23244.0,23244.0,False,False,False,
2023-08-19T16:00:00Z,25416.0,25416.0,False,False,False,
2023-08-19T17:00:00Z,27359.0,27359.0,False,False,False,
2023-08-19T18:00:00Z,29231.0,29231.0,False,False,False,
2023-08-19T19:00:00Z,30662.0,30662.0,False,False,False,
2023-08-19T20:00:00Z,31662.0,31662.0,False,False,False,
2023-08-19T21:00:00Z,32416.0,32416.0,False,False,False,
2023-08-19T22:00:00Z,32819.0,32819.0,False,False,False,
2023-08-19T23:00:00Z,32755.0,32755.0,False,False,False,
2023-08-20T00:00:00Z,31964.0,31964.0,False,False,False,
2023-08-20T01:00:00Z,30731.0,30731.0,False,False,False,
2023-08-20T02:00:00Z,29757.0,29757.0,False,False,False,
2023-08-20T03:00:00Z,28529.0,28529.0,False,False,False,
2023-08-20T04:00:00Z,26891.0,26891.0,False,False,False,
2023-08-20T05:00:00Z,25370.0,25370.0,False,False,False,
2023-08-20T06:00:00Z,24123.0,24123.0,False,False,False,
2023-08-20T07:00:00Z,22921.0,22921.0,False,False,False,
2023-08-20T08:00:00Z,22149.0,22149.0,False,False,False,
2023-08-20T09:00:00Z,21299.0,21299.0,False,False,False,
2023-08-20T10:00:00Z,20823.0,20823.0,False,False,False,
2023-08-20T11:00:00Z,20434.0,20434.0,False,False,False,
2023-08-20T12:00:00Z,20269.0,20269.0,False,False,False,
2023-08-20T13:00:00Z,20369.0,20369.0,False,False,False,
2023-08-20T14:00:00Z,21714.0,21714.0,False,False,False,
2023-08-20T15:00:00Z,23700.0,23700.0,False,False,False,
2023-08-20T16:00:00Z,25852.0,25852.0,False,False,False,
2023-08-20T17:00:00Z,28050.0,28050.0,False,False,False,
2023-08-20T18:00:00Z,29773.0,29773.0,False,False,False,
2023-08-20T19:00:00Z,31315.0,31315.0,False,False,False,
2023-08-20T20:00:00Z,32181.0,32181.0,False,False,False,
2023-08-20T21:00:00Z,32546.0,32546.0,False,False,False,
2023-08-20T22:00:00Z,32738.0,32738.0,False,False,False,
2023-08-20T23:00:00Z,32598.0,32598.0,False,False,False,
2023-08-21T00:00:00Z,32050.0,32050.0,False,False,False,
2023-08-21T01:00:00Z,30897.0,30897.0,False,False,False,
2023-08-21T02:00:00Z,29914.0,29914.0,False,False,False,
2023-08-21T03:00:00Z,28524.0,28524.0,False,False,False,
2023-08-21T04:00:00Z,26803.0,26803.0,False,False,False,
2023-08-21T05:00:00Z,25138.0,25138.0,False,False,False,
2023-08-21T06:00:00Z,23755.0,23755.0,False,False,False,
2023-08-21T07:00:00Z,22617.0,22617.0,False,False,False,
2023-08-21T08:00:00Z,21781.0,21781.0,False,False,False,
2023-08-21T09:00:00Z,21162.0,21162.0,False,False,False,
2023-08-21T10:00:00Z,20874.0,20874.0,False,False,False,
2023-08-21T11:00:00Z,21207.0,21207.0,False,False,False,
2023-08-21T12:00:00Z,21675.0,21675.0,False,False,False,
2023-08-21T13:00:00Z,21888.0,21888.0,False,False,False,
2023-08-21T14:00:00Z,23035.0,23035.0,False,False,False,
2023-08-21T15:00:00Z,24852.0,24852.0,False,False,False,
2023-08-21T16:00:00Z,26786.0,26786.0,False,False,False,
2023-08-21T17:00:00Z,28679.0,28679.0,False,False,False,
2023-08-21T18:00:00Z,30169.0,30169.0,False,False,False,
2023-08-21T19:00:00Z,31226.0,31226.0,False,False,False,
2023-08-21T20:00:00Z,31768.0,31768.0,False,False,False,
2023-08-21T21:00:00Z,32128.0,32128.0,False,False,False,
2023-08-21T22:00:00Z,32200.0,32200.0,False,False,False,
2023-08-21T23:00:00Z,31876.0,31876.0,False,False,False,
2023-08-22T00:00:00Z,31629.0,31629.0,False,False,False,
2023-08-22T01:00:00Z,30659.0,30659.0,False,False,False,
2023-08-22T02:00:00Z,29919.0,29919.0,False,False,False,
2023-08-22T03:00:00Z,28579.0,28579.0,False,False,False,
2023-08-22T04:00:00Z,26852.0,26852.0,False,False,False,
2023-08-22T05:00:00Z,25112.0,25112.0,False,False,False,
2023-08-22T06:00:00Z,23752.0,23752.0,False,False,False,
2023-08-22T07:00:00Z,22765.0,22765.0,False,False,False,
2023-08-22T08:00:00Z,21985.0,21985.0,False,False,False,
2023-08-22T09:00:00Z,21367.0,21367.0,False,False,False,
2023-08-22T10:00:00Z,21138.0,21138.0,False,False,False,
2023-08-22T11:00:00Z,21340.0,21340.0,False,False,False,
2023-08-22T12:00:00Z,21801.0,21801.0,False,False,False,
2023-08-22T13:00:00Z,21862.0,21862.0,False,False,False,
2023-08-22T14:00:00Z,23047.0,23047.0,False,False,False,
2023-08-22T15:00:00Z,24794.0,24794.0,False,False,False,
2023-08-22T16:00:00Z,26809.0,26809.0,False,False,False,
2023-08-22T17:00:00Z,28711.0,28711.0,False,False,False,
2023-08-22T18:00:00Z,30228.0,30228.0,False,False,False,
2023-08-22T19:00:00Z,31453.0,31453.0,False,False,False,
2023-08-22T20:00:00Z,32216.0,32216.0,False,False,False,
2023-08-22T21:00:00Z,32623.0,32623.0,False,False,False,
2023-08-22T22:00:00Z,32872.0,32872.0,False,False,False,
2023-08-22T23:00:00Z,32751.0,32751.0,False,False,False,
2023-08-23T00:00:00Z,32128.0,32128.0,False,False,False,
2023-08-23T01:00:00Z,31031.0,31031.0,False,False,False,
2023-08-23T02:00:00Z,30266.0,30266.0,False,False,False,
2023-08-23T03:00:00Z,28837.0,28837.0,False,False,False,
2023-08-23T04:00:00Z,27044.0,27044.0,False,False,False,
2023-08-23T05:00:00Z,25286.0,25286.0,False,False,False,
2023-08-23T06:00:00Z,23969.0,23969.0,False,False,False,
2023-08-23T07:00:00Z,22961.0,22961.0,False,False,False,
2023-08-23T08:00:00Z,22193.0,22193.0,False,False,False,
2023-08-23T09:00:00Z,21661.0,21661.0,False,False,False,
2023-08-23T10:00:00Z,21329.0,21329.0,False,False,False,
2023-08-23T11:00:00Z,21566.0,21566.0,False,False,False,
2023-08-23T12:00:00Z,22068.0,22068.0,False,False,False,
2023-08-23T13:00:00Z,22229.0,22229.0,False,False,False,
2023-08-23T14:00:00Z,23352.0,23352.0,False,False,False,
2023-08-23T15:00:00Z,25150.0,25150.0,False,False,False,
2023-08-23T16:00:00Z,27318.0,27318.0,False,False,False,
2023-08-23T17:00:00Z,29143.0,29143.0,False,False,False,
2023-08-23T18:00:00Z,30985.0,30985.0,False,False,False,
2023-08-23T19:00:00Z,32273.0,32273.0,False,False,False,
2023-08-23T20:00:00Z,33222.0,33222.0,False,False,False,
2023-08-23T21:00:00Z,33644.0,33644.0,False,False,False,
2023-08-23T22:00:00Z,33917.0,33917.0,False,False,False,
2023-08-23T23:00:00Z,33870.0,33870.0,False,False,False,
2023-08-24T00:00:00Z,33130.0,33130.0,False,False,False,
2023-08-24T01:00:00Z,31977.0,31977.0,False,False,False,
2023-08-24T02:00:00Z,30988.0,30988.0,False,False,False,
2023-08-24T03:00:00Z,29415.0,29415.0,False,False,False,
2023-08-24T04:00:00Z,27651.0,27651.0,False,False,False,
2023-08-24T05:00:00Z,25943.0,25943.0,False,False,False,
2023-08-24T06:00:00Z,24499.0,24499.0,False,False,False,
2023-08-24T07:00:00Z,23493.0,23493.0,False,False,False,
2023-08-24T08:00:00Z,22712.0,22712.0,False,False,False,
2023-08-24T09:00:00Z,22154.0,22154.0,False,False,False,
2023-08-24T10:00:00Z,21787.0,21787.0,False,False,False,
2023-08-24T11:00:00Z,21870.0,21870.0,False,False,False,
2023-08-24T12:00:00Z,22233.0,22233.0,False,False,False,
2023-08-24T13:00:00Z,22374.0,22374.0,False,False,False,
2023-08-24T14:00:00Z,23332.0,23332.0,False,False,False,
2023-08-24T15:00:00Z,24957.0,24957.0,False,False,False,
2023-08-24T16:00:00Z,27153.0,27153.0,False,False,False,
2023-08-24T17:00:00Z,29376.0,29376.0,False,False,False,
2023-08-24T18:00:00Z,31125.0,31125.0,False,False,False,
2023-08-24T19:00:00Z,32464.0,32464.0,False,False,False,
2023-08-24T20:00:00Z,32951.0,32951.0,False,False,False,
2023-08-24T21:00:00Z,33208.0,33208.0,False,False,False,
2023-08-24T22:00:00Z,33190.0,33190.0,False,False,False,
2023-08-24T23:00:00Z,32453.0,32453.0,False,False,False,
2023-08-25T00:00:00Z,31482.0,31482.0,False,False,False,
2023-08-25T01:00:00Z,30484.0,30484.0,False,False,False,
2023-08-25T02:00:00Z,29759.0,29759.0,False,False,False,
2023-08-25T03:00:00Z,28478.0,28478.0,False,False,False,
2023-08-25T04:00:00Z,27053.0,27053.0,False,False,False,
2023-08-25T05:00:00Z,25632.0,25632.0,False,False,False,
2023-08-25T06:00:00Z,24257.0,24257.0,False,False,False,
2023-08-25T07:00:00Z,23298.0,23298.0,False,False,False,
2023-08-25T08:00:00Z,22577.0,22577.0,False,False,False,
2023-08-25T09:00:00Z,22036.0,22036.0,False,False,False,
2023-08-25T10:00:00Z,21725.0,21725.0,False,False,False,
2023-08-25T11:00:00Z,21820.0,21820.0,False,False,False,
2023-08-25T12:00:00Z,22254.0,22254.0,False,False,False,
2023-08-25T13:00:00Z,22394.0,22394.0,False,False,False,
2023-08-25T14:00:00Z,23432.0,23432.0,False,False,False,
2023-08-25T15:00:00Z,25366.0,25366.0,False,False,False,
2023-08-25T16:00:00Z,27456.0,27456.0,False,False,False,
2023-08-25T17:00:00Z,29324.0,29324.0,False,False,False,
2023-08-25T18:00:00Z,30892.0,30892.0,False,False,False,
2023-08-25T19:00:00Z,32175.0,32175.0,False,False,False,
2023-08-25T20:00:00Z,33051.0,33051.0,False,False,False,
2023-08-25T21:00:00Z,33372.0,33372.0,False,False,False,
2023-08-25T22:00:00Z,33257.0,33257.0,False,False,False,
2023-08-25T23:00:00Z,32649.0,32649.0,False,False,False,
2023-08-26T00:00:00Z,31535.0,31535.0,False,False,False,
2023-08-26T01:00:00Z,30210.0,30210.0,False,False,False,
2023-08-26T02:00:00Z,29174.0,29174.0,False,False,False,
2023-08-26T03:00:00Z,27903.0,27903.0,False,False,False,
2023-08-26T04:00:00Z,26432.0,26432.0,False,False,False,
2023-08-26T05:00:00Z,24866.0,24866.0,False,False,False,
2023-08-26T06:00:00Z,23579.0,23579.0,False,False,False,
2023-08-26T07:00:00Z,22531.0,22531.0,False,False,False,
2023-08-26T08:00:00Z,21840.0,21840.0,False,False,False,
2023-08-26T09:00:00Z,21159.0,21159.0,False,False,False,
2023-08-26T10:00:00Z,20680.0,20680.0,False,False,False,
2023-08-26T11:00:00Z,20523.0,20523.0,False,False,False,
2023-08-26T12:00:00Z,20414.0,20414.0,False,False,False,
2023-08-26T13:00:00Z,20591.0,20591.0,False,False,False,
2023-08-26T14:00:00Z,21999.0,21999.0,False,False,False,
2023-08-26T15:00:00Z,24106.0,24106.0,False,False,False,
2023-08-26T16:00:00Z,26301.0,26301.0,False,False,False,
2023-08-26T17:00:00Z,28499.0,28499.0,False,False,False,
2023-08-26T18:00:00Z,30322.0,30322.0,False,False,False,
2023-08-26T19:00:00Z,31608.0,31608.0,False,False,False,
2023-08-26T20:00:00Z,32306.0,32306.0,False,False,False,
2023-08-26T21:00:00Z,32642.0,32642.0,False,False,False,
2023-08-26T22:00:00Z,32343.0,32343.0,False,False,False,
2023-08-26T23:00:00Z,31747.0,31747.0,False,False,False,
2023-08-27T00:00:00Z,30913.0,30913.0,False,False,False,
2023-08-27T01:00:00Z,29544.0,29544.0,False,False,False,
2023-08-27T02:00:00Z,28628.0,28628.0,False,False,False,
2023-08-27T03:00:00Z,27319.0,27319.0,False,False,False,
2023-08-27T04:00:00Z,25795.0,25795.0,False,False,False,
2023-08-27T05:00:00Z,24511.0,24511.0,False,False,False,
2023-08-27T06:00:00Z,23383.0,23383.0,False,False,False,
2023-08-27T07:00:00Z,22470.0,22470.0,False,False,False,
2023-08-27T08:00:00Z,21715.0,21715.0,False,False,False,
2023-08-27T09:00:00Z,21105.0,21105.0,False,False,False,
2023-08-27T10:00:00Z,20733.0,20733.0,False,False,False,
2023-08-27T11:00:00Z,20451.0,20451.0,False,False,False,
2023-08-27T12:00:00Z,20269.0,20269.0,False,False,False,
2023-08-27T13:00:00Z,20294.0,20294.0,False,False,False,
2023-08-27T14:00:00Z,21359.0,21359.0,False,False,False,
2023-08-27T15:00:00Z,22990.0,22990.0,False,False,False,
2023-08-27T16:00:00Z,24704.0,24704.0,False,False,False,
2023-08-27T17:00:00Z,26508.0,26508.0,False,False,False,
2023-08-27T18:00:00Z,28164.0,28164.0,False,False,False,
2023-08-27T19:00:00Z,29469.0,29469.0,False,False,False,
2023-08-27T20:00:00Z,30327.0,30327.0,False,False,False,
2023-08-27T21:00:00Z,30688.0,30688.0,False,False,False,
2023-08-27T22:00:00Z,30532.0,30532.0,False,False,False,
2023-08-27T23:00:00Z,29838.0,29838.0,False,False,False,
2023-08-28T00:00:00Z,28998.0,28998.0,False,False,False,
2023-08-28T01:00:00Z,27813.0,27813.0,False,False,False,
2023-08-28T02:00:00Z,27084.0,27084.0,False,False,False,
2023-08-28T03:00:00Z,25855.0,25855.0,False,False,False,
2023-08-28T04:00:00Z,24235.0,24235.0,False,False,False,
2023-08-28T05:00:00Z,22816.0,22816.0,False,False,False,
2023-08-28T06:00:00Z,21542.0,21542.0,False,False,False,
2023-08-28T07:00:00Z,20805.0,20805.0,False,False,False,
2023-08-28T08:00:00Z,20323.0,20323.0,False,False,False,
2023-08-28T09:00:00Z,20077.0,20077.0,False,False,False,
2023-08-28T10:00:00Z,19924.0,19924.0,False,False,False,
2023-08-28T11:00:00Z,20140.0,20140.0,False,False,False,
2023-08-28T12:00:00Z,20756.0,20756.0,False,False,False,
2023-08-28T13:00:00Z,20809.0,20809.0,False,False,False,
2023-08-28T14:00:00Z,21367.0,21367.0,False,False,False,
2023-08-28T15:00:00Z,22178.0,22178.0,False,False,False,
2023-08-28T16:00:00Z,23283.0,23283.0,False,False,False,
2023-08-28T17:00:00Z,24601.0,24601.0,False,False,False,
2023-08-28T18:00:00Z,25906.0,25906.0,False,False,False,
2023-08-28T19:00:00Z,27086.0,27086.0,False,False,False,
2023-08-28T20:00:00Z,27904.0,27904.0,False,False,False,
2023-08-28T21:00:00Z,28378.0,28378.0,False,False,False,
2023-08-28T22:00:00Z,28723.0,28723.0,False,False,False,
2023-08-28T23:00:00Z,28329.0,28329.0,False,False,False,
2023-08-29T00:00:00Z,27555.0,27555.0,False,False,False,
2023-08-29T01:00:00Z,26571.0,26571.0,False,False,False,
2023-08-29T02:00:00Z,25816.0,25816.0,False,False,False,
2023-08-29T03:00:00Z,24672.0,24672.0,False,False,False,
2023-08-29T04:00:00Z,23303.0,23303.0,False,False,False,
2023-08-29T05:00:00Z,21908.0,21908.0,False,False,False,
2023-08-29T06:00:00Z,20713.0,20713.0,False,False,False,
2023-08-29T07:00:00Z,19807.0,19807.0,False,False,False,
2023-08-29T08:00:00Z,19304.0,19304.0,False,False,False,
2023-08-29T09:00:00Z,18928.0,18928.0,False,False,False,
2023-08-29T10:00:00Z,18822.0,18822.0,False,False,False,
2023-08-29T11:00:00Z,19080.0,19080.0,False,False,False,
2023-08-29T12:00:00Z,19665.0,19665.0,False,False,False,
2023-08-29T13:00:00Z,19837.0,19837.0,False,False,False,
2023-08-29T14:00:00Z,20462.0,20462.0,False,False,False,
2023-08-29T15:00:00Z,21523.0,21523.0,False,False,False,
2023-08-29T16:00:00Z,22917.0,22917.0,False,False,False,
2023-08-29T17:00:00Z,24281.0,24281.0,False,False,False,
2023-08-29T18:00:00Z,25538.0,25538.0,False,False,False,
2023-08-29T19:00:00Z,26752.0,26752.0,False,False,False,
2023-08-29T20:00:00Z,27599.0,27599.0,False,False,False,
2023-08-29T21:00:00Z,27965.0,27965.0,False,False,False,
2023-08-29T22:00:00Z,27954.0,27954.0,False,False,False,
2023-08-29T23:00:00Z,27700.0,27700.0,False,False,False,
2023-08-30T00:00:00Z,27081.0,27081.0,False,False,False,
2023-08-30T01:00:00Z,26082.0,26082.0,False,False,False,
2023-08-30T02:00:00Z,25476.0,25476.0,False,False,False,
2023-08-30T03:00:00Z,24151.0,24151.0,False,False,False,
2023-08-30T04:00:00Z,22697.0,22697.0,False,False,False,
2023-08-30T05:00:00Z,21239.0,21239.0,False,False,False,
2023-08-30T06:00:00Z,20048.0,20048.0,False,False,False,
2023-08-30T07:00:00Z,19248.0,19248.0,False,False,False,
2023-08-30T08:00:00Z,18633.0,18633.0,False,False,False,
2023-08-30T09:00:00Z,18194.0,18194.0,False,False,False,
2023-08-30T10:00:00Z,18077.0,18077.0,False,False,False,
2023-08-30T11:00:00Z,18438.0,18438.0,False,False,False,
2023-08-30T12:00:00Z,18995.0,18995.0,False,False,False,
2023-08-30T13:00:00Z,19176.0,19176.0,False,False,False,
2023-08-30T14:00:00Z,19732.0,19732.0,False,False,False,
2023-08-30T15:00:00Z,20870.0,20870.0,False,False,False,
2023-08-30T16:00:00Z,22328.0,22328.0,False,False,False,
2023-08-30T17:00:00Z,23885.0,23885.0,False,False,False,
2023-08-30T18:00:00Z,25475.0,25475.0,False,False,False,
2023-08-30T19:00:00Z,26975.0,26975.0,False,False,False,
2023-08-30T20:00:00Z,27948.0,27948.0,False,False,False,
2023-08-30T21:00:00Z,28598.0,28598.0,False,False,False,
2023-08-30T22:00:00Z,28900.0,28900.0,False,False,False,
2023-08-30T23:00:00Z,28713.0,28713.0,False,False,False,
2023-08-31T00:00:00Z,28027.0,28027.0,False,False,False,
2023-08-31T01:00:00Z,26776.0,26776.0,False,False,False,
2023-08-31T02:00:00Z,25799.0,25799.0,False,False,False,
2023-08-31T03:00:00Z,24333.0,24333.0,False,False,False,
2023-08-31T04:00:00Z,22592.0,22592.0,False,False,False,
2023-08-31T05:00:00Z,21074.0,21074.0,False,False,False,
2023-08-31T06:00:00Z,19751.0,19751.0,False,False,False,
2023-08-31T07:00:00Z,18842.0,18842.0,False,False,False,
2023-08-31T08:00:00Z,18304.0,18304.0,False,False,False,
2023-08-31T09:00:00Z,17798.0,17798.0,False,False,False,
2023-08-31T10:00:00Z,17678.0,17678.0,False,False,False,
2023-08-31T11:00:00Z,17980.0,17980.0,False,False,False,
2023-08-31T12:00:00Z,18597.0,18597.0,False,False,False,
2023-08-31T13:00:00Z,18774.0,18774.0,False,False,False,
2023-08-31T14:00:00Z,19246.0,19246.0,False,False,False,
2023-08-31T15:00:00Z,20423.0,20423.0,False,False,False,
2023-08-31T16:00:00Z,21967.0,21967.0,False,False,False,
2023-08-31T17:00:00Z,23700.0,23700.0,False,False,False,
2023-08-31T18:00:00Z,25181.0,25181.0,False,False,False,
2023-08-31T19:00:00Z,26529.0,26529.0,False,False,False,
2023-08-31T20:00:00Z,27492.0,27492.0,False,False,False,
2023-08-31T21:00:00Z,28097.0,28097.0,False,False,False,
2023-08-31T22:00:00Z,28201.0,28201.0,False,False,False,
2023-08-31T23:00:00Z,27908.0,27908.0,False,False,False,
2023-09-01T00:00:00Z,27311.0,27311.0,False,False,False,
2023-09-01T01:00:00Z,26239.0,26239.0,False,False,False,
2023-09-01T02:00:00Z,25362.0,25362.0,False,False,False,
2023-09-01T03:00:00Z,23931.0,23931.0,False,False,False,
2023-09-01T04:00:00Z,22343.0,22343.0,False,False,False,
2023-09-01T05:00:00Z,20810.0,20810.0,False,False,False,
2023-09-01T06:00:00Z,19527.0,19527.0,False,False,False,
2023-09-01T07:00:00Z,18726.0,18726.0,False,False,False,
2023-09-01T08:00:00Z,18097.0,18097.0,False,False,False,
2023-09-01T09:00:00Z,17721.0,17721.0,False,False,False,
2023-09-01T10:00:00Z,17520.0,17520.0,False,False,False,
2023-09-01T11:00:00Z,17916.0,17916.0,False,False,False,
2023-09-01T12:00:00Z,18452.0,18452.0,False,False,False,
2023-09-01T13:00:00Z,18448.0,18448.0,False,False,False,
2023-09-01T14:00:00Z,18870.0,18870.0,False,False,False,
2023-09-01T15:00:00Z,20004.0,20004.0,False,False,False,
2023-09-01T16:00:00Z,21490.0,21490.0,False,False,False,
2023-09-01T17:00:00Z,23222.0,23222.0,False,False,False,
2023-09-01T18:00:00Z,24804.0,24804.0,False,False,False,
2023-09-01T19:00:00Z,26248.0,26248.0,False,False,False,
2023-09-01T20:00:00Z,27384.0,27384.0,False,False,False,
2023-09-01T21:00:00Z,28048.0,28048.0,False,False,False,
2023-09-01T22:00:00Z,28478.0,28478.0,False,False,False,
2023-09-01T23:00:00Z,28207.0,28207.0,False,False,False,
2023-09-02T00:00:00Z,27309.0,27309.0,False,False,False,
2023-09-02T01:00:00Z,26123.0,26123.0,False,False,False,
2023-09-02T02:00:00Z,25237.0,25237.0,False,False,False,
2023-09-02T03:00:00Z,24110.0,24110.0,False,False,False,
2023-09-02T04:00:00Z,22909.0,22909.0,False,False,False,
2023-09-02T05:00:00Z,21661.0,21661.0,False,False,False,
2023-09-02T06:00:00Z,20514.0,20514.0,False,False,False,
2023-09-02T07:00:00Z,19555.0,19555.0,False,False,False,
2023-09-02T08:00:00Z,19072.0,19072.0,False,False,False,
2023-09-02T09:00:00Z,18500.0,18500.0,False,False,False,
2023-09-02T10:00:00Z,18259.0,18259.0,False,False,False,
2023-09-02T11:00:00Z,18281.0,18281.0,False,False,False,
2023-09-02T12:00:00Z,18216.0,18216.0,False,False,False,
2023-09-02T13:00:00Z,18335.0,18335.0,False,False,False,
2023-09-02T14:00:00Z,19422.0,19422.0,False,False,False,
2023-09-02T15:00:00Z,21100.0,21100.0,False,False,False,
2023-09-02T16:00:00Z,22708.0,22708.0,False,False,False,
2023-09-02T17:00:00Z,24139.0,24139.0,False,False,False,
2023-09-02T18:00:00Z,25378.0,25378.0,False,False,False,
2023-09-02T19:00:00Z,26143.0,26143.0,False,False,False,
2023-09-02T20:00:00Z,27017.0,27017.0,False,False,False,
2023-09-02T21:00:00Z,27546.0,27546.0,False,False,False,
2023-09-02T22:00:00Z,27628.0,27628.0,False,False,False,
2023-09-02T23:00:00Z,27647.0,27647.0,False,False,False,
2023-09-03T00:00:00Z,26926.0,26926.0,False,False,False,
2023-09-03T01:00:00Z,25846.0,25846.0,False,False,False,
2023-09-03T02:00:00Z,25185.0,25185.0,False,False,False,
2023-09-03T03:00:00Z,23985.0,23985.0,False,False,False,
2023-09-03T04:00:00Z,22780.0,22780.0,False,False,False,
2023-09-03T05:00:00Z,21682.0,21682.0,False,False,False,
2023-09-03T06:00:00Z,20752.0,20752.0,False,False,False,
2023-09-03T07:00:00Z,19944.0,19944.0,False,False,False,
2023-09-03T08:00:00Z,19343.0,19343.0,False,False,False,
2023-09-03T09:00:00Z,18847.0,18847.0,False,False,False,
2023-09-03T10:00:00Z,18582.0,18582.0,False,False,False,
2023-09-03T11:00:00Z,18472.0,18472.0,False,False,False,
2023-09-03T12:00:00Z,18496.0,18496.0,False,False,False,
2023-09-03T13:00:00Z,18600.0,18600.0,False,False,False,
2023-09-03T14:00:00Z,19632.0,19632.0,False,False,False,
2023-09-03T15:00:00Z,21168.0,21168.0,False,False,False,
2023-09-03T16:00:00Z,22813.0,22813.0,False,False,False,
2023-09-03T17:00:00Z,24504.0,24504.0,False,False,False,
2023-09-03T18:00:00Z,26025.0,26025.0,False,False,False,
2023-09-03T19:00:00Z,27062.0,27062.0,False,False,False,
2023-09-03T20:00:00Z,28158.0,28158.0,False,False,False,
2023-09-03T21:00:00Z,28484.0,28484.0,False,False,False,
2023-09-03T22:00:00Z,28834.0,28834.0,False,False,False,
2023-09-03T23:00:00Z,28679.0,28679.0,False,False,False,
2023-09-04T00:00:00Z,28092.0,28092.0,False,False,False,
2023-09-04T01:00:00Z,26967.0,26967.0,False,False,False,
2023-09-04T02:00:00Z,26140.0,26140.0,False,False,False,
2023-09-04T03:00:00Z,24978.0,24978.0,False,False,False,
2023-09-04T04:00:00Z,23872.0,23872.0,False,False,False,
2023-09-04T05:00:00Z,22562.0,22562.0,False,False,False,
2023-09-04T06:00:00Z,21492.0,21492.0,False,False,False,
2023-09-04T07:00:00Z,20527.0,20527.0,False,False,False,
2023-09-04T08:00:00Z,19962.0,19962.0,False,False,False,
2023-09-04T09:00:00Z,19605.0,19605.0,False,False,False,
2023-09-04T10:00:00Z,19355.0,19355.0,False,False,False,
2023-09-04T11:00:00Z,19164.0,19164.0,False,False,False,
2023-09-04T12:00:00Z,19076.0,19076.0,False,False,False,
2023-09-04T13:00:00Z,19068.0,19068.0,False,False,False,
2023-09-04T14:00:00Z,20341.0,20341.0,False,False,False,
2023-09-04T15:00:00Z,21973.0,21973.0,False,False,False,
2023-09-04T16:00:00Z,24023.0,24023.0,False,False,False,
2023-09-04T17:00:00Z,25734.0,25734.0,False,False,False,
2023-09-04T18:00:00Z,26914.0,26914.0,False,False,False,
2023-09-04T19:00:00Z,27454.0,27454.0,False,False,False,
2023-09-04T20:00:00Z,27383.0,27383.0,False,False,False,
2023-09-04T21:00:00Z,27197.0,27197.0,False,False,False,
2023-09-04T22:00:00Z,27039.0,27039.0,False,False,False,
2023-09-04T23:00:00Z,26639.0,26639.0,False,False,False,
2023-09-05T00:00:00Z,25880.0,25880.0,False,False,False,
2023-09-05T01:00:00Z,25102.0,25102.0,False,False,False,
2023-09-05T02:00:00Z,24535.0,24535.0,False,False,False,
2023-09-05T03:00:00Z,23475.0,23475.0,False,False,False,
2023-09-05T04:00:00Z,22234.0,22234.0,False,False,False,
2023-09-05T05:00:00Z,20934.0,20934.0,False,False,False,
2023-09-05T06:00:00Z,19897.0,19897.0,False,False,False,
2023-09-05T07:00:00Z,19228.0,19228.0,False,False,False,
2023-09-05T08:00:00Z,18807.0,18807.0,False,False,False,
2023-09-05T09:00:00Z,18604.0,18604.0,False,False,False,
2023-09-05T10:00:00Z,18512.0,18512.0,False,False,False,
2023-09-05T11:00:00Z,19079.0,19079.0,False,False,False,
2023-09-05T12:00:00Z,19887.0,19887.0,False,False,False,
2023-09-05T13:00:00Z,20159.0,20159.0,False,False,False,
2023-09-05T14:00:00Z,21042.0,21042.0,False,False,False,
2023-09-05T15:00:00Z,22408.0,22408.0,False,False,False,
2023-09-05T16:00:00Z,23913.0,23913.0,False,False,False,
2023-09-05T17:00:00Z,25491.0,25491.0,False,False,False,
2023-09-05T18:00:00Z,26739.0,26739.0,False,False,False,
2023-09-05T19:00:00Z,27945.0,27945.0,False,False,False,
2023-09-05T20:00:00Z,28678.0,28678.0,False,False,False,
2023-09-05T21:00:00Z,29056.0,29056.0,False,False,False,
2023-09-05T22:00:00Z,29249.0,29249.0,False,False,False,
2023-09-05T23:00:00Z,29132.0,29132.0,False,False,False,
2023-09-06T00:00:00Z,28453.0,28453.0,False,False,False,
2023-09-06T01:00:00Z,27655.0,27655.0,False,False,False,
2023-09-06T02:00:00Z,26855.0,26855.0,False,False,False,
2023-09-06T03:00:00Z,25613.0,25613.0,False,False,False,
2023-09-06T04:00:00Z,24043.0,24043.0,False,False,False,
2023-09-06T05:00:00Z,22578.0,22578.0,False,False,False,
2023-09-06T06:00:00Z,21366.0,21366.0,False,False,False,
2023-09-06T07:00:00Z,20518.0,20518.0,False,False,False,
2023-09-06T08:00:00Z,19733.0,19733.0,False,False,False,
2023-09-06T09:00:00Z,19253.0,19253.0,False,False,False,
2023-09-06T10:00:00Z,19169.0,19169.0,False,False,False,
2023-09-06T11:00:00Z,19173.0,19173.0,False,False,False,
2023-09-06T12:00:00Z,19896.0,19896.0,False,False,False,
2023-09-06T13:00:00Z,19911.0,19911.0,False,False,False,
2023-09-06T14:00:00Z,20791.0,20791.0,False,False,False,
2023-09-06T15:00:00Z,22300.0,22300.0,False,False,False,
2023-09-06T16:00:00Z,24050.0,24050.0,False,False,False,
2023-09-06T17:00:00Z,25783.0,25783.0,False,False,False,
2023-09-06T18:00:00Z,27563.0,27563.0,False,False,False,
2023-09-06T19:00:00Z,29205.0,29205.0,False,False,False,
2023-09-06T20:00:00Z,30077.0,30077.0,False,False,False,
2023-09-06T21:00:00Z,30359.0,30359.0,False,False,False,
2023-09-06T22:00:00Z,30520.0,30520.0,False,False,False,
2023-09-06T23:00:00Z,30089.0,30089.0,False,False,False,
2023-09-07T00:00:00Z,29326.0,29326.0,False,False,False,
2023-09-07T01:00:00Z,28247.0,28247.0,False,False,False,
2023-09-07T02:00:00Z,27329.0,27329.0,False,False,False,
2023-09-07T03:00:00Z,25944.0,25944.0,False,False,False,
2023-09-07T04:00:00Z,24334.0,24334.0,False,False,False,
2023-09-07T05:00:00Z,22851.0,22851.0,False,False,False,
2023-09-07T06:00:00Z,21536.0,21536.0,False,False,False,
2023-09-07T07:00:00Z,20604.0,20604.0,False,False,False,
2023-09-07T08:00:00Z,19869.0,19869.0,False,False,False,
2023-09-07T09:00:00Z,19385.0,19385.0,False,False,False,
2023-09-07T10:00:00Z,19079.0,19079.0,False,False,False,
2023-09-07T11:00:00Z,19330.0,19330.0,False,False,False,
2023-09-07T12:00:00Z,19955.0,19955.0,False,False,False,
2023-09-07T13:00:00Z,20121.0,20121.0,False,False,False,
2023-09-07T14:00:00Z,21082.0,21082.0,False,False,False,
2023-09-07T15:00:00Z,22557.0,22557.0,False,False,False,
2023-09-07T16:00:00Z,24390.0,24390.0,False,False,False,
2023-09-07T17:00:00Z,25970.0,25970.0,False,False,False,
2023-09-07T18:00:00Z,27555.0,27555.0,False,False,False,
2023-09-07T19:00:00Z,29038.0,29038.0,False,False,False,
2023-09-07T20:00:00Z,29971.0,29971.0,False,False,False,
2023-09-07T21:00:00Z,30439.0,30439.0,False,False,False,
2023-09-07T22:00:00Z,30453.0,30453.0,False,False,False,
2023-09-07T23:00:00Z,29642.0,29642.0,False,False,False,
2023-09-08T00:00:00Z,28242.0,28242.0,False,False,False,
2023-09-08T01:00:00Z,26965.0,26965.0,False,False,False,
2023-09-08T02:00:00Z,26090.0,26090.0,False,False,False,
2023-09-08T03:00:00Z,24627.0,24627.0,False,False,False,
2023-09-08T04:00:00Z,23185.0,23185.0,False,False,False,
2023-09-08T05:00:00Z,21657.0,21657.0,False,False,False,
2023-09-08T06:00:00Z,20494.0,20494.0,False,False,False,
2023-09-08T07:00:00Z,19602.0,19602.0,False,False,False,
2023-09-08T08:00:00Z,18969.0,18969.0,False,False,False,
2023-09-08T09:00:00Z,18580.0,18580.0,False,False,False,
2023-09-08T10:00:00Z,18433.0,18433.0,False,False,False,
2023-09-08T11:00:00Z,18647.0,18647.0,False,False,False,
2023-09-08T12:00:00Z,19345.0,19345.0,False,False,False,
2023-09-08T13:00:00Z,19558.0,19558.0,False,False,False,
2023-09-08T14:00:00Z,20114.0,20114.0,False,False,False,
2023-09-08T15:00:00Z,21264.0,21264.0,False,False,False,
2023-09-08T16:00:00Z,22606.0,22606.0,False,False,False,
2023-09-08T17:00:00Z,23838.0,23838.0,False,False,False,
2023-09-08T18:00:00Z,24763.0,24763.0,False,False,False,
2023-09-08T19:00:00Z,25321.0,25321.0,False,False,False,
2023-09-08T20:00:00Z,25142.0,25142.0,False,False,False,
2023-09-08T21:00:00Z,24626.0,24626.0,False,False,False,
2023-09-08T22:00:00Z,24777.0,24777.0,False,False,False,
2023-09-08T23:00:00Z,24339.0,24339.0,False,False,False,
2023-09-09T00:00:00Z,23736.0,23736.0,False,False,False,
2023-09-09T01:00:00Z,23001.0,23001.0,False,False,False,
2023-09-09T02:00:00Z,22628.0,22628.0,False,False,False,
2023-09-09T03:00:00Z,21828.0,21828.0,False,False,False,
2023-09-09T04:00:00Z,20806.0,20806.0,False,False,False,
2023-09-09T05:00:00Z,19681.0,19681.0,False,False,False,
2023-09-09T06:00:00Z,18732.0,18732.0,False,False,False,
2023-09-09T07:00:00Z,17949.0,17949.0,False,False,False,
2023-09-09T08:00:00Z,17505.0,17505.0,False,False,False,
2023-09-09T09:00:00Z,17111.0,17111.0,False,False,False,
2023-09-09T10:00:00Z,16878.0,16878.0,False,False,False,
2023-09-09T11:00:00Z,16797.0,16797.0,False,False,False,
2023-09-09T12:00:00Z,16837.0,16837.0,False,False,False,
2023-09-09T13:00:00Z,16965.0,16965.0,False,False,False,
2023-09-09T14:00:00Z,17664.0,17664.0,False,False,False,
2023-09-09T15:00:00Z,18777.0,18777.0,False,False,False,
2023-09-09T16:00:00Z,20129.0,20129.0,False,False,False,
2023-09-09T17:00:00Z,21530.0,21530.0,False,False,False,
2023-09-09T18:00:00Z,22928.0,22928.0,False,False,False,
2023-09-09T19:00:00Z,24296.0,24296.0,False,False,False,
2023-09-09T20:00:00Z,25335.0,25335.0,False,False,False,
2023-09-09T21:00:00Z,25990.0,25990.0,False,False,False,
2023-09-09T22:00:00Z,26152.0,26152.0,False,False,False,
2023-09-09T23:00:00Z,26003.0,26003.0,False,False,False,
2023-09-10T00:00:00Z,25156.0,25156.0,False,False,False,
2023-09-10T01:00:00Z,23950.0,23950.0,False,False,False,
2023-09-10T02:00:00Z,23058.0,23058.0,False,False,False,
2023-09-10T03:00:00Z,21874.0,21874.0,False,False,False,
2023-09-10T04:00:00Z,20757.0,20757.0,False,False,False,
2023-09-10T05:00:00Z,19619.0,19619.0,False,False,False,
2023-09-10T06:00:00Z,18534.0,18534.0,False,False,False,
2023-09-10T07:00:00Z,17618.0,17618.0,False,False,False,
2023-09-10T08:00:00Z,17018.0,17018.0,False,False,False,
2023-09-10T09:00:00Z,16512.0,16512.0,False,False,False,
2023-09-10T10:00:00Z,16238.0,16238.0,False,False,False,
2023-09-10T11:00:00Z,16166.0,16166.0,False,False,False,
2023-09-10T12:00:00Z,16094.0,16094.0,False,False,False,
2023-09-10T13:00:00Z,16222.0,16222.0,False,False,False,
2023-09-10T14:00:00Z,17164.0,17164.0,False,False,False,
2023-09-10T15:00:00Z,18344.0,18344.0,False,False,False,
2023-09-10T16:00:00Z,19843.0,19843.0,False,False,False,
2023-09-10T17:00:00Z,21225.0,21225.0,False,False,False,
2023-09-10T18:00:00Z,22698.0,22698.0,False,False,False,
2023-09-10T19:00:00Z,23863.0,23863.0,False,False,False,
2023-09-10T20:00:00Z,24872.0,24872.0,False,False,False,
2023-09-10T21:00:00Z,25561.0,25561.0,False,False,False,
2023-09-10T22:00:00Z,25981.0,25981.0,False,False,False,
2023-09-10T23:00:00Z,25830.0,25830.0,False,False,False,
2023-09-11T00:00:00Z,25124.0,25124.0,False,False,False,
2023-09-11T01:00:00Z,24058.0,24058.0,False,False,False,
2023-09-11T02:00:00Z,23256.0,23256.0,False,False,False,
2023-09-11T03:00:00Z,21897.0,21897.0,False,False,False,
2023-09-11T04:00:00Z,20418.0,20418.0,False,False,False,
2023-09-11T05:00:00Z,18949.0,18949.0,False,False,False,
2023-09-11T06:00:00Z,17968.0,17968.0,False,False,False,
2023-09-11T07:00:00Z,17130.0,17130.0,False,False,False,
2023-09-11T08:00:00Z,16573.0,16573.0,False,False,False,
2023-09-11T09:00:00Z,16190.0,16190.0,False,False,False,
2023-09-11T10:00:00Z,16119.0,16119.0,False,False,False,
2023-09-11T11:00:00Z,16519.0,16519.0,False,False,False,
2023-09-11T12:00:00Z,17176.0,17176.0,False,False,False,
2023-09-11T13:00:00Z,17515.0,17515.0,False,False,False,
2023-09-11T14:00:00Z,18036.0,18036.0,False,False,False,
2023-09-11T15:00:00Z,19193.0,19193.0,False,False,False,
2023-09-11T16:00:00Z,20914.0,20914.0,False,False,False,
2023-09-11T17:00:00Z,22473.0,22473.0,False,False,False,
2023-09-11T18:00:00Z,23995.0,23995.0,False,False,False,
2023-09-11T19:00:00Z,25429.0,25429.0,False,False,False,
2023-09-11T20:00:00Z,26417.0,26417.0,False,False,False,
2023-09-11T21:00:00Z,26855.0,26855.0,False,False,False,
2023-09-11T22:00:00Z,27026.0,27026.0,False,False,False,
2023-09-11T23:00:00Z,26762.0,26762.0,False,False,False,
2023-09-12T00:00:00Z,26130.0,26130.0,False,False,False,
2023-09-12T01:00:00Z,25321.0,25321.0,False,False,False,
2023-09-12T02:00:00Z,24550.0,24550.0,False,False,False,
2023-09-12T03:00:00Z,23221.0,23221.0,False,False,False,
2023-09-12T04:00:00Z,21640.0,21640.0,False,False,False,
2023-09-12T05:00:00Z,20218.0,20218.0,False,False,False,
2023-09-12T06:00:00Z,19059.0,19059.0,False,False,False,
2023-09-12T07:00:00Z,18380.0,18380.0,False,False,False,
2023-09-12T08:00:00Z,17715.0,17715.0,False,False,False,
2023-09-12T09:00:00Z,17368.0,17368.0,False,False,False,
2023-09-12T10:00:00Z,17277.0,17277.0,False,False,False,
2023-09-12T11:00:00Z,17539.0,17539.0,False,False,False,
2023-09-12T12:00:00Z,18359.0,18359.0,False,False,False,
2023-09-12T13:00:00Z,18642.0,18642.0,False,False,False,
2023-09-12T14:00:00Z,19152.0,19152.0,False,False,False,
2023-09-12T15:00:00Z,20215.0,20215.0,False,False,False,
2023-09-12T16:00:00Z,21404.0,21404.0,False,False,False,
2023-09-12T17:00:00Z,22775.0,22775.0,False,False,False,
2023-09-12T18:00:00Z,23939.0,23939.0,False,False,False,
2023-09-12T19:00:00Z,24984.0,24984.0,False,False,False,
2023-09-12T20:00:00Z,25557.0,25557.0,False,False,False,
2023-09-12T21:00:00Z,26026.0,26026.0,False,False,False,
2023-09-12T22:00:00Z,26174.0,26174.0,False,False,False,
2023-09-12T23:00:00Z,26000.0,26000.0,False,False,False,
2023-09-13T00:00:00Z,25306.0,25306.0,False,False,False,
2023-09-13T01:00:00Z,24634.0,24634.0,False,False,False,
2023-09-13T02:00:00Z,24165.0,24165.0,False,False,False,
2023-09-13T03:00:00Z,23071.0,23071.0,False,False,False,
2023-09-13T04:00:00Z,21727.0,21727.0,False,False,False,
2023-09-13T05:00:00Z,20197.0,20197.0,False,False,False,
2023-09-13T06:00:00Z,19304.0,19304.0,False,False,False,
2023-09-13T07:00:00Z,18593.0,18593.0,False,False,False,
2023-09-13T08:00:00Z,17978.0,17978.0,False,False,False,
2023-09-13T09:00:00Z,17701.0,17701.0,False,False,False,
2023-09-13T10:00:00Z,17517.0,17517.0,False,False,False,
2023-09-13T11:00:00Z,17777.0,17777.0,False,False,False,
2023-09-13T12:00:00Z,18442.0,18442.0,False,False,False,
2023-09-13T13:00:00Z,18500.0,18500.0,False,False,False,
2023-09-13T14:00:00Z,19109.0,19109.0,False,False,False,
2023-09-13T15:00:00Z,20006.0,20006.0,False,False,False,
2023-09-13T16:00:00Z,21266.0,21266.0,False,False,False,
2023-09-13T17:00:00Z,22556.0,22556.0,False,False,False,
2023-09-13T18:00:00Z,23652.0,23652.0,False,False,False,
2023-09-13T19:00:00Z,24425.0,24425.0,False,False,False,
2023-09-13T20:00:00Z,24921.0,24921.0,False,False,False,
2023-09-13T21:00:00Z,24978.0,24978.0,False,False,False,
2023-09-13T22:00:00Z,24884.0,24884.0,False,False,False,
2023-09-13T23:00:00Z,24368.0,24368.0,False,False,False,
2023-09-14T00:00:00Z,23679.0,23679.0,False,False,False,
2023-09-14T01:00:00Z,23320.0,23320.0,False,False,False,
2023-09-14T02:00:00Z,22839.0,22839.0,False,False,False,
2023-09-14T03:00:00Z,21910.0,21910.0,False,False,False,
2023-09-14T04:00:00Z,20515.0,20515.0,False,False,False,
2023-09-14T05:00:00Z,19255.0,19255.0,False,False,False,
2023-09-14T06:00:00Z,18385.0,18385.0,False,False,False,
2023-09-14T07:00:00Z,17696.0,17696.0,False,False,False,
2023-09-14T08:00:00Z,17277.0,17277.0,False,False,False,
2023-09-14T09:00:00Z,17039.0,17039.0,False,False,False,
2023-09-14T10:00:00Z,17062.0,17062.0,False,False,False,
2023-09-14T11:00:00Z,17526.0,17526.0,False,False,False,
2023-09-14T12:00:00Z,18272.0,18272.0,False,False,False,
2023-09-14T13:00:00Z,18436.0,18436.0,False,False,False,
2023-09-14T14:00:00Z,18602.0,18602.0,False,False,False,
2023-09-14T15:00:00Z,19279.0,19279.0,False,False,False,
2023-09-14T16:00:00Z,19977.0,19977.0,False,False,False,
2023-09-14T17:00:00Z,20976.0,20976.0,False,False,False,
2023-09-14T18:00:00Z,21897.0,21897.0,False,False,False,
2023-09-14T19:00:00Z,22614.0,22614.0,False,False,False,
2023-09-14T20:00:00Z,23099.0,23099.0,False,False,False,
2023-09-14T21:00:00Z,23358.0,23358.0,False,False,False,
2023-09-14T22:00:00Z,23520.0,23520.0,False,False,False,
2023-09-14T23:00:00Z,23421.0,23421.0,False,False,False,
2023-09-15T00:00:00Z,23002.0,23002.0,False,False,False,
2023-09-15T01:00:00Z,22703.0,22703.0,False,False,False,
2023-09-15T02:00:00Z,22399.0,22399.0,False,False,False,
2023-09-15T03:00:00Z,21553.0,21553.0,False,False,False,
2023-09-15T04:00:00Z,20346.0,20346.0,False,False,False,
2023-09-15T05:00:00Z,19104.0,19104.0,False,False,False,
2023-09-15T06:00:00Z,18145.0,18145.0,False,False,False,
2023-09-15T07:00:00Z,17550.0,17550.0,False,False,False,
2023-09-15T08:00:00Z,17166.0,17166.0,False,False,False,
2023-09-15T09:00:00Z,16952.0,16952.0,False,False,False,
2023-09-15T10:00:00Z,16844.0,16844.0,False,False,False,
2023-09-15T11:00:00Z,17245.0,17245.0,False,False,False,
2023-09-15T12:00:00Z,17930.0,17930.0,False,False,False,
2023-09-15T13:00:00Z,18190.0,18190.0,False,False,False,
2023-09-15T14:00:00Z,18552.0,18552.0,False,False,False,
2023-09-15T15:00:00Z,19274.0,19274.0,False,False,False,
2023-09-15T16:00:00Z,20400.0,20400.0,False,False,False,
2023-09-15T17:00:00Z,21916.0,21916.0,False,False,False,
2023-09-15T18:00:00Z,23173.0,23173.0,False,False,False,
2023-09-15T19:00:00Z,24331.0,24331.0,False,False,False,
2023-09-15T20:00:00Z,24929.0,24929.0,False,False,False,
2023-09-15T21:00:00Z,25008.0,25008.0,False,False,False,
2023-09-15T22:00:00Z,25038.0,25038.0,False,False,False,
2023-09-15T23:00:00Z,24767.0,24767.0,False,False,False,
2023-09-16T00:00:00Z,23793.0,23793.0,False,False,False,
2023-09-16T01:00:00Z,23011.0,23011.0,False,False,False,
2023-09-16T02:00:00Z,22381.0,22381.0,False,False,False,
2023-09-16T03:00:00Z,21524.0,21524.0,False,False,False,
2023-09-16T04:00:00Z,20531.0,20531.0,False,False,False,
2023-09-16T05:00:00Z,19506.0,19506.0,False,False,False,
2023-09-16T06:00:00Z,18486.0,18486.0,False,False,False,
2023-09-16T07:00:00Z,17759.0,17759.0,False,False,False,
2023-09-16T08:00:00Z,17161.0,17161.0,False,False,False,
2023-09-16T09:00:00Z,16750.0,16750.0,False,False,False,
2023-09-16T10:00:00Z,16574.0,16574.0,False,False,False,
2023-09-16T11:00:00Z,16680.0,16680.0,False,False,False,
2023-09-16T12:00:00Z,16752.0,16752.0,False,False,False,
2023-09-16T13:00:00Z,16725.0,16725.0,False,False,False,
2023-09-16T14:00:00Z,17630.0,17630.0,False,False,False,
2023-09-16T15:00:00Z,18975.0,18975.0,False,False,False,
2023-09-16T16:00:00Z,20665.0,20665.0,False,False,False,
2023-09-16T17:00:00Z,22315.0,22315.0,False,False,False,
2023-09-16T18:00:00Z,23653.0,23653.0,False,False,False,
2023-09-16T19:00:00Z,24796.0,24796.0,False,False,False,
2023-09-16T20:00:00Z,25641.0,25641.0,False,False,False,
2023-09-16T21:00:00Z,26051.0,26051.0,False,False,False,
2023-09-16T22:00:00Z,25912.0,25912.0,False,False,False,
2023-09-16T23:00:00Z,25414.0,25414.0,False,False,False,
2023-09-17T00:00:00Z,24523.0,24523.0,False,False,False,
2023-09-17T01:00:00Z,23576.0,23576.0,False,False,False,
2023-09-17T02:00:00Z,22806.0,22806.0,False,False,False,
2023-09-17T03:00:00Z,21695.0,21695.0,False,False,False,
2023-09-17T04:00:00Z,20600.0,20600.0,False,False,False,
2023-09-17T05:00:00Z,19450.0,19450.0,False,False,False,
2023-09-17T06:00:00Z,18325.0,18325.0,False,False,False,
2023-09-17T07:00:00Z,17497.0,17497.0,False,False,False,
2023-09-17T08:00:00Z,16900.0,16900.0,False,False,False,
2023-09-17T09:00:00Z,16517.0,16517.0,False,False,False,
2023-09-17T10:00:00Z,16338.0,16338.0,False,False,False,
2023-09-17T11:00:00Z,16307.0,16307.0,False,False,False,
2023-09-17T12:00:00Z,16190.0,16190.0,False,False,False,
2023-09-17T13:00:00Z,16263.0,16263.0,False,False,False,
2023-09-17T14:00:00Z,17132.0,17132.0,False,False,False,
2023-09-17T15:00:00Z,18387.0,18387.0,False,False,False,
2023-09-17T16:00:00Z,19737.0,19737.0,False,False,False,
2023-09-17T17:00:00Z,21150.0,21150.0,False,False,False,
2023-09-17T18:00:00Z,22505.0,22505.0,False,False,False,
2023-09-17T19:00:00Z,23858.0,23858.0,False,False,False,
2023-09-17T20:00:00Z,24780.0,24780.0,False,False,False,
2023-09-17T21:00:00Z,25438.0,25438.0,False,False,False,
2023-09-17T22:00:00Z,25829.0,25829.0,False,False,False,
2023-09-17T23:00:00Z,25611.0,25611.0,False,False,False,
2023-09-18T00:00:00Z,24893.0,24893.0,False,False,False,
2023-09-18T01:00:00Z,23741.0,23741.0,False,False,False,
2023-09-18T02:00:00Z,22871.0,22871.0,False,False,False,
2023-09-18T03:00:00Z,21511.0,21511.0,False,False,False,
2023-09-18T04:00:00Z,20013.0,20013.0,False,False,False,
2023-09-18T05:00:00Z,18627.0,18627.0,False,False,False,
2023-09-18T06:00:00Z,17464.0,17464.0,False,False,False,
2023-09-18T07:00:00Z,16787.0,16787.0,False,False,False,
2023-09-18T08:00:00Z,16203.0,16203.0,False,False,False,
2023-09-18T09:00:00Z,15777.0,15777.0,False,False,False,
2023-09-18T10:00:00Z,15717.0,15717.0,False,False,False,
2023-09-18T11:00:00Z,16208.0,16208.0,False,False,False,
2023-09-18T12:00:00Z,16992.0,16992.0,False,False,False,
2023-09-18T13:00:00Z,17195.0,17195.0,False,False,False,
2023-09-18T14:00:00Z,17612.0,17612.0,False,False,False,
2023-09-18T15:00:00Z,18661.0,18661.0,False,False,False,
2023-09-18T16:00:00Z,19945.0,19945.0,False,False,False,
2023-09-18T17:00:00Z,21277.0,21277.0,False,False,False,
2023-09-18T18:00:00Z,22666.0,22666.0,False,False,False,
2023-09-18T19:00:00Z,23880.0,23880.0,False,False,False,
2023-09-18T20:00:00Z,24916.0,24916.0,False,False,False,
2023-09-18T21:00:00Z,25492.0,25492.0,False,False,False,
2023-09-18T22:00:00Z,25923.0,25923.0,False,False,False,
2023-09-18T23:00:00Z,25860.0,25860.0,False,False,False,
2023-09-19T00:00:00Z,25042.0,25042.0,False,False,False,
2023-09-19T01:00:00Z,23820.0,23820.0,False,False,False,
2023-09-19T02:00:00Z,22799.0,22799.0,False,False,False,
2023-09-19T03:00:00Z,21484.0,21484.0,False,False,False,
2023-09-19T04:00:00Z,19931.0,19931.0,False,False,False,
2023-09-19T05:00:00Z,18475.0,18475.0,False,False,False,
2023-09-19T06:00:00Z,17307.0,17307.0,False,False,False,
2023-09-19T07:00:00Z,16688.0,16688.0,False,False,False,
2023-09-19T08:00:00Z,16130.0,16130.0,False,False,False,
2023-09-19T09:00:00Z,15890.0,15890.0,False,False,False,
2023-09-19T10:00:00Z,15689.0,15689.0,False,False,False,
2023-09-19T11:00:00Z,16104.0,16104.0,False,False,False,
2023-09-19T12:00:00Z,16869.0,16869.0,False,False,False,
2023-09-19T13:00:00Z,17088.0,17088.0,False,False,False,
2023-09-19T14:00:00Z,17429.0,17429.0,False,False,False,
2023-09-19T15:00:00Z,18373.0,18373.0,False,False,False,
2023-09-19T16:00:00Z,19585.0,19585.0,False,False,False,
2023-09-19T17:00:00Z,21180.0,21180.0,False,False,False,
2023-09-19T18:00:00Z,22532.0,22532.0,False,False,False,
2023-09-19T19:00:00Z,23880.0,23880.0,False,False,False,
2023-09-19T20:00:00Z,24870.0,24870.0,False,False,False,
2023-09-19T21:00:00Z,25565.0,25565.0,False,False,False,
2023-09-19T22:00:00Z,25741.0,25741.0,False,False,False,
2023-09-19T23:00:00Z,25545.0,25545.0,False,False,False,
2023-09-20T00:00:00Z,24612.0,24612.0,False,False,False,
2023-09-20T01:00:00Z,23870.0,23870.0,False,False,False,
2023-09-20T02:00:00Z,22963.0,22963.0,False,False,False,
2023-09-20T03:00:00Z,21687.0,21687.0,False,False,False,
2023-09-20T04:00:00Z,20311.0,20311.0,False,False,False,
2023-09-20T05:00:00Z,18762.0,18762.0,False,False,False,
2023-09-20T06:00:00Z,17823.0,17823.0,False,False,False,
2023-09-20T07:00:00Z,17157.0,17157.0,False,False,False,
2023-09-20T08:00:00Z,16571.0,16571.0,False,False,False,
2023-09-20T09:00:00Z,16325.0,16325.0,False,False,False,
2023-09-20T10:00:00Z,16165.0,16165.0,False,False,False,
2023-09-20T11:00:00Z,16440.0,16440.0,False,False,False,
2023-09-20T12:00:00Z,17229.0,17229.0,False,False,False,
2023-09-20T13:00:00Z,17460.0,17460.0,False,False,False,
2023-09-20T14:00:00Z,18101.0,18101.0,False,False,False,
2023-09-20T15:00:00Z,19107.0,19107.0,False,False,False,
2023-09-20T16:00:00Z,20343.0,20343.0,False,False,False,
2023-09-20T17:00:00Z,21595.0,21595.0,False,False,False,
2023-09-20T18:00:00Z,22858.0,22858.0,False,False,False,
2023-09-20T19:00:00Z,23983.0,23983.0,False,False,False,
2023-09-20T20:00:00Z,24849.0,24849.0,False,False,False,
2023-09-20T21:00:00Z,25540.0,25540.0,False,False,False,
2023-09-20T22:00:00Z,25816.0,25816.0,False,False,False,
2023-09-20T23:00:00Z,25708.0,25708.0,False,False,False,
2023-09-21T00:00:00Z,25009.0,25009.0,False,False,False,
2023-09-21T01:00:00Z,24347.0,24347.0,False,False,False,
2023-09-21T02:00:00Z,23567.0,23567.0,False,False,False,
2023-09-21T03:00:00Z,22342.0,22342.0,False,False,False,
2023-09-21T04:00:00Z,21018.0,21018.0,False,False,False,
2023-09-21T05:00:00Z,19609.0,19609.0,False,False,False,
2023-09-21T06:00:00Z,18613.0,18613.0,False,False,False,
2023-09-21T07:00:00Z,17790.0,17790.0,False,False,False,
2023-09-21T08:00:00Z,17318.0,17318.0,False,False,False,
2023-09-21T09:00:00Z,16864.0,16864.0,False,False,False,
2023-09-21T10:00:00Z,16952.0,16952.0,False,False,False,
2023-09-21T11:00:00Z,17131.0,17131.0,False,False,False,
2023-09-21T12:00:00Z,17931.0,17931.0,False,False,False,
2023-09-21T13:00:00Z,18066.0,18066.0,False,False,False,
2023-09-21T14:00:00Z,18751.0,18751.0,False,False,False,
2023-09-21T15:00:00Z,19906.0,19906.0,False,False,False,
2023-09-21T16:00:00Z,21586.0,21586.0,False,False,False,
2023-09-21T17:00:00Z,23149.0,23149.0,False,False,False,
2023-09-21T18:00:00Z,24698.0,24698.0,False,False,False,
2023-09-21T19:00:00Z,25970.0,25970.0,False,False,False,
2023-09-21T20:00:00Z,27151.0,27151.0,False,False,False,
2023-09-21T21:00:00Z,27688.0,27688.0,False,False,False,
2023-09-21T22:00:00Z,27939.0,27939.0,False,False,False,
2023-09-21T23:00:00Z,27538.0,27538.0,False,False,False,
2023-09-22T00:00:00Z,26615.0,26615.0,False,False,False,
2023-09-22T01:00:00Z,25775.0,25775.0,False,False,False,
2023-09-22T02:00:00Z,24954.0,24954.0,False,False,False,
2023-09-22T03:00:00Z,23629.0,23629.0,False,False,False,
2023-09-22T04:00:00Z,22302.0,22302.0,False,False,False,
2023-09-22T05:00:00Z,20912.0,20912.0,False,False,False,
2023-09-22T06:00:00Z,19778.0,19778.0,False,False,False,
2023-09-22T07:00:00Z,18876.0,18876.0,False,False,False,
2023-09-22T08:00:00Z,18314.0,18314.0,False,False,False,
2023-09-22T09:00:00Z,17937.0,17937.0,False,False,False,
2023-09-22T10:00:00Z,17902.0,17902.0,False,False,False,
2023-09-22T11:00:00Z,18124.0,18124.0,False,False,False,
2023-09-22T12:00:00Z,18933.0,18933.0,False,False,False,
2023-09-22T13:00:00Z,18915.0,18915.0,False,False,False,
2023-09-22T14:00:00Z,19670.0,19670.0,False,False,False,
2023-09-22T15:00:00Z,20848.0,20848.0,False,False,False,
2023-09-22T16:00:00Z,22190.0,22190.0,False,False,False,
2023-09-22T17:00:00Z,23500.0,23500.0,False,False,False,
2023-09-22T18:00:00Z,24640.0,24640.0,False,False,False,
2023-09-22T19:00:00Z,25666.0,25666.0,False,False,False,
2023-09-22T20:00:00Z,26246.0,26246.0,False,False,False,
2023-09-22T21:00:00Z,26356.0,26356.0,False,False,False,
2023-09-22T22:00:00Z,26453.0,26453.0,False,False,False,
2023-09-22T23:00:00Z,25914.0,25914.0,False,False,False,
2023-09-23T00:00:00Z,24779.0,24779.0,False,False,False,
2023-09-23T01:00:00Z,23997.0,23997.0,False,False,False,
2023-09-23T02:00:00Z,23083.0,23083.0,False,False,False,
2023-09-23T03:00:00Z,22178.0,22178.0,False,False,False,
2023-09-23T04:00:00Z,21221.0,21221.0,False,False,False,
2023-09-23T05:00:00Z,20164.0,20164.0,False,False,False,
2023-09-23T06:00:00Z,19183.0,19183.0,False,False,False,
2023-09-23T07:00:00Z,18438.0,18438.0,False,False,False,
2023-09-23T08:00:00Z,17781.0,17781.0,False,False,False,
2023-09-23T09:00:00Z,17414.0,17414.0,False,False,False,
2023-09-23T10:00:00Z,17238.0,17238.0,False,False,False,
2023-09-23T11:00:00Z,17128.0,17128.0,False,False,False,
2023-09-23T12:00:00Z,17231.0,17231.0,False,False,False,
2023-09-23T13:00:00Z,17272.0,17272.0,False,False,False,
2023-09-23T14:00:00Z,18050.0,18050.0,False,False,False,
2023-09-23T15:00:00Z,19491.0,19491.0,False,False,False,
2023-09-23T16:00:00Z,21192.0,21192.0,False,False,False,
2023-09-23T17:00:00Z,22884.0,22884.0,False,False,False,
2023-09-23T18:00:00Z,24489.0,24489.0,False,False,False,
2023-09-23T19:00:00Z,25660.0,25660.0,False,False,False,
2023-09-23T20:00:00Z,26522.0,26522.0,False,False,False,
2023-09-23T21:00:00Z,27073.0,27073.0,False,False,False,
2023-09-23T22:00:00Z,27132.0,27132.0,False,False,False,
2023-09-23T23:00:00Z,26782.0,26782.0,False,False,False,
2023-09-24T00:00:00Z,25934.0,25934.0,False,False,False,
2023-09-24T01:00:00Z,24947.0,24947.0,False,False,False,
2023-09-24T02:00:00Z,24005.0,24005.0,False,False,False,
2023-09-24T03:00:00Z,22859.0,22859.0,False,False,False,
2023-09-24T04:00:00Z,21705.0,21705.0,False,False,False,
2023-09-24T05:00:00Z,20677.0,20677.0,False,False,False,
2023-09-24T06:00:00Z,19584.0,19584.0,False,False,False,
2023-09-24T07:00:00Z,18830.0,18830.0,False,False,False,
2023-09-24T08:00:00Z,18202.0,18202.0,False,False,False,
2023-09-24T09:00:00Z,17696.0,17696.0,False,False,False,
2023-09-24T10:00:00Z,17343.0,17343.0,False,False,False,
2023-09-24T11:00:00Z,17310.0,17310.0,False,False,False,
2023-09-24T12:00:00Z,17263.0,17263.0,False,False,False,
2023-09-24T13:00:00Z,17382.0,17382.0,False,False,False,
2023-09-24T14:00:00Z,18265.0,18265.0,False,False,False,
2023-09-24T15:00:00Z,19643.0,19643.0,False,False,False,
2023-09-24T16:00:00Z,20982.0,20982.0,False,False,False,
2023-09-24T17:00:00Z,22186.0,22186.0,False,False,False,
2023-09-24T18:00:00Z,23234.0,23234.0,False,False,False,
2023-09-24T19:00:00Z,24126.0,24126.0,False,False,False,
2023-09-24T20:00:00Z,24709.0,24709.0,False,False,False,
2023-09-24T21:00:00Z,25045.0,25045.0,False,False,False,
2023-09-24T22:00:00Z,25044.0,25044.0,False,False,False,
2023-09-24T23:00:00Z,24612.0,24612.0,False,False,False,
2023-09-25T00:00:00Z,24035.0,24035.0,False,False,False,
2023-09-25T01:00:00Z,23782.0,23782.0,False,False,False,
2023-09-25T02:00:00Z,23186.0,23186.0,False,False,False,
2023-09-25T03:00:00Z,22274.0,22274.0,False,False,False,
2023-09-25T04:00:00Z,21083.0,21083.0,False,False,False,
2023-09-25T05:00:00Z,19819.0,19819.0,False,False,False,
2023-09-25T06:00:00Z,18974.0,18974.0,False,False,False,
2023-09-25T07:00:00Z,18388.0,18388.0,False,False,False,
2023-09-25T08:00:00Z,17917.0,17917.0,False,False,False,
2023-09-25T09:00:00Z,17719.0,17719.0,False,False,False,
2023-09-25T10:00:00Z,17611.0,17611.0,False,False,False,
2023-09-25T11:00:00Z,17925.0,17925.0,False,False,False,
2023-09-25T12:00:00Z,18741.0,18741.0,False,False,False,
2023-09-25T13:00:00Z,19056.0,19056.0,False,False,False,
2023-09-25T14:00:00Z,19434.0,19434.0,False,False,False,
2023-09-25T15:00:00Z,20088.0,20088.0,False,False,False,
2023-09-25T16:00:00Z,21239.0,21239.0,False,False,False,
2023-09-25T17:00:00Z,22449.0,22449.0,False,False,False,
2023-09-25T18:00:00Z,23621.0,23621.0,False,False,False,
2023-09-25T19:00:00Z,24925.0,24925.0,False,False,False,
2023-09-25T20:00:00Z,25763.0,25763.0,False,False,False,
2023-09-25T21:00:00Z,26013.0,26013.0,False,False,False,
2023-09-25T22:00:00Z,25979.0,25979.0,False,False,False,
2023-09-25T23:00:00Z,25263.0,25263.0,False,False,False,
2023-09-26T00:00:00Z,24491.0,24491.0,False,False,False,
2023-09-26T01:00:00Z,24088.0,24088.0,False,False,False,
2023-09-26T02:00:00Z,23324.0,23324.0,False,False,False,
2023-09-26T03:00:00Z,22238.0,22238.0,False,False,False,
2023-09-26T04:00:00Z,20943.0,20943.0,False,False,False,
2023-09-26T05:00:00Z,19673.0,19673.0,False,False,False,
2023-09-26T06:00:00Z,18600.0,18600.0,False,False,False,
2023-09-26T07:00:00Z,17978.0,17978.0,False,False,False,
2023-09-26T08:00:00Z,17483.0,17483.0,False,False,False,
2023-09-26T09:00:00Z,17139.0,17139.0,False,False,False,
2023-09-26T10:00:00Z,17088.0,17088.0,False,False,False,
2023-09-26T11:00:00Z,17541.0,17541.0,False,False,False,
2023-09-26T12:00:00Z,18328.0,18328.0,False,False,False,
2023-09-26T13:00:00Z,18411.0,18411.0,False,False,False,
2023-09-26T14:00:00Z,19061.0,19061.0,False,False,False,
2023-09-26T15:00:00Z,20092.0,20092.0,False,False,False,
2023-09-26T16:00:00Z,21475.0,21475.0,False,False,False,
2023-09-26T17:00:00Z,23067.0,23067.0,False,False,False,
2023-09-26T18:00:00Z,24501.0,24501.0,False,False,False,
2023-09-26T19:00:00Z,25762.0,25762.0,False,False,False,
2023-09-26T20:00:00Z,26633.0,26633.0,False,False,False,
2023-09-26T21:00:00Z,26898.0,26898.0,False,False,False,
2023-09-26T22:00:00Z,26867.0,26867.0,False,False,False,
2023-09-26T23:00:00Z,26411.0,26411.0,False,False,False,
2023-09-27T00:00:00Z,25462.0,25462.0,False,False,False,
2023-09-27T01:00:00Z,24597.0,24597.0,False,False,False,
2023-09-27T02:00:00Z,23704.0,23704.0,False,False,False,
2023-09-27T03:00:00Z,22478.0,22478.0,False,False,False,
2023-09-27T04:00:00Z,21069.0,21069.0,False,False,False,
2023-09-27T05:00:00Z,19743.0,19743.0,False,False,False,
2023-09-27T06:00:00Z,18704.0,18704.0,False,False,False,
2023-09-27T07:00:00Z,17914.0,17914.0,False,False,False,
2023-09-27T08:00:00Z,17298.0,17298.0,False,False,False,
2023-09-27T09:00:00Z,17011.0,17011.0,False,False,False,
2023-09-27T10:00:00Z,17011.0,17011.0,False,False,False,
2023-09-27T11:00:00Z,17321.0,17321.0,False,False,False,
2023-09-27T12:00:00Z,18100.0,18100.0,False,False,False,
2023-09-27T13:00:00Z,18358.0,18358.0,False,False,False,
2023-09-27T14:00:00Z,18760.0,18760.0,False,False,False,
2023-09-27T15:00:00Z,19931.0,19931.0,False,False,False,
2023-09-27T16:00:00Z,21624.0,21624.0,False,False,False,
2023-09-27T17:00:00Z,23206.0,23206.0,False,False,False,
2023-09-27T18:00:00Z,24630.0,24630.0,False,False,False,
2023-09-27T19:00:00Z,26070.0,26070.0,False,False,False,
2023-09-27T20:00:00Z,27011.0,27011.0,False,False,False,
2023-09-27T21:00:00Z,27510.0,27510.0,False,False,False,
2023-09-27T22:00:00Z,27655.0,27655.0,False,False,False,
2023-09-27T23:00:00Z,27181.0,27181.0,False,False,False,
2023-09-28T00:00:00Z,26088.0,26088.0,False,False,False,
2023-09-28T01:00:00Z,25267.0,25267.0,False,False,False,
2023-09-28T02:00:00Z,24351.0,24351.0,False,False,False,
2023-09-28T03:00:00Z,23028.0,23028.0,False,False,False,
2023-09-28T04:00:00Z,21623.0,21623.0,False,False,False,
2023-09-28T05:00:00Z,20093.0,20093.0,False,False,False,
2023-09-28T06:00:00Z,19113.0,19113.0,False,False,False,
2023-09-28T07:00:00Z,18294.0,18294.0,False,False,False,
2023-09-28T08:00:00Z,17727.0,17727.0,False,False,False,
2023-09-28T09:00:00Z,17409.0,17409.0,False,False,False,
2023-09-28T10:00:00Z,17350.0,17350.0,False,False,False,
2023-09-28T11:00:00Z,17615.0,17615.0,False,False,False,
2023-09-28T12:00:00Z,18369.0,18369.0,False,False,False,
2023-09-28T13:00:00Z,18453.0,18453.0,False,False,False,
2023-09-28T14:00:00Z,18842.0,18842.0,False,False,False,
2023-09-28T15:00:00Z,19722.0,19722.0,False,False,False,
2023-09-28T16:00:00Z,20985.0,20985.0,False,False,False,
2023-09-28T17:00:00Z,22474.0,22474.0,False,False,False,
2023-09-28T18:00:00Z,23867.0,23867.0,False,False,False,
2023-09-28T19:00:00Z,25260.0,25260.0,False,False,False,
2023-09-28T20:00:00Z,26192.0,26192.0,False,False,False,
2023-09-28T21:00:00Z,26724.0,26724.0,False,False,False,
2023-09-28T22:00:00Z,26857.0,26857.0,False,False,False,
2023-09-28T23:00:00Z,26375.0,26375.0,False,False,False,
2023-09-29T00:00:00Z,25399.0,25399.0,False,False,False,
2023-09-29T01:00:00Z,24683.0,24683.0,False,False,False,
2023-09-29T02:00:00Z,23771.0,23771.0,False,False,False,
2023-09-29T03:00:00Z,22612.0,22612.0,False,False,False,
2023-09-29T04:00:00Z,21119.0,21119.0,False,False,False,
2023-09-29T05:00:00Z,19722.0,19722.0,False,False,False,
2023-09-29T06:00:00Z,18631.0,18631.0,False,False,False,
2023-09-29T07:00:00Z,17896.0,17896.0,False,False,False,
2023-09-29T08:00:00Z,17271.0,17271.0,False,False,False,
2023-09-29T09:00:00Z,16935.0,16935.0,False,False,False,
2023-09-29T10:00:00Z,16862.0,16862.0,False,False,False,
2023-09-29T11:00:00Z,17185.0,17185.0,False,False,False,
2023-09-29T12:00:00Z,17985.0,17985.0,False,False,False,
2023-09-29T13:00:00Z,17999.0,17999.0,False,False,False,
2023-09-29T14:00:00Z,18507.0,18507.0,False,False,False,
2023-09-29T15:00:00Z,19618.0,19618.0,False,False,False,
2023-09-29T16:00:00Z,20933.0,20933.0,False,False,False,
2023-09-29T17:00:00Z,22308.0,22308.0,False,False,False,
2023-09-29T18:00:00Z,23763.0,23763.0,False,False,False,
2023-09-29T19:00:00Z,25009.0,25009.0,False,False,False,
2023-09-29T20:00:00Z,25986.0,25986.0,False,False,False,
2023-09-29T21:00:00Z,26570.0,26570.0,False,False,False,
2023-09-29T22:00:00Z,26856.0,26856.0,False,False,False,
2023-09-29T23:00:00Z,26456.0,26456.0,False,False,False,
2023-09-30T00:00:00Z,25301.0,25301.0,False,False,False,
2023-09-30T01:00:00Z,24202.0,24202.0,False,False,False,
2023-09-30T02:00:00Z,23084.0,23084.0,False,False,False,
2023-09-30T03:00:00Z,21842.0,21842.0,False,False,False,
2023-09-30T04:00:00Z,20522.0,20522.0,False,False,False,
2023-09-30T05:00:00Z,19363.0,19363.0,False,False,False,
2023-09-30T06:00:00Z,18317.0,18317.0,False,False,False,
2023-09-30T07:00:00Z,17510.0,17510.0,False,False,False,
2023-09-30T08:00:00Z,16881.0,16881.0,False,False,False,
2023-09-30T09:00:00Z,16479.0,16479.0,False,False,False,
2023-09-30T10:00:00Z,16289.0,16289.0,False,False,False,
2023-09-30T11:00:00Z,16202.0,16202.0,False,False,False,
2023-09-30T12:00:00Z,16405.0,16405.0,False,False,False,
2023-09-30T13:00:00Z,16332.0,16332.0,False,False,False,
2023-09-30T14:00:00Z,17080.0,17080.0,False,False,False,
2023-09-30T15:00:00Z,18545.0,18545.0,False,False,False,
2023-09-30T16:00:00Z,20119.0,20119.0,False,False,False,
2023-09-30T17:00:00Z,21864.0,21864.0,False,False,False,
2023-09-30T18:00:00Z,23448.0,23448.0,False,False,False,
2023-09-30T19:00:00Z,24750.0,24750.0,False,False,False,
2023-09-30T20:00:00Z,25716.0,25716.0,False,False,False,
2023-09-30T21:00:00Z,26298.0,26298.0,False,False,False,
2023-09-30T22:00:00Z,26497.0,26497.0,False,False,False,
2023-09-30T23:00:00Z,26103.0,26103.0,False,False,False,
2023-10-01T00:00:00Z,24949.0,24949.0,False,False,False,
2023-10-01T01:00:00Z,23939.0,23939.0,False,False,False,
2023-10-01T02:00:00Z,22678.0,22678.0,False,False,False,
2023-10-01T03:00:00Z,21605.0,21605.0,False,False,False,
2023-10-01T04:00:00Z,20388.0,20388.0,False,False,False,
2023-10-01T05:00:00Z,19215.0,19215.0,False,False,False,
2023-10-01T06:00:00Z,18228.0,18228.0,False,False,False,
2023-10-01T07:00:00Z,17420.0,17420.0,False,False,False,
2023-10-01T08:00:00Z,16844.0,16844.0,False,False,False,
2023-10-01T09:00:00Z,16366.0,16366.0,False,False,False,
2023-10-01T10:00:00Z,16047.0,16047.0,False,False,False,
2023-10-01T11:00:00Z,15950.0,15950.0,False,False,False,
2023-10-01T12:00:00Z,16015.0,16015.0,False,False,False,
2023-10-01T13:00:00Z,16152.0,16152.0,False,False,False,
2023-10-01T14:00:00Z,17037.0,17037.0,False,False,False,
2023-10-01T15:00:00Z,18420.0,18420.0,False,False,False,
2023-10-01T16:00:00Z,20002.0,20002.0,False,False,False,
2023-10-01T17:00:00Z,21739.0,21739.0,False,False,False,
2023-10-01T18:00:00Z,23179.0,23179.0,False,False,False,
2023-10-01T19:00:00Z,24237.0,24237.0,False,False,False,
2023-10-01T20:00:00Z,25165.0,25165.0,False,False,False,
2023-10-01T21:00:00Z,25696.0,25696.0,False,False,False,
2023-10-01T22:00:00Z,25690.0,25690.0,False,False,False,
2023-10-01T23:00:00Z,25460.0,25460.0,False,False,False,
2023-10-02T00:00:00Z,24526.0,24526.0,False,False,False,
2023-10-02T01:00:00Z,23634.0,23634.0,False,False,False,
2023-10-02T02:00:00Z,22629.0,22629.0,False,False,False,
2023-10-02T03:00:00Z,21333.0,21333.0,False,False,False,
2023-10-02T04:00:00Z,20034.0,20034.0,False,False,False,
2023-10-02T05:00:00Z,18677.0,18677.0,False,False,False,
2023-10-02T06:00:00Z,17588.0,17588.0,False,False,False,
2023-10-02T07:00:00Z,16868.0,16868.0,False,False,False,
2023-10-02T08:00:00Z,16436.0,16436.0,False,False,False,
2023-10-02T09:00:00Z,16072.0,16072.0,False,False,False,
2023-10-02T10:00:00Z,16074.0,16074.0,False,False,False,
2023-10-02T11:00:00Z,16517.0,16517.0,False,False,False,
2023-10-02T12:00:00Z,17396.0,17396.0,False,False,False,
2023-10-02T13:00:00Z,17702.0,17702.0,False,False,False,
2023-10-02T14:00:00Z,18175.0,18175.0,False,False,False,
2023-10-02T15:00:00Z,19242.0,19242.0,False,False,False,
2023-10-02T16:00:00Z,20666.0,20666.0,False,False,False,
2023-10-02T17:00:00Z,22107.0,22107.0,False,False,False,
2023-10-02T18:00:00Z,23398.0,23398.0,False,False,False,
2023-10-02T19:00:00Z,24476.0,24476.0,False,False,False,
2023-10-02T20:00:00Z,25226.0,25226.0,False,False,False,
2023-10-02T21:00:00Z,25689.0,25689.0,False,False,False,
2023-10-02T22:00:00Z,25796.0,25796.0,False,False,False,
2023-10-02T23:00:00Z,25331.0,25331.0,False,False,False,
2023-10-03T00:00:00Z,24488.0,24488.0,False,False,False,
2023-10-03T01:00:00Z,23755.0,23755.0,False,False,False,
2023-10-03T02:00:00Z,22652.0,22652.0,False,False,False,
2023-10-03T03:00:00Z,21369.0,21369.0,False,False,False,
2023-10-03T04:00:00Z,19909.0,19909.0,False,False,False,
2023-10-03T05:00:00Z,18589.0,18589.0,False,False,False,
2023-10-03T06:00:00Z,17504.0,17504.0,False,False,False,
2023-10-03T07:00:00Z,16791.0,16791.0,False,False,False,
2023-10-03T08:00:00Z,16557.0,16557.0,False,False,False,
2023-10-03T09:00:00Z,16249.0,16249.0,False,False,False,
2023-10-03T10:00:00Z,16241.0,16241.0,False,False,False,
2023-10-03T11:00:00Z,16740.0,16740.0,False,False,False,
2023-10-03T12:00:00Z,17543.0,17543.0,False,False,False,
2023-10-03T13:00:00Z,17685.0,17685.0,False,False,False,
2023-10-03T14:00:00Z,18062.0,18062.0,False,False,False,
2023-10-03T15:00:00Z,19069.0,19069.0,False,False,False,
2023-10-03T16:00:00Z,20300.0,20300.0,False,False,False,
2023-10-03T17:00:00Z,21611.0,21611.0,False,False,False,
2023-10-03T18:00:00Z,22886.0,22886.0,False,False,False,
2023-10-03T19:00:00Z,24000.0,24000.0,False,False,False,
2023-10-03T20:00:00Z,24543.0,24543.0,False,False,False,
2023-10-03T21:00:00Z,24898.0,24898.0,False,False,False,
2023-10-03T22:00:00Z,25146.0,25146.0,False,False,False,
2023-10-03T23:00:00Z,24675.0,24675.0,False,False,False,
2023-10-04T00:00:00Z,23925.0,23925.0,False,False,False,
2023-10-04T01:00:00Z,23556.0,23556.0,False,False,False,
2023-10-04T02:00:00Z,22832.0,22832.0,False,False,False,
2023-10-04T03:00:00Z,21789.0,21789.0,False,False,False,
2023-10-04T04:00:00Z,20475.0,20475.0,False,False,False,
2023-10-04T05:00:00Z,19026.0,19026.0,False,False,False,
2023-10-04T06:00:00Z,18090.0,18090.0,False,False,False,
2023-10-04T07:00:00Z,17330.0,17330.0,False,False,False,
2023-10-04T08:00:00Z,16923.0,16923.0,False,False,False,
2023-10-04T09:00:00Z,16653.0,16653.0,False,False,False,
2023-10-04T10:00:00Z,16522.0,16522.0,False,False,False,
2023-10-04T11:00:00Z,16954.0,16954.0,False,False,False,
2023-10-04T12:00:00Z,17836.0,17836.0,False,False,False,
2023-10-04T13:00:00Z,17860.0,17860.0,False,False,False,
2023-10-04T14:00:00Z,18236.0,18236.0,False,False,False,
2023-10-04T15:00:00Z,19136.0,19136.0,False,False,False,
2023-10-04T16:00:00Z,20245.0,20245.0,False,False,False,
2023-10-04T17:00:00Z,21323.0,21323.0,False,False,False,
2023-10-04T18:00:00Z,22148.0,22148.0,False,False,False,
2023-10-04T19:00:00Z,22961.0,22961.0,False,False,False,
2023-10-04T20:00:00Z,23394.0,23394.0,False,False,False,
2023-10-04T21:00:00Z,23798.0,23798.0,False,False,False,
2023-10-04T22:00:00Z,23732.0,23732.0,False,False,False,
2023-10-04T23:00:00Z,23392.0,23392.0,False,False,False,
2023-10-05T00:00:00Z,22990.0,22990.0,False,False,False,
2023-10-05T01:00:00Z,22695.0,22695.0,False,False,False,
2023-10-05T02:00:00Z,22053.0,22053.0,False,False,False,
2023-10-05T03:00:00Z,21237.0,21237.0,False,False,False,
2023-10-05T04:00:00Z,20117.0,20117.0,False,False,False,
2023-10-05T05:00:00Z,18940.0,18940.0,False,False,False,
2023-10-05T06:00:00Z,18051.0,18051.0,False,False,False,
2023-10-05T07:00:00Z,17355.0,17355.0,False,False,False,
2023-10-05T08:00:00Z,17023.0,17023.0,False,False,False,
2023-10-05T09:00:00Z,16586.0,16586.0,False,False,False,
2023-10-05T10:00:00Z,16698.0,16698.0,False,False,False,
2023-10-05T11:00:00Z,17194.0,17194.0,False,False,False,
2023-10-05T12:00:00Z,17911.0,17911.0,False,False,False,
2023-10-05T13:00:00Z,18203.0,18203.0,False,False,False,
2023-10-05T14:00:00Z,18446.0,18446.0,False,False,False,
2023-10-05T15:00:00Z,18851.0,18851.0,False,False,False,
2023-10-05T16:00:00Z,19739.0,19739.0,False,False,False,
2023-10-05T17:00:00Z,20369.0,20369.0,False,False,False,
2023-10-05T18:00:00Z,20861.0,20861.0,False,False,False,
2023-10-05T19:00:00Z,21243.0,21243.0,False,False,False,
2023-10-05T20:00:00Z,21394.0,21394.0,False,False,False,
2023-10-05T21:00:00Z,21370.0,21370.0,False,False,False,
2023-10-05T22:00:00Z,21484.0,21484.0,False,False,False,
2023-10-05T23:00:00Z,21275.0,21275.0,False,False,False,
2023-10-06T00:00:00Z,21101.0,21101.0,False,False,False,
2023-10-06T01:00:00Z,21302.0,21302.0,False,False,False,
2023-10-06T02:00:00Z,20946.0,20946.0,False,False,False,
2023-10-06T03:00:00Z,20316.0,20316.0,False,False,False,
2023-10-06T04:00:00Z,19268.0,19268.0,False,False,False,
2023-10-06T05:00:00Z,18215.0,18215.0,False,False,False,
2023-10-06T06:00:00Z,17311.0,17311.0,False,False,False,
2023-10-06T07:00:00Z,16695.0,16695.0,False,False,False,
2023-10-06T08:00:00Z,16270.0,16270.0,False,False,False,
2023-10-06T09:00:00Z,16069.0,16069.0,False,False,False,
2023-10-06T10:00:00Z,16129.0,16129.0,False,False,False,
2023-10-06T11:00:00Z,16530.0,16530.0,False,False,False,
2023-10-06T12:00:00Z,17281.0,17281.0,False,False,False,
2023-10-06T13:00:00Z,17520.0,17520.0,False,False,False,
2023-10-06T14:00:00Z,17735.0,17735.0,False,False,False,
2023-10-06T15:00:00Z,18269.0,18269.0,False,False,False,
2023-10-06T16:00:00Z,18866.0,18866.0,False,False,False,
2023-10-06T17:00:00Z,19460.0,19460.0,False,False,False,
2023-10-06T18:00:00Z,20202.0,20202.0,False,False,False,
2023-10-06T19:00:00Z,21067.0,21067.0,False,False,False,
2023-10-06T20:00:00Z,21661.0,21661.0,False,False,False,
2023-10-06T21:00:00Z,22218.0,22218.0,False,False,False,
2023-10-06T22:00:00Z,22404.0,22404.0,False,False,False,
2023-10-06T23:00:00Z,21932.0,21932.0,False,False,False,
2023-10-07T00:00:00Z,21053.0,21053.0,False,False,False,
2023-10-07T01:00:00Z,20619.0,20619.0,False,False,False,
2023-10-07T02:00:00Z,19810.0,19810.0,False,False,False,
2023-10-07T03:00:00Z,19097.0,19097.0,False,False,False,
2023-10-07T04:00:00Z,18307.0,18307.0,False,False,False,
2023-10-07T05:00:00Z,17348.0,17348.0,False,False,False,
2023-10-07T06:00:00Z,16475.0,16475.0,False,False,False,
2023-10-07T07:00:00Z,15894.0,15894.0,False,False,False,
2023-10-07T08:00:00Z,15449.0,15449.0,False,False,False,
2023-10-07T09:00:00Z,15083.0,15083.0,False,False,False,
2023-10-07T10:00:00Z,14909.0,14909.0,False,False,False,
2023-10-07T11:00:00Z,14902.0,14902.0,False,False,False,
2023-10-07T12:00:00Z,15075.0,15075.0,False,False,False,
2023-10-07T13:00:00Z,15172.0,15172.0,False,False,False,
2023-10-07T14:00:00Z,15506.0,15506.0,False,False,False,
2023-10-07T15:00:00Z,15919.0,15919.0,False,False,False,
2023-10-07T16:00:00Z,16287.0,16287.0,False,False,False,
2023-10-07T17:00:00Z,16566.0,16566.0,False,False,False,
2023-10-07T18:00:00Z,16876.0,16876.0,False,False,False,
2023-10-07T19:00:00Z,17175.0,17175.0,False,False,False,
2023-10-07T20:00:00Z,17384.0,17384.0,False,False,False,
2023-10-07T21:00:00Z,17747.0,17747.0,False,False,False,
2023-10-07T22:00:00Z,17983.0,17983.0,False,False,False,
2023-10-07T23:00:00Z,17777.0,17777.0,False,False,False,
2023-10-08T00:00:00Z,17433.0,17433.0,False,False,False,
2023-10-08T01:00:00Z,17344.0,17344.0,False,False,False,
2023-10-08T02:00:00Z,17072.0,17072.0,False,False,False,
2023-10-08T03:00:00Z,16599.0,16599.0,False,False,False,
2023-10-08T04:00:00Z,16026.0,16026.0,False,False,False,
2023-10-08T05:00:00Z,15334.0,15334.0,False,False,False,
2023-10-08T06:00:00Z,14605.0,14605.0,False,False,False,
2023-10-08T07:00:00Z,14240.0,14240.0,False,False,False,
2023-10-08T08:00:00Z,13953.0,13953.0,False,False,False,
2023-10-08T09:00:00Z,13830.0,13830.0,False,False,False,
2023-10-08T10:00:00Z,13786.0,13786.0,False,False,False,
2023-10-08T11:00:00Z,13951.0,13951.0,False,False,False,
2023-10-08T12:00:00Z,14212.0,14212.0,False,False,False,
2023-10-08T13:00:00Z,14499.0,14499.0,False,False,False,
2023-10-08T14:00:00Z,15047.0,15047.0,False,False,False,
2023-10-08T15:00:00Z,15381.0,15381.0,False,False,False,
2023-10-08T16:00:00Z,15602.0,15602.0,False,False,False,
2023-10-08T17:00:00Z,15763.0,15763.0,False,False,False,
2023-10-08T18:00:00Z,16215.0,16215.0,False,False,False,
2023-10-08T19:00:00Z,16452.0,16452.0,False,False,False,
2023-10-08T20:00:00Z,16829.0,16829.0,False,False,False,
2023-10-08T21:00:00Z,17334.0,17334.0,False,False,False,
2023-10-08T22:00:00Z,17835.0,17835.0,False,False,False,
2023-10-08T23:00:00Z,17758.0,17758.0,False,False,False,
2023-10-09T00:00:00Z,17635.0,17635.0,False,False,False,
2023-10-09T01:00:00Z,17897.0,17897.0,False,False,False,
2023-10-09T02:00:00Z,17542.0,17542.0,False,False,False,
2023-10-09T03:00:00Z,16905.0,16905.0,False,False,False,
2023-10-09T04:00:00Z,16089.0,16089.0,False,False,False,
2023-10-09T05:00:00Z,15274.0,15274.0,False,False,False,
2023-10-09T06:00:00Z,14645.0,14645.0,False,False,False,
2023-10-09T07:00:00Z,14235.0,14235.0,False,False,False,
2023-10-09T08:00:00Z,13976.0,13976.0,False,False,False,
2023-10-09T09:00:00Z,13855.0,13855.0,False,False,False,
2023-10-09T10:00:00Z,14089.0,14089.0,False,False,False,
2023-10-09T11:00:00Z,14817.0,14817.0,False,False,False,
2023-10-09T12:00:00Z,15740.0,15740.0,False,False,False,
2023-10-09T13:00:00Z,16101.0,16101.0,False,False,False,
2023-10-09T14:00:00Z,16344.0,16344.0,False,False,False,
2023-10-09T15:00:00Z,16633.0,16633.0,False,False,False,
2023-10-09T16:00:00Z,16891.0,16891.0,False,False,False,
2023-10-09T17:00:00Z,17324.0,17324.0,False,False,False,
2023-10-09T18:00:00Z,17811.0,17811.0,False,False,False,
2023-10-09T19:00:00Z,18432.0,18432.0,False,False,False,
2023-10-09T20:00:00Z,19254.0,19254.0,False,False,False,
2023-10-09T21:00:00Z,19855.0,19855.0,False,False,False,
2023-10-09T22:00:00Z,20347.0,20347.0,False,False,False,
2023-10-09T23:00:00Z,20224.0,20224.0,False,False,False,
2023-10-10T00:00:00Z,19856.0,19856.0,False,False,False,
2023-10-10T01:00:00Z,19692.0,19692.0,False,False,False,
2023-10-10T02:00:00Z,18901.0,18901.0,False,False,False,
2023-10-10T03:00:00Z,18279.0,18279.0,False,False,False,
2023-10-10T04:00:00Z,17256.0,17256.0,False,False,False,
2023-10-10T05:00:00Z,16193.0,16193.0,False,False,False,
2023-10-10T06:00:00Z,15419.0,15419.0,False,False,False,
2023-10-10T07:00:00Z,14998.0,14998.0,False,False,False,
2023-10-10T08:00:00Z,14599.0,14599.0,False,False,False,
2023-10-10T09:00:00Z,14339.0,14339.0,False,False,False,
2023-10-10T10:00:00Z,14528.0,14528.0,False,False,False,
2023-10-10T11:00:00Z,15063.0,15063.0,False,False,False,
2023-10-10T12:00:00Z,15984.0,15984.0,False,False,False,
2023-10-10T13:00:00Z,16303.0,16303.0,False,False,False,
2023-10-10T14:00:00Z,16400.0,16400.0,False,False,False,
2023-10-10T15:00:00Z,16666.0,16666.0,False,False,False,
2023-10-10T16:00:00Z,17203.0,17203.0,False,False,False,
2023-10-10T17:00:00Z,17675.0,17675.0,False,False,False,
2023-10-10T18:00:00Z,18143.0,18143.0,False,False,False,
2023-10-10T19:00:00Z,18831.0,18831.0,False,False,False,
2023-10-10T20:00:00Z,19305.0,19305.0,False,False,False,
2023-10-10T21:00:00Z,19736.0,19736.0,False,False,False,
2023-10-10T22:00:00Z,19813.0,19813.0,False,False,False,
2023-10-10T23:00:00Z,19600.0,19600.0,False,False,False,
2023-10-11T00:00:00Z,19601.0,19601.0,False,False,False,
2023-10-11T01:00:00Z,19624.0,19624.0,False,False,False,
2023-10-11T02:00:00Z,19313.0,19313.0,False,False,False,
2023-10-11T03:00:00Z,18630.0,18630.0,False,False,False,
2023-10-11T04:00:00Z,17663.0,17663.0,False,False,False,
2023-10-11T05:00:00Z,16740.0,16740.0,False,False,False,
2023-10-11T06:00:00Z,15963.0,15963.0,False,False,False,
2023-10-11T07:00:00Z,15489.0,15489.0,False,False,False,
2023-10-11T08:00:00Z,15181.0,15181.0,False,False,False,
2023-10-11T09:00:00Z,14967.0,14967.0,False,False,False,
2023-10-11T10:00:00Z,15088.0,15088.0,False,False,False,
2023-10-11T11:00:00Z,15602.0,15602.0,False,False,False,
2023-10-11T12:00:00Z,16587.0,16587.0,False,False,False,
2023-10-11T13:00:00Z,17033.0,17033.0,False,False,False,
2023-10-11T14:00:00Z,17104.0,17104.0,False,False,False,
2023-10-11T15:00:00Z,17357.0,17357.0,False,False,False,
2023-10-11T16:00:00Z,17410.0,17410.0,False,False,False,
2023-10-11T17:00:00Z,17571.0,17571.0,False,False,False,
2023-10-11T18:00:00Z,17538.0,17538.0,False,False,False,
2023-10-11T19:00:00Z,17599.0,17599.0,False,False,False,
2023-10-11T20:00:00Z,17638.0,17638.0,False,False,False,
2023-10-11T21:00:00Z,17658.0,17658.0,False,False,False,
2023-10-11T22:00:00Z,17675.0,17675.0,False,False,False,
2023-10-11T23:00:00Z,17818.0,17818.0,False,False,False,
2023-10-12T00:00:00Z,17926.0,17926.0,False,False,False,
2023-10-12T01:00:00Z,18116.0,18116.0,False,False,False,
2023-10-12T02:00:00Z,17814.0,17814.0,False,False,False,
2023-10-12T03:00:00Z,17344.0,17344.0,False,False,False,
2023-10-12T04:00:00Z,16477.0,16477.0,False,False,False,
2023-10-12T05:00:00Z,15598.0,15598.0,False,False,False,
2023-10-12T06:00:00Z,14943.0,14943.0,False,False,False,
2023-10-12T07:00:00Z,14567.0,14567.0,False,False,False,
2023-10-12T08:00:00Z,14301.0,14301.0,False,False,False,
2023-10-12T09:00:00Z,14148.0,14148.0,False,False,False,
2023-10-12T10:00:00Z,14305.0,14305.0,False,False,False,
2023-10-12T11:00:00Z,14895.0,14895.0,False,False,False,
2023-10-12T12:00:00Z,15774.0,15774.0,False,False,False,
2023-10-12T13:00:00Z,16256.0,16256.0,False,False,False,
2023-10-12T14:00:00Z,16413.0,16413.0,False,False,False,
2023-10-12T15:00:00Z,16680.0,16680.0,False,False,False,
2023-10-12T16:00:00Z,16872.0,16872.0,False,False,False,
2023-10-12T17:00:00Z,17065.0,17065.0,False,False,False,
2023-10-12T18:00:00Z,17202.0,17202.0,False,False,False,
2023-10-12T19:00:00Z,17662.0,17662.0,False,False,False,
2023-10-12T20:00:00Z,17901.0,17901.0,False,False,False,
2023-10-12T21:00:00Z,18117.0,18117.0,False,False,False,
2023-10-12T22:00:00Z,18386.0,18386.0,False,False,False,
2023-10-12T23:00:00Z,18415.0,18415.0,False,False,False,
2023-10-13T00:00:00Z,18338.0,18338.0,False,False,False,
2023-10-13T01:00:00Z,18667.0,18667.0,False,False,False,
2023-10-13T02:00:00Z,18490.0,18490.0,False,False,False,
2023-10-13T03:00:00Z,17899.0,17899.0,False,False,False,
2023-10-13T04:00:00Z,17085.0,17085.0,False,False,False,
2023-10-13T05:00:00Z,16281.0,16281.0,False,False,False,
2023-10-13T06:00:00Z,15415.0,15415.0,False,False,False,
2023-10-13T07:00:00Z,15039.0,15039.0,False,False,False,
2023-10-13T08:00:00Z,14770.0,14770.0,False,False,False,
2023-10-13T09:00:00Z,14659.0,14659.0,False,False,False,
2023-10-13T10:00:00Z,14774.0,14774.0,False,False,False,
2023-10-13T11:00:00Z,15074.0,15074.0,False,False,False,
2023-10-13T12:00:00Z,15991.0,15991.0,False,False,False,
2023-10-13T13:00:00Z,16416.0,16416.0,False,False,False,
2023-10-13T14:00:00Z,16723.0,16723.0,False,False,False,
2023-10-13T15:00:00Z,17269.0,17269.0,False,False,False,
2023-10-13T16:00:00Z,17866.0,17866.0,False,False,False,
2023-10-13T17:00:00Z,18468.0,18468.0,False,False,False,
2023-10-13T18:00:00Z,19184.0,19184.0,False,False,False,
2023-10-13T19:00:00Z,19988.0,19988.0,False,False,False,
2023-10-13T20:00:00Z,20775.0,20775.0,False,False,False,
2023-10-13T21:00:00Z,21205.0,21205.0,False,False,False,
2023-10-13T22:00:00Z,21621.0,21621.0,False,False,False,
2023-10-13T23:00:00Z,21389.0,21389.0,False,False,False,
2023-10-14T00:00:00Z,20670.0,20670.0,False,False,False,
2023-10-14T01:00:00Z,20375.0,20375.0,False,False,False,
2023-10-14T02:00:00Z,19572.0,19572.0,False,False,False,
2023-10-14T03:00:00Z,18969.0,18969.0,False,False,False,
2023-10-14T04:00:00Z,18055.0,18055.0,False,False,False,
2023-10-14T05:00:00Z,17156.0,17156.0,False,False,False,
2023-10-14T06:00:00Z,16269.0,16269.0,False,False,False,
2023-10-14T07:00:00Z,15655.0,15655.0,False,False,False,
2023-10-14T08:00:00Z,15379.0,15379.0,False,False,False,
2023-10-14T09:00:00Z,15061.0,15061.0,False,False,False,
2023-10-14T10:00:00Z,14814.0,14814.0,False,False,False,
2023-10-14T11:00:00Z,14971.0,14971.0,False,False,False,
2023-10-14T12:00:00Z,15191.0,15191.0,False,False,False,
2023-10-14T13:00:00Z,15283.0,15283.0,False,False,False,
2023-10-14T14:00:00Z,15704.0,15704.0,False,False,False,
2023-10-14T15:00:00Z,16176.0,16176.0,False,False,False,
2023-10-14T16:00:00Z,16693.0,16693.0,False,False,False,
2023-10-14T17:00:00Z,16955.0,16955.0,False,False,False,
2023-10-14T18:00:00Z,16843.0,16843.0,False,False,False,
2023-10-14T19:00:00Z,16877.0,16877.0,False,False,False,
2023-10-14T20:00:00Z,17314.0,17314.0,False,False,False,
2023-10-14T21:00:00Z,17658.0,17658.0,False,False,False,
2023-10-14T22:00:00Z,17887.0,17887.0,False,False,False,
2023-10-14T23:00:00Z,17704.0,17704.0,False,False,False,
2023-10-15T00:00:00Z,17405.0,17405.0,False,False,False,
2023-10-15T01:00:00Z,17544.0,17544.0,False,False,False,
2023-10-15T02:00:00Z,17039.0,17039.0,False,False,False,
2023-10-15T03:00:00Z,16586.0,16586.0,False,False,False,
2023-10-15T04:00:00Z,16085.0,16085.0,False,False,False,
2023-10-15T05:00:00Z,15411.0,15411.0,False,False,False,
2023-10-15T06:00:00Z,14718.0,14718.0,False,False,False,
2023-10-15T07:00:00Z,14338.0,14338.0,False,False,False,
2023-10-15T08:00:00Z,14062.0,14062.0,False,False,False,
2023-10-15T09:00:00Z,13921.0,13921.0,False,False,False,
2023-10-15T10:00:00Z,13849.0,13849.0,False,False,False,
2023-10-15T11:00:00Z,13977.0,13977.0,False,False,False,
2023-10-15T12:00:00Z,14232.0,14232.0,False,False,False,
2023-10-15T13:00:00Z,14471.0,14471.0,False,False,False,
2023-10-15T14:00:00Z,15036.0,15036.0,False,False,False,
2023-10-15T15:00:00Z,15442.0,15442.0,False,False,False,
2023-10-15T16:00:00Z,15701.0,15701.0,False,False,False,
2023-10-15T17:00:00Z,15816.0,15816.0,False,False,False,
2023-10-15T18:00:00Z,15862.0,15862.0,False,False,False,
2023-10-15T19:00:00Z,16026.0,16026.0,False,False,False,
2023-10-15T20:00:00Z,16064.0,16064.0,False,False,False,
2023-10-15T21:00:00Z,16186.0,16186.0,False,False,False,
2023-10-15T22:00:00Z,16239.0,16239.0,False,False,False,
2023-10-15T23:00:00Z,16380.0,16380.0,False,False,False,
2023-10-16T00:00:00Z,16550.0,16550.0,False,False,False,
2023-10-16T01:00:00Z,17122.0,17122.0,False,False,False,
2023-10-16T02:00:00Z,16821.0,16821.0,False,False,False,
2023-10-16T03:00:00Z,16336.0,16336.0,False,False,False,
2023-10-16T04:00:00Z,15502.0,15502.0,False,False,False,
2023-10-16T05:00:00Z,14790.0,14790.0,False,False,False,
2023-10-16T06:00:00Z,14301.0,14301.0,False,False,False,
2023-10-16T07:00:00Z,14014.0,14014.0,False,False,False,
2023-10-16T08:00:00Z,13808.0,13808.0,False,False,False,
2023-10-16T09:00:00Z,13881.0,13881.0,False,False,False,
2023-10-16T10:00:00Z,13990.0,13990.0,False,False,False,
2023-10-16T11:00:00Z,14814.0,14814.0,False,False,False,
2023-10-16T12:00:00Z,15973.0,15973.0,False,False,False,
2023-10-16T13:00:00Z,16386.0,16386.0,False,False,False,
2023-10-16T14:00:00Z,16559.0,16559.0,False,False,False,
2023-10-16T15:00:00Z,16610.0,16610.0,False,False,False,
2023-10-16T16:00:00Z,16621.0,16621.0,False,False,False,
2023-10-16T17:00:00Z,16575.0,16575.0,False,False,False,
2023-10-16T18:00:00Z,16536.0,16536.0,False,False,False,
2023-10-16T19:00:00Z,16565.0,16565.0,False,False,False,
2023-10-16T20:00:00Z,16519.0,16519.0,False,False,False,
2023-10-16T21:00:00Z,16675.0,16675.0,False,False,False,
2023-10-16T22:00:00Z,16740.0,16740.0,False,False,False,
2023-10-16T23:00:00Z,16854.0,16854.0,False,False,False,
2023-10-17T00:00:00Z,17128.0,17128.0,False,False,False,
2023-10-17T01:00:00Z,17618.0,17618.0,False,False,False,
2023-10-17T02:00:00Z,17285.0,17285.0,False,False,False,
2023-10-17T03:00:00Z,16743.0,16743.0,False,False,False,
2023-10-17T04:00:00Z,15941.0,15941.0,False,False,False,
2023-10-17T05:00:00Z,15294.0,15294.0,False,False,False,
2023-10-17T06:00:00Z,14767.0,14767.0,False,False,False,
2023-10-17T07:00:00Z,14533.0,14533.0,False,False,False,
2023-10-17T08:00:00Z,14456.0,14456.0,False,False,False,
2023-10-17T09:00:00Z,14512.0,14512.0,False,False,False,
2023-10-17T10:00:00Z,14786.0,14786.0,False,False,False,
2023-10-17T11:00:00Z,15388.0,15388.0,False,False,False,
2023-10-17T12:00:00Z,16705.0,16705.0,False,False,False,
2023-10-17T13:00:00Z,17301.0,17301.0,False,False,False,
2023-10-17T14:00:00Z,17097.0,17097.0,False,False,False,
2023-10-17T15:00:00Z,16919.0,16919.0,False,False,False,
2023-10-17T16:00:00Z,16667.0,16667.0,False,False,False,
2023-10-17T17:00:00Z,16483.0,16483.0,False,False,False,
2023-10-17T18:00:00Z,16407.0,16407.0,False,False,False,
2023-10-17T19:00:00Z,16617.0,16617.0,False,False,False,
2023-10-17T20:00:00Z,16751.0,16751.0,False,False,False,
2023-10-17T21:00:00Z,16900.0,16900.0,False,False,False,
2023-10-17T22:00:00Z,17264.0,17264.0,False,False,False,
2023-10-17T23:00:00Z,17334.0,17334.0,False,False,False,
2023-10-18T00:00:00Z,17296.0,17296.0,False,False,False,
2023-10-18T01:00:00Z,17625.0,17625.0,False,False,False,
2023-10-18T02:00:00Z,17507.0,17507.0,False,False,False,
2023-10-18T03:00:00Z,16821.0,16821.0,False,False,False,
2023-10-18T04:00:00Z,15997.0,15997.0,False,False,False,
2023-10-18T05:00:00Z,15196.0,15196.0,False,False,False,
2023-10-18T06:00:00Z,14646.0,14646.0,False,False,False,
2023-10-18T07:00:00Z,14340.0,14340.0,False,False,False,
2023-10-18T08:00:00Z,14202.0,14202.0,False,False,False,
2023-10-18T09:00:00Z,14192.0,14192.0,False,False,False,
2023-10-18T10:00:00Z,14453.0,14453.0,False,False,False,
2023-10-18T11:00:00Z,15152.0,15152.0,False,False,False,
2023-10-18T12:00:00Z,16394.0,16394.0,False,False,False,
2023-10-18T13:00:00Z,16910.0,16910.0,False,False,False,
2023-10-18T14:00:00Z,16847.0,16847.0,False,False,False,
2023-10-18T15:00:00Z,16675.0,16675.0,False,False,False,
2023-10-18T16:00:00Z,16545.0,16545.0,False,False,False,
2023-10-18T17:00:00Z,16560.0,16560.0,False,False,False,
2023-10-18T18:00:00Z,16744.0,16744.0,False,False,False,
2023-10-18T19:00:00Z,17200.0,17200.0,False,False,False,
2023-10-18T20:00:00Z,17448.0,17448.0,False,False,False,
2023-10-18T21:00:00Z,17799.0,17799.0,False,False,False,
2023-10-18T22:00:00Z,18042.0,18042.0,False,False,False,
2023-10-18T23:00:00Z,17951.0,17951.0,False,False,False,
2023-10-19T00:00:00Z,17896.0,17896.0,False,False,False,
2023-10-19T01:00:00Z,18184.0,18184.0,False,False,False,
2023-10-19T02:00:00Z,17761.0,17761.0,False,False,False,
2023-10-19T03:00:00Z,17171.0,17171.0,False,False,False,
2023-10-19T04:00:00Z,16243.0,16243.0,False,False,False,
2023-10-19T05:00:00Z,15340.0,15340.0,False,False,False,
2023-10-19T06:00:00Z,14624.0,14624.0,False,False,False,
2023-10-19T07:00:00Z,14244.0,14244.0,False,False,False,
2023-10-19T08:00:00Z,14055.0,14055.0,False,False,False,
2023-10-19T09:00:00Z,13989.0,13989.0,False,False,False,
2023-10-19T10:00:00Z,14130.0,14130.0,False,False,False,
2023-10-19T11:00:00Z,14790.0,14790.0,False,False,False,
2023-10-19T12:00:00Z,15828.0,15828.0,False,False,False,
2023-10-19T13:00:00Z,16205.0,16205.0,False,False,False,
2023-10-19T14:00:00Z,16224.0,16224.0,False,False,False,
2023-10-19T15:00:00Z,16466.0,16466.0,False,False,False,
2023-10-19T16:00:00Z,16854.0,16854.0,False,False,False,
2023-10-19T17:00:00Z,17379.0,17379.0,False,False,False,
2023-10-19T18:00:00Z,17936.0,17936.0,False,False,False,
2023-10-19T19:00:00Z,18514.0,18514.0,False,False,False,
2023-10-19T20:00:00Z,19126.0,19126.0,False,False,False,
2023-10-19T21:00:00Z,19534.0,19534.0,False,False,False,
2023-10-19T22:00:00Z,19833.0,19833.0,False,False,False,
2023-10-19T23:00:00Z,19634.0,19634.0,False,False,False,
2023-10-20T00:00:00Z,19428.0,19428.0,False,False,False,
2023-10-20T01:00:00Z,19461.0,19461.0,False,False,False,
2023-10-20T02:00:00Z,18902.0,18902.0,False,False,False,
2023-10-20T03:00:00Z,18129.0,18129.0,False,False,False,
2023-10-20T04:00:00Z,17221.0,17221.0,False,False,False,
2023-10-20T05:00:00Z,16217.0,16217.0,False,False,False,
2023-10-20T06:00:00Z,15379.0,15379.0,False,False,False,
2023-10-20T07:00:00Z,14905.0,14905.0,False,False,False,
2023-10-20T08:00:00Z,14480.0,14480.0,False,False,False,
2023-10-20T09:00:00Z,14456.0,14456.0,False,False,False,
2023-10-20T10:00:00Z,14451.0,14451.0,False,False,False,
2023-10-20T11:00:00Z,14995.0,14995.0,False,False,False,
2023-10-20T12:00:00Z,15955.0,15955.0,False,False,False,
2023-10-20T13:00:00Z,16316.0,16316.0,False,False,False,
2023-10-20T14:00:00Z,16419.0,16419.0,False,False,False,
2023-10-20T15:00:00Z,16968.0,16968.0,False,False,False,
2023-10-20T16:00:00Z,17603.0,17603.0,False,False,False,
2023-10-20T17:00:00Z,18284.0,18284.0,False,False,False,
2023-10-20T18:00:00Z,19095.0,19095.0,False,False,False,
2023-10-20T19:00:00Z,19965.0,19965.0,False,False,False,
2023-10-20T20:00:00Z,20649.0,20649.0,False,False,False,
2023-10-20T21:00:00Z,21204.0,21204.0,False,False,False,
2023-10-20T22:00:00Z,21579.0,21579.0,False,False,False,
2023-10-20T23:00:00Z,21320.0,21320.0,False,False,False,
2023-10-21T00:00:00Z,20321.0,20321.0,False,False,False,
2023-10-21T01:00:00Z,19636.0,19636.0,False,False,False,
2023-10-21T02:00:00Z,18841.0,18841.0,False,False,False,
2023-10-21T03:00:00Z,18056.0,18056.0,False,False,False,
2023-10-21T04:00:00Z,17179.0,17179.0,False,False,False,
2023-10-21T05:00:00Z,16262.0,16262.0,False,False,False,
2023-10-21T06:00:00Z,15478.0,15478.0,False,False,False,
2023-10-21T07:00:00Z,14785.0,14785.0,False,False,False,
2023-10-21T08:00:00Z,14407.0,14407.0,False,False,False,
2023-10-21T09:00:00Z,14059.0,14059.0,False,False,False,
2023-10-21T10:00:00Z,13953.0,13953.0,False,False,False,
2023-10-21T11:00:00Z,14125.0,14125.0,False,False,False,
2023-10-21T12:00:00Z,14547.0,14547.0,False,False,False,
2023-10-21T13:00:00Z,14759.0,14759.0,False,False,False,
2023-10-21T14:00:00Z,15362.0,15362.0,False,False,False,
2023-10-21T15:00:00Z,15896.0,15896.0,False,False,False,
2023-10-21T16:00:00Z,16486.0,16486.0,False,False,False,
2023-10-21T17:00:00Z,17110.0,17110.0,False,False,False,
2023-10-21T18:00:00Z,17878.0,17878.0,False,False,False,
2023-10-21T19:00:00Z,18746.0,18746.0,False,False,False,
2023-10-21T20:00:00Z,19707.0,19707.0,False,False,False,
2023-10-21T21:00:00Z,20324.0,20324.0,False,False,False,
2023-10-21T22:00:00Z,20572.0,20572.0,False,False,False,
2023-10-21T23:00:00Z,20263.0,20263.0,False,False,False,
2023-10-22T00:00:00Z,19534.0,19534.0,False,False,False,
2023-10-22T01:00:00Z,19102.0,19102.0,False,False,False,
2023-10-22T02:00:00Z,18501.0,18501.0,False,False,False,
2023-10-22T03:00:00Z,17846.0,17846.0,False,False,False,
2023-10-22T04:00:00Z,17043.0,17043.0,False,False,False,
2023-10-22T05:00:00Z,16165.0,16165.0,False,False,False,
2023-10-22T06:00:00Z,15443.0,15443.0,False,False,False,
2023-10-22T07:00:00Z,14883.0,14883.0,False,False,False,
2023-10-22T08:00:00Z,14637.0,14637.0,False,False,False,
2023-10-22T09:00:00Z,14430.0,14430.0,False,False,False,
2023-10-22T10:00:00Z,14309.0,14309.0,False,False,False,
2023-10-22T11:00:00Z,14311.0,14311.0,False,False,False,
2023-10-22T12:00:00Z,14526.0,14526.0,False,False,False,
2023-10-22T13:00:00Z,14762.0,14762.0,False,False,False,
2023-10-22T14:00:00Z,15355.0,15355.0,False,False,False,
2023-10-22T15:00:00Z,16069.0,16069.0,False,False,False,
2023-10-22T16:00:00Z,16699.0,16699.0,False,False,False,
2023-10-22T17:00:00Z,17546.0,17546.0,False,False,False,
2023-10-22T18:00:00Z,18482.0,18482.0,False,False,False,
2023-10-22T19:00:00Z,19462.0,19462.0,False,False,False,
2023-10-22T20:00:00Z,20273.0,20273.0,False,False,False,
2023-10-22T21:00:00Z,20792.0,20792.0,False,False,False,
2023-10-22T22:00:00Z,20865.0,20865.0,False,False,False,
2023-10-22T23:00:00Z,20643.0,20643.0,False,False,False,
2023-10-23T00:00:00Z,20099.0,20099.0,False,False,False,
2023-10-23T01:00:00Z,20074.0,20074.0,False,False,False,
2023-10-23T02:00:00Z,19443.0,19443.0,False,False,False,
2023-10-23T03:00:00Z,18495.0,18495.0,False,False,False,
2023-10-23T04:00:00Z,17450.0,17450.0,False,False,False,
2023-10-23T05:00:00Z,16485.0,16485.0,False,False,False,
2023-10-23T06:00:00Z,15581.0,15581.0,False,False,False,
2023-10-23T07:00:00Z,15064.0,15064.0,False,False,False,
2023-10-23T08:00:00Z,14836.0,14836.0,False,False,False,
2023-10-23T09:00:00Z,14585.0,14585.0,False,False,False,
2023-10-23T10:00:00Z,14733.0,14733.0,False,False,False,
2023-10-23T11:00:00Z,15270.0,15270.0,False,False,False,
2023-10-23T12:00:00Z,16284.0,16284.0,False,False,False,
2023-10-23T13:00:00Z,16587.0,16587.0,False,False,False,
2023-10-23T14:00:00Z,16753.0,16753.0,False,False,False,
2023-10-23T15:00:00Z,17277.0,17277.0,False,False,False,
2023-10-23T16:00:00Z,17937.0,17937.0,False,False,False,
2023-10-23T17:00:00Z,18826.0,18826.0,False,False,False,
2023-10-23T18:00:00Z,19743.0,19743.0,False,False,False,
2023-10-23T19:00:00Z,20650.0,20650.0,False,False,False,
2023-10-23T20:00:00Z,21368.0,21368.0,False,False,False,
2023-10-23T21:00:00Z,21782.0,21782.0,False,False,False,
2023-10-23T22:00:00Z,21920.0,21920.0,False,False,False,
2023-10-23T23:00:00Z,21609.0,21609.0,False,False,False,
2023-10-24T00:00:00Z,21127.0,21127.0,False,False,False,
2023-10-24T01:00:00Z,20963.0,20963.0,False,False,False,
2023-10-24T02:00:00Z,20236.0,20236.0,False,False,False,
2023-10-24T03:00:00Z,19338.0,19338.0,False,False,False,
2023-10-24T04:00:00Z,18177.0,18177.0,False,False,False,
2023-10-24T05:00:00Z,17062.0,17062.0,False,False,False,
2023-10-24T06:00:00Z,16236.0,16236.0,False,False,False,
2023-10-24T07:00:00Z,15650.0,15650.0,False,False,False,
2023-10-24T08:00:00Z,15264.0,15264.0,False,False,False,
2023-10-24T09:00:00Z,15022.0,15022.0,False,False,False,
2023-10-24T10:00:00Z,15102.0,15102.0,False,False,False,
2023-10-24T11:00:00Z,15665.0,15665.0,False,False,False,
2023-10-24T12:00:00Z,16642.0,16642.0,False,False,False,
2023-10-24T13:00:00Z,17058.0,17058.0,False,False,False,
2023-10-24T14:00:00Z,17155.0,17155.0,False,False,False,
2023-10-24T15:00:00Z,17679.0,17679.0,False,False,False,
2023-10-24T16:00:00Z,18427.0,18427.0,False,False,False,
2023-10-24T17:00:00Z,19229.0,19229.0,False,False,False,
2023-10-24T18:00:00Z,20035.0,20035.0,False,False,False,
2023-10-24T19:00:00Z,20871.0,20871.0,False,False,False,
2023-10-24T20:00:00Z,21488.0,21488.0,False,False,False,
2023-10-24T21:00:00Z,21980.0,21980.0,False,False,False,
2023-10-24T22:00:00Z,22064.0,22064.0,False,False,False,
2023-10-24T23:00:00Z,21606.0,21606.0,False,False,False,
2023-10-25T00:00:00Z,21218.0,21218.0,False,False,False,
2023-10-25T01:00:00Z,21018.0,21018.0,False,False,False,
2023-10-25T02:00:00Z,20436.0,20436.0,False,False,False,
2023-10-25T03:00:00Z,19692.0,19692.0,False,False,False,
2023-10-25T04:00:00Z,18605.0,18605.0,False,False,False,
2023-10-25T05:00:00Z,17451.0,17451.0,False,False,False,
2023-10-25T06:00:00Z,16552.0,16552.0,False,False,False,
2023-10-25T07:00:00Z,15989.0,15989.0,False,False,False,
2023-10-25T08:00:00Z,15593.0,15593.0,False,False,False,
2023-10-25T09:00:00Z,15413.0,15413.0,False,False,False,
2023-10-25T10:00:00Z,15403.0,15403.0,False,False,False,
2023-10-25T11:00:00Z,15816.0,15816.0,False,False,False,
2023-10-25T12:00:00Z,16803.0,16803.0,False,False,False,
2023-10-25T13:00:00Z,17149.0,17149.0,False,False,False,
2023-10-25T14:00:00Z,17307.0,17307.0,False,False,False,
2023-10-25T15:00:00Z,17819.0,17819.0,False,False,False,
2023-10-25T16:00:00Z,18620.0,18620.0,False,False,False,
2023-10-25T17:00:00Z,19548.0,19548.0,False,False,False,
2023-10-25T18:00:00Z,20514.0,20514.0,False,False,False,
2023-10-25T19:00:00Z,21280.0,21280.0,False,False,False,
2023-10-25T20:00:00Z,22055.0,22055.0,False,False,False,
2023-10-25T21:00:00Z,22382.0,22382.0,False,False,False,
2023-10-25T22:00:00Z,22572.0,22572.0,False,False,False,
2023-10-25T23:00:00Z,22008.0,22008.0,False,False,False,
2023-10-26T00:00:00Z,21599.0,21599.0,False,False,False,
2023-10-26T01:00:00Z,21493.0,21493.0,False,False,False,
2023-10-26T02:00:00Z,20794.0,20794.0,False,False,False,
2023-10-26T03:00:00Z,19972.0,19972.0,False,False,False,
2023-10-26T04:00:00Z,18890.0,18890.0,False,False,False,
2023-10-26T05:00:00Z,17851.0,17851.0,False,False,False,
2023-10-26T06:00:00Z,16997.0,16997.0,False,False,False,
2023-10-26T07:00:00Z,16298.0,16298.0,False,False,False,
2023-10-26T08:00:00Z,16022.0,16022.0,False,False,False,
2023-10-26T09:00:00Z,15689.0,15689.0,False,False,False,
2023-10-26T10:00:00Z,15766.0,15766.0,False,False,False,
2023-10-26T11:00:00Z,16208.0,16208.0,False,False,False,
2023-10-26T12:00:00Z,17051.0,17051.0,False,False,False,
2023-10-26T13:00:00Z,17306.0,17306.0,False,False,False,
2023-10-26T14:00:00Z,17533.0,17533.0,False,False,False,
2023-10-26T15:00:00Z,18037.0,18037.0,False,False,False,
2023-10-26T16:00:00Z,19171.0,19171.0,False,False,False,
2023-10-26T17:00:00Z,19793.0,19793.0,False,False,False,
2023-10-26T18:00:00Z,20570.0,20570.0,False,False,False,
2023-10-26T19:00:00Z,21324.0,21324.0,False,False,False,
2023-10-26T20:00:00Z,21752.0,21752.0,False,False,False,
2023-10-26T21:00:00Z,21840.0,21840.0,False,False,False,
2023-10-26T22:00:00Z,21790.0,21790.0,False,False,False,
2023-10-26T23:00:00Z,21431.0,21431.0,False,False,False,
2023-10-27T00:00:00Z,21186.0,21186.0,False,False,False,
2023-10-27T01:00:00Z,21169.0,21169.0,False,False,False,
2023-10-27T02:00:00Z,20610.0,20610.0,False,False,False,
2023-10-27T03:00:00Z,19965.0,19965.0,False,False,False,
2023-10-27T04:00:00Z,18925.0,18925.0,False,False,False,
2023-10-27T05:00:00Z,17960.0,17960.0,False,False,False,
2023-10-27T06:00:00Z,17119.0,17119.0,False,False,False,
2023-10-27T07:00:00Z,16450.0,16450.0,False,False,False,
2023-10-27T08:00:00Z,16079.0,16079.0,False,False,False,
2023-10-27T09:00:00Z,15958.0,15958.0,False,False,False,
2023-10-27T10:00:00Z,15944.0,15944.0,False,False,False,
2023-10-27T11:00:00Z,16313.0,16313.0,False,False,False,
2023-10-27T12:00:00Z,17232.0,17232.0,False,False,False,
2023-10-27T13:00:00Z,17627.0,17627.0,False,False,False,
2023-10-27T14:00:00Z,17817.0,17817.0,False,False,False,
2023-10-27T15:00:00Z,18390.0,18390.0,False,False,False,
2023-10-27T16:00:00Z,19022.0,19022.0,False,False,False,
2023-10-27T17:00:00Z,19806.0,19806.0,False,False,False,
2023-10-27T18:00:00Z,20604.0,20604.0,False,False,False,
2023-10-27T19:00:00Z,21526.0,21526.0,False,False,False,
2023-10-27T20:00:00Z,22082.0,22082.0,False,False,False,
2023-10-27T21:00:00Z,22257.0,22257.0,False,False,False,
2023-10-27T22:00:00Z,22253.0,22253.0,False,False,False,
2023-10-27T23:00:00Z,21635.0,21635.0,False,False,False,
2023-10-28T00:00:00Z,21057.0,21057.0,False,False,False,
2023-10-28T01:00:00Z,20822.0,20822.0,False,False,False,
2023-10-28T02:00:00Z,20202.0,20202.0,False,False,False,
2023-10-28T03:00:00Z,19523.0,19523.0,False,False,False,
2023-10-28T04:00:00Z,18794.0,18794.0,False,False,False,
2023-10-28T05:00:00Z,17908.0,17908.0,False,False,False,
2023-10-28T06:00:00Z,17065.0,17065.0,False,False,False,
2023-10-28T07:00:00Z,16427.0,16427.0,False,False,False,
2023-10-28T08:00:00Z,16063.0,16063.0,False,False,False,
2023-10-28T09:00:00Z,15815.0,15815.0,False,False,False,
2023-10-28T10:00:00Z,15620.0,15620.0,False,False,False,
2023-10-28T11:00:00Z,15677.0,15677.0,False,False,False,
2023-10-28T12:00:00Z,15875.0,15875.0,False,False,False,
2023-10-28T13:00:00Z,16100.0,16100.0,False,False,False,
2023-10-28T14:00:00Z,16655.0,16655.0,False,False,False,
2023-10-28T15:00:00Z,17532.0,17532.0,False,False,False,
2023-10-28T16:00:00Z,18425.0,18425.0,False,False,False,
2023-10-28T17:00:00Z,19365.0,19365.0,False,False,False,
2023-10-28T18:00:00Z,19985.0,19985.0,False,False,False,
2023-10-28T19:00:00Z,20405.0,20405.0,False,False,False,
2023-10-28T20:00:00Z,20818.0,20818.0,False,False,False,
2023-10-28T21:00:00Z,21117.0,21117.0,False,False,False,
2023-10-28T22:00:00Z,21120.0,21120.0,False,False,False,
2023-10-28T23:00:00Z,20471.0,20471.0,False,False,False,
2023-10-29T00:00:00Z,19999.0,19999.0,False,False,False,
2023-10-29T01:00:00Z,19766.0,19766.0,False,False,False,
2023-10-29T02:00:00Z,19157.0,19157.0,False,False,False,
2023-10-29T03:00:00Z,18496.0,18496.0,False,False,False,
2023-10-29T04:00:00Z,17701.0,17701.0,False,False,False,
2023-10-29T05:00:00Z,16842.0,16842.0,False,False,False,
2023-10-29T06:00:00Z,16129.0,16129.0,False,False,False,
2023-10-29T07:00:00Z,15615.0,15615.0,False,False,False,
2023-10-29T08:00:00Z,15235.0,15235.0,False,False,False,
2023-10-29T09:00:00Z,14976.0,14976.0,False,False,False,
2023-10-29T10:00:00Z,14876.0,14876.0,False,False,False,
2023-10-29T11:00:00Z,14888.0,14888.0,False,False,False,
2023-10-29T12:00:00Z,15044.0,15044.0,False,False,False,
2023-10-29T13:00:00Z,15321.0,15321.0,False,False,False,
2023-10-29T14:00:00Z,15929.0,15929.0,False,False,False,
2023-10-29T15:00:00Z,16799.0,16799.0,False,False,False,
2023-10-29T16:00:00Z,17854.0,17854.0,False,False,False,
2023-10-29T17:00:00Z,18804.0,18804.0,False,False,False,
2023-10-29T18:00:00Z,19770.0,19770.0,False,False,False,
2023-10-29T19:00:00Z,20484.0,20484.0,False,False,False,
2023-10-29T20:00:00Z,20957.0,20957.0,False,False,False,
2023-10-29T21:00:00Z,21169.0,21169.0,False,False,False,
2023-10-29T22:00:00Z,21237.0,21237.0,False,False,False,
2023-10-29T23:00:00Z,20708.0,20708.0,False,False,False,
2023-10-30T00:00:00Z,20260.0,20260.0,False,False,False,
2023-10-30T01:00:00Z,20213.0,20213.0,False,False,False,
2023-10-30T02:00:00Z,19555.0,19555.0,False,False,False,
2023-10-30T03:00:00Z,18663.0,18663.0,False,False,False,
2023-10-30T04:00:00Z,17590.0,17590.0,False,False,False,
2023-10-30T05:00:00Z,16590.0,16590.0,False,False,False,
2023-10-30T06:00:00Z,15861.0,15861.0,False,False,False,
2023-10-30T07:00:00Z,15329.0,15329.0,False,False,False,
2023-10-30T08:00:00Z,14968.0,14968.0,False,False,False,
2023-10-30T09:00:00Z,14848.0,14848.0,False,False,False,
2023-10-30T10:00:00Z,14925.0,14925.0,False,False,False,
2023-10-30T11:00:00Z,15541.0,15541.0,False,False,False,
2023-10-30T12:00:00Z,16540.0,16540.0,False,False,False,
2023-10-30T13:00:00Z,17172.0,17172.0,False,False,False,
2023-10-30T14:00:00Z,17439.0,17439.0,False,False,False,
2023-10-30T15:00:00Z,17717.0,17717.0,False,False,False,
2023-10-30T16:00:00Z,17928.0,17928.0,False,False,False,
2023-10-30T17:00:00Z,18056.0,18056.0,False,False,False,
2023-10-30T18:00:00Z,18032.0,18032.0,False,False,False,
2023-10-30T19:00:00Z,18048.0,18048.0,False,False,False,
2023-10-30T20:00:00Z,17823.0,17823.0,False,False,False,
2023-10-30T21:00:00Z,17855.0,17855.0,False,False,False,
2023-10-30T22:00:00Z,18017.0,18017.0,False,False,False,
2023-10-30T23:00:00Z,18256.0,18256.0,False,False,False,
2023-10-31T00:00:00Z,18780.0,18780.0,False,False,False,
2023-10-31T01:00:00Z,19135.0,19135.0,False,False,False,
2023-10-31T02:00:00Z,18977.0,18977.0,False,False,False,
2023-10-31T03:00:00Z,18398.0,18398.0,False,False,False,
2023-10-31T04:00:00Z,17571.0,17571.0,False,False,False,
2023-10-31T05:00:00Z,16709.0,16709.0,False,False,False,
2023-10-31T06:00:00Z,16317.0,16317.0,False,False,False,
2023-10-31T07:00:00Z,16030.0,16030.0,False,False,False,
2023-10-31T08:00:00Z,15967.0,15967.0,False,False,False,
2023-10-31T09:00:00Z,16127.0,16127.0,False,False,False,
2023-10-31T10:00:00Z,16522.0,16522.0,False,False,False,
2023-10-31T11:00:00Z,17232.0,17232.0,False,False,False,
2023-10-31T12:00:00Z,18597.0,18597.0,False,False,False,
2023-10-31T13:00:00Z,19275.0,19275.0,False,False,False,
2023-10-31T14:00:00Z,19324.0,19324.0,False,False,False,
2023-10-31T15:00:00Z,19164.0,19164.0,False,False,False,
2023-10-31T16:00:00Z,18888.0,18888.0,False,False,False,
2023-10-31T17:00:00Z,18545.0,18545.0,False,False,False,
2023-10-31T18:00:00Z,18118.0,18118.0,False,False,False,
2023-10-31T19:00:00Z,17870.0,17870.0,False,False,False,
2023-10-31T20:00:00Z,17537.0,17537.0,False,False,False,
2023-10-31T21:00:00Z,17325.0,17325.0,False,False,False,
2023-10-31T22:00:00Z,17368.0,17368.0,False,False,False,
2023-10-31T23:00:00Z,17621.0,17621.0,False,False,False,
2023-11-01T00:00:00Z,18069.0,18069.0,False,False,False,
2023-11-01T01:00:00Z,18608.0,18608.0,False,False,False,
2023-11-01T02:00:00Z,18879.0,18879.0,False,False,False,
2023-11-01T03:00:00Z,18946.0,18946.0,False,False,False,
2023-11-01T04:00:00Z,18264.0,18264.0,False,False,False,
2023-11-01T05:00:00Z,17591.0,17591.0,False,False,False,
2023-11-01T06:00:00Z,17420.0,17420.0,False,False,False,
2023-11-01T07:00:00Z,17212.0,17212.0,False,False,False,
2023-11-01T08:00:00Z,17260.0,17260.0,False,False,False,
2023-11-01T09:00:00Z,17427.0,17427.0,False,False,False,
2023-11-01T10:00:00Z,18007.0,18007.0,False,False,False,
2023-11-01T11:00:00Z,19158.0,19158.0,False,False,False,
2023-11-01T12:00:00Z,20492.0,20492.0,False,False,False,
2023-11-01T13:00:00Z,21049.0,21049.0,False,False,False,
2023-11-01T14:00:00Z,20843.0,20843.0,False,False,False,
2023-11-01T15:00:00Z,20495.0,20495.0,False,False,False,
2023-11-01T16:00:00Z,19865.0,19865.0,False,False,False,
2023-11-01T17:00:00Z,19049.0,19049.0,False,False,False,
2023-11-01T18:00:00Z,18415.0,18415.0,False,False,False,
2023-11-01T19:00:00Z,17795.0,17795.0,False,False,False,
2023-11-01T20:00:00Z,17413.0,17413.0,False,False,False,
2023-11-01T21:00:00Z,17229.0,17229.0,False,False,False,
2023-11-01T22:00:00Z,17364.0,17364.0,False,False,False,
2023-11-01T23:00:00Z,17753.0,17753.0,False,False,False,
2023-11-02T00:00:00Z,18813.0,18813.0,False,False,False,
2023-11-02T01:00:00Z,19504.0,19504.0,False,False,False,
2023-11-02T02:00:00Z,19743.0,19743.0,False,False,False,
2023-11-02T03:00:00Z,19410.0,19410.0,False,False,False,
2023-11-02T04:00:00Z,18784.0,18784.0,False,False,False,
2023-11-02T05:00:00Z,18282.0,18282.0,False,False,False,
2023-11-02T06:00:00Z,18132.0,18132.0,False,False,False,
2023-11-02T07:00:00Z,18108.0,18108.0,False,False,False,
2023-11-02T08:00:00Z,18146.0,18146.0,False,False,False,
2023-11-02T09:00:00Z,18444.0,18444.0,False,False,False,
2023-11-02T10:00:00Z,18903.0,18903.0,False,False,False,
2023-11-02T11:00:00Z,20076.0,20076.0,False,False,False,
2023-11-02T12:00:00Z,21525.0,21525.0,False,False,False,
2023-11-02T13:00:00Z,22164.0,22164.0,False,False,False,
2023-11-02T14:00:00Z,21714.0,21714.0,False,False,False,
2023-11-02T15:00:00Z,20683.0,20683.0,False,False,False,
2023-11-02T16:00:00Z,19469.0,19469.0,False,False,False,
2023-11-02T17:00:00Z,18415.0,18415.0,False,False,False,
2023-11-02T18:00:00Z,17445.0,17445.0,False,False,False,
2023-11-02T19:00:00Z,16987.0,16987.0,False,False,False,
2023-11-02T20:00:00Z,16547.0,16547.0,False,False,False,
2023-11-02T21:00:00Z,16244.0,16244.0,False,False,False,
2023-11-02T22:00:00Z,16457.0,16457.0,False,False,False,
2023-11-02T23:00:00Z,16747.0,16747.0,False,False,False,
2023-11-03T00:00:00Z,17518.0,17518.0,False,False,False,
2023-11-03T01:00:00Z,18136.0,18136.0,False,False,False,
2023-11-03T02:00:00Z,18213.0,18213.0,False,False,False,
2023-11-03T03:00:00Z,17830.0,17830.0,False,False,False,
2023-11-03T04:00:00Z,17176.0,17176.0,False,False,False,
2023-11-03T05:00:00Z,16538.0,16538.0,False,False,False,
2023-11-03T06:00:00Z,16253.0,16253.0,False,False,False,
2023-11-03T07:00:00Z,16184.0,16184.0,False,False,False,
2023-11-03T08:00:00Z,16219.0,16219.0,False,False,False,
2023-11-03T09:00:00Z,16402.0,16402.0,False,False,False,
2023-11-03T10:00:00Z,16998.0,16998.0,False,False,False,
2023-11-03T11:00:00Z,18005.0,18005.0,False,False,False,
2023-11-03T12:00:00Z,19548.0,19548.0,False,False,False,
2023-11-03T13:00:00Z,20138.0,20138.0,False,False,False,
2023-11-03T14:00:00Z,19877.0,19877.0,False,False,False,
2023-11-03T15:00:00Z,19093.0,19093.0,False,False,False,
2023-11-03T16:00:00Z,18169.0,18169.0,False,False,False,
2023-11-03T17:00:00Z,17260.0,17260.0,False,False,False,
2023-11-03T18:00:00Z,16655.0,16655.0,False,False,False,
2023-11-03T19:00:00Z,16524.0,16524.0,False,False,False,
2023-11-03T20:00:00Z,16435.0,16435.0,False,False,False,
2023-11-03T21:00:00Z,16549.0,16549.0,False,False,False,
2023-11-03T22:00:00Z,16596.0,16596.0,False,False,False,
2023-11-03T23:00:00Z,16734.0,16734.0,False,False,False,
2023-11-04T00:00:00Z,16980.0,16980.0,False,False,False,
2023-11-04T01:00:00Z,17144.0,17144.0,False,False,False,
2023-11-04T02:00:00Z,16943.0,16943.0,False,False,False,
2023-11-04T03:00:00Z,16669.0,16669.0,False,False,False,
2023-11-04T04:00:00Z,16155.0,16155.0,False,False,False,
2023-11-04T05:00:00Z,15559.0,15559.0,False,False,False,
2023-11-04T06:00:00Z,15144.0,15144.0,False,False,False,
2023-11-04T07:00:00Z,14843.0,14843.0,False,False,False,
2023-11-04T08:00:00Z,14851.0,14851.0,False,False,False,
2023-11-04T09:00:00Z,14766.0,14766.0,False,False,False,
2023-11-04T10:00:00Z,14989.0,14989.0,False,False,False,
2023-11-04T11:00:00Z,15486.0,15486.0,False,False,False,
2023-11-04T12:00:00Z,16037.0,16037.0,False,False,False,
2023-11-04T13:00:00Z,16783.0,16783.0,False,False,False,
2023-11-04T14:00:00Z,17217.0,17217.0,False,False,False,
2023-11-04T15:00:00Z,17043.0,17043.0,False,False,False,
2023-11-04T16:00:00Z,16674.0,16674.0,False,False,False,
2023-11-04T17:00:00Z,16389.0,16389.0,False,False,False,
2023-11-04T18:00:00Z,16395.0,16395.0,False,False,False,
2023-11-04T19:00:00Z,16419.0,16419.0,False,False,False,
2023-11-04T20:00:00Z,16550.0,16550.0,False,False,False,
2023-11-04T21:00:00Z,16823.0,16823.0,False,False,False,
2023-11-04T22:00:00Z,16985.0,16985.0,False,False,False,
2023-11-04T23:00:00Z,16935.0,16935.0,False,False,False,
2023-11-05T00:00:00Z,17028.0,17028.0,False,False,False,
2023-11-05T01:00:00Z,16982.0,16982.0,False,False,False,
2023-11-05T02:00:00Z,16696.0,16696.0,False,False,False,
2023-11-05T03:00:00Z,16293.0,16293.0,False,False,False,
2023-11-05T04:00:00Z,15779.0,15779.0,False,False,False,
2023-11-05T05:00:00Z,15226.0,15226.0,False,False,False,
2023-11-05T06:00:00Z,14636.0,14636.0,False,False,False,
2023-11-05T07:00:00Z,14370.0,14370.0,False,False,False,
2023-11-05T08:00:00Z,14107.0,14107.0,False,False,False,
2023-11-05T09:00:00Z,14016.0,14016.0,False,False,False,
2023-11-05T10:00:00Z,14023.0,14023.0,False,False,False,
2023-11-05T11:00:00Z,14127.0,14127.0,False,False,False,
2023-11-05T12:00:00Z,14445.0,14445.0,False,False,False,
2023-11-05T13:00:00Z,14996.0,14996.0,False,False,False,
2023-11-05T14:00:00Z,15652.0,15652.0,False,False,False,
2023-11-05T15:00:00Z,15890.0,15890.0,False,False,False,
2023-11-05T16:00:00Z,15857.0,15857.0,False,False,False,
2023-11-05T17:00:00Z,16028.0,16028.0,False,False,False,
2023-11-05T18:00:00Z,16308.0,16308.0,False,False,False,
2023-11-05T19:00:00Z,16793.0,16793.0,False,False,False,
2023-11-05T20:00:00Z,17273.0,17273.0,False,False,False,
2023-11-05T21:00:00Z,17447.0,17447.0,False,False,False,
2023-11-05T22:00:00Z,17582.0,17582.0,False,False,False,
2023-11-05T23:00:00Z,17618.0,17618.0,False,False,False,
2023-11-06T00:00:00Z,17810.0,17810.0,False,False,False,
2023-11-06T01:00:00Z,17934.0,17934.0,False,False,False,
2023-11-06T02:00:00Z,17485.0,17485.0,False,False,False,
2023-11-06T03:00:00Z,16980.0,16980.0,False,False,False,
2023-11-06T04:00:00Z,16302.0,16302.0,False,False,False,
2023-11-06T05:00:00Z,15484.0,15484.0,False,False,False,
2023-11-06T06:00:00Z,14706.0,14706.0,False,False,False,
2023-11-06T07:00:00Z,14224.0,14224.0,False,False,False,
2023-11-06T08:00:00Z,13968.0,13968.0,False,False,False,
2023-11-06T09:00:00Z,13801.0,13801.0,False,False,False,
2023-11-06T10:00:00Z,13901.0,13901.0,False,False,False,
2023-11-06T11:00:00Z,14132.0,14132.0,False,False,False,
2023-11-06T12:00:00Z,14830.0,14830.0,False,False,False,
2023-11-06T13:00:00Z,16011.0,16011.0,False,False,False,
2023-11-06T14:00:00Z,16466.0,16466.0,False,False,False,
2023-11-06T15:00:00Z,16493.0,16493.0,False,False,False,
2023-11-06T16:00:00Z,16652.0,16652.0,False,False,False,
2023-11-06T17:00:00Z,17026.0,17026.0,False,False,False,
2023-11-06T18:00:00Z,17325.0,17325.0,False,False,False,
2023-11-06T19:00:00Z,17706.0,17706.0,False,False,False,
2023-11-06T20:00:00Z,18209.0,18209.0,False,False,False,
2023-11-06T21:00:00Z,18394.0,18394.0,False,False,False,
2023-11-06T22:00:00Z,18380.0,18380.0,False,False,False,
2023-11-06T23:00:00Z,18338.0,18338.0,False,False,False,
2023-11-07T00:00:00Z,18405.0,18405.0,False,False,False,
2023-11-07T01:00:00Z,18644.0,18644.0,False,False,False,
2023-11-07T02:00:00Z,18358.0,18358.0,False,False,False,
2023-11-07T03:00:00Z,17827.0,17827.0,False,False,False,
2023-11-07T04:00:00Z,17087.0,17087.0,False,False,False,
2023-11-07T05:00:00Z,16121.0,16121.0,False,False,False,
2023-11-07T06:00:00Z,15311.0,15311.0,False,False,False,
2023-11-07T07:00:00Z,14589.0,14589.0,False,False,False,
2023-11-07T08:00:00Z,14313.0,14313.0,False,False,False,
2023-11-07T09:00:00Z,14225.0,14225.0,False,False,False,
2023-11-07T10:00:00Z,14068.0,14068.0,False,False,False,
2023-11-07T11:00:00Z,14357.0,14357.0,False,False,False,
2023-11-07T12:00:00Z,14975.0,14975.0,False,False,False,
2023-11-07T13:00:00Z,15987.0,15987.0,False,False,False,
2023-11-07T14:00:00Z,16340.0,16340.0,False,False,False,
2023-11-07T15:00:00Z,16487.0,16487.0,False,False,False,
2023-11-07T16:00:00Z,17082.0,17082.0,False,False,False,
2023-11-07T17:00:00Z,17814.0,17814.0,False,False,False,
2023-11-07T18:00:00Z,18321.0,18321.0,False,False,False,
2023-11-07T19:00:00Z,18795.0,18795.0,False,False,False,
2023-11-07T20:00:00Z,19516.0,19516.0,False,False,False,
2023-11-07T21:00:00Z,19774.0,19774.0,False,False,False,
2023-11-07T22:00:00Z,19882.0,19882.0,False,False,False,
2023-11-07T23:00:00Z,19823.0,19823.0,False,False,False,
2023-11-08T00:00:00Z,19592.0,19592.0,False,False,False,
2023-11-08T01:00:00Z,19724.0,19724.0,False,False,False,
2023-11-08T02:00:00Z,19370.0,19370.0,False,False,False,
2023-11-08T03:00:00Z,18751.0,18751.0,False,False,False,
2023-11-08T04:00:00Z,17929.0,17929.0,False,False,False,
2023-11-08T05:00:00Z,16965.0,16965.0,False,False,False,
2023-11-08T06:00:00Z,15937.0,15937.0,False,False,False,
2023-11-08T07:00:00Z,15348.0,15348.0,False,False,False,
2023-11-08T08:00:00Z,14847.0,14847.0,False,False,False,
2023-11-08T09:00:00Z,14534.0,14534.0,False,False,False,
2023-11-08T10:00:00Z,14365.0,14365.0,False,False,False,
2023-11-08T11:00:00Z,14570.0,14570.0,False,False,False,
2023-11-08T12:00:00Z,15118.0,15118.0,False,False,False,
2023-11-08T13:00:00Z,16066.0,16066.0,False,False,False,
2023-11-08T14:00:00Z,16429.0,16429.0,False,False,False,
2023-11-08T15:00:00Z,16955.0,16955.0,False,False,False,
2023-11-08T16:00:00Z,17428.0,17428.0,False,False,False,
2023-11-08T17:00:00Z,18115.0,18115.0,False,False,False,
2023-11-08T18:00:00Z,18719.0,18719.0,False,False,False,
2023-11-08T19:00:00Z,19247.0,19247.0,False,False,False,
2023-11-08T20:00:00Z,19905.0,19905.0,False,False,False,
2023-11-08T21:00:00Z,20151.0,20151.0,False,False,False,
2023-11-08T22:00:00Z,20156.0,20156.0,False,False,False,
2023-11-08T23:00:00Z,19944.0,19944.0,False,False,False,
2023-11-09T00:00:00Z,19832.0,19832.0,False,False,False,
2023-11-09T01:00:00Z,19938.0,19938.0,False,False,False,
2023-11-09T02:00:00Z,19444.0,19444.0,False,False,False,
2023-11-09T03:00:00Z,18923.0,18923.0,False,False,False,
2023-11-09T04:00:00Z,18164.0,18164.0,False,False,False,
2023-11-09T05:00:00Z,17190.0,17190.0,False,False,False,
2023-11-09T06:00:00Z,16119.0,16119.0,False,False,False,
2023-11-09T07:00:00Z,15467.0,15467.0,False,False,False,
2023-11-09T08:00:00Z,14999.0,14999.0,False,False,False,
2023-11-09T09:00:00Z,14712.0,14712.0,False,False,False,
2023-11-09T10:00:00Z,14571.0,14571.0,False,False,False,
2023-11-09T11:00:00Z,14561.0,14561.0,False,False,False,
2023-11-09T12:00:00Z,15158.0,15158.0,False,False,False,
2023-11-09T13:00:00Z,15993.0,15993.0,False,False,False,
2023-11-09T14:00:00Z,16353.0,16353.0,False,False,False,
2023-11-09T15:00:00Z,16669.0,16669.0,False,False,False,
2023-11-09T16:00:00Z,17125.0,17125.0,False,False,False,
2023-11-09T17:00:00Z,17731.0,17731.0,False,False,False,
2023-11-09T18:00:00Z,18205.0,18205.0,False,False,False,
2023-11-09T19:00:00Z,18682.0,18682.0,False,False,False,
2023-11-09T20:00:00Z,18969.0,18969.0,False,False,False,
2023-11-09T21:00:00Z,19065.0,19065.0,False,False,False,
2023-11-09T22:00:00Z,18891.0,18891.0,False,False,False,
2023-11-09T23:00:00Z,18870.0,18870.0,False,False,False,
2023-11-10T00:00:00Z,19076.0,19076.0,False,False,False,
2023-11-10T01:00:00Z,19176.0,19176.0,False,False,False,
2023-11-10T02:00:00Z,18729.0,18729.0,False,False,False,
2023-11-10T03:00:00Z,18326.0,18326.0,False,False,False,
2023-11-10T04:00:00Z,17859.0,17859.0,False,False,False,
2023-11-10T05:00:00Z,16938.0,16938.0,False,False,False,
2023-11-10T06:00:00Z,15941.0,15941.0,False,False,False,
2023-11-10T07:00:00Z,15395.0,15395.0,False,False,False,
2023-11-10T08:00:00Z,15011.0,15011.0,False,False,False,
2023-11-10T09:00:00Z,14862.0,14862.0,False,False,False,
2023-11-10T10:00:00Z,14708.0,14708.0,False,False,False,
2023-11-10T11:00:00Z,14963.0,14963.0,False,False,False,
2023-11-10T12:00:00Z,15416.0,15416.0,False,False,False,
2023-11-10T13:00:00Z,16448.0,16448.0,False,False,False,
2023-11-10T14:00:00Z,16766.0,16766.0,False,False,False,
2023-11-10T15:00:00Z,16966.0,16966.0,False,False,False,
2023-11-10T16:00:00Z,17054.0,17054.0,False,False,False,
2023-11-10T17:00:00Z,17254.0,17254.0,False,False,False,
2023-11-10T18:00:00Z,17314.0,17314.0,False,False,False,
2023-11-10T19:00:00Z,17278.0,17278.0,False,False,False,
2023-11-10T20:00:00Z,17333.0,17333.0,False,False,False,
2023-11-10T21:00:00Z,17353.0,17353.0,False,False,False,
2023-11-10T22:00:00Z,17138.0,17138.0,False,False,False,
2023-11-10T23:00:00Z,17313.0,17313.0,False,False,False,
2023-11-11T00:00:00Z,17798.0,17798.0,False,False,False,
2023-11-11T01:00:00Z,17792.0,17792.0,False,False,False,
2023-11-11T02:00:00Z,17635.0,17635.0,False,False,False,
2023-11-11T03:00:00Z,17300.0,17300.0,False,False,False,
2023-11-11T04:00:00Z,16892.0,16892.0,False,False,False,
2023-11-11T05:00:00Z,16470.0,16470.0,False,False,False,
2023-11-11T06:00:00Z,15693.0,15693.0,False,False,False,
2023-11-11T07:00:00Z,15282.0,15282.0,False,False,False,
2023-11-11T08:00:00Z,14994.0,14994.0,False,False,False,
2023-11-11T09:00:00Z,14834.0,14834.0,False,False,False,
2023-11-11T10:00:00Z,14694.0,14694.0,False,False,False,
2023-11-11T11:00:00Z,14783.0,14783.0,False,False,False,
2023-11-11T12:00:00Z,15041.0,15041.0,False,False,False,
2023-11-11T13:00:00Z,15330.0,15330.0,False,False,False,
2023-11-11T14:00:00Z,15777.0,15777.0,False,False,False,
2023-11-11T15:00:00Z,16278.0,16278.0,False,False,False,
2023-11-11T16:00:00Z,16543.0,16543.0,False,False,False,
2023-11-11T17:00:00Z,16661.0,16661.0,False,False,False,
2023-11-11T18:00:00Z,16568.0,16568.0,False,False,False,
2023-11-11T19:00:00Z,16423.0,16423.0,False,False,False,
2023-11-11T20:00:00Z,16296.0,16296.0,False,False,False,
2023-11-11T21:00:00Z,16107.0,16107.0,False,False,False,
2023-11-11T22:00:00Z,16248.0,16248.0,False,False,False,
2023-11-11T23:00:00Z,16302.0,16302.0,False,False,False,
2023-11-12T00:00:00Z,16990.0,16990.0,False,False,False,
2023-11-12T01:00:00Z,17176.0,17176.0,False,False,False,
2023-11-12T02:00:00Z,16875.0,16875.0,False,False,False,
2023-11-12T03:00:00Z,16766.0,16766.0,False,False,False,
2023-11-12T04:00:00Z,16387.0,16387.0,False,False,False,
2023-11-12T05:00:00Z,15802.0,15802.0,False,False,False,
2023-11-12T06:00:00Z,15298.0,15298.0,False,False,False,
2023-11-12T07:00:00Z,14892.0,14892.0,False,False,False,
2023-11-12T08:00:00Z,14511.0,14511.0,False,False,False,
2023-11-12T09:00:00Z,14321.0,14321.0,False,False,False,
2023-11-12T10:00:00Z,14331.0,14331.0,False,False,False,
2023-11-12T11:00:00Z,14490.0,14490.0,False,False,False,
2023-11-12T12:00:00Z,14739.0,14739.0,False,False,False,
2023-11-12T13:00:00Z,15096.0,15096.0,False,False,False,
2023-11-12T14:00:00Z,15460.0,15460.0,False,False,False,
2023-11-12T15:00:00Z,16116.0,16116.0,False,False,False,
2023-11-12T16:00:00Z,16122.0,16122.0,False,False,False,
2023-11-12T17:00:00Z,16165.0,16165.0,False,False,False,
2023-11-12T18:00:00Z,16178.0,16178.0,False,False,False,
2023-11-12T19:00:00Z,16134.0,16134.0,False,False,False,
2023-11-12T20:00:00Z,16286.0,16286.0,False,False,False,
2023-11-12T21:00:00Z,16372.0,16372.0,False,False,False,
2023-11-12T22:00:00Z,16342.0,16342.0,False,False,False,
2023-11-12T23:00:00Z,16571.0,16571.0,False,False,False,
2023-11-13T00:00:00Z,17333.0,17333.0,False,False,False,
2023-11-13T01:00:00Z,17695.0,17695.0,False,False,False,
2023-11-13T02:00:00Z,17446.0,17446.0,False,False,False,
2023-11-13T03:00:00Z,17066.0,17066.0,False,False,False,
2023-11-13T04:00:00Z,16661.0,16661.0,False,False,False,
2023-11-13T05:00:00Z,15910.0,15910.0,False,False,False,
2023-11-13T06:00:00Z,15334.0,15334.0,False,False,False,
2023-11-13T07:00:00Z,14811.0,14811.0,False,False,False,
2023-11-13T08:00:00Z,14496.0,14496.0,False,False,False,
2023-11-13T09:00:00Z,14375.0,14375.0,False,False,False,
2023-11-13T10:00:00Z,14444.0,14444.0,False,False,False,
2023-11-13T11:00:00Z,14684.0,14684.0,False,False,False,
2023-11-13T12:00:00Z,15472.0,15472.0,False,False,False,
2023-11-13T13:00:00Z,16679.0,16679.0,False,False,False,
2023-11-13T14:00:00Z,17024.0,17024.0,False,False,False,
2023-11-13T15:00:00Z,17046.0,17046.0,False,False,False,
2023-11-13T16:00:00Z,17094.0,17094.0,False,False,False,
2023-11-13T17:00:00Z,17064.0,17064.0,False,False,False,
2023-11-13T18:00:00Z,17052.0,17052.0,False,False,False,
2023-11-13T19:00:00Z,16921.0,16921.0,False,False,False,
2023-11-13T20:00:00Z,16904.0,16904.0,False,False,False,
2023-11-13T21:00:00Z,16856.0,16856.0,False,False,False,
2023-11-13T22:00:00Z,16858.0,16858.0,False,False,False,
2023-11-13T23:00:00Z,17151.0,17151.0,False,False,False,
2023-11-14T00:00:00Z,17849.0,17849.0,False,False,False,
2023-11-14T01:00:00Z,18068.0,18068.0,False,False,False,
2023-11-14T02:00:00Z,18090.0,18090.0,False,False,False,
2023-11-14T03:00:00Z,17684.0,17684.0,False,False,False,
2023-11-14T04:00:00Z,17204.0,17204.0,False,False,False,
2023-11-14T05:00:00Z,16262.0,16262.0,False,False,False,
2023-11-14T06:00:00Z,15502.0,15502.0,False,False,False,
2023-11-14T07:00:00Z,14960.0,14960.0,False,False,False,
2023-11-14T08:00:00Z,14774.0,14774.0,False,False,False,
2023-11-14T09:00:00Z,14699.0,14699.0,False,False,False,
2023-11-14T10:00:00Z,14660.0,14660.0,False,False,False,
2023-11-14T11:00:00Z,14821.0,14821.0,False,False,False,
2023-11-14T12:00:00Z,15411.0,15411.0,False,False,False,
2023-11-14T13:00:00Z,16561.0,16561.0,False,False,False,
2023-11-14T14:00:00Z,16905.0,16905.0,False,False,False,
2023-11-14T15:00:00Z,16955.0,16955.0,False,False,False,
2023-11-14T16:00:00Z,16865.0,16865.0,False,False,False,
2023-11-14T17:00:00Z,16970.0,16970.0,False,False,False,
2023-11-14T18:00:00Z,16869.0,16869.0,False,False,False,
2023-11-14T19:00:00Z,16748.0,16748.0,False,False,False,
2023-11-14T20:00:00Z,16803.0,16803.0,False,False,False,
2023-11-14T21:00:00Z,16694.0,16694.0,False,False,False,
2023-11-14T22:00:00Z,16789.0,16789.0,False,False,False,
2023-11-14T23:00:00Z,17064.0,17064.0,False,False,False,
2023-11-15T00:00:00Z,17774.0,17774.0,False,False,False,
2023-11-15T01:00:00Z,18249.0,18249.0,False,False,False,
2023-11-15T02:00:00Z,17929.0,17929.0,False,False,False,
2023-11-15T03:00:00Z,17456.0,17456.0,False,False,False,
2023-11-15T04:00:00Z,17012.0,17012.0,False,False,False,
2023-11-15T05:00:00Z,16237.0,16237.0,False,False,False,
2023-11-15T06:00:00Z,15510.0,15510.0,False,False,False,
2023-11-15T07:00:00Z,14956.0,14956.0,False,False,False,
2023-11-15T08:00:00Z,14726.0,14726.0,False,False,False,
2023-11-15T09:00:00Z,14661.0,14661.0,False,False,False,
2023-11-15T10:00:00Z,14744.0,14744.0,False,False,False,
2023-11-15T11:00:00Z,14933.0,14933.0,False,False,False,
2023-11-15T12:00:00Z,15612.0,15612.0,False,False,False,
2023-11-15T13:00:00Z,16791.0,16791.0,False,False,False,
2023-11-15T14:00:00Z,17089.0,17089.0,False,False,False,
2023-11-15T15:00:00Z,17035.0,17035.0,False,False,False,
2023-11-15T16:00:00Z,17090.0,17090.0,False,False,False,
2023-11-15T17:00:00Z,17064.0,17064.0,False,False,False,
2023-11-15T18:00:00Z,17007.0,17007.0,False,False,False,
2023-11-15T19:00:00Z,16929.0,16929.0,False,False,False,
2023-11-15T20:00:00Z,17044.0,17044.0,False,False,False,
2023-11-15T21:00:00Z,16927.0,16927.0,False,False,False,
2023-11-15T22:00:00Z,16992.0,16992.0,False,False,False,
2023-11-15T23:00:00Z,17272.0,17272.0,False,False,False,
2023-11-16T00:00:00Z,17842.0,17842.0,False,False,False,
2023-11-16T01:00:00Z,18096.0,18096.0,False,False,False,
2023-11-16T02:00:00Z,17851.0,17851.0,False,False,False,
2023-11-16T03:00:00Z,17525.0,17525.0,False,False,False,
2023-11-16T04:00:00Z,16988.0,16988.0,False,False,False,
2023-11-16T05:00:00Z,16167.0,16167.0,False,False,False,
2023-11-16T06:00:00Z,15418.0,15418.0,False,False,False,
2023-11-16T07:00:00Z,14921.0,14921.0,False,False,False,
2023-11-16T08:00:00Z,14607.0,14607.0,False,False,False,
2023-11-16T09:00:00Z,14438.0,14438.0,False,False,False,
2023-11-16T10:00:00Z,14408.0,14408.0,False,False,False,
2023-11-16T11:00:00Z,14619.0,14619.0,False,False,False,
2023-11-16T12:00:00Z,15336.0,15336.0,False,False,False,
2023-11-16T13:00:00Z,16309.0,16309.0,False,False,False,
2023-11-16T14:00:00Z,16627.0,16627.0,False,False,False,
2023-11-16T15:00:00Z,16802.0,16802.0,False,False,False,
2023-11-16T16:00:00Z,16775.0,16775.0,False,False,False,
2023-11-16T17:00:00Z,16858.0,16858.0,False,False,False,
2023-11-16T18:00:00Z,16889.0,16889.0,False,False,False,
2023-11-16T19:00:00Z,16804.0,16804.0,False,False,False,
2023-11-16T20:00:00Z,16872.0,16872.0,False,False,False,
2023-11-16T21:00:00Z,16797.0,16797.0,False,False,False,
2023-11-16T22:00:00Z,16823.0,16823.0,False,False,False,
2023-11-16T23:00:00Z,16918.0,16918.0,False,False,False,
2023-11-17T00:00:00Z,17602.0,17602.0,False,False,False,
2023-11-17T01:00:00Z,17839.0,17839.0,False,False,False,
2023-11-17T02:00:00Z,17651.0,17651.0,False,False,False,
2023-11-17T03:00:00Z,17456.0,17456.0,False,False,False,
2023-11-17T04:00:00Z,16919.0,16919.0,False,False,False,
2023-11-17T05:00:00Z,16291.0,16291.0,False,False,False,
2023-11-17T06:00:00Z,15495.0,15495.0,False,False,False,
2023-11-17T07:00:00Z,15026.0,15026.0,False,False,False,
2023-11-17T08:00:00Z,14647.0,14647.0,False,False,False,
2023-11-17T09:00:00Z,14504.0,14504.0,False,False,False,
2023-11-17T10:00:00Z,14435.0,14435.0,False,False,False,
2023-11-17T11:00:00Z,14407.0,14407.0,False,False,False,
2023-11-17T12:00:00Z,15014.0,15014.0,False,False,False,
2023-11-17T13:00:00Z,16194.0,16194.0,False,False,False,
2023-11-17T14:00:00Z,16578.0,16578.0,False,False,False,
2023-11-17T15:00:00Z,16687.0,16687.0,False,False,False,
2023-11-17T16:00:00Z,16954.0,16954.0,False,False,False,
2023-11-17T17:00:00Z,17156.0,17156.0,False,False,False,
2023-11-17T18:00:00Z,17323.0,17323.0,False,False,False,
2023-11-17T19:00:00Z,17421.0,17421.0,False,False,False,
2023-11-17T20:00:00Z,17602.0,17602.0,False,False,False,
2023-11-17T21:00:00Z,17697.0,17697.0,False,False,False,
2023-11-17T22:00:00Z,17701.0,17701.0,False,False,False,
2023-11-17T23:00:00Z,17747.0,17747.0,False,False,False,
2023-11-18T00:00:00Z,17947.0,17947.0,False,False,False,
2023-11-18T01:00:00Z,17897.0,17897.0,False,False,False,
2023-11-18T02:00:00Z,17715.0,17715.0,False,False,False,
2023-11-18T03:00:00Z,17404.0,17404.0,False,False,False,
2023-11-18T04:00:00Z,16945.0,16945.0,False,False,False,
2023-11-18T05:00:00Z,16397.0,16397.0,False,False,False,
2023-11-18T06:00:00Z,15665.0,15665.0,False,False,False,
2023-11-18T07:00:00Z,15165.0,15165.0,False,False,False,
2023-11-18T08:00:00Z,14814.0,14814.0,False,False,False,
2023-11-18T09:00:00Z,14526.0,14526.0,False,False,False,
2023-11-18T10:00:00Z,14408.0,14408.0,False,False,False,
2023-11-18T11:00:00Z,14362.0,14362.0,False,False,False,
2023-11-18T12:00:00Z,14617.0,14617.0,False,False,False,
2023-11-18T13:00:00Z,15042.0,15042.0,False,False,False,
2023-11-18T14:00:00Z,15317.0,15317.0,False,False,False,
2023-11-18T15:00:00Z,15753.0,15753.0,False,False,False,
2023-11-18T16:00:00Z,16042.0,16042.0,False,False,False,
2023-11-18T17:00:00Z,16302.0,16302.0,False,False,False,
2023-11-18T18:00:00Z,16537.0,16537.0,False,False,False,
2023-11-18T19:00:00Z,16502.0,16502.0,False,False,False,
2023-11-18T20:00:00Z,16476.0,16476.0,False,False,False,
2023-11-18T21:00:00Z,16549.0,16549.0,False,False,False,
2023-11-18T22:00:00Z,16500.0,16500.0,False,False,False,
2023-11-18T23:00:00Z,16417.0,16417.0,False,False,False,
2023-11-19T00:00:00Z,16783.0,16783.0,False,False,False,
2023-11-19T01:00:00Z,17115.0,17115.0,False,False,False,
2023-11-19T02:00:00Z,16960.0,16960.0,False,False,False,
2023-11-19T03:00:00Z,16725.0,16725.0,False,False,False,
2023-11-19T04:00:00Z,16416.0,16416.0,False,False,False,
2023-11-19T05:00:00Z,15911.0,15911.0,False,False,False,
2023-11-19T06:00:00Z,15473.0,15473.0,False,False,False,
2023-11-19T07:00:00Z,15092.0,15092.0,False,False,False,
2023-11-19T08:00:00Z,14993.0,14993.0,False,False,False,
2023-11-19T09:00:00Z,14768.0,14768.0,False,False,False,
2023-11-19T10:00:00Z,14810.0,14810.0,False,False,False,
2023-11-19T11:00:00Z,15088.0,15088.0,False,False,False,
2023-11-19T12:00:00Z,15521.0,15521.0,False,False,False,
2023-11-19T13:00:00Z,16122.0,16122.0,False,False,False,
2023-11-19T14:00:00Z,16657.0,16657.0,False,False,False,
2023-11-19T15:00:00Z,16973.0,16973.0,False,False,False,
2023-11-19T16:00:00Z,16798.0,16798.0,False,False,False,
2023-11-19T17:00:00Z,16396.0,16396.0,False,False,False,
2023-11-19T18:00:00Z,16178.0,16178.0,False,False,False,
2023-11-19T19:00:00Z,16240.0,16240.0,False,False,False,
2023-11-19T20:00:00Z,16273.0,16273.0,False,False,False,
2023-11-19T21:00:00Z,16328.0,16328.0,False,False,False,
2023-11-19T22:00:00Z,16377.0,16377.0,False,False,False,
2023-11-19T23:00:00Z,16608.0,16608.0,False,False,False,
2023-11-20T00:00:00Z,17231.0,17231.0,False,False,False,
2023-11-20T01:00:00Z,17333.0,17333.0,False,False,False,
2023-11-20T02:00:00Z,17353.0,17353.0,False,False,False,
2023-11-20T03:00:00Z,16985.0,16985.0,False,False,False,
2023-11-20T04:00:00Z,16645.0,16645.0,False,False,False,
2023-11-20T05:00:00Z,16069.0,16069.0,False,False,False,
2023-11-20T06:00:00Z,15495.0,15495.0,False,False,False,
2023-11-20T07:00:00Z,15079.0,15079.0,False,False,False,
2023-11-20T08:00:00Z,14714.0,14714.0,False,False,False,
2023-11-20T09:00:00Z,14603.0,14603.0,False,False,False,
2023-11-20T10:00:00Z,14561.0,14561.0,False,False,False,
2023-11-20T11:00:00Z,14840.0,14840.0,False,False,False,
2023-11-20T12:00:00Z,15353.0,15353.0,False,False,False,
2023-11-20T13:00:00Z,16296.0,16296.0,False,False,False,
2023-11-20T14:00:00Z,16754.0,16754.0,False,False,False,
2023-11-20T15:00:00Z,17100.0,17100.0,False,False,False,
2023-11-20T16:00:00Z,17356.0,17356.0,False,False,False,
2023-11-20T17:00:00Z,17841.0,17841.0,False,False,False,
2023-11-20T18:00:00Z,18179.0,18179.0,False,False,False,
2023-11-20T19:00:00Z,18489.0,18489.0,False,False,False,
2023-11-20T20:00:00Z,18813.0,18813.0,False,False,False,
2023-11-20T21:00:00Z,18970.0,18970.0,False,False,False,
2023-11-20T22:00:00Z,19092.0,19092.0,False,False,False,
2023-11-20T23:00:00Z,19050.0,19050.0,False,False,False,
2023-11-21T00:00:00Z,19354.0,19354.0,False,False,False,
2023-11-21T01:00:00Z,19434.0,19434.0,False,False,False,
2023-11-21T02:00:00Z,19155.0,19155.0,False,False,False,
2023-11-21T03:00:00Z,18792.0,18792.0,False,False,False,
2023-11-21T04:00:00Z,18169.0,18169.0,False,False,False,
2023-11-21T05:00:00Z,17204.0,17204.0,False,False,False,
2023-11-21T06:00:00Z,16432.0,16432.0,False,False,False,
2023-11-21T07:00:00Z,15727.0,15727.0,False,False,False,
2023-11-21T08:00:00Z,15294.0,15294.0,False,False,False,
2023-11-21T09:00:00Z,15014.0,15014.0,False,False,False,
2023-11-21T10:00:00Z,14838.0,14838.0,False,False,False,
2023-11-21T11:00:00Z,14843.0,14843.0,False,False,False,
2023-11-21T12:00:00Z,15318.0,15318.0,False,False,False,
2023-11-21T13:00:00Z,16002.0,16002.0,False,False,False,
2023-11-21T14:00:00Z,16609.0,16609.0,False,False,False,
2023-11-21T15:00:00Z,17091.0,17091.0,False,False,False,
2023-11-21T16:00:00Z,17442.0,17442.0,False,False,False,
2023-11-21T17:00:00Z,17639.0,17639.0,False,False,False,
2023-11-21T18:00:00Z,17714.0,17714.0,False,False,False,
2023-11-21T19:00:00Z,17778.0,17778.0,False,False,False,
2023-11-21T20:00:00Z,17818.0,17818.0,False,False,False,
2023-11-21T21:00:00Z,17639.0,17639.0,False,False,False,
2023-11-21T22:00:00Z,17591.0,17591.0,False,False,False,
2023-11-21T23:00:00Z,17824.0,17824.0,False,False,False,
2023-11-22T00:00:00Z,18519.0,18519.0,False,False,False,
2023-11-22T01:00:00Z,18758.0,18758.0,False,False,False,
2023-11-22T02:00:00Z,18645.0,18645.0,False,False,False,
2023-11-22T03:00:00Z,18438.0,18438.0,False,False,False,
2023-11-22T04:00:00Z,17942.0,17942.0,False,False,False,
2023-11-22T05:00:00Z,17324.0,17324.0,False,False,False,
2023-11-22T06:00:00Z,16692.0,16692.0,False,False,False,
2023-11-22T07:00:00Z,16184.0,16184.0,False,False,False,
2023-11-22T08:00:00Z,15860.0,15860.0,False,False,False,
2023-11-22T09:00:00Z,15775.0,15775.0,False,False,False,
2023-11-22T10:00:00Z,15906.0,15906.0,False,False,False,
2023-11-22T11:00:00Z,16252.0,16252.0,False,False,False,
2023-11-22T12:00:00Z,16947.0,16947.0,False,False,False,
2023-11-22T13:00:00Z,17838.0,17838.0,False,False,False,
2023-11-22T14:00:00Z,18549.0,18549.0,False,False,False,
2023-11-22T15:00:00Z,18810.0,18810.0,False,False,False,
2023-11-22T16:00:00Z,18672.0,18672.0,False,False,False,
2023-11-22T17:00:00Z,18243.0,18243.0,False,False,False,
2023-11-22T18:00:00Z,17968.0,17968.0,False,False,False,
2023-11-22T19:00:00Z,17593.0,17593.0,False,False,False,
2023-11-22T20:00:00Z,17407.0,17407.0,False,False,False,
2023-11-22T21:00:00Z,17276.0,17276.0,False,False,False,
2023-11-22T22:00:00Z,17278.0,17278.0,False,False,False,
2023-11-22T23:00:00Z,17590.0,17590.0,False,False,False,
2023-11-23T00:00:00Z,18432.0,18432.0,False,False,False,
2023-11-23T01:00:00Z,18864.0,18864.0,False,False,False,
2023-11-23T02:00:00Z,18949.0,18949.0,False,False,False,
2023-11-23T03:00:00Z,18885.0,18885.0,False,False,False,
2023-11-23T04:00:00Z,18647.0,18647.0,False,False,False,
2023-11-23T05:00:00Z,18137.0,18137.0,False,False,False,
2023-11-23T06:00:00Z,17615.0,17615.0,False,False,False,
2023-11-23T07:00:00Z,17226.0,17226.0,False,False,False,
2023-11-23T08:00:00Z,16887.0,16887.0,False,False,False,
2023-11-23T09:00:00Z,16746.0,16746.0,False,False,False,
2023-11-23T10:00:00Z,16806.0,16806.0,False,False,False,
2023-11-23T11:00:00Z,17109.0,17109.0,False,False,False,
2023-11-23T12:00:00Z,17513.0,17513.0,False,False,False,
2023-11-23T13:00:00Z,18222.0,18222.0,False,False,False,
2023-11-23T14:00:00Z,18867.0,18867.0,False,False,False,
2023-11-23T15:00:00Z,19399.0,19399.0,False,False,False,
2023-11-23T16:00:00Z,19471.0,19471.0,False,False,False,
2023-11-23T17:00:00Z,19166.0,19166.0,False,False,False,
2023-11-23T18:00:00Z,18448.0,18448.0,False,False,False,
2023-11-23T19:00:00Z,17627.0,17627.0,False,False,False,
2023-11-23T20:00:00Z,16760.0,16760.0,False,False,False,
2023-11-23T21:00:00Z,16197.0,16197.0,False,False,False,
2023-11-23T22:00:00Z,16095.0,16095.0,False,False,False,
2023-11-23T23:00:00Z,16349.0,16349.0,False,False,False,
2023-11-24T00:00:00Z,16895.0,16895.0,False,False,False,
2023-11-24T01:00:00Z,17129.0,17129.0,False,False,False,
2023-11-24T02:00:00Z,17168.0,17168.0,False,False,False,
2023-11-24T03:00:00Z,17137.0,17137.0,False,False,False,
2023-11-24T04:00:00Z,16807.0,16807.0,False,False,False,
2023-11-24T05:00:00Z,16544.0,16544.0,False,False,False,
2023-11-24T06:00:00Z,16095.0,16095.0,False,False,False,
2023-11-24T07:00:00Z,15726.0,15726.0,False,False,False,
2023-11-24T08:00:00Z,15546.0,15546.0,False,False,False,
2023-11-24T09:00:00Z,15507.0,15507.0,False,False,False,
2023-11-24T10:00:00Z,15582.0,15582.0,False,False,False,
2023-11-24T11:00:00Z,15724.0,15724.0,False,False,False,
2023-11-24T12:00:00Z,16236.0,16236.0,False,False,False,
2023-11-24T13:00:00Z,16691.0,16691.0,False,False,False,
2023-11-24T14:00:00Z,17096.0,17096.0,False,False,False,
2023-11-24T15:00:00Z,17359.0,17359.0,False,False,False,
2023-11-24T16:00:00Z,17592.0,17592.0,False,False,False,
2023-11-24T17:00:00Z,17359.0,17359.0,False,False,False,
2023-11-24T18:00:00Z,16959.0,16959.0,False,False,False,
2023-11-24T19:00:00Z,16441.0,16441.0,False,False,False,
2023-11-24T20:00:00Z,16183.0,16183.0,False,False,False,
2023-11-24T21:00:00Z,16066.0,16066.0,False,False,False,
2023-11-24T22:00:00Z,15997.0,15997.0,False,False,False,
2023-11-24T23:00:00Z,16348.0,16348.0,False,False,False,
2023-11-25T00:00:00Z,17164.0,17164.0,False,False,False,
2023-11-25T01:00:00Z,17574.0,17574.0,False,False,False,
2023-11-25T02:00:00Z,17606.0,17606.0,False,False,False,
2023-11-25T03:00:00Z,17423.0,17423.0,False,False,False,
2023-11-25T04:00:00Z,17343.0,17343.0,False,False,False,
2023-11-25T05:00:00Z,17175.0,17175.0,False,False,False,
2023-11-25T06:00:00Z,16738.0,16738.0,False,False,False,
2023-11-25T07:00:00Z,16280.0,16280.0,False,False,False,
2023-11-25T08:00:00Z,16196.0,16196.0,False,False,False,
2023-11-25T09:00:00Z,16331.0,16331.0,False,False,False,
2023-11-25T10:00:00Z,16415.0,16415.0,False,False,False,
2023-11-25T11:00:00Z,16521.0,16521.0,False,False,False,
2023-11-25T12:00:00Z,16981.0,16981.0,False,False,False,
2023-11-25T13:00:00Z,17533.0,17533.0,False,False,False,
2023-11-25T14:00:00Z,18011.0,18011.0,False,False,False,
2023-11-25T15:00:00Z,18243.0,18243.0,False,False,False,
2023-11-25T16:00:00Z,17968.0,17968.0,False,False,False,
2023-11-25T17:00:00Z,17513.0,17513.0,False,False,False,
2023-11-25T18:00:00Z,16944.0,16944.0,False,False,False,
2023-11-25T19:00:00Z,16463.0,16463.0,False,False,False,
2023-11-25T20:00:00Z,16146.0,16146.0,False,False,False,
2023-11-25T21:00:00Z,15989.0,15989.0,False,False,False,
2023-11-25T22:00:00Z,15938.0,15938.0,False,False,False,
2023-11-25T23:00:00Z,16201.0,16201.0,False,False,False,
2023-11-26T00:00:00Z,17056.0,17056.0,False,False,False,
2023-11-26T01:00:00Z,17466.0,17466.0,False,False,False,
2023-11-26T02:00:00Z,17609.0,17609.0,False,False,False,
2023-11-26T03:00:00Z,17507.0,17507.0,False,False,False,
2023-11-26T04:00:00Z,17220.0,17220.0,False,False,False,
2023-11-26T05:00:00Z,16701.0,16701.0,False,False,False,
2023-11-26T06:00:00Z,16204.0,16204.0,False,False,False,
2023-11-26T07:00:00Z,15787.0,15787.0,False,False,False,
2023-11-26T08:00:00Z,15424.0,15424.0,False,False,False,
2023-11-26T09:00:00Z,15192.0,15192.0,False,False,False,
2023-11-26T10:00:00Z,15000.0,15000.0,False,False,False,
2023-11-26T11:00:00Z,14894.0,14894.0,False,False,False,
2023-11-26T12:00:00Z,15258.0,15258.0,False,False,False,
2023-11-26T13:00:00Z,15703.0,15703.0,False,False,False,
2023-11-26T14:00:00Z,16043.0,16043.0,False,False,False,
2023-11-26T15:00:00Z,16590.0,16590.0,False,False,False,
2023-11-26T16:00:00Z,16911.0,16911.0,False,False,False,
2023-11-26T17:00:00Z,16957.0,16957.0,False,False,False,
2023-11-26T18:00:00Z,16881.0,16881.0,False,False,False,
2023-11-26T19:00:00Z,16865.0,16865.0,False,False,False,
2023-11-26T20:00:00Z,16782.0,16782.0,False,False,False,
2023-11-26T21:00:00Z,16659.0,16659.0,False,False,False,
2023-11-26T22:00:00Z,16753.0,16753.0,False,False,False,
2023-11-26T23:00:00Z,17236.0,17236.0,False,False,False,
2023-11-27T00:00:00Z,18210.0,18210.0,False,False,False,
2023-11-27T01:00:00Z,18693.0,18693.0,False,False,False,
2023-11-27T02:00:00Z,18786.0,18786.0,False,False,False,
2023-11-27T03:00:00Z,18755.0,18755.0,False,False,False,
2023-11-27T04:00:00Z,18340.0,18340.0,False,False,False,
2023-11-27T05:00:00Z,17793.0,17793.0,False,False,False,
2023-11-27T06:00:00Z,17305.0,17305.0,False,False,False,
2023-11-27T07:00:00Z,17079.0,17079.0,False,False,False,
2023-11-27T08:00:00Z,17112.0,17112.0,False,False,False,
2023-11-27T09:00:00Z,17304.0,17304.0,False,False,False,
2023-11-27T10:00:00Z,17534.0,17534.0,False,False,False,
2023-11-27T11:00:00Z,18277.0,18277.0,False,False,False,
2023-11-27T12:00:00Z,19630.0,19630.0,False,False,False,
2023-11-27T13:00:00Z,21422.0,21422.0,False,False,False,
2023-11-27T14:00:00Z,22169.0,22169.0,False,False,False,
2023-11-27T15:00:00Z,21804.0,21804.0,False,False,False,
2023-11-27T16:00:00Z,21038.0,21038.0,False,False,False,
2023-11-27T17:00:00Z,20329.0,20329.0,False,False,False,
2023-11-27T18:00:00Z,19538.0,19538.0,False,False,False,
2023-11-27T19:00:00Z,18979.0,18979.0,False,False,False,
2023-11-27T20:00:00Z,18556.0,18556.0,False,False,False,
2023-11-27T21:00:00Z,18219.0,18219.0,False,False,False,
2023-11-27T22:00:00Z,18258.0,18258.0,False,False,False,
2023-11-27T23:00:00Z,18894.0,18894.0,False,False,False,
2023-11-28T00:00:00Z,20123.0,20123.0,False,False,False,
2023-11-28T01:00:00Z,21040.0,21040.0,False,False,False,
2023-11-28T02:00:00Z,21137.0,21137.0,False,False,False,
2023-11-28T03:00:00Z,21052.0,21052.0,False,False,False,
2023-11-28T04:00:00Z,20462.0,20462.0,False,False,False,
2023-11-28T05:00:00Z,19701.0,19701.0,False,False,False,
2023-11-28T06:00:00Z,18784.0,18784.0,False,False,False,
2023-11-28T07:00:00Z,18512.0,18512.0,False,False,False,
2023-11-28T08:00:00Z,18293.0,18293.0,False,False,False,
2023-11-28T09:00:00Z,18265.0,18265.0,False,False,False,
2023-11-28T10:00:00Z,18442.0,18442.0,False,False,False,
2023-11-28T11:00:00Z,18967.0,18967.0,False,False,False,
2023-11-28T12:00:00Z,20009.0,20009.0,False,False,False,
2023-11-28T13:00:00Z,21702.0,21702.0,False,False,False,
2023-11-28T14:00:00Z,22015.0,22015.0,False,False,False,
2023-11-28T15:00:00Z,21230.0,21230.0,False,False,False,
2023-11-28T16:00:00Z,20215.0,20215.0,False,False,False,
2023-11-28T17:00:00Z,19268.0,19268.0,False,False,False,
2023-11-28T18:00:00Z,18509.0,18509.0,False,False,False,
2023-11-28T19:00:00Z,17980.0,17980.0,False,False,False,
2023-11-28T20:00:00Z,17608.0,17608.0,False,False,False,
2023-11-28T21:00:00Z,17391.0,17391.0,False,False,False,
2023-11-28T22:00:00Z,17397.0,17397.0,False,False,False,
2023-11-28T23:00:00Z,17983.0,17983.0,False,False,False,
2023-11-29T00:00:00Z,19126.0,19126.0,False,False,False,
2023-11-29T01:00:00Z,20063.0,20063.0,False,False,False,
2023-11-29T02:00:00Z,20446.0,20446.0,False,False,False,
2023-11-29T03:00:00Z,20596.0,20596.0,False,False,False,
2023-11-29T04:00:00Z,20293.0,20293.0,False,False,False,
2023-11-29T05:00:00Z,19648.0,19648.0,False,False,False,
2023-11-29T06:00:00Z,19057.0,19057.0,False,False,False,
2023-11-29T07:00:00Z,18927.0,18927.0,False,False,False,
2023-11-29T08:00:00Z,19012.0,19012.0,False,False,False,
2023-11-29T09:00:00Z,19117.0,19117.0,False,False,False,
2023-11-29T10:00:00Z,19367.0,19367.0,False,False,False,
2023-11-29T11:00:00Z,19950.0,19950.0,False,False,False,
2023-11-29T12:00:00Z,21113.0,21113.0,False,False,False,
2023-11-29T13:00:00Z,22555.0,22555.0,False,False,False,
2023-11-29T14:00:00Z,22728.0,22728.0,False,False,False,
2023-11-29T15:00:00Z,21849.0,21849.0,False,False,False,
2023-11-29T16:00:00Z,20563.0,20563.0,False,False,False,
2023-11-29T17:00:00Z,19454.0,19454.0,False,False,False,
2023-11-29T18:00:00Z,18580.0,18580.0,False,False,False,
2023-11-29T19:00:00Z,17779.0,17779.0,False,False,False,
2023-11-29T20:00:00Z,17472.0,17472.0,False,False,False,
2023-11-29T21:00:00Z,17265.0,17265.0,False,False,False,
2023-11-29T22:00:00Z,17247.0,17247.0,False,False,False,
2023-11-29T23:00:00Z,17749.0,17749.0,False,False,False,
2023-11-30T00:00:00Z,19115.0,19115.0,False,False,False,
2023-11-30T01:00:00Z,19907.0,19907.0,False,False,False,
2023-11-30T02:00:00Z,19986.0,19986.0,False,False,False,
2023-11-30T03:00:00Z,19929.0,19929.0,False,False,False,
2023-11-30T04:00:00Z,19324.0,19324.0,False,False,False,
2023-11-30T05:00:00Z,18631.0,18631.0,False,False,False,
2023-11-30T06:00:00Z,17914.0,17914.0,False,False,False,
2023-11-30T07:00:00Z,17599.0,17599.0,False,False,False,
2023-11-30T08:00:00Z,17342.0,17342.0,False,False,False,
2023-11-30T09:00:00Z,17173.0,17173.0,False,False,False,
2023-11-30T10:00:00Z,17295.0,17295.0,False,False,False,
2023-11-30T11:00:00Z,17651.0,17651.0,False,False,False,
2023-11-30T12:00:00Z,18536.0,18536.0,False,False,False,
2023-11-30T13:00:00Z,19817.0,19817.0,False,False,False,
2023-11-30T14:00:00Z,20048.0,20048.0,False,False,False,
2023-11-30T15:00:00Z,19956.0,19956.0,False,False,False,
2023-11-30T16:00:00Z,19857.0,19857.0,False,False,False,
2023-11-30T17:00:00Z,19582.0,19582.0,False,False,False,
2023-11-30T18:00:00Z,19140.0,19140.0,False,False,False,
2023-11-30T19:00:00Z,18747.0,18747.0,False,False,False,
2023-11-30T20:00:00Z,18505.0,18505.0,False,False,False,
2023-11-30T21:00:00Z,18428.0,18428.0,False,False,False,
2023-11-30T22:00:00Z,18408.0,18408.0,False,False,False,
2023-11-30T23:00:00Z,18781.0,18781.0,False,False,False,
2023-12-01T00:00:00Z,19457.0,19457.0,False,False,False,
2023-12-01T01:00:00Z,19440.0,19440.0,False,False,False,
2023-12-01T02:00:00Z,19263.0,19263.0,False,False,False,
2023-12-01T03:00:00Z,18982.0,18982.0,False,False,False,
2023-12-01T04:00:00Z,18292.0,18292.0,False,False,False,
2023-12-01T05:00:00Z,17525.0,17525.0,False,False,False,
2023-12-01T06:00:00Z,16684.0,16684.0,False,False,False,
2023-12-01T07:00:00Z,16048.0,16048.0,False,False,False,
2023-12-01T08:00:00Z,15632.0,15632.0,False,False,False,
2023-12-01T09:00:00Z,15445.0,15445.0,False,False,False,
2023-12-01T10:00:00Z,15370.0,15370.0,False,False,False,
2023-12-01T11:00:00Z,15440.0,15440.0,False,False,False,
2023-12-01T12:00:00Z,15998.0,15998.0,False,False,False,
2023-12-01T13:00:00Z,16846.0,16846.0,False,False,False,
2023-12-01T14:00:00Z,17165.0,17165.0,False,False,False,
2023-12-01T15:00:00Z,17390.0,17390.0,False,False,False,
2023-12-01T16:00:00Z,17530.0,17530.0,False,False,False,
2023-12-01T17:00:00Z,17465.0,17465.0,False,False,False,
2023-12-01T18:00:00Z,17487.0,17487.0,False,False,False,
2023-12-01T19:00:00Z,17437.0,17437.0,False,False,False,
2023-12-01T20:00:00Z,17488.0,17488.0,False,False,False,
2023-12-01T21:00:00Z,17498.0,17498.0,False,False,False,
2023-12-01T22:00:00Z,17466.0,17466.0,False,False,False,
2023-12-01T23:00:00Z,17666.0,17666.0,False,False,False,
2023-12-02T00:00:00Z,18340.0,18340.0,False,False,False,
2023-12-02T01:00:00Z,18266.0,18266.0,False,False,False,
2023-12-02T02:00:00Z,18037.0,18037.0,False,False,False,
2023-12-02T03:00:00Z,17697.0,17697.0,False,False,False,
2023-12-02T04:00:00Z,17325.0,17325.0,False,False,False,
2023-12-02T05:00:00Z,16961.0,16961.0,False,False,False,
2023-12-02T06:00:00Z,16379.0,16379.0,False,False,False,
2023-12-02T07:00:00Z,15852.0,15852.0,False,False,False,
2023-12-02T08:00:00Z,15267.0,15267.0,False,False,False,
2023-12-02T09:00:00Z,14973.0,14973.0,False,False,False,
2023-12-02T10:00:00Z,15006.0,15006.0,False,False,False,
2023-12-02T11:00:00Z,15207.0,15207.0,False,False,False,
2023-12-02T12:00:00Z,15426.0,15426.0,False,False,False,
2023-12-02T13:00:00Z,16042.0,16042.0,False,False,False,
2023-12-02T14:00:00Z,16333.0,16333.0,False,False,False,
2023-12-02T15:00:00Z,16807.0,16807.0,False,False,False,
2023-12-02T16:00:00Z,17067.0,17067.0,False,False,False,
2023-12-02T17:00:00Z,17229.0,17229.0,False,False,False,
2023-12-02T18:00:00Z,17244.0,17244.0,False,False,False,
2023-12-02T19:00:00Z,17239.0,17239.0,False,False,False,
2023-12-02T20:00:00Z,17164.0,17164.0,False,False,False,
2023-12-02T21:00:00Z,17054.0,17054.0,False,False,False,
2023-12-02T22:00:00Z,17119.0,17119.0,False,False,False,
2023-12-02T23:00:00Z,17393.0,17393.0,False,False,False,
2023-12-03T00:00:00Z,17989.0,17989.0,False,False,False,
2023-12-03T01:00:00Z,18117.0,18117.0,False,False,False,
2023-12-03T02:00:00Z,18083.0,18083.0,False,False,False,
2023-12-03T03:00:00Z,17804.0,17804.0,False,False,False,
2023-12-03T04:00:00Z,17382.0,17382.0,False,False,False,
2023-12-03T05:00:00Z,16977.0,16977.0,False,False,False,
2023-12-03T06:00:00Z,16512.0,16512.0,False,False,False,
2023-12-03T07:00:00Z,15948.0,15948.0,False,False,False,
2023-12-03T08:00:00Z,15621.0,15621.0,False,False,False,
2023-12-03T09:00:00Z,15300.0,15300.0,False,False,False,
2023-12-03T10:00:00Z,15264.0,15264.0,False,False,False,
2023-12-03T11:00:00Z,15319.0,15319.0,False,False,False,
2023-12-03T12:00:00Z,15591.0,15591.0,False,False,False,
2023-12-03T13:00:00Z,15979.0,15979.0,False,False,False,
2023-12-03T14:00:00Z,16443.0,16443.0,False,False,False,
2023-12-03T15:00:00Z,16988.0,16988.0,False,False,False,
2023-12-03T16:00:00Z,17027.0,17027.0,False,False,False,
2023-12-03T17:00:00Z,16845.0,16845.0,False,False,False,
2023-12-03T18:00:00Z,16680.0,16680.0,False,False,False,
2023-12-03T19:00:00Z,16727.0,16727.0,False,False,False,
2023-12-03T20:00:00Z,16681.0,16681.0,False,False,False,
2023-12-03T21:00:00Z,16627.0,16627.0,False,False,False,
2023-12-03T22:00:00Z,16619.0,16619.0,False,False,False,
2023-12-03T23:00:00Z,16921.0,16921.0,False,False,False,
2023-12-04T00:00:00Z,17705.0,17705.0,False,False,False,
2023-12-04T01:00:00Z,18049.0,18049.0,False,False,False,
2023-12-04T02:00:00Z,18057.0,18057.0,False,False,False,
2023-12-04T03:00:00Z,17736.0,17736.0,False,False,False,
2023-12-04T04:00:00Z,17250.0,17250.0,False,False,False,
2023-12-04T05:00:00Z,16742.0,16742.0,False,False,False,
2023-12-04T06:00:00Z,16032.0,16032.0,False,False,False,
2023-12-04T07:00:00Z,15591.0,15591.0,False,False,False,
2023-12-04T08:00:00Z,15444.0,15444.0,False,False,False,
2023-12-04T09:00:00Z,15351.0,15351.0,False,False,False,
2023-12-04T10:00:00Z,15468.0,15468.0,False,False,False,
2023-12-04T11:00:00Z,15839.0,15839.0,False,False,False,
2023-12-04T12:00:00Z,16791.0,16791.0,False,False,False,
2023-12-04T13:00:00Z,18209.0,18209.0,False,False,False,
2023-12-04T14:00:00Z,18699.0,18699.0,False,False,False,
2023-12-04T15:00:00Z,18479.0,18479.0,False,False,False,
2023-12-04T16:00:00Z,18150.0,18150.0,False,False,False,
2023-12-04T17:00:00Z,17831.0,17831.0,False,False,False,
2023-12-04T18:00:00Z,17590.0,17590.0,False,False,False,
2023-12-04T19:00:00Z,17359.0,17359.0,False,False,False,
2023-12-04T20:00:00Z,17197.0,17197.0,False,False,False,
2023-12-04T21:00:00Z,17038.0,17038.0,False,False,False,
2023-12-04T22:00:00Z,17124.0,17124.0,False,False,False,
2023-12-04T23:00:00Z,17559.0,17559.0,False,False,False,
2023-12-05T00:00:00Z,18448.0,18448.0,False,False,False,
2023-12-05T01:00:00Z,19053.0,19053.0,False,False,False,
2023-12-05T02:00:00Z,19264.0,19264.0,False,False,False,
2023-12-05T03:00:00Z,19434.0,19434.0,False,False,False,
2023-12-05T04:00:00Z,19008.0,19008.0,False,False,False,
2023-12-05T05:00:00Z,18221.0,18221.0,False,False,False,
2023-12-05T06:00:00Z,17681.0,17681.0,False,False,False,
2023-12-05T07:00:00Z,17322.0,17322.0,False,False,False,
2023-12-05T08:00:00Z,17218.0,17218.0,False,False,False,
2023-12-05T09:00:00Z,17319.0,17319.0,False,False,False,
2023-12-05T10:00:00Z,17503.0,17503.0,False,False,False,
2023-12-05T11:00:00Z,17969.0,17969.0,False,False,False,
2023-12-05T12:00:00Z,19186.0,19186.0,False,False,False,
2023-12-05T13:00:00Z,20721.0,20721.0,False,False,False,
2023-12-05T14:00:00Z,21228.0,21228.0,False,False,False,
2023-12-05T15:00:00Z,20669.0,20669.0,False,False,False,
2023-12-05T16:00:00Z,19855.0,19855.0,False,False,False,
2023-12-05T17:00:00Z,18986.0,18986.0,False,False,False,
2023-12-05T18:00:00Z,18266.0,18266.0,False,False,False,
2023-12-05T19:00:00Z,17695.0,17695.0,False,False,False,
2023-12-05T20:00:00Z,17221.0,17221.0,False,False,False,
2023-12-05T21:00:00Z,17052.0,17052.0,False,False,False,
2023-12-05T22:00:00Z,17081.0,17081.0,False,False,False,
2023-12-05T23:00:00Z,17643.0,17643.0,False,False,False,
2023-12-06T00:00:00Z,18479.0,18479.0,False,False,False,
2023-12-06T01:00:00Z,19118.0,19118.0,False,False,False,
2023-12-06T02:00:00Z,19332.0,19332.0,False,False,False,
2023-12-06T03:00:00Z,19377.0,19377.0,False,False,False,
2023-12-06T04:00:00Z,18825.0,18825.0,False,False,False,
2023-12-06T05:00:00Z,18199.0,18199.0,False,False,False,
2023-12-06T06:00:00Z,17324.0,17324.0,False,False,False,
2023-12-06T07:00:00Z,17047.0,17047.0,False,False,False,
2023-12-06T08:00:00Z,16919.0,16919.0,False,False,False,
2023-12-06T09:00:00Z,17031.0,17031.0,False,False,False,
2023-12-06T10:00:00Z,17199.0,17199.0,False,False,False,
2023-12-06T11:00:00Z,17803.0,17803.0,False,False,False,
2023-12-06T12:00:00Z,18996.0,18996.0,False,False,False,
2023-12-06T13:00:00Z,20311.0,20311.0,False,False,False,
2023-12-06T14:00:00Z,20728.0,20728.0,False,False,False,
2023-12-06T15:00:00Z,20230.0,20230.0,False,False,False,
2023-12-06T16:00:00Z,19555.0,19555.0,False,False,False,
2023-12-06T17:00:00Z,18898.0,18898.0,False,False,False,
2023-12-06T18:00:00Z,18132.0,18132.0,False,False,False,
2023-12-06T19:00:00Z,17601.0,17601.0,False,False,False,
2023-12-06T20:00:00Z,17261.0,17261.0,False,False,False,
2023-12-06T21:00:00Z,17183.0,17183.0,False,False,False,
2023-12-06T22:00:00Z,17176.0,17176.0,False,False,False,
2023-12-06T23:00:00Z,17761.0,17761.0,False,False,False,
2023-12-07T00:00:00Z,19026.0,19026.0,False,False,False,
2023-12-07T01:00:00Z,20002.0,20002.0,False,False,False,
2023-12-07T02:00:00Z,20192.0,20192.0,False,False,False,
2023-12-07T03:00:00Z,20367.0,20367.0,False,False,False,
2023-12-07T04:00:00Z,20101.0,20101.0,False,False,False,
2023-12-07T05:00:00Z,19546.0,19546.0,False,False,False,
2023-12-07T06:00:00Z,18862.0,18862.0,False,False,False,
2023-12-07T07:00:00Z,18690.0,18690.0,False,False,False,
2023-12-07T08:00:00Z,18628.0,18628.0,False,False,False,
2023-12-07T09:00:00Z,18742.0,18742.0,False,False,False,
2023-12-07T10:00:00Z,18900.0,18900.0,False,False,False,
2023-12-07T11:00:00Z,19499.0,19499.0,False,False,False,
2023-12-07T12:00:00Z,20635.0,20635.0,False,False,False,
2023-12-07T13:00:00Z,22116.0,22116.0,False,False,False,
2023-12-07T14:00:00Z,22382.0,22382.0,False,False,False,
2023-12-07T15:00:00Z,21506.0,21506.0,False,False,False,
2023-12-07T16:00:00Z,20546.0,20546.0,False,False,False,
2023-12-07T17:00:00Z,19395.0,19395.0,False,False,False,
2023-12-07T18:00:00Z,18554.0,18554.0,False,False,False,
2023-12-07T19:00:00Z,17879.0,17879.0,False,False,False,
2023-12-07T20:00:00Z,17327.0,17327.0,False,False,False,
2023-12-07T21:00:00Z,17012.0,17012.0,False,False,False,
2023-12-07T22:00:00Z,16971.0,16971.0,False,False,False,
2023-12-07T23:00:00Z,17373.0,17373.0,False,False,False,
2023-12-08T00:00:00Z,18511.0,18511.0,False,False,False,
2023-12-08T01:00:00Z,19067.0,19067.0,False,False,False,
2023-12-08T02:00:00Z,19276.0,19276.0,False,False,False,
2023-12-08T03:00:00Z,19260.0,19260.0,False,False,False,
2023-12-08T04:00:00Z,18890.0,18890.0,False,False,False,
2023-12-08T05:00:00Z,18151.0,18151.0,False,False,False,
2023-12-08T06:00:00Z,17308.0,17308.0,False,False,False,
2023-12-08T07:00:00Z,16861.0,16861.0,False,False,False,
2023-12-08T08:00:00Z,16458.0,16458.0,False,False,False,
2023-12-08T09:00:00Z,16333.0,16333.0,False,False,False,
2023-12-08T10:00:00Z,16260.0,16260.0,False,False,False,
2023-12-08T11:00:00Z,16428.0,16428.0,False,False,False,
2023-12-08T12:00:00Z,17221.0,17221.0,False,False,False,
2023-12-08T13:00:00Z,18203.0,18203.0,False,False,False,
2023-12-08T14:00:00Z,18457.0,18457.0,False,False,False,
2023-12-08T15:00:00Z,18306.0,18306.0,False,False,False,
2023-12-08T16:00:00Z,18268.0,18268.0,False,False,False,
2023-12-08T17:00:00Z,18033.0,18033.0,False,False,False,
2023-12-08T18:00:00Z,17762.0,17762.0,False,False,False,
2023-12-08T19:00:00Z,17433.0,17433.0,False,False,False,
2023-12-08T20:00:00Z,17311.0,17311.0,False,False,False,
2023-12-08T21:00:00Z,17177.0,17177.0,False,False,False,
2023-12-08T22:00:00Z,17032.0,17032.0,False,False,False,
2023-12-08T23:00:00Z,17402.0,17402.0,False,False,False,
2023-12-09T00:00:00Z,17980.0,17980.0,False,False,False,
2023-12-09T01:00:00Z,17969.0,17969.0,False,False,False,
2023-12-09T02:00:00Z,17692.0,17692.0,False,False,False,
2023-12-09T03:00:00Z,17375.0,17375.0,False,False,False,
2023-12-09T04:00:00Z,16944.0,16944.0,False,False,False,
2023-12-09T05:00:00Z,16567.0,16567.0,False,False,False,
2023-12-09T06:00:00Z,15917.0,15917.0,False,False,False,
2023-12-09T07:00:00Z,15360.0,15360.0,False,False,False,
2023-12-09T08:00:00Z,14860.0,14860.0,False,False,False,
2023-12-09T09:00:00Z,14643.0,14643.0,False,False,False,
2023-12-09T10:00:00Z,14532.0,14532.0,False,False,False,
2023-12-09T11:00:00Z,14562.0,14562.0,False,False,False,
2023-12-09T12:00:00Z,14734.0,14734.0,False,False,False,
2023-12-09T13:00:00Z,15142.0,15142.0,False,False,False,
2023-12-09T14:00:00Z,15535.0,15535.0,False,False,False,
2023-12-09T15:00:00Z,16058.0,16058.0,False,False,False,
2023-12-09T16:00:00Z,16540.0,16540.0,False,False,False,
2023-12-09T17:00:00Z,16980.0,16980.0,False,False,False,
2023-12-09T18:00:00Z,17209.0,17209.0,False,False,False,
2023-12-09T19:00:00Z,17357.0,17357.0,False,False,False,
2023-12-09T20:00:00Z,17454.0,17454.0,False,False,False,
2023-12-09T21:00:00Z,17498.0,17498.0,False,False,False,
2023-12-09T22:00:00Z,17594.0,17594.0,False,False,False,
2023-12-09T23:00:00Z,17662.0,17662.0,False,False,False,
2023-12-10T00:00:00Z,18105.0,18105.0,False,False,False,
2023-12-10T01:00:00Z,18054.0,18054.0,False,False,False,
2023-12-10T02:00:00Z,17836.0,17836.0,False,False,False,
2023-12-10T03:00:00Z,17503.0,17503.0,False,False,False,
2023-12-10T04:00:00Z,17123.0,17123.0,False,False,False,
2023-12-10T05:00:00Z,16607.0,16607.0,False,False,False,
2023-12-10T06:00:00Z,16031.0,16031.0,False,False,False,
2023-12-10T07:00:00Z,15440.0,15440.0,False,False,False,
2023-12-10T08:00:00Z,15177.0,15177.0,False,False,False,
2023-12-10T09:00:00Z,14889.0,14889.0,False,False,False,
2023-12-10T10:00:00Z,14921.0,14921.0,False,False,False,
2023-12-10T11:00:00Z,15052.0,15052.0,False,False,False,
2023-12-10T12:00:00Z,15455.0,15455.0,False,False,False,
2023-12-10T13:00:00Z,16159.0,16159.0,False,False,False,
2023-12-10T14:00:00Z,16970.0,16970.0,False,False,False,
2023-12-10T15:00:00Z,17827.0,17827.0,False,False,False,
2023-12-10T16:00:00Z,18176.0,18176.0,False,False,False,
2023-12-10T17:00:00Z,17965.0,17965.0,False,False,False,
2023-12-10T18:00:00Z,17675.0,17675.0,False,False,False,
2023-12-10T19:00:00Z,17366.0,17366.0,False,False,False,
2023-12-10T20:00:00Z,17069.0,17069.0,False,False,False,
2023-12-10T21:00:00Z,16921.0,16921.0,False,False,False,
2023-12-10T22:00:00Z,16947.0,16947.0,False,False,False,
2023-12-10T23:00:00Z,17515.0,17515.0,False,False,False,
2023-12-11T00:00:00Z,18907.0,18907.0,False,False,False,
2023-12-11T01:00:00Z,19782.0,19782.0,False,False,False,
2023-12-11T02:00:00Z,20214.0,20214.0,False,False,False,
2023-12-11T03:00:00Z,20454.0,20454.0,False,False,False,
2023-12-11T04:00:00Z,20178.0,20178.0,False,False,False,
2023-12-11T05:00:00Z,19621.0,19621.0,False,False,False,
2023-12-11T06:00:00Z,19213.0,19213.0,False,False,False,
2023-12-11T07:00:00Z,18901.0,18901.0,False,False,False,
2023-12-11T08:00:00Z,19053.0,19053.0,False,False,False,
2023-12-11T09:00:00Z,19181.0,19181.0,False,False,False,
2023-12-11T10:00:00Z,19614.0,19614.0,False,False,False,
2023-12-11T11:00:00Z,20321.0,20321.0,False,False,False,
2023-12-11T12:00:00Z,21716.0,21716.0,False,False,False,
2023-12-11T13:00:00Z,23360.0,23360.0,False,False,False,
2023-12-11T14:00:00Z,23988.0,23988.0,False,False,False,
2023-12-11T15:00:00Z,23175.0,23175.0,False,False,False,
2023-12-11T16:00:00Z,21941.0,21941.0,False,False,False,
2023-12-11T17:00:00Z,20845.0,20845.0,False,False,False,
2023-12-11T18:00:00Z,19701.0,19701.0,False,False,False,
2023-12-11T19:00:00Z,18839.0,18839.0,False,False,False,
2023-12-11T20:00:00Z,18285.0,18285.0,False,False,False,
2023-12-11T21:00:00Z,17920.0,17920.0,False,False,False,
2023-12-11T22:00:00Z,17835.0,17835.0,False,False,False,
2023-12-11T23:00:00Z,18372.0,18372.0,False,False,False,
2023-12-12T00:00:00Z,19653.0,19653.0,False,False,False,
2023-12-12T01:00:00Z,20629.0,20629.0,False,False,False,
2023-12-12T02:00:00Z,21060.0,21060.0,False,False,False,
2023-12-12T03:00:00Z,21188.0,21188.0,False,False,False,
2023-12-12T04:00:00Z,20737.0,20737.0,False,False,False,
2023-12-12T05:00:00Z,20156.0,20156.0,False,False,False,
2023-12-12T06:00:00Z,19631.0,19631.0,False,False,False,
2023-12-12T07:00:00Z,19318.0,19318.0,False,False,False,
2023-12-12T08:00:00Z,19351.0,19351.0,False,False,False,
2023-12-12T09:00:00Z,19549.0,19549.0,False,False,False,
2023-12-12T10:00:00Z,19694.0,19694.0,False,False,False,
2023-12-12T11:00:00Z,20319.0,20319.0,False,False,False,
2023-12-12T12:00:00Z,21462.0,21462.0,False,False,False,
2023-12-12T13:00:00Z,23121.0,23121.0,False,False,False,
2023-12-12T14:00:00Z,23480.0,23480.0,False,False,False,
2023-12-12T15:00:00Z,22576.0,22576.0,False,False,False,
2023-12-12T16:00:00Z,21263.0,21263.0,False,False,False,
2023-12-12T17:00:00Z,19982.0,19982.0,False,False,False,
2023-12-12T18:00:00Z,18884.0,18884.0,False,False,False,
2023-12-12T19:00:00Z,18063.0,18063.0,False,False,False,
2023-12-12T20:00:00Z,17712.0,17712.0,False,False,False,
2023-12-12T21:00:00Z,17401.0,17401.0,False,False,False,
2023-12-12T22:00:00Z,17386.0,17386.0,False,False,False,
2023-12-12T23:00:00Z,17897.0,17897.0,False,False,False,
2023-12-13T00:00:00Z,19246.0,19246.0,False,False,False,
2023-12-13T01:00:00Z,20011.0,20011.0,False,False,False,
2023-12-13T02:00:00Z,20489.0,20489.0,False,False,False,
2023-12-13T03:00:00Z,20455.0,20455.0,False,False,False,
2023-12-13T04:00:00Z,20097.0,20097.0,False,False,False,
2023-12-13T05:00:00Z,19545.0,19545.0,False,False,False,
2023-12-13T06:00:00Z,18816.0,18816.0,False,False,False,
2023-12-13T07:00:00Z,18513.0,18513.0,False,False,False,
2023-12-13T08:00:00Z,18495.0,18495.0,False,False,False,
2023-12-13T09:00:00Z,18640.0,18640.0,False,False,False,
2023-12-13T10:00:00Z,18991.0,18991.0,False,False,False,
2023-12-13T11:00:00Z,19497.0,19497.0,False,False,False,
2023-12-13T12:00:00Z,20706.0,20706.0,False,False,False,
2023-12-13T13:00:00Z,22000.0,22000.0,False,False,False,
2023-12-13T14:00:00Z,22330.0,22330.0,False,False,False,
2023-12-13T15:00:00Z,21716.0,21716.0,False,False,False,
2023-12-13T16:00:00Z,20717.0,20717.0,False,False,False,
2023-12-13T17:00:00Z,19759.0,19759.0,False,False,False,
2023-12-13T18:00:00Z,18693.0,18693.0,False,False,False,
2023-12-13T19:00:00Z,18093.0,18093.0,False,False,False,
2023-12-13T20:00:00Z,17820.0,17820.0,False,False,False,
2023-12-13T21:00:00Z,17520.0,17520.0,False,False,False,
2023-12-13T22:00:00Z,17769.0,17769.0,False,False,False,
2023-12-13T23:00:00Z,18300.0,18300.0,False,False,False,
2023-12-14T00:00:00Z,19362.0,19362.0,False,False,False,
2023-12-14T01:00:00Z,19970.0,19970.0,False,False,False,
2023-12-14T02:00:00Z,20030.0,20030.0,False,False,False,
2023-12-14T03:00:00Z,19912.0,19912.0,False,False,False,
2023-12-14T04:00:00Z,19297.0,19297.0,False,False,False,
2023-12-14T05:00:00Z,18440.0,18440.0,False,False,False,
2023-12-14T06:00:00Z,17722.0,17722.0,False,False,False,
2023-12-14T07:00:00Z,17296.0,17296.0,False,False,False,
2023-12-14T08:00:00Z,17225.0,17225.0,False,False,False,
2023-12-14T09:00:00Z,17139.0,17139.0,False,False,False,
2023-12-14T10:00:00Z,17205.0,17205.0,False,False,False,
2023-12-14T11:00:00Z,17730.0,17730.0,False,False,False,
2023-12-14T12:00:00Z,18668.0,18668.0,False,False,False,
2023-12-14T13:00:00Z,20180.0,20180.0,False,False,False,
2023-12-14T14:00:00Z,20416.0,20416.0,False,False,False,
2023-12-14T15:00:00Z,20005.0,20005.0,False,False,False,
2023-12-14T16:00:00Z,19336.0,19336.0,False,False,False,
2023-12-14T17:00:00Z,18539.0,18539.0,False,False,False,
2023-12-14T18:00:00Z,17954.0,17954.0,False,False,False,
2023-12-14T19:00:00Z,17452.0,17452.0,False,False,False,
2023-12-14T20:00:00Z,17229.0,17229.0,False,False,False,
2023-12-14T21:00:00Z,17012.0,17012.0,False,False,False,
2023-12-14T22:00:00Z,17104.0,17104.0,False,False,False,
2023-12-14T23:00:00Z,17181.0,17181.0,False,False,False,
2023-12-15T00:00:00Z,18108.0,18108.0,False,False,False,
2023-12-15T01:00:00Z,18691.0,18691.0,False,False,False,
2023-12-15T02:00:00Z,18874.0,18874.0,False,False,False,
2023-12-15T03:00:00Z,18988.0,18988.0,False,False,False,
2023-12-15T04:00:00Z,18384.0,18384.0,False,False,False,
2023-12-15T05:00:00Z,17786.0,17786.0,False,False,False,
2023-12-15T06:00:00Z,17146.0,17146.0,False,False,False,
2023-12-15T07:00:00Z,16640.0,16640.0,False,False,False,
2023-12-15T08:00:00Z,16470.0,16470.0,False,False,False,
2023-12-15T09:00:00Z,16357.0,16357.0,False,False,False,
2023-12-15T10:00:00Z,16483.0,16483.0,False,False,False,
2023-12-15T11:00:00Z,16915.0,16915.0,False,False,False,
2023-12-15T12:00:00Z,17798.0,17798.0,False,False,False,
2023-12-15T13:00:00Z,19108.0,19108.0,False,False,False,
2023-12-15T14:00:00Z,19474.0,19474.0,False,False,False,
2023-12-15T15:00:00Z,19208.0,19208.0,False,False,False,
2023-12-15T16:00:00Z,18676.0,18676.0,False,False,False,
2023-12-15T17:00:00Z,18091.0,18091.0,False,False,False,
2023-12-15T18:00:00Z,17542.0,17542.0,False,False,False,
2023-12-15T19:00:00Z,17075.0,17075.0,False,False,False,
2023-12-15T20:00:00Z,16875.0,16875.0,False,False,False,
2023-12-15T21:00:00Z,16830.0,16830.0,False,False,False,
2023-12-15T22:00:00Z,16895.0,16895.0,False,False,False,
2023-12-15T23:00:00Z,17154.0,17154.0,False,False,False,
2023-12-16T00:00:00Z,17881.0,17881.0,False,False,False,
2023-12-16T01:00:00Z,18043.0,18043.0,False,False,False,
2023-12-16T02:00:00Z,17786.0,17786.0,False,False,False,
2023-12-16T03:00:00Z,17667.0,17667.0,False,False,False,
2023-12-16T04:00:00Z,17309.0,17309.0,False,False,False,
2023-12-16T05:00:00Z,16715.0,16715.0,False,False,False,
2023-12-16T06:00:00Z,16070.0,16070.0,False,False,False,
2023-12-16T07:00:00Z,15548.0,15548.0,False,False,False,
2023-12-16T08:00:00Z,15203.0,15203.0,False,False,False,
2023-12-16T09:00:00Z,15026.0,15026.0,False,False,False,
2023-12-16T10:00:00Z,15015.0,15015.0,False,False,False,
2023-12-16T11:00:00Z,15053.0,15053.0,False,False,False,
2023-12-16T12:00:00Z,15344.0,15344.0,False,False,False,
2023-12-16T13:00:00Z,15893.0,15893.0,False,False,False,
2023-12-16T14:00:00Z,16382.0,16382.0,False,False,False,
2023-12-16T15:00:00Z,16956.0,16956.0,False,False,False,
2023-12-16T16:00:00Z,17408.0,17408.0,False,False,False,
2023-12-16T17:00:00Z,17415.0,17415.0,False,False,False,
2023-12-16T18:00:00Z,17359.0,17359.0,False,False,False,
2023-12-16T19:00:00Z,17418.0,17418.0,False,False,False,
2023-12-16T20:00:00Z,17222.0,17222.0,False,False,False,
2023-12-16T21:00:00Z,17042.0,17042.0,False,False,False,
2023-12-16T22:00:00Z,17099.0,17099.0,False,False,False,
2023-12-16T23:00:00Z,17367.0,17367.0,False,False,False,
2023-12-17T00:00:00Z,17986.0,17986.0,False,False,False,
2023-12-17T01:00:00Z,18149.0,18149.0,False,False,False,
2023-12-17T02:00:00Z,18200.0,18200.0,False,False,False,
2023-12-17T03:00:00Z,18050.0,18050.0,False,False,False,
2023-12-17T04:00:00Z,17858.0,17858.0,False,False,False,
2023-12-17T05:00:00Z,17524.0,17524.0,False,False,False,
2023-12-17T06:00:00Z,17068.0,17068.0,False,False,False,
2023-12-17T07:00:00Z,16617.0,16617.0,False,False,False,
2023-12-17T08:00:00Z,16473.0,16473.0,False,False,False,
2023-12-17T09:00:00Z,16476.0,16476.0,False,False,False,
2023-12-17T10:00:00Z,16629.0,16629.0,False,False,False,
2023-12-17T11:00:00Z,16808.0,16808.0,False,False,False,
2023-12-17T12:00:00Z,17362.0,17362.0,False,False,False,
2023-12-17T13:00:00Z,18142.0,18142.0,False,False,False,
2023-12-17T14:00:00Z,18819.0,18819.0,False,False,False,
2023-12-17T15:00:00Z,19243.0,19243.0,False,False,False,
2023-12-17T16:00:00Z,19103.0,19103.0,False,False,False,
2023-12-17T17:00:00Z,18347.0,18347.0,False,False,False,
2023-12-17T18:00:00Z,17737.0,17737.0,False,False,False,
2023-12-17T19:00:00Z,17125.0,17125.0,False,False,False,
2023-12-17T20:00:00Z,16754.0,16754.0,False,False,False,
2023-12-17T21:00:00Z,16474.0,16474.0,False,False,False,
2023-12-17T22:00:00Z,16568.0,16568.0,False,False,False,
2023-12-17T23:00:00Z,16981.0,16981.0,False,False,False,
2023-12-18T00:00:00Z,18069.0,18069.0,False,False,False,
2023-12-18T01:00:00Z,18942.0,18942.0,False,False,False,
2023-12-18T02:00:00Z,19217.0,19217.0,False,False,False,
2023-12-18T03:00:00Z,19269.0,19269.0,False,False,False,
2023-12-18T04:00:00Z,19218.0,19218.0,False,False,False,
2023-12-18T05:00:00Z,18689.0,18689.0,False,False,False,
2023-12-18T06:00:00Z,18128.0,18128.0,False,False,False,
2023-12-18T07:00:00Z,17941.0,17941.0,False,False,False,
2023-12-18T08:00:00Z,17803.0,17803.0,False,False,False,
2023-12-18T09:00:00Z,17844.0,17844.0,False,False,False,
2023-12-18T10:00:00Z,18079.0,18079.0,False,False,False,
2023-12-18T11:00:00Z,18662.0,18662.0,False,False,False,
2023-12-18T12:00:00Z,19783.0,19783.0,False,False,False,
2023-12-18T13:00:00Z,21333.0,21333.0,False,False,False,
2023-12-18T14:00:00Z,21868.0,21868.0,False,False,False,
2023-12-18T15:00:00Z,21307.0,21307.0,False,False,False,
2023-12-18T16:00:00Z,20260.0,20260.0,False,False,False,
2023-12-18T17:00:00Z,19363.0,19363.0,False,False,False,
2023-12-18T18:00:00Z,18669.0,18669.0,False,False,False,
2023-12-18T19:00:00Z,18073.0,18073.0,False,False,False,
2023-12-18T20:00:00Z,17792.0,17792.0,False,False,False,
2023-12-18T21:00:00Z,17382.0,17382.0,False,False,False,
2023-12-18T22:00:00Z,17333.0,17333.0,False,False,False,
2023-12-18T23:00:00Z,17819.0,17819.0,False,False,False,
2023-12-19T00:00:00Z,18849.0,18849.0,False,False,False,
2023-12-19T01:00:00Z,19710.0,19710.0,False,False,False,
2023-12-19T02:00:00Z,19818.0,19818.0,False,False,False,
2023-12-19T03:00:00Z,19924.0,19924.0,False,False,False,
2023-12-19T04:00:00Z,19662.0,19662.0,False,False,False,
2023-12-19T05:00:00Z,19172.0,19172.0,False,False,False,
2023-12-19T06:00:00Z,18723.0,18723.0,False,False,False,
2023-12-19T07:00:00Z,18393.0,18393.0,False,False,False,
2023-12-19T08:00:00Z,18506.0,18506.0,False,False,False,
2023-12-19T09:00:00Z,18717.0,18717.0,False,False,False,
2023-12-19T10:00:00Z,19015.0,19015.0,False,False,False,
2023-12-19T11:00:00Z,19640.0,19640.0,False,False,False,
2023-12-19T12:00:00Z,20931.0,20931.0,False,False,False,
2023-12-19T13:00:00Z,22573.0,22573.0,False,False,False,
2023-12-19T14:00:00Z,23203.0,23203.0,False,False,False,
2023-12-19T15:00:00Z,22692.0,22692.0,False,False,False,
2023-12-19T16:00:00Z,21824.0,21824.0,False,False,False,
2023-12-19T17:00:00Z,20923.0,20923.0,False,False,False,
2023-12-19T18:00:00Z,20018.0,20018.0,False,False,False,
2023-12-19T19:00:00Z,19235.0,19235.0,False,False,False,
2023-12-19T20:00:00Z,18618.0,18618.0,False,False,False,
2023-12-19T21:00:00Z,18261.0,18261.0,False,False,False,
2023-12-19T22:00:00Z,18218.0,18218.0,False,False,False,
2023-12-19T23:00:00Z,18906.0,18906.0,False,False,False,
2023-12-20T00:00:00Z,20195.0,20195.0,False,False,False,
2023-12-20T01:00:00Z,21045.0,21045.0,False,False,False,
2023-12-20T02:00:00Z,21344.0,21344.0,False,False,False,
2023-12-20T03:00:00Z,21423.0,21423.0,False,False,False,
2023-12-20T04:00:00Z,20957.0,20957.0,False,False,False,
2023-12-20T05:00:00Z,20238.0,20238.0,False,False,False,
2023-12-20T06:00:00Z,19628.0,19628.0,False,False,False,
2023-12-20T07:00:00Z,19348.0,19348.0,False,False,False,
2023-12-20T08:00:00Z,19329.0,19329.0,False,False,False,
2023-12-20T09:00:00Z,19255.0,19255.0,False,False,False,
2023-12-20T10:00:00Z,19322.0,19322.0,False,False,False,
2023-12-20T11:00:00Z,19618.0,19618.0,False,False,False,
2023-12-20T12:00:00Z,20615.0,20615.0,False,False,False,
2023-12-20T13:00:00Z,21805.0,21805.0,False,False,False,
2023-12-20T14:00:00Z,22217.0,22217.0,False,False,False,
2023-12-20T15:00:00Z,22194.0,22194.0,False,False,False,
2023-12-20T16:00:00Z,21405.0,21405.0,False,False,False,
2023-12-20T17:00:00Z,20306.0,20306.0,False,False,False,
2023-12-20T18:00:00Z,19297.0,19297.0,False,False,False,
2023-12-20T19:00:00Z,18404.0,18404.0,False,False,False,
2023-12-20T20:00:00Z,17991.0,17991.0,False,False,False,
2023-12-20T21:00:00Z,17581.0,17581.0,False,False,False,
2023-12-20T22:00:00Z,17716.0,17716.0,False,False,False,
2023-12-20T23:00:00Z,17956.0,17956.0,False,False,False,
2023-12-21T00:00:00Z,19022.0,19022.0,False,False,False,
2023-12-21T01:00:00Z,19702.0,19702.0,False,False,False,
2023-12-21T02:00:00Z,19833.0,19833.0,False,False,False,
2023-12-21T03:00:00Z,19824.0,19824.0,False,False,False,
2023-12-21T04:00:00Z,19614.0,19614.0,False,False,False,
2023-12-21T05:00:00Z,18940.0,18940.0,False,False,False,
2023-12-21T06:00:00Z,18345.0,18345.0,False,False,False,
2023-12-21T07:00:00Z,17939.0,17939.0,False,False,False,
2023-12-21T08:00:00Z,17823.0,17823.0,False,False,False,
2023-12-21T09:00:00Z,17846.0,17846.0,False,False,False,
2023-12-21T10:00:00Z,17945.0,17945.0,False,False,False,
2023-12-21T11:00:00Z,18364.0,18364.0,False,False,False,
2023-12-21T12:00:00Z,19216.0,19216.0,False,False,False,
2023-12-21T13:00:00Z,20250.0,20250.0,False,False,False,
2023-12-21T14:00:00Z,20764.0,20764.0,False,False,False,
2023-12-21T15:00:00Z,20754.0,20754.0,False,False,False,
2023-12-21T16:00:00Z,20191.0,20191.0,False,False,False,
2023-12-21T17:00:00Z,19340.0,19340.0,False,False,False,
2023-12-21T18:00:00Z,18575.0,18575.0,False,False,False,
2023-12-21T19:00:00Z,18013.0,18013.0,False,False,False,
2023-12-21T20:00:00Z,17704.0,17704.0,False,False,False,
2023-12-21T21:00:00Z,17485.0,17485.0,False,False,False,
2023-12-21T22:00:00Z,17423.0,17423.0,False,False,False,
2023-12-21T23:00:00Z,17555.0,17555.0,False,False,False,
2023-12-22T00:00:00Z,18483.0,18483.0,False,False,False,
2023-12-22T01:00:00Z,18853.0,18853.0,False,False,False,
2023-12-22T02:00:00Z,18769.0,18769.0,False,False,False,
2023-12-22T03:00:00Z,18685.0,18685.0,False,False,False,
2023-12-22T04:00:00Z,18383.0,18383.0,False,False,False,
2023-12-22T05:00:00Z,17656.0,17656.0,False,False,False,
2023-12-22T06:00:00Z,16981.0,16981.0,False,False,False,
2023-12-22T07:00:00Z,16444.0,16444.0,False,False,False,
2023-12-22T08:00:00Z,16200.0,16200.0,False,False,False,
2023-12-22T09:00:00Z,16007.0,16007.0,False,False,False,
2023-12-22T10:00:00Z,15833.0,15833.0,False,False,False,
2023-12-22T11:00:00Z,16189.0,16189.0,False,False,False,
2023-12-22T12:00:00Z,16735.0,16735.0,False,False,False,
2023-12-22T13:00:00Z,17685.0,17685.0,False,False,False,
2023-12-22T14:00:00Z,18137.0,18137.0,False,False,False,
2023-12-22T15:00:00Z,18195.0,18195.0,False,False,False,
2023-12-22T16:00:00Z,18102.0,18102.0,False,False,False,
2023-12-22T17:00:00Z,17819.0,17819.0,False,False,False,
2023-12-22T18:00:00Z,17471.0,17471.0,False,False,False,
2023-12-22T19:00:00Z,17175.0,17175.0,False,False,False,
2023-12-22T20:00:00Z,17138.0,17138.0,False,False,False,
2023-12-22T21:00:00Z,17092.0,17092.0,False,False,False,
2023-12-22T22:00:00Z,17019.0,17019.0,False,False,False,
2023-12-22T23:00:00Z,17081.0,17081.0,False,False,False,
2023-12-23T00:00:00Z,17749.0,17749.0,False,False,False,
2023-12-23T01:00:00Z,17899.0,17899.0,False,False,False,
2023-12-23T02:00:00Z,17713.0,17713.0,False,False,False,
2023-12-23T03:00:00Z,17484.0,17484.0,False,False,False,
2023-12-23T04:00:00Z,17192.0,17192.0,False,False,False,
2023-12-23T05:00:00Z,16534.0,16534.0,False,False,False,
2023-12-23T06:00:00Z,16013.0,16013.0,False,False,False,
2023-12-23T07:00:00Z,15532.0,15532.0,False,False,False,
2023-12-23T08:00:00Z,15124.0,15124.0,False,False,False,
2023-12-23T09:00:00Z,14894.0,14894.0,False,False,False,
2023-12-23T10:00:00Z,14848.0,14848.0,False,False,False,
2023-12-23T11:00:00Z,14793.0,14793.0,False,False,False,
2023-12-23T12:00:00Z,15091.0,15091.0,False,False,False,
2023-12-23T13:00:00Z,15530.0,15530.0,False,False,False,
2023-12-23T14:00:00Z,15969.0,15969.0,False,False,False,
2023-12-23T15:00:00Z,16352.0,16352.0,False,False,False,
2023-12-23T16:00:00Z,16715.0,16715.0,False,False,False,
2023-12-23T17:00:00Z,16878.0,16878.0,False,False,False,
2023-12-23T18:00:00Z,16787.0,16787.0,False,False,False,
2023-12-23T19:00:00Z,16712.0,16712.0,False,False,False,
2023-12-23T20:00:00Z,16709.0,16709.0,False,False,False,
2023-12-23T21:00:00Z,16516.0,16516.0,False,False,False,
2023-12-23T22:00:00Z,16457.0,16457.0,False,False,False,
2023-12-23T23:00:00Z,16602.0,16602.0,False,False,False,
2023-12-24T00:00:00Z,17104.0,17104.0,False,False,False,
2023-12-24T01:00:00Z,17331.0,17331.0,False,False,False,
2023-12-24T02:00:00Z,17060.0,17060.0,False,False,False,
2023-12-24T03:00:00Z,16866.0,16866.0,False,False,False,
2023-12-24T04:00:00Z,16447.0,16447.0,False,False,False,
2023-12-24T05:00:00Z,16102.0,16102.0,False,False,False,
2023-12-24T06:00:00Z,15559.0,15559.0,False,False,False,
2023-12-24T07:00:00Z,15064.0,15064.0,False,False,False,
2023-12-24T08:00:00Z,14563.0,14563.0,False,False,False,
2023-12-24T09:00:00Z,14400.0,14400.0,False,False,False,
2023-12-24T10:00:00Z,14234.0,14234.0,False,False,False,
2023-12-24T11:00:00Z,14227.0,14227.0,False,False,False,
2023-12-24T12:00:00Z,14435.0,14435.0,False,False,False,
2023-12-24T13:00:00Z,14814.0,14814.0,False,False,False,
2023-12-24T14:00:00Z,15301.0,15301.0,False,False,False,
2023-12-24T15:00:00Z,16039.0,16039.0,False,False,False,
2023-12-24T16:00:00Z,16506.0,16506.0,False,False,False,
2023-12-24T17:00:00Z,16699.0,16699.0,False,False,False,
2023-12-24T18:00:00Z,16652.0,16652.0,False,False,False,
2023-12-24T19:00:00Z,16657.0,16657.0,False,False,False,
2023-12-24T20:00:00Z,16598.0,16598.0,False,False,False,
2023-12-24T21:00:00Z,16513.0,16513.0,False,False,False,
2023-12-24T22:00:00Z,16545.0,16545.0,False,False,False,
2023-12-24T23:00:00Z,16589.0,16589.0,False,False,False,
2023-12-25T00:00:00Z,16980.0,16980.0,False,False,False,
2023-12-25T01:00:00Z,16968.0,16968.0,False,False,False,
2023-12-25T02:00:00Z,16823.0,16823.0,False,False,False,
2023-12-25T03:00:00Z,16647.0,16647.0,False,False,False,
2023-12-25T04:00:00Z,16377.0,16377.0,False,False,False,
2023-12-25T05:00:00Z,15897.0,15897.0,False,False,False,
2023-12-25T06:00:00Z,15395.0,15395.0,False,False,False,
2023-12-25T07:00:00Z,14776.0,14776.0,False,False,False,
2023-12-25T08:00:00Z,14444.0,14444.0,False,False,False,
2023-12-25T09:00:00Z,14112.0,14112.0,False,False,False,
2023-12-25T10:00:00Z,14017.0,14017.0,False,False,False,
2023-12-25T11:00:00Z,14101.0,14101.0,False,False,False,
2023-12-25T12:00:00Z,14246.0,14246.0,False,False,False,
2023-12-25T13:00:00Z,14753.0,14753.0,False,False,False,
2023-12-25T14:00:00Z,15280.0,15280.0,False,False,False,
2023-12-25T15:00:00Z,16058.0,16058.0,False,False,False,
2023-12-25T16:00:00Z,16697.0,16697.0,False,False,False,
2023-12-25T17:00:00Z,16947.0,16947.0,False,False,False,
2023-12-25T18:00:00Z,16883.0,16883.0,False,False,False,
2023-12-25T19:00:00Z,16615.0,16615.0,False,False,False,
2023-12-25T20:00:00Z,16288.0,16288.0,False,False,False,
2023-12-25T21:00:00Z,16082.0,16082.0,False,False,False,
2023-12-25T22:00:00Z,16019.0,16019.0,False,False,False,
2023-12-25T23:00:00Z,16179.0,16179.0,False,False,False,
2023-12-26T00:00:00Z,16930.0,16930.0,False,False,False,
2023-12-26T01:00:00Z,17271.0,17271.0,False,False,False,
2023-12-26T02:00:00Z,17459.0,17459.0,False,False,False,
2023-12-26T03:00:00Z,17583.0,17583.0,False,False,False,
2023-12-26T04:00:00Z,17373.0,17373.0,False,False,False,
2023-12-26T05:00:00Z,17141.0,17141.0,False,False,False,
2023-12-26T06:00:00Z,16942.0,16942.0,False,False,False,
2023-12-26T07:00:00Z,16669.0,16669.0,False,False,False,
2023-12-26T08:00:00Z,16541.0,16541.0,False,False,False,
2023-12-26T09:00:00Z,16569.0,16569.0,False,False,False,
2023-12-26T10:00:00Z,16758.0,16758.0,False,False,False,
2023-12-26T11:00:00Z,17253.0,17253.0,False,False,False,
2023-12-26T12:00:00Z,18028.0,18028.0,False,False,False,
2023-12-26T13:00:00Z,19128.0,19128.0,False,False,False,
2023-12-26T14:00:00Z,19967.0,19967.0,False,False,False,
2023-12-26T15:00:00Z,20334.0,20334.0,False,False,False,
2023-12-26T16:00:00Z,20100.0,20100.0,False,False,False,
2023-12-26T17:00:00Z,19663.0,19663.0,False,False,False,
2023-12-26T18:00:00Z,19062.0,19062.0,False,False,False,
2023-12-26T19:00:00Z,18390.0,18390.0,False,False,False,
2023-12-26T20:00:00Z,17740.0,17740.0,False,False,False,
2023-12-26T21:00:00Z,17460.0,17460.0,False,False,False,
2023-12-26T22:00:00Z,17549.0,17549.0,False,False,False,
2023-12-26T23:00:00Z,18049.0,18049.0,False,False,False,
2023-12-27T00:00:00Z,19061.0,19061.0,False,False,False,
2023-12-27T01:00:00Z,19677.0,19677.0,False,False,False,
2023-12-27T02:00:00Z,19905.0,19905.0,False,False,False,
2023-12-27T03:00:00Z,19870.0,19870.0,False,False,False,
2023-12-27T04:00:00Z,19344.0,19344.0,False,False,False,
2023-12-27T05:00:00Z,18757.0,18757.0,False,False,False,
2023-12-27T06:00:00Z,18284.0,18284.0,False,False,False,
2023-12-27T07:00:00Z,17896.0,17896.0,False,False,False,
2023-12-27T08:00:00Z,17684.0,17684.0,False,False,False,
2023-12-27T09:00:00Z,17696.0,17696.0,False,False,False,
2023-12-27T10:00:00Z,17656.0,17656.0,False,False,False,
2023-12-27T11:00:00Z,18146.0,18146.0,False,False,False,
2023-12-27T12:00:00Z,18964.0,18964.0,False,False,False,
2023-12-27T13:00:00Z,19882.0,19882.0,False,False,False,
2023-12-27T14:00:00Z,20540.0,20540.0,False,False,False,
2023-12-27T15:00:00Z,20667.0,20667.0,False,False,False,
2023-12-27T16:00:00Z,20095.0,20095.0,False,False,False,
2023-12-27T17:00:00Z,19476.0,19476.0,False,False,False,
2023-12-27T18:00:00Z,18985.0,18985.0,False,False,False,
2023-12-27T19:00:00Z,18482.0,18482.0,False,False,False,
2023-12-27T20:00:00Z,18241.0,18241.0,False,False,False,
2023-12-27T21:00:00Z,18248.0,18248.0,False,False,False,
2023-12-27T22:00:00Z,18266.0,18266.0,False,False,False,
2023-12-27T23:00:00Z,18477.0,18477.0,False,False,False,
2023-12-28T00:00:00Z,19370.0,19370.0,False,False,False,
2023-12-28T01:00:00Z,20103.0,20103.0,False,False,False,
2023-12-28T02:00:00Z,20305.0,20305.0,False,False,False,
2023-12-28T03:00:00Z,20208.0,20208.0,False,False,False,
2023-12-28T04:00:00Z,20013.0,20013.0,False,False,False,
2023-12-28T05:00:00Z,19403.0,19403.0,False,False,False,
2023-12-28T06:00:00Z,18957.0,18957.0,False,False,False,
2023-12-28T07:00:00Z,18619.0,18619.0,False,False,False,
2023-12-28T08:00:00Z,18567.0,18567.0,False,False,False,
2023-12-28T09:00:00Z,18653.0,18653.0,False,False,False,
2023-12-28T10:00:00Z,19063.0,19063.0,False,False,False,
2023-12-28T11:00:00Z,19664.0,19664.0,False,False,False,
2023-12-28T12:00:00Z,20599.0,20599.0,False,False,False,
2023-12-28T13:00:00Z,21846.0,21846.0,False,False,False,
2023-12-28T14:00:00Z,22604.0,22604.0,False,False,False,
2023-12-28T15:00:00Z,22460.0,22460.0,False,False,False,
2023-12-28T16:00:00Z,21905.0,21905.0,False,False,False,
2023-12-28T17:00:00Z,21167.0,21167.0,False,False,False,
2023-12-28T18:00:00Z,20589.0,20589.0,False,False,False,
2023-12-28T19:00:00Z,19997.0,19997.0,False,False,False,
2023-12-28T20:00:00Z,19690.0,19690.0,False,False,False,
2023-12-28T21:00:00Z,19431.0,19431.0,False,False,False,
2023-12-28T22:00:00Z,19653.0,19653.0,False,False,False,
2023-12-28T23:00:00Z,20114.0,20114.0,False,False,False,
2023-12-29T00:00:00Z,21063.0,21063.0,False,False,False,
2023-12-29T01:00:00Z,21823.0,21823.0,False,False,False,
2023-12-29T02:00:00Z,22088.0,22088.0,False,False,False,
2023-12-29T03:00:00Z,22029.0,22029.0,False,False,False,
2023-12-29T04:00:00Z,21757.0,21757.0,False,False,False,
2023-12-29T05:00:00Z,21288.0,21288.0,False,False,False,
2023-12-29T06:00:00Z,20754.0,20754.0,False,False,False,
2023-12-29T07:00:00Z,20616.0,20616.0,False,False,False,
2023-12-29T08:00:00Z,20478.0,20478.0,False,False,False,
2023-12-29T09:00:00Z,20594.0,20594.0,False,False,False,
2023-12-29T10:00:00Z,20864.0,20864.0,False,False,False,
2023-12-29T11:00:00Z,21327.0,21327.0,False,False,False,
2023-12-29T12:00:00Z,22148.0,22148.0,False,False,False,
2023-12-29T13:00:00Z,23214.0,23214.0,False,False,False,
2023-12-29T14:00:00Z,23901.0,23901.0,False,False,False,
2023-12-29T15:00:00Z,23814.0,23814.0,False,False,False,
2023-12-29T16:00:00Z,23238.0,23238.0,False,False,False,
2023-12-29T17:00:00Z,22161.0,22161.0,False,False,False,
2023-12-29T18:00:00Z,21362.0,21362.0,False,False,False,
2023-12-29T19:00:00Z,20460.0,20460.0,False,False,False,
2023-12-29T20:00:00Z,19978.0,19978.0,False,False,False,
2023-12-29T21:00:00Z,19575.0,19575.0,False,False,False,
2023-12-29T22:00:00Z,19552.0,19552.0,False,False,False,
2023-12-29T23:00:00Z,20000.0,20000.0,False,False,False,
2023-12-30T00:00:00Z,20984.0,20984.0,False,False,False,
2023-12-30T01:00:00Z,21589.0,21589.0,False,False,False,
2023-12-30T02:00:00Z,21882.0,21882.0,False,False,False,
2023-12-30T03:00:00Z,21970.0,21970.0,False,False,False,
2023-12-30T04:00:00Z,21825.0,21825.0,False,False,False,
2023-12-30T05:00:00Z,21330.0,21330.0,False,False,False,
2023-12-30T06:00:00Z,20842.0,20842.0,False,False,False,
2023-12-30T07:00:00Z,20710.0,20710.0,False,False,False,
2023-12-30T08:00:00Z,20617.0,20617.0,False,False,False,
2023-12-30T09:00:00Z,20702.0,20702.0,False,False,False,
2023-12-30T10:00:00Z,20976.0,20976.0,False,False,False,
2023-12-30T11:00:00Z,21359.0,21359.0,False,False,False,
2023-12-30T12:00:00Z,21936.0,21936.0,False,False,False,
2023-12-30T13:00:00Z,22651.0,22651.0,False,False,False,
2023-12-30T14:00:00Z,23240.0,23240.0,False,False,False,
2023-12-30T15:00:00Z,23085.0,23085.0,False,False,False,
2023-12-30T16:00:00Z,22184.0,22184.0,False,False,False,
2023-12-30T17:00:00Z,20882.0,20882.0,False,False,False,
2023-12-30T18:00:00Z,19646.0,19646.0,False,False,False,
2023-12-30T19:00:00Z,18549.0,18549.0,False,False,False,
2023-12-30T20:00:00Z,17740.0,17740.0,False,False,False,
2023-12-30T21:00:00Z,17299.0,17299.0,False,False,False,
2023-12-30T22:00:00Z,17065.0,17065.0,False,False,False,
2023-12-30T23:00:00Z,17436.0,17436.0,False,False,False,
2023-12-31T00:00:00Z,18536.0,18536.0,False,False,False,
2023-12-31T01:00:00Z,19377.0,19377.0,False,False,False,
2023-12-31T02:00:00Z,19809.0,19809.0,False,False,False,
2023-12-31T03:00:00Z,20089.0,20089.0,False,False,False,
2023-12-31T04:00:00Z,20141.0,20141.0,False,False,False,
2023-12-31T05:00:00Z,20086.0,20086.0,False,False,False,
2023-12-31T06:00:00Z,19783.0,19783.0,False,False,False,
2023-12-31T07:00:00Z,19721.0,19721.0,False,False,False,
2023-12-31T08:00:00Z,19700.0,19700.0,False,False,False,
2023-12-31T09:00:00Z,19782.0,19782.0,False,False,False,
2023-12-31T10:00:00Z,19906.0,19906.0,False,False,False,
2023-12-31T11:00:00Z,20264.0,20264.0,False,False,False,
2023-12-31T12:00:00Z,20777.0,20777.0,False,False,False,
2023-12-31T13:00:00Z,21352.0,21352.0,False,False,False,
2023-12-31T14:00:00Z,21979.0,21979.0,False,False,False,
2023-12-31T15:00:00Z,22008.0,22008.0,False,False,False,
2023-12-31T16:00:00Z,20773.0,20773.0,False,False,False,
2023-12-31T17:00:00Z,19282.0,19282.0,False,False,False,
2023-12-31T18:00:00Z,18123.0,18123.0,False,False,False,
2023-12-31T19:00:00Z,17498.0,17498.0,False,False,False,
2023-12-31T20:00:00Z,17033.0,17033.0,False,False,False,
2023-12-31T21:00:00Z,16591.0,16591.0,False,False,False,
2023-12-31T22:00:00Z,16592.0,16592.0,False,False,False,
2023-12-31T23:00:00Z,16846.0,16846.0,False,False,False,
