scenario,region,subRegion,param,xLabel,x,vintage,units,value
"rcp85hotter_ssp5,date=2024-3-6T20:01:59+17:00",USA,AK,elecFinalBySecTWh,Year,1975,Vint_1975,Final Electricity by Sector (TWh),0.5108676888888929
"rcp85hotter_ssp5,date=2024-3-6T20:01:59+17:00",USA,AK,elecFinalBySecTWh,Year,1990,Vint_1990,Final Electricity by Sector (TWh),4.967654763611151
"rcp85hotter_ssp5,date=2024-3-6T20:01:59+17:00",USA,AK,elecFinalBySecTWh,Year,2005,Vint_2005,Final Electricity by Sector (TWh),6.583500524722274
"rcp85hotter_ssp5,date=2024-3-6T20:01:59+17:00",USA,AK,elecFinalBySecTWh,Year,2010,Vint_2010,Final Electricity by Sector (TWh),6.881499015555611
"rcp85hotter_ssp5,date=2024-3-6T20:01:59+17:00",USA,AK,elecFinalBySecTWh,Year,2015,Vint_2015,Final Electricity by Sector (TWh),6.709778861111165
"rcp85hotter_ssp5,date=2024-3-6T20:01:59+17:00",USA,AK,elecFinalBySecTWh,Year,2020,Vint_2020,Final Electricity by Sector (TWh),6.427809134597274
"rcp85hotter_ssp5,date=2024-3-6T20:01:59+17:00",USA,AK,elecFinalBySecTWh,Year,2025,Vint_2025,Final Electricity by Sector (TWh),6.13362848772227
"rcp85hotter_ssp5,date=2024-3-6T20:01:59+17:00",USA,AK,elecFinalBySecTWh,Year,2030,Vint_2030,Final Electricity by Sector (TWh),6.355196541255606
"rcp85hotter_ssp5,date=2024-3-6T20:01:59+17:00",USA,AK,elecFinalBySecTWh,Year,2035,Vint_2035,Final Electricity by Sector (TWh),6.984691122488944
"rcp85hotter_ssp5,date=2024-3-6T20:01:59+17:00",USA,AK,elecFinalBySecTWh,Year,2040,Vint_2040,Final Electricity by Sector (TWh),7.722988931481451
"rcp85hotter_ssp5,date=2024-3-6T20:01:59+17:00",USA,AK,elecFinalBySecTWh,Year,2045,Vint_2045,Final Electricity by Sector (TWh),8.830360052714514
"rcp85hotter_ssp5,date=2024-3-6T20:01:59+17:00",USA,AK,elecFinalBySecTWh,Year,2050,Vint_2050,Final Electricity by Sector (TWh),9.513505129983965
"rcp85hotter_ssp5,date=2024-3-6T20:01:59+17:00",USA,AK,elecFinalBySecTWh,Year,2055,Vint_2055,Final Electricity by Sector (TWh),10.929002366503976
"rcp85hotter_ssp5,date=2024-3-6T20:01:59+17:00",USA,AK,elecFinalBySecTWh,Year,2060,Vint_2060,Final Electricity by Sector (TWh),13.443696115316774
"rcp85hotter_ssp5,date=2024-3-6T20:01:59+17:00",USA,AK,elecFinalBySecTWh,Year,2065,Vint_2065,Final Electricity by Sector (TWh),16.042954558662906
"rcp85hotter_ssp5,date=2024-3-6T20:01:59+17:00",USA,AK,elecFinalBySecTWh,Year,2070,Vint_2070,Final Electricity by Sector (TWh),17.819875670085697
"rcp85hotter_ssp5,date=2024-3-6T20:01:59+17:00",USA,AK,elecFinalBySecTWh,Year,2075,Vint_2075,Final Electricity by Sector (TWh),19.140321426461544
"rcp85hotter_ssp5,date=2024-3-6T20:01:59+17:00",USA,AK,elecFinalBySecTWh,Year,2080,Vint_2080,Final Electricity by Sector (TWh),20.22395953263516
"rcp85hotter_ssp5,date=2024-3-6T20:01:59+17:00",USA,AK,elecFinalBySecTWh,Year,2085,Vint_2085,Final Electricity by Sector (TWh),21.21734293773906
"rcp85hotter_ssp5,date=2024-3-6T20:01:59+17:00",USA,AK,elecFinalBySecTWh,Year,2090,Vint_2090,Final Electricity by Sector (TWh),22.105520408899064
"rcp85hotter_ssp5,date=2024-3-6T20:01:59+17:00",USA,AK,elecFinalBySecTWh,Year,2095,Vint_2095,Final Electricity by Sector (TWh),22.895590481154628
"rcp85hotter_ssp5,date=2024-3-6T20:01:59+17:00",USA,AK,elecFinalBySecTWh,Year,2100,Vint_2100,Final Electricity by Sector (TWh),23.54604141989824
"rcp85hotter_ssp5,date=2024-3-6T20:01:59+17:00",USA,AL,elecFinalBySecTWh,Year,1975,Vint_1975,Final Electricity by Sector (TWh),22.383256666666846
"rcp85hotter_ssp5,date=2024-3-6T20:01:59+17:00",USA,AL,elecFinalBySecTWh,Year,1990,Vint_1990,Final Electricity by Sector (TWh),66.37392521822275
"rcp85hotter_ssp5,date=2024-3-6T20:01:59+17:00",USA,AL,elecFinalBySecTWh,Year,2005,Vint_2005,Final Electricity by Sector (TWh),97.98016354366744
"rcp85hotter_ssp5,date=2024-3-6T20:01:59+17:00",USA,AL,elecFinalBySecTWh,Year,2010,Vint_2010,Final Electricity by Sector (TWh),99.3791048471119
"rcp85hotter_ssp5,date=2024-3-6T20:01:59+17:00",USA,AL,elecFinalBySecTWh,Year,2015,Vint_2015,Final Electricity by Sector (TWh),95.4187714466952
"rcp85hotter_ssp5,date=2024-3-6T20:01:59+17:00",USA,AL,elecFinalBySecTWh,Year,2020,Vint_2020,Final Electricity by Sector (TWh),96.36431529011077
"rcp85hotter_ssp5,date=2024-3-6T20:01:59+17:00",USA,AL,elecFinalBySecTWh,Year,2025,Vint_2025,Final Electricity by Sector (TWh),101.09095556350748
"rcp85hotter_ssp5,date=2024-3-6T20:01:59+17:00",USA,AL,elecFinalBySecTWh,Year,2030,Vint_2030,Final Electricity by Sector (TWh),110.07218746010115
"rcp85hotter_ssp5,date=2024-3-6T20:01:59+17:00",USA,AL,elecFinalBySecTWh,Year,2035,Vint_2035,Final Electricity by Sector (TWh),115.90805320860454
"rcp85hotter_ssp5,date=2024-3-6T20:01:59+17:00",USA,AL,elecFinalBySecTWh,Year,2040,Vint_2040,Final Electricity by Sector (TWh),126.9575857775413
"rcp85hotter_ssp5,date=2024-3-6T20:01:59+17:00",USA,AL,elecFinalBySecTWh,Year,2045,Vint_2045,Final Electricity by Sector (TWh),133.30363194318355
"rcp85hotter_ssp5,date=2024-3-6T20:01:59+17:00",USA,AL,elecFinalBySecTWh,Year,2050,Vint_2050,Final Electricity by Sector (TWh),146.20174512056673
"rcp85hotter_ssp5,date=2024-3-6T20:01:59+17:00",USA,AL,elecFinalBySecTWh,Year,2055,Vint_2055,Final Electricity by Sector (TWh),156.75918193952347
"rcp85hotter_ssp5,date=2024-3-6T20:01:59+17:00",USA,AL,elecFinalBySecTWh,Year,2060,Vint_2060,Final Electricity by Sector (TWh),171.69379415217608
"rcp85hotter_ssp5,date=2024-3-6T20:01:59+17:00",USA,AL,elecFinalBySecTWh,Year,2065,Vint_2065,Final Electricity by Sector (TWh),183.06321625926702
"rcp85hotter_ssp5,date=2024-3-6T20:01:59+17:00",USA,AL,elecFinalBySecTWh,Year,2070,Vint_2070,Final Electricity by Sector (TWh),194.69265776857515
"rcp85hotter_ssp5,date=2024-3-6T20:01:59+17:00",USA,AL,elecFinalBySecTWh,Year,2075,Vint_2075,Final Electricity by Sector (TWh),209.4540411434586
"rcp85hotter_ssp5,date=2024-3-6T20:01:59+17:00",USA,AL,elecFinalBySecTWh,Year,2080,Vint_2080,Final Electricity by Sector (TWh),229.54255081202794
"rcp85hotter_ssp5,date=2024-3-6T20:01:59+17:00",USA,AL,elecFinalBySecTWh,Year,2085,Vint_2085,Final Electricity by Sector (TWh),242.08589071256804
"rcp85hotter_ssp5,date=2024-3-6T20:01:59+17:00",USA,AL,elecFinalBySecTWh,Year,2090,Vint_2090,Final Electricity by Sector (TWh),260.4630226424868
"rcp85hotter_ssp5,date=2024-3-6T20:01:59+17:00",USA,AL,elecFinalBySecTWh,Year,2095,Vint_2095,Final Electricity by Sector (TWh),277.8505859521786
"rcp85hotter_ssp5,date=2024-3-6T20:01:59+17:00",USA,AL,elecFinalBySecTWh,Year,2100,Vint_2100,Final Electricity by Sector (TWh),291.136187840562
"rcp85hotter_ssp5,date=2024-3-6T20:01:59+17:00",USA,AR,elecFinalBySecTWh,Year,1975,Vint_1975,Final Electricity by Sector (TWh),6.554045083333386
"rcp85hotter_ssp5,date=2024-3-6T20:01:59+17:00",USA,AR,elecFinalBySecTWh,Year,1990,Vint_1990,Final Electricity by Sector (TWh),30.301613154416906
"rcp85hotter_ssp5,date=2024-3-6T20:01:59+17:00",USA,AR,elecFinalBySecTWh,Year,2005,Vint_2005,Final Electricity by Sector (TWh),50.705033058361515
"rcp85hotter_ssp5,date=2024-3-6T20:01:59+17:00",USA,AR,elecFinalBySecTWh,Year,2010,Vint_2010,Final Electricity by Sector (TWh),52.674071542792085
"rcp85hotter_ssp5,date=2024-3-6T20:01:59+17:00",USA,AR,elecFinalBySecTWh,Year,2015,Vint_2015,Final Electricity by Sector (TWh),49.98759456180318
"rcp85hotter_ssp5,date=2024-3-6T20:01:59+17:00",USA,AR,elecFinalBySecTWh,Year,2020,Vint_2020,Final Electricity by Sector (TWh),51.30902931108652
"rcp85hotter_ssp5,date=2024-3-6T20:01:59+17:00",USA,AR,elecFinalBySecTWh,Year,2025,Vint_2025,Final Electricity by Sector (TWh),53.5470812235407
"rcp85hotter_ssp5,date=2024-3-6T20:01:59+17:00",USA,AR,elecFinalBySecTWh,Year,2030,Vint_2030,Final Electricity by Sector (TWh),59.17858821243297
"rcp85hotter_ssp5,date=2024-3-6T20:01:59+17:00",USA,AR,elecFinalBySecTWh,Year,2035,Vint_2035,Final Electricity by Sector (TWh),61.94867346348466
"rcp85hotter_ssp5,date=2024-3-6T20:01:59+17:00",USA,AR,elecFinalBySecTWh,Year,2040,Vint_2040,Final Electricity by Sector (TWh),69.21980749923333
"rcp85hotter_ssp5,date=2024-3-6T20:01:59+17:00",USA,AR,elecFinalBySecTWh,Year,2045,Vint_2045,Final Electricity by Sector (TWh),74.96583673777143
"rcp85hotter_ssp5,date=2024-3-6T20:01:59+17:00",USA,AR,elecFinalBySecTWh,Year,2050,Vint_2050,Final Electricity by Sector (TWh),80.16520727409842
"rcp85hotter_ssp5,date=2024-3-6T20:01:59+17:00",USA,AR,elecFinalBySecTWh,Year,2055,Vint_2055,Final Electricity by Sector (TWh),86.34167831316653
"rcp85hotter_ssp5,date=2024-3-6T20:01:59+17:00",USA,AR,elecFinalBySecTWh,Year,2060,Vint_2060,Final Electricity by Sector (TWh),93.76405518329909
"rcp85hotter_ssp5,date=2024-3-6T20:01:59+17:00",USA,AR,elecFinalBySecTWh,Year,2065,Vint_2065,Final Electricity by Sector (TWh),103.58470198944055
"rcp85hotter_ssp5,date=2024-3-6T20:01:59+17:00",USA,AR,elecFinalBySecTWh,Year,2070,Vint_2070,Final Electricity by Sector (TWh),110.56695522926422
"rcp85hotter_ssp5,date=2024-3-6T20:01:59+17:00",USA,AR,elecFinalBySecTWh,Year,2075,Vint_2075,Final Electricity by Sector (TWh),119.17611722243929
"rcp85hotter_ssp5,date=2024-3-6T20:01:59+17:00",USA,AR,elecFinalBySecTWh,Year,2080,Vint_2080,Final Electricity by Sector (TWh),130.64977225243882
"rcp85hotter_ssp5,date=2024-3-6T20:01:59+17:00",USA,AR,elecFinalBySecTWh,Year,2085,Vint_2085,Final Electricity by Sector (TWh),135.17014227943886
"rcp85hotter_ssp5,date=2024-3-6T20:01:59+17:00",USA,AR,elecFinalBySecTWh,Year,2090,Vint_2090,Final Electricity by Sector (TWh),147.55523262621173
"rcp85hotter_ssp5,date=2024-3-6T20:01:59+17:00",USA,AR,elecFinalBySecTWh,Year,2095,Vint_2095,Final Electricity by Sector (TWh),154.07531734684818
"rcp85hotter_ssp5,date=2024-3-6T20:01:59+17:00",USA,AR,elecFinalBySecTWh,Year,2100,Vint_2100,Final Electricity by Sector (TWh),163.02626803302937
"rcp85hotter_ssp5,date=2024-3-6T20:01:59+17:00",USA,AZ,elecFinalBySecTWh,Year,1975,Vint_1975,Final Electricity by Sector (TWh),7.841880361111174
"rcp85hotter_ssp5,date=2024-3-6T20:01:59+17:00",USA,AZ,elecFinalBySecTWh,Year,1990,Vint_1990,Final Electricity by Sector (TWh),46.3210435238337
"rcp85hotter_ssp5,date=2024-3-6T20:01:59+17:00",USA,AZ,elecFinalBySecTWh,Year,2005,Vint_2005,Final Electricity by Sector (TWh),77.80509329611174
"rcp85hotter_ssp5,date=2024-3-6T20:01:59+17:00",USA,AZ,elecFinalBySecTWh,Year,2010,Vint_2010,Final Electricity by Sector (TWh),80.69246602361174
"rcp85hotter_ssp5,date=2024-3-6T20:01:59+17:00",USA,AZ,elecFinalBySecTWh,Year,2015,Vint_2015,Final Electricity by Sector (TWh),84.567331872834
"rcp85hotter_ssp5,date=2024-3-6T20:01:59+17:00",USA,AZ,elecFinalBySecTWh,Year,2020,Vint_2020,Final Electricity by Sector (TWh),95.16599739823965
"rcp85hotter_ssp5,date=2024-3-6T20:01:59+17:00",USA,AZ,elecFinalBySecTWh,Year,2025,Vint_2025,Final Electricity by Sector (TWh),104.94803451393695
"rcp85hotter_ssp5,date=2024-3-6T20:01:59+17:00",USA,AZ,elecFinalBySecTWh,Year,2030,Vint_2030,Final Electricity by Sector (TWh),115.9738086427737
"rcp85hotter_ssp5,date=2024-3-6T20:01:59+17:00",USA,AZ,elecFinalBySecTWh,Year,2035,Vint_2035,Final Electricity by Sector (TWh),127.21386036069323
"rcp85hotter_ssp5,date=2024-3-6T20:01:59+17:00",USA,AZ,elecFinalBySecTWh,Year,2040,Vint_2040,Final Electricity by Sector (TWh),139.24663377135388
"rcp85hotter_ssp5,date=2024-3-6T20:01:59+17:00",USA,AZ,elecFinalBySecTWh,Year,2045,Vint_2045,Final Electricity by Sector (TWh),153.61385690076958
"rcp85hotter_ssp5,date=2024-3-6T20:01:59+17:00",USA,AZ,elecFinalBySecTWh,Year,2050,Vint_2050,Final Electricity by Sector (TWh),164.83880534784217
"rcp85hotter_ssp5,date=2024-3-6T20:01:59+17:00",USA,AZ,elecFinalBySecTWh,Year,2055,Vint_2055,Final Electricity by Sector (TWh),178.28880685995114
"rcp85hotter_ssp5,date=2024-3-6T20:01:59+17:00",USA,AZ,elecFinalBySecTWh,Year,2060,Vint_2060,Final Electricity by Sector (TWh),187.0509804837934
"rcp85hotter_ssp5,date=2024-3-6T20:01:59+17:00",USA,AZ,elecFinalBySecTWh,Year,2065,Vint_2065,Final Electricity by Sector (TWh),205.45382333657247
"rcp85hotter_ssp5,date=2024-3-6T20:01:59+17:00",USA,AZ,elecFinalBySecTWh,Year,2070,Vint_2070,Final Electricity by Sector (TWh),217.88429677976035
"rcp85hotter_ssp5,date=2024-3-6T20:01:59+17:00",USA,AZ,elecFinalBySecTWh,Year,2075,Vint_2075,Final Electricity by Sector (TWh),230.71787724982127
"rcp85hotter_ssp5,date=2024-3-6T20:01:59+17:00",USA,AZ,elecFinalBySecTWh,Year,2080,Vint_2080,Final Electricity by Sector (TWh),245.7484628855639
"rcp85hotter_ssp5,date=2024-3-6T20:01:59+17:00",USA,AZ,elecFinalBySecTWh,Year,2085,Vint_2085,Final Electricity by Sector (TWh),259.50567601669485
"rcp85hotter_ssp5,date=2024-3-6T20:01:59+17:00",USA,AZ,elecFinalBySecTWh,Year,2090,Vint_2090,Final Electricity by Sector (TWh),269.6240731240858
"rcp85hotter_ssp5,date=2024-3-6T20:01:59+17:00",USA,AZ,elecFinalBySecTWh,Year,2095,Vint_2095,Final Electricity by Sector (TWh),284.9120488956722
"rcp85hotter_ssp5,date=2024-3-6T20:01:59+17:00",USA,AZ,elecFinalBySecTWh,Year,2100,Vint_2100,Final Electricity by Sector (TWh),298.3120074731216
"rcp85hotter_ssp5,date=2024-3-6T20:01:59+17:00",USA,CA,elecFinalBySecTWh,Year,1975,Vint_1975,Final Electricity by Sector (TWh),51.11200333611152
"rcp85hotter_ssp5,date=2024-3-6T20:01:59+17:00",USA,CA,elecFinalBySecTWh,Year,1990,Vint_1990,Final Electricity by Sector (TWh),234.88813119194631
"rcp85hotter_ssp5,date=2024-3-6T20:01:59+17:00",USA,CA,elecFinalBySecTWh,Year,2005,Vint_2005,Final Electricity by Sector (TWh),284.0819686913911
"rcp85hotter_ssp5,date=2024-3-6T20:01:59+17:00",USA,CA,elecFinalBySecTWh,Year,2010,Vint_2010,Final Electricity by Sector (TWh),285.70705183305785
"rcp85hotter_ssp5,date=2024-3-6T20:01:59+17:00",USA,CA,elecFinalBySecTWh,Year,2015,Vint_2015,Final Electricity by Sector (TWh),285.66206826750226
"rcp85hotter_ssp5,date=2024-3-6T20:01:59+17:00",USA,CA,elecFinalBySecTWh,Year,2020,Vint_2020,Final Electricity by Sector (TWh),334.5944109930582
"rcp85hotter_ssp5,date=2024-3-6T20:01:59+17:00",USA,CA,elecFinalBySecTWh,Year,2025,Vint_2025,Final Electricity by Sector (TWh),357.31022473097505
"rcp85hotter_ssp5,date=2024-3-6T20:01:59+17:00",USA,CA,elecFinalBySecTWh,Year,2030,Vint_2030,Final Electricity by Sector (TWh),380.38025079734746
"rcp85hotter_ssp5,date=2024-3-6T20:01:59+17:00",USA,CA,elecFinalBySecTWh,Year,2035,Vint_2035,Final Electricity by Sector (TWh),395.99232122614205
"rcp85hotter_ssp5,date=2024-3-6T20:01:59+17:00",USA,CA,elecFinalBySecTWh,Year,2040,Vint_2040,Final Electricity by Sector (TWh),419.8706383035755
"rcp85hotter_ssp5,date=2024-3-6T20:01:59+17:00",USA,CA,elecFinalBySecTWh,Year,2045,Vint_2045,Final Electricity by Sector (TWh),440.00170694767877
"rcp85hotter_ssp5,date=2024-3-6T20:01:59+17:00",USA,CA,elecFinalBySecTWh,Year,2050,Vint_2050,Final Electricity by Sector (TWh),468.7185443853898
"rcp85hotter_ssp5,date=2024-3-6T20:01:59+17:00",USA,CA,elecFinalBySecTWh,Year,2055,Vint_2055,Final Electricity by Sector (TWh),495.35862278802057
"rcp85hotter_ssp5,date=2024-3-6T20:01:59+17:00",USA,CA,elecFinalBySecTWh,Year,2060,Vint_2060,Final Electricity by Sector (TWh),524.4355533988542
"rcp85hotter_ssp5,date=2024-3-6T20:01:59+17:00",USA,CA,elecFinalBySecTWh,Year,2065,Vint_2065,Final Electricity by Sector (TWh),568.2827566662062
"rcp85hotter_ssp5,date=2024-3-6T20:01:59+17:00",USA,CA,elecFinalBySecTWh,Year,2070,Vint_2070,Final Electricity by Sector (TWh),600.7415948880454
"rcp85hotter_ssp5,date=2024-3-6T20:01:59+17:00",USA,CA,elecFinalBySecTWh,Year,2075,Vint_2075,Final Electricity by Sector (TWh),628.3274194620378
"rcp85hotter_ssp5,date=2024-3-6T20:01:59+17:00",USA,CA,elecFinalBySecTWh,Year,2080,Vint_2080,Final Electricity by Sector (TWh),658.0909577792505
"rcp85hotter_ssp5,date=2024-3-6T20:01:59+17:00",USA,CA,elecFinalBySecTWh,Year,2085,Vint_2085,Final Electricity by Sector (TWh),689.2293830894744
"rcp85hotter_ssp5,date=2024-3-6T20:01:59+17:00",USA,CA,elecFinalBySecTWh,Year,2090,Vint_2090,Final Electricity by Sector (TWh),726.4494961111046
"rcp85hotter_ssp5,date=2024-3-6T20:01:59+17:00",USA,CA,elecFinalBySecTWh,Year,2095,Vint_2095,Final Electricity by Sector (TWh),758.5589766392922
"rcp85hotter_ssp5,date=2024-3-6T20:01:59+17:00",USA,CA,elecFinalBySecTWh,Year,2100,Vint_2100,Final Electricity by Sector (TWh),789.0727513710896
"rcp85hotter_ssp5,date=2024-3-6T20:01:59+17:00",USA,CO,elecFinalBySecTWh,Year,1975,Vint_1975,Final Electricity by Sector (TWh),5.003996916666707
"rcp85hotter_ssp5,date=2024-3-6T20:01:59+17:00",USA,CO,elecFinalBySecTWh,Year,1990,Vint_1990,Final Electricity by Sector (TWh),34.347937971666944
"rcp85hotter_ssp5,date=2024-3-6T20:01:59+17:00",USA,CO,elecFinalBySecTWh,Year,2005,Vint_2005,Final Electricity by Sector (TWh),53.84326104086154
"rcp85hotter_ssp5,date=2024-3-6T20:01:59+17:00",USA,CO,elecFinalBySecTWh,Year,2010,Vint_2010,Final Electricity by Sector (TWh),58.170379740278236
"rcp85hotter_ssp5,date=2024-3-6T20:01:59+17:00",USA,CO,elecFinalBySecTWh,Year,2015,Vint_2015,Final Electricity by Sector (TWh),58.69696562861158
"rcp85hotter_ssp5,date=2024-3-6T20:01:59+17:00",USA,CO,elecFinalBySecTWh,Year,2020,Vint_2020,Final Electricity by Sector (TWh),64.25539582402467
"rcp85hotter_ssp5,date=2024-3-6T20:01:59+17:00",USA,CO,elecFinalBySecTWh,Year,2025,Vint_2025,Final Electricity by Sector (TWh),70.83914529912
"rcp85hotter_ssp5,date=2024-3-6T20:01:59+17:00",USA,CO,elecFinalBySecTWh,Year,2030,Vint_2030,Final Electricity by Sector (TWh),78.23576763259229
"rcp85hotter_ssp5,date=2024-3-6T20:01:59+17:00",USA,CO,elecFinalBySecTWh,Year,2035,Vint_2035,Final Electricity by Sector (TWh),86.2290745053543
"rcp85hotter_ssp5,date=2024-3-6T20:01:59+17:00",USA,CO,elecFinalBySecTWh,Year,2040,Vint_2040,Final Electricity by Sector (TWh),96.12160965037828
"rcp85hotter_ssp5,date=2024-3-6T20:01:59+17:00",USA,CO,elecFinalBySecTWh,Year,2045,Vint_2045,Final Electricity by Sector (TWh),105.44587185381779
"rcp85hotter_ssp5,date=2024-3-6T20:01:59+17:00",USA,CO,elecFinalBySecTWh,Year,2050,Vint_2050,Final Electricity by Sector (TWh),114.44444711196897
"rcp85hotter_ssp5,date=2024-3-6T20:01:59+17:00",USA,CO,elecFinalBySecTWh,Year,2055,Vint_2055,Final Electricity by Sector (TWh),125.07637617686154
"rcp85hotter_ssp5,date=2024-3-6T20:01:59+17:00",USA,CO,elecFinalBySecTWh,Year,2060,Vint_2060,Final Electricity by Sector (TWh),136.78877983217276
"rcp85hotter_ssp5,date=2024-3-6T20:01:59+17:00",USA,CO,elecFinalBySecTWh,Year,2065,Vint_2065,Final Electricity by Sector (TWh),146.88153842465366
"rcp85hotter_ssp5,date=2024-3-6T20:01:59+17:00",USA,CO,elecFinalBySecTWh,Year,2070,Vint_2070,Final Electricity by Sector (TWh),156.34367763286764
"rcp85hotter_ssp5,date=2024-3-6T20:01:59+17:00",USA,CO,elecFinalBySecTWh,Year,2075,Vint_2075,Final Electricity by Sector (TWh),165.14624934961714
"rcp85hotter_ssp5,date=2024-3-6T20:01:59+17:00",USA,CO,elecFinalBySecTWh,Year,2080,Vint_2080,Final Electricity by Sector (TWh),177.9682957539581
"rcp85hotter_ssp5,date=2024-3-6T20:01:59+17:00",USA,CO,elecFinalBySecTWh,Year,2085,Vint_2085,Final Electricity by Sector (TWh),187.9764806500293
"rcp85hotter_ssp5,date=2024-3-6T20:01:59+17:00",USA,CO,elecFinalBySecTWh,Year,2090,Vint_2090,Final Electricity by Sector (TWh),196.90366919093685
"rcp85hotter_ssp5,date=2024-3-6T20:01:59+17:00",USA,CO,elecFinalBySecTWh,Year,2095,Vint_2095,Final Electricity by Sector (TWh),204.65398654877774
"rcp85hotter_ssp5,date=2024-3-6T20:01:59+17:00",USA,CO,elecFinalBySecTWh,Year,2100,Vint_2100,Final Electricity by Sector (TWh),212.53152025707533
"rcp85hotter_ssp5,date=2024-3-6T20:01:59+17:00",USA,CT,elecFinalBySecTWh,Year,1975,Vint_1975,Final Electricity by Sector (TWh),5.544785805555599
"rcp85hotter_ssp5,date=2024-3-6T20:01:59+17:00",USA,CT,elecFinalBySecTWh,Year,1990,Vint_1990,Final Electricity by Sector (TWh),30.161476263333576
"rcp85hotter_ssp5,date=2024-3-6T20:01:59+17:00",USA,CT,elecFinalBySecTWh,Year,2005,Vint_2005,Final Electricity by Sector (TWh),36.9148393036114
"rcp85hotter_ssp5,date=2024-3-6T20:01:59+17:00",USA,CT,elecFinalBySecTWh,Year,2010,Vint_2010,Final Electricity by Sector (TWh),33.60747453916693
"rcp85hotter_ssp5,date=2024-3-6T20:01:59+17:00",USA,CT,elecFinalBySecTWh,Year,2015,Vint_2015,Final Electricity by Sector (TWh),32.390085778889144
"rcp85hotter_ssp5,date=2024-3-6T20:01:59+17:00",USA,CT,elecFinalBySecTWh,Year,2020,Vint_2020,Final Electricity by Sector (TWh),32.13576200803248
"rcp85hotter_ssp5,date=2024-3-6T20:01:59+17:00",USA,CT,elecFinalBySecTWh,Year,2025,Vint_2025,Final Electricity by Sector (TWh),31.47167398791192
"rcp85hotter_ssp5,date=2024-3-6T20:01:59+17:00",USA,CT,elecFinalBySecTWh,Year,2030,Vint_2030,Final Electricity by Sector (TWh),32.486548974851644
"rcp85hotter_ssp5,date=2024-3-6T20:01:59+17:00",USA,CT,elecFinalBySecTWh,Year,2035,Vint_2035,Final Electricity by Sector (TWh),33.69174794450305
"rcp85hotter_ssp5,date=2024-3-6T20:01:59+17:00",USA,CT,elecFinalBySecTWh,Year,2040,Vint_2040,Final Electricity by Sector (TWh),35.09041329484556
"rcp85hotter_ssp5,date=2024-3-6T20:01:59+17:00",USA,CT,elecFinalBySecTWh,Year,2045,Vint_2045,Final Electricity by Sector (TWh),37.427809478860574
"rcp85hotter_ssp5,date=2024-3-6T20:01:59+17:00",USA,CT,elecFinalBySecTWh,Year,2050,Vint_2050,Final Electricity by Sector (TWh),39.04749974555392
"rcp85hotter_ssp5,date=2024-3-6T20:01:59+17:00",USA,CT,elecFinalBySecTWh,Year,2055,Vint_2055,Final Electricity by Sector (TWh),41.590968446043114
"rcp85hotter_ssp5,date=2024-3-6T20:01:59+17:00",USA,CT,elecFinalBySecTWh,Year,2060,Vint_2060,Final Electricity by Sector (TWh),44.391182341765074
"rcp85hotter_ssp5,date=2024-3-6T20:01:59+17:00",USA,CT,elecFinalBySecTWh,Year,2065,Vint_2065,Final Electricity by Sector (TWh),47.318851244760936
"rcp85hotter_ssp5,date=2024-3-6T20:01:59+17:00",USA,CT,elecFinalBySecTWh,Year,2070,Vint_2070,Final Electricity by Sector (TWh),49.880152322013735
"rcp85hotter_ssp5,date=2024-3-6T20:01:59+17:00",USA,CT,elecFinalBySecTWh,Year,2075,Vint_2075,Final Electricity by Sector (TWh),53.13992907289903
"rcp85hotter_ssp5,date=2024-3-6T20:01:59+17:00",USA,CT,elecFinalBySecTWh,Year,2080,Vint_2080,Final Electricity by Sector (TWh),55.06475162187905
"rcp85hotter_ssp5,date=2024-3-6T20:01:59+17:00",USA,CT,elecFinalBySecTWh,Year,2085,Vint_2085,Final Electricity by Sector (TWh),58.07465076110102
"rcp85hotter_ssp5,date=2024-3-6T20:01:59+17:00",USA,CT,elecFinalBySecTWh,Year,2090,Vint_2090,Final Electricity by Sector (TWh),60.23010059098104
"rcp85hotter_ssp5,date=2024-3-6T20:01:59+17:00",USA,CT,elecFinalBySecTWh,Year,2095,Vint_2095,Final Electricity by Sector (TWh),62.232782950575775
"rcp85hotter_ssp5,date=2024-3-6T20:01:59+17:00",USA,CT,elecFinalBySecTWh,Year,2100,Vint_2100,Final Electricity by Sector (TWh),65.05285160377747
"rcp85hotter_ssp5,date=2024-3-6T20:01:59+17:00",USA,DC,elecFinalBySecTWh,Year,1975,Vint_1975,Final Electricity by Sector (TWh),2.7339468055555773
"rcp85hotter_ssp5,date=2024-3-6T20:01:59+17:00",USA,DC,elecFinalBySecTWh,Year,1990,Vint_1990,Final Electricity by Sector (TWh),10.855440955238976
"rcp85hotter_ssp5,date=2024-3-6T20:01:59+17:00",USA,DC,elecFinalBySecTWh,Year,2005,Vint_2005,Final Electricity by Sector (TWh),13.189032323722328
"rcp85hotter_ssp5,date=2024-3-6T20:01:59+17:00",USA,DC,elecFinalBySecTWh,Year,2010,Vint_2010,Final Electricity by Sector (TWh),13.114487981472328
"rcp85hotter_ssp5,date=2024-3-6T20:01:59+17:00",USA,DC,elecFinalBySecTWh,Year,2015,Vint_2015,Final Electricity by Sector (TWh),12.502979601805656
"rcp85hotter_ssp5,date=2024-3-6T20:01:59+17:00",USA,DC,elecFinalBySecTWh,Year,2020,Vint_2020,Final Electricity by Sector (TWh),13.49478444597733
"rcp85hotter_ssp5,date=2024-3-6T20:01:59+17:00",USA,DC,elecFinalBySecTWh,Year,2025,Vint_2025,Final Electricity by Sector (TWh),13.480082048533442
"rcp85hotter_ssp5,date=2024-3-6T20:01:59+17:00",USA,DC,elecFinalBySecTWh,Year,2030,Vint_2030,Final Electricity by Sector (TWh),13.631931923625109
"rcp85hotter_ssp5,date=2024-3-6T20:01:59+17:00",USA,DC,elecFinalBySecTWh,Year,2035,Vint_2035,Final Electricity by Sector (TWh),13.60951459411483
"rcp85hotter_ssp5,date=2024-3-6T20:01:59+17:00",USA,DC,elecFinalBySecTWh,Year,2040,Vint_2040,Final Electricity by Sector (TWh),13.296350586683717
"rcp85hotter_ssp5,date=2024-3-6T20:01:59+17:00",USA,DC,elecFinalBySecTWh,Year,2045,Vint_2045,Final Electricity by Sector (TWh),13.56836238832733
"rcp85hotter_ssp5,date=2024-3-6T20:01:59+17:00",USA,DC,elecFinalBySecTWh,Year,2050,Vint_2050,Final Electricity by Sector (TWh),14.21644734180178
"rcp85hotter_ssp5,date=2024-3-6T20:01:59+17:00",USA,DC,elecFinalBySecTWh,Year,2055,Vint_2055,Final Electricity by Sector (TWh),15.132459219318177
"rcp85hotter_ssp5,date=2024-3-6T20:01:59+17:00",USA,DC,elecFinalBySecTWh,Year,2060,Vint_2060,Final Electricity by Sector (TWh),16.187756429887074
"rcp85hotter_ssp5,date=2024-3-6T20:01:59+17:00",USA,DC,elecFinalBySecTWh,Year,2065,Vint_2065,Final Electricity by Sector (TWh),17.11128479839708
"rcp85hotter_ssp5,date=2024-3-6T20:01:59+17:00",USA,DC,elecFinalBySecTWh,Year,2070,Vint_2070,Final Electricity by Sector (TWh),17.824180479839033
"rcp85hotter_ssp5,date=2024-3-6T20:01:59+17:00",USA,DC,elecFinalBySecTWh,Year,2075,Vint_2075,Final Electricity by Sector (TWh),18.458982116375704
"rcp85hotter_ssp5,date=2024-3-6T20:01:59+17:00",USA,DC,elecFinalBySecTWh,Year,2080,Vint_2080,Final Electricity by Sector (TWh),18.80874488029404
"rcp85hotter_ssp5,date=2024-3-6T20:01:59+17:00",USA,DC,elecFinalBySecTWh,Year,2085,Vint_2085,Final Electricity by Sector (TWh),20.29660723596655
"rcp85hotter_ssp5,date=2024-3-6T20:01:59+17:00",USA,DC,elecFinalBySecTWh,Year,2090,Vint_2090,Final Electricity by Sector (TWh),20.942791693799055
"rcp85hotter_ssp5,date=2024-3-6T20:01:59+17:00",USA,DC,elecFinalBySecTWh,Year,2095,Vint_2095,Final Electricity by Sector (TWh),22.321895366791566
"rcp85hotter_ssp5,date=2024-3-6T20:01:59+17:00",USA,DC,elecFinalBySecTWh,Year,2100,Vint_2100,Final Electricity by Sector (TWh),23.251438080243517
"rcp85hotter_ssp5,date=2024-3-6T20:01:59+17:00",USA,DE,elecFinalBySecTWh,Year,1975,Vint_1975,Final Electricity by Sector (TWh),2.3196814444444627
"rcp85hotter_ssp5,date=2024-3-6T20:01:59+17:00",USA,DE,elecFinalBySecTWh,Year,1990,Vint_1990,Final Electricity by Sector (TWh),9.142699089694517
"rcp85hotter_ssp5,date=2024-3-6T20:01:59+17:00",USA,DE,elecFinalBySecTWh,Year,2005,Vint_2005,Final Electricity by Sector (TWh),13.406298210111219
"rcp85hotter_ssp5,date=2024-3-6T20:01:59+17:00",USA,DE,elecFinalBySecTWh,Year,2010,Vint_2010,Final Electricity by Sector (TWh),12.751287170750102
"rcp85hotter_ssp5,date=2024-3-6T20:01:59+17:00",USA,DE,elecFinalBySecTWh,Year,2015,Vint_2015,Final Electricity by Sector (TWh),12.517683148000101
"rcp85hotter_ssp5,date=2024-3-6T20:01:59+17:00",USA,DE,elecFinalBySecTWh,Year,2020,Vint_2020,Final Electricity by Sector (TWh),12.932236190102602
"rcp85hotter_ssp5,date=2024-3-6T20:01:59+17:00",USA,DE,elecFinalBySecTWh,Year,2025,Vint_2025,Final Electricity by Sector (TWh),13.125650474453437
"rcp85hotter_ssp5,date=2024-3-6T20:01:59+17:00",USA,DE,elecFinalBySecTWh,Year,2030,Vint_2030,Final Electricity by Sector (TWh),14.238315182681225
"rcp85hotter_ssp5,date=2024-3-6T20:01:59+17:00",USA,DE,elecFinalBySecTWh,Year,2035,Vint_2035,Final Electricity by Sector (TWh),15.325266032426788
"rcp85hotter_ssp5,date=2024-3-6T20:01:59+17:00",USA,DE,elecFinalBySecTWh,Year,2040,Vint_2040,Final Electricity by Sector (TWh),16.20379066248735
"rcp85hotter_ssp5,date=2024-3-6T20:01:59+17:00",USA,DE,elecFinalBySecTWh,Year,2045,Vint_2045,Final Electricity by Sector (TWh),17.390827850406527
"rcp85hotter_ssp5,date=2024-3-6T20:01:59+17:00",USA,DE,elecFinalBySecTWh,Year,2050,Vint_2050,Final Electricity by Sector (TWh),18.39401842186209
"rcp85hotter_ssp5,date=2024-3-6T20:01:59+17:00",USA,DE,elecFinalBySecTWh,Year,2055,Vint_2055,Final Electricity by Sector (TWh),19.950433528103215
"rcp85hotter_ssp5,date=2024-3-6T20:01:59+17:00",USA,DE,elecFinalBySecTWh,Year,2060,Vint_2060,Final Electricity by Sector (TWh),21.630195447673227
"rcp85hotter_ssp5,date=2024-3-6T20:01:59+17:00",USA,DE,elecFinalBySecTWh,Year,2065,Vint_2065,Final Electricity by Sector (TWh),22.83699317262935
"rcp85hotter_ssp5,date=2024-3-6T20:01:59+17:00",USA,DE,elecFinalBySecTWh,Year,2070,Vint_2070,Final Electricity by Sector (TWh),24.132782794631858
"rcp85hotter_ssp5,date=2024-3-6T20:01:59+17:00",USA,DE,elecFinalBySecTWh,Year,2075,Vint_2075,Final Electricity by Sector (TWh),25.2016797453802
"rcp85hotter_ssp5,date=2024-3-6T20:01:59+17:00",USA,DE,elecFinalBySecTWh,Year,2080,Vint_2080,Final Electricity by Sector (TWh),26.186347290927152
"rcp85hotter_ssp5,date=2024-3-6T20:01:59+17:00",USA,DE,elecFinalBySecTWh,Year,2085,Vint_2085,Final Electricity by Sector (TWh),28.04991452536522
"rcp85hotter_ssp5,date=2024-3-6T20:01:59+17:00",USA,DE,elecFinalBySecTWh,Year,2090,Vint_2090,Final Electricity by Sector (TWh),29.289425696979958
"rcp85hotter_ssp5,date=2024-3-6T20:01:59+17:00",USA,DE,elecFinalBySecTWh,Year,2095,Vint_2095,Final Electricity by Sector (TWh),30.73981026904191
"rcp85hotter_ssp5,date=2024-3-6T20:01:59+17:00",USA,DE,elecFinalBySecTWh,Year,2100,Vint_2100,Final Electricity by Sector (TWh),32.122941929417756
"rcp85hotter_ssp5,date=2024-3-6T20:01:59+17:00",USA,FL,elecFinalBySecTWh,Year,1975,Vint_1975,Final Electricity by Sector (TWh),15.196055611111232
"rcp85hotter_ssp5,date=2024-3-6T20:01:59+17:00",USA,FL,elecFinalBySecTWh,Year,1990,Vint_1990,Final Electricity by Sector (TWh),159.87559776639017
"rcp85hotter_ssp5,date=2024-3-6T20:01:59+17:00",USA,FL,elecFinalBySecTWh,Year,2005,Vint_2005,Final Electricity by Sector (TWh),252.7412904127798
"rcp85hotter_ssp5,date=2024-3-6T20:01:59+17:00",USA,FL,elecFinalBySecTWh,Year,2010,Vint_2010,Final Electricity by Sector (TWh),256.76660379777985
"rcp85hotter_ssp5,date=2024-3-6T20:01:59+17:00",USA,FL,elecFinalBySecTWh,Year,2015,Vint_2015,Final Electricity by Sector (TWh),259.83033928777985
"rcp85hotter_ssp5,date=2024-3-6T20:01:59+17:00",USA,FL,elecFinalBySecTWh,Year,2020,Vint_2020,Final Electricity by Sector (TWh),281.8276678421773
"rcp85hotter_ssp5,date=2024-3-6T20:01:59+17:00",USA,FL,elecFinalBySecTWh,Year,2025,Vint_2025,Final Electricity by Sector (TWh),287.7949653075023
"rcp85hotter_ssp5,date=2024-3-6T20:01:59+17:00",USA,FL,elecFinalBySecTWh,Year,2030,Vint_2030,Final Electricity by Sector (TWh),306.7765278336941
"rcp85hotter_ssp5,date=2024-3-6T20:01:59+17:00",USA,FL,elecFinalBySecTWh,Year,2035,Vint_2035,Final Electricity by Sector (TWh),321.1302939595081
"rcp85hotter_ssp5,date=2024-3-6T20:01:59+17:00",USA,FL,elecFinalBySecTWh,Year,2040,Vint_2040,Final Electricity by Sector (TWh),343.7512234680713
"rcp85hotter_ssp5,date=2024-3-6T20:01:59+17:00",USA,FL,elecFinalBySecTWh,Year,2045,Vint_2045,Final Electricity by Sector (TWh),366.0021450210051
"rcp85hotter_ssp5,date=2024-3-6T20:01:59+17:00",USA,FL,elecFinalBySecTWh,Year,2050,Vint_2050,Final Electricity by Sector (TWh),396.8560127919976
"rcp85hotter_ssp5,date=2024-3-6T20:01:59+17:00",USA,FL,elecFinalBySecTWh,Year,2055,Vint_2055,Final Electricity by Sector (TWh),412.43747804924107
"rcp85hotter_ssp5,date=2024-3-6T20:01:59+17:00",USA,FL,elecFinalBySecTWh,Year,2060,Vint_2060,Final Electricity by Sector (TWh),448.74282048513805
"rcp85hotter_ssp5,date=2024-3-6T20:01:59+17:00",USA,FL,elecFinalBySecTWh,Year,2065,Vint_2065,Final Electricity by Sector (TWh),482.9437503923817
"rcp85hotter_ssp5,date=2024-3-6T20:01:59+17:00",USA,FL,elecFinalBySecTWh,Year,2070,Vint_2070,Final Electricity by Sector (TWh),513.1334770803352
"rcp85hotter_ssp5,date=2024-3-6T20:01:59+17:00",USA,FL,elecFinalBySecTWh,Year,2075,Vint_2075,Final Electricity by Sector (TWh),546.3298856175683
"rcp85hotter_ssp5,date=2024-3-6T20:01:59+17:00",USA,FL,elecFinalBySecTWh,Year,2080,Vint_2080,Final Electricity by Sector (TWh),577.5261997682045
"rcp85hotter_ssp5,date=2024-3-6T20:01:59+17:00",USA,FL,elecFinalBySecTWh,Year,2085,Vint_2085,Final Electricity by Sector (TWh),610.5380238703965
"rcp85hotter_ssp5,date=2024-3-6T20:01:59+17:00",USA,FL,elecFinalBySecTWh,Year,2090,Vint_2090,Final Electricity by Sector (TWh),646.9453666737885
"rcp85hotter_ssp5,date=2024-3-6T20:01:59+17:00",USA,FL,elecFinalBySecTWh,Year,2095,Vint_2095,Final Electricity by Sector (TWh),679.1446270145777
"rcp85hotter_ssp5,date=2024-3-6T20:01:59+17:00",USA,FL,elecFinalBySecTWh,Year,2100,Vint_2100,Final Electricity by Sector (TWh),723.2706636918641
"rcp85hotter_ssp5,date=2024-3-6T20:01:59+17:00",USA,GA,elecFinalBySecTWh,Year,1975,Vint_1975,Final Electricity by Sector (TWh),15.3370767777779
"rcp85hotter_ssp5,date=2024-3-6T20:01:59+17:00",USA,GA,elecFinalBySecTWh,Year,1990,Vint_1990,Final Electricity by Sector (TWh),89.20667624197294
"rcp85hotter_ssp5,date=2024-3-6T20:01:59+17:00",USA,GA,elecFinalBySecTWh,Year,2005,Vint_2005,Final Electricity by Sector (TWh),146.5984066024456
"rcp85hotter_ssp5,date=2024-3-6T20:01:59+17:00",USA,GA,elecFinalBySecTWh,Year,2010,Vint_2010,Final Electricity by Sector (TWh),154.84484275158457
"rcp85hotter_ssp5,date=2024-3-6T20:01:59+17:00",USA,GA,elecFinalBySecTWh,Year,2015,Vint_2015,Final Electricity by Sector (TWh),147.64499687519563
"rcp85hotter_ssp5,date=2024-3-6T20:01:59+17:00",USA,GA,elecFinalBySecTWh,Year,2020,Vint_2020,Final Electricity by Sector (TWh),154.98858239304457
"rcp85hotter_ssp5,date=2024-3-6T20:01:59+17:00",USA,GA,elecFinalBySecTWh,Year,2025,Vint_2025,Final Electricity by Sector (TWh),160.60821193813905
"rcp85hotter_ssp5,date=2024-3-6T20:01:59+17:00",USA,GA,elecFinalBySecTWh,Year,2030,Vint_2030,Final Electricity by Sector (TWh),173.51658015093
"rcp85hotter_ssp5,date=2024-3-6T20:01:59+17:00",USA,GA,elecFinalBySecTWh,Year,2035,Vint_2035,Final Electricity by Sector (TWh),180.83348887630893
"rcp85hotter_ssp5,date=2024-3-6T20:01:59+17:00",USA,GA,elecFinalBySecTWh,Year,2040,Vint_2040,Final Electricity by Sector (TWh),198.2770362948874
"rcp85hotter_ssp5,date=2024-3-6T20:01:59+17:00",USA,GA,elecFinalBySecTWh,Year,2045,Vint_2045,Final Electricity by Sector (TWh),207.76697568508027
"rcp85hotter_ssp5,date=2024-3-6T20:01:59+17:00",USA,GA,elecFinalBySecTWh,Year,2050,Vint_2050,Final Electricity by Sector (TWh),226.1056017970154
"rcp85hotter_ssp5,date=2024-3-6T20:01:59+17:00",USA,GA,elecFinalBySecTWh,Year,2055,Vint_2055,Final Electricity by Sector (TWh),241.19101788813663
"rcp85hotter_ssp5,date=2024-3-6T20:01:59+17:00",USA,GA,elecFinalBySecTWh,Year,2060,Vint_2060,Final Electricity by Sector (TWh),264.6567614660771
"rcp85hotter_ssp5,date=2024-3-6T20:01:59+17:00",USA,GA,elecFinalBySecTWh,Year,2065,Vint_2065,Final Electricity by Sector (TWh),279.72739172755223
"rcp85hotter_ssp5,date=2024-3-6T20:01:59+17:00",USA,GA,elecFinalBySecTWh,Year,2070,Vint_2070,Final Electricity by Sector (TWh),296.55674034585235
"rcp85hotter_ssp5,date=2024-3-6T20:01:59+17:00",USA,GA,elecFinalBySecTWh,Year,2075,Vint_2075,Final Electricity by Sector (TWh),316.9043264244639
"rcp85hotter_ssp5,date=2024-3-6T20:01:59+17:00",USA,GA,elecFinalBySecTWh,Year,2080,Vint_2080,Final Electricity by Sector (TWh),349.02592073940053
"rcp85hotter_ssp5,date=2024-3-6T20:01:59+17:00",USA,GA,elecFinalBySecTWh,Year,2085,Vint_2085,Final Electricity by Sector (TWh),363.0844874493807
"rcp85hotter_ssp5,date=2024-3-6T20:01:59+17:00",USA,GA,elecFinalBySecTWh,Year,2090,Vint_2090,Final Electricity by Sector (TWh),390.24382242665587
"rcp85hotter_ssp5,date=2024-3-6T20:01:59+17:00",USA,GA,elecFinalBySecTWh,Year,2095,Vint_2095,Final Electricity by Sector (TWh),414.5969743149727
"rcp85hotter_ssp5,date=2024-3-6T20:01:59+17:00",USA,GA,elecFinalBySecTWh,Year,2100,Vint_2100,Final Electricity by Sector (TWh),438.46925378877575
"rcp85hotter_ssp5,date=2024-3-6T20:01:59+17:00",USA,HI,elecFinalBySecTWh,Year,1975,Vint_1975,Final Electricity by Sector (TWh),2.731667583333355
"rcp85hotter_ssp5,date=2024-3-6T20:01:59+17:00",USA,HI,elecFinalBySecTWh,Year,1990,Vint_1990,Final Electricity by Sector (TWh),9.16554210916674
"rcp85hotter_ssp5,date=2024-3-6T20:01:59+17:00",USA,HI,elecFinalBySecTWh,Year,2005,Vint_2005,Final Electricity by Sector (TWh),11.560515653611203
"rcp85hotter_ssp5,date=2024-3-6T20:01:59+17:00",USA,HI,elecFinalBySecTWh,Year,2010,Vint_2010,Final Electricity by Sector (TWh),10.924982151388976
"rcp85hotter_ssp5,date=2024-3-6T20:01:59+17:00",USA,HI,elecFinalBySecTWh,Year,2015,Vint_2015,Final Electricity by Sector (TWh),10.194628702611192
"rcp85hotter_ssp5,date=2024-3-6T20:01:59+17:00",USA,HI,elecFinalBySecTWh,Year,2020,Vint_2020,Final Electricity by Sector (TWh),11.94978757097843
"rcp85hotter_ssp5,date=2024-3-6T20:01:59+17:00",USA,HI,elecFinalBySecTWh,Year,2025,Vint_2025,Final Electricity by Sector (TWh),13.359257415439274
"rcp85hotter_ssp5,date=2024-3-6T20:01:59+17:00",USA,HI,elecFinalBySecTWh,Year,2030,Vint_2030,Final Electricity by Sector (TWh),14.604811583222617
"rcp85hotter_ssp5,date=2024-3-6T20:01:59+17:00",USA,HI,elecFinalBySecTWh,Year,2035,Vint_2035,Final Electricity by Sector (TWh),15.917273507828183
"rcp85hotter_ssp5,date=2024-3-6T20:01:59+17:00",USA,HI,elecFinalBySecTWh,Year,2040,Vint_2040,Final Electricity by Sector (TWh),17.25158318963708
"rcp85hotter_ssp5,date=2024-3-6T20:01:59+17:00",USA,HI,elecFinalBySecTWh,Year,2045,Vint_2045,Final Electricity by Sector (TWh),18.490708566379034
"rcp85hotter_ssp5,date=2024-3-6T20:01:59+17:00",USA,HI,elecFinalBySecTWh,Year,2050,Vint_2050,Final Electricity by Sector (TWh),19.60722879438766
"rcp85hotter_ssp5,date=2024-3-6T20:01:59+17:00",USA,HI,elecFinalBySecTWh,Year,2055,Vint_2055,Final Electricity by Sector (TWh),20.86429240462628
"rcp85hotter_ssp5,date=2024-3-6T20:01:59+17:00",USA,HI,elecFinalBySecTWh,Year,2060,Vint_2060,Final Electricity by Sector (TWh),22.31176757325601
"rcp85hotter_ssp5,date=2024-3-6T20:01:59+17:00",USA,HI,elecFinalBySecTWh,Year,2065,Vint_2065,Final Electricity by Sector (TWh),23.79860612020908
"rcp85hotter_ssp5,date=2024-3-6T20:01:59+17:00",USA,HI,elecFinalBySecTWh,Year,2070,Vint_2070,Final Electricity by Sector (TWh),25.216032116084644
"rcp85hotter_ssp5,date=2024-3-6T20:01:59+17:00",USA,HI,elecFinalBySecTWh,Year,2075,Vint_2075,Final Electricity by Sector (TWh),26.559454433180765
"rcp85hotter_ssp5,date=2024-3-6T20:01:59+17:00",USA,HI,elecFinalBySecTWh,Year,2080,Vint_2080,Final Electricity by Sector (TWh),27.828403824183
"rcp85hotter_ssp5,date=2024-3-6T20:01:59+17:00",USA,HI,elecFinalBySecTWh,Year,2085,Vint_2085,Final Electricity by Sector (TWh),29.065093152138566
"rcp85hotter_ssp5,date=2024-3-6T20:01:59+17:00",USA,HI,elecFinalBySecTWh,Year,2090,Vint_2090,Final Electricity by Sector (TWh),30.308907291219406
"rcp85hotter_ssp5,date=2024-3-6T20:01:59+17:00",USA,HI,elecFinalBySecTWh,Year,2095,Vint_2095,Final Electricity by Sector (TWh),31.550565355939973
"rcp85hotter_ssp5,date=2024-3-6T20:01:59+17:00",USA,HI,elecFinalBySecTWh,Year,2100,Vint_2100,Final Electricity by Sector (TWh),32.792219096658876
"rcp85hotter_ssp5,date=2024-3-6T20:01:59+17:00",USA,IA,elecFinalBySecTWh,Year,1975,Vint_1975,Final Electricity by Sector (TWh),7.342771472222281
"rcp85hotter_ssp5,date=2024-3-6T20:01:59+17:00",USA,IA,elecFinalBySecTWh,Year,1990,Vint_1990,Final Electricity by Sector (TWh),32.68429882852804
"rcp85hotter_ssp5,date=2024-3-6T20:01:59+17:00",USA,IA,elecFinalBySecTWh,Year,2005,Vint_2005,Final Electricity by Sector (TWh),47.00881971916704
"rcp85hotter_ssp5,date=2024-3-6T20:01:59+17:00",USA,IA,elecFinalBySecTWh,Year,2010,Vint_2010,Final Electricity by Sector (TWh),49.61866208722262
"rcp85hotter_ssp5,date=2024-3-6T20:01:59+17:00",USA,IA,elecFinalBySecTWh,Year,2015,Vint_2015,Final Electricity by Sector (TWh),50.46947328888929
"rcp85hotter_ssp5,date=2024-3-6T20:01:59+17:00",USA,IA,elecFinalBySecTWh,Year,2020,Vint_2020,Final Electricity by Sector (TWh),52.937375964833755
"rcp85hotter_ssp5,date=2024-3-6T20:01:59+17:00",USA,IA,elecFinalBySecTWh,Year,2025,Vint_2025,Final Electricity by Sector (TWh),54.07581872251959
"rcp85hotter_ssp5,date=2024-3-6T20:01:59+17:00",USA,IA,elecFinalBySecTWh,Year,2030,Vint_2030,Final Electricity by Sector (TWh),57.12082823380601
"rcp85hotter_ssp5,date=2024-3-6T20:01:59+17:00",USA,IA,elecFinalBySecTWh,Year,2035,Vint_2035,Final Electricity by Sector (TWh),60.03335555325325
"rcp85hotter_ssp5,date=2024-3-6T20:01:59+17:00",USA,IA,elecFinalBySecTWh,Year,2040,Vint_2040,Final Electricity by Sector (TWh),65.99613051183358
"rcp85hotter_ssp5,date=2024-3-6T20:01:59+17:00",USA,IA,elecFinalBySecTWh,Year,2045,Vint_2045,Final Electricity by Sector (TWh),67.62160902120054
"rcp85hotter_ssp5,date=2024-3-6T20:01:59+17:00",USA,IA,elecFinalBySecTWh,Year,2050,Vint_2050,Final Electricity by Sector (TWh),72.67332408796169
"rcp85hotter_ssp5,date=2024-3-6T20:01:59+17:00",USA,IA,elecFinalBySecTWh,Year,2055,Vint_2055,Final Electricity by Sector (TWh),77.62169992020812
"rcp85hotter_ssp5,date=2024-3-6T20:01:59+17:00",USA,IA,elecFinalBySecTWh,Year,2060,Vint_2060,Final Electricity by Sector (TWh),81.29172887824481
"rcp85hotter_ssp5,date=2024-3-6T20:01:59+17:00",USA,IA,elecFinalBySecTWh,Year,2065,Vint_2065,Final Electricity by Sector (TWh),87.99546558853764
"rcp85hotter_ssp5,date=2024-3-6T20:01:59+17:00",USA,IA,elecFinalBySecTWh,Year,2070,Vint_2070,Final Electricity by Sector (TWh),94.3656076697352
"rcp85hotter_ssp5,date=2024-3-6T20:01:59+17:00",USA,IA,elecFinalBySecTWh,Year,2075,Vint_2075,Final Electricity by Sector (TWh),98.26406250721244
"rcp85hotter_ssp5,date=2024-3-6T20:01:59+17:00",USA,IA,elecFinalBySecTWh,Year,2080,Vint_2080,Final Electricity by Sector (TWh),104.56805164360195
"rcp85hotter_ssp5,date=2024-3-6T20:01:59+17:00",USA,IA,elecFinalBySecTWh,Year,2085,Vint_2085,Final Electricity by Sector (TWh),111.30068973650839
"rcp85hotter_ssp5,date=2024-3-6T20:01:59+17:00",USA,IA,elecFinalBySecTWh,Year,2090,Vint_2090,Final Electricity by Sector (TWh),116.25993165978454
"rcp85hotter_ssp5,date=2024-3-6T20:01:59+17:00",USA,IA,elecFinalBySecTWh,Year,2095,Vint_2095,Final Electricity by Sector (TWh),123.06245841790626
"rcp85hotter_ssp5,date=2024-3-6T20:01:59+17:00",USA,IA,elecFinalBySecTWh,Year,2100,Vint_2100,Final Electricity by Sector (TWh),127.37937873645213
"rcp85hotter_ssp5,date=2024-3-6T20:01:59+17:00",USA,ID,elecFinalBySecTWh,Year,1975,Vint_1975,Final Electricity by Sector (TWh),5.588275944444489
"rcp85hotter_ssp5,date=2024-3-6T20:01:59+17:00",USA,ID,elecFinalBySecTWh,Year,1990,Vint_1990,Final Electricity by Sector (TWh),19.933343617530713
"rcp85hotter_ssp5,date=2024-3-6T20:01:59+17:00",USA,ID,elecFinalBySecTWh,Year,2005,Vint_2005,Final Electricity by Sector (TWh),24.01448767097519
"rcp85hotter_ssp5,date=2024-3-6T20:01:59+17:00",USA,ID,elecFinalBySecTWh,Year,2010,Vint_2010,Final Electricity by Sector (TWh),24.887737467883532
"rcp85hotter_ssp5,date=2024-3-6T20:01:59+17:00",USA,ID,elecFinalBySecTWh,Year,2015,Vint_2015,Final Electricity by Sector (TWh),24.749507376189086
"rcp85hotter_ssp5,date=2024-3-6T20:01:59+17:00",USA,ID,elecFinalBySecTWh,Year,2020,Vint_2020,Final Electricity by Sector (TWh),27.447069144327997
"rcp85hotter_ssp5,date=2024-3-6T20:01:59+17:00",USA,ID,elecFinalBySecTWh,Year,2025,Vint_2025,Final Electricity by Sector (TWh),30.52967991202524
"rcp85hotter_ssp5,date=2024-3-6T20:01:59+17:00",USA,ID,elecFinalBySecTWh,Year,2030,Vint_2030,Final Electricity by Sector (TWh),34.11422533984249
"rcp85hotter_ssp5,date=2024-3-6T20:01:59+17:00",USA,ID,elecFinalBySecTWh,Year,2035,Vint_2035,Final Electricity by Sector (TWh),37.1988608243228
"rcp85hotter_ssp5,date=2024-3-6T20:01:59+17:00",USA,ID,elecFinalBySecTWh,Year,2040,Vint_2040,Final Electricity by Sector (TWh),40.563734358108654
"rcp85hotter_ssp5,date=2024-3-6T20:01:59+17:00",USA,ID,elecFinalBySecTWh,Year,2045,Vint_2045,Final Electricity by Sector (TWh),44.39628257955674
"rcp85hotter_ssp5,date=2024-3-6T20:01:59+17:00",USA,ID,elecFinalBySecTWh,Year,2050,Vint_2050,Final Electricity by Sector (TWh),48.00684652715621
"rcp85hotter_ssp5,date=2024-3-6T20:01:59+17:00",USA,ID,elecFinalBySecTWh,Year,2055,Vint_2055,Final Electricity by Sector (TWh),51.38527639660513
"rcp85hotter_ssp5,date=2024-3-6T20:01:59+17:00",USA,ID,elecFinalBySecTWh,Year,2060,Vint_2060,Final Electricity by Sector (TWh),54.83149421277378
"rcp85hotter_ssp5,date=2024-3-6T20:01:59+17:00",USA,ID,elecFinalBySecTWh,Year,2065,Vint_2065,Final Electricity by Sector (TWh),59.60266207826269
"rcp85hotter_ssp5,date=2024-3-6T20:01:59+17:00",USA,ID,elecFinalBySecTWh,Year,2070,Vint_2070,Final Electricity by Sector (TWh),63.902999981903285
"rcp85hotter_ssp5,date=2024-3-6T20:01:59+17:00",USA,ID,elecFinalBySecTWh,Year,2075,Vint_2075,Final Electricity by Sector (TWh),68.02984820765138
"rcp85hotter_ssp5,date=2024-3-6T20:01:59+17:00",USA,ID,elecFinalBySecTWh,Year,2080,Vint_2080,Final Electricity by Sector (TWh),71.81798187178585
"rcp85hotter_ssp5,date=2024-3-6T20:01:59+17:00",USA,ID,elecFinalBySecTWh,Year,2085,Vint_2085,Final Electricity by Sector (TWh),77.18930566779005
"rcp85hotter_ssp5,date=2024-3-6T20:01:59+17:00",USA,ID,elecFinalBySecTWh,Year,2090,Vint_2090,Final Electricity by Sector (TWh),81.26265533851065
"rcp85hotter_ssp5,date=2024-3-6T20:01:59+17:00",USA,ID,elecFinalBySecTWh,Year,2095,Vint_2095,Final Electricity by Sector (TWh),84.2137532111151
"rcp85hotter_ssp5,date=2024-3-6T20:01:59+17:00",USA,ID,elecFinalBySecTWh,Year,2100,Vint_2100,Final Electricity by Sector (TWh),88.6950366573721
"rcp85hotter_ssp5,date=2024-3-6T20:01:59+17:00",USA,IL,elecFinalBySecTWh,Year,1975,Vint_1975,Final Electricity by Sector (TWh),33.34342010277804
"rcp85hotter_ssp5,date=2024-3-6T20:01:59+17:00",USA,IL,elecFinalBySecTWh,Year,1990,Vint_1990,Final Electricity by Sector (TWh),123.65015429361209
"rcp85hotter_ssp5,date=2024-3-6T20:01:59+17:00",USA,IL,elecFinalBySecTWh,Year,2005,Vint_2005,Final Electricity by Sector (TWh),160.17036576305682
"rcp85hotter_ssp5,date=2024-3-6T20:01:59+17:00",USA,IL,elecFinalBySecTWh,Year,2010,Vint_2010,Final Electricity by Sector (TWh),158.68344652972348
"rcp85hotter_ssp5,date=2024-3-6T20:01:59+17:00",USA,IL,elecFinalBySecTWh,Year,2015,Vint_2015,Final Electricity by Sector (TWh),149.97344567333454
"rcp85hotter_ssp5,date=2024-3-6T20:01:59+17:00",USA,IL,elecFinalBySecTWh,Year,2020,Vint_2020,Final Electricity by Sector (TWh),156.06387915022344
"rcp85hotter_ssp5,date=2024-3-6T20:01:59+17:00",USA,IL,elecFinalBySecTWh,Year,2025,Vint_2025,Final Electricity by Sector (TWh),155.46748167421234
"rcp85hotter_ssp5,date=2024-3-6T20:01:59+17:00",USA,IL,elecFinalBySecTWh,Year,2030,Vint_2030,Final Electricity by Sector (TWh),161.2026237946263
"rcp85hotter_ssp5,date=2024-3-6T20:01:59+17:00",USA,IL,elecFinalBySecTWh,Year,2035,Vint_2035,Final Electricity by Sector (TWh),158.75043775144295
"rcp85hotter_ssp5,date=2024-3-6T20:01:59+17:00",USA,IL,elecFinalBySecTWh,Year,2040,Vint_2040,Final Electricity by Sector (TWh),164.29650893372073
"rcp85hotter_ssp5,date=2024-3-6T20:01:59+17:00",USA,IL,elecFinalBySecTWh,Year,2045,Vint_2045,Final Electricity by Sector (TWh),169.82213309955694
"rcp85hotter_ssp5,date=2024-3-6T20:01:59+17:00",USA,IL,elecFinalBySecTWh,Year,2050,Vint_2050,Final Electricity by Sector (TWh),178.55482916323504
"rcp85hotter_ssp5,date=2024-3-6T20:01:59+17:00",USA,IL,elecFinalBySecTWh,Year,2055,Vint_2055,Final Electricity by Sector (TWh),189.58369789534373
"rcp85hotter_ssp5,date=2024-3-6T20:01:59+17:00",USA,IL,elecFinalBySecTWh,Year,2060,Vint_2060,Final Electricity by Sector (TWh),197.36979969531765
"rcp85hotter_ssp5,date=2024-3-6T20:01:59+17:00",USA,IL,elecFinalBySecTWh,Year,2065,Vint_2065,Final Electricity by Sector (TWh),213.70639181030418
"rcp85hotter_ssp5,date=2024-3-6T20:01:59+17:00",USA,IL,elecFinalBySecTWh,Year,2070,Vint_2070,Final Electricity by Sector (TWh),229.0447351428032
"rcp85hotter_ssp5,date=2024-3-6T20:01:59+17:00",USA,IL,elecFinalBySecTWh,Year,2075,Vint_2075,Final Electricity by Sector (TWh),233.9121528264074
"rcp85hotter_ssp5,date=2024-3-6T20:01:59+17:00",USA,IL,elecFinalBySecTWh,Year,2080,Vint_2080,Final Electricity by Sector (TWh),250.73422294006866
"rcp85hotter_ssp5,date=2024-3-6T20:01:59+17:00",USA,IL,elecFinalBySecTWh,Year,2085,Vint_2085,Final Electricity by Sector (TWh),258.4134142672129
"rcp85hotter_ssp5,date=2024-3-6T20:01:59+17:00",USA,IL,elecFinalBySecTWh,Year,2090,Vint_2090,Final Electricity by Sector (TWh),270.39684782871853
"rcp85hotter_ssp5,date=2024-3-6T20:01:59+17:00",USA,IL,elecFinalBySecTWh,Year,2095,Vint_2095,Final Electricity by Sector (TWh),283.2978796875209
"rcp85hotter_ssp5,date=2024-3-6T20:01:59+17:00",USA,IL,elecFinalBySecTWh,Year,2100,Vint_2100,Final Electricity by Sector (TWh),299.17914345421906
"rcp85hotter_ssp5,date=2024-3-6T20:01:59+17:00",USA,IN,elecFinalBySecTWh,Year,1975,Vint_1975,Final Electricity by Sector (TWh),28.94086277777801
"rcp85hotter_ssp5,date=2024-3-6T20:01:59+17:00",USA,IN,elecFinalBySecTWh,Year,1990,Vint_1990,Final Electricity by Sector (TWh),81.8074435278062
"rcp85hotter_ssp5,date=2024-3-6T20:01:59+17:00",USA,IN,elecFinalBySecTWh,Year,2005,Vint_2005,Final Electricity by Sector (TWh),116.47513746880648
"rcp85hotter_ssp5,date=2024-3-6T20:01:59+17:00",USA,IN,elecFinalBySecTWh,Year,2010,Vint_2010,Final Electricity by Sector (TWh),115.34495637405647
"rcp85hotter_ssp5,date=2024-3-6T20:01:59+17:00",USA,IN,elecFinalBySecTWh,Year,2015,Vint_2015,Final Electricity by Sector (TWh),111.43739420919533
"rcp85hotter_ssp5,date=2024-3-6T20:01:59+17:00",USA,IN,elecFinalBySecTWh,Year,2020,Vint_2020,Final Electricity by Sector (TWh),108.89392058846475
"rcp85hotter_ssp5,date=2024-3-6T20:01:59+17:00",USA,IN,elecFinalBySecTWh,Year,2025,Vint_2025,Final Electricity by Sector (TWh),111.66481559647033
"rcp85hotter_ssp5,date=2024-3-6T20:01:59+17:00",USA,IN,elecFinalBySecTWh,Year,2030,Vint_2030,Final Electricity by Sector (TWh),120.61955231684817
"rcp85hotter_ssp5,date=2024-3-6T20:01:59+17:00",USA,IN,elecFinalBySecTWh,Year,2035,Vint_2035,Final Electricity by Sector (TWh),126.12317030355545
"rcp85hotter_ssp5,date=2024-3-6T20:01:59+17:00",USA,IN,elecFinalBySecTWh,Year,2040,Vint_2040,Final Electricity by Sector (TWh),133.3125171890455
"rcp85hotter_ssp5,date=2024-3-6T20:01:59+17:00",USA,IN,elecFinalBySecTWh,Year,2045,Vint_2045,Final Electricity by Sector (TWh),142.92971909092418
"rcp85hotter_ssp5,date=2024-3-6T20:01:59+17:00",USA,IN,elecFinalBySecTWh,Year,2050,Vint_2050,Final Electricity by Sector (TWh),153.45519180074373
"rcp85hotter_ssp5,date=2024-3-6T20:01:59+17:00",USA,IN,elecFinalBySecTWh,Year,2055,Vint_2055,Final Electricity by Sector (TWh),165.75237055133186
"rcp85hotter_ssp5,date=2024-3-6T20:01:59+17:00",USA,IN,elecFinalBySecTWh,Year,2060,Vint_2060,Final Electricity by Sector (TWh),179.31235759250615
"rcp85hotter_ssp5,date=2024-3-6T20:01:59+17:00",USA,IN,elecFinalBySecTWh,Year,2065,Vint_2065,Final Electricity by Sector (TWh),194.98811679816657
"rcp85hotter_ssp5,date=2024-3-6T20:01:59+17:00",USA,IN,elecFinalBySecTWh,Year,2070,Vint_2070,Final Electricity by Sector (TWh),205.8213489157511
"rcp85hotter_ssp5,date=2024-3-6T20:01:59+17:00",USA,IN,elecFinalBySecTWh,Year,2075,Vint_2075,Final Electricity by Sector (TWh),213.14784739475974
"rcp85hotter_ssp5,date=2024-3-6T20:01:59+17:00",USA,IN,elecFinalBySecTWh,Year,2080,Vint_2080,Final Electricity by Sector (TWh),219.04724701648954
"rcp85hotter_ssp5,date=2024-3-6T20:01:59+17:00",USA,IN,elecFinalBySecTWh,Year,2085,Vint_2085,Final Electricity by Sector (TWh),236.25048412242077
"rcp85hotter_ssp5,date=2024-3-6T20:01:59+17:00",USA,IN,elecFinalBySecTWh,Year,2090,Vint_2090,Final Electricity by Sector (TWh),249.45790469952615
"rcp85hotter_ssp5,date=2024-3-6T20:01:59+17:00",USA,IN,elecFinalBySecTWh,Year,2095,Vint_2095,Final Electricity by Sector (TWh),262.75672144174126
"rcp85hotter_ssp5,date=2024-3-6T20:01:59+17:00",USA,IN,elecFinalBySecTWh,Year,2100,Vint_2100,Final Electricity by Sector (TWh),281.47957081754225
"rcp85hotter_ssp5,date=2024-3-6T20:01:59+17:00",USA,KS,elecFinalBySecTWh,Year,1975,Vint_1975,Final Electricity by Sector (TWh),6.763327888888942
"rcp85hotter_ssp5,date=2024-3-6T20:01:59+17:00",USA,KS,elecFinalBySecTWh,Year,1990,Vint_1990,Final Electricity by Sector (TWh),30.170192825611352
"rcp85hotter_ssp5,date=2024-3-6T20:01:59+17:00",USA,KS,elecFinalBySecTWh,Year,2005,Vint_2005,Final Electricity by Sector (TWh),43.27638144163923
"rcp85hotter_ssp5,date=2024-3-6T20:01:59+17:00",USA,KS,elecFinalBySecTWh,Year,2010,Vint_2010,Final Electricity by Sector (TWh),44.46816286133369
"rcp85hotter_ssp5,date=2024-3-6T20:01:59+17:00",USA,KS,elecFinalBySecTWh,Year,2015,Vint_2015,Final Electricity by Sector (TWh),43.236470189555895
"rcp85hotter_ssp5,date=2024-3-6T20:01:59+17:00",USA,KS,elecFinalBySecTWh,Year,2020,Vint_2020,Final Electricity by Sector (TWh),47.51148791520316
"rcp85hotter_ssp5,date=2024-3-6T20:01:59+17:00",USA,KS,elecFinalBySecTWh,Year,2025,Vint_2025,Final Electricity by Sector (TWh),48.305552826122884
"rcp85hotter_ssp5,date=2024-3-6T20:01:59+17:00",USA,KS,elecFinalBySecTWh,Year,2030,Vint_2030,Final Electricity by Sector (TWh),52.172722572675696
"rcp85hotter_ssp5,date=2024-3-6T20:01:59+17:00",USA,KS,elecFinalBySecTWh,Year,2035,Vint_2035,Final Electricity by Sector (TWh),54.78686701903155
"rcp85hotter_ssp5,date=2024-3-6T20:01:59+17:00",USA,KS,elecFinalBySecTWh,Year,2040,Vint_2040,Final Electricity by Sector (TWh),60.98989589185215
"rcp85hotter_ssp5,date=2024-3-6T20:01:59+17:00",USA,KS,elecFinalBySecTWh,Year,2045,Vint_2045,Final Electricity by Sector (TWh),65.18040868825219
"rcp85hotter_ssp5,date=2024-3-6T20:01:59+17:00",USA,KS,elecFinalBySecTWh,Year,2050,Vint_2050,Final Electricity by Sector (TWh),69.64247614522361
"rcp85hotter_ssp5,date=2024-3-6T20:01:59+17:00",USA,KS,elecFinalBySecTWh,Year,2055,Vint_2055,Final Electricity by Sector (TWh),76.67438223324979
"rcp85hotter_ssp5,date=2024-3-6T20:01:59+17:00",USA,KS,elecFinalBySecTWh,Year,2060,Vint_2060,Final Electricity by Sector (TWh),83.40809967208594
"rcp85hotter_ssp5,date=2024-3-6T20:01:59+17:00",USA,KS,elecFinalBySecTWh,Year,2065,Vint_2065,Final Electricity by Sector (TWh),91.57928071462989
"rcp85hotter_ssp5,date=2024-3-6T20:01:59+17:00",USA,KS,elecFinalBySecTWh,Year,2070,Vint_2070,Final Electricity by Sector (TWh),100.39611662804802
"rcp85hotter_ssp5,date=2024-3-6T20:01:59+17:00",USA,KS,elecFinalBySecTWh,Year,2075,Vint_2075,Final Electricity by Sector (TWh),105.23253613522918
"rcp85hotter_ssp5,date=2024-3-6T20:01:59+17:00",USA,KS,elecFinalBySecTWh,Year,2080,Vint_2080,Final Electricity by Sector (TWh),117.06136780080953
"rcp85hotter_ssp5,date=2024-3-6T20:01:59+17:00",USA,KS,elecFinalBySecTWh,Year,2085,Vint_2085,Final Electricity by Sector (TWh),123.73038116666737
"rcp85hotter_ssp5,date=2024-3-6T20:01:59+17:00",USA,KS,elecFinalBySecTWh,Year,2090,Vint_2090,Final Electricity by Sector (TWh),127.67224100387129
"rcp85hotter_ssp5,date=2024-3-6T20:01:59+17:00",USA,KS,elecFinalBySecTWh,Year,2095,Vint_2095,Final Electricity by Sector (TWh),135.78465657173442
"rcp85hotter_ssp5,date=2024-3-6T20:01:59+17:00",USA,KS,elecFinalBySecTWh,Year,2100,Vint_2100,Final Electricity by Sector (TWh),143.37964059514226
"rcp85hotter_ssp5,date=2024-3-6T20:01:59+17:00",USA,KY,elecFinalBySecTWh,Year,1975,Vint_1975,Final Electricity by Sector (TWh),33.56323361111138
"rcp85hotter_ssp5,date=2024-3-6T20:01:59+17:00",USA,KY,elecFinalBySecTWh,Year,1990,Vint_1990,Final Electricity by Sector (TWh),67.40226700597276
"rcp85hotter_ssp5,date=2024-3-6T20:01:59+17:00",USA,KY,elecFinalBySecTWh,Year,2005,Vint_2005,Final Electricity by Sector (TWh),97.34915375027855
"rcp85hotter_ssp5,date=2024-3-6T20:01:59+17:00",USA,KY,elecFinalBySecTWh,Year,2010,Vint_2010,Final Electricity by Sector (TWh),101.47616900333415
"rcp85hotter_ssp5,date=2024-3-6T20:01:59+17:00",USA,KY,elecFinalBySecTWh,Year,2015,Vint_2015,Final Electricity by Sector (TWh),81.41106172222287
"rcp85hotter_ssp5,date=2024-3-6T20:01:59+17:00",USA,KY,elecFinalBySecTWh,Year,2020,Vint_2020,Final Electricity by Sector (TWh),84.549879424414
"rcp85hotter_ssp5,date=2024-3-6T20:01:59+17:00",USA,KY,elecFinalBySecTWh,Year,2025,Vint_2025,Final Electricity by Sector (TWh),87.41569782008486
"rcp85hotter_ssp5,date=2024-3-6T20:01:59+17:00",USA,KY,elecFinalBySecTWh,Year,2030,Vint_2030,Final Electricity by Sector (TWh),95.36603389517882
"rcp85hotter_ssp5,date=2024-3-6T20:01:59+17:00",USA,KY,elecFinalBySecTWh,Year,2035,Vint_2035,Final Electricity by Sector (TWh),100.58671425545246
"rcp85hotter_ssp5,date=2024-3-6T20:01:59+17:00",USA,KY,elecFinalBySecTWh,Year,2040,Vint_2040,Final Electricity by Sector (TWh),108.08831951854086
"rcp85hotter_ssp5,date=2024-3-6T20:01:59+17:00",USA,KY,elecFinalBySecTWh,Year,2045,Vint_2045,Final Electricity by Sector (TWh),116.52578371122287
"rcp85hotter_ssp5,date=2024-3-6T20:01:59+17:00",USA,KY,elecFinalBySecTWh,Year,2050,Vint_2050,Final Electricity by Sector (TWh),127.4112060382199
"rcp85hotter_ssp5,date=2024-3-6T20:01:59+17:00",USA,KY,elecFinalBySecTWh,Year,2055,Vint_2055,Final Electricity by Sector (TWh),136.36469006963637
"rcp85hotter_ssp5,date=2024-3-6T20:01:59+17:00",USA,KY,elecFinalBySecTWh,Year,2060,Vint_2060,Final Electricity by Sector (TWh),146.3842712502073
"rcp85hotter_ssp5,date=2024-3-6T20:01:59+17:00",USA,KY,elecFinalBySecTWh,Year,2065,Vint_2065,Final Electricity by Sector (TWh),157.4855197134643
"rcp85hotter_ssp5,date=2024-3-6T20:01:59+17:00",USA,KY,elecFinalBySecTWh,Year,2070,Vint_2070,Final Electricity by Sector (TWh),169.10526444688966
"rcp85hotter_ssp5,date=2024-3-6T20:01:59+17:00",USA,KY,elecFinalBySecTWh,Year,2075,Vint_2075,Final Electricity by Sector (TWh),173.401791299075
"rcp85hotter_ssp5,date=2024-3-6T20:01:59+17:00",USA,KY,elecFinalBySecTWh,Year,2080,Vint_2080,Final Electricity by Sector (TWh),185.46976269377592
"rcp85hotter_ssp5,date=2024-3-6T20:01:59+17:00",USA,KY,elecFinalBySecTWh,Year,2085,Vint_2085,Final Electricity by Sector (TWh),197.49393967129353
"rcp85hotter_ssp5,date=2024-3-6T20:01:59+17:00",USA,KY,elecFinalBySecTWh,Year,2090,Vint_2090,Final Electricity by Sector (TWh),209.61208948240193
"rcp85hotter_ssp5,date=2024-3-6T20:01:59+17:00",USA,KY,elecFinalBySecTWh,Year,2095,Vint_2095,Final Electricity by Sector (TWh),218.9025978026059
"rcp85hotter_ssp5,date=2024-3-6T20:01:59+17:00",USA,KY,elecFinalBySecTWh,Year,2100,Vint_2100,Final Electricity by Sector (TWh),234.4191072006188
"rcp85hotter_ssp5,date=2024-3-6T20:01:59+17:00",USA,LA,elecFinalBySecTWh,Year,1975,Vint_1975,Final Electricity by Sector (TWh),15.930318898139015
"rcp85hotter_ssp5,date=2024-3-6T20:01:59+17:00",USA,LA,elecFinalBySecTWh,Year,1990,Vint_1990,Final Electricity by Sector (TWh),70.64372362522279
"rcp85hotter_ssp5,date=2024-3-6T20:01:59+17:00",USA,LA,elecFinalBySecTWh,Year,2005,Vint_2005,Final Electricity by Sector (TWh),85.31949192191735
"rcp85hotter_ssp5,date=2024-3-6T20:01:59+17:00",USA,LA,elecFinalBySecTWh,Year,2010,Vint_2010,Final Electricity by Sector (TWh),93.20737214408408
"rcp85hotter_ssp5,date=2024-3-6T20:01:59+17:00",USA,LA,elecFinalBySecTWh,Year,2015,Vint_2015,Final Electricity by Sector (TWh),98.745935833473
"rcp85hotter_ssp5,date=2024-3-6T20:01:59+17:00",USA,LA,elecFinalBySecTWh,Year,2020,Vint_2020,Final Electricity by Sector (TWh),95.85891164945353
"rcp85hotter_ssp5,date=2024-3-6T20:01:59+17:00",USA,LA,elecFinalBySecTWh,Year,2025,Vint_2025,Final Electricity by Sector (TWh),99.23449092832301
"rcp85hotter_ssp5,date=2024-3-6T20:01:59+17:00",USA,LA,elecFinalBySecTWh,Year,2030,Vint_2030,Final Electricity by Sector (TWh),104.85580754589805
"rcp85hotter_ssp5,date=2024-3-6T20:01:59+17:00",USA,LA,elecFinalBySecTWh,Year,2035,Vint_2035,Final Electricity by Sector (TWh),108.94124569612586
"rcp85hotter_ssp5,date=2024-3-6T20:01:59+17:00",USA,LA,elecFinalBySecTWh,Year,2040,Vint_2040,Final Electricity by Sector (TWh),116.45365207007426
"rcp85hotter_ssp5,date=2024-3-6T20:01:59+17:00",USA,LA,elecFinalBySecTWh,Year,2045,Vint_2045,Final Electricity by Sector (TWh),121.86964977572681
"rcp85hotter_ssp5,date=2024-3-6T20:01:59+17:00",USA,LA,elecFinalBySecTWh,Year,2050,Vint_2050,Final Electricity by Sector (TWh),129.25487237080742
"rcp85hotter_ssp5,date=2024-3-6T20:01:59+17:00",USA,LA,elecFinalBySecTWh,Year,2055,Vint_2055,Final Electricity by Sector (TWh),139.92617283564832
"rcp85hotter_ssp5,date=2024-3-6T20:01:59+17:00",USA,LA,elecFinalBySecTWh,Year,2060,Vint_2060,Final Electricity by Sector (TWh),149.18426135963784
"rcp85hotter_ssp5,date=2024-3-6T20:01:59+17:00",USA,LA,elecFinalBySecTWh,Year,2065,Vint_2065,Final Electricity by Sector (TWh),161.00270230719045
"rcp85hotter_ssp5,date=2024-3-6T20:01:59+17:00",USA,LA,elecFinalBySecTWh,Year,2070,Vint_2070,Final Electricity by Sector (TWh),173.418376532475
"rcp85hotter_ssp5,date=2024-3-6T20:01:59+17:00",USA,LA,elecFinalBySecTWh,Year,2075,Vint_2075,Final Electricity by Sector (TWh),184.52659325430398
"rcp85hotter_ssp5,date=2024-3-6T20:01:59+17:00",USA,LA,elecFinalBySecTWh,Year,2080,Vint_2080,Final Electricity by Sector (TWh),199.5134431757188
"rcp85hotter_ssp5,date=2024-3-6T20:01:59+17:00",USA,LA,elecFinalBySecTWh,Year,2085,Vint_2085,Final Electricity by Sector (TWh),210.56505274322473
"rcp85hotter_ssp5,date=2024-3-6T20:01:59+17:00",USA,LA,elecFinalBySecTWh,Year,2090,Vint_2090,Final Electricity by Sector (TWh),222.59403808557568
"rcp85hotter_ssp5,date=2024-3-6T20:01:59+17:00",USA,LA,elecFinalBySecTWh,Year,2095,Vint_2095,Final Electricity by Sector (TWh),237.9226612866444
"rcp85hotter_ssp5,date=2024-3-6T20:01:59+17:00",USA,LA,elecFinalBySecTWh,Year,2100,Vint_2100,Final Electricity by Sector (TWh),248.36673153111337
"rcp85hotter_ssp5,date=2024-3-6T20:01:59+17:00",USA,MA,elecFinalBySecTWh,Year,1975,Vint_1975,Final Electricity by Sector (TWh),8.17249712694451
"rcp85hotter_ssp5,date=2024-3-6T20:01:59+17:00",USA,MA,elecFinalBySecTWh,Year,1990,Vint_1990,Final Electricity by Sector (TWh),50.332225230278176
"rcp85hotter_ssp5,date=2024-3-6T20:01:59+17:00",USA,MA,elecFinalBySecTWh,Year,2005,Vint_2005,Final Electricity by Sector (TWh),63.65961134750051
"rcp85hotter_ssp5,date=2024-3-6T20:01:59+17:00",USA,MA,elecFinalBySecTWh,Year,2010,Vint_2010,Final Electricity by Sector (TWh),62.50343943194494
"rcp85hotter_ssp5,date=2024-3-6T20:01:59+17:00",USA,MA,elecFinalBySecTWh,Year,2015,Vint_2015,Final Electricity by Sector (TWh),59.8126060372227
"rcp85hotter_ssp5,date=2024-3-6T20:01:59+17:00",USA,MA,elecFinalBySecTWh,Year,2020,Vint_2020,Final Electricity by Sector (TWh),62.655400701233006
"rcp85hotter_ssp5,date=2024-3-6T20:01:59+17:00",USA,MA,elecFinalBySecTWh,Year,2025,Vint_2025,Final Electricity by Sector (TWh),63.32445485167161
"rcp85hotter_ssp5,date=2024-3-6T20:01:59+17:00",USA,MA,elecFinalBySecTWh,Year,2030,Vint_2030,Final Electricity by Sector (TWh),65.80289505944886
"rcp85hotter_ssp5,date=2024-3-6T20:01:59+17:00",USA,MA,elecFinalBySecTWh,Year,2035,Vint_2035,Final Electricity by Sector (TWh),68.61728046449582
"rcp85hotter_ssp5,date=2024-3-6T20:01:59+17:00",USA,MA,elecFinalBySecTWh,Year,2040,Vint_2040,Final Electricity by Sector (TWh),71.98032131224113
"rcp85hotter_ssp5,date=2024-3-6T20:01:59+17:00",USA,MA,elecFinalBySecTWh,Year,2045,Vint_2045,Final Electricity by Sector (TWh),77.27681928067395
"rcp85hotter_ssp5,date=2024-3-6T20:01:59+17:00",USA,MA,elecFinalBySecTWh,Year,2050,Vint_2050,Final Electricity by Sector (TWh),80.96890934224426
"rcp85hotter_ssp5,date=2024-3-6T20:01:59+17:00",USA,MA,elecFinalBySecTWh,Year,2055,Vint_2055,Final Electricity by Sector (TWh),86.8061518106343
"rcp85hotter_ssp5,date=2024-3-6T20:01:59+17:00",USA,MA,elecFinalBySecTWh,Year,2060,Vint_2060,Final Electricity by Sector (TWh),93.04171891454519
"rcp85hotter_ssp5,date=2024-3-6T20:01:59+17:00",USA,MA,elecFinalBySecTWh,Year,2065,Vint_2065,Final Electricity by Sector (TWh),100.7824461672797
"rcp85hotter_ssp5,date=2024-3-6T20:01:59+17:00",USA,MA,elecFinalBySecTWh,Year,2070,Vint_2070,Final Electricity by Sector (TWh),106.42807673311835
"rcp85hotter_ssp5,date=2024-3-6T20:01:59+17:00",USA,MA,elecFinalBySecTWh,Year,2075,Vint_2075,Final Electricity by Sector (TWh),113.26470638295507
"rcp85hotter_ssp5,date=2024-3-6T20:01:59+17:00",USA,MA,elecFinalBySecTWh,Year,2080,Vint_2080,Final Electricity by Sector (TWh),118.44128416975123
"rcp85hotter_ssp5,date=2024-3-6T20:01:59+17:00",USA,MA,elecFinalBySecTWh,Year,2085,Vint_2085,Final Electricity by Sector (TWh),125.92464325485044
"rcp85hotter_ssp5,date=2024-3-6T20:01:59+17:00",USA,MA,elecFinalBySecTWh,Year,2090,Vint_2090,Final Electricity by Sector (TWh),129.50101358254685
"rcp85hotter_ssp5,date=2024-3-6T20:01:59+17:00",USA,MA,elecFinalBySecTWh,Year,2095,Vint_2095,Final Electricity by Sector (TWh),134.66763035800497
"rcp85hotter_ssp5,date=2024-3-6T20:01:59+17:00",USA,MA,elecFinalBySecTWh,Year,2100,Vint_2100,Final Electricity by Sector (TWh),141.46862828878224
"rcp85hotter_ssp5,date=2024-3-6T20:01:59+17:00",USA,MD,elecFinalBySecTWh,Year,1975,Vint_1975,Final Electricity by Sector (TWh),9.977331305555634
"rcp85hotter_ssp5,date=2024-3-6T20:01:59+17:00",USA,MD,elecFinalBySecTWh,Year,1990,Vint_1990,Final Electricity by Sector (TWh),54.83836542658376
"rcp85hotter_ssp5,date=2024-3-6T20:01:59+17:00",USA,MD,elecFinalBySecTWh,Year,2005,Vint_2005,Final Electricity by Sector (TWh),75.40019040166726
"rcp85hotter_ssp5,date=2024-3-6T20:01:59+17:00",USA,MD,elecFinalBySecTWh,Year,2010,Vint_2010,Final Electricity by Sector (TWh),72.37831193825059
"rcp85hotter_ssp5,date=2024-3-6T20:01:59+17:00",USA,MD,elecFinalBySecTWh,Year,2015,Vint_2015,Final Electricity by Sector (TWh),68.2140731399172
"rcp85hotter_ssp5,date=2024-3-6T20:01:59+17:00",USA,MD,elecFinalBySecTWh,Year,2020,Vint_2020,Final Electricity by Sector (TWh),74.5924175785645
"rcp85hotter_ssp5,date=2024-3-6T20:01:59+17:00",USA,MD,elecFinalBySecTWh,Year,2025,Vint_2025,Final Electricity by Sector (TWh),74.48465257617003
"rcp85hotter_ssp5,date=2024-3-6T20:01:59+17:00",USA,MD,elecFinalBySecTWh,Year,2030,Vint_2030,Final Electricity by Sector (TWh),77.4701291596534
"rcp85hotter_ssp5,date=2024-3-6T20:01:59+17:00",USA,MD,elecFinalBySecTWh,Year,2035,Vint_2035,Final Electricity by Sector (TWh),81.36867145309147
"rcp85hotter_ssp5,date=2024-3-6T20:01:59+17:00",USA,MD,elecFinalBySecTWh,Year,2040,Vint_2040,Final Electricity by Sector (TWh),82.94138605997844
"rcp85hotter_ssp5,date=2024-3-6T20:01:59+17:00",USA,MD,elecFinalBySecTWh,Year,2045,Vint_2045,Final Electricity by Sector (TWh),87.33382570604847
"rcp85hotter_ssp5,date=2024-3-6T20:01:59+17:00",USA,MD,elecFinalBySecTWh,Year,2050,Vint_2050,Final Electricity by Sector (TWh),91.59620957465157
"rcp85hotter_ssp5,date=2024-3-6T20:01:59+17:00",USA,MD,elecFinalBySecTWh,Year,2055,Vint_2055,Final Electricity by Sector (TWh),98.0921543204169
"rcp85hotter_ssp5,date=2024-3-6T20:01:59+17:00",USA,MD,elecFinalBySecTWh,Year,2060,Vint_2060,Final Electricity by Sector (TWh),105.53531495005001
"rcp85hotter_ssp5,date=2024-3-6T20:01:59+17:00",USA,MD,elecFinalBySecTWh,Year,2065,Vint_2065,Final Electricity by Sector (TWh),111.26436789302811
"rcp85hotter_ssp5,date=2024-3-6T20:01:59+17:00",USA,MD,elecFinalBySecTWh,Year,2070,Vint_2070,Final Electricity by Sector (TWh),116.35676523302871
"rcp85hotter_ssp5,date=2024-3-6T20:01:59+17:00",USA,MD,elecFinalBySecTWh,Year,2075,Vint_2075,Final Electricity by Sector (TWh),121.2245121116507
"rcp85hotter_ssp5,date=2024-3-6T20:01:59+17:00",USA,MD,elecFinalBySecTWh,Year,2080,Vint_2080,Final Electricity by Sector (TWh),125.23518668457766
"rcp85hotter_ssp5,date=2024-3-6T20:01:59+17:00",USA,MD,elecFinalBySecTWh,Year,2085,Vint_2085,Final Electricity by Sector (TWh),134.39106684470858
"rcp85hotter_ssp5,date=2024-3-6T20:01:59+17:00",USA,MD,elecFinalBySecTWh,Year,2090,Vint_2090,Final Electricity by Sector (TWh),140.05223406619388
"rcp85hotter_ssp5,date=2024-3-6T20:01:59+17:00",USA,MD,elecFinalBySecTWh,Year,2095,Vint_2095,Final Electricity by Sector (TWh),148.23074594644424
"rcp85hotter_ssp5,date=2024-3-6T20:01:59+17:00",USA,MD,elecFinalBySecTWh,Year,2100,Vint_2100,Final Electricity by Sector (TWh),154.4796105963379
"rcp85hotter_ssp5,date=2024-3-6T20:01:59+17:00",USA,ME,elecFinalBySecTWh,Year,1975,Vint_1975,Final Electricity by Sector (TWh),2.6750546944444658
"rcp85hotter_ssp5,date=2024-3-6T20:01:59+17:00",USA,ME,elecFinalBySecTWh,Year,1990,Vint_1990,Final Electricity by Sector (TWh),12.712605830555656
"rcp85hotter_ssp5,date=2024-3-6T20:01:59+17:00",USA,ME,elecFinalBySecTWh,Year,2005,Vint_2005,Final Electricity by Sector (TWh),13.618588692222332
"rcp85hotter_ssp5,date=2024-3-6T20:01:59+17:00",USA,ME,elecFinalBySecTWh,Year,2010,Vint_2010,Final Electricity by Sector (TWh),12.637129761944546
"rcp85hotter_ssp5,date=2024-3-6T20:01:59+17:00",USA,ME,elecFinalBySecTWh,Year,2015,Vint_2015,Final Electricity by Sector (TWh),12.847168731388992
"rcp85hotter_ssp5,date=2024-3-6T20:01:59+17:00",USA,ME,elecFinalBySecTWh,Year,2020,Vint_2020,Final Electricity by Sector (TWh),12.419471082147322
"rcp85hotter_ssp5,date=2024-3-6T20:01:59+17:00",USA,ME,elecFinalBySecTWh,Year,2025,Vint_2025,Final Electricity by Sector (TWh),12.45532016377982
"rcp85hotter_ssp5,date=2024-3-6T20:01:59+17:00",USA,ME,elecFinalBySecTWh,Year,2030,Vint_2030,Final Electricity by Sector (TWh),13.072512698442603
"rcp85hotter_ssp5,date=2024-3-6T20:01:59+17:00",USA,ME,elecFinalBySecTWh,Year,2035,Vint_2035,Final Electricity by Sector (TWh),13.870803564428723
"rcp85hotter_ssp5,date=2024-3-6T20:01:59+17:00",USA,ME,elecFinalBySecTWh,Year,2040,Vint_2040,Final Electricity by Sector (TWh),14.850969519733452
"rcp85hotter_ssp5,date=2024-3-6T20:01:59+17:00",USA,ME,elecFinalBySecTWh,Year,2045,Vint_2045,Final Electricity by Sector (TWh),16.27117017032124
"rcp85hotter_ssp5,date=2024-3-6T20:01:59+17:00",USA,ME,elecFinalBySecTWh,Year,2050,Vint_2050,Final Electricity by Sector (TWh),17.408284511560417
"rcp85hotter_ssp5,date=2024-3-6T20:01:59+17:00",USA,ME,elecFinalBySecTWh,Year,2055,Vint_2055,Final Electricity by Sector (TWh),19.30161831323043
"rcp85hotter_ssp5,date=2024-3-6T20:01:59+17:00",USA,ME,elecFinalBySecTWh,Year,2060,Vint_2060,Final Electricity by Sector (TWh),21.23994083776517
"rcp85hotter_ssp5,date=2024-3-6T20:01:59+17:00",USA,ME,elecFinalBySecTWh,Year,2065,Vint_2065,Final Electricity by Sector (TWh),23.060773428662404
"rcp85hotter_ssp5,date=2024-3-6T20:01:59+17:00",USA,ME,elecFinalBySecTWh,Year,2070,Vint_2070,Final Electricity by Sector (TWh),24.75702572955853
"rcp85hotter_ssp5,date=2024-3-6T20:01:59+17:00",USA,ME,elecFinalBySecTWh,Year,2075,Vint_2075,Final Electricity by Sector (TWh),26.483427574069378
"rcp85hotter_ssp5,date=2024-3-6T20:01:59+17:00",USA,ME,elecFinalBySecTWh,Year,2080,Vint_2080,Final Electricity by Sector (TWh),27.855408065607723
"rcp85hotter_ssp5,date=2024-3-6T20:01:59+17:00",USA,ME,elecFinalBySecTWh,Year,2085,Vint_2085,Final Electricity by Sector (TWh),29.58845180732579
"rcp85hotter_ssp5,date=2024-3-6T20:01:59+17:00",USA,ME,elecFinalBySecTWh,Year,2090,Vint_2090,Final Electricity by Sector (TWh),30.886427229639136
"rcp85hotter_ssp5,date=2024-3-6T20:01:59+17:00",USA,ME,elecFinalBySecTWh,Year,2095,Vint_2095,Final Electricity by Sector (TWh),32.501791781536646
"rcp85hotter_ssp5,date=2024-3-6T20:01:59+17:00",USA,ME,elecFinalBySecTWh,Year,2100,Vint_2100,Final Electricity by Sector (TWh),33.767552790450544
"rcp85hotter_ssp5,date=2024-3-6T20:01:59+17:00",USA,MI,elecFinalBySecTWh,Year,1975,Vint_1975,Final Electricity by Sector (TWh),31.403730833333583
"rcp85hotter_ssp5,date=2024-3-6T20:01:59+17:00",USA,MI,elecFinalBySecTWh,Year,1990,Vint_1990,Final Electricity by Sector (TWh),91.12230020944517
"rcp85hotter_ssp5,date=2024-3-6T20:01:59+17:00",USA,MI,elecFinalBySecTWh,Year,2005,Vint_2005,Final Electricity by Sector (TWh),121.95249933683431
"rcp85hotter_ssp5,date=2024-3-6T20:01:59+17:00",USA,MI,elecFinalBySecTWh,Year,2010,Vint_2010,Final Electricity by Sector (TWh),113.65999029386201
"rcp85hotter_ssp5,date=2024-3-6T20:01:59+17:00",USA,MI,elecFinalBySecTWh,Year,2015,Vint_2015,Final Electricity by Sector (TWh),110.75652641394532
"rcp85hotter_ssp5,date=2024-3-6T20:01:59+17:00",USA,MI,elecFinalBySecTWh,Year,2020,Vint_2020,Final Electricity by Sector (TWh),110.08736689447309
"rcp85hotter_ssp5,date=2024-3-6T20:01:59+17:00",USA,MI,elecFinalBySecTWh,Year,2025,Vint_2025,Final Electricity by Sector (TWh),111.12172722576756
"rcp85hotter_ssp5,date=2024-3-6T20:01:59+17:00",USA,MI,elecFinalBySecTWh,Year,2030,Vint_2030,Final Electricity by Sector (TWh),114.90380571886759
"rcp85hotter_ssp5,date=2024-3-6T20:01:59+17:00",USA,MI,elecFinalBySecTWh,Year,2035,Vint_2035,Final Electricity by Sector (TWh),116.52243530833148
"rcp85hotter_ssp5,date=2024-3-6T20:01:59+17:00",USA,MI,elecFinalBySecTWh,Year,2040,Vint_2040,Final Electricity by Sector (TWh),120.27813179339873
"rcp85hotter_ssp5,date=2024-3-6T20:01:59+17:00",USA,MI,elecFinalBySecTWh,Year,2045,Vint_2045,Final Electricity by Sector (TWh),126.22409944492017
"rcp85hotter_ssp5,date=2024-3-6T20:01:59+17:00",USA,MI,elecFinalBySecTWh,Year,2050,Vint_2050,Final Electricity by Sector (TWh),132.19735507885912
"rcp85hotter_ssp5,date=2024-3-6T20:01:59+17:00",USA,MI,elecFinalBySecTWh,Year,2055,Vint_2055,Final Electricity by Sector (TWh),140.57768249703307
"rcp85hotter_ssp5,date=2024-3-6T20:01:59+17:00",USA,MI,elecFinalBySecTWh,Year,2060,Vint_2060,Final Electricity by Sector (TWh),148.08366085334978
"rcp85hotter_ssp5,date=2024-3-6T20:01:59+17:00",USA,MI,elecFinalBySecTWh,Year,2065,Vint_2065,Final Electricity by Sector (TWh),157.17540887365072
"rcp85hotter_ssp5,date=2024-3-6T20:01:59+17:00",USA,MI,elecFinalBySecTWh,Year,2070,Vint_2070,Final Electricity by Sector (TWh),163.77363452162461
"rcp85hotter_ssp5,date=2024-3-6T20:01:59+17:00",USA,MI,elecFinalBySecTWh,Year,2075,Vint_2075,Final Electricity by Sector (TWh),171.24758884361248
"rcp85hotter_ssp5,date=2024-3-6T20:01:59+17:00",USA,MI,elecFinalBySecTWh,Year,2080,Vint_2080,Final Electricity by Sector (TWh),176.6685530203014
"rcp85hotter_ssp5,date=2024-3-6T20:01:59+17:00",USA,MI,elecFinalBySecTWh,Year,2085,Vint_2085,Final Electricity by Sector (TWh),184.89202930643202
"rcp85hotter_ssp5,date=2024-3-6T20:01:59+17:00",USA,MI,elecFinalBySecTWh,Year,2090,Vint_2090,Final Electricity by Sector (TWh),194.960620148576
"rcp85hotter_ssp5,date=2024-3-6T20:01:59+17:00",USA,MI,elecFinalBySecTWh,Year,2095,Vint_2095,Final Electricity by Sector (TWh),206.2715299639186
"rcp85hotter_ssp5,date=2024-3-6T20:01:59+17:00",USA,MI,elecFinalBySecTWh,Year,2100,Vint_2100,Final Electricity by Sector (TWh),216.05006145180366
"rcp85hotter_ssp5,date=2024-3-6T20:01:59+17:00",USA,MN,elecFinalBySecTWh,Year,1975,Vint_1975,Final Electricity by Sector (TWh),12.335628250000099
"rcp85hotter_ssp5,date=2024-3-6T20:01:59+17:00",USA,MN,elecFinalBySecTWh,Year,1990,Vint_1990,Final Electricity by Sector (TWh),52.18838428527819
"rcp85hotter_ssp5,date=2024-3-6T20:01:59+17:00",USA,MN,elecFinalBySecTWh,Year,2005,Vint_2005,Final Electricity by Sector (TWh),72.86055458638947
"rcp85hotter_ssp5,date=2024-3-6T20:01:59+17:00",USA,MN,elecFinalBySecTWh,Year,2010,Vint_2010,Final Electricity by Sector (TWh),74.23562113583392
"rcp85hotter_ssp5,date=2024-3-6T20:01:59+17:00",USA,MN,elecFinalBySecTWh,Year,2015,Vint_2015,Final Electricity by Sector (TWh),71.92178987805613
"rcp85hotter_ssp5,date=2024-3-6T20:01:59+17:00",USA,MN,elecFinalBySecTWh,Year,2020,Vint_2020,Final Electricity by Sector (TWh),74.8346479915006
"rcp85hotter_ssp5,date=2024-3-6T20:01:59+17:00",USA,MN,elecFinalBySecTWh,Year,2025,Vint_2025,Final Electricity by Sector (TWh),76.61216496328394
"rcp85hotter_ssp5,date=2024-3-6T20:01:59+17:00",USA,MN,elecFinalBySecTWh,Year,2030,Vint_2030,Final Electricity by Sector (TWh),79.1140337899923
"rcp85hotter_ssp5,date=2024-3-6T20:01:59+17:00",USA,MN,elecFinalBySecTWh,Year,2035,Vint_2035,Final Electricity by Sector (TWh),81.76417824075426
"rcp85hotter_ssp5,date=2024-3-6T20:01:59+17:00",USA,MN,elecFinalBySecTWh,Year,2040,Vint_2040,Final Electricity by Sector (TWh),87.77378711807015
"rcp85hotter_ssp5,date=2024-3-6T20:01:59+17:00",USA,MN,elecFinalBySecTWh,Year,2045,Vint_2045,Final Electricity by Sector (TWh),90.83520673253933
"rcp85hotter_ssp5,date=2024-3-6T20:01:59+17:00",USA,MN,elecFinalBySecTWh,Year,2050,Vint_2050,Final Electricity by Sector (TWh),95.67842496028216
"rcp85hotter_ssp5,date=2024-3-6T20:01:59+17:00",USA,MN,elecFinalBySecTWh,Year,2055,Vint_2055,Final Electricity by Sector (TWh),101.90573703480136
"rcp85hotter_ssp5,date=2024-3-6T20:01:59+17:00",USA,MN,elecFinalBySecTWh,Year,2060,Vint_2060,Final Electricity by Sector (TWh),107.42419420316169
"rcp85hotter_ssp5,date=2024-3-6T20:01:59+17:00",USA,MN,elecFinalBySecTWh,Year,2065,Vint_2065,Final Electricity by Sector (TWh),114.90186492460091
"rcp85hotter_ssp5,date=2024-3-6T20:01:59+17:00",USA,MN,elecFinalBySecTWh,Year,2070,Vint_2070,Final Electricity by Sector (TWh),122.59235356348015
"rcp85hotter_ssp5,date=2024-3-6T20:01:59+17:00",USA,MN,elecFinalBySecTWh,Year,2075,Vint_2075,Final Electricity by Sector (TWh),128.73030770413908
"rcp85hotter_ssp5,date=2024-3-6T20:01:59+17:00",USA,MN,elecFinalBySecTWh,Year,2080,Vint_2080,Final Electricity by Sector (TWh),136.0800238845583
"rcp85hotter_ssp5,date=2024-3-6T20:01:59+17:00",USA,MN,elecFinalBySecTWh,Year,2085,Vint_2085,Final Electricity by Sector (TWh),144.08310747925117
"rcp85hotter_ssp5,date=2024-3-6T20:01:59+17:00",USA,MN,elecFinalBySecTWh,Year,2090,Vint_2090,Final Electricity by Sector (TWh),149.81970217260618
"rcp85hotter_ssp5,date=2024-3-6T20:01:59+17:00",USA,MN,elecFinalBySecTWh,Year,2095,Vint_2095,Final Electricity by Sector (TWh),156.30765946149904
"rcp85hotter_ssp5,date=2024-3-6T20:01:59+17:00",USA,MN,elecFinalBySecTWh,Year,2100,Vint_2100,Final Electricity by Sector (TWh),161.67999144905988
"rcp85hotter_ssp5,date=2024-3-6T20:01:59+17:00",USA,MO,elecFinalBySecTWh,Year,1975,Vint_1975,Final Electricity by Sector (TWh),12.996434111111215
"rcp85hotter_ssp5,date=2024-3-6T20:01:59+17:00",USA,MO,elecFinalBySecTWh,Year,1990,Vint_1990,Final Electricity by Sector (TWh),59.9410593489727
"rcp85hotter_ssp5,date=2024-3-6T20:01:59+17:00",USA,MO,elecFinalBySecTWh,Year,2005,Vint_2005,Final Electricity by Sector (TWh),90.17270567127851
"rcp85hotter_ssp5,date=2024-3-6T20:01:59+17:00",USA,MO,elecFinalBySecTWh,Year,2010,Vint_2010,Final Electricity by Sector (TWh),94.94655738375076
"rcp85hotter_ssp5,date=2024-3-6T20:01:59+17:00",USA,MO,elecFinalBySecTWh,Year,2015,Vint_2015,Final Electricity by Sector (TWh),88.84470057294516
"rcp85hotter_ssp5,date=2024-3-6T20:01:59+17:00",USA,MO,elecFinalBySecTWh,Year,2020,Vint_2020,Final Electricity by Sector (TWh),96.29564178978964
"rcp85hotter_ssp5,date=2024-3-6T20:01:59+17:00",USA,MO,elecFinalBySecTWh,Year,2025,Vint_2025,Final Electricity by Sector (TWh),96.04452121105355
"rcp85hotter_ssp5,date=2024-3-6T20:01:59+17:00",USA,MO,elecFinalBySecTWh,Year,2030,Vint_2030,Final Electricity by Sector (TWh),103.82189307308415
"rcp85hotter_ssp5,date=2024-3-6T20:01:59+17:00",USA,MO,elecFinalBySecTWh,Year,2035,Vint_2035,Final Electricity by Sector (TWh),106.77978074823974
"rcp85hotter_ssp5,date=2024-3-6T20:01:59+17:00",USA,MO,elecFinalBySecTWh,Year,2040,Vint_2040,Final Electricity by Sector (TWh),114.89259951201481
"rcp85hotter_ssp5,date=2024-3-6T20:01:59+17:00",USA,MO,elecFinalBySecTWh,Year,2045,Vint_2045,Final Electricity by Sector (TWh),122.69314160642348
"rcp85hotter_ssp5,date=2024-3-6T20:01:59+17:00",USA,MO,elecFinalBySecTWh,Year,2050,Vint_2050,Final Electricity by Sector (TWh),130.5439281515677
"rcp85hotter_ssp5,date=2024-3-6T20:01:59+17:00",USA,MO,elecFinalBySecTWh,Year,2055,Vint_2055,Final Electricity by Sector (TWh),146.6100136408456
"rcp85hotter_ssp5,date=2024-3-6T20:01:59+17:00",USA,MO,elecFinalBySecTWh,Year,2060,Vint_2060,Final Electricity by Sector (TWh),153.1383886289429
"rcp85hotter_ssp5,date=2024-3-6T20:01:59+17:00",USA,MO,elecFinalBySecTWh,Year,2065,Vint_2065,Final Electricity by Sector (TWh),168.09050205819022
"rcp85hotter_ssp5,date=2024-3-6T20:01:59+17:00",USA,MO,elecFinalBySecTWh,Year,2070,Vint_2070,Final Electricity by Sector (TWh),183.4689138348745
"rcp85hotter_ssp5,date=2024-3-6T20:01:59+17:00",USA,MO,elecFinalBySecTWh,Year,2075,Vint_2075,Final Electricity by Sector (TWh),189.27133346719623
"rcp85hotter_ssp5,date=2024-3-6T20:01:59+17:00",USA,MO,elecFinalBySecTWh,Year,2080,Vint_2080,Final Electricity by Sector (TWh),203.07722196635774
"rcp85hotter_ssp5,date=2024-3-6T20:01:59+17:00",USA,MO,elecFinalBySecTWh,Year,2085,Vint_2085,Final Electricity by Sector (TWh),215.0639252037934
"rcp85hotter_ssp5,date=2024-3-6T20:01:59+17:00",USA,MO,elecFinalBySecTWh,Year,2090,Vint_2090,Final Electricity by Sector (TWh),222.21895901247316
"rcp85hotter_ssp5,date=2024-3-6T20:01:59+17:00",USA,MO,elecFinalBySecTWh,Year,2095,Vint_2095,Final Electricity by Sector (TWh),235.25616987460882
"rcp85hotter_ssp5,date=2024-3-6T20:01:59+17:00",USA,MO,elecFinalBySecTWh,Year,2100,Vint_2100,Final Electricity by Sector (TWh),252.1859834173223
"rcp85hotter_ssp5,date=2024-3-6T20:01:59+17:00",USA,MS,elecFinalBySecTWh,Year,1975,Vint_1975,Final Electricity by Sector (TWh),7.401028472222282
"rcp85hotter_ssp5,date=2024-3-6T20:01:59+17:00",USA,MS,elecFinalBySecTWh,Year,1990,Vint_1990,Final Electricity by Sector (TWh),35.581461585989175
"rcp85hotter_ssp5,date=2024-3-6T20:01:59+17:00",USA,MS,elecFinalBySecTWh,Year,2005,Vint_2005,Final Electricity by Sector (TWh),50.637825325139296
"rcp85hotter_ssp5,date=2024-3-6T20:01:59+17:00",USA,MS,elecFinalBySecTWh,Year,2010,Vint_2010,Final Electricity by Sector (TWh),54.43080567744488
"rcp85hotter_ssp5,date=2024-3-6T20:01:59+17:00",USA,MS,elecFinalBySecTWh,Year,2015,Vint_2015,Final Electricity by Sector (TWh),52.539822746250415
"rcp85hotter_ssp5,date=2024-3-6T20:01:59+17:00",USA,MS,elecFinalBySecTWh,Year,2020,Vint_2020,Final Electricity by Sector (TWh),52.817491544985415
"rcp85hotter_ssp5,date=2024-3-6T20:01:59+17:00",USA,MS,elecFinalBySecTWh,Year,2025,Vint_2025,Final Electricity by Sector (TWh),55.17462685889517
"rcp85hotter_ssp5,date=2024-3-6T20:01:59+17:00",USA,MS,elecFinalBySecTWh,Year,2030,Vint_2030,Final Electricity by Sector (TWh),58.65720428829103
"rcp85hotter_ssp5,date=2024-3-6T20:01:59+17:00",USA,MS,elecFinalBySecTWh,Year,2035,Vint_2035,Final Electricity by Sector (TWh),61.43447116949716
"rcp85hotter_ssp5,date=2024-3-6T20:01:59+17:00",USA,MS,elecFinalBySecTWh,Year,2040,Vint_2040,Final Electricity by Sector (TWh),67.01461053202497
"rcp85hotter_ssp5,date=2024-3-6T20:01:59+17:00",USA,MS,elecFinalBySecTWh,Year,2045,Vint_2045,Final Electricity by Sector (TWh),69.95871383761195
"rcp85hotter_ssp5,date=2024-3-6T20:01:59+17:00",USA,MS,elecFinalBySecTWh,Year,2050,Vint_2050,Final Electricity by Sector (TWh),76.10393052780255
"rcp85hotter_ssp5,date=2024-3-6T20:01:59+17:00",USA,MS,elecFinalBySecTWh,Year,2055,Vint_2055,Final Electricity by Sector (TWh),81.5996795416376
"rcp85hotter_ssp5,date=2024-3-6T20:01:59+17:00",USA,MS,elecFinalBySecTWh,Year,2060,Vint_2060,Final Electricity by Sector (TWh),87.96250086978347
"rcp85hotter_ssp5,date=2024-3-6T20:01:59+17:00",USA,MS,elecFinalBySecTWh,Year,2065,Vint_2065,Final Electricity by Sector (TWh),94.48260508381549
"rcp85hotter_ssp5,date=2024-3-6T20:01:59+17:00",USA,MS,elecFinalBySecTWh,Year,2070,Vint_2070,Final Electricity by Sector (TWh),101.50821380013636
"rcp85hotter_ssp5,date=2024-3-6T20:01:59+17:00",USA,MS,elecFinalBySecTWh,Year,2075,Vint_2075,Final Electricity by Sector (TWh),108.8389962485817
"rcp85hotter_ssp5,date=2024-3-6T20:01:59+17:00",USA,MS,elecFinalBySecTWh,Year,2080,Vint_2080,Final Electricity by Sector (TWh),119.45948583928512
"rcp85hotter_ssp5,date=2024-3-6T20:01:59+17:00",USA,MS,elecFinalBySecTWh,Year,2085,Vint_2085,Final Electricity by Sector (TWh),124.4110680997496
"rcp85hotter_ssp5,date=2024-3-6T20:01:59+17:00",USA,MS,elecFinalBySecTWh,Year,2090,Vint_2090,Final Electricity by Sector (TWh),134.29357593280412
"rcp85hotter_ssp5,date=2024-3-6T20:01:59+17:00",USA,MS,elecFinalBySecTWh,Year,2095,Vint_2095,Final Electricity by Sector (TWh),141.57893758927364
"rcp85hotter_ssp5,date=2024-3-6T20:01:59+17:00",USA,MS,elecFinalBySecTWh,Year,2100,Vint_2100,Final Electricity by Sector (TWh),147.96207137542896
"rcp85hotter_ssp5,date=2024-3-6T20:01:59+17:00",USA,MT,elecFinalBySecTWh,Year,1975,Vint_1975,Final Electricity by Sector (TWh),5.5398746666667105
"rcp85hotter_ssp5,date=2024-3-6T20:01:59+17:00",USA,MT,elecFinalBySecTWh,Year,1990,Vint_1990,Final Electricity by Sector (TWh),14.46082633869456
"rcp85hotter_ssp5,date=2024-3-6T20:01:59+17:00",USA,MT,elecFinalBySecTWh,Year,2005,Vint_2005,Final Electricity by Sector (TWh),14.801720369805674
"rcp85hotter_ssp5,date=2024-3-6T20:01:59+17:00",USA,MT,elecFinalBySecTWh,Year,2010,Vint_2010,Final Electricity by Sector (TWh),15.067020102055675
"rcp85hotter_ssp5,date=2024-3-6T20:01:59+17:00",USA,MT,elecFinalBySecTWh,Year,2015,Vint_2015,Final Electricity by Sector (TWh),15.322953549055677
"rcp85hotter_ssp5,date=2024-3-6T20:01:59+17:00",USA,MT,elecFinalBySecTWh,Year,2020,Vint_2020,Final Electricity by Sector (TWh),15.225579405566789
"rcp85hotter_ssp5,date=2024-3-6T20:01:59+17:00",USA,MT,elecFinalBySecTWh,Year,2025,Vint_2025,Final Electricity by Sector (TWh),16.105760561277904
"rcp85hotter_ssp5,date=2024-3-6T20:01:59+17:00",USA,MT,elecFinalBySecTWh,Year,2030,Vint_2030,Final Electricity by Sector (TWh),17.781005662383475
"rcp85hotter_ssp5,date=2024-3-6T20:01:59+17:00",USA,MT,elecFinalBySecTWh,Year,2035,Vint_2035,Final Electricity by Sector (TWh),19.319330733881543
"rcp85hotter_ssp5,date=2024-3-6T20:01:59+17:00",USA,MT,elecFinalBySecTWh,Year,2040,Vint_2040,Final Electricity by Sector (TWh),20.993707453412664
"rcp85hotter_ssp5,date=2024-3-6T20:01:59+17:00",USA,MT,elecFinalBySecTWh,Year,2045,Vint_2045,Final Electricity by Sector (TWh),22.94907176791185
"rcp85hotter_ssp5,date=2024-3-6T20:01:59+17:00",USA,MT,elecFinalBySecTWh,Year,2050,Vint_2050,Final Electricity by Sector (TWh),24.83032228352492
"rcp85hotter_ssp5,date=2024-3-6T20:01:59+17:00",USA,MT,elecFinalBySecTWh,Year,2055,Vint_2055,Final Electricity by Sector (TWh),26.637333603541876
"rcp85hotter_ssp5,date=2024-3-6T20:01:59+17:00",USA,MT,elecFinalBySecTWh,Year,2060,Vint_2060,Final Electricity by Sector (TWh),28.267538083973005
"rcp85hotter_ssp5,date=2024-3-6T20:01:59+17:00",USA,MT,elecFinalBySecTWh,Year,2065,Vint_2065,Final Electricity by Sector (TWh),30.889725966882743
"rcp85hotter_ssp5,date=2024-3-6T20:01:59+17:00",USA,MT,elecFinalBySecTWh,Year,2070,Vint_2070,Final Electricity by Sector (TWh),32.475406303333315
"rcp85hotter_ssp5,date=2024-3-6T20:01:59+17:00",USA,MT,elecFinalBySecTWh,Year,2075,Vint_2075,Final Electricity by Sector (TWh),34.51342544443055
"rcp85hotter_ssp5,date=2024-3-6T20:01:59+17:00",USA,MT,elecFinalBySecTWh,Year,2080,Vint_2080,Final Electricity by Sector (TWh),37.41757122804169
"rcp85hotter_ssp5,date=2024-3-6T20:01:59+17:00",USA,MT,elecFinalBySecTWh,Year,2085,Vint_2085,Final Electricity by Sector (TWh),40.32309689459143
"rcp85hotter_ssp5,date=2024-3-6T20:01:59+17:00",USA,MT,elecFinalBySecTWh,Year,2090,Vint_2090,Final Electricity by Sector (TWh),42.4102310360195
"rcp85hotter_ssp5,date=2024-3-6T20:01:59+17:00",USA,MT,elecFinalBySecTWh,Year,2095,Vint_2095,Final Electricity by Sector (TWh),43.96139886446091
"rcp85hotter_ssp5,date=2024-3-6T20:01:59+17:00",USA,MT,elecFinalBySecTWh,Year,2100,Vint_2100,Final Electricity by Sector (TWh),45.876052312747035
"rcp85hotter_ssp5,date=2024-3-6T20:01:59+17:00",USA,NC,elecFinalBySecTWh,Year,1975,Vint_1975,Final Electricity by Sector (TWh),22.843770000000184
"rcp85hotter_ssp5,date=2024-3-6T20:01:59+17:00",USA,NC,elecFinalBySecTWh,Year,1990,Vint_1990,Final Electricity by Sector (TWh),99.59032880166745
"rcp85hotter_ssp5,date=2024-3-6T20:01:59+17:00",USA,NC,elecFinalBySecTWh,Year,2005,Vint_2005,Final Electricity by Sector (TWh),142.46760783389
"rcp85hotter_ssp5,date=2024-3-6T20:01:59+17:00",USA,NC,elecFinalBySecTWh,Year,2010,Vint_2010,Final Electricity by Sector (TWh),150.36553594777897
"rcp85hotter_ssp5,date=2024-3-6T20:01:59+17:00",USA,NC,elecFinalBySecTWh,Year,2015,Vint_2015,Final Electricity by Sector (TWh),145.7313563790845
"rcp85hotter_ssp5,date=2024-3-6T20:01:59+17:00",USA,NC,elecFinalBySecTWh,Year,2020,Vint_2020,Final Electricity by Sector (TWh),156.2346583251679
"rcp85hotter_ssp5,date=2024-3-6T20:01:59+17:00",USA,NC,elecFinalBySecTWh,Year,2025,Vint_2025,Final Electricity by Sector (TWh),162.99749720358187
"rcp85hotter_ssp5,date=2024-3-6T20:01:59+17:00",USA,NC,elecFinalBySecTWh,Year,2030,Vint_2030,Final Electricity by Sector (TWh),176.21723167342918
"rcp85hotter_ssp5,date=2024-3-6T20:01:59+17:00",USA,NC,elecFinalBySecTWh,Year,2035,Vint_2035,Final Electricity by Sector (TWh),186.80186026023455
"rcp85hotter_ssp5,date=2024-3-6T20:01:59+17:00",USA,NC,elecFinalBySecTWh,Year,2040,Vint_2040,Final Electricity by Sector (TWh),202.5857032593766
"rcp85hotter_ssp5,date=2024-3-6T20:01:59+17:00",USA,NC,elecFinalBySecTWh,Year,2045,Vint_2045,Final Electricity by Sector (TWh),217.0154484695145
"rcp85hotter_ssp5,date=2024-3-6T20:01:59+17:00",USA,NC,elecFinalBySecTWh,Year,2050,Vint_2050,Final Electricity by Sector (TWh),235.63661955339106
"rcp85hotter_ssp5,date=2024-3-6T20:01:59+17:00",USA,NC,elecFinalBySecTWh,Year,2055,Vint_2055,Final Electricity by Sector (TWh),251.04686450896477
"rcp85hotter_ssp5,date=2024-3-6T20:01:59+17:00",USA,NC,elecFinalBySecTWh,Year,2060,Vint_2060,Final Electricity by Sector (TWh),273.3248939480847
"rcp85hotter_ssp5,date=2024-3-6T20:01:59+17:00",USA,NC,elecFinalBySecTWh,Year,2065,Vint_2065,Final Electricity by Sector (TWh),290.2863172460015
"rcp85hotter_ssp5,date=2024-3-6T20:01:59+17:00",USA,NC,elecFinalBySecTWh,Year,2070,Vint_2070,Final Electricity by Sector (TWh),311.20223893229803
"rcp85hotter_ssp5,date=2024-3-6T20:01:59+17:00",USA,NC,elecFinalBySecTWh,Year,2075,Vint_2075,Final Electricity by Sector (TWh),326.5969132304901
"rcp85hotter_ssp5,date=2024-3-6T20:01:59+17:00",USA,NC,elecFinalBySecTWh,Year,2080,Vint_2080,Final Electricity by Sector (TWh),353.2444210279192
"rcp85hotter_ssp5,date=2024-3-6T20:01:59+17:00",USA,NC,elecFinalBySecTWh,Year,2085,Vint_2085,Final Electricity by Sector (TWh),371.32989483171355
"rcp85hotter_ssp5,date=2024-3-6T20:01:59+17:00",USA,NC,elecFinalBySecTWh,Year,2090,Vint_2090,Final Electricity by Sector (TWh),397.85847373812345
"rcp85hotter_ssp5,date=2024-3-6T20:01:59+17:00",USA,NC,elecFinalBySecTWh,Year,2095,Vint_2095,Final Electricity by Sector (TWh),421.5908363653514
"rcp85hotter_ssp5,date=2024-3-6T20:01:59+17:00",USA,NC,elecFinalBySecTWh,Year,2100,Vint_2100,Final Electricity by Sector (TWh),447.4867317802097
"rcp85hotter_ssp5,date=2024-3-6T20:01:59+17:00",USA,ND,elecFinalBySecTWh,Year,1975,Vint_1975,Final Electricity by Sector (TWh),1.074122480555564
"rcp85hotter_ssp5,date=2024-3-6T20:01:59+17:00",USA,ND,elecFinalBySecTWh,Year,1990,Vint_1990,Final Electricity by Sector (TWh),7.753744742555618
"rcp85hotter_ssp5,date=2024-3-6T20:01:59+17:00",USA,ND,elecFinalBySecTWh,Year,2005,Vint_2005,Final Electricity by Sector (TWh),11.960074119000094
"rcp85hotter_ssp5,date=2024-3-6T20:01:59+17:00",USA,ND,elecFinalBySecTWh,Year,2010,Vint_2010,Final Electricity by Sector (TWh),14.181094985555669
"rcp85hotter_ssp5,date=2024-3-6T20:01:59+17:00",USA,ND,elecFinalBySecTWh,Year,2015,Vint_2015,Final Electricity by Sector (TWh),19.424408859722377
"rcp85hotter_ssp5,date=2024-3-6T20:01:59+17:00",USA,ND,elecFinalBySecTWh,Year,2020,Vint_2020,Final Electricity by Sector (TWh),19.526213240158487
"rcp85hotter_ssp5,date=2024-3-6T20:01:59+17:00",USA,ND,elecFinalBySecTWh,Year,2025,Vint_2025,Final Electricity by Sector (TWh),21.1460232548335
"rcp85hotter_ssp5,date=2024-3-6T20:01:59+17:00",USA,ND,elecFinalBySecTWh,Year,2030,Vint_2030,Final Electricity by Sector (TWh),22.467104773027955
"rcp85hotter_ssp5,date=2024-3-6T20:01:59+17:00",USA,ND,elecFinalBySecTWh,Year,2035,Vint_2035,Final Electricity by Sector (TWh),23.66374971852602
"rcp85hotter_ssp5,date=2024-3-6T20:01:59+17:00",USA,ND,elecFinalBySecTWh,Year,2040,Vint_2040,Final Electricity by Sector (TWh),25.719451709351873
"rcp85hotter_ssp5,date=2024-3-6T20:01:59+17:00",USA,ND,elecFinalBySecTWh,Year,2045,Vint_2045,Final Electricity by Sector (TWh),26.27134479673215
"rcp85hotter_ssp5,date=2024-3-6T20:01:59+17:00",USA,ND,elecFinalBySecTWh,Year,2050,Vint_2050,Final Electricity by Sector (TWh),28.065962976392722
"rcp85hotter_ssp5,date=2024-3-6T20:01:59+17:00",USA,ND,elecFinalBySecTWh,Year,2055,Vint_2055,Final Electricity by Sector (TWh),30.673227824932745
"rcp85hotter_ssp5,date=2024-3-6T20:01:59+17:00",USA,ND,elecFinalBySecTWh,Year,2060,Vint_2060,Final Electricity by Sector (TWh),33.19520239305638
"rcp85hotter_ssp5,date=2024-3-6T20:01:59+17:00",USA,ND,elecFinalBySecTWh,Year,2065,Vint_2065,Final Electricity by Sector (TWh),35.53481387625334
"rcp85hotter_ssp5,date=2024-3-6T20:01:59+17:00",USA,ND,elecFinalBySecTWh,Year,2070,Vint_2070,Final Electricity by Sector (TWh),36.71402140343946
"rcp85hotter_ssp5,date=2024-3-6T20:01:59+17:00",USA,ND,elecFinalBySecTWh,Year,2075,Vint_2075,Final Electricity by Sector (TWh),38.972817184931976
"rcp85hotter_ssp5,date=2024-3-6T20:01:59+17:00",USA,ND,elecFinalBySecTWh,Year,2080,Vint_2080,Final Electricity by Sector (TWh),41.345601473189774
"rcp85hotter_ssp5,date=2024-3-6T20:01:59+17:00",USA,ND,elecFinalBySecTWh,Year,2085,Vint_2085,Final Electricity by Sector (TWh),43.757187844428955
"rcp85hotter_ssp5,date=2024-3-6T20:01:59+17:00",USA,ND,elecFinalBySecTWh,Year,2090,Vint_2090,Final Electricity by Sector (TWh),45.78265033598231
"rcp85hotter_ssp5,date=2024-3-6T20:01:59+17:00",USA,ND,elecFinalBySecTWh,Year,2095,Vint_2095,Final Electricity by Sector (TWh),47.63563585221788
"rcp85hotter_ssp5,date=2024-3-6T20:01:59+17:00",USA,ND,elecFinalBySecTWh,Year,2100,Vint_2100,Final Electricity by Sector (TWh),49.54596867783373
"rcp85hotter_ssp5,date=2024-3-6T20:01:59+17:00",USA,NE,elecFinalBySecTWh,Year,1975,Vint_1975,Final Electricity by Sector (TWh),3.5364250833333615
"rcp85hotter_ssp5,date=2024-3-6T20:01:59+17:00",USA,NE,elecFinalBySecTWh,Year,1990,Vint_1990,Final Electricity by Sector (TWh),19.838278914166825
"rcp85hotter_ssp5,date=2024-3-6T20:01:59+17:00",USA,NE,elecFinalBySecTWh,Year,2005,Vint_2005,Final Electricity by Sector (TWh),29.792441970889126
"rcp85hotter_ssp5,date=2024-3-6T20:01:59+17:00",USA,NE,elecFinalBySecTWh,Year,2010,Vint_2010,Final Electricity by Sector (TWh),32.673498628111375
"rcp85hotter_ssp5,date=2024-3-6T20:01:59+17:00",USA,NE,elecFinalBySecTWh,Year,2015,Vint_2015,Final Electricity by Sector (TWh),31.772632360444696
"rcp85hotter_ssp5,date=2024-3-6T20:01:59+17:00",USA,NE,elecFinalBySecTWh,Year,2020,Vint_2020,Final Electricity by Sector (TWh),33.70042600688916
"rcp85hotter_ssp5,date=2024-3-6T20:01:59+17:00",USA,NE,elecFinalBySecTWh,Year,2025,Vint_2025,Final Electricity by Sector (TWh),34.08039299194471
"rcp85hotter_ssp5,date=2024-3-6T20:01:59+17:00",USA,NE,elecFinalBySecTWh,Year,2030,Vint_2030,Final Electricity by Sector (TWh),36.93705433354279
"rcp85hotter_ssp5,date=2024-3-6T20:01:59+17:00",USA,NE,elecFinalBySecTWh,Year,2035,Vint_2035,Final Electricity by Sector (TWh),37.97525372518336
"rcp85hotter_ssp5,date=2024-3-6T20:01:59+17:00",USA,NE,elecFinalBySecTWh,Year,2040,Vint_2040,Final Electricity by Sector (TWh),42.80101954174034
"rcp85hotter_ssp5,date=2024-3-6T20:01:59+17:00",USA,NE,elecFinalBySecTWh,Year,2045,Vint_2045,Final Electricity by Sector (TWh),43.574184789478956
"rcp85hotter_ssp5,date=2024-3-6T20:01:59+17:00",USA,NE,elecFinalBySecTWh,Year,2050,Vint_2050,Final Electricity by Sector (TWh),47.37500342592649
"rcp85hotter_ssp5,date=2024-3-6T20:01:59+17:00",USA,NE,elecFinalBySecTWh,Year,2055,Vint_2055,Final Electricity by Sector (TWh),50.956436009035684
"rcp85hotter_ssp5,date=2024-3-6T20:01:59+17:00",USA,NE,elecFinalBySecTWh,Year,2060,Vint_2060,Final Electricity by Sector (TWh),52.92553417618487
"rcp85hotter_ssp5,date=2024-3-6T20:01:59+17:00",USA,NE,elecFinalBySecTWh,Year,2065,Vint_2065,Final Electricity by Sector (TWh),57.03028210751934
"rcp85hotter_ssp5,date=2024-3-6T20:01:59+17:00",USA,NE,elecFinalBySecTWh,Year,2070,Vint_2070,Final Electricity by Sector (TWh),61.75303725483188
"rcp85hotter_ssp5,date=2024-3-6T20:01:59+17:00",USA,NE,elecFinalBySecTWh,Year,2075,Vint_2075,Final Electricity by Sector (TWh),64.65837955319691
"rcp85hotter_ssp5,date=2024-3-6T20:01:59+17:00",USA,NE,elecFinalBySecTWh,Year,2080,Vint_2080,Final Electricity by Sector (TWh),69.77868021296028
"rcp85hotter_ssp5,date=2024-3-6T20:01:59+17:00",USA,NE,elecFinalBySecTWh,Year,2085,Vint_2085,Final Electricity by Sector (TWh),74.28531983407143
"rcp85hotter_ssp5,date=2024-3-6T20:01:59+17:00",USA,NE,elecFinalBySecTWh,Year,2090,Vint_2090,Final Electricity by Sector (TWh),77.7469641880484
"rcp85hotter_ssp5,date=2024-3-6T20:01:59+17:00",USA,NE,elecFinalBySecTWh,Year,2095,Vint_2095,Final Electricity by Sector (TWh),83.07954680086732
"rcp85hotter_ssp5,date=2024-3-6T20:01:59+17:00",USA,NE,elecFinalBySecTWh,Year,2100,Vint_2100,Final Electricity by Sector (TWh),85.2320358861068
"rcp85hotter_ssp5,date=2024-3-6T20:01:59+17:00",USA,NH,elecFinalBySecTWh,Year,1975,Vint_1975,Final Electricity by Sector (TWh),1.9838732194444602
"rcp85hotter_ssp5,date=2024-3-6T20:01:59+17:00",USA,NH,elecFinalBySecTWh,Year,1990,Vint_1990,Final Electricity by Sector (TWh),9.9058766869723
"rcp85hotter_ssp5,date=2024-3-6T20:01:59+17:00",USA,NH,elecFinalBySecTWh,Year,2005,Vint_2005,Final Electricity by Sector (TWh),12.478268782111211
"rcp85hotter_ssp5,date=2024-3-6T20:01:59+17:00",USA,NH,elecFinalBySecTWh,Year,2010,Vint_2010,Final Electricity by Sector (TWh),11.989850478388984
"rcp85hotter_ssp5,date=2024-3-6T20:01:59+17:00",USA,NH,elecFinalBySecTWh,Year,2015,Vint_2015,Final Electricity by Sector (TWh),11.97928439605565
"rcp85hotter_ssp5,date=2024-3-6T20:01:59+17:00",USA,NH,elecFinalBySecTWh,Year,2020,Vint_2020,Final Electricity by Sector (TWh),12.39051092733621
"rcp85hotter_ssp5,date=2024-3-6T20:01:59+17:00",USA,NH,elecFinalBySecTWh,Year,2025,Vint_2025,Final Electricity by Sector (TWh),12.635287454888434
"rcp85hotter_ssp5,date=2024-3-6T20:01:59+17:00",USA,NH,elecFinalBySecTWh,Year,2030,Vint_2030,Final Electricity by Sector (TWh),13.34912382055205
"rcp85hotter_ssp5,date=2024-3-6T20:01:59+17:00",USA,NH,elecFinalBySecTWh,Year,2035,Vint_2035,Final Electricity by Sector (TWh),14.098928613454556
"rcp85hotter_ssp5,date=2024-3-6T20:01:59+17:00",USA,NH,elecFinalBySecTWh,Year,2040,Vint_2040,Final Electricity by Sector (TWh),15.005958431539009
"rcp85hotter_ssp5,date=2024-3-6T20:01:59+17:00",USA,NH,elecFinalBySecTWh,Year,2045,Vint_2045,Final Electricity by Sector (TWh),16.27988509355041
"rcp85hotter_ssp5,date=2024-3-6T20:01:59+17:00",USA,NH,elecFinalBySecTWh,Year,2050,Vint_2050,Final Electricity by Sector (TWh),17.267730416194027
"rcp85hotter_ssp5,date=2024-3-6T20:01:59+17:00",USA,NH,elecFinalBySecTWh,Year,2055,Vint_2055,Final Electricity by Sector (TWh),18.742502759158484
"rcp85hotter_ssp5,date=2024-3-6T20:01:59+17:00",USA,NH,elecFinalBySecTWh,Year,2060,Vint_2060,Final Electricity by Sector (TWh),20.058520871135716
"rcp85hotter_ssp5,date=2024-3-6T20:01:59+17:00",USA,NH,elecFinalBySecTWh,Year,2065,Vint_2065,Final Electricity by Sector (TWh),21.396836840270726
"rcp85hotter_ssp5,date=2024-3-6T20:01:59+17:00",USA,NH,elecFinalBySecTWh,Year,2070,Vint_2070,Final Electricity by Sector (TWh),22.70012406664657
"rcp85hotter_ssp5,date=2024-3-6T20:01:59+17:00",USA,NH,elecFinalBySecTWh,Year,2075,Vint_2075,Final Electricity by Sector (TWh),24.104865704883522
"rcp85hotter_ssp5,date=2024-3-6T20:01:59+17:00",USA,NH,elecFinalBySecTWh,Year,2080,Vint_2080,Final Electricity by Sector (TWh),25.295568810204923
"rcp85hotter_ssp5,date=2024-3-6T20:01:59+17:00",USA,NH,elecFinalBySecTWh,Year,2085,Vint_2085,Final Electricity by Sector (TWh),26.713428056331043
"rcp85hotter_ssp5,date=2024-3-6T20:01:59+17:00",USA,NH,elecFinalBySecTWh,Year,2090,Vint_2090,Final Electricity by Sector (TWh),27.610022979277996
"rcp85hotter_ssp5,date=2024-3-6T20:01:59+17:00",USA,NH,elecFinalBySecTWh,Year,2095,Vint_2095,Final Electricity by Sector (TWh),28.85661169032273
"rcp85hotter_ssp5,date=2024-3-6T20:01:59+17:00",USA,NH,elecFinalBySecTWh,Year,2100,Vint_2100,Final Electricity by Sector (TWh),29.95792174421274
"rcp85hotter_ssp5,date=2024-3-6T20:01:59+17:00",USA,NJ,elecFinalBySecTWh,Year,1975,Vint_1975,Final Electricity by Sector (TWh),15.922699635555682
"rcp85hotter_ssp5,date=2024-3-6T20:01:59+17:00",USA,NJ,elecFinalBySecTWh,Year,1990,Vint_1990,Final Electricity by Sector (TWh),69.76042423638945
"rcp85hotter_ssp5,date=2024-3-6T20:01:59+17:00",USA,NJ,elecFinalBySecTWh,Year,2005,Vint_2005,Final Electricity by Sector (TWh),91.53573162583406
"rcp85hotter_ssp5,date=2024-3-6T20:01:59+17:00",USA,NJ,elecFinalBySecTWh,Year,2010,Vint_2010,Final Electricity by Sector (TWh),87.7010368800007
"rcp85hotter_ssp5,date=2024-3-6T20:01:59+17:00",USA,NJ,elecFinalBySecTWh,Year,2015,Vint_2015,Final Electricity by Sector (TWh),83.15852511250067
"rcp85hotter_ssp5,date=2024-3-6T20:01:59+17:00",USA,NJ,elecFinalBySecTWh,Year,2020,Vint_2020,Final Electricity by Sector (TWh),88.47173631325904
"rcp85hotter_ssp5,date=2024-3-6T20:01:59+17:00",USA,NJ,elecFinalBySecTWh,Year,2025,Vint_2025,Final Electricity by Sector (TWh),85.70721483711179
"rcp85hotter_ssp5,date=2024-3-6T20:01:59+17:00",USA,NJ,elecFinalBySecTWh,Year,2030,Vint_2030,Final Electricity by Sector (TWh),86.08698889178402
"rcp85hotter_ssp5,date=2024-3-6T20:01:59+17:00",USA,NJ,elecFinalBySecTWh,Year,2035,Vint_2035,Final Electricity by Sector (TWh),89.66938476731738
"rcp85hotter_ssp5,date=2024-3-6T20:01:59+17:00",USA,NJ,elecFinalBySecTWh,Year,2040,Vint_2040,Final Electricity by Sector (TWh),88.09582603867071
"rcp85hotter_ssp5,date=2024-3-6T20:01:59+17:00",USA,NJ,elecFinalBySecTWh,Year,2045,Vint_2045,Final Electricity by Sector (TWh),89.71705046463877
"rcp85hotter_ssp5,date=2024-3-6T20:01:59+17:00",USA,NJ,elecFinalBySecTWh,Year,2050,Vint_2050,Final Electricity by Sector (TWh),92.03475201859267
"rcp85hotter_ssp5,date=2024-3-6T20:01:59+17:00",USA,NJ,elecFinalBySecTWh,Year,2055,Vint_2055,Final Electricity by Sector (TWh),97.01328812156717
"rcp85hotter_ssp5,date=2024-3-6T20:01:59+17:00",USA,NJ,elecFinalBySecTWh,Year,2060,Vint_2060,Final Electricity by Sector (TWh),100.07947508116052
"rcp85hotter_ssp5,date=2024-3-6T20:01:59+17:00",USA,NJ,elecFinalBySecTWh,Year,2065,Vint_2065,Final Electricity by Sector (TWh),104.83181291394916
"rcp85hotter_ssp5,date=2024-3-6T20:01:59+17:00",USA,NJ,elecFinalBySecTWh,Year,2070,Vint_2070,Final Electricity by Sector (TWh),106.84142903103307
"rcp85hotter_ssp5,date=2024-3-6T20:01:59+17:00",USA,NJ,elecFinalBySecTWh,Year,2075,Vint_2075,Final Electricity by Sector (TWh),111.45514168612478
"rcp85hotter_ssp5,date=2024-3-6T20:01:59+17:00",USA,NJ,elecFinalBySecTWh,Year,2080,Vint_2080,Final Electricity by Sector (TWh),113.09878536922979
"rcp85hotter_ssp5,date=2024-3-6T20:01:59+17:00",USA,NJ,elecFinalBySecTWh,Year,2085,Vint_2085,Final Electricity by Sector (TWh),119.70848668968428
"rcp85hotter_ssp5,date=2024-3-6T20:01:59+17:00",USA,NJ,elecFinalBySecTWh,Year,2090,Vint_2090,Final Electricity by Sector (TWh),124.78715291121988
"rcp85hotter_ssp5,date=2024-3-6T20:01:59+17:00",USA,NJ,elecFinalBySecTWh,Year,2095,Vint_2095,Final Electricity by Sector (TWh),131.07918661172633
"rcp85hotter_ssp5,date=2024-3-6T20:01:59+17:00",USA,NJ,elecFinalBySecTWh,Year,2100,Vint_2100,Final Electricity by Sector (TWh),136.27666956101388
"rcp85hotter_ssp5,date=2024-3-6T20:01:59+17:00",USA,NM,elecFinalBySecTWh,Year,1975,Vint_1975,Final Electricity by Sector (TWh),2.167807166666684
"rcp85hotter_ssp5,date=2024-3-6T20:01:59+17:00",USA,NM,elecFinalBySecTWh,Year,1990,Vint_1990,Final Electricity by Sector (TWh),15.345844405500122
"rcp85hotter_ssp5,date=2024-3-6T20:01:59+17:00",USA,NM,elecFinalBySecTWh,Year,2005,Vint_2005,Final Electricity by Sector (TWh),22.838545698305737
"rcp85hotter_ssp5,date=2024-3-6T20:01:59+17:00",USA,NM,elecFinalBySecTWh,Year,2010,Vint_2010,Final Electricity by Sector (TWh),24.61399546911131
"rcp85hotter_ssp5,date=2024-3-6T20:01:59+17:00",USA,NM,elecFinalBySecTWh,Year,2015,Vint_2015,Final Electricity by Sector (TWh),24.91962199922242
"rcp85hotter_ssp5,date=2024-3-6T20:01:59+17:00",USA,NM,elecFinalBySecTWh,Year,2020,Vint_2020,Final Electricity by Sector (TWh),25.254209315208538
"rcp85hotter_ssp5,date=2024-3-6T20:01:59+17:00",USA,NM,elecFinalBySecTWh,Year,2025,Vint_2025,Final Electricity by Sector (TWh),27.27749636599466
"rcp85hotter_ssp5,date=2024-3-6T20:01:59+17:00",USA,NM,elecFinalBySecTWh,Year,2030,Vint_2030,Final Electricity by Sector (TWh),29.887342104097737
"rcp85hotter_ssp5,date=2024-3-6T20:01:59+17:00",USA,NM,elecFinalBySecTWh,Year,2035,Vint_2035,Final Electricity by Sector (TWh),32.31504044997387
"rcp85hotter_ssp5,date=2024-3-6T20:01:59+17:00",USA,NM,elecFinalBySecTWh,Year,2040,Vint_2040,Final Electricity by Sector (TWh),35.59667254921334
"rcp85hotter_ssp5,date=2024-3-6T20:01:59+17:00",USA,NM,elecFinalBySecTWh,Year,2045,Vint_2045,Final Electricity by Sector (TWh),39.01749358901503
"rcp85hotter_ssp5,date=2024-3-6T20:01:59+17:00",USA,NM,elecFinalBySecTWh,Year,2050,Vint_2050,Final Electricity by Sector (TWh),42.784176196860614
"rcp85hotter_ssp5,date=2024-3-6T20:01:59+17:00",USA,NM,elecFinalBySecTWh,Year,2055,Vint_2055,Final Electricity by Sector (TWh),46.703456464252035
"rcp85hotter_ssp5,date=2024-3-6T20:01:59+17:00",USA,NM,elecFinalBySecTWh,Year,2060,Vint_2060,Final Electricity by Sector (TWh),50.80479061583957
"rcp85hotter_ssp5,date=2024-3-6T20:01:59+17:00",USA,NM,elecFinalBySecTWh,Year,2065,Vint_2065,Final Electricity by Sector (TWh),54.95195541218738
"rcp85hotter_ssp5,date=2024-3-6T20:01:59+17:00",USA,NM,elecFinalBySecTWh,Year,2070,Vint_2070,Final Electricity by Sector (TWh),58.850913979811295
"rcp85hotter_ssp5,date=2024-3-6T20:01:59+17:00",USA,NM,elecFinalBySecTWh,Year,2075,Vint_2075,Final Electricity by Sector (TWh),62.448820132369384
"rcp85hotter_ssp5,date=2024-3-6T20:01:59+17:00",USA,NM,elecFinalBySecTWh,Year,2080,Vint_2080,Final Electricity by Sector (TWh),66.99371618813664
"rcp85hotter_ssp5,date=2024-3-6T20:01:59+17:00",USA,NM,elecFinalBySecTWh,Year,2085,Vint_2085,Final Electricity by Sector (TWh),70.5244610192625
"rcp85hotter_ssp5,date=2024-3-6T20:01:59+17:00",USA,NM,elecFinalBySecTWh,Year,2090,Vint_2090,Final Electricity by Sector (TWh),74.29192721253031
"rcp85hotter_ssp5,date=2024-3-6T20:01:59+17:00",USA,NM,elecFinalBySecTWh,Year,2095,Vint_2095,Final Electricity by Sector (TWh),77.24647354201616
"rcp85hotter_ssp5,date=2024-3-6T20:01:59+17:00",USA,NM,elecFinalBySecTWh,Year,2100,Vint_2100,Final Electricity by Sector (TWh),80.20421138754314
"rcp85hotter_ssp5,date=2024-3-6T20:01:59+17:00",USA,NV,elecFinalBySecTWh,Year,1975,Vint_1975,Final Electricity by Sector (TWh),2.317079166666685
"rcp85hotter_ssp5,date=2024-3-6T20:01:59+17:00",USA,NV,elecFinalBySecTWh,Year,1990,Vint_1990,Final Electricity by Sector (TWh),18.261676872011257
"rcp85hotter_ssp5,date=2024-3-6T20:01:59+17:00",USA,NV,elecFinalBySecTWh,Year,2005,Vint_2005,Final Electricity by Sector (TWh),35.853050886305844
"rcp85hotter_ssp5,date=2024-3-6T20:01:59+17:00",USA,NV,elecFinalBySecTWh,Year,2010,Vint_2010,Final Electricity by Sector (TWh),36.94962162343363
"rcp85hotter_ssp5,date=2024-3-6T20:01:59+17:00",USA,NV,elecFinalBySecTWh,Year,2015,Vint_2015,Final Electricity by Sector (TWh),38.70677026983365
"rcp85hotter_ssp5,date=2024-3-6T20:01:59+17:00",USA,NV,elecFinalBySecTWh,Year,2020,Vint_2020,Final Electricity by Sector (TWh),42.81630647190923
"rcp85hotter_ssp5,date=2024-3-6T20:01:59+17:00",USA,NV,elecFinalBySecTWh,Year,2025,Vint_2025,Final Electricity by Sector (TWh),46.10716564159315
"rcp85hotter_ssp5,date=2024-3-6T20:01:59+17:00",USA,NV,elecFinalBySecTWh,Year,2030,Vint_2030,Final Electricity by Sector (TWh),52.00359847038013
"rcp85hotter_ssp5,date=2024-3-6T20:01:59+17:00",USA,NV,elecFinalBySecTWh,Year,2035,Vint_2035,Final Electricity by Sector (TWh),56.50519582989934
"rcp85hotter_ssp5,date=2024-3-6T20:01:59+17:00",USA,NV,elecFinalBySecTWh,Year,2040,Vint_2040,Final Electricity by Sector (TWh),60.60803098797687
"rcp85hotter_ssp5,date=2024-3-6T20:01:59+17:00",USA,NV,elecFinalBySecTWh,Year,2045,Vint_2045,Final Electricity by Sector (TWh),66.23569843915581
"rcp85hotter_ssp5,date=2024-3-6T20:01:59+17:00",USA,NV,elecFinalBySecTWh,Year,2050,Vint_2050,Final Electricity by Sector (TWh),70.6548367489139
"rcp85hotter_ssp5,date=2024-3-6T20:01:59+17:00",USA,NV,elecFinalBySecTWh,Year,2055,Vint_2055,Final Electricity by Sector (TWh),75.33910412204754
"rcp85hotter_ssp5,date=2024-3-6T20:01:59+17:00",USA,NV,elecFinalBySecTWh,Year,2060,Vint_2060,Final Electricity by Sector (TWh),80.02914444833341
"rcp85hotter_ssp5,date=2024-3-6T20:01:59+17:00",USA,NV,elecFinalBySecTWh,Year,2065,Vint_2065,Final Electricity by Sector (TWh),85.72956020854875
"rcp85hotter_ssp5,date=2024-3-6T20:01:59+17:00",USA,NV,elecFinalBySecTWh,Year,2070,Vint_2070,Final Electricity by Sector (TWh),91.57013566182711
"rcp85hotter_ssp5,date=2024-3-6T20:01:59+17:00",USA,NV,elecFinalBySecTWh,Year,2075,Vint_2075,Final Electricity by Sector (TWh),96.99046349744938
"rcp85hotter_ssp5,date=2024-3-6T20:01:59+17:00",USA,NV,elecFinalBySecTWh,Year,2080,Vint_2080,Final Electricity by Sector (TWh),101.8751692883447
"rcp85hotter_ssp5,date=2024-3-6T20:01:59+17:00",USA,NV,elecFinalBySecTWh,Year,2085,Vint_2085,Final Electricity by Sector (TWh),109.24761808826365
"rcp85hotter_ssp5,date=2024-3-6T20:01:59+17:00",USA,NV,elecFinalBySecTWh,Year,2090,Vint_2090,Final Electricity by Sector (TWh),112.80031164337478
"rcp85hotter_ssp5,date=2024-3-6T20:01:59+17:00",USA,NV,elecFinalBySecTWh,Year,2095,Vint_2095,Final Electricity by Sector (TWh),117.36911291932287
"rcp85hotter_ssp5,date=2024-3-6T20:01:59+17:00",USA,NV,elecFinalBySecTWh,Year,2100,Vint_2100,Final Electricity by Sector (TWh),124.98288371753266
"rcp85hotter_ssp5,date=2024-3-6T20:01:59+17:00",USA,NY,elecFinalBySecTWh,Year,1975,Vint_1975,Final Electricity by Sector (TWh),32.764787305555814
"rcp85hotter_ssp5,date=2024-3-6T20:01:59+17:00",USA,NY,elecFinalBySecTWh,Year,1990,Vint_1990,Final Electricity by Sector (TWh),142.9607510127789
"rcp85hotter_ssp5,date=2024-3-6T20:01:59+17:00",USA,NY,elecFinalBySecTWh,Year,2005,Vint_2005,Final Electricity by Sector (TWh),167.20307029444578
"rcp85hotter_ssp5,date=2024-3-6T20:01:59+17:00",USA,NY,elecFinalBySecTWh,Year,2010,Vint_2010,Final Electricity by Sector (TWh),159.64746045666794
"rcp85hotter_ssp5,date=2024-3-6T20:01:59+17:00",USA,NY,elecFinalBySecTWh,Year,2015,Vint_2015,Final Electricity by Sector (TWh),163.69059625277907
"rcp85hotter_ssp5,date=2024-3-6T20:01:59+17:00",USA,NY,elecFinalBySecTWh,Year,2020,Vint_2020,Final Electricity by Sector (TWh),178.32754775952918
"rcp85hotter_ssp5,date=2024-3-6T20:01:59+17:00",USA,NY,elecFinalBySecTWh,Year,2025,Vint_2025,Final Electricity by Sector (TWh),178.2151777715153
"rcp85hotter_ssp5,date=2024-3-6T20:01:59+17:00",USA,NY,elecFinalBySecTWh,Year,2030,Vint_2030,Final Electricity by Sector (TWh),182.5300918210209
"rcp85hotter_ssp5,date=2024-3-6T20:01:59+17:00",USA,NY,elecFinalBySecTWh,Year,2035,Vint_2035,Final Electricity by Sector (TWh),186.0774866269626
"rcp85hotter_ssp5,date=2024-3-6T20:01:59+17:00",USA,NY,elecFinalBySecTWh,Year,2040,Vint_2040,Final Electricity by Sector (TWh),187.97028989338204
"rcp85hotter_ssp5,date=2024-3-6T20:01:59+17:00",USA,NY,elecFinalBySecTWh,Year,2045,Vint_2045,Final Electricity by Sector (TWh),197.55746307477685
"rcp85hotter_ssp5,date=2024-3-6T20:01:59+17:00",USA,NY,elecFinalBySecTWh,Year,2050,Vint_2050,Final Electricity by Sector (TWh),201.8997849406466
"rcp85hotter_ssp5,date=2024-3-6T20:01:59+17:00",USA,NY,elecFinalBySecTWh,Year,2055,Vint_2055,Final Electricity by Sector (TWh),213.0746805469081
"rcp85hotter_ssp5,date=2024-3-6T20:01:59+17:00",USA,NY,elecFinalBySecTWh,Year,2060,Vint_2060,Final Electricity by Sector (TWh),224.04509093243402
"rcp85hotter_ssp5,date=2024-3-6T20:01:59+17:00",USA,NY,elecFinalBySecTWh,Year,2065,Vint_2065,Final Electricity by Sector (TWh),234.9778125685477
"rcp85hotter_ssp5,date=2024-3-6T20:01:59+17:00",USA,NY,elecFinalBySecTWh,Year,2070,Vint_2070,Final Electricity by Sector (TWh),245.42022505074334
"rcp85hotter_ssp5,date=2024-3-6T20:01:59+17:00",USA,NY,elecFinalBySecTWh,Year,2075,Vint_2075,Final Electricity by Sector (TWh),257.79841766660957
"rcp85hotter_ssp5,date=2024-3-6T20:01:59+17:00",USA,NY,elecFinalBySecTWh,Year,2080,Vint_2080,Final Electricity by Sector (TWh),264.94014677139376
"rcp85hotter_ssp5,date=2024-3-6T20:01:59+17:00",USA,NY,elecFinalBySecTWh,Year,2085,Vint_2085,Final Electricity by Sector (TWh),281.9912301884245
"rcp85hotter_ssp5,date=2024-3-6T20:01:59+17:00",USA,NY,elecFinalBySecTWh,Year,2090,Vint_2090,Final Electricity by Sector (TWh),288.8673389867051
"rcp85hotter_ssp5,date=2024-3-6T20:01:59+17:00",USA,NY,elecFinalBySecTWh,Year,2095,Vint_2095,Final Electricity by Sector (TWh),298.91109677174626
"rcp85hotter_ssp5,date=2024-3-6T20:01:59+17:00",USA,NY,elecFinalBySecTWh,Year,2100,Vint_2100,Final Electricity by Sector (TWh),311.53659034324136
"rcp85hotter_ssp5,date=2024-3-6T20:01:59+17:00",USA,OH,elecFinalBySecTWh,Year,1975,Vint_1975,Final Electricity by Sector (TWh),60.32837558277826
"rcp85hotter_ssp5,date=2024-3-6T20:01:59+17:00",USA,OH,elecFinalBySecTWh,Year,1990,Vint_1990,Final Electricity by Sector (TWh),157.33755343750127
"rcp85hotter_ssp5,date=2024-3-6T20:01:59+17:00",USA,OH,elecFinalBySecTWh,Year,2005,Vint_2005,Final Electricity by Sector (TWh),176.12188783333474
"rcp85hotter_ssp5,date=2024-3-6T20:01:59+17:00",USA,OH,elecFinalBySecTWh,Year,2010,Vint_2010,Final Electricity by Sector (TWh),168.56669063250135
"rcp85hotter_ssp5,date=2024-3-6T20:01:59+17:00",USA,OH,elecFinalBySecTWh,Year,2015,Vint_2015,Final Electricity by Sector (TWh),160.7292242386124
"rcp85hotter_ssp5,date=2024-3-6T20:01:59+17:00",USA,OH,elecFinalBySecTWh,Year,2020,Vint_2020,Final Electricity by Sector (TWh),159.87149603452906
"rcp85hotter_ssp5,date=2024-3-6T20:01:59+17:00",USA,OH,elecFinalBySecTWh,Year,2025,Vint_2025,Final Electricity by Sector (TWh),162.22453084830127
"rcp85hotter_ssp5,date=2024-3-6T20:01:59+17:00",USA,OH,elecFinalBySecTWh,Year,2030,Vint_2030,Final Electricity by Sector (TWh),171.3335142227847
"rcp85hotter_ssp5,date=2024-3-6T20:01:59+17:00",USA,OH,elecFinalBySecTWh,Year,2035,Vint_2035,Final Electricity by Sector (TWh),177.04982361127642
"rcp85hotter_ssp5,date=2024-3-6T20:01:59+17:00",USA,OH,elecFinalBySecTWh,Year,2040,Vint_2040,Final Electricity by Sector (TWh),184.39224152746422
"rcp85hotter_ssp5,date=2024-3-6T20:01:59+17:00",USA,OH,elecFinalBySecTWh,Year,2045,Vint_2045,Final Electricity by Sector (TWh),195.5643467079349
"rcp85hotter_ssp5,date=2024-3-6T20:01:59+17:00",USA,OH,elecFinalBySecTWh,Year,2050,Vint_2050,Final Electricity by Sector (TWh),209.4351080907739
"rcp85hotter_ssp5,date=2024-3-6T20:01:59+17:00",USA,OH,elecFinalBySecTWh,Year,2055,Vint_2055,Final Electricity by Sector (TWh),224.38598110918096
"rcp85hotter_ssp5,date=2024-3-6T20:01:59+17:00",USA,OH,elecFinalBySecTWh,Year,2060,Vint_2060,Final Electricity by Sector (TWh),240.28367533275747
"rcp85hotter_ssp5,date=2024-3-6T20:01:59+17:00",USA,OH,elecFinalBySecTWh,Year,2065,Vint_2065,Final Electricity by Sector (TWh),257.1013993457754
"rcp85hotter_ssp5,date=2024-3-6T20:01:59+17:00",USA,OH,elecFinalBySecTWh,Year,2070,Vint_2070,Final Electricity by Sector (TWh),272.2290066374247
"rcp85hotter_ssp5,date=2024-3-6T20:01:59+17:00",USA,OH,elecFinalBySecTWh,Year,2075,Vint_2075,Final Electricity by Sector (TWh),283.5119090457859
"rcp85hotter_ssp5,date=2024-3-6T20:01:59+17:00",USA,OH,elecFinalBySecTWh,Year,2080,Vint_2080,Final Electricity by Sector (TWh),294.38852231997845
"rcp85hotter_ssp5,date=2024-3-6T20:01:59+17:00",USA,OH,elecFinalBySecTWh,Year,2085,Vint_2085,Final Electricity by Sector (TWh),314.70104804396584
"rcp85hotter_ssp5,date=2024-3-6T20:01:59+17:00",USA,OH,elecFinalBySecTWh,Year,2090,Vint_2090,Final Electricity by Sector (TWh),331.3318984387254
"rcp85hotter_ssp5,date=2024-3-6T20:01:59+17:00",USA,OH,elecFinalBySecTWh,Year,2095,Vint_2095,Final Electricity by Sector (TWh),350.26917073887887
"rcp85hotter_ssp5,date=2024-3-6T20:01:59+17:00",USA,OH,elecFinalBySecTWh,Year,2100,Vint_2100,Final Electricity by Sector (TWh),372.1033291085568
"rcp85hotter_ssp5,date=2024-3-6T20:01:59+17:00",USA,OK,elecFinalBySecTWh,Year,1975,Vint_1975,Final Electricity by Sector (TWh),7.856097555555618
"rcp85hotter_ssp5,date=2024-3-6T20:01:59+17:00",USA,OK,elecFinalBySecTWh,Year,1990,Vint_1990,Final Electricity by Sector (TWh),47.15806261550038
"rcp85hotter_ssp5,date=2024-3-6T20:01:59+17:00",USA,OK,elecFinalBySecTWh,Year,2005,Vint_2005,Final Electricity by Sector (TWh),59.526336838278255
"rcp85hotter_ssp5,date=2024-3-6T20:01:59+17:00",USA,OK,elecFinalBySecTWh,Year,2010,Vint_2010,Final Electricity by Sector (TWh),63.58695551486162
"rcp85hotter_ssp5,date=2024-3-6T20:01:59+17:00",USA,OK,elecFinalBySecTWh,Year,2015,Vint_2015,Final Electricity by Sector (TWh),66.38007301247275
"rcp85hotter_ssp5,date=2024-3-6T20:01:59+17:00",USA,OK,elecFinalBySecTWh,Year,2020,Vint_2020,Final Electricity by Sector (TWh),68.50121003181415
"rcp85hotter_ssp5,date=2024-3-6T20:01:59+17:00",USA,OK,elecFinalBySecTWh,Year,2025,Vint_2025,Final Electricity by Sector (TWh),71.04489067302556
"rcp85hotter_ssp5,date=2024-3-6T20:01:59+17:00",USA,OK,elecFinalBySecTWh,Year,2030,Vint_2030,Final Electricity by Sector (TWh),77.9707076062509
"rcp85hotter_ssp5,date=2024-3-6T20:01:59+17:00",USA,OK,elecFinalBySecTWh,Year,2035,Vint_2035,Final Electricity by Sector (TWh),83.458597543054
"rcp85hotter_ssp5,date=2024-3-6T20:01:59+17:00",USA,OK,elecFinalBySecTWh,Year,2040,Vint_2040,Final Electricity by Sector (TWh),92.92284647527491
"rcp85hotter_ssp5,date=2024-3-6T20:01:59+17:00",USA,OK,elecFinalBySecTWh,Year,2045,Vint_2045,Final Electricity by Sector (TWh),101.60607814350858
"rcp85hotter_ssp5,date=2024-3-6T20:01:59+17:00",USA,OK,elecFinalBySecTWh,Year,2050,Vint_2050,Final Electricity by Sector (TWh),109.8081468255206
"rcp85hotter_ssp5,date=2024-3-6T20:01:59+17:00",USA,OK,elecFinalBySecTWh,Year,2055,Vint_2055,Final Electricity by Sector (TWh),123.02446942212154
"rcp85hotter_ssp5,date=2024-3-6T20:01:59+17:00",USA,OK,elecFinalBySecTWh,Year,2060,Vint_2060,Final Electricity by Sector (TWh),134.88713114256163
"rcp85hotter_ssp5,date=2024-3-6T20:01:59+17:00",USA,OK,elecFinalBySecTWh,Year,2065,Vint_2065,Final Electricity by Sector (TWh),148.12075861953758
"rcp85hotter_ssp5,date=2024-3-6T20:01:59+17:00",USA,OK,elecFinalBySecTWh,Year,2070,Vint_2070,Final Electricity by Sector (TWh),162.73945184593464
"rcp85hotter_ssp5,date=2024-3-6T20:01:59+17:00",USA,OK,elecFinalBySecTWh,Year,2075,Vint_2075,Final Electricity by Sector (TWh),173.30682161499888
"rcp85hotter_ssp5,date=2024-3-6T20:01:59+17:00",USA,OK,elecFinalBySecTWh,Year,2080,Vint_2080,Final Electricity by Sector (TWh),193.51436202702098
"rcp85hotter_ssp5,date=2024-3-6T20:01:59+17:00",USA,OK,elecFinalBySecTWh,Year,2085,Vint_2085,Final Electricity by Sector (TWh),204.3789944623991
"rcp85hotter_ssp5,date=2024-3-6T20:01:59+17:00",USA,OK,elecFinalBySecTWh,Year,2090,Vint_2090,Final Electricity by Sector (TWh),213.57301068434282
"rcp85hotter_ssp5,date=2024-3-6T20:01:59+17:00",USA,OK,elecFinalBySecTWh,Year,2095,Vint_2095,Final Electricity by Sector (TWh),228.31088791573737
"rcp85hotter_ssp5,date=2024-3-6T20:01:59+17:00",USA,OK,elecFinalBySecTWh,Year,2100,Vint_2100,Final Electricity by Sector (TWh),239.26712978328467
"rcp85hotter_ssp5,date=2024-3-6T20:01:59+17:00",USA,OR,elecFinalBySecTWh,Year,1975,Vint_1975,Final Electricity by Sector (TWh),13.506274250000107
"rcp85hotter_ssp5,date=2024-3-6T20:01:59+17:00",USA,OR,elecFinalBySecTWh,Year,1990,Vint_1990,Final Electricity by Sector (TWh),47.556102598250376
"rcp85hotter_ssp5,date=2024-3-6T20:01:59+17:00",USA,OR,elecFinalBySecTWh,Year,2005,Vint_2005,Final Electricity by Sector (TWh),51.40030801561152
"rcp85hotter_ssp5,date=2024-3-6T20:01:59+17:00",USA,OR,elecFinalBySecTWh,Year,2010,Vint_2010,Final Electricity by Sector (TWh),50.575876041389286
"rcp85hotter_ssp5,date=2024-3-6T20:01:59+17:00",USA,OR,elecFinalBySecTWh,Year,2015,Vint_2015,Final Electricity by Sector (TWh),51.17548178694485
"rcp85hotter_ssp5,date=2024-3-6T20:01:59+17:00",USA,OR,elecFinalBySecTWh,Year,2020,Vint_2020,Final Electricity by Sector (TWh),57.3265977414449
"rcp85hotter_ssp5,date=2024-3-6T20:01:59+17:00",USA,OR,elecFinalBySecTWh,Year,2025,Vint_2025,Final Electricity by Sector (TWh),62.21787882836021
"rcp85hotter_ssp5,date=2024-3-6T20:01:59+17:00",USA,OR,elecFinalBySecTWh,Year,2030,Vint_2030,Final Electricity by Sector (TWh),67.07616317872831
"rcp85hotter_ssp5,date=2024-3-6T20:01:59+17:00",USA,OR,elecFinalBySecTWh,Year,2035,Vint_2035,Final Electricity by Sector (TWh),72.27730324427974
"rcp85hotter_ssp5,date=2024-3-6T20:01:59+17:00",USA,OR,elecFinalBySecTWh,Year,2040,Vint_2040,Final Electricity by Sector (TWh),77.2618903213309
"rcp85hotter_ssp5,date=2024-3-6T20:01:59+17:00",USA,OR,elecFinalBySecTWh,Year,2045,Vint_2045,Final Electricity by Sector (TWh),83.00746452808427
"rcp85hotter_ssp5,date=2024-3-6T20:01:59+17:00",USA,OR,elecFinalBySecTWh,Year,2050,Vint_2050,Final Electricity by Sector (TWh),88.67401765091265
"rcp85hotter_ssp5,date=2024-3-6T20:01:59+17:00",USA,OR,elecFinalBySecTWh,Year,2055,Vint_2055,Final Electricity by Sector (TWh),94.43741314909214
"rcp85hotter_ssp5,date=2024-3-6T20:01:59+17:00",USA,OR,elecFinalBySecTWh,Year,2060,Vint_2060,Final Electricity by Sector (TWh),100.16901247162745
"rcp85hotter_ssp5,date=2024-3-6T20:01:59+17:00",USA,OR,elecFinalBySecTWh,Year,2065,Vint_2065,Final Electricity by Sector (TWh),106.65653398525613
"rcp85hotter_ssp5,date=2024-3-6T20:01:59+17:00",USA,OR,elecFinalBySecTWh,Year,2070,Vint_2070,Final Electricity by Sector (TWh),113.73609483370285
"rcp85hotter_ssp5,date=2024-3-6T20:01:59+17:00",USA,OR,elecFinalBySecTWh,Year,2075,Vint_2075,Final Electricity by Sector (TWh),120.18264159219318
"rcp85hotter_ssp5,date=2024-3-6T20:01:59+17:00",USA,OR,elecFinalBySecTWh,Year,2080,Vint_2080,Final Electricity by Sector (TWh),126.92042033702768
"rcp85hotter_ssp5,date=2024-3-6T20:01:59+17:00",USA,OR,elecFinalBySecTWh,Year,2085,Vint_2085,Final Electricity by Sector (TWh),133.82708640530217
"rcp85hotter_ssp5,date=2024-3-6T20:01:59+17:00",USA,OR,elecFinalBySecTWh,Year,2090,Vint_2090,Final Electricity by Sector (TWh),140.96281597134723
"rcp85hotter_ssp5,date=2024-3-6T20:01:59+17:00",USA,OR,elecFinalBySecTWh,Year,2095,Vint_2095,Final Electricity by Sector (TWh),147.04770906934866
"rcp85hotter_ssp5,date=2024-3-6T20:01:59+17:00",USA,OR,elecFinalBySecTWh,Year,2100,Vint_2100,Final Electricity by Sector (TWh),153.0842639316187
"rcp85hotter_ssp5,date=2024-3-6T20:01:59+17:00",USA,PA,elecFinalBySecTWh,Year,1975,Vint_1975,Final Electricity by Sector (TWh),45.23609852500036
"rcp85hotter_ssp5,date=2024-3-6T20:01:59+17:00",USA,PA,elecFinalBySecTWh,Year,1990,Vint_1990,Final Electricity by Sector (TWh),127.17419934416768
"rcp85hotter_ssp5,date=2024-3-6T20:01:59+17:00",USA,PA,elecFinalBySecTWh,Year,2005,Vint_2005,Final Electricity by Sector (TWh),163.75284228277908
"rcp85hotter_ssp5,date=2024-3-6T20:01:59+17:00",USA,PA,elecFinalBySecTWh,Year,2010,Vint_2010,Final Electricity by Sector (TWh),163.28121915277907
"rcp85hotter_ssp5,date=2024-3-6T20:01:59+17:00",USA,PA,elecFinalBySecTWh,Year,2015,Vint_2015,Final Electricity by Sector (TWh),158.1325739094457
"rcp85hotter_ssp5,date=2024-3-6T20:01:59+17:00",USA,PA,elecFinalBySecTWh,Year,2020,Vint_2020,Final Electricity by Sector (TWh),161.96086449949516
"rcp85hotter_ssp5,date=2024-3-6T20:01:59+17:00",USA,PA,elecFinalBySecTWh,Year,2025,Vint_2025,Final Electricity by Sector (TWh),163.6051126929696
"rcp85hotter_ssp5,date=2024-3-6T20:01:59+17:00",USA,PA,elecFinalBySecTWh,Year,2030,Vint_2030,Final Electricity by Sector (TWh),171.79317331166249
"rcp85hotter_ssp5,date=2024-3-6T20:01:59+17:00",USA,PA,elecFinalBySecTWh,Year,2035,Vint_2035,Final Electricity by Sector (TWh),184.05004420807617
"rcp85hotter_ssp5,date=2024-3-6T20:01:59+17:00",USA,PA,elecFinalBySecTWh,Year,2040,Vint_2040,Final Electricity by Sector (TWh),187.29585843585426
"rcp85hotter_ssp5,date=2024-3-6T20:01:59+17:00",USA,PA,elecFinalBySecTWh,Year,2045,Vint_2045,Final Electricity by Sector (TWh),196.1312642979988
"rcp85hotter_ssp5,date=2024-3-6T20:01:59+17:00",USA,PA,elecFinalBySecTWh,Year,2050,Vint_2050,Final Electricity by Sector (TWh),204.38577887636967
"rcp85hotter_ssp5,date=2024-3-6T20:01:59+17:00",USA,PA,elecFinalBySecTWh,Year,2055,Vint_2055,Final Electricity by Sector (TWh),220.71168315195007
"rcp85hotter_ssp5,date=2024-3-6T20:01:59+17:00",USA,PA,elecFinalBySecTWh,Year,2060,Vint_2060,Final Electricity by Sector (TWh),235.73533654386856
"rcp85hotter_ssp5,date=2024-3-6T20:01:59+17:00",USA,PA,elecFinalBySecTWh,Year,2065,Vint_2065,Final Electricity by Sector (TWh),248.2739163694953
"rcp85hotter_ssp5,date=2024-3-6T20:01:59+17:00",USA,PA,elecFinalBySecTWh,Year,2070,Vint_2070,Final Electricity by Sector (TWh),256.06102703358954
"rcp85hotter_ssp5,date=2024-3-6T20:01:59+17:00",USA,PA,elecFinalBySecTWh,Year,2075,Vint_2075,Final Electricity by Sector (TWh),266.0454324862563
"rcp85hotter_ssp5,date=2024-3-6T20:01:59+17:00",USA,PA,elecFinalBySecTWh,Year,2080,Vint_2080,Final Electricity by Sector (TWh),273.0651549932405
"rcp85hotter_ssp5,date=2024-3-6T20:01:59+17:00",USA,PA,elecFinalBySecTWh,Year,2085,Vint_2085,Final Electricity by Sector (TWh),289.00238823914367
"rcp85hotter_ssp5,date=2024-3-6T20:01:59+17:00",USA,PA,elecFinalBySecTWh,Year,2090,Vint_2090,Final Electricity by Sector (TWh),303.5006242782074
"rcp85hotter_ssp5,date=2024-3-6T20:01:59+17:00",USA,PA,elecFinalBySecTWh,Year,2095,Vint_2095,Final Electricity by Sector (TWh),319.7858273119548
"rcp85hotter_ssp5,date=2024-3-6T20:01:59+17:00",USA,PA,elecFinalBySecTWh,Year,2100,Vint_2100,Final Electricity by Sector (TWh),335.35025243079156
"rcp85hotter_ssp5,date=2024-3-6T20:01:59+17:00",USA,RI,elecFinalBySecTWh,Year,1975,Vint_1975,Final Electricity by Sector (TWh),1.2864173083333437
"rcp85hotter_ssp5,date=2024-3-6T20:01:59+17:00",USA,RI,elecFinalBySecTWh,Year,1990,Vint_1990,Final Electricity by Sector (TWh),7.097968624111167
"rcp85hotter_ssp5,date=2024-3-6T20:01:59+17:00",USA,RI,elecFinalBySecTWh,Year,2005,Vint_2005,Final Electricity by Sector (TWh),8.955975121444515
"rcp85hotter_ssp5,date=2024-3-6T20:01:59+17:00",USA,RI,elecFinalBySecTWh,Year,2010,Vint_2010,Final Electricity by Sector (TWh),8.60590907922229
"rcp85hotter_ssp5,date=2024-3-6T20:01:59+17:00",USA,RI,elecFinalBySecTWh,Year,2015,Vint_2015,Final Electricity by Sector (TWh),8.405476043833401
"rcp85hotter_ssp5,date=2024-3-6T20:01:59+17:00",USA,RI,elecFinalBySecTWh,Year,2020,Vint_2020,Final Electricity by Sector (TWh),8.666975851616458
"rcp85hotter_ssp5,date=2024-3-6T20:01:59+17:00",USA,RI,elecFinalBySecTWh,Year,2025,Vint_2025,Final Electricity by Sector (TWh),8.624322223705624
"rcp85hotter_ssp5,date=2024-3-6T20:01:59+17:00",USA,RI,elecFinalBySecTWh,Year,2030,Vint_2030,Final Electricity by Sector (TWh),9.02719017098646
"rcp85hotter_ssp5,date=2024-3-6T20:01:59+17:00",USA,RI,elecFinalBySecTWh,Year,2035,Vint_2035,Final Electricity by Sector (TWh),9.472693193965908
"rcp85hotter_ssp5,date=2024-3-6T20:01:59+17:00",USA,RI,elecFinalBySecTWh,Year,2040,Vint_2040,Final Electricity by Sector (TWh),9.987825361408134
"rcp85hotter_ssp5,date=2024-3-6T20:01:59+17:00",USA,RI,elecFinalBySecTWh,Year,2045,Vint_2045,Final Electricity by Sector (TWh),10.805486068959253
"rcp85hotter_ssp5,date=2024-3-6T20:01:59+17:00",USA,RI,elecFinalBySecTWh,Year,2050,Vint_2050,Final Electricity by Sector (TWh),11.44193305620287
"rcp85hotter_ssp5,date=2024-3-6T20:01:59+17:00",USA,RI,elecFinalBySecTWh,Year,2055,Vint_2055,Final Electricity by Sector (TWh),12.271523858180654
"rcp85hotter_ssp5,date=2024-3-6T20:01:59+17:00",USA,RI,elecFinalBySecTWh,Year,2060,Vint_2060,Final Electricity by Sector (TWh),13.251840289788161
"rcp85hotter_ssp5,date=2024-3-6T20:01:59+17:00",USA,RI,elecFinalBySecTWh,Year,2065,Vint_2065,Final Electricity by Sector (TWh),14.436782860240394
"rcp85hotter_ssp5,date=2024-3-6T20:01:59+17:00",USA,RI,elecFinalBySecTWh,Year,2070,Vint_2070,Final Electricity by Sector (TWh),15.256411773633733
"rcp85hotter_ssp5,date=2024-3-6T20:01:59+17:00",USA,RI,elecFinalBySecTWh,Year,2075,Vint_2075,Final Electricity by Sector (TWh),16.35218071684985
"rcp85hotter_ssp5,date=2024-3-6T20:01:59+17:00",USA,RI,elecFinalBySecTWh,Year,2080,Vint_2080,Final Electricity by Sector (TWh),16.9824166685518
"rcp85hotter_ssp5,date=2024-3-6T20:01:59+17:00",USA,RI,elecFinalBySecTWh,Year,2085,Vint_2085,Final Electricity by Sector (TWh),18.130377896608753
"rcp85hotter_ssp5,date=2024-3-6T20:01:59+17:00",USA,RI,elecFinalBySecTWh,Year,2090,Vint_2090,Final Electricity by Sector (TWh),18.832724009842092
"rcp85hotter_ssp5,date=2024-3-6T20:01:59+17:00",USA,RI,elecFinalBySecTWh,Year,2095,Vint_2095,Final Electricity by Sector (TWh),19.517098739229045
"rcp85hotter_ssp5,date=2024-3-6T20:01:59+17:00",USA,RI,elecFinalBySecTWh,Year,2100,Vint_2100,Final Electricity by Sector (TWh),20.604357422696555
"rcp85hotter_ssp5,date=2024-3-6T20:01:59+17:00",USA,SC,elecFinalBySecTWh,Year,1975,Vint_1975,Final Electricity by Sector (TWh),14.054609944444556
"rcp85hotter_ssp5,date=2024-3-6T20:01:59+17:00",USA,SC,elecFinalBySecTWh,Year,1990,Vint_1990,Final Electricity by Sector (TWh),61.64541326372271
"rcp85hotter_ssp5,date=2024-3-6T20:01:59+17:00",USA,SC,elecFinalBySecTWh,Year,2005,Vint_2005,Final Electricity by Sector (TWh),89.31931034047294
"rcp85hotter_ssp5,date=2024-3-6T20:01:59+17:00",USA,SC,elecFinalBySecTWh,Year,2010,Vint_2010,Final Electricity by Sector (TWh),90.32731057919517
"rcp85hotter_ssp5,date=2024-3-6T20:01:59+17:00",USA,SC,elecFinalBySecTWh,Year,2015,Vint_2015,Final Electricity by Sector (TWh),87.45138159261181
"rcp85hotter_ssp5,date=2024-3-6T20:01:59+17:00",USA,SC,elecFinalBySecTWh,Year,2020,Vint_2020,Final Electricity by Sector (TWh),92.51635149200712
"rcp85hotter_ssp5,date=2024-3-6T20:01:59+17:00",USA,SC,elecFinalBySecTWh,Year,2025,Vint_2025,Final Electricity by Sector (TWh),96.93953406628549
"rcp85hotter_ssp5,date=2024-3-6T20:01:59+17:00",USA,SC,elecFinalBySecTWh,Year,2030,Vint_2030,Final Electricity by Sector (TWh),105.86066708302945
"rcp85hotter_ssp5,date=2024-3-6T20:01:59+17:00",USA,SC,elecFinalBySecTWh,Year,2035,Vint_2035,Final Electricity by Sector (TWh),113.26129081998674
"rcp85hotter_ssp5,date=2024-3-6T20:01:59+17:00",USA,SC,elecFinalBySecTWh,Year,2040,Vint_2040,Final Electricity by Sector (TWh),124.52265695116293
"rcp85hotter_ssp5,date=2024-3-6T20:01:59+17:00",USA,SC,elecFinalBySecTWh,Year,2045,Vint_2045,Final Electricity by Sector (TWh),133.92966777208912
"rcp85hotter_ssp5,date=2024-3-6T20:01:59+17:00",USA,SC,elecFinalBySecTWh,Year,2050,Vint_2050,Final Electricity by Sector (TWh),144.83433215363144
"rcp85hotter_ssp5,date=2024-3-6T20:01:59+17:00",USA,SC,elecFinalBySecTWh,Year,2055,Vint_2055,Final Electricity by Sector (TWh),156.4038566757185
"rcp85hotter_ssp5,date=2024-3-6T20:01:59+17:00",USA,SC,elecFinalBySecTWh,Year,2060,Vint_2060,Final Electricity by Sector (TWh),170.56661726643384
"rcp85hotter_ssp5,date=2024-3-6T20:01:59+17:00",USA,SC,elecFinalBySecTWh,Year,2065,Vint_2065,Final Electricity by Sector (TWh),182.389687165027
"rcp85hotter_ssp5,date=2024-3-6T20:01:59+17:00",USA,SC,elecFinalBySecTWh,Year,2070,Vint_2070,Final Electricity by Sector (TWh),196.42747007081266
"rcp85hotter_ssp5,date=2024-3-6T20:01:59+17:00",USA,SC,elecFinalBySecTWh,Year,2075,Vint_2075,Final Electricity by Sector (TWh),208.16535528631167
"rcp85hotter_ssp5,date=2024-3-6T20:01:59+17:00",USA,SC,elecFinalBySecTWh,Year,2080,Vint_2080,Final Electricity by Sector (TWh),226.3291949046218
"rcp85hotter_ssp5,date=2024-3-6T20:01:59+17:00",USA,SC,elecFinalBySecTWh,Year,2085,Vint_2085,Final Electricity by Sector (TWh),238.79137933849188
"rcp85hotter_ssp5,date=2024-3-6T20:01:59+17:00",USA,SC,elecFinalBySecTWh,Year,2090,Vint_2090,Final Electricity by Sector (TWh),254.66629534433397
"rcp85hotter_ssp5,date=2024-3-6T20:01:59+17:00",USA,SC,elecFinalBySecTWh,Year,2095,Vint_2095,Final Electricity by Sector (TWh),272.2193165441069
"rcp85hotter_ssp5,date=2024-3-6T20:01:59+17:00",USA,SC,elecFinalBySecTWh,Year,2100,Vint_2100,Final Electricity by Sector (TWh),289.62296571817006
"rcp85hotter_ssp5,date=2024-3-6T20:01:59+17:00",USA,SD,elecFinalBySecTWh,Year,1975,Vint_1975,Final Electricity by Sector (TWh),1.1237918361111199
"rcp85hotter_ssp5,date=2024-3-6T20:01:59+17:00",USA,SD,elecFinalBySecTWh,Year,1990,Vint_1990,Final Electricity by Sector (TWh),7.056325973027834
"rcp85hotter_ssp5,date=2024-3-6T20:01:59+17:00",USA,SD,elecFinalBySecTWh,Year,2005,Vint_2005,Final Electricity by Sector (TWh),10.975698821500087
"rcp85hotter_ssp5,date=2024-3-6T20:01:59+17:00",USA,SD,elecFinalBySecTWh,Year,2010,Vint_2010,Final Electricity by Sector (TWh),12.542851983055657
"rcp85hotter_ssp5,date=2024-3-6T20:01:59+17:00",USA,SD,elecFinalBySecTWh,Year,2015,Vint_2015,Final Electricity by Sector (TWh),13.213104835027885
"rcp85hotter_ssp5,date=2024-3-6T20:01:59+17:00",USA,SD,elecFinalBySecTWh,Year,2020,Vint_2020,Final Electricity by Sector (TWh),13.438132768366774
"rcp85hotter_ssp5,date=2024-3-6T20:01:59+17:00",USA,SD,elecFinalBySecTWh,Year,2025,Vint_2025,Final Electricity by Sector (TWh),13.668810840777885
"rcp85hotter_ssp5,date=2024-3-6T20:01:59+17:00",USA,SD,elecFinalBySecTWh,Year,2030,Vint_2030,Final Electricity by Sector (TWh),14.220927129011224
"rcp85hotter_ssp5,date=2024-3-6T20:01:59+17:00",USA,SD,elecFinalBySecTWh,Year,2035,Vint_2035,Final Electricity by Sector (TWh),14.60140327529984
"rcp85hotter_ssp5,date=2024-3-6T20:01:59+17:00",USA,SD,elecFinalBySecTWh,Year,2040,Vint_2040,Final Electricity by Sector (TWh),16.029287434546237
"rcp85hotter_ssp5,date=2024-3-6T20:01:59+17:00",USA,SD,elecFinalBySecTWh,Year,2045,Vint_2045,Final Electricity by Sector (TWh),16.647345137088188
"rcp85hotter_ssp5,date=2024-3-6T20:01:59+17:00",USA,SD,elecFinalBySecTWh,Year,2050,Vint_2050,Final Electricity by Sector (TWh),17.700498253355974
"rcp85hotter_ssp5,date=2024-3-6T20:01:59+17:00",USA,SD,elecFinalBySecTWh,Year,2055,Vint_2055,Final Electricity by Sector (TWh),18.97191905261154
"rcp85hotter_ssp5,date=2024-3-6T20:01:59+17:00",USA,SD,elecFinalBySecTWh,Year,2060,Vint_2060,Final Electricity by Sector (TWh),20.109594698959327
"rcp85hotter_ssp5,date=2024-3-6T20:01:59+17:00",USA,SD,elecFinalBySecTWh,Year,2065,Vint_2065,Final Electricity by Sector (TWh),21.561409636833783
"rcp85hotter_ssp5,date=2024-3-6T20:01:59+17:00",USA,SD,elecFinalBySecTWh,Year,2070,Vint_2070,Final Electricity by Sector (TWh),23.068012222182684
"rcp85hotter_ssp5,date=2024-3-6T20:01:59+17:00",USA,SD,elecFinalBySecTWh,Year,2075,Vint_2075,Final Electricity by Sector (TWh),24.294520567601857
"rcp85hotter_ssp5,date=2024-3-6T20:01:59+17:00",USA,SD,elecFinalBySecTWh,Year,2080,Vint_2080,Final Electricity by Sector (TWh),26.16270824454104
"rcp85hotter_ssp5,date=2024-3-6T20:01:59+17:00",USA,SD,elecFinalBySecTWh,Year,2085,Vint_2085,Final Electricity by Sector (TWh),27.823746671991334
"rcp85hotter_ssp5,date=2024-3-6T20:01:59+17:00",USA,SD,elecFinalBySecTWh,Year,2090,Vint_2090,Final Electricity by Sector (TWh),29.025903105476065
"rcp85hotter_ssp5,date=2024-3-6T20:01:59+17:00",USA,SD,elecFinalBySecTWh,Year,2095,Vint_2095,Final Electricity by Sector (TWh),30.52470789340441
"rcp85hotter_ssp5,date=2024-3-6T20:01:59+17:00",USA,SD,elecFinalBySecTWh,Year,2100,Vint_2100,Final Electricity by Sector (TWh),31.593768649058028
"rcp85hotter_ssp5,date=2024-3-6T20:01:59+17:00",USA,TN,elecFinalBySecTWh,Year,1975,Vint_1975,Final Electricity by Sector (TWh),41.17201222222255
"rcp85hotter_ssp5,date=2024-3-6T20:01:59+17:00",USA,TN,elecFinalBySecTWh,Year,1990,Vint_1990,Final Electricity by Sector (TWh),85.30185448373123
"rcp85hotter_ssp5,date=2024-3-6T20:01:59+17:00",USA,TN,elecFinalBySecTWh,Year,2005,Vint_2005,Final Electricity by Sector (TWh),114.66056332333703
"rcp85hotter_ssp5,date=2024-3-6T20:01:59+17:00",USA,TN,elecFinalBySecTWh,Year,2010,Vint_2010,Final Electricity by Sector (TWh),113.61518045701202
"rcp85hotter_ssp5,date=2024-3-6T20:01:59+17:00",USA,TN,elecFinalBySecTWh,Year,2015,Vint_2015,Final Electricity by Sector (TWh),108.31945851527864
"rcp85hotter_ssp5,date=2024-3-6T20:01:59+17:00",USA,TN,elecFinalBySecTWh,Year,2020,Vint_2020,Final Electricity by Sector (TWh),116.70723282424261
"rcp85hotter_ssp5,date=2024-3-6T20:01:59+17:00",USA,TN,elecFinalBySecTWh,Year,2025,Vint_2025,Final Electricity by Sector (TWh),122.18743147828708
"rcp85hotter_ssp5,date=2024-3-6T20:01:59+17:00",USA,TN,elecFinalBySecTWh,Year,2030,Vint_2030,Final Electricity by Sector (TWh),131.43476440616215
"rcp85hotter_ssp5,date=2024-3-6T20:01:59+17:00",USA,TN,elecFinalBySecTWh,Year,2035,Vint_2035,Final Electricity by Sector (TWh),137.61840230488443
"rcp85hotter_ssp5,date=2024-3-6T20:01:59+17:00",USA,TN,elecFinalBySecTWh,Year,2040,Vint_2040,Final Electricity by Sector (TWh),148.64921613783616
"rcp85hotter_ssp5,date=2024-3-6T20:01:59+17:00",USA,TN,elecFinalBySecTWh,Year,2045,Vint_2045,Final Electricity by Sector (TWh),156.3855630245468
"rcp85hotter_ssp5,date=2024-3-6T20:01:59+17:00",USA,TN,elecFinalBySecTWh,Year,2050,Vint_2050,Final Electricity by Sector (TWh),172.932599951655
"rcp85hotter_ssp5,date=2024-3-6T20:01:59+17:00",USA,TN,elecFinalBySecTWh,Year,2055,Vint_2055,Final Electricity by Sector (TWh),180.0778216986359
"rcp85hotter_ssp5,date=2024-3-6T20:01:59+17:00",USA,TN,elecFinalBySecTWh,Year,2060,Vint_2060,Final Electricity by Sector (TWh),196.7619284693838
"rcp85hotter_ssp5,date=2024-3-6T20:01:59+17:00",USA,TN,elecFinalBySecTWh,Year,2065,Vint_2065,Final Electricity by Sector (TWh),207.96946966209055
"rcp85hotter_ssp5,date=2024-3-6T20:01:59+17:00",USA,TN,elecFinalBySecTWh,Year,2070,Vint_2070,Final Electricity by Sector (TWh),218.81608328599867
"rcp85hotter_ssp5,date=2024-3-6T20:01:59+17:00",USA,TN,elecFinalBySecTWh,Year,2075,Vint_2075,Final Electricity by Sector (TWh),235.26874084458936
"rcp85hotter_ssp5,date=2024-3-6T20:01:59+17:00",USA,TN,elecFinalBySecTWh,Year,2080,Vint_2080,Final Electricity by Sector (TWh),256.74387078074705
"rcp85hotter_ssp5,date=2024-3-6T20:01:59+17:00",USA,TN,elecFinalBySecTWh,Year,2085,Vint_2085,Final Electricity by Sector (TWh),266.68669597301766
"rcp85hotter_ssp5,date=2024-3-6T20:01:59+17:00",USA,TN,elecFinalBySecTWh,Year,2090,Vint_2090,Final Electricity by Sector (TWh),291.3252026627701
"rcp85hotter_ssp5,date=2024-3-6T20:01:59+17:00",USA,TN,elecFinalBySecTWh,Year,2095,Vint_2095,Final Electricity by Sector (TWh),300.5919889693924
"rcp85hotter_ssp5,date=2024-3-6T20:01:59+17:00",USA,TN,elecFinalBySecTWh,Year,2100,Vint_2100,Final Electricity by Sector (TWh),317.15984407787835
"rcp85hotter_ssp5,date=2024-3-6T20:01:59+17:00",USA,TX,elecFinalBySecTWh,Year,1975,Vint_1975,Final Electricity by Sector (TWh),59.54505388888936
"rcp85hotter_ssp5,date=2024-3-6T20:01:59+17:00",USA,TX,elecFinalBySecTWh,Year,1990,Vint_1990,Final Electricity by Sector (TWh),263.64814160833544
"rcp85hotter_ssp5,date=2024-3-6T20:01:59+17:00",USA,TX,elecFinalBySecTWh,Year,2005,Vint_2005,Final Electricity by Sector (TWh),370.6680461266696
"rcp85hotter_ssp5,date=2024-3-6T20:01:59+17:00",USA,TX,elecFinalBySecTWh,Year,2010,Vint_2010,Final Electricity by Sector (TWh),394.03842331333647
"rcp85hotter_ssp5,date=2024-3-6T20:01:59+17:00",USA,TX,elecFinalBySecTWh,Year,2015,Vint_2015,Final Electricity by Sector (TWh),425.7018909952812
"rcp85hotter_ssp5,date=2024-3-6T20:01:59+17:00",USA,TX,elecFinalBySecTWh,Year,2020,Vint_2020,Final Electricity by Sector (TWh),451.92557319772584
"rcp85hotter_ssp5,date=2024-3-6T20:01:59+17:00",USA,TX,elecFinalBySecTWh,Year,2025,Vint_2025,Final Electricity by Sector (TWh),479.1228183316705
"rcp85hotter_ssp5,date=2024-3-6T20:01:59+17:00",USA,TX,elecFinalBySecTWh,Year,2030,Vint_2030,Final Electricity by Sector (TWh),517.8559226097764
"rcp85hotter_ssp5,date=2024-3-6T20:01:59+17:00",USA,TX,elecFinalBySecTWh,Year,2035,Vint_2035,Final Electricity by Sector (TWh),562.99748590981
"rcp85hotter_ssp5,date=2024-3-6T20:01:59+17:00",USA,TX,elecFinalBySecTWh,Year,2040,Vint_2040,Final Electricity by Sector (TWh),618.636382159541
"rcp85hotter_ssp5,date=2024-3-6T20:01:59+17:00",USA,TX,elecFinalBySecTWh,Year,2045,Vint_2045,Final Electricity by Sector (TWh),654.7649914790552
"rcp85hotter_ssp5,date=2024-3-6T20:01:59+17:00",USA,TX,elecFinalBySecTWh,Year,2050,Vint_2050,Final Electricity by Sector (TWh),714.8619520143621
"rcp85hotter_ssp5,date=2024-3-6T20:01:59+17:00",USA,TX,elecFinalBySecTWh,Year,2055,Vint_2055,Final Electricity by Sector (TWh),771.7322839383967
"rcp85hotter_ssp5,date=2024-3-6T20:01:59+17:00",USA,TX,elecFinalBySecTWh,Year,2060,Vint_2060,Final Electricity by Sector (TWh),849.4464698204748
"rcp85hotter_ssp5,date=2024-3-6T20:01:59+17:00",USA,TX,elecFinalBySecTWh,Year,2065,Vint_2065,Final Electricity by Sector (TWh),916.2302474464461
"rcp85hotter_ssp5,date=2024-3-6T20:01:59+17:00",USA,TX,elecFinalBySecTWh,Year,2070,Vint_2070,Final Electricity by Sector (TWh),987.1693342586857
"rcp85hotter_ssp5,date=2024-3-6T20:01:59+17:00",USA,TX,elecFinalBySecTWh,Year,2075,Vint_2075,Final Electricity by Sector (TWh),1068.166680560839
"rcp85hotter_ssp5,date=2024-3-6T20:01:59+17:00",USA,TX,elecFinalBySecTWh,Year,2080,Vint_2080,Final Electricity by Sector (TWh),1152.9546217166842
"rcp85hotter_ssp5,date=2024-3-6T20:01:59+17:00",USA,TX,elecFinalBySecTWh,Year,2085,Vint_2085,Final Electricity by Sector (TWh),1209.4151703193463
"rcp85hotter_ssp5,date=2024-3-6T20:01:59+17:00",USA,TX,elecFinalBySecTWh,Year,2090,Vint_2090,Final Electricity by Sector (TWh),1297.6995174433491
"rcp85hotter_ssp5,date=2024-3-6T20:01:59+17:00",USA,TX,elecFinalBySecTWh,Year,2095,Vint_2095,Final Electricity by Sector (TWh),1361.312584123257
"rcp85hotter_ssp5,date=2024-3-6T20:01:59+17:00",USA,TX,elecFinalBySecTWh,Year,2100,Vint_2100,Final Electricity by Sector (TWh),1444.8906210894413
"rcp85hotter_ssp5,date=2024-3-6T20:01:59+17:00",USA,UT,elecFinalBySecTWh,Year,1975,Vint_1975,Final Electricity by Sector (TWh),3.294455388888915
"rcp85hotter_ssp5,date=2024-3-6T20:01:59+17:00",USA,UT,elecFinalBySecTWh,Year,1990,Vint_1990,Final Electricity by Sector (TWh),17.13831301961125
"rcp85hotter_ssp5,date=2024-3-6T20:01:59+17:00",USA,UT,elecFinalBySecTWh,Year,2005,Vint_2005,Final Electricity by Sector (TWh),27.69058187241689
"rcp85hotter_ssp5,date=2024-3-6T20:01:59+17:00",USA,UT,elecFinalBySecTWh,Year,2010,Vint_2010,Final Electricity by Sector (TWh),30.771804435361354
"rcp85hotter_ssp5,date=2024-3-6T20:01:59+17:00",USA,UT,elecFinalBySecTWh,Year,2015,Vint_2015,Final Electricity by Sector (TWh),32.661936979528036
"rcp85hotter_ssp5,date=2024-3-6T20:01:59+17:00",USA,UT,elecFinalBySecTWh,Year,2020,Vint_2020,Final Electricity by Sector (TWh),37.81162805121974
"rcp85hotter_ssp5,date=2024-3-6T20:01:59+17:00",USA,UT,elecFinalBySecTWh,Year,2025,Vint_2025,Final Electricity by Sector (TWh),43.092110986950345
"rcp85hotter_ssp5,date=2024-3-6T20:01:59+17:00",USA,UT,elecFinalBySecTWh,Year,2030,Vint_2030,Final Electricity by Sector (TWh),48.64036017943927
"rcp85hotter_ssp5,date=2024-3-6T20:01:59+17:00",USA,UT,elecFinalBySecTWh,Year,2035,Vint_2035,Final Electricity by Sector (TWh),53.00606910640875
"rcp85hotter_ssp5,date=2024-3-6T20:01:59+17:00",USA,UT,elecFinalBySecTWh,Year,2040,Vint_2040,Final Electricity by Sector (TWh),58.37980134759019
"rcp85hotter_ssp5,date=2024-3-6T20:01:59+17:00",USA,UT,elecFinalBySecTWh,Year,2045,Vint_2045,Final Electricity by Sector (TWh),63.742819856962456
"rcp85hotter_ssp5,date=2024-3-6T20:01:59+17:00",USA,UT,elecFinalBySecTWh,Year,2050,Vint_2050,Final Electricity by Sector (TWh),69.28758028014917
"rcp85hotter_ssp5,date=2024-3-6T20:01:59+17:00",USA,UT,elecFinalBySecTWh,Year,2055,Vint_2055,Final Electricity by Sector (TWh),73.79831204827948
"rcp85hotter_ssp5,date=2024-3-6T20:01:59+17:00",USA,UT,elecFinalBySecTWh,Year,2060,Vint_2060,Final Electricity by Sector (TWh),79.43509572473452
"rcp85hotter_ssp5,date=2024-3-6T20:01:59+17:00",USA,UT,elecFinalBySecTWh,Year,2065,Vint_2065,Final Electricity by Sector (TWh),85.76738428011402
"rcp85hotter_ssp5,date=2024-3-6T20:01:59+17:00",USA,UT,elecFinalBySecTWh,Year,2070,Vint_2070,Final Electricity by Sector (TWh),91.37981120673267
"rcp85hotter_ssp5,date=2024-3-6T20:01:59+17:00",USA,UT,elecFinalBySecTWh,Year,2075,Vint_2075,Final Electricity by Sector (TWh),97.50294268775522
"rcp85hotter_ssp5,date=2024-3-6T20:01:59+17:00",USA,UT,elecFinalBySecTWh,Year,2080,Vint_2080,Final Electricity by Sector (TWh),104.15982548947693
"rcp85hotter_ssp5,date=2024-3-6T20:01:59+17:00",USA,UT,elecFinalBySecTWh,Year,2085,Vint_2085,Final Electricity by Sector (TWh),112.07792116077644
"rcp85hotter_ssp5,date=2024-3-6T20:01:59+17:00",USA,UT,elecFinalBySecTWh,Year,2090,Vint_2090,Final Electricity by Sector (TWh),117.19804867724815
"rcp85hotter_ssp5,date=2024-3-6T20:01:59+17:00",USA,UT,elecFinalBySecTWh,Year,2095,Vint_2095,Final Electricity by Sector (TWh),122.13106796860653
"rcp85hotter_ssp5,date=2024-3-6T20:01:59+17:00",USA,UT,elecFinalBySecTWh,Year,2100,Vint_2100,Final Electricity by Sector (TWh),129.23785046251797
"rcp85hotter_ssp5,date=2024-3-6T20:01:59+17:00",USA,VA,elecFinalBySecTWh,Year,1975,Vint_1975,Final Electricity by Sector (TWh),10.491656000000082
"rcp85hotter_ssp5,date=2024-3-6T20:01:59+17:00",USA,VA,elecFinalBySecTWh,Year,1990,Vint_1990,Final Electricity by Sector (TWh),80.71358978611175
"rcp85hotter_ssp5,date=2024-3-6T20:01:59+17:00",USA,VA,elecFinalBySecTWh,Year,2005,Vint_2005,Final Electricity by Sector (TWh),121.35503805344541
"rcp85hotter_ssp5,date=2024-3-6T20:01:59+17:00",USA,VA,elecFinalBySecTWh,Year,2010,Vint_2010,Final Electricity by Sector (TWh),125.74377892644546
"rcp85hotter_ssp5,date=2024-3-6T20:01:59+17:00",USA,VA,elecFinalBySecTWh,Year,2015,Vint_2015,Final Electricity by Sector (TWh),122.56584369669541
"rcp85hotter_ssp5,date=2024-3-6T20:01:59+17:00",USA,VA,elecFinalBySecTWh,Year,2020,Vint_2020,Final Electricity by Sector (TWh),131.82296187782882
"rcp85hotter_ssp5,date=2024-3-6T20:01:59+17:00",USA,VA,elecFinalBySecTWh,Year,2025,Vint_2025,Final Electricity by Sector (TWh),135.18959604831218
"rcp85hotter_ssp5,date=2024-3-6T20:01:59+17:00",USA,VA,elecFinalBySecTWh,Year,2030,Vint_2030,Final Electricity by Sector (TWh),145.3956962051145
"rcp85hotter_ssp5,date=2024-3-6T20:01:59+17:00",USA,VA,elecFinalBySecTWh,Year,2035,Vint_2035,Final Electricity by Sector (TWh),152.34664510989288
"rcp85hotter_ssp5,date=2024-3-6T20:01:59+17:00",USA,VA,elecFinalBySecTWh,Year,2040,Vint_2040,Final Electricity by Sector (TWh),159.13808773065264
"rcp85hotter_ssp5,date=2024-3-6T20:01:59+17:00",USA,VA,elecFinalBySecTWh,Year,2045,Vint_2045,Final Electricity by Sector (TWh),170.21206909525634
"rcp85hotter_ssp5,date=2024-3-6T20:01:59+17:00",USA,VA,elecFinalBySecTWh,Year,2050,Vint_2050,Final Electricity by Sector (TWh),184.65236810307672
"rcp85hotter_ssp5,date=2024-3-6T20:01:59+17:00",USA,VA,elecFinalBySecTWh,Year,2055,Vint_2055,Final Electricity by Sector (TWh),193.10651755263459
"rcp85hotter_ssp5,date=2024-3-6T20:01:59+17:00",USA,VA,elecFinalBySecTWh,Year,2060,Vint_2060,Final Electricity by Sector (TWh),207.21395716596163
"rcp85hotter_ssp5,date=2024-3-6T20:01:59+17:00",USA,VA,elecFinalBySecTWh,Year,2065,Vint_2065,Final Electricity by Sector (TWh),224.5282603739604
"rcp85hotter_ssp5,date=2024-3-6T20:01:59+17:00",USA,VA,elecFinalBySecTWh,Year,2070,Vint_2070,Final Electricity by Sector (TWh),235.3051468142016
"rcp85hotter_ssp5,date=2024-3-6T20:01:59+17:00",USA,VA,elecFinalBySecTWh,Year,2075,Vint_2075,Final Electricity by Sector (TWh),252.82300430718146
"rcp85hotter_ssp5,date=2024-3-6T20:01:59+17:00",USA,VA,elecFinalBySecTWh,Year,2080,Vint_2080,Final Electricity by Sector (TWh),263.6957193171243
"rcp85hotter_ssp5,date=2024-3-6T20:01:59+17:00",USA,VA,elecFinalBySecTWh,Year,2085,Vint_2085,Final Electricity by Sector (TWh),279.1866953593814
"rcp85hotter_ssp5,date=2024-3-6T20:01:59+17:00",USA,VA,elecFinalBySecTWh,Year,2090,Vint_2090,Final Electricity by Sector (TWh),301.4210053437938
"rcp85hotter_ssp5,date=2024-3-6T20:01:59+17:00",USA,VA,elecFinalBySecTWh,Year,2095,Vint_2095,Final Electricity by Sector (TWh),312.39564613574555
"rcp85hotter_ssp5,date=2024-3-6T20:01:59+17:00",USA,VA,elecFinalBySecTWh,Year,2100,Vint_2100,Final Electricity by Sector (TWh),335.6644840685621
"rcp85hotter_ssp5,date=2024-3-6T20:01:59+17:00",USA,VT,elecFinalBySecTWh,Year,1975,Vint_1975,Final Electricity by Sector (TWh),0.9269274944444518
"rcp85hotter_ssp5,date=2024-3-6T20:01:59+17:00",USA,VT,elecFinalBySecTWh,Year,1990,Vint_1990,Final Electricity by Sector (TWh),5.209153584444485
"rcp85hotter_ssp5,date=2024-3-6T20:01:59+17:00",USA,VT,elecFinalBySecTWh,Year,2005,Vint_2005,Final Electricity by Sector (TWh),6.4895841855000524
"rcp85hotter_ssp5,date=2024-3-6T20:01:59+17:00",USA,VT,elecFinalBySecTWh,Year,2010,Vint_2010,Final Electricity by Sector (TWh),6.133573771444493
"rcp85hotter_ssp5,date=2024-3-6T20:01:59+17:00",USA,VT,elecFinalBySecTWh,Year,2015,Vint_2015,Final Electricity by Sector (TWh),5.972888886416714
"rcp85hotter_ssp5,date=2024-3-6T20:01:59+17:00",USA,VT,elecFinalBySecTWh,Year,2020,Vint_2020,Final Electricity by Sector (TWh),6.014112361956159
"rcp85hotter_ssp5,date=2024-3-6T20:01:59+17:00",USA,VT,elecFinalBySecTWh,Year,2025,Vint_2025,Final Electricity by Sector (TWh),6.006604066088659
"rcp85hotter_ssp5,date=2024-3-6T20:01:59+17:00",USA,VT,elecFinalBySecTWh,Year,2030,Vint_2030,Final Electricity by Sector (TWh),6.2421867835856055
"rcp85hotter_ssp5,date=2024-3-6T20:01:59+17:00",USA,VT,elecFinalBySecTWh,Year,2035,Vint_2035,Final Electricity by Sector (TWh),6.526221806101996
"rcp85hotter_ssp5,date=2024-3-6T20:01:59+17:00",USA,VT,elecFinalBySecTWh,Year,2040,Vint_2040,Final Electricity by Sector (TWh),6.895370116939499
"rcp85hotter_ssp5,date=2024-3-6T20:01:59+17:00",USA,VT,elecFinalBySecTWh,Year,2045,Vint_2045,Final Electricity by Sector (TWh),7.385909722964226
"rcp85hotter_ssp5,date=2024-3-6T20:01:59+17:00",USA,VT,elecFinalBySecTWh,Year,2050,Vint_2050,Final Electricity by Sector (TWh),7.7885647120100625
"rcp85hotter_ssp5,date=2024-3-6T20:01:59+17:00",USA,VT,elecFinalBySecTWh,Year,2055,Vint_2055,Final Electricity by Sector (TWh),8.372224735865345
"rcp85hotter_ssp5,date=2024-3-6T20:01:59+17:00",USA,VT,elecFinalBySecTWh,Year,2060,Vint_2060,Final Electricity by Sector (TWh),8.875290989177294
"rcp85hotter_ssp5,date=2024-3-6T20:01:59+17:00",USA,VT,elecFinalBySecTWh,Year,2065,Vint_2065,Final Electricity by Sector (TWh),9.307682921000353
"rcp85hotter_ssp5,date=2024-3-6T20:01:59+17:00",USA,VT,elecFinalBySecTWh,Year,2070,Vint_2070,Final Electricity by Sector (TWh),9.85368648781369
"rcp85hotter_ssp5,date=2024-3-6T20:01:59+17:00",USA,VT,elecFinalBySecTWh,Year,2075,Vint_2075,Final Electricity by Sector (TWh),10.441327857819806
"rcp85hotter_ssp5,date=2024-3-6T20:01:59+17:00",USA,VT,elecFinalBySecTWh,Year,2080,Vint_2080,Final Electricity by Sector (TWh),10.957326082368143
"rcp85hotter_ssp5,date=2024-3-6T20:01:59+17:00",USA,VT,elecFinalBySecTWh,Year,2085,Vint_2085,Final Electricity by Sector (TWh),11.472085249329258
"rcp85hotter_ssp5,date=2024-3-6T20:01:59+17:00",USA,VT,elecFinalBySecTWh,Year,2090,Vint_2090,Final Electricity by Sector (TWh),11.926095021937039
"rcp85hotter_ssp5,date=2024-3-6T20:01:59+17:00",USA,VT,elecFinalBySecTWh,Year,2095,Vint_2095,Final Electricity by Sector (TWh),12.434218191652876
"rcp85hotter_ssp5,date=2024-3-6T20:01:59+17:00",USA,VT,elecFinalBySecTWh,Year,2100,Vint_2100,Final Electricity by Sector (TWh),12.880120680465936
"rcp85hotter_ssp5,date=2024-3-6T20:01:59+17:00",USA,WA,elecFinalBySecTWh,Year,1975,Vint_1975,Final Electricity by Sector (TWh),29.775163108666906
"rcp85hotter_ssp5,date=2024-3-6T20:01:59+17:00",USA,WA,elecFinalBySecTWh,Year,1990,Vint_1990,Final Electricity by Sector (TWh),100.6458479118619
"rcp85hotter_ssp5,date=2024-3-6T20:01:59+17:00",USA,WA,elecFinalBySecTWh,Year,2005,Vint_2005,Final Electricity by Sector (TWh),92.53239994555629
"rcp85hotter_ssp5,date=2024-3-6T20:01:59+17:00",USA,WA,elecFinalBySecTWh,Year,2010,Vint_2010,Final Electricity by Sector (TWh),99.15945586352856
"rcp85hotter_ssp5,date=2024-3-6T20:01:59+17:00",USA,WA,elecFinalBySecTWh,Year,2015,Vint_2015,Final Electricity by Sector (TWh),97.491581156973
"rcp85hotter_ssp5,date=2024-3-6T20:01:59+17:00",USA,WA,elecFinalBySecTWh,Year,2020,Vint_2020,Final Electricity by Sector (TWh),113.75248438136481
"rcp85hotter_ssp5,date=2024-3-6T20:01:59+17:00",USA,WA,elecFinalBySecTWh,Year,2025,Vint_2025,Final Electricity by Sector (TWh),125.21070415852877
"rcp85hotter_ssp5,date=2024-3-6T20:01:59+17:00",USA,WA,elecFinalBySecTWh,Year,2030,Vint_2030,Final Electricity by Sector (TWh),134.050238376973
"rcp85hotter_ssp5,date=2024-3-6T20:01:59+17:00",USA,WA,elecFinalBySecTWh,Year,2035,Vint_2035,Final Electricity by Sector (TWh),142.97097452031116
"rcp85hotter_ssp5,date=2024-3-6T20:01:59+17:00",USA,WA,elecFinalBySecTWh,Year,2040,Vint_2040,Final Electricity by Sector (TWh),152.16457904614177
"rcp85hotter_ssp5,date=2024-3-6T20:01:59+17:00",USA,WA,elecFinalBySecTWh,Year,2045,Vint_2045,Final Electricity by Sector (TWh),162.0891806671074
"rcp85hotter_ssp5,date=2024-3-6T20:01:59+17:00",USA,WA,elecFinalBySecTWh,Year,2050,Vint_2050,Final Electricity by Sector (TWh),172.5807915068061
"rcp85hotter_ssp5,date=2024-3-6T20:01:59+17:00",USA,WA,elecFinalBySecTWh,Year,2055,Vint_2055,Final Electricity by Sector (TWh),182.35706672006535
"rcp85hotter_ssp5,date=2024-3-6T20:01:59+17:00",USA,WA,elecFinalBySecTWh,Year,2060,Vint_2060,Final Electricity by Sector (TWh),192.27144859787458
"rcp85hotter_ssp5,date=2024-3-6T20:01:59+17:00",USA,WA,elecFinalBySecTWh,Year,2065,Vint_2065,Final Electricity by Sector (TWh),203.77065081681164
"rcp85hotter_ssp5,date=2024-3-6T20:01:59+17:00",USA,WA,elecFinalBySecTWh,Year,2070,Vint_2070,Final Electricity by Sector (TWh),216.28779501907226
"rcp85hotter_ssp5,date=2024-3-6T20:01:59+17:00",USA,WA,elecFinalBySecTWh,Year,2075,Vint_2075,Final Electricity by Sector (TWh),229.0280070986307
"rcp85hotter_ssp5,date=2024-3-6T20:01:59+17:00",USA,WA,elecFinalBySecTWh,Year,2080,Vint_2080,Final Electricity by Sector (TWh),240.91648051974303
"rcp85hotter_ssp5,date=2024-3-6T20:01:59+17:00",USA,WA,elecFinalBySecTWh,Year,2085,Vint_2085,Final Electricity by Sector (TWh),253.31137564124396
"rcp85hotter_ssp5,date=2024-3-6T20:01:59+17:00",USA,WA,elecFinalBySecTWh,Year,2090,Vint_2090,Final Electricity by Sector (TWh),266.85578720278215
"rcp85hotter_ssp5,date=2024-3-6T20:01:59+17:00",USA,WA,elecFinalBySecTWh,Year,2095,Vint_2095,Final Electricity by Sector (TWh),277.80437499178333
"rcp85hotter_ssp5,date=2024-3-6T20:01:59+17:00",USA,WA,elecFinalBySecTWh,Year,2100,Vint_2100,Final Electricity by Sector (TWh),290.3779571360909
"rcp85hotter_ssp5,date=2024-3-6T20:01:59+17:00",USA,WI,elecFinalBySecTWh,Year,1975,Vint_1975,Final Electricity by Sector (TWh),11.869590166666761
"rcp85hotter_ssp5,date=2024-3-6T20:01:59+17:00",USA,WI,elecFinalBySecTWh,Year,1990,Vint_1990,Final Electricity by Sector (TWh),54.48347569694488
"rcp85hotter_ssp5,date=2024-3-6T20:01:59+17:00",USA,WI,elecFinalBySecTWh,Year,2005,Vint_2005,Final Electricity by Sector (TWh),77.4442713100006
"rcp85hotter_ssp5,date=2024-3-6T20:01:59+17:00",USA,WI,elecFinalBySecTWh,Year,2010,Vint_2010,Final Electricity by Sector (TWh),75.23005649972282
"rcp85hotter_ssp5,date=2024-3-6T20:01:59+17:00",USA,WI,elecFinalBySecTWh,Year,2015,Vint_2015,Final Electricity by Sector (TWh),73.94036903118115
"rcp85hotter_ssp5,date=2024-3-6T20:01:59+17:00",USA,WI,elecFinalBySecTWh,Year,2020,Vint_2020,Final Electricity by Sector (TWh),75.17075568083393
"rcp85hotter_ssp5,date=2024-3-6T20:01:59+17:00",USA,WI,elecFinalBySecTWh,Year,2025,Vint_2025,Final Electricity by Sector (TWh),76.9609751744645
"rcp85hotter_ssp5,date=2024-3-6T20:01:59+17:00",USA,WI,elecFinalBySecTWh,Year,2030,Vint_2030,Final Electricity by Sector (TWh),80.23815047921454
"rcp85hotter_ssp5,date=2024-3-6T20:01:59+17:00",USA,WI,elecFinalBySecTWh,Year,2035,Vint_2035,Final Electricity by Sector (TWh),81.32280271670898
"rcp85hotter_ssp5,date=2024-3-6T20:01:59+17:00",USA,WI,elecFinalBySecTWh,Year,2040,Vint_2040,Final Electricity by Sector (TWh),85.97619783966402
"rcp85hotter_ssp5,date=2024-3-6T20:01:59+17:00",USA,WI,elecFinalBySecTWh,Year,2045,Vint_2045,Final Electricity by Sector (TWh),90.768335179876
"rcp85hotter_ssp5,date=2024-3-6T20:01:59+17:00",USA,WI,elecFinalBySecTWh,Year,2050,Vint_2050,Final Electricity by Sector (TWh),96.13250624162022
"rcp85hotter_ssp5,date=2024-3-6T20:01:59+17:00",USA,WI,elecFinalBySecTWh,Year,2055,Vint_2055,Final Electricity by Sector (TWh),103.18473136290166
"rcp85hotter_ssp5,date=2024-3-6T20:01:59+17:00",USA,WI,elecFinalBySecTWh,Year,2060,Vint_2060,Final Electricity by Sector (TWh),109.05585184523697
"rcp85hotter_ssp5,date=2024-3-6T20:01:59+17:00",USA,WI,elecFinalBySecTWh,Year,2065,Vint_2065,Final Electricity by Sector (TWh),117.37762085591788
"rcp85hotter_ssp5,date=2024-3-6T20:01:59+17:00",USA,WI,elecFinalBySecTWh,Year,2070,Vint_2070,Final Electricity by Sector (TWh),125.8578072656935
"rcp85hotter_ssp5,date=2024-3-6T20:01:59+17:00",USA,WI,elecFinalBySecTWh,Year,2075,Vint_2075,Final Electricity by Sector (TWh),130.48459534195325
"rcp85hotter_ssp5,date=2024-3-6T20:01:59+17:00",USA,WI,elecFinalBySecTWh,Year,2080,Vint_2080,Final Electricity by Sector (TWh),139.72147640649666
"rcp85hotter_ssp5,date=2024-3-6T20:01:59+17:00",USA,WI,elecFinalBySecTWh,Year,2085,Vint_2085,Final Electricity by Sector (TWh),146.47487431015338
"rcp85hotter_ssp5,date=2024-3-6T20:01:59+17:00",USA,WI,elecFinalBySecTWh,Year,2090,Vint_2090,Final Electricity by Sector (TWh),152.93844019620954
"rcp85hotter_ssp5,date=2024-3-6T20:01:59+17:00",USA,WI,elecFinalBySecTWh,Year,2095,Vint_2095,Final Electricity by Sector (TWh),159.9379396027046
"rcp85hotter_ssp5,date=2024-3-6T20:01:59+17:00",USA,WI,elecFinalBySecTWh,Year,2100,Vint_2100,Final Electricity by Sector (TWh),166.75666510211522
"rcp85hotter_ssp5,date=2024-3-6T20:01:59+17:00",USA,WV,elecFinalBySecTWh,Year,1975,Vint_1975,Final Electricity by Sector (TWh),9.894252250000077
"rcp85hotter_ssp5,date=2024-3-6T20:01:59+17:00",USA,WV,elecFinalBySecTWh,Year,1990,Vint_1990,Final Electricity by Sector (TWh),25.573559166666872
"rcp85hotter_ssp5,date=2024-3-6T20:01:59+17:00",USA,WV,elecFinalBySecTWh,Year,2005,Vint_2005,Final Electricity by Sector (TWh),33.145508160222484
"rcp85hotter_ssp5,date=2024-3-6T20:01:59+17:00",USA,WV,elecFinalBySecTWh,Year,2010,Vint_2010,Final Electricity by Sector (TWh),34.98613420286139
"rcp85hotter_ssp5,date=2024-3-6T20:01:59+17:00",USA,WV,elecFinalBySecTWh,Year,2015,Vint_2015,Final Electricity by Sector (TWh),34.56969219666694
"rcp85hotter_ssp5,date=2024-3-6T20:01:59+17:00",USA,WV,elecFinalBySecTWh,Year,2020,Vint_2020,Final Electricity by Sector (TWh),33.033068186406375
"rcp85hotter_ssp5,date=2024-3-6T20:01:59+17:00",USA,WV,elecFinalBySecTWh,Year,2025,Vint_2025,Final Electricity by Sector (TWh),32.78647332776498
"rcp85hotter_ssp5,date=2024-3-6T20:01:59+17:00",USA,WV,elecFinalBySecTWh,Year,2030,Vint_2030,Final Electricity by Sector (TWh),34.058849270132214
"rcp85hotter_ssp5,date=2024-3-6T20:01:59+17:00",USA,WV,elecFinalBySecTWh,Year,2035,Vint_2035,Final Electricity by Sector (TWh),34.78058478175611
"rcp85hotter_ssp5,date=2024-3-6T20:01:59+17:00",USA,WV,elecFinalBySecTWh,Year,2040,Vint_2040,Final Electricity by Sector (TWh),36.15792052633362
"rcp85hotter_ssp5,date=2024-3-6T20:01:59+17:00",USA,WV,elecFinalBySecTWh,Year,2045,Vint_2045,Final Electricity by Sector (TWh),38.050296519172804
"rcp85hotter_ssp5,date=2024-3-6T20:01:59+17:00",USA,WV,elecFinalBySecTWh,Year,2050,Vint_2050,Final Electricity by Sector (TWh),40.16174708774976
"rcp85hotter_ssp5,date=2024-3-6T20:01:59+17:00",USA,WV,elecFinalBySecTWh,Year,2055,Vint_2055,Final Electricity by Sector (TWh),42.964111719071454
"rcp85hotter_ssp5,date=2024-3-6T20:01:59+17:00",USA,WV,elecFinalBySecTWh,Year,2060,Vint_2060,Final Electricity by Sector (TWh),45.994381608153695
"rcp85hotter_ssp5,date=2024-3-6T20:01:59+17:00",USA,WV,elecFinalBySecTWh,Year,2065,Vint_2065,Final Electricity by Sector (TWh),49.200150785458725
"rcp85hotter_ssp5,date=2024-3-6T20:01:59+17:00",USA,WV,elecFinalBySecTWh,Year,2070,Vint_2070,Final Electricity by Sector (TWh),51.85018612444041
"rcp85hotter_ssp5,date=2024-3-6T20:01:59+17:00",USA,WV,elecFinalBySecTWh,Year,2075,Vint_2075,Final Electricity by Sector (TWh),53.625240108239865
"rcp85hotter_ssp5,date=2024-3-6T20:01:59+17:00",USA,WV,elecFinalBySecTWh,Year,2080,Vint_2080,Final Electricity by Sector (TWh),55.868982429589614
"rcp85hotter_ssp5,date=2024-3-6T20:01:59+17:00",USA,WV,elecFinalBySecTWh,Year,2085,Vint_2085,Final Electricity by Sector (TWh),59.1645750981963
"rcp85hotter_ssp5,date=2024-3-6T20:01:59+17:00",USA,WV,elecFinalBySecTWh,Year,2090,Vint_2090,Final Electricity by Sector (TWh),62.385824185536606
"rcp85hotter_ssp5,date=2024-3-6T20:01:59+17:00",USA,WV,elecFinalBySecTWh,Year,2095,Vint_2095,Final Electricity by Sector (TWh),66.2656335558647
"rcp85hotter_ssp5,date=2024-3-6T20:01:59+17:00",USA,WV,elecFinalBySecTWh,Year,2100,Vint_2100,Final Electricity by Sector (TWh),70.13805887153583
"rcp85hotter_ssp5,date=2024-3-6T20:01:59+17:00",USA,WY,elecFinalBySecTWh,Year,1975,Vint_1975,Final Electricity by Sector (TWh),3.1109874722222473
"rcp85hotter_ssp5,date=2024-3-6T20:01:59+17:00",USA,WY,elecFinalBySecTWh,Year,1990,Vint_1990,Final Electricity by Sector (TWh),12.940185922797324
"rcp85hotter_ssp5,date=2024-3-6T20:01:59+17:00",USA,WY,elecFinalBySecTWh,Year,2005,Vint_2005,Final Electricity by Sector (TWh),15.293266240880678
"rcp85hotter_ssp5,date=2024-3-6T20:01:59+17:00",USA,WY,elecFinalBySecTWh,Year,2010,Vint_2010,Final Electricity by Sector (TWh),18.436840126252925
"rcp85hotter_ssp5,date=2024-3-6T20:01:59+17:00",USA,WY,elecFinalBySecTWh,Year,2015,Vint_2015,Final Electricity by Sector (TWh),17.774810356269587
"rcp85hotter_ssp5,date=2024-3-6T20:01:59+17:00",USA,WY,elecFinalBySecTWh,Year,2020,Vint_2020,Final Electricity by Sector (TWh),16.53850574025513
"rcp85hotter_ssp5,date=2024-3-6T20:01:59+17:00",USA,WY,elecFinalBySecTWh,Year,2025,Vint_2025,Final Electricity by Sector (TWh),17.308167340759027
"rcp85hotter_ssp5,date=2024-3-6T20:01:59+17:00",USA,WY,elecFinalBySecTWh,Year,2030,Vint_2030,Final Electricity by Sector (TWh),18.579570788198758
"rcp85hotter_ssp5,date=2024-3-6T20:01:59+17:00",USA,WY,elecFinalBySecTWh,Year,2035,Vint_2035,Final Electricity by Sector (TWh),20.47096821825183
"rcp85hotter_ssp5,date=2024-3-6T20:01:59+17:00",USA,WY,elecFinalBySecTWh,Year,2040,Vint_2040,Final Electricity by Sector (TWh),22.537064301729345
"rcp85hotter_ssp5,date=2024-3-6T20:01:59+17:00",USA,WY,elecFinalBySecTWh,Year,2045,Vint_2045,Final Electricity by Sector (TWh),24.60120765536964
"rcp85hotter_ssp5,date=2024-3-6T20:01:59+17:00",USA,WY,elecFinalBySecTWh,Year,2050,Vint_2050,Final Electricity by Sector (TWh),26.64736261977438
"rcp85hotter_ssp5,date=2024-3-6T20:01:59+17:00",USA,WY,elecFinalBySecTWh,Year,2055,Vint_2055,Final Electricity by Sector (TWh),29.133312183937452
"rcp85hotter_ssp5,date=2024-3-6T20:01:59+17:00",USA,WY,elecFinalBySecTWh,Year,2060,Vint_2060,Final Electricity by Sector (TWh),32.2098184317297
"rcp85hotter_ssp5,date=2024-3-6T20:01:59+17:00",USA,WY,elecFinalBySecTWh,Year,2065,Vint_2065,Final Electricity by Sector (TWh),34.92087476350473
"rcp85hotter_ssp5,date=2024-3-6T20:01:59+17:00",USA,WY,elecFinalBySecTWh,Year,2070,Vint_2070,Final Electricity by Sector (TWh),36.94933028287418
"rcp85hotter_ssp5,date=2024-3-6T20:01:59+17:00",USA,WY,elecFinalBySecTWh,Year,2075,Vint_2075,Final Electricity by Sector (TWh),38.913723252134474
"rcp85hotter_ssp5,date=2024-3-6T20:01:59+17:00",USA,WY,elecFinalBySecTWh,Year,2080,Vint_2080,Final Electricity by Sector (TWh),41.65677117138895
"rcp85hotter_ssp5,date=2024-3-6T20:01:59+17:00",USA,WY,elecFinalBySecTWh,Year,2085,Vint_2085,Final Electricity by Sector (TWh),44.15921054603952
"rcp85hotter_ssp5,date=2024-3-6T20:01:59+17:00",USA,WY,elecFinalBySecTWh,Year,2090,Vint_2090,Final Electricity by Sector (TWh),46.22619751278342
"rcp85hotter_ssp5,date=2024-3-6T20:01:59+17:00",USA,WY,elecFinalBySecTWh,Year,2095,Vint_2095,Final Electricity by Sector (TWh),48.19471947871399
"rcp85hotter_ssp5,date=2024-3-6T20:01:59+17:00",USA,WY,elecFinalBySecTWh,Year,2100,Vint_2100,Final Electricity by Sector (TWh),50.01030643519679
