scenario,region,subRegion,param,xLabel,x,vintage,units,value
"rcp45hotter_ssp5,date=2024-3-6T20:01:59+17:00",USA,AK,elecFinalBySecTWh,Year,1975,Vint_1975,Final Electricity by Sector (TWh),0.5108676888888929
"rcp45hotter_ssp5,date=2024-3-6T20:01:59+17:00",USA,AK,elecFinalBySecTWh,Year,1990,Vint_1990,Final Electricity by Sector (TWh),4.967654763611151
"rcp45hotter_ssp5,date=2024-3-6T20:01:59+17:00",USA,AK,elecFinalBySecTWh,Year,2005,Vint_2005,Final Electricity by Sector (TWh),6.583500524722274
"rcp45hotter_ssp5,date=2024-3-6T20:01:59+17:00",USA,AK,elecFinalBySecTWh,Year,2010,Vint_2010,Final Electricity by Sector (TWh),6.881499015555611
"rcp45hotter_ssp5,date=2024-3-6T20:01:59+17:00",USA,AK,elecFinalBySecTWh,Year,2015,Vint_2015,Final Electricity by Sector (TWh),6.709778861111165
"rcp45hotter_ssp5,date=2024-3-6T20:01:59+17:00",USA,AK,elecFinalBySecTWh,Year,2020,Vint_2020,Final Electricity by Sector (TWh),6.504265235344496
"rcp45hotter_ssp5,date=2024-3-6T20:01:59+17:00",USA,AK,elecFinalBySecTWh,Year,2025,Vint_2025,Final Electricity by Sector (TWh),6.2533439807833835
"rcp45hotter_ssp5,date=2024-3-6T20:01:59+17:00",USA,AK,elecFinalBySecTWh,Year,2030,Vint_2030,Final Electricity by Sector (TWh),6.637270617333387
"rcp45hotter_ssp5,date=2024-3-6T20:01:59+17:00",USA,AK,elecFinalBySecTWh,Year,2035,Vint_2035,Final Electricity by Sector (TWh),7.484129163319504
"rcp45hotter_ssp5,date=2024-3-6T20:01:59+17:00",USA,AK,elecFinalBySecTWh,Year,2040,Vint_2040,Final Electricity by Sector (TWh),8.419394835858956
"rcp45hotter_ssp5,date=2024-3-6T20:01:59+17:00",USA,AK,elecFinalBySecTWh,Year,2045,Vint_2045,Final Electricity by Sector (TWh),9.795803514891745
"rcp45hotter_ssp5,date=2024-3-6T20:01:59+17:00",USA,AK,elecFinalBySecTWh,Year,2050,Vint_2050,Final Electricity by Sector (TWh),10.575797318693695
"rcp45hotter_ssp5,date=2024-3-6T20:01:59+17:00",USA,AK,elecFinalBySecTWh,Year,2055,Vint_2055,Final Electricity by Sector (TWh),12.736560858173435
"rcp45hotter_ssp5,date=2024-3-6T20:01:59+17:00",USA,AK,elecFinalBySecTWh,Year,2060,Vint_2060,Final Electricity by Sector (TWh),17.192286300541248
"rcp45hotter_ssp5,date=2024-3-6T20:01:59+17:00",USA,AK,elecFinalBySecTWh,Year,2065,Vint_2065,Final Electricity by Sector (TWh),22.07186494498962
"rcp45hotter_ssp5,date=2024-3-6T20:01:59+17:00",USA,AK,elecFinalBySecTWh,Year,2070,Vint_2070,Final Electricity by Sector (TWh),25.458810723775482
"rcp45hotter_ssp5,date=2024-3-6T20:01:59+17:00",USA,AK,elecFinalBySecTWh,Year,2075,Vint_2075,Final Electricity by Sector (TWh),27.973492839915778
"rcp45hotter_ssp5,date=2024-3-6T20:01:59+17:00",USA,AK,elecFinalBySecTWh,Year,2080,Vint_2080,Final Electricity by Sector (TWh),30.61830813941441
"rcp45hotter_ssp5,date=2024-3-6T20:01:59+17:00",USA,AK,elecFinalBySecTWh,Year,2085,Vint_2085,Final Electricity by Sector (TWh),34.406140412369716
"rcp45hotter_ssp5,date=2024-3-6T20:01:59+17:00",USA,AK,elecFinalBySecTWh,Year,2090,Vint_2090,Final Electricity by Sector (TWh),41.30801982840866
"rcp45hotter_ssp5,date=2024-3-6T20:01:59+17:00",USA,AK,elecFinalBySecTWh,Year,2095,Vint_2095,Final Electricity by Sector (TWh),59.46638716361297
"rcp45hotter_ssp5,date=2024-3-6T20:01:59+17:00",USA,AK,elecFinalBySecTWh,Year,2100,Vint_2100,Final Electricity by Sector (TWh),75.72041726360254
"rcp45hotter_ssp5,date=2024-3-6T20:01:59+17:00",USA,AL,elecFinalBySecTWh,Year,1975,Vint_1975,Final Electricity by Sector (TWh),22.383256666666846
"rcp45hotter_ssp5,date=2024-3-6T20:01:59+17:00",USA,AL,elecFinalBySecTWh,Year,1990,Vint_1990,Final Electricity by Sector (TWh),66.37392521822275
"rcp45hotter_ssp5,date=2024-3-6T20:01:59+17:00",USA,AL,elecFinalBySecTWh,Year,2005,Vint_2005,Final Electricity by Sector (TWh),97.98016354366744
"rcp45hotter_ssp5,date=2024-3-6T20:01:59+17:00",USA,AL,elecFinalBySecTWh,Year,2010,Vint_2010,Final Electricity by Sector (TWh),99.3791048471119
"rcp45hotter_ssp5,date=2024-3-6T20:01:59+17:00",USA,AL,elecFinalBySecTWh,Year,2015,Vint_2015,Final Electricity by Sector (TWh),95.4187714466952
"rcp45hotter_ssp5,date=2024-3-6T20:01:59+17:00",USA,AL,elecFinalBySecTWh,Year,2020,Vint_2020,Final Electricity by Sector (TWh),96.1426207967205
"rcp45hotter_ssp5,date=2024-3-6T20:01:59+17:00",USA,AL,elecFinalBySecTWh,Year,2025,Vint_2025,Final Electricity by Sector (TWh),101.05296571279052
"rcp45hotter_ssp5,date=2024-3-6T20:01:59+17:00",USA,AL,elecFinalBySecTWh,Year,2030,Vint_2030,Final Electricity by Sector (TWh),110.75480276233867
"rcp45hotter_ssp5,date=2024-3-6T20:01:59+17:00",USA,AL,elecFinalBySecTWh,Year,2035,Vint_2035,Final Electricity by Sector (TWh),117.0732516936526
"rcp45hotter_ssp5,date=2024-3-6T20:01:59+17:00",USA,AL,elecFinalBySecTWh,Year,2040,Vint_2040,Final Electricity by Sector (TWh),129.5537946129888
"rcp45hotter_ssp5,date=2024-3-6T20:01:59+17:00",USA,AL,elecFinalBySecTWh,Year,2045,Vint_2045,Final Electricity by Sector (TWh),137.64688734949192
"rcp45hotter_ssp5,date=2024-3-6T20:01:59+17:00",USA,AL,elecFinalBySecTWh,Year,2050,Vint_2050,Final Electricity by Sector (TWh),153.04887788727314
"rcp45hotter_ssp5,date=2024-3-6T20:01:59+17:00",USA,AL,elecFinalBySecTWh,Year,2055,Vint_2055,Final Electricity by Sector (TWh),163.99102754610936
"rcp45hotter_ssp5,date=2024-3-6T20:01:59+17:00",USA,AL,elecFinalBySecTWh,Year,2060,Vint_2060,Final Electricity by Sector (TWh),190.05781646126042
"rcp45hotter_ssp5,date=2024-3-6T20:01:59+17:00",USA,AL,elecFinalBySecTWh,Year,2065,Vint_2065,Final Electricity by Sector (TWh),216.7923624163659
"rcp45hotter_ssp5,date=2024-3-6T20:01:59+17:00",USA,AL,elecFinalBySecTWh,Year,2070,Vint_2070,Final Electricity by Sector (TWh),237.887652257088
"rcp45hotter_ssp5,date=2024-3-6T20:01:59+17:00",USA,AL,elecFinalBySecTWh,Year,2075,Vint_2075,Final Electricity by Sector (TWh),265.7212928494338
"rcp45hotter_ssp5,date=2024-3-6T20:01:59+17:00",USA,AL,elecFinalBySecTWh,Year,2080,Vint_2080,Final Electricity by Sector (TWh),307.3937936592197
"rcp45hotter_ssp5,date=2024-3-6T20:01:59+17:00",USA,AL,elecFinalBySecTWh,Year,2085,Vint_2085,Final Electricity by Sector (TWh),352.0036682630922
"rcp45hotter_ssp5,date=2024-3-6T20:01:59+17:00",USA,AL,elecFinalBySecTWh,Year,2090,Vint_2090,Final Electricity by Sector (TWh),421.24093871157584
"rcp45hotter_ssp5,date=2024-3-6T20:01:59+17:00",USA,AL,elecFinalBySecTWh,Year,2095,Vint_2095,Final Electricity by Sector (TWh),483.74508765736243
"rcp45hotter_ssp5,date=2024-3-6T20:01:59+17:00",USA,AL,elecFinalBySecTWh,Year,2100,Vint_2100,Final Electricity by Sector (TWh),532.6459522695018
"rcp45hotter_ssp5,date=2024-3-6T20:01:59+17:00",USA,AR,elecFinalBySecTWh,Year,1975,Vint_1975,Final Electricity by Sector (TWh),6.554045083333386
"rcp45hotter_ssp5,date=2024-3-6T20:01:59+17:00",USA,AR,elecFinalBySecTWh,Year,1990,Vint_1990,Final Electricity by Sector (TWh),30.301613154416906
"rcp45hotter_ssp5,date=2024-3-6T20:01:59+17:00",USA,AR,elecFinalBySecTWh,Year,2005,Vint_2005,Final Electricity by Sector (TWh),50.705033058361515
"rcp45hotter_ssp5,date=2024-3-6T20:01:59+17:00",USA,AR,elecFinalBySecTWh,Year,2010,Vint_2010,Final Electricity by Sector (TWh),52.674071542792085
"rcp45hotter_ssp5,date=2024-3-6T20:01:59+17:00",USA,AR,elecFinalBySecTWh,Year,2015,Vint_2015,Final Electricity by Sector (TWh),49.98759456180318
"rcp45hotter_ssp5,date=2024-3-6T20:01:59+17:00",USA,AR,elecFinalBySecTWh,Year,2020,Vint_2020,Final Electricity by Sector (TWh),51.2956958843643
"rcp45hotter_ssp5,date=2024-3-6T20:01:59+17:00",USA,AR,elecFinalBySecTWh,Year,2025,Vint_2025,Final Electricity by Sector (TWh),53.528414220459595
"rcp45hotter_ssp5,date=2024-3-6T20:01:59+17:00",USA,AR,elecFinalBySecTWh,Year,2030,Vint_2030,Final Electricity by Sector (TWh),59.30874763804519
"rcp45hotter_ssp5,date=2024-3-6T20:01:59+17:00",USA,AR,elecFinalBySecTWh,Year,2035,Vint_2035,Final Electricity by Sector (TWh),62.22456479754355
"rcp45hotter_ssp5,date=2024-3-6T20:01:59+17:00",USA,AR,elecFinalBySecTWh,Year,2040,Vint_2040,Final Electricity by Sector (TWh),69.89947332271778
"rcp45hotter_ssp5,date=2024-3-6T20:01:59+17:00",USA,AR,elecFinalBySecTWh,Year,2045,Vint_2045,Final Electricity by Sector (TWh),77.07824862734284
"rcp45hotter_ssp5,date=2024-3-6T20:01:59+17:00",USA,AR,elecFinalBySecTWh,Year,2050,Vint_2050,Final Electricity by Sector (TWh),82.86515453705648
"rcp45hotter_ssp5,date=2024-3-6T20:01:59+17:00",USA,AR,elecFinalBySecTWh,Year,2055,Vint_2055,Final Electricity by Sector (TWh),91.76209605476657
"rcp45hotter_ssp5,date=2024-3-6T20:01:59+17:00",USA,AR,elecFinalBySecTWh,Year,2060,Vint_2060,Final Electricity by Sector (TWh),101.44902497330052
"rcp45hotter_ssp5,date=2024-3-6T20:01:59+17:00",USA,AR,elecFinalBySecTWh,Year,2065,Vint_2065,Final Electricity by Sector (TWh),117.92975739687539
"rcp45hotter_ssp5,date=2024-3-6T20:01:59+17:00",USA,AR,elecFinalBySecTWh,Year,2070,Vint_2070,Final Electricity by Sector (TWh),128.8462459862574
"rcp45hotter_ssp5,date=2024-3-6T20:01:59+17:00",USA,AR,elecFinalBySecTWh,Year,2075,Vint_2075,Final Electricity by Sector (TWh),143.00415202407115
"rcp45hotter_ssp5,date=2024-3-6T20:01:59+17:00",USA,AR,elecFinalBySecTWh,Year,2080,Vint_2080,Final Electricity by Sector (TWh),166.63154340699106
"rcp45hotter_ssp5,date=2024-3-6T20:01:59+17:00",USA,AR,elecFinalBySecTWh,Year,2085,Vint_2085,Final Electricity by Sector (TWh),190.15082507757873
"rcp45hotter_ssp5,date=2024-3-6T20:01:59+17:00",USA,AR,elecFinalBySecTWh,Year,2090,Vint_2090,Final Electricity by Sector (TWh),222.8627346911551
"rcp45hotter_ssp5,date=2024-3-6T20:01:59+17:00",USA,AR,elecFinalBySecTWh,Year,2095,Vint_2095,Final Electricity by Sector (TWh),258.67372544831625
"rcp45hotter_ssp5,date=2024-3-6T20:01:59+17:00",USA,AR,elecFinalBySecTWh,Year,2100,Vint_2100,Final Electricity by Sector (TWh),279.61715121400806
"rcp45hotter_ssp5,date=2024-3-6T20:01:59+17:00",USA,AZ,elecFinalBySecTWh,Year,1975,Vint_1975,Final Electricity by Sector (TWh),7.841880361111174
"rcp45hotter_ssp5,date=2024-3-6T20:01:59+17:00",USA,AZ,elecFinalBySecTWh,Year,1990,Vint_1990,Final Electricity by Sector (TWh),46.3210435238337
"rcp45hotter_ssp5,date=2024-3-6T20:01:59+17:00",USA,AZ,elecFinalBySecTWh,Year,2005,Vint_2005,Final Electricity by Sector (TWh),77.80509329611174
"rcp45hotter_ssp5,date=2024-3-6T20:01:59+17:00",USA,AZ,elecFinalBySecTWh,Year,2010,Vint_2010,Final Electricity by Sector (TWh),80.69246602361174
"rcp45hotter_ssp5,date=2024-3-6T20:01:59+17:00",USA,AZ,elecFinalBySecTWh,Year,2015,Vint_2015,Final Electricity by Sector (TWh),84.567331872834
"rcp45hotter_ssp5,date=2024-3-6T20:01:59+17:00",USA,AZ,elecFinalBySecTWh,Year,2020,Vint_2020,Final Electricity by Sector (TWh),94.45371463597853
"rcp45hotter_ssp5,date=2024-3-6T20:01:59+17:00",USA,AZ,elecFinalBySecTWh,Year,2025,Vint_2025,Final Electricity by Sector (TWh),103.41155634666748
"rcp45hotter_ssp5,date=2024-3-6T20:01:59+17:00",USA,AZ,elecFinalBySecTWh,Year,2030,Vint_2030,Final Electricity by Sector (TWh),115.36670656963425
"rcp45hotter_ssp5,date=2024-3-6T20:01:59+17:00",USA,AZ,elecFinalBySecTWh,Year,2035,Vint_2035,Final Electricity by Sector (TWh),129.50142712345715
"rcp45hotter_ssp5,date=2024-3-6T20:01:59+17:00",USA,AZ,elecFinalBySecTWh,Year,2040,Vint_2040,Final Electricity by Sector (TWh),146.70394545412728
"rcp45hotter_ssp5,date=2024-3-6T20:01:59+17:00",USA,AZ,elecFinalBySecTWh,Year,2045,Vint_2045,Final Electricity by Sector (TWh),164.02781788830075
"rcp45hotter_ssp5,date=2024-3-6T20:01:59+17:00",USA,AZ,elecFinalBySecTWh,Year,2050,Vint_2050,Final Electricity by Sector (TWh),179.1178582626606
"rcp45hotter_ssp5,date=2024-3-6T20:01:59+17:00",USA,AZ,elecFinalBySecTWh,Year,2055,Vint_2055,Final Electricity by Sector (TWh),196.92493124938156
"rcp45hotter_ssp5,date=2024-3-6T20:01:59+17:00",USA,AZ,elecFinalBySecTWh,Year,2060,Vint_2060,Final Electricity by Sector (TWh),211.24180622329084
"rcp45hotter_ssp5,date=2024-3-6T20:01:59+17:00",USA,AZ,elecFinalBySecTWh,Year,2065,Vint_2065,Final Electricity by Sector (TWh),232.7429009691535
"rcp45hotter_ssp5,date=2024-3-6T20:01:59+17:00",USA,AZ,elecFinalBySecTWh,Year,2070,Vint_2070,Final Electricity by Sector (TWh),249.52822624333115
"rcp45hotter_ssp5,date=2024-3-6T20:01:59+17:00",USA,AZ,elecFinalBySecTWh,Year,2075,Vint_2075,Final Electricity by Sector (TWh),262.0816040064549
"rcp45hotter_ssp5,date=2024-3-6T20:01:59+17:00",USA,AZ,elecFinalBySecTWh,Year,2080,Vint_2080,Final Electricity by Sector (TWh),286.08966010035255
"rcp45hotter_ssp5,date=2024-3-6T20:01:59+17:00",USA,AZ,elecFinalBySecTWh,Year,2085,Vint_2085,Final Electricity by Sector (TWh),310.33509996824915
"rcp45hotter_ssp5,date=2024-3-6T20:01:59+17:00",USA,AZ,elecFinalBySecTWh,Year,2090,Vint_2090,Final Electricity by Sector (TWh),329.1701051861287
"rcp45hotter_ssp5,date=2024-3-6T20:01:59+17:00",USA,AZ,elecFinalBySecTWh,Year,2095,Vint_2095,Final Electricity by Sector (TWh),353.68548135297755
"rcp45hotter_ssp5,date=2024-3-6T20:01:59+17:00",USA,AZ,elecFinalBySecTWh,Year,2100,Vint_2100,Final Electricity by Sector (TWh),369.36761011484265
"rcp45hotter_ssp5,date=2024-3-6T20:01:59+17:00",USA,CA,elecFinalBySecTWh,Year,1975,Vint_1975,Final Electricity by Sector (TWh),51.11200333611152
"rcp45hotter_ssp5,date=2024-3-6T20:01:59+17:00",USA,CA,elecFinalBySecTWh,Year,1990,Vint_1990,Final Electricity by Sector (TWh),234.88813119194631
"rcp45hotter_ssp5,date=2024-3-6T20:01:59+17:00",USA,CA,elecFinalBySecTWh,Year,2005,Vint_2005,Final Electricity by Sector (TWh),284.0819686913911
"rcp45hotter_ssp5,date=2024-3-6T20:01:59+17:00",USA,CA,elecFinalBySecTWh,Year,2010,Vint_2010,Final Electricity by Sector (TWh),285.70705183305785
"rcp45hotter_ssp5,date=2024-3-6T20:01:59+17:00",USA,CA,elecFinalBySecTWh,Year,2015,Vint_2015,Final Electricity by Sector (TWh),285.66206826750226
"rcp45hotter_ssp5,date=2024-3-6T20:01:59+17:00",USA,CA,elecFinalBySecTWh,Year,2020,Vint_2020,Final Electricity by Sector (TWh),333.685324327836
"rcp45hotter_ssp5,date=2024-3-6T20:01:59+17:00",USA,CA,elecFinalBySecTWh,Year,2025,Vint_2025,Final Electricity by Sector (TWh),355.6733450169473
"rcp45hotter_ssp5,date=2024-3-6T20:01:59+17:00",USA,CA,elecFinalBySecTWh,Year,2030,Vint_2030,Final Electricity by Sector (TWh),382.9864804250642
"rcp45hotter_ssp5,date=2024-3-6T20:01:59+17:00",USA,CA,elecFinalBySecTWh,Year,2035,Vint_2035,Final Electricity by Sector (TWh),409.8304147247616
"rcp45hotter_ssp5,date=2024-3-6T20:01:59+17:00",USA,CA,elecFinalBySecTWh,Year,2040,Vint_2040,Final Electricity by Sector (TWh),450.3227239469619
"rcp45hotter_ssp5,date=2024-3-6T20:01:59+17:00",USA,CA,elecFinalBySecTWh,Year,2045,Vint_2045,Final Electricity by Sector (TWh),487.92866740134554
"rcp45hotter_ssp5,date=2024-3-6T20:01:59+17:00",USA,CA,elecFinalBySecTWh,Year,2050,Vint_2050,Final Electricity by Sector (TWh),534.2453925217599
"rcp45hotter_ssp5,date=2024-3-6T20:01:59+17:00",USA,CA,elecFinalBySecTWh,Year,2055,Vint_2055,Final Electricity by Sector (TWh),581.1571947535018
"rcp45hotter_ssp5,date=2024-3-6T20:01:59+17:00",USA,CA,elecFinalBySecTWh,Year,2060,Vint_2060,Final Electricity by Sector (TWh),642.1168326352692
"rcp45hotter_ssp5,date=2024-3-6T20:01:59+17:00",USA,CA,elecFinalBySecTWh,Year,2065,Vint_2065,Final Electricity by Sector (TWh),716.1755706207418
"rcp45hotter_ssp5,date=2024-3-6T20:01:59+17:00",USA,CA,elecFinalBySecTWh,Year,2070,Vint_2070,Final Electricity by Sector (TWh),779.7396755317149
"rcp45hotter_ssp5,date=2024-3-6T20:01:59+17:00",USA,CA,elecFinalBySecTWh,Year,2075,Vint_2075,Final Electricity by Sector (TWh),834.4166605816811
"rcp45hotter_ssp5,date=2024-3-6T20:01:59+17:00",USA,CA,elecFinalBySecTWh,Year,2080,Vint_2080,Final Electricity by Sector (TWh),915.6754854667784
"rcp45hotter_ssp5,date=2024-3-6T20:01:59+17:00",USA,CA,elecFinalBySecTWh,Year,2085,Vint_2085,Final Electricity by Sector (TWh),1004.1802586118707
"rcp45hotter_ssp5,date=2024-3-6T20:01:59+17:00",USA,CA,elecFinalBySecTWh,Year,2090,Vint_2090,Final Electricity by Sector (TWh),1133.1931639820052
"rcp45hotter_ssp5,date=2024-3-6T20:01:59+17:00",USA,CA,elecFinalBySecTWh,Year,2095,Vint_2095,Final Electricity by Sector (TWh),1292.715443199596
"rcp45hotter_ssp5,date=2024-3-6T20:01:59+17:00",USA,CA,elecFinalBySecTWh,Year,2100,Vint_2100,Final Electricity by Sector (TWh),1404.6841491380262
"rcp45hotter_ssp5,date=2024-3-6T20:01:59+17:00",USA,CO,elecFinalBySecTWh,Year,1975,Vint_1975,Final Electricity by Sector (TWh),5.003996916666707
"rcp45hotter_ssp5,date=2024-3-6T20:01:59+17:00",USA,CO,elecFinalBySecTWh,Year,1990,Vint_1990,Final Electricity by Sector (TWh),34.347937971666944
"rcp45hotter_ssp5,date=2024-3-6T20:01:59+17:00",USA,CO,elecFinalBySecTWh,Year,2005,Vint_2005,Final Electricity by Sector (TWh),53.84326104086154
"rcp45hotter_ssp5,date=2024-3-6T20:01:59+17:00",USA,CO,elecFinalBySecTWh,Year,2010,Vint_2010,Final Electricity by Sector (TWh),58.170379740278236
"rcp45hotter_ssp5,date=2024-3-6T20:01:59+17:00",USA,CO,elecFinalBySecTWh,Year,2015,Vint_2015,Final Electricity by Sector (TWh),58.69696562861158
"rcp45hotter_ssp5,date=2024-3-6T20:01:59+17:00",USA,CO,elecFinalBySecTWh,Year,2020,Vint_2020,Final Electricity by Sector (TWh),63.41636311965911
"rcp45hotter_ssp5,date=2024-3-6T20:01:59+17:00",USA,CO,elecFinalBySecTWh,Year,2025,Vint_2025,Final Electricity by Sector (TWh),68.90005681997555
"rcp45hotter_ssp5,date=2024-3-6T20:01:59+17:00",USA,CO,elecFinalBySecTWh,Year,2030,Vint_2030,Final Electricity by Sector (TWh),79.08908630035619
"rcp45hotter_ssp5,date=2024-3-6T20:01:59+17:00",USA,CO,elecFinalBySecTWh,Year,2035,Vint_2035,Final Electricity by Sector (TWh),91.70812089790073
"rcp45hotter_ssp5,date=2024-3-6T20:01:59+17:00",USA,CO,elecFinalBySecTWh,Year,2040,Vint_2040,Final Electricity by Sector (TWh),107.32150531131225
"rcp45hotter_ssp5,date=2024-3-6T20:01:59+17:00",USA,CO,elecFinalBySecTWh,Year,2045,Vint_2045,Final Electricity by Sector (TWh),123.23157507884737
"rcp45hotter_ssp5,date=2024-3-6T20:01:59+17:00",USA,CO,elecFinalBySecTWh,Year,2050,Vint_2050,Final Electricity by Sector (TWh),140.94424052351445
"rcp45hotter_ssp5,date=2024-3-6T20:01:59+17:00",USA,CO,elecFinalBySecTWh,Year,2055,Vint_2055,Final Electricity by Sector (TWh),159.05828419585626
"rcp45hotter_ssp5,date=2024-3-6T20:01:59+17:00",USA,CO,elecFinalBySecTWh,Year,2060,Vint_2060,Final Electricity by Sector (TWh),184.67518346079564
"rcp45hotter_ssp5,date=2024-3-6T20:01:59+17:00",USA,CO,elecFinalBySecTWh,Year,2065,Vint_2065,Final Electricity by Sector (TWh),209.4834170295247
"rcp45hotter_ssp5,date=2024-3-6T20:01:59+17:00",USA,CO,elecFinalBySecTWh,Year,2070,Vint_2070,Final Electricity by Sector (TWh),230.74812953185628
"rcp45hotter_ssp5,date=2024-3-6T20:01:59+17:00",USA,CO,elecFinalBySecTWh,Year,2075,Vint_2075,Final Electricity by Sector (TWh),254.89831771205954
"rcp45hotter_ssp5,date=2024-3-6T20:01:59+17:00",USA,CO,elecFinalBySecTWh,Year,2080,Vint_2080,Final Electricity by Sector (TWh),280.62647781200474
"rcp45hotter_ssp5,date=2024-3-6T20:01:59+17:00",USA,CO,elecFinalBySecTWh,Year,2085,Vint_2085,Final Electricity by Sector (TWh),309.96221138887853
"rcp45hotter_ssp5,date=2024-3-6T20:01:59+17:00",USA,CO,elecFinalBySecTWh,Year,2090,Vint_2090,Final Electricity by Sector (TWh),351.20206143804387
"rcp45hotter_ssp5,date=2024-3-6T20:01:59+17:00",USA,CO,elecFinalBySecTWh,Year,2095,Vint_2095,Final Electricity by Sector (TWh),395.92184919238343
"rcp45hotter_ssp5,date=2024-3-6T20:01:59+17:00",USA,CO,elecFinalBySecTWh,Year,2100,Vint_2100,Final Electricity by Sector (TWh),436.1909321633229
"rcp45hotter_ssp5,date=2024-3-6T20:01:59+17:00",USA,CT,elecFinalBySecTWh,Year,1975,Vint_1975,Final Electricity by Sector (TWh),5.544785805555599
"rcp45hotter_ssp5,date=2024-3-6T20:01:59+17:00",USA,CT,elecFinalBySecTWh,Year,1990,Vint_1990,Final Electricity by Sector (TWh),30.161476263333576
"rcp45hotter_ssp5,date=2024-3-6T20:01:59+17:00",USA,CT,elecFinalBySecTWh,Year,2005,Vint_2005,Final Electricity by Sector (TWh),36.9148393036114
"rcp45hotter_ssp5,date=2024-3-6T20:01:59+17:00",USA,CT,elecFinalBySecTWh,Year,2010,Vint_2010,Final Electricity by Sector (TWh),33.60747453916693
"rcp45hotter_ssp5,date=2024-3-6T20:01:59+17:00",USA,CT,elecFinalBySecTWh,Year,2015,Vint_2015,Final Electricity by Sector (TWh),32.390085778889144
"rcp45hotter_ssp5,date=2024-3-6T20:01:59+17:00",USA,CT,elecFinalBySecTWh,Year,2020,Vint_2020,Final Electricity by Sector (TWh),32.12761285839886
"rcp45hotter_ssp5,date=2024-3-6T20:01:59+17:00",USA,CT,elecFinalBySecTWh,Year,2025,Vint_2025,Final Electricity by Sector (TWh),31.50145653282803
"rcp45hotter_ssp5,date=2024-3-6T20:01:59+17:00",USA,CT,elecFinalBySecTWh,Year,2030,Vint_2030,Final Electricity by Sector (TWh),32.9819547663886
"rcp45hotter_ssp5,date=2024-3-6T20:01:59+17:00",USA,CT,elecFinalBySecTWh,Year,2035,Vint_2035,Final Electricity by Sector (TWh),35.0345119603425
"rcp45hotter_ssp5,date=2024-3-6T20:01:59+17:00",USA,CT,elecFinalBySecTWh,Year,2040,Vint_2040,Final Electricity by Sector (TWh),37.83463716322058
"rcp45hotter_ssp5,date=2024-3-6T20:01:59+17:00",USA,CT,elecFinalBySecTWh,Year,2045,Vint_2045,Final Electricity by Sector (TWh),41.520382484921996
"rcp45hotter_ssp5,date=2024-3-6T20:01:59+17:00",USA,CT,elecFinalBySecTWh,Year,2050,Vint_2050,Final Electricity by Sector (TWh),45.7651139491837
"rcp45hotter_ssp5,date=2024-3-6T20:01:59+17:00",USA,CT,elecFinalBySecTWh,Year,2055,Vint_2055,Final Electricity by Sector (TWh),50.89879288430262
"rcp45hotter_ssp5,date=2024-3-6T20:01:59+17:00",USA,CT,elecFinalBySecTWh,Year,2060,Vint_2060,Final Electricity by Sector (TWh),56.651246553454065
"rcp45hotter_ssp5,date=2024-3-6T20:01:59+17:00",USA,CT,elecFinalBySecTWh,Year,2065,Vint_2065,Final Electricity by Sector (TWh),60.461786715034926
"rcp45hotter_ssp5,date=2024-3-6T20:01:59+17:00",USA,CT,elecFinalBySecTWh,Year,2070,Vint_2070,Final Electricity by Sector (TWh),65.40960606682609
"rcp45hotter_ssp5,date=2024-3-6T20:01:59+17:00",USA,CT,elecFinalBySecTWh,Year,2075,Vint_2075,Final Electricity by Sector (TWh),70.36851712763807
"rcp45hotter_ssp5,date=2024-3-6T20:01:59+17:00",USA,CT,elecFinalBySecTWh,Year,2080,Vint_2080,Final Electricity by Sector (TWh),76.43554445432923
"rcp45hotter_ssp5,date=2024-3-6T20:01:59+17:00",USA,CT,elecFinalBySecTWh,Year,2085,Vint_2085,Final Electricity by Sector (TWh),83.68681642796011
"rcp45hotter_ssp5,date=2024-3-6T20:01:59+17:00",USA,CT,elecFinalBySecTWh,Year,2090,Vint_2090,Final Electricity by Sector (TWh),90.70991447977016
"rcp45hotter_ssp5,date=2024-3-6T20:01:59+17:00",USA,CT,elecFinalBySecTWh,Year,2095,Vint_2095,Final Electricity by Sector (TWh),99.99640355730774
"rcp45hotter_ssp5,date=2024-3-6T20:01:59+17:00",USA,CT,elecFinalBySecTWh,Year,2100,Vint_2100,Final Electricity by Sector (TWh),105.95834177688695
"rcp45hotter_ssp5,date=2024-3-6T20:01:59+17:00",USA,DC,elecFinalBySecTWh,Year,1975,Vint_1975,Final Electricity by Sector (TWh),2.7339468055555773
"rcp45hotter_ssp5,date=2024-3-6T20:01:59+17:00",USA,DC,elecFinalBySecTWh,Year,1990,Vint_1990,Final Electricity by Sector (TWh),10.855440955238976
"rcp45hotter_ssp5,date=2024-3-6T20:01:59+17:00",USA,DC,elecFinalBySecTWh,Year,2005,Vint_2005,Final Electricity by Sector (TWh),13.189032323722328
"rcp45hotter_ssp5,date=2024-3-6T20:01:59+17:00",USA,DC,elecFinalBySecTWh,Year,2010,Vint_2010,Final Electricity by Sector (TWh),13.114487981472328
"rcp45hotter_ssp5,date=2024-3-6T20:01:59+17:00",USA,DC,elecFinalBySecTWh,Year,2015,Vint_2015,Final Electricity by Sector (TWh),12.502979601805656
"rcp45hotter_ssp5,date=2024-3-6T20:01:59+17:00",USA,DC,elecFinalBySecTWh,Year,2020,Vint_2020,Final Electricity by Sector (TWh),13.43461612833094
"rcp45hotter_ssp5,date=2024-3-6T20:01:59+17:00",USA,DC,elecFinalBySecTWh,Year,2025,Vint_2025,Final Electricity by Sector (TWh),13.392435394971217
"rcp45hotter_ssp5,date=2024-3-6T20:01:59+17:00",USA,DC,elecFinalBySecTWh,Year,2030,Vint_2030,Final Electricity by Sector (TWh),13.560485508808442
"rcp45hotter_ssp5,date=2024-3-6T20:01:59+17:00",USA,DC,elecFinalBySecTWh,Year,2035,Vint_2035,Final Electricity by Sector (TWh),13.651309729473997
"rcp45hotter_ssp5,date=2024-3-6T20:01:59+17:00",USA,DC,elecFinalBySecTWh,Year,2040,Vint_2040,Final Electricity by Sector (TWh),13.359693408258718
"rcp45hotter_ssp5,date=2024-3-6T20:01:59+17:00",USA,DC,elecFinalBySecTWh,Year,2045,Vint_2045,Final Electricity by Sector (TWh),14.393799240762892
"rcp45hotter_ssp5,date=2024-3-6T20:01:59+17:00",USA,DC,elecFinalBySecTWh,Year,2050,Vint_2050,Final Electricity by Sector (TWh),14.505127262052337
"rcp45hotter_ssp5,date=2024-3-6T20:01:59+17:00",USA,DC,elecFinalBySecTWh,Year,2055,Vint_2055,Final Electricity by Sector (TWh),15.479036039718457
"rcp45hotter_ssp5,date=2024-3-6T20:01:59+17:00",USA,DC,elecFinalBySecTWh,Year,2060,Vint_2060,Final Electricity by Sector (TWh),16.661232614370967
"rcp45hotter_ssp5,date=2024-3-6T20:01:59+17:00",USA,DC,elecFinalBySecTWh,Year,2065,Vint_2065,Final Electricity by Sector (TWh),17.80631812129931
"rcp45hotter_ssp5,date=2024-3-6T20:01:59+17:00",USA,DC,elecFinalBySecTWh,Year,2070,Vint_2070,Final Electricity by Sector (TWh),19.074087332517372
"rcp45hotter_ssp5,date=2024-3-6T20:01:59+17:00",USA,DC,elecFinalBySecTWh,Year,2075,Vint_2075,Final Electricity by Sector (TWh),20.500157854864884
"rcp45hotter_ssp5,date=2024-3-6T20:01:59+17:00",USA,DC,elecFinalBySecTWh,Year,2080,Vint_2080,Final Electricity by Sector (TWh),21.918526211674344
"rcp45hotter_ssp5,date=2024-3-6T20:01:59+17:00",USA,DC,elecFinalBySecTWh,Year,2085,Vint_2085,Final Electricity by Sector (TWh),23.503055666997966
"rcp45hotter_ssp5,date=2024-3-6T20:01:59+17:00",USA,DC,elecFinalBySecTWh,Year,2090,Vint_2090,Final Electricity by Sector (TWh),24.75571122772353
"rcp45hotter_ssp5,date=2024-3-6T20:01:59+17:00",USA,DC,elecFinalBySecTWh,Year,2095,Vint_2095,Final Electricity by Sector (TWh),27.287762247654662
"rcp45hotter_ssp5,date=2024-3-6T20:01:59+17:00",USA,DC,elecFinalBySecTWh,Year,2100,Vint_2100,Final Electricity by Sector (TWh),29.28192115880551
"rcp45hotter_ssp5,date=2024-3-6T20:01:59+17:00",USA,DE,elecFinalBySecTWh,Year,1975,Vint_1975,Final Electricity by Sector (TWh),2.3196814444444627
"rcp45hotter_ssp5,date=2024-3-6T20:01:59+17:00",USA,DE,elecFinalBySecTWh,Year,1990,Vint_1990,Final Electricity by Sector (TWh),9.142699089694517
"rcp45hotter_ssp5,date=2024-3-6T20:01:59+17:00",USA,DE,elecFinalBySecTWh,Year,2005,Vint_2005,Final Electricity by Sector (TWh),13.406298210111219
"rcp45hotter_ssp5,date=2024-3-6T20:01:59+17:00",USA,DE,elecFinalBySecTWh,Year,2010,Vint_2010,Final Electricity by Sector (TWh),12.751287170750102
"rcp45hotter_ssp5,date=2024-3-6T20:01:59+17:00",USA,DE,elecFinalBySecTWh,Year,2015,Vint_2015,Final Electricity by Sector (TWh),12.517683148000101
"rcp45hotter_ssp5,date=2024-3-6T20:01:59+17:00",USA,DE,elecFinalBySecTWh,Year,2020,Vint_2020,Final Electricity by Sector (TWh),12.86303320044149
"rcp45hotter_ssp5,date=2024-3-6T20:01:59+17:00",USA,DE,elecFinalBySecTWh,Year,2025,Vint_2025,Final Electricity by Sector (TWh),13.015426390784548
"rcp45hotter_ssp5,date=2024-3-6T20:01:59+17:00",USA,DE,elecFinalBySecTWh,Year,2030,Vint_2030,Final Electricity by Sector (TWh),14.255391198152893
"rcp45hotter_ssp5,date=2024-3-6T20:01:59+17:00",USA,DE,elecFinalBySecTWh,Year,2035,Vint_2035,Final Electricity by Sector (TWh),15.469505413264846
"rcp45hotter_ssp5,date=2024-3-6T20:01:59+17:00",USA,DE,elecFinalBySecTWh,Year,2040,Vint_2040,Final Electricity by Sector (TWh),16.395551375553186
"rcp45hotter_ssp5,date=2024-3-6T20:01:59+17:00",USA,DE,elecFinalBySecTWh,Year,2045,Vint_2045,Final Electricity by Sector (TWh),18.030805330098758
"rcp45hotter_ssp5,date=2024-3-6T20:01:59+17:00",USA,DE,elecFinalBySecTWh,Year,2050,Vint_2050,Final Electricity by Sector (TWh),19.181591066861543
"rcp45hotter_ssp5,date=2024-3-6T20:01:59+17:00",USA,DE,elecFinalBySecTWh,Year,2055,Vint_2055,Final Electricity by Sector (TWh),21.02000957794572
"rcp45hotter_ssp5,date=2024-3-6T20:01:59+17:00",USA,DE,elecFinalBySecTWh,Year,2060,Vint_2060,Final Electricity by Sector (TWh),23.288522422476852
"rcp45hotter_ssp5,date=2024-3-6T20:01:59+17:00",USA,DE,elecFinalBySecTWh,Year,2065,Vint_2065,Final Electricity by Sector (TWh),25.80297243467743
"rcp45hotter_ssp5,date=2024-3-6T20:01:59+17:00",USA,DE,elecFinalBySecTWh,Year,2070,Vint_2070,Final Electricity by Sector (TWh),28.530248645830504
"rcp45hotter_ssp5,date=2024-3-6T20:01:59+17:00",USA,DE,elecFinalBySecTWh,Year,2075,Vint_2075,Final Electricity by Sector (TWh),31.487447458881082
"rcp45hotter_ssp5,date=2024-3-6T20:01:59+17:00",USA,DE,elecFinalBySecTWh,Year,2080,Vint_2080,Final Electricity by Sector (TWh),34.27915682687721
"rcp45hotter_ssp5,date=2024-3-6T20:01:59+17:00",USA,DE,elecFinalBySecTWh,Year,2085,Vint_2085,Final Electricity by Sector (TWh),38.210838238591414
"rcp45hotter_ssp5,date=2024-3-6T20:01:59+17:00",USA,DE,elecFinalBySecTWh,Year,2090,Vint_2090,Final Electricity by Sector (TWh),42.47752540345256
"rcp45hotter_ssp5,date=2024-3-6T20:01:59+17:00",USA,DE,elecFinalBySecTWh,Year,2095,Vint_2095,Final Electricity by Sector (TWh),49.788067061710116
"rcp45hotter_ssp5,date=2024-3-6T20:01:59+17:00",USA,DE,elecFinalBySecTWh,Year,2100,Vint_2100,Final Electricity by Sector (TWh),55.528369550998775
"rcp45hotter_ssp5,date=2024-3-6T20:01:59+17:00",USA,FL,elecFinalBySecTWh,Year,1975,Vint_1975,Final Electricity by Sector (TWh),15.196055611111232
"rcp45hotter_ssp5,date=2024-3-6T20:01:59+17:00",USA,FL,elecFinalBySecTWh,Year,1990,Vint_1990,Final Electricity by Sector (TWh),159.87559776639017
"rcp45hotter_ssp5,date=2024-3-6T20:01:59+17:00",USA,FL,elecFinalBySecTWh,Year,2005,Vint_2005,Final Electricity by Sector (TWh),252.7412904127798
"rcp45hotter_ssp5,date=2024-3-6T20:01:59+17:00",USA,FL,elecFinalBySecTWh,Year,2010,Vint_2010,Final Electricity by Sector (TWh),256.76660379777985
"rcp45hotter_ssp5,date=2024-3-6T20:01:59+17:00",USA,FL,elecFinalBySecTWh,Year,2015,Vint_2015,Final Electricity by Sector (TWh),259.83033928777985
"rcp45hotter_ssp5,date=2024-3-6T20:01:59+17:00",USA,FL,elecFinalBySecTWh,Year,2020,Vint_2020,Final Electricity by Sector (TWh),280.0834425399189
"rcp45hotter_ssp5,date=2024-3-6T20:01:59+17:00",USA,FL,elecFinalBySecTWh,Year,2025,Vint_2025,Final Electricity by Sector (TWh),285.10036005419676
"rcp45hotter_ssp5,date=2024-3-6T20:01:59+17:00",USA,FL,elecFinalBySecTWh,Year,2030,Vint_2030,Final Electricity by Sector (TWh),301.24803971594685
"rcp45hotter_ssp5,date=2024-3-6T20:01:59+17:00",USA,FL,elecFinalBySecTWh,Year,2035,Vint_2035,Final Electricity by Sector (TWh),319.1497461691414
"rcp45hotter_ssp5,date=2024-3-6T20:01:59+17:00",USA,FL,elecFinalBySecTWh,Year,2040,Vint_2040,Final Electricity by Sector (TWh),345.41831800751663
"rcp45hotter_ssp5,date=2024-3-6T20:01:59+17:00",USA,FL,elecFinalBySecTWh,Year,2045,Vint_2045,Final Electricity by Sector (TWh),371.52301923879014
"rcp45hotter_ssp5,date=2024-3-6T20:01:59+17:00",USA,FL,elecFinalBySecTWh,Year,2050,Vint_2050,Final Electricity by Sector (TWh),405.78041164009767
"rcp45hotter_ssp5,date=2024-3-6T20:01:59+17:00",USA,FL,elecFinalBySecTWh,Year,2055,Vint_2055,Final Electricity by Sector (TWh),427.66348073192006
"rcp45hotter_ssp5,date=2024-3-6T20:01:59+17:00",USA,FL,elecFinalBySecTWh,Year,2060,Vint_2060,Final Electricity by Sector (TWh),467.1176223343454
"rcp45hotter_ssp5,date=2024-3-6T20:01:59+17:00",USA,FL,elecFinalBySecTWh,Year,2065,Vint_2065,Final Electricity by Sector (TWh),505.93509162359294
"rcp45hotter_ssp5,date=2024-3-6T20:01:59+17:00",USA,FL,elecFinalBySecTWh,Year,2070,Vint_2070,Final Electricity by Sector (TWh),548.6413140921071
"rcp45hotter_ssp5,date=2024-3-6T20:01:59+17:00",USA,FL,elecFinalBySecTWh,Year,2075,Vint_2075,Final Electricity by Sector (TWh),581.9001649855268
"rcp45hotter_ssp5,date=2024-3-6T20:01:59+17:00",USA,FL,elecFinalBySecTWh,Year,2080,Vint_2080,Final Electricity by Sector (TWh),633.5453937065384
"rcp45hotter_ssp5,date=2024-3-6T20:01:59+17:00",USA,FL,elecFinalBySecTWh,Year,2085,Vint_2085,Final Electricity by Sector (TWh),688.1319023396082
"rcp45hotter_ssp5,date=2024-3-6T20:01:59+17:00",USA,FL,elecFinalBySecTWh,Year,2090,Vint_2090,Final Electricity by Sector (TWh),761.1859046899812
"rcp45hotter_ssp5,date=2024-3-6T20:01:59+17:00",USA,FL,elecFinalBySecTWh,Year,2095,Vint_2095,Final Electricity by Sector (TWh),815.1552943236399
"rcp45hotter_ssp5,date=2024-3-6T20:01:59+17:00",USA,FL,elecFinalBySecTWh,Year,2100,Vint_2100,Final Electricity by Sector (TWh),882.5697187018792
"rcp45hotter_ssp5,date=2024-3-6T20:01:59+17:00",USA,GA,elecFinalBySecTWh,Year,1975,Vint_1975,Final Electricity by Sector (TWh),15.3370767777779
"rcp45hotter_ssp5,date=2024-3-6T20:01:59+17:00",USA,GA,elecFinalBySecTWh,Year,1990,Vint_1990,Final Electricity by Sector (TWh),89.20667624197294
"rcp45hotter_ssp5,date=2024-3-6T20:01:59+17:00",USA,GA,elecFinalBySecTWh,Year,2005,Vint_2005,Final Electricity by Sector (TWh),146.5984066024456
"rcp45hotter_ssp5,date=2024-3-6T20:01:59+17:00",USA,GA,elecFinalBySecTWh,Year,2010,Vint_2010,Final Electricity by Sector (TWh),154.84484275158457
"rcp45hotter_ssp5,date=2024-3-6T20:01:59+17:00",USA,GA,elecFinalBySecTWh,Year,2015,Vint_2015,Final Electricity by Sector (TWh),147.64499687519563
"rcp45hotter_ssp5,date=2024-3-6T20:01:59+17:00",USA,GA,elecFinalBySecTWh,Year,2020,Vint_2020,Final Electricity by Sector (TWh),154.76685635575677
"rcp45hotter_ssp5,date=2024-3-6T20:01:59+17:00",USA,GA,elecFinalBySecTWh,Year,2025,Vint_2025,Final Electricity by Sector (TWh),159.89694956149572
"rcp45hotter_ssp5,date=2024-3-6T20:01:59+17:00",USA,GA,elecFinalBySecTWh,Year,2030,Vint_2030,Final Electricity by Sector (TWh),173.31787242338194
"rcp45hotter_ssp5,date=2024-3-6T20:01:59+17:00",USA,GA,elecFinalBySecTWh,Year,2035,Vint_2035,Final Electricity by Sector (TWh),181.2669342534942
"rcp45hotter_ssp5,date=2024-3-6T20:01:59+17:00",USA,GA,elecFinalBySecTWh,Year,2040,Vint_2040,Final Electricity by Sector (TWh),199.57687799120936
"rcp45hotter_ssp5,date=2024-3-6T20:01:59+17:00",USA,GA,elecFinalBySecTWh,Year,2045,Vint_2045,Final Electricity by Sector (TWh),210.45119381006415
"rcp45hotter_ssp5,date=2024-3-6T20:01:59+17:00",USA,GA,elecFinalBySecTWh,Year,2050,Vint_2050,Final Electricity by Sector (TWh),230.76188432334905
"rcp45hotter_ssp5,date=2024-3-6T20:01:59+17:00",USA,GA,elecFinalBySecTWh,Year,2055,Vint_2055,Final Electricity by Sector (TWh),243.58787924412027
"rcp45hotter_ssp5,date=2024-3-6T20:01:59+17:00",USA,GA,elecFinalBySecTWh,Year,2060,Vint_2060,Final Electricity by Sector (TWh),278.8245933135486
"rcp45hotter_ssp5,date=2024-3-6T20:01:59+17:00",USA,GA,elecFinalBySecTWh,Year,2065,Vint_2065,Final Electricity by Sector (TWh),306.7590466738452
"rcp45hotter_ssp5,date=2024-3-6T20:01:59+17:00",USA,GA,elecFinalBySecTWh,Year,2070,Vint_2070,Final Electricity by Sector (TWh),332.32439840533095
"rcp45hotter_ssp5,date=2024-3-6T20:01:59+17:00",USA,GA,elecFinalBySecTWh,Year,2075,Vint_2075,Final Electricity by Sector (TWh),367.20170500950184
"rcp45hotter_ssp5,date=2024-3-6T20:01:59+17:00",USA,GA,elecFinalBySecTWh,Year,2080,Vint_2080,Final Electricity by Sector (TWh),420.3746058584978
"rcp45hotter_ssp5,date=2024-3-6T20:01:59+17:00",USA,GA,elecFinalBySecTWh,Year,2085,Vint_2085,Final Electricity by Sector (TWh),469.3810274269899
"rcp45hotter_ssp5,date=2024-3-6T20:01:59+17:00",USA,GA,elecFinalBySecTWh,Year,2090,Vint_2090,Final Electricity by Sector (TWh),551.427254835246
"rcp45hotter_ssp5,date=2024-3-6T20:01:59+17:00",USA,GA,elecFinalBySecTWh,Year,2095,Vint_2095,Final Electricity by Sector (TWh),617.2972339679816
"rcp45hotter_ssp5,date=2024-3-6T20:01:59+17:00",USA,GA,elecFinalBySecTWh,Year,2100,Vint_2100,Final Electricity by Sector (TWh),682.4968564292026
"rcp45hotter_ssp5,date=2024-3-6T20:01:59+17:00",USA,HI,elecFinalBySecTWh,Year,1975,Vint_1975,Final Electricity by Sector (TWh),2.731667583333355
"rcp45hotter_ssp5,date=2024-3-6T20:01:59+17:00",USA,HI,elecFinalBySecTWh,Year,1990,Vint_1990,Final Electricity by Sector (TWh),9.16554210916674
"rcp45hotter_ssp5,date=2024-3-6T20:01:59+17:00",USA,HI,elecFinalBySecTWh,Year,2005,Vint_2005,Final Electricity by Sector (TWh),11.560515653611203
"rcp45hotter_ssp5,date=2024-3-6T20:01:59+17:00",USA,HI,elecFinalBySecTWh,Year,2010,Vint_2010,Final Electricity by Sector (TWh),10.924982151388976
"rcp45hotter_ssp5,date=2024-3-6T20:01:59+17:00",USA,HI,elecFinalBySecTWh,Year,2015,Vint_2015,Final Electricity by Sector (TWh),10.194628702611192
"rcp45hotter_ssp5,date=2024-3-6T20:01:59+17:00",USA,HI,elecFinalBySecTWh,Year,2020,Vint_2020,Final Electricity by Sector (TWh),11.967873986388428
"rcp45hotter_ssp5,date=2024-3-6T20:01:59+17:00",USA,HI,elecFinalBySecTWh,Year,2025,Vint_2025,Final Electricity by Sector (TWh),13.421146988252607
"rcp45hotter_ssp5,date=2024-3-6T20:01:59+17:00",USA,HI,elecFinalBySecTWh,Year,2030,Vint_2030,Final Electricity by Sector (TWh),14.725279407234007
"rcp45hotter_ssp5,date=2024-3-6T20:01:59+17:00",USA,HI,elecFinalBySecTWh,Year,2035,Vint_2035,Final Electricity by Sector (TWh),16.107031463125683
"rcp45hotter_ssp5,date=2024-3-6T20:01:59+17:00",USA,HI,elecFinalBySecTWh,Year,2040,Vint_2040,Final Electricity by Sector (TWh),17.493732336469307
"rcp45hotter_ssp5,date=2024-3-6T20:01:59+17:00",USA,HI,elecFinalBySecTWh,Year,2045,Vint_2045,Final Electricity by Sector (TWh),18.759187395412372
"rcp45hotter_ssp5,date=2024-3-6T20:01:59+17:00",USA,HI,elecFinalBySecTWh,Year,2050,Vint_2050,Final Electricity by Sector (TWh),19.93725854838988
"rcp45hotter_ssp5,date=2024-3-6T20:01:59+17:00",USA,HI,elecFinalBySecTWh,Year,2055,Vint_2055,Final Electricity by Sector (TWh),21.34371504266295
"rcp45hotter_ssp5,date=2024-3-6T20:01:59+17:00",USA,HI,elecFinalBySecTWh,Year,2060,Vint_2060,Final Electricity by Sector (TWh),22.892382235194628
"rcp45hotter_ssp5,date=2024-3-6T20:01:59+17:00",USA,HI,elecFinalBySecTWh,Year,2065,Vint_2065,Final Electricity by Sector (TWh),24.485889927409087
"rcp45hotter_ssp5,date=2024-3-6T20:01:59+17:00",USA,HI,elecFinalBySecTWh,Year,2070,Vint_2070,Final Electricity by Sector (TWh),26.016046176827984
"rcp45hotter_ssp5,date=2024-3-6T20:01:59+17:00",USA,HI,elecFinalBySecTWh,Year,2075,Vint_2075,Final Electricity by Sector (TWh),27.534282512422163
"rcp45hotter_ssp5,date=2024-3-6T20:01:59+17:00",USA,HI,elecFinalBySecTWh,Year,2080,Vint_2080,Final Electricity by Sector (TWh),29.08903584140384
"rcp45hotter_ssp5,date=2024-3-6T20:01:59+17:00",USA,HI,elecFinalBySecTWh,Year,2085,Vint_2085,Final Electricity by Sector (TWh),30.784873999847466
"rcp45hotter_ssp5,date=2024-3-6T20:01:59+17:00",USA,HI,elecFinalBySecTWh,Year,2090,Vint_2090,Final Electricity by Sector (TWh),32.61508851864082
"rcp45hotter_ssp5,date=2024-3-6T20:01:59+17:00",USA,HI,elecFinalBySecTWh,Year,2095,Vint_2095,Final Electricity by Sector (TWh),34.60293805668583
"rcp45hotter_ssp5,date=2024-3-6T20:01:59+17:00",USA,HI,elecFinalBySecTWh,Year,2100,Vint_2100,Final Electricity by Sector (TWh),36.683720049185844
"rcp45hotter_ssp5,date=2024-3-6T20:01:59+17:00",USA,IA,elecFinalBySecTWh,Year,1975,Vint_1975,Final Electricity by Sector (TWh),7.342771472222281
"rcp45hotter_ssp5,date=2024-3-6T20:01:59+17:00",USA,IA,elecFinalBySecTWh,Year,1990,Vint_1990,Final Electricity by Sector (TWh),32.68429882852804
"rcp45hotter_ssp5,date=2024-3-6T20:01:59+17:00",USA,IA,elecFinalBySecTWh,Year,2005,Vint_2005,Final Electricity by Sector (TWh),47.00881971916704
"rcp45hotter_ssp5,date=2024-3-6T20:01:59+17:00",USA,IA,elecFinalBySecTWh,Year,2010,Vint_2010,Final Electricity by Sector (TWh),49.61866208722262
"rcp45hotter_ssp5,date=2024-3-6T20:01:59+17:00",USA,IA,elecFinalBySecTWh,Year,2015,Vint_2015,Final Electricity by Sector (TWh),50.46947328888929
"rcp45hotter_ssp5,date=2024-3-6T20:01:59+17:00",USA,IA,elecFinalBySecTWh,Year,2020,Vint_2020,Final Electricity by Sector (TWh),52.85713082022264
"rcp45hotter_ssp5,date=2024-3-6T20:01:59+17:00",USA,IA,elecFinalBySecTWh,Year,2025,Vint_2025,Final Electricity by Sector (TWh),54.15789492394766
"rcp45hotter_ssp5,date=2024-3-6T20:01:59+17:00",USA,IA,elecFinalBySecTWh,Year,2030,Vint_2030,Final Electricity by Sector (TWh),58.570183828139356
"rcp45hotter_ssp5,date=2024-3-6T20:01:59+17:00",USA,IA,elecFinalBySecTWh,Year,2035,Vint_2035,Final Electricity by Sector (TWh),64.32074885729217
"rcp45hotter_ssp5,date=2024-3-6T20:01:59+17:00",USA,IA,elecFinalBySecTWh,Year,2040,Vint_2040,Final Electricity by Sector (TWh),73.97141277812003
"rcp45hotter_ssp5,date=2024-3-6T20:01:59+17:00",USA,IA,elecFinalBySecTWh,Year,2045,Vint_2045,Final Electricity by Sector (TWh),83.11833650106205
"rcp45hotter_ssp5,date=2024-3-6T20:01:59+17:00",USA,IA,elecFinalBySecTWh,Year,2050,Vint_2050,Final Electricity by Sector (TWh),94.37041545945381
"rcp45hotter_ssp5,date=2024-3-6T20:01:59+17:00",USA,IA,elecFinalBySecTWh,Year,2055,Vint_2055,Final Electricity by Sector (TWh),107.32507829290196
"rcp45hotter_ssp5,date=2024-3-6T20:01:59+17:00",USA,IA,elecFinalBySecTWh,Year,2060,Vint_2060,Final Electricity by Sector (TWh),123.39211778392043
"rcp45hotter_ssp5,date=2024-3-6T20:01:59+17:00",USA,IA,elecFinalBySecTWh,Year,2065,Vint_2065,Final Electricity by Sector (TWh),137.77560446528915
"rcp45hotter_ssp5,date=2024-3-6T20:01:59+17:00",USA,IA,elecFinalBySecTWh,Year,2070,Vint_2070,Final Electricity by Sector (TWh),152.5127038073068
"rcp45hotter_ssp5,date=2024-3-6T20:01:59+17:00",USA,IA,elecFinalBySecTWh,Year,2075,Vint_2075,Final Electricity by Sector (TWh),167.22482321716635
"rcp45hotter_ssp5,date=2024-3-6T20:01:59+17:00",USA,IA,elecFinalBySecTWh,Year,2080,Vint_2080,Final Electricity by Sector (TWh),188.01015599325956
"rcp45hotter_ssp5,date=2024-3-6T20:01:59+17:00",USA,IA,elecFinalBySecTWh,Year,2085,Vint_2085,Final Electricity by Sector (TWh),209.72918556557946
"rcp45hotter_ssp5,date=2024-3-6T20:01:59+17:00",USA,IA,elecFinalBySecTWh,Year,2090,Vint_2090,Final Electricity by Sector (TWh),232.3216892989552
"rcp45hotter_ssp5,date=2024-3-6T20:01:59+17:00",USA,IA,elecFinalBySecTWh,Year,2095,Vint_2095,Final Electricity by Sector (TWh),256.64623289544176
"rcp45hotter_ssp5,date=2024-3-6T20:01:59+17:00",USA,IA,elecFinalBySecTWh,Year,2100,Vint_2100,Final Electricity by Sector (TWh),270.6982983237666
"rcp45hotter_ssp5,date=2024-3-6T20:01:59+17:00",USA,ID,elecFinalBySecTWh,Year,1975,Vint_1975,Final Electricity by Sector (TWh),5.588275944444489
"rcp45hotter_ssp5,date=2024-3-6T20:01:59+17:00",USA,ID,elecFinalBySecTWh,Year,1990,Vint_1990,Final Electricity by Sector (TWh),19.933343617530713
"rcp45hotter_ssp5,date=2024-3-6T20:01:59+17:00",USA,ID,elecFinalBySecTWh,Year,2005,Vint_2005,Final Electricity by Sector (TWh),24.01448767097519
"rcp45hotter_ssp5,date=2024-3-6T20:01:59+17:00",USA,ID,elecFinalBySecTWh,Year,2010,Vint_2010,Final Electricity by Sector (TWh),24.887737467883532
"rcp45hotter_ssp5,date=2024-3-6T20:01:59+17:00",USA,ID,elecFinalBySecTWh,Year,2015,Vint_2015,Final Electricity by Sector (TWh),24.749507376189086
"rcp45hotter_ssp5,date=2024-3-6T20:01:59+17:00",USA,ID,elecFinalBySecTWh,Year,2020,Vint_2020,Final Electricity by Sector (TWh),27.470232114100217
"rcp45hotter_ssp5,date=2024-3-6T20:01:59+17:00",USA,ID,elecFinalBySecTWh,Year,2025,Vint_2025,Final Electricity by Sector (TWh),30.519737114497467
"rcp45hotter_ssp5,date=2024-3-6T20:01:59+17:00",USA,ID,elecFinalBySecTWh,Year,2030,Vint_2030,Final Electricity by Sector (TWh),34.285658893385275
"rcp45hotter_ssp5,date=2024-3-6T20:01:59+17:00",USA,ID,elecFinalBySecTWh,Year,2035,Vint_2035,Final Electricity by Sector (TWh),37.74551660790308
"rcp45hotter_ssp5,date=2024-3-6T20:01:59+17:00",USA,ID,elecFinalBySecTWh,Year,2040,Vint_2040,Final Electricity by Sector (TWh),42.188625289364225
"rcp45hotter_ssp5,date=2024-3-6T20:01:59+17:00",USA,ID,elecFinalBySecTWh,Year,2045,Vint_2045,Final Electricity by Sector (TWh),47.59303364161705
"rcp45hotter_ssp5,date=2024-3-6T20:01:59+17:00",USA,ID,elecFinalBySecTWh,Year,2050,Vint_2050,Final Electricity by Sector (TWh),53.5291848498357
"rcp45hotter_ssp5,date=2024-3-6T20:01:59+17:00",USA,ID,elecFinalBySecTWh,Year,2055,Vint_2055,Final Electricity by Sector (TWh),60.18481511195826
"rcp45hotter_ssp5,date=2024-3-6T20:01:59+17:00",USA,ID,elecFinalBySecTWh,Year,2060,Vint_2060,Final Electricity by Sector (TWh),68.64370190259638
"rcp45hotter_ssp5,date=2024-3-6T20:01:59+17:00",USA,ID,elecFinalBySecTWh,Year,2065,Vint_2065,Final Electricity by Sector (TWh),78.15886505552507
"rcp45hotter_ssp5,date=2024-3-6T20:01:59+17:00",USA,ID,elecFinalBySecTWh,Year,2070,Vint_2070,Final Electricity by Sector (TWh),86.58531279327957
"rcp45hotter_ssp5,date=2024-3-6T20:01:59+17:00",USA,ID,elecFinalBySecTWh,Year,2075,Vint_2075,Final Electricity by Sector (TWh),94.73670284581965
"rcp45hotter_ssp5,date=2024-3-6T20:01:59+17:00",USA,ID,elecFinalBySecTWh,Year,2080,Vint_2080,Final Electricity by Sector (TWh),105.1195885759489
"rcp45hotter_ssp5,date=2024-3-6T20:01:59+17:00",USA,ID,elecFinalBySecTWh,Year,2085,Vint_2085,Final Electricity by Sector (TWh),117.8521033217837
"rcp45hotter_ssp5,date=2024-3-6T20:01:59+17:00",USA,ID,elecFinalBySecTWh,Year,2090,Vint_2090,Final Electricity by Sector (TWh),132.45714381232662
"rcp45hotter_ssp5,date=2024-3-6T20:01:59+17:00",USA,ID,elecFinalBySecTWh,Year,2095,Vint_2095,Final Electricity by Sector (TWh),146.56292860706117
"rcp45hotter_ssp5,date=2024-3-6T20:01:59+17:00",USA,ID,elecFinalBySecTWh,Year,2100,Vint_2100,Final Electricity by Sector (TWh),158.354900951679
"rcp45hotter_ssp5,date=2024-3-6T20:01:59+17:00",USA,IL,elecFinalBySecTWh,Year,1975,Vint_1975,Final Electricity by Sector (TWh),33.34342010277804
"rcp45hotter_ssp5,date=2024-3-6T20:01:59+17:00",USA,IL,elecFinalBySecTWh,Year,1990,Vint_1990,Final Electricity by Sector (TWh),123.65015429361209
"rcp45hotter_ssp5,date=2024-3-6T20:01:59+17:00",USA,IL,elecFinalBySecTWh,Year,2005,Vint_2005,Final Electricity by Sector (TWh),160.17036576305682
"rcp45hotter_ssp5,date=2024-3-6T20:01:59+17:00",USA,IL,elecFinalBySecTWh,Year,2010,Vint_2010,Final Electricity by Sector (TWh),158.68344652972348
"rcp45hotter_ssp5,date=2024-3-6T20:01:59+17:00",USA,IL,elecFinalBySecTWh,Year,2015,Vint_2015,Final Electricity by Sector (TWh),149.97344567333454
"rcp45hotter_ssp5,date=2024-3-6T20:01:59+17:00",USA,IL,elecFinalBySecTWh,Year,2020,Vint_2020,Final Electricity by Sector (TWh),154.50353316233455
"rcp45hotter_ssp5,date=2024-3-6T20:01:59+17:00",USA,IL,elecFinalBySecTWh,Year,2025,Vint_2025,Final Electricity by Sector (TWh),152.88166784607344
"rcp45hotter_ssp5,date=2024-3-6T20:01:59+17:00",USA,IL,elecFinalBySecTWh,Year,2030,Vint_2030,Final Electricity by Sector (TWh),161.38823434716795
"rcp45hotter_ssp5,date=2024-3-6T20:01:59+17:00",USA,IL,elecFinalBySecTWh,Year,2035,Vint_2035,Final Electricity by Sector (TWh),166.34440338363189
"rcp45hotter_ssp5,date=2024-3-6T20:01:59+17:00",USA,IL,elecFinalBySecTWh,Year,2040,Vint_2040,Final Electricity by Sector (TWh),179.97319381327367
"rcp45hotter_ssp5,date=2024-3-6T20:01:59+17:00",USA,IL,elecFinalBySecTWh,Year,2045,Vint_2045,Final Electricity by Sector (TWh),196.18150931834407
"rcp45hotter_ssp5,date=2024-3-6T20:01:59+17:00",USA,IL,elecFinalBySecTWh,Year,2050,Vint_2050,Final Electricity by Sector (TWh),216.7569375324545
"rcp45hotter_ssp5,date=2024-3-6T20:01:59+17:00",USA,IL,elecFinalBySecTWh,Year,2055,Vint_2055,Final Electricity by Sector (TWh),242.2029575407169
"rcp45hotter_ssp5,date=2024-3-6T20:01:59+17:00",USA,IL,elecFinalBySecTWh,Year,2060,Vint_2060,Final Electricity by Sector (TWh),269.1125017339716
"rcp45hotter_ssp5,date=2024-3-6T20:01:59+17:00",USA,IL,elecFinalBySecTWh,Year,2065,Vint_2065,Final Electricity by Sector (TWh),303.9769680806474
"rcp45hotter_ssp5,date=2024-3-6T20:01:59+17:00",USA,IL,elecFinalBySecTWh,Year,2070,Vint_2070,Final Electricity by Sector (TWh),329.50271296675623
"rcp45hotter_ssp5,date=2024-3-6T20:01:59+17:00",USA,IL,elecFinalBySecTWh,Year,2075,Vint_2075,Final Electricity by Sector (TWh),359.3592469814376
"rcp45hotter_ssp5,date=2024-3-6T20:01:59+17:00",USA,IL,elecFinalBySecTWh,Year,2080,Vint_2080,Final Electricity by Sector (TWh),389.8726606877723
"rcp45hotter_ssp5,date=2024-3-6T20:01:59+17:00",USA,IL,elecFinalBySecTWh,Year,2085,Vint_2085,Final Electricity by Sector (TWh),426.68971001595173
"rcp45hotter_ssp5,date=2024-3-6T20:01:59+17:00",USA,IL,elecFinalBySecTWh,Year,2090,Vint_2090,Final Electricity by Sector (TWh),463.03350628673786
"rcp45hotter_ssp5,date=2024-3-6T20:01:59+17:00",USA,IL,elecFinalBySecTWh,Year,2095,Vint_2095,Final Electricity by Sector (TWh),514.4774631758394
"rcp45hotter_ssp5,date=2024-3-6T20:01:59+17:00",USA,IL,elecFinalBySecTWh,Year,2100,Vint_2100,Final Electricity by Sector (TWh),548.2197624785696
"rcp45hotter_ssp5,date=2024-3-6T20:01:59+17:00",USA,IN,elecFinalBySecTWh,Year,1975,Vint_1975,Final Electricity by Sector (TWh),28.94086277777801
"rcp45hotter_ssp5,date=2024-3-6T20:01:59+17:00",USA,IN,elecFinalBySecTWh,Year,1990,Vint_1990,Final Electricity by Sector (TWh),81.8074435278062
"rcp45hotter_ssp5,date=2024-3-6T20:01:59+17:00",USA,IN,elecFinalBySecTWh,Year,2005,Vint_2005,Final Electricity by Sector (TWh),116.47513746880648
"rcp45hotter_ssp5,date=2024-3-6T20:01:59+17:00",USA,IN,elecFinalBySecTWh,Year,2010,Vint_2010,Final Electricity by Sector (TWh),115.34495637405647
"rcp45hotter_ssp5,date=2024-3-6T20:01:59+17:00",USA,IN,elecFinalBySecTWh,Year,2015,Vint_2015,Final Electricity by Sector (TWh),111.43739420919533
"rcp45hotter_ssp5,date=2024-3-6T20:01:59+17:00",USA,IN,elecFinalBySecTWh,Year,2020,Vint_2020,Final Electricity by Sector (TWh),106.7677818174453
"rcp45hotter_ssp5,date=2024-3-6T20:01:59+17:00",USA,IN,elecFinalBySecTWh,Year,2025,Vint_2025,Final Electricity by Sector (TWh),106.7738298891253
"rcp45hotter_ssp5,date=2024-3-6T20:01:59+17:00",USA,IN,elecFinalBySecTWh,Year,2030,Vint_2030,Final Electricity by Sector (TWh),120.1296898890815
"rcp45hotter_ssp5,date=2024-3-6T20:01:59+17:00",USA,IN,elecFinalBySecTWh,Year,2035,Vint_2035,Final Electricity by Sector (TWh),130.31419364111773
"rcp45hotter_ssp5,date=2024-3-6T20:01:59+17:00",USA,IN,elecFinalBySecTWh,Year,2040,Vint_2040,Final Electricity by Sector (TWh),141.32738920631223
"rcp45hotter_ssp5,date=2024-3-6T20:01:59+17:00",USA,IN,elecFinalBySecTWh,Year,2045,Vint_2045,Final Electricity by Sector (TWh),153.88797218469566
"rcp45hotter_ssp5,date=2024-3-6T20:01:59+17:00",USA,IN,elecFinalBySecTWh,Year,2050,Vint_2050,Final Electricity by Sector (TWh),170.90579017481218
"rcp45hotter_ssp5,date=2024-3-6T20:01:59+17:00",USA,IN,elecFinalBySecTWh,Year,2055,Vint_2055,Final Electricity by Sector (TWh),192.61859720797293
"rcp45hotter_ssp5,date=2024-3-6T20:01:59+17:00",USA,IN,elecFinalBySecTWh,Year,2060,Vint_2060,Final Electricity by Sector (TWh),221.74343458205232
"rcp45hotter_ssp5,date=2024-3-6T20:01:59+17:00",USA,IN,elecFinalBySecTWh,Year,2065,Vint_2065,Final Electricity by Sector (TWh),263.83131356644935
"rcp45hotter_ssp5,date=2024-3-6T20:01:59+17:00",USA,IN,elecFinalBySecTWh,Year,2070,Vint_2070,Final Electricity by Sector (TWh),300.89323049739295
"rcp45hotter_ssp5,date=2024-3-6T20:01:59+17:00",USA,IN,elecFinalBySecTWh,Year,2075,Vint_2075,Final Electricity by Sector (TWh),334.10794917475044
"rcp45hotter_ssp5,date=2024-3-6T20:01:59+17:00",USA,IN,elecFinalBySecTWh,Year,2080,Vint_2080,Final Electricity by Sector (TWh),367.8259452966499
"rcp45hotter_ssp5,date=2024-3-6T20:01:59+17:00",USA,IN,elecFinalBySecTWh,Year,2085,Vint_2085,Final Electricity by Sector (TWh),414.888062500265
"rcp45hotter_ssp5,date=2024-3-6T20:01:59+17:00",USA,IN,elecFinalBySecTWh,Year,2090,Vint_2090,Final Electricity by Sector (TWh),465.8192993631523
"rcp45hotter_ssp5,date=2024-3-6T20:01:59+17:00",USA,IN,elecFinalBySecTWh,Year,2095,Vint_2095,Final Electricity by Sector (TWh),536.1160783000558
"rcp45hotter_ssp5,date=2024-3-6T20:01:59+17:00",USA,IN,elecFinalBySecTWh,Year,2100,Vint_2100,Final Electricity by Sector (TWh),577.8410352738636
"rcp45hotter_ssp5,date=2024-3-6T20:01:59+17:00",USA,KS,elecFinalBySecTWh,Year,1975,Vint_1975,Final Electricity by Sector (TWh),6.763327888888942
"rcp45hotter_ssp5,date=2024-3-6T20:01:59+17:00",USA,KS,elecFinalBySecTWh,Year,1990,Vint_1990,Final Electricity by Sector (TWh),30.170192825611352
"rcp45hotter_ssp5,date=2024-3-6T20:01:59+17:00",USA,KS,elecFinalBySecTWh,Year,2005,Vint_2005,Final Electricity by Sector (TWh),43.27638144163923
"rcp45hotter_ssp5,date=2024-3-6T20:01:59+17:00",USA,KS,elecFinalBySecTWh,Year,2010,Vint_2010,Final Electricity by Sector (TWh),44.46816286133369
"rcp45hotter_ssp5,date=2024-3-6T20:01:59+17:00",USA,KS,elecFinalBySecTWh,Year,2015,Vint_2015,Final Electricity by Sector (TWh),43.236470189555895
"rcp45hotter_ssp5,date=2024-3-6T20:01:59+17:00",USA,KS,elecFinalBySecTWh,Year,2020,Vint_2020,Final Electricity by Sector (TWh),47.51034650302593
"rcp45hotter_ssp5,date=2024-3-6T20:01:59+17:00",USA,KS,elecFinalBySecTWh,Year,2025,Vint_2025,Final Electricity by Sector (TWh),48.21912024510149
"rcp45hotter_ssp5,date=2024-3-6T20:01:59+17:00",USA,KS,elecFinalBySecTWh,Year,2030,Vint_2030,Final Electricity by Sector (TWh),53.67165947906126
"rcp45hotter_ssp5,date=2024-3-6T20:01:59+17:00",USA,KS,elecFinalBySecTWh,Year,2035,Vint_2035,Final Electricity by Sector (TWh),60.38258587829159
"rcp45hotter_ssp5,date=2024-3-6T20:01:59+17:00",USA,KS,elecFinalBySecTWh,Year,2040,Vint_2040,Final Electricity by Sector (TWh),67.91548840426249
"rcp45hotter_ssp5,date=2024-3-6T20:01:59+17:00",USA,KS,elecFinalBySecTWh,Year,2045,Vint_2045,Final Electricity by Sector (TWh),75.78806143285145
"rcp45hotter_ssp5,date=2024-3-6T20:01:59+17:00",USA,KS,elecFinalBySecTWh,Year,2050,Vint_2050,Final Electricity by Sector (TWh),84.48136090705457
"rcp45hotter_ssp5,date=2024-3-6T20:01:59+17:00",USA,KS,elecFinalBySecTWh,Year,2055,Vint_2055,Final Electricity by Sector (TWh),96.34258455581217
"rcp45hotter_ssp5,date=2024-3-6T20:01:59+17:00",USA,KS,elecFinalBySecTWh,Year,2060,Vint_2060,Final Electricity by Sector (TWh),107.98999054223557
"rcp45hotter_ssp5,date=2024-3-6T20:01:59+17:00",USA,KS,elecFinalBySecTWh,Year,2065,Vint_2065,Final Electricity by Sector (TWh),121.89954707042874
"rcp45hotter_ssp5,date=2024-3-6T20:01:59+17:00",USA,KS,elecFinalBySecTWh,Year,2070,Vint_2070,Final Electricity by Sector (TWh),135.3221864996308
"rcp45hotter_ssp5,date=2024-3-6T20:01:59+17:00",USA,KS,elecFinalBySecTWh,Year,2075,Vint_2075,Final Electricity by Sector (TWh),148.58749278802924
"rcp45hotter_ssp5,date=2024-3-6T20:01:59+17:00",USA,KS,elecFinalBySecTWh,Year,2080,Vint_2080,Final Electricity by Sector (TWh),162.3193041490566
"rcp45hotter_ssp5,date=2024-3-6T20:01:59+17:00",USA,KS,elecFinalBySecTWh,Year,2085,Vint_2085,Final Electricity by Sector (TWh),177.7000565154667
"rcp45hotter_ssp5,date=2024-3-6T20:01:59+17:00",USA,KS,elecFinalBySecTWh,Year,2090,Vint_2090,Final Electricity by Sector (TWh),196.96348776525298
"rcp45hotter_ssp5,date=2024-3-6T20:01:59+17:00",USA,KS,elecFinalBySecTWh,Year,2095,Vint_2095,Final Electricity by Sector (TWh),223.86671676689264
"rcp45hotter_ssp5,date=2024-3-6T20:01:59+17:00",USA,KS,elecFinalBySecTWh,Year,2100,Vint_2100,Final Electricity by Sector (TWh),237.3810069353983
"rcp45hotter_ssp5,date=2024-3-6T20:01:59+17:00",USA,KY,elecFinalBySecTWh,Year,1975,Vint_1975,Final Electricity by Sector (TWh),33.56323361111138
"rcp45hotter_ssp5,date=2024-3-6T20:01:59+17:00",USA,KY,elecFinalBySecTWh,Year,1990,Vint_1990,Final Electricity by Sector (TWh),67.40226700597276
"rcp45hotter_ssp5,date=2024-3-6T20:01:59+17:00",USA,KY,elecFinalBySecTWh,Year,2005,Vint_2005,Final Electricity by Sector (TWh),97.34915375027855
"rcp45hotter_ssp5,date=2024-3-6T20:01:59+17:00",USA,KY,elecFinalBySecTWh,Year,2010,Vint_2010,Final Electricity by Sector (TWh),101.47616900333415
"rcp45hotter_ssp5,date=2024-3-6T20:01:59+17:00",USA,KY,elecFinalBySecTWh,Year,2015,Vint_2015,Final Electricity by Sector (TWh),81.41106172222287
"rcp45hotter_ssp5,date=2024-3-6T20:01:59+17:00",USA,KY,elecFinalBySecTWh,Year,2020,Vint_2020,Final Electricity by Sector (TWh),83.34057129472205
"rcp45hotter_ssp5,date=2024-3-6T20:01:59+17:00",USA,KY,elecFinalBySecTWh,Year,2025,Vint_2025,Final Electricity by Sector (TWh),85.22894529544958
"rcp45hotter_ssp5,date=2024-3-6T20:01:59+17:00",USA,KY,elecFinalBySecTWh,Year,2030,Vint_2030,Final Electricity by Sector (TWh),94.0064257327288
"rcp45hotter_ssp5,date=2024-3-6T20:01:59+17:00",USA,KY,elecFinalBySecTWh,Year,2035,Vint_2035,Final Electricity by Sector (TWh),101.32456555577525
"rcp45hotter_ssp5,date=2024-3-6T20:01:59+17:00",USA,KY,elecFinalBySecTWh,Year,2040,Vint_2040,Final Electricity by Sector (TWh),111.09816978188921
"rcp45hotter_ssp5,date=2024-3-6T20:01:59+17:00",USA,KY,elecFinalBySecTWh,Year,2045,Vint_2045,Final Electricity by Sector (TWh),121.04441545258152
"rcp45hotter_ssp5,date=2024-3-6T20:01:59+17:00",USA,KY,elecFinalBySecTWh,Year,2050,Vint_2050,Final Electricity by Sector (TWh),134.70109583358663
"rcp45hotter_ssp5,date=2024-3-6T20:01:59+17:00",USA,KY,elecFinalBySecTWh,Year,2055,Vint_2055,Final Electricity by Sector (TWh),148.17363051607728
"rcp45hotter_ssp5,date=2024-3-6T20:01:59+17:00",USA,KY,elecFinalBySecTWh,Year,2060,Vint_2060,Final Electricity by Sector (TWh),164.93507608491018
"rcp45hotter_ssp5,date=2024-3-6T20:01:59+17:00",USA,KY,elecFinalBySecTWh,Year,2065,Vint_2065,Final Electricity by Sector (TWh),186.96086036322427
"rcp45hotter_ssp5,date=2024-3-6T20:01:59+17:00",USA,KY,elecFinalBySecTWh,Year,2070,Vint_2070,Final Electricity by Sector (TWh),208.81936134485082
"rcp45hotter_ssp5,date=2024-3-6T20:01:59+17:00",USA,KY,elecFinalBySecTWh,Year,2075,Vint_2075,Final Electricity by Sector (TWh),228.7228482334896
"rcp45hotter_ssp5,date=2024-3-6T20:01:59+17:00",USA,KY,elecFinalBySecTWh,Year,2080,Vint_2080,Final Electricity by Sector (TWh),251.36084971582673
"rcp45hotter_ssp5,date=2024-3-6T20:01:59+17:00",USA,KY,elecFinalBySecTWh,Year,2085,Vint_2085,Final Electricity by Sector (TWh),279.2526367726997
"rcp45hotter_ssp5,date=2024-3-6T20:01:59+17:00",USA,KY,elecFinalBySecTWh,Year,2090,Vint_2090,Final Electricity by Sector (TWh),307.6315004938183
"rcp45hotter_ssp5,date=2024-3-6T20:01:59+17:00",USA,KY,elecFinalBySecTWh,Year,2095,Vint_2095,Final Electricity by Sector (TWh),343.35657411666966
"rcp45hotter_ssp5,date=2024-3-6T20:01:59+17:00",USA,KY,elecFinalBySecTWh,Year,2100,Vint_2100,Final Electricity by Sector (TWh),368.52001761940073
"rcp45hotter_ssp5,date=2024-3-6T20:01:59+17:00",USA,LA,elecFinalBySecTWh,Year,1975,Vint_1975,Final Electricity by Sector (TWh),15.930318898139015
"rcp45hotter_ssp5,date=2024-3-6T20:01:59+17:00",USA,LA,elecFinalBySecTWh,Year,1990,Vint_1990,Final Electricity by Sector (TWh),70.64372362522279
"rcp45hotter_ssp5,date=2024-3-6T20:01:59+17:00",USA,LA,elecFinalBySecTWh,Year,2005,Vint_2005,Final Electricity by Sector (TWh),85.31949192191735
"rcp45hotter_ssp5,date=2024-3-6T20:01:59+17:00",USA,LA,elecFinalBySecTWh,Year,2010,Vint_2010,Final Electricity by Sector (TWh),93.20737214408408
"rcp45hotter_ssp5,date=2024-3-6T20:01:59+17:00",USA,LA,elecFinalBySecTWh,Year,2015,Vint_2015,Final Electricity by Sector (TWh),98.745935833473
"rcp45hotter_ssp5,date=2024-3-6T20:01:59+17:00",USA,LA,elecFinalBySecTWh,Year,2020,Vint_2020,Final Electricity by Sector (TWh),95.66693327693521
"rcp45hotter_ssp5,date=2024-3-6T20:01:59+17:00",USA,LA,elecFinalBySecTWh,Year,2025,Vint_2025,Final Electricity by Sector (TWh),99.56558921006217
"rcp45hotter_ssp5,date=2024-3-6T20:01:59+17:00",USA,LA,elecFinalBySecTWh,Year,2030,Vint_2030,Final Electricity by Sector (TWh),106.56769570156224
"rcp45hotter_ssp5,date=2024-3-6T20:01:59+17:00",USA,LA,elecFinalBySecTWh,Year,2035,Vint_2035,Final Electricity by Sector (TWh),111.64152895269255
"rcp45hotter_ssp5,date=2024-3-6T20:01:59+17:00",USA,LA,elecFinalBySecTWh,Year,2040,Vint_2040,Final Electricity by Sector (TWh),120.05239535946484
"rcp45hotter_ssp5,date=2024-3-6T20:01:59+17:00",USA,LA,elecFinalBySecTWh,Year,2045,Vint_2045,Final Electricity by Sector (TWh),127.15398329513351
"rcp45hotter_ssp5,date=2024-3-6T20:01:59+17:00",USA,LA,elecFinalBySecTWh,Year,2050,Vint_2050,Final Electricity by Sector (TWh),136.81161184368997
"rcp45hotter_ssp5,date=2024-3-6T20:01:59+17:00",USA,LA,elecFinalBySecTWh,Year,2055,Vint_2055,Final Electricity by Sector (TWh),149.73220481577815
"rcp45hotter_ssp5,date=2024-3-6T20:01:59+17:00",USA,LA,elecFinalBySecTWh,Year,2060,Vint_2060,Final Electricity by Sector (TWh),169.43394295496776
"rcp45hotter_ssp5,date=2024-3-6T20:01:59+17:00",USA,LA,elecFinalBySecTWh,Year,2065,Vint_2065,Final Electricity by Sector (TWh),199.9138978027974
"rcp45hotter_ssp5,date=2024-3-6T20:01:59+17:00",USA,LA,elecFinalBySecTWh,Year,2070,Vint_2070,Final Electricity by Sector (TWh),223.16878321309068
"rcp45hotter_ssp5,date=2024-3-6T20:01:59+17:00",USA,LA,elecFinalBySecTWh,Year,2075,Vint_2075,Final Electricity by Sector (TWh),251.7959253552673
"rcp45hotter_ssp5,date=2024-3-6T20:01:59+17:00",USA,LA,elecFinalBySecTWh,Year,2080,Vint_2080,Final Electricity by Sector (TWh),293.95594085770733
"rcp45hotter_ssp5,date=2024-3-6T20:01:59+17:00",USA,LA,elecFinalBySecTWh,Year,2085,Vint_2085,Final Electricity by Sector (TWh),348.52886803126387
"rcp45hotter_ssp5,date=2024-3-6T20:01:59+17:00",USA,LA,elecFinalBySecTWh,Year,2090,Vint_2090,Final Electricity by Sector (TWh),435.1340290641604
"rcp45hotter_ssp5,date=2024-3-6T20:01:59+17:00",USA,LA,elecFinalBySecTWh,Year,2095,Vint_2095,Final Electricity by Sector (TWh),617.3278276939947
"rcp45hotter_ssp5,date=2024-3-6T20:01:59+17:00",USA,LA,elecFinalBySecTWh,Year,2100,Vint_2100,Final Electricity by Sector (TWh),777.5818968954687
"rcp45hotter_ssp5,date=2024-3-6T20:01:59+17:00",USA,MA,elecFinalBySecTWh,Year,1975,Vint_1975,Final Electricity by Sector (TWh),8.17249712694451
"rcp45hotter_ssp5,date=2024-3-6T20:01:59+17:00",USA,MA,elecFinalBySecTWh,Year,1990,Vint_1990,Final Electricity by Sector (TWh),50.332225230278176
"rcp45hotter_ssp5,date=2024-3-6T20:01:59+17:00",USA,MA,elecFinalBySecTWh,Year,2005,Vint_2005,Final Electricity by Sector (TWh),63.65961134750051
"rcp45hotter_ssp5,date=2024-3-6T20:01:59+17:00",USA,MA,elecFinalBySecTWh,Year,2010,Vint_2010,Final Electricity by Sector (TWh),62.50343943194494
"rcp45hotter_ssp5,date=2024-3-6T20:01:59+17:00",USA,MA,elecFinalBySecTWh,Year,2015,Vint_2015,Final Electricity by Sector (TWh),59.8126060372227
"rcp45hotter_ssp5,date=2024-3-6T20:01:59+17:00",USA,MA,elecFinalBySecTWh,Year,2020,Vint_2020,Final Electricity by Sector (TWh),62.68935108858661
"rcp45hotter_ssp5,date=2024-3-6T20:01:59+17:00",USA,MA,elecFinalBySecTWh,Year,2025,Vint_2025,Final Electricity by Sector (TWh),63.449572624411616
"rcp45hotter_ssp5,date=2024-3-6T20:01:59+17:00",USA,MA,elecFinalBySecTWh,Year,2030,Vint_2030,Final Electricity by Sector (TWh),66.93284767743664
"rcp45hotter_ssp5,date=2024-3-6T20:01:59+17:00",USA,MA,elecFinalBySecTWh,Year,2035,Vint_2035,Final Electricity by Sector (TWh),71.3536126321839
"rcp45hotter_ssp5,date=2024-3-6T20:01:59+17:00",USA,MA,elecFinalBySecTWh,Year,2040,Vint_2040,Final Electricity by Sector (TWh),77.61836735214563
"rcp45hotter_ssp5,date=2024-3-6T20:01:59+17:00",USA,MA,elecFinalBySecTWh,Year,2045,Vint_2045,Final Electricity by Sector (TWh),85.88806566825374
"rcp45hotter_ssp5,date=2024-3-6T20:01:59+17:00",USA,MA,elecFinalBySecTWh,Year,2050,Vint_2050,Final Electricity by Sector (TWh),95.28237132682825
"rcp45hotter_ssp5,date=2024-3-6T20:01:59+17:00",USA,MA,elecFinalBySecTWh,Year,2055,Vint_2055,Final Electricity by Sector (TWh),106.98502150730752
"rcp45hotter_ssp5,date=2024-3-6T20:01:59+17:00",USA,MA,elecFinalBySecTWh,Year,2060,Vint_2060,Final Electricity by Sector (TWh),119.26662919519707
"rcp45hotter_ssp5,date=2024-3-6T20:01:59+17:00",USA,MA,elecFinalBySecTWh,Year,2065,Vint_2065,Final Electricity by Sector (TWh),127.98064820970185
"rcp45hotter_ssp5,date=2024-3-6T20:01:59+17:00",USA,MA,elecFinalBySecTWh,Year,2070,Vint_2070,Final Electricity by Sector (TWh),139.07709967965388
"rcp45hotter_ssp5,date=2024-3-6T20:01:59+17:00",USA,MA,elecFinalBySecTWh,Year,2075,Vint_2075,Final Electricity by Sector (TWh),151.63066208547426
"rcp45hotter_ssp5,date=2024-3-6T20:01:59+17:00",USA,MA,elecFinalBySecTWh,Year,2080,Vint_2080,Final Electricity by Sector (TWh),164.8911791800466
"rcp45hotter_ssp5,date=2024-3-6T20:01:59+17:00",USA,MA,elecFinalBySecTWh,Year,2085,Vint_2085,Final Electricity by Sector (TWh),180.16978323154922
"rcp45hotter_ssp5,date=2024-3-6T20:01:59+17:00",USA,MA,elecFinalBySecTWh,Year,2090,Vint_2090,Final Electricity by Sector (TWh),194.88499675168626
"rcp45hotter_ssp5,date=2024-3-6T20:01:59+17:00",USA,MA,elecFinalBySecTWh,Year,2095,Vint_2095,Final Electricity by Sector (TWh),215.11813182182505
"rcp45hotter_ssp5,date=2024-3-6T20:01:59+17:00",USA,MA,elecFinalBySecTWh,Year,2100,Vint_2100,Final Electricity by Sector (TWh),228.14658259411377
"rcp45hotter_ssp5,date=2024-3-6T20:01:59+17:00",USA,MD,elecFinalBySecTWh,Year,1975,Vint_1975,Final Electricity by Sector (TWh),9.977331305555634
"rcp45hotter_ssp5,date=2024-3-6T20:01:59+17:00",USA,MD,elecFinalBySecTWh,Year,1990,Vint_1990,Final Electricity by Sector (TWh),54.83836542658376
"rcp45hotter_ssp5,date=2024-3-6T20:01:59+17:00",USA,MD,elecFinalBySecTWh,Year,2005,Vint_2005,Final Electricity by Sector (TWh),75.40019040166726
"rcp45hotter_ssp5,date=2024-3-6T20:01:59+17:00",USA,MD,elecFinalBySecTWh,Year,2010,Vint_2010,Final Electricity by Sector (TWh),72.37831193825059
"rcp45hotter_ssp5,date=2024-3-6T20:01:59+17:00",USA,MD,elecFinalBySecTWh,Year,2015,Vint_2015,Final Electricity by Sector (TWh),68.2140731399172
"rcp45hotter_ssp5,date=2024-3-6T20:01:59+17:00",USA,MD,elecFinalBySecTWh,Year,2020,Vint_2020,Final Electricity by Sector (TWh),74.40239146655892
"rcp45hotter_ssp5,date=2024-3-6T20:01:59+17:00",USA,MD,elecFinalBySecTWh,Year,2025,Vint_2025,Final Electricity by Sector (TWh),74.22209301651449
"rcp45hotter_ssp5,date=2024-3-6T20:01:59+17:00",USA,MD,elecFinalBySecTWh,Year,2030,Vint_2030,Final Electricity by Sector (TWh),77.68319682496173
"rcp45hotter_ssp5,date=2024-3-6T20:01:59+17:00",USA,MD,elecFinalBySecTWh,Year,2035,Vint_2035,Final Electricity by Sector (TWh),82.27552911905843
"rcp45hotter_ssp5,date=2024-3-6T20:01:59+17:00",USA,MD,elecFinalBySecTWh,Year,2040,Vint_2040,Final Electricity by Sector (TWh),83.85803577059845
"rcp45hotter_ssp5,date=2024-3-6T20:01:59+17:00",USA,MD,elecFinalBySecTWh,Year,2045,Vint_2045,Final Electricity by Sector (TWh),91.94064052812101
"rcp45hotter_ssp5,date=2024-3-6T20:01:59+17:00",USA,MD,elecFinalBySecTWh,Year,2050,Vint_2050,Final Electricity by Sector (TWh),95.24808799400131
"rcp45hotter_ssp5,date=2024-3-6T20:01:59+17:00",USA,MD,elecFinalBySecTWh,Year,2055,Vint_2055,Final Electricity by Sector (TWh),103.08928006516888
"rcp45hotter_ssp5,date=2024-3-6T20:01:59+17:00",USA,MD,elecFinalBySecTWh,Year,2060,Vint_2060,Final Electricity by Sector (TWh),112.18335523034257
"rcp45hotter_ssp5,date=2024-3-6T20:01:59+17:00",USA,MD,elecFinalBySecTWh,Year,2065,Vint_2065,Final Electricity by Sector (TWh),121.15078142805902
"rcp45hotter_ssp5,date=2024-3-6T20:01:59+17:00",USA,MD,elecFinalBySecTWh,Year,2070,Vint_2070,Final Electricity by Sector (TWh),130.8480135981541
"rcp45hotter_ssp5,date=2024-3-6T20:01:59+17:00",USA,MD,elecFinalBySecTWh,Year,2075,Vint_2075,Final Electricity by Sector (TWh),142.96269182035223
"rcp45hotter_ssp5,date=2024-3-6T20:01:59+17:00",USA,MD,elecFinalBySecTWh,Year,2080,Vint_2080,Final Electricity by Sector (TWh),155.42160719377432
"rcp45hotter_ssp5,date=2024-3-6T20:01:59+17:00",USA,MD,elecFinalBySecTWh,Year,2085,Vint_2085,Final Electricity by Sector (TWh),169.6562123418169
"rcp45hotter_ssp5,date=2024-3-6T20:01:59+17:00",USA,MD,elecFinalBySecTWh,Year,2090,Vint_2090,Final Electricity by Sector (TWh),184.07092232327926
"rcp45hotter_ssp5,date=2024-3-6T20:01:59+17:00",USA,MD,elecFinalBySecTWh,Year,2095,Vint_2095,Final Electricity by Sector (TWh),205.70865979682665
"rcp45hotter_ssp5,date=2024-3-6T20:01:59+17:00",USA,MD,elecFinalBySecTWh,Year,2100,Vint_2100,Final Electricity by Sector (TWh),223.61634654475705
"rcp45hotter_ssp5,date=2024-3-6T20:01:59+17:00",USA,ME,elecFinalBySecTWh,Year,1975,Vint_1975,Final Electricity by Sector (TWh),2.6750546944444658
"rcp45hotter_ssp5,date=2024-3-6T20:01:59+17:00",USA,ME,elecFinalBySecTWh,Year,1990,Vint_1990,Final Electricity by Sector (TWh),12.712605830555656
"rcp45hotter_ssp5,date=2024-3-6T20:01:59+17:00",USA,ME,elecFinalBySecTWh,Year,2005,Vint_2005,Final Electricity by Sector (TWh),13.618588692222332
"rcp45hotter_ssp5,date=2024-3-6T20:01:59+17:00",USA,ME,elecFinalBySecTWh,Year,2010,Vint_2010,Final Electricity by Sector (TWh),12.637129761944546
"rcp45hotter_ssp5,date=2024-3-6T20:01:59+17:00",USA,ME,elecFinalBySecTWh,Year,2015,Vint_2015,Final Electricity by Sector (TWh),12.847168731388992
"rcp45hotter_ssp5,date=2024-3-6T20:01:59+17:00",USA,ME,elecFinalBySecTWh,Year,2020,Vint_2020,Final Electricity by Sector (TWh),12.367519751225098
"rcp45hotter_ssp5,date=2024-3-6T20:01:59+17:00",USA,ME,elecFinalBySecTWh,Year,2025,Vint_2025,Final Electricity by Sector (TWh),12.367340643233987
"rcp45hotter_ssp5,date=2024-3-6T20:01:59+17:00",USA,ME,elecFinalBySecTWh,Year,2030,Vint_2030,Final Electricity by Sector (TWh),13.21798423456566
"rcp45hotter_ssp5,date=2024-3-6T20:01:59+17:00",USA,ME,elecFinalBySecTWh,Year,2035,Vint_2035,Final Electricity by Sector (TWh),14.582556410790948
"rcp45hotter_ssp5,date=2024-3-6T20:01:59+17:00",USA,ME,elecFinalBySecTWh,Year,2040,Vint_2040,Final Electricity by Sector (TWh),16.423885871982353
"rcp45hotter_ssp5,date=2024-3-6T20:01:59+17:00",USA,ME,elecFinalBySecTWh,Year,2045,Vint_2045,Final Electricity by Sector (TWh),18.907434585382372
"rcp45hotter_ssp5,date=2024-3-6T20:01:59+17:00",USA,ME,elecFinalBySecTWh,Year,2050,Vint_2050,Final Electricity by Sector (TWh),20.87970958857378
"rcp45hotter_ssp5,date=2024-3-6T20:01:59+17:00",USA,ME,elecFinalBySecTWh,Year,2055,Vint_2055,Final Electricity by Sector (TWh),25.203556095109366
"rcp45hotter_ssp5,date=2024-3-6T20:01:59+17:00",USA,ME,elecFinalBySecTWh,Year,2060,Vint_2060,Final Electricity by Sector (TWh),29.68241334066107
"rcp45hotter_ssp5,date=2024-3-6T20:01:59+17:00",USA,ME,elecFinalBySecTWh,Year,2065,Vint_2065,Final Electricity by Sector (TWh),34.7329378796325
"rcp45hotter_ssp5,date=2024-3-6T20:01:59+17:00",USA,ME,elecFinalBySecTWh,Year,2070,Vint_2070,Final Electricity by Sector (TWh),39.34310269982004
"rcp45hotter_ssp5,date=2024-3-6T20:01:59+17:00",USA,ME,elecFinalBySecTWh,Year,2075,Vint_2075,Final Electricity by Sector (TWh),43.66227139320118
"rcp45hotter_ssp5,date=2024-3-6T20:01:59+17:00",USA,ME,elecFinalBySecTWh,Year,2080,Vint_2080,Final Electricity by Sector (TWh),48.253882108704275
"rcp45hotter_ssp5,date=2024-3-6T20:01:59+17:00",USA,ME,elecFinalBySecTWh,Year,2085,Vint_2085,Final Electricity by Sector (TWh),57.11193470401906
"rcp45hotter_ssp5,date=2024-3-6T20:01:59+17:00",USA,ME,elecFinalBySecTWh,Year,2090,Vint_2090,Final Electricity by Sector (TWh),66.56855942682775
"rcp45hotter_ssp5,date=2024-3-6T20:01:59+17:00",USA,ME,elecFinalBySecTWh,Year,2095,Vint_2095,Final Electricity by Sector (TWh),75.40433325546726
"rcp45hotter_ssp5,date=2024-3-6T20:01:59+17:00",USA,ME,elecFinalBySecTWh,Year,2100,Vint_2100,Final Electricity by Sector (TWh),80.40479602094703
"rcp45hotter_ssp5,date=2024-3-6T20:01:59+17:00",USA,MI,elecFinalBySecTWh,Year,1975,Vint_1975,Final Electricity by Sector (TWh),31.403730833333583
"rcp45hotter_ssp5,date=2024-3-6T20:01:59+17:00",USA,MI,elecFinalBySecTWh,Year,1990,Vint_1990,Final Electricity by Sector (TWh),91.12230020944517
"rcp45hotter_ssp5,date=2024-3-6T20:01:59+17:00",USA,MI,elecFinalBySecTWh,Year,2005,Vint_2005,Final Electricity by Sector (TWh),121.95249933683431
"rcp45hotter_ssp5,date=2024-3-6T20:01:59+17:00",USA,MI,elecFinalBySecTWh,Year,2010,Vint_2010,Final Electricity by Sector (TWh),113.65999029386201
"rcp45hotter_ssp5,date=2024-3-6T20:01:59+17:00",USA,MI,elecFinalBySecTWh,Year,2015,Vint_2015,Final Electricity by Sector (TWh),110.75652641394532
"rcp45hotter_ssp5,date=2024-3-6T20:01:59+17:00",USA,MI,elecFinalBySecTWh,Year,2020,Vint_2020,Final Electricity by Sector (TWh),108.51219491080641
"rcp45hotter_ssp5,date=2024-3-6T20:01:59+17:00",USA,MI,elecFinalBySecTWh,Year,2025,Vint_2025,Final Electricity by Sector (TWh),107.2063729125564
"rcp45hotter_ssp5,date=2024-3-6T20:01:59+17:00",USA,MI,elecFinalBySecTWh,Year,2030,Vint_2030,Final Electricity by Sector (TWh),113.67538460056757
"rcp45hotter_ssp5,date=2024-3-6T20:01:59+17:00",USA,MI,elecFinalBySecTWh,Year,2035,Vint_2035,Final Electricity by Sector (TWh),118.94758827250095
"rcp45hotter_ssp5,date=2024-3-6T20:01:59+17:00",USA,MI,elecFinalBySecTWh,Year,2040,Vint_2040,Final Electricity by Sector (TWh),125.27790674507155
"rcp45hotter_ssp5,date=2024-3-6T20:01:59+17:00",USA,MI,elecFinalBySecTWh,Year,2045,Vint_2045,Final Electricity by Sector (TWh),134.2140749301069
"rcp45hotter_ssp5,date=2024-3-6T20:01:59+17:00",USA,MI,elecFinalBySecTWh,Year,2050,Vint_2050,Final Electricity by Sector (TWh),144.1008185105867
"rcp45hotter_ssp5,date=2024-3-6T20:01:59+17:00",USA,MI,elecFinalBySecTWh,Year,2055,Vint_2055,Final Electricity by Sector (TWh),159.21545868753932
"rcp45hotter_ssp5,date=2024-3-6T20:01:59+17:00",USA,MI,elecFinalBySecTWh,Year,2060,Vint_2060,Final Electricity by Sector (TWh),175.6745485471675
"rcp45hotter_ssp5,date=2024-3-6T20:01:59+17:00",USA,MI,elecFinalBySecTWh,Year,2065,Vint_2065,Final Electricity by Sector (TWh),199.5473878711002
"rcp45hotter_ssp5,date=2024-3-6T20:01:59+17:00",USA,MI,elecFinalBySecTWh,Year,2070,Vint_2070,Final Electricity by Sector (TWh),221.27210027897314
"rcp45hotter_ssp5,date=2024-3-6T20:01:59+17:00",USA,MI,elecFinalBySecTWh,Year,2075,Vint_2075,Final Electricity by Sector (TWh),244.73037806311112
"rcp45hotter_ssp5,date=2024-3-6T20:01:59+17:00",USA,MI,elecFinalBySecTWh,Year,2080,Vint_2080,Final Electricity by Sector (TWh),271.519294610878
"rcp45hotter_ssp5,date=2024-3-6T20:01:59+17:00",USA,MI,elecFinalBySecTWh,Year,2085,Vint_2085,Final Electricity by Sector (TWh),306.1196404573216
"rcp45hotter_ssp5,date=2024-3-6T20:01:59+17:00",USA,MI,elecFinalBySecTWh,Year,2090,Vint_2090,Final Electricity by Sector (TWh),341.90457873404716
"rcp45hotter_ssp5,date=2024-3-6T20:01:59+17:00",USA,MI,elecFinalBySecTWh,Year,2095,Vint_2095,Final Electricity by Sector (TWh),390.1246135674367
"rcp45hotter_ssp5,date=2024-3-6T20:01:59+17:00",USA,MI,elecFinalBySecTWh,Year,2100,Vint_2100,Final Electricity by Sector (TWh),425.15457773391284
"rcp45hotter_ssp5,date=2024-3-6T20:01:59+17:00",USA,MN,elecFinalBySecTWh,Year,1975,Vint_1975,Final Electricity by Sector (TWh),12.335628250000099
"rcp45hotter_ssp5,date=2024-3-6T20:01:59+17:00",USA,MN,elecFinalBySecTWh,Year,1990,Vint_1990,Final Electricity by Sector (TWh),52.18838428527819
"rcp45hotter_ssp5,date=2024-3-6T20:01:59+17:00",USA,MN,elecFinalBySecTWh,Year,2005,Vint_2005,Final Electricity by Sector (TWh),72.86055458638947
"rcp45hotter_ssp5,date=2024-3-6T20:01:59+17:00",USA,MN,elecFinalBySecTWh,Year,2010,Vint_2010,Final Electricity by Sector (TWh),74.23562113583392
"rcp45hotter_ssp5,date=2024-3-6T20:01:59+17:00",USA,MN,elecFinalBySecTWh,Year,2015,Vint_2015,Final Electricity by Sector (TWh),71.92178987805613
"rcp45hotter_ssp5,date=2024-3-6T20:01:59+17:00",USA,MN,elecFinalBySecTWh,Year,2020,Vint_2020,Final Electricity by Sector (TWh),74.91669194233116
"rcp45hotter_ssp5,date=2024-3-6T20:01:59+17:00",USA,MN,elecFinalBySecTWh,Year,2025,Vint_2025,Final Electricity by Sector (TWh),76.81703734993951
"rcp45hotter_ssp5,date=2024-3-6T20:01:59+17:00",USA,MN,elecFinalBySecTWh,Year,2030,Vint_2030,Final Electricity by Sector (TWh),80.69634575072287
"rcp45hotter_ssp5,date=2024-3-6T20:01:59+17:00",USA,MN,elecFinalBySecTWh,Year,2035,Vint_2035,Final Electricity by Sector (TWh),87.57715258348568
"rcp45hotter_ssp5,date=2024-3-6T20:01:59+17:00",USA,MN,elecFinalBySecTWh,Year,2040,Vint_2040,Final Electricity by Sector (TWh),97.63585677367855
"rcp45hotter_ssp5,date=2024-3-6T20:01:59+17:00",USA,MN,elecFinalBySecTWh,Year,2045,Vint_2045,Final Electricity by Sector (TWh),110.28856910123116
"rcp45hotter_ssp5,date=2024-3-6T20:01:59+17:00",USA,MN,elecFinalBySecTWh,Year,2050,Vint_2050,Final Electricity by Sector (TWh),122.69220612705125
"rcp45hotter_ssp5,date=2024-3-6T20:01:59+17:00",USA,MN,elecFinalBySecTWh,Year,2055,Vint_2055,Final Electricity by Sector (TWh),138.9277985976222
"rcp45hotter_ssp5,date=2024-3-6T20:01:59+17:00",USA,MN,elecFinalBySecTWh,Year,2060,Vint_2060,Final Electricity by Sector (TWh),155.21656995456374
"rcp45hotter_ssp5,date=2024-3-6T20:01:59+17:00",USA,MN,elecFinalBySecTWh,Year,2065,Vint_2065,Final Electricity by Sector (TWh),171.02990340240692
"rcp45hotter_ssp5,date=2024-3-6T20:01:59+17:00",USA,MN,elecFinalBySecTWh,Year,2070,Vint_2070,Final Electricity by Sector (TWh),186.8119944233954
"rcp45hotter_ssp5,date=2024-3-6T20:01:59+17:00",USA,MN,elecFinalBySecTWh,Year,2075,Vint_2075,Final Electricity by Sector (TWh),202.96382143761022
"rcp45hotter_ssp5,date=2024-3-6T20:01:59+17:00",USA,MN,elecFinalBySecTWh,Year,2080,Vint_2080,Final Electricity by Sector (TWh),222.84228451737982
"rcp45hotter_ssp5,date=2024-3-6T20:01:59+17:00",USA,MN,elecFinalBySecTWh,Year,2085,Vint_2085,Final Electricity by Sector (TWh),246.4126720777875
"rcp45hotter_ssp5,date=2024-3-6T20:01:59+17:00",USA,MN,elecFinalBySecTWh,Year,2090,Vint_2090,Final Electricity by Sector (TWh),275.0300570892741
"rcp45hotter_ssp5,date=2024-3-6T20:01:59+17:00",USA,MN,elecFinalBySecTWh,Year,2095,Vint_2095,Final Electricity by Sector (TWh),305.13309452094796
"rcp45hotter_ssp5,date=2024-3-6T20:01:59+17:00",USA,MN,elecFinalBySecTWh,Year,2100,Vint_2100,Final Electricity by Sector (TWh),319.1598179993273
"rcp45hotter_ssp5,date=2024-3-6T20:01:59+17:00",USA,MO,elecFinalBySecTWh,Year,1975,Vint_1975,Final Electricity by Sector (TWh),12.996434111111215
"rcp45hotter_ssp5,date=2024-3-6T20:01:59+17:00",USA,MO,elecFinalBySecTWh,Year,1990,Vint_1990,Final Electricity by Sector (TWh),59.9410593489727
"rcp45hotter_ssp5,date=2024-3-6T20:01:59+17:00",USA,MO,elecFinalBySecTWh,Year,2005,Vint_2005,Final Electricity by Sector (TWh),90.17270567127851
"rcp45hotter_ssp5,date=2024-3-6T20:01:59+17:00",USA,MO,elecFinalBySecTWh,Year,2010,Vint_2010,Final Electricity by Sector (TWh),94.94655738375076
"rcp45hotter_ssp5,date=2024-3-6T20:01:59+17:00",USA,MO,elecFinalBySecTWh,Year,2015,Vint_2015,Final Electricity by Sector (TWh),88.84470057294516
"rcp45hotter_ssp5,date=2024-3-6T20:01:59+17:00",USA,MO,elecFinalBySecTWh,Year,2020,Vint_2020,Final Electricity by Sector (TWh),95.81524377111187
"rcp45hotter_ssp5,date=2024-3-6T20:01:59+17:00",USA,MO,elecFinalBySecTWh,Year,2025,Vint_2025,Final Electricity by Sector (TWh),94.25461412125352
"rcp45hotter_ssp5,date=2024-3-6T20:01:59+17:00",USA,MO,elecFinalBySecTWh,Year,2030,Vint_2030,Final Electricity by Sector (TWh),103.82377291359805
"rcp45hotter_ssp5,date=2024-3-6T20:01:59+17:00",USA,MO,elecFinalBySecTWh,Year,2035,Vint_2035,Final Electricity by Sector (TWh),110.88246991198422
"rcp45hotter_ssp5,date=2024-3-6T20:01:59+17:00",USA,MO,elecFinalBySecTWh,Year,2040,Vint_2040,Final Electricity by Sector (TWh),126.7168349515035
"rcp45hotter_ssp5,date=2024-3-6T20:01:59+17:00",USA,MO,elecFinalBySecTWh,Year,2045,Vint_2045,Final Electricity by Sector (TWh),136.77556206465331
"rcp45hotter_ssp5,date=2024-3-6T20:01:59+17:00",USA,MO,elecFinalBySecTWh,Year,2050,Vint_2050,Final Electricity by Sector (TWh),154.74475508030068
"rcp45hotter_ssp5,date=2024-3-6T20:01:59+17:00",USA,MO,elecFinalBySecTWh,Year,2055,Vint_2055,Final Electricity by Sector (TWh),173.85216519496333
"rcp45hotter_ssp5,date=2024-3-6T20:01:59+17:00",USA,MO,elecFinalBySecTWh,Year,2060,Vint_2060,Final Electricity by Sector (TWh),188.22304481573454
"rcp45hotter_ssp5,date=2024-3-6T20:01:59+17:00",USA,MO,elecFinalBySecTWh,Year,2065,Vint_2065,Final Electricity by Sector (TWh),209.1946884548489
"rcp45hotter_ssp5,date=2024-3-6T20:01:59+17:00",USA,MO,elecFinalBySecTWh,Year,2070,Vint_2070,Final Electricity by Sector (TWh),228.7193474014929
"rcp45hotter_ssp5,date=2024-3-6T20:01:59+17:00",USA,MO,elecFinalBySecTWh,Year,2075,Vint_2075,Final Electricity by Sector (TWh),249.3947527794006
"rcp45hotter_ssp5,date=2024-3-6T20:01:59+17:00",USA,MO,elecFinalBySecTWh,Year,2080,Vint_2080,Final Electricity by Sector (TWh),276.0209199537244
"rcp45hotter_ssp5,date=2024-3-6T20:01:59+17:00",USA,MO,elecFinalBySecTWh,Year,2085,Vint_2085,Final Electricity by Sector (TWh),291.1339670381479
"rcp45hotter_ssp5,date=2024-3-6T20:01:59+17:00",USA,MO,elecFinalBySecTWh,Year,2090,Vint_2090,Final Electricity by Sector (TWh),311.9590357687208
"rcp45hotter_ssp5,date=2024-3-6T20:01:59+17:00",USA,MO,elecFinalBySecTWh,Year,2095,Vint_2095,Final Electricity by Sector (TWh),347.4220623040161
"rcp45hotter_ssp5,date=2024-3-6T20:01:59+17:00",USA,MO,elecFinalBySecTWh,Year,2100,Vint_2100,Final Electricity by Sector (TWh),363.509614526649
"rcp45hotter_ssp5,date=2024-3-6T20:01:59+17:00",USA,MS,elecFinalBySecTWh,Year,1975,Vint_1975,Final Electricity by Sector (TWh),7.401028472222282
"rcp45hotter_ssp5,date=2024-3-6T20:01:59+17:00",USA,MS,elecFinalBySecTWh,Year,1990,Vint_1990,Final Electricity by Sector (TWh),35.581461585989175
"rcp45hotter_ssp5,date=2024-3-6T20:01:59+17:00",USA,MS,elecFinalBySecTWh,Year,2005,Vint_2005,Final Electricity by Sector (TWh),50.637825325139296
"rcp45hotter_ssp5,date=2024-3-6T20:01:59+17:00",USA,MS,elecFinalBySecTWh,Year,2010,Vint_2010,Final Electricity by Sector (TWh),54.43080567744488
"rcp45hotter_ssp5,date=2024-3-6T20:01:59+17:00",USA,MS,elecFinalBySecTWh,Year,2015,Vint_2015,Final Electricity by Sector (TWh),52.539822746250415
"rcp45hotter_ssp5,date=2024-3-6T20:01:59+17:00",USA,MS,elecFinalBySecTWh,Year,2020,Vint_2020,Final Electricity by Sector (TWh),52.632345790728195
"rcp45hotter_ssp5,date=2024-3-6T20:01:59+17:00",USA,MS,elecFinalBySecTWh,Year,2025,Vint_2025,Final Electricity by Sector (TWh),55.01141058509766
"rcp45hotter_ssp5,date=2024-3-6T20:01:59+17:00",USA,MS,elecFinalBySecTWh,Year,2030,Vint_2030,Final Electricity by Sector (TWh),58.72436635427268
"rcp45hotter_ssp5,date=2024-3-6T20:01:59+17:00",USA,MS,elecFinalBySecTWh,Year,2035,Vint_2035,Final Electricity by Sector (TWh),61.89836221458855
"rcp45hotter_ssp5,date=2024-3-6T20:01:59+17:00",USA,MS,elecFinalBySecTWh,Year,2040,Vint_2040,Final Electricity by Sector (TWh),67.73760345782776
"rcp45hotter_ssp5,date=2024-3-6T20:01:59+17:00",USA,MS,elecFinalBySecTWh,Year,2045,Vint_2045,Final Electricity by Sector (TWh),71.49855878956501
"rcp45hotter_ssp5,date=2024-3-6T20:01:59+17:00",USA,MS,elecFinalBySecTWh,Year,2050,Vint_2050,Final Electricity by Sector (TWh),78.36655871583841
"rcp45hotter_ssp5,date=2024-3-6T20:01:59+17:00",USA,MS,elecFinalBySecTWh,Year,2055,Vint_2055,Final Electricity by Sector (TWh),84.48178532497623
"rcp45hotter_ssp5,date=2024-3-6T20:01:59+17:00",USA,MS,elecFinalBySecTWh,Year,2060,Vint_2060,Final Electricity by Sector (TWh),94.62124792636631
"rcp45hotter_ssp5,date=2024-3-6T20:01:59+17:00",USA,MS,elecFinalBySecTWh,Year,2065,Vint_2065,Final Electricity by Sector (TWh),108.5140681718228
"rcp45hotter_ssp5,date=2024-3-6T20:01:59+17:00",USA,MS,elecFinalBySecTWh,Year,2070,Vint_2070,Final Electricity by Sector (TWh),117.07892221281621
"rcp45hotter_ssp5,date=2024-3-6T20:01:59+17:00",USA,MS,elecFinalBySecTWh,Year,2075,Vint_2075,Final Electricity by Sector (TWh),129.7813036993352
"rcp45hotter_ssp5,date=2024-3-6T20:01:59+17:00",USA,MS,elecFinalBySecTWh,Year,2080,Vint_2080,Final Electricity by Sector (TWh),147.95504872329337
"rcp45hotter_ssp5,date=2024-3-6T20:01:59+17:00",USA,MS,elecFinalBySecTWh,Year,2085,Vint_2085,Final Electricity by Sector (TWh),166.19638681538882
"rcp45hotter_ssp5,date=2024-3-6T20:01:59+17:00",USA,MS,elecFinalBySecTWh,Year,2090,Vint_2090,Final Electricity by Sector (TWh),193.08057186022486
"rcp45hotter_ssp5,date=2024-3-6T20:01:59+17:00",USA,MS,elecFinalBySecTWh,Year,2095,Vint_2095,Final Electricity by Sector (TWh),221.3278279334015
"rcp45hotter_ssp5,date=2024-3-6T20:01:59+17:00",USA,MS,elecFinalBySecTWh,Year,2100,Vint_2100,Final Electricity by Sector (TWh),241.87316639001136
"rcp45hotter_ssp5,date=2024-3-6T20:01:59+17:00",USA,MT,elecFinalBySecTWh,Year,1975,Vint_1975,Final Electricity by Sector (TWh),5.5398746666667105
"rcp45hotter_ssp5,date=2024-3-6T20:01:59+17:00",USA,MT,elecFinalBySecTWh,Year,1990,Vint_1990,Final Electricity by Sector (TWh),14.46082633869456
"rcp45hotter_ssp5,date=2024-3-6T20:01:59+17:00",USA,MT,elecFinalBySecTWh,Year,2005,Vint_2005,Final Electricity by Sector (TWh),14.801720369805674
"rcp45hotter_ssp5,date=2024-3-6T20:01:59+17:00",USA,MT,elecFinalBySecTWh,Year,2010,Vint_2010,Final Electricity by Sector (TWh),15.067020102055675
"rcp45hotter_ssp5,date=2024-3-6T20:01:59+17:00",USA,MT,elecFinalBySecTWh,Year,2015,Vint_2015,Final Electricity by Sector (TWh),15.322953549055677
"rcp45hotter_ssp5,date=2024-3-6T20:01:59+17:00",USA,MT,elecFinalBySecTWh,Year,2020,Vint_2020,Final Electricity by Sector (TWh),15.24532791148901
"rcp45hotter_ssp5,date=2024-3-6T20:01:59+17:00",USA,MT,elecFinalBySecTWh,Year,2025,Vint_2025,Final Electricity by Sector (TWh),16.11010911892235
"rcp45hotter_ssp5,date=2024-3-6T20:01:59+17:00",USA,MT,elecFinalBySecTWh,Year,2030,Vint_2030,Final Electricity by Sector (TWh),17.904256575994587
"rcp45hotter_ssp5,date=2024-3-6T20:01:59+17:00",USA,MT,elecFinalBySecTWh,Year,2035,Vint_2035,Final Electricity by Sector (TWh),19.719242062288767
"rcp45hotter_ssp5,date=2024-3-6T20:01:59+17:00",USA,MT,elecFinalBySecTWh,Year,2040,Vint_2040,Final Electricity by Sector (TWh),21.985904068287397
"rcp45hotter_ssp5,date=2024-3-6T20:01:59+17:00",USA,MT,elecFinalBySecTWh,Year,2045,Vint_2045,Final Electricity by Sector (TWh),25.027468058530477
"rcp45hotter_ssp5,date=2024-3-6T20:01:59+17:00",USA,MT,elecFinalBySecTWh,Year,2050,Vint_2050,Final Electricity by Sector (TWh),27.966625218798832
"rcp45hotter_ssp5,date=2024-3-6T20:01:59+17:00",USA,MT,elecFinalBySecTWh,Year,2055,Vint_2055,Final Electricity by Sector (TWh),31.755960763816084
"rcp45hotter_ssp5,date=2024-3-6T20:01:59+17:00",USA,MT,elecFinalBySecTWh,Year,2060,Vint_2060,Final Electricity by Sector (TWh),36.5770550791628
"rcp45hotter_ssp5,date=2024-3-6T20:01:59+17:00",USA,MT,elecFinalBySecTWh,Year,2065,Vint_2065,Final Electricity by Sector (TWh),41.37846868555756
"rcp45hotter_ssp5,date=2024-3-6T20:01:59+17:00",USA,MT,elecFinalBySecTWh,Year,2070,Vint_2070,Final Electricity by Sector (TWh),46.26900058099259
"rcp45hotter_ssp5,date=2024-3-6T20:01:59+17:00",USA,MT,elecFinalBySecTWh,Year,2075,Vint_2075,Final Electricity by Sector (TWh),50.93618108366568
"rcp45hotter_ssp5,date=2024-3-6T20:01:59+17:00",USA,MT,elecFinalBySecTWh,Year,2080,Vint_2080,Final Electricity by Sector (TWh),56.5416429334785
"rcp45hotter_ssp5,date=2024-3-6T20:01:59+17:00",USA,MT,elecFinalBySecTWh,Year,2085,Vint_2085,Final Electricity by Sector (TWh),63.76999473948023
"rcp45hotter_ssp5,date=2024-3-6T20:01:59+17:00",USA,MT,elecFinalBySecTWh,Year,2090,Vint_2090,Final Electricity by Sector (TWh),70.637648518465
"rcp45hotter_ssp5,date=2024-3-6T20:01:59+17:00",USA,MT,elecFinalBySecTWh,Year,2095,Vint_2095,Final Electricity by Sector (TWh),78.8453448894534
"rcp45hotter_ssp5,date=2024-3-6T20:01:59+17:00",USA,MT,elecFinalBySecTWh,Year,2100,Vint_2100,Final Electricity by Sector (TWh),87.02201071007485
"rcp45hotter_ssp5,date=2024-3-6T20:01:59+17:00",USA,NC,elecFinalBySecTWh,Year,1975,Vint_1975,Final Electricity by Sector (TWh),22.843770000000184
"rcp45hotter_ssp5,date=2024-3-6T20:01:59+17:00",USA,NC,elecFinalBySecTWh,Year,1990,Vint_1990,Final Electricity by Sector (TWh),99.59032880166745
"rcp45hotter_ssp5,date=2024-3-6T20:01:59+17:00",USA,NC,elecFinalBySecTWh,Year,2005,Vint_2005,Final Electricity by Sector (TWh),142.46760783389
"rcp45hotter_ssp5,date=2024-3-6T20:01:59+17:00",USA,NC,elecFinalBySecTWh,Year,2010,Vint_2010,Final Electricity by Sector (TWh),150.36553594777897
"rcp45hotter_ssp5,date=2024-3-6T20:01:59+17:00",USA,NC,elecFinalBySecTWh,Year,2015,Vint_2015,Final Electricity by Sector (TWh),145.7313563790845
"rcp45hotter_ssp5,date=2024-3-6T20:01:59+17:00",USA,NC,elecFinalBySecTWh,Year,2020,Vint_2020,Final Electricity by Sector (TWh),155.87757436675125
"rcp45hotter_ssp5,date=2024-3-6T20:01:59+17:00",USA,NC,elecFinalBySecTWh,Year,2025,Vint_2025,Final Electricity by Sector (TWh),162.12329978883184
"rcp45hotter_ssp5,date=2024-3-6T20:01:59+17:00",USA,NC,elecFinalBySecTWh,Year,2030,Vint_2030,Final Electricity by Sector (TWh),176.32210334015585
"rcp45hotter_ssp5,date=2024-3-6T20:01:59+17:00",USA,NC,elecFinalBySecTWh,Year,2035,Vint_2035,Final Electricity by Sector (TWh),187.86670965879426
"rcp45hotter_ssp5,date=2024-3-6T20:01:59+17:00",USA,NC,elecFinalBySecTWh,Year,2040,Vint_2040,Final Electricity by Sector (TWh),204.53471764177274
"rcp45hotter_ssp5,date=2024-3-6T20:01:59+17:00",USA,NC,elecFinalBySecTWh,Year,2045,Vint_2045,Final Electricity by Sector (TWh),220.3690646685987
"rcp45hotter_ssp5,date=2024-3-6T20:01:59+17:00",USA,NC,elecFinalBySecTWh,Year,2050,Vint_2050,Final Electricity by Sector (TWh),240.74218332765747
"rcp45hotter_ssp5,date=2024-3-6T20:01:59+17:00",USA,NC,elecFinalBySecTWh,Year,2055,Vint_2055,Final Electricity by Sector (TWh),255.49239580282287
"rcp45hotter_ssp5,date=2024-3-6T20:01:59+17:00",USA,NC,elecFinalBySecTWh,Year,2060,Vint_2060,Final Electricity by Sector (TWh),286.0979463584334
"rcp45hotter_ssp5,date=2024-3-6T20:01:59+17:00",USA,NC,elecFinalBySecTWh,Year,2065,Vint_2065,Final Electricity by Sector (TWh),312.4058062543881
"rcp45hotter_ssp5,date=2024-3-6T20:01:59+17:00",USA,NC,elecFinalBySecTWh,Year,2070,Vint_2070,Final Electricity by Sector (TWh),341.25222365279166
"rcp45hotter_ssp5,date=2024-3-6T20:01:59+17:00",USA,NC,elecFinalBySecTWh,Year,2075,Vint_2075,Final Electricity by Sector (TWh),369.4904617609057
"rcp45hotter_ssp5,date=2024-3-6T20:01:59+17:00",USA,NC,elecFinalBySecTWh,Year,2080,Vint_2080,Final Electricity by Sector (TWh),409.7206900616466
"rcp45hotter_ssp5,date=2024-3-6T20:01:59+17:00",USA,NC,elecFinalBySecTWh,Year,2085,Vint_2085,Final Electricity by Sector (TWh),451.8302475602947
"rcp45hotter_ssp5,date=2024-3-6T20:01:59+17:00",USA,NC,elecFinalBySecTWh,Year,2090,Vint_2090,Final Electricity by Sector (TWh),510.9691715064096
"rcp45hotter_ssp5,date=2024-3-6T20:01:59+17:00",USA,NC,elecFinalBySecTWh,Year,2095,Vint_2095,Final Electricity by Sector (TWh),554.4615144980136
"rcp45hotter_ssp5,date=2024-3-6T20:01:59+17:00",USA,NC,elecFinalBySecTWh,Year,2100,Vint_2100,Final Electricity by Sector (TWh),608.4267460096531
"rcp45hotter_ssp5,date=2024-3-6T20:01:59+17:00",USA,ND,elecFinalBySecTWh,Year,1975,Vint_1975,Final Electricity by Sector (TWh),1.074122480555564
"rcp45hotter_ssp5,date=2024-3-6T20:01:59+17:00",USA,ND,elecFinalBySecTWh,Year,1990,Vint_1990,Final Electricity by Sector (TWh),7.753744742555618
"rcp45hotter_ssp5,date=2024-3-6T20:01:59+17:00",USA,ND,elecFinalBySecTWh,Year,2005,Vint_2005,Final Electricity by Sector (TWh),11.960074119000094
"rcp45hotter_ssp5,date=2024-3-6T20:01:59+17:00",USA,ND,elecFinalBySecTWh,Year,2010,Vint_2010,Final Electricity by Sector (TWh),14.181094985555669
"rcp45hotter_ssp5,date=2024-3-6T20:01:59+17:00",USA,ND,elecFinalBySecTWh,Year,2015,Vint_2015,Final Electricity by Sector (TWh),19.424408859722377
"rcp45hotter_ssp5,date=2024-3-6T20:01:59+17:00",USA,ND,elecFinalBySecTWh,Year,2020,Vint_2020,Final Electricity by Sector (TWh),19.663976659000156
"rcp45hotter_ssp5,date=2024-3-6T20:01:59+17:00",USA,ND,elecFinalBySecTWh,Year,2025,Vint_2025,Final Electricity by Sector (TWh),21.58665073779739
"rcp45hotter_ssp5,date=2024-3-6T20:01:59+17:00",USA,ND,elecFinalBySecTWh,Year,2030,Vint_2030,Final Electricity by Sector (TWh),23.941888909345746
"rcp45hotter_ssp5,date=2024-3-6T20:01:59+17:00",USA,ND,elecFinalBySecTWh,Year,2035,Vint_2035,Final Electricity by Sector (TWh),27.13865867915105
"rcp45hotter_ssp5,date=2024-3-6T20:01:59+17:00",USA,ND,elecFinalBySecTWh,Year,2040,Vint_2040,Final Electricity by Sector (TWh),31.488712964001085
"rcp45hotter_ssp5,date=2024-3-6T20:01:59+17:00",USA,ND,elecFinalBySecTWh,Year,2045,Vint_2045,Final Electricity by Sector (TWh),36.863214069728905
"rcp45hotter_ssp5,date=2024-3-6T20:01:59+17:00",USA,ND,elecFinalBySecTWh,Year,2050,Vint_2050,Final Electricity by Sector (TWh),42.527261167983674
"rcp45hotter_ssp5,date=2024-3-6T20:01:59+17:00",USA,ND,elecFinalBySecTWh,Year,2055,Vint_2055,Final Electricity by Sector (TWh),50.27897451804734
"rcp45hotter_ssp5,date=2024-3-6T20:01:59+17:00",USA,ND,elecFinalBySecTWh,Year,2060,Vint_2060,Final Electricity by Sector (TWh),59.844344741237144
"rcp45hotter_ssp5,date=2024-3-6T20:01:59+17:00",USA,ND,elecFinalBySecTWh,Year,2065,Vint_2065,Final Electricity by Sector (TWh),70.52206575570862
"rcp45hotter_ssp5,date=2024-3-6T20:01:59+17:00",USA,ND,elecFinalBySecTWh,Year,2070,Vint_2070,Final Electricity by Sector (TWh),80.44867490487508
"rcp45hotter_ssp5,date=2024-3-6T20:01:59+17:00",USA,ND,elecFinalBySecTWh,Year,2075,Vint_2075,Final Electricity by Sector (TWh),89.89105149349878
"rcp45hotter_ssp5,date=2024-3-6T20:01:59+17:00",USA,ND,elecFinalBySecTWh,Year,2080,Vint_2080,Final Electricity by Sector (TWh),103.46090358056777
"rcp45hotter_ssp5,date=2024-3-6T20:01:59+17:00",USA,ND,elecFinalBySecTWh,Year,2085,Vint_2085,Final Electricity by Sector (TWh),119.6717950356129
"rcp45hotter_ssp5,date=2024-3-6T20:01:59+17:00",USA,ND,elecFinalBySecTWh,Year,2090,Vint_2090,Final Electricity by Sector (TWh),137.65207588009386
"rcp45hotter_ssp5,date=2024-3-6T20:01:59+17:00",USA,ND,elecFinalBySecTWh,Year,2095,Vint_2095,Final Electricity by Sector (TWh),155.9918503312154
"rcp45hotter_ssp5,date=2024-3-6T20:01:59+17:00",USA,ND,elecFinalBySecTWh,Year,2100,Vint_2100,Final Electricity by Sector (TWh),165.97530139102327
"rcp45hotter_ssp5,date=2024-3-6T20:01:59+17:00",USA,NE,elecFinalBySecTWh,Year,1975,Vint_1975,Final Electricity by Sector (TWh),3.5364250833333615
"rcp45hotter_ssp5,date=2024-3-6T20:01:59+17:00",USA,NE,elecFinalBySecTWh,Year,1990,Vint_1990,Final Electricity by Sector (TWh),19.838278914166825
"rcp45hotter_ssp5,date=2024-3-6T20:01:59+17:00",USA,NE,elecFinalBySecTWh,Year,2005,Vint_2005,Final Electricity by Sector (TWh),29.792441970889126
"rcp45hotter_ssp5,date=2024-3-6T20:01:59+17:00",USA,NE,elecFinalBySecTWh,Year,2010,Vint_2010,Final Electricity by Sector (TWh),32.673498628111375
"rcp45hotter_ssp5,date=2024-3-6T20:01:59+17:00",USA,NE,elecFinalBySecTWh,Year,2015,Vint_2015,Final Electricity by Sector (TWh),31.772632360444696
"rcp45hotter_ssp5,date=2024-3-6T20:01:59+17:00",USA,NE,elecFinalBySecTWh,Year,2020,Vint_2020,Final Electricity by Sector (TWh),33.69367916569471
"rcp45hotter_ssp5,date=2024-3-6T20:01:59+17:00",USA,NE,elecFinalBySecTWh,Year,2025,Vint_2025,Final Electricity by Sector (TWh),34.152203332024165
"rcp45hotter_ssp5,date=2024-3-6T20:01:59+17:00",USA,NE,elecFinalBySecTWh,Year,2030,Vint_2030,Final Electricity by Sector (TWh),37.693936416493635
"rcp45hotter_ssp5,date=2024-3-6T20:01:59+17:00",USA,NE,elecFinalBySecTWh,Year,2035,Vint_2035,Final Electricity by Sector (TWh),40.41160769823477
"rcp45hotter_ssp5,date=2024-3-6T20:01:59+17:00",USA,NE,elecFinalBySecTWh,Year,2040,Vint_2040,Final Electricity by Sector (TWh),47.10125640677509
"rcp45hotter_ssp5,date=2024-3-6T20:01:59+17:00",USA,NE,elecFinalBySecTWh,Year,2045,Vint_2045,Final Electricity by Sector (TWh),51.760785348356244
"rcp45hotter_ssp5,date=2024-3-6T20:01:59+17:00",USA,NE,elecFinalBySecTWh,Year,2050,Vint_2050,Final Electricity by Sector (TWh),58.82457431063908
"rcp45hotter_ssp5,date=2024-3-6T20:01:59+17:00",USA,NE,elecFinalBySecTWh,Year,2055,Vint_2055,Final Electricity by Sector (TWh),66.45924832165747
"rcp45hotter_ssp5,date=2024-3-6T20:01:59+17:00",USA,NE,elecFinalBySecTWh,Year,2060,Vint_2060,Final Electricity by Sector (TWh),75.07982431629033
"rcp45hotter_ssp5,date=2024-3-6T20:01:59+17:00",USA,NE,elecFinalBySecTWh,Year,2065,Vint_2065,Final Electricity by Sector (TWh),81.52607308716564
"rcp45hotter_ssp5,date=2024-3-6T20:01:59+17:00",USA,NE,elecFinalBySecTWh,Year,2070,Vint_2070,Final Electricity by Sector (TWh),89.55690996827127
"rcp45hotter_ssp5,date=2024-3-6T20:01:59+17:00",USA,NE,elecFinalBySecTWh,Year,2075,Vint_2075,Final Electricity by Sector (TWh),97.5497712057955
"rcp45hotter_ssp5,date=2024-3-6T20:01:59+17:00",USA,NE,elecFinalBySecTWh,Year,2080,Vint_2080,Final Electricity by Sector (TWh),110.10422949540698
"rcp45hotter_ssp5,date=2024-3-6T20:01:59+17:00",USA,NE,elecFinalBySecTWh,Year,2085,Vint_2085,Final Electricity by Sector (TWh),119.49733780380873
"rcp45hotter_ssp5,date=2024-3-6T20:01:59+17:00",USA,NE,elecFinalBySecTWh,Year,2090,Vint_2090,Final Electricity by Sector (TWh),130.627116600728
"rcp45hotter_ssp5,date=2024-3-6T20:01:59+17:00",USA,NE,elecFinalBySecTWh,Year,2095,Vint_2095,Final Electricity by Sector (TWh),143.84684847366864
"rcp45hotter_ssp5,date=2024-3-6T20:01:59+17:00",USA,NE,elecFinalBySecTWh,Year,2100,Vint_2100,Final Electricity by Sector (TWh),149.65849128331897
"rcp45hotter_ssp5,date=2024-3-6T20:01:59+17:00",USA,NH,elecFinalBySecTWh,Year,1975,Vint_1975,Final Electricity by Sector (TWh),1.9838732194444602
"rcp45hotter_ssp5,date=2024-3-6T20:01:59+17:00",USA,NH,elecFinalBySecTWh,Year,1990,Vint_1990,Final Electricity by Sector (TWh),9.9058766869723
"rcp45hotter_ssp5,date=2024-3-6T20:01:59+17:00",USA,NH,elecFinalBySecTWh,Year,2005,Vint_2005,Final Electricity by Sector (TWh),12.478268782111211
"rcp45hotter_ssp5,date=2024-3-6T20:01:59+17:00",USA,NH,elecFinalBySecTWh,Year,2010,Vint_2010,Final Electricity by Sector (TWh),11.989850478388984
"rcp45hotter_ssp5,date=2024-3-6T20:01:59+17:00",USA,NH,elecFinalBySecTWh,Year,2015,Vint_2015,Final Electricity by Sector (TWh),11.97928439605565
"rcp45hotter_ssp5,date=2024-3-6T20:01:59+17:00",USA,NH,elecFinalBySecTWh,Year,2020,Vint_2020,Final Electricity by Sector (TWh),12.368846223116766
"rcp45hotter_ssp5,date=2024-3-6T20:01:59+17:00",USA,NH,elecFinalBySecTWh,Year,2025,Vint_2025,Final Electricity by Sector (TWh),12.650684659388157
"rcp45hotter_ssp5,date=2024-3-6T20:01:59+17:00",USA,NH,elecFinalBySecTWh,Year,2030,Vint_2030,Final Electricity by Sector (TWh),13.545511881374551
"rcp45hotter_ssp5,date=2024-3-6T20:01:59+17:00",USA,NH,elecFinalBySecTWh,Year,2035,Vint_2035,Final Electricity by Sector (TWh),14.655868552609562
"rcp45hotter_ssp5,date=2024-3-6T20:01:59+17:00",USA,NH,elecFinalBySecTWh,Year,2040,Vint_2040,Final Electricity by Sector (TWh),16.23648151572763
"rcp45hotter_ssp5,date=2024-3-6T20:01:59+17:00",USA,NH,elecFinalBySecTWh,Year,2045,Vint_2045,Final Electricity by Sector (TWh),18.344239228765424
"rcp45hotter_ssp5,date=2024-3-6T20:01:59+17:00",USA,NH,elecFinalBySecTWh,Year,2050,Vint_2050,Final Electricity by Sector (TWh),20.076379012288495
"rcp45hotter_ssp5,date=2024-3-6T20:01:59+17:00",USA,NH,elecFinalBySecTWh,Year,2055,Vint_2055,Final Electricity by Sector (TWh),23.09234229120935
"rcp45hotter_ssp5,date=2024-3-6T20:01:59+17:00",USA,NH,elecFinalBySecTWh,Year,2060,Vint_2060,Final Electricity by Sector (TWh),25.57744038913354
"rcp45hotter_ssp5,date=2024-3-6T20:01:59+17:00",USA,NH,elecFinalBySecTWh,Year,2065,Vint_2065,Final Electricity by Sector (TWh),27.84478043127133
"rcp45hotter_ssp5,date=2024-3-6T20:01:59+17:00",USA,NH,elecFinalBySecTWh,Year,2070,Vint_2070,Final Electricity by Sector (TWh),30.31659022752552
"rcp45hotter_ssp5,date=2024-3-6T20:01:59+17:00",USA,NH,elecFinalBySecTWh,Year,2075,Vint_2075,Final Electricity by Sector (TWh),32.95197619082887
"rcp45hotter_ssp5,date=2024-3-6T20:01:59+17:00",USA,NH,elecFinalBySecTWh,Year,2080,Vint_2080,Final Electricity by Sector (TWh),35.51056003190084
"rcp45hotter_ssp5,date=2024-3-6T20:01:59+17:00",USA,NH,elecFinalBySecTWh,Year,2085,Vint_2085,Final Electricity by Sector (TWh),39.3857534012942
"rcp45hotter_ssp5,date=2024-3-6T20:01:59+17:00",USA,NH,elecFinalBySecTWh,Year,2090,Vint_2090,Final Electricity by Sector (TWh),42.34036782459867
"rcp45hotter_ssp5,date=2024-3-6T20:01:59+17:00",USA,NH,elecFinalBySecTWh,Year,2095,Vint_2095,Final Electricity by Sector (TWh),46.33357740051426
"rcp45hotter_ssp5,date=2024-3-6T20:01:59+17:00",USA,NH,elecFinalBySecTWh,Year,2100,Vint_2100,Final Electricity by Sector (TWh),49.101635033571505
"rcp45hotter_ssp5,date=2024-3-6T20:01:59+17:00",USA,NJ,elecFinalBySecTWh,Year,1975,Vint_1975,Final Electricity by Sector (TWh),15.922699635555682
"rcp45hotter_ssp5,date=2024-3-6T20:01:59+17:00",USA,NJ,elecFinalBySecTWh,Year,1990,Vint_1990,Final Electricity by Sector (TWh),69.76042423638945
"rcp45hotter_ssp5,date=2024-3-6T20:01:59+17:00",USA,NJ,elecFinalBySecTWh,Year,2005,Vint_2005,Final Electricity by Sector (TWh),91.53573162583406
"rcp45hotter_ssp5,date=2024-3-6T20:01:59+17:00",USA,NJ,elecFinalBySecTWh,Year,2010,Vint_2010,Final Electricity by Sector (TWh),87.7010368800007
"rcp45hotter_ssp5,date=2024-3-6T20:01:59+17:00",USA,NJ,elecFinalBySecTWh,Year,2015,Vint_2015,Final Electricity by Sector (TWh),83.15852511250067
"rcp45hotter_ssp5,date=2024-3-6T20:01:59+17:00",USA,NJ,elecFinalBySecTWh,Year,2020,Vint_2020,Final Electricity by Sector (TWh),88.32856615247597
"rcp45hotter_ssp5,date=2024-3-6T20:01:59+17:00",USA,NJ,elecFinalBySecTWh,Year,2025,Vint_2025,Final Electricity by Sector (TWh),85.47588540370207
"rcp45hotter_ssp5,date=2024-3-6T20:01:59+17:00",USA,NJ,elecFinalBySecTWh,Year,2030,Vint_2030,Final Electricity by Sector (TWh),86.15256811843263
"rcp45hotter_ssp5,date=2024-3-6T20:01:59+17:00",USA,NJ,elecFinalBySecTWh,Year,2035,Vint_2035,Final Electricity by Sector (TWh),90.05693329225238
"rcp45hotter_ssp5,date=2024-3-6T20:01:59+17:00",USA,NJ,elecFinalBySecTWh,Year,2040,Vint_2040,Final Electricity by Sector (TWh),88.88092570230127
"rcp45hotter_ssp5,date=2024-3-6T20:01:59+17:00",USA,NJ,elecFinalBySecTWh,Year,2045,Vint_2045,Final Electricity by Sector (TWh),93.8020832786688
"rcp45hotter_ssp5,date=2024-3-6T20:01:59+17:00",USA,NJ,elecFinalBySecTWh,Year,2050,Vint_2050,Final Electricity by Sector (TWh),95.16761457116213
"rcp45hotter_ssp5,date=2024-3-6T20:01:59+17:00",USA,NJ,elecFinalBySecTWh,Year,2055,Vint_2055,Final Electricity by Sector (TWh),100.80422677974275
"rcp45hotter_ssp5,date=2024-3-6T20:01:59+17:00",USA,NJ,elecFinalBySecTWh,Year,2060,Vint_2060,Final Electricity by Sector (TWh),105.48940294115167
"rcp45hotter_ssp5,date=2024-3-6T20:01:59+17:00",USA,NJ,elecFinalBySecTWh,Year,2065,Vint_2065,Final Electricity by Sector (TWh),114.00058969225145
"rcp45hotter_ssp5,date=2024-3-6T20:01:59+17:00",USA,NJ,elecFinalBySecTWh,Year,2070,Vint_2070,Final Electricity by Sector (TWh),121.70665571808875
"rcp45hotter_ssp5,date=2024-3-6T20:01:59+17:00",USA,NJ,elecFinalBySecTWh,Year,2075,Vint_2075,Final Electricity by Sector (TWh),133.34298318618383
"rcp45hotter_ssp5,date=2024-3-6T20:01:59+17:00",USA,NJ,elecFinalBySecTWh,Year,2080,Vint_2080,Final Electricity by Sector (TWh),144.5055839290703
"rcp45hotter_ssp5,date=2024-3-6T20:01:59+17:00",USA,NJ,elecFinalBySecTWh,Year,2085,Vint_2085,Final Electricity by Sector (TWh),157.10223708728125
"rcp45hotter_ssp5,date=2024-3-6T20:01:59+17:00",USA,NJ,elecFinalBySecTWh,Year,2090,Vint_2090,Final Electricity by Sector (TWh),173.29035656014528
"rcp45hotter_ssp5,date=2024-3-6T20:01:59+17:00",USA,NJ,elecFinalBySecTWh,Year,2095,Vint_2095,Final Electricity by Sector (TWh),197.86443700886517
"rcp45hotter_ssp5,date=2024-3-6T20:01:59+17:00",USA,NJ,elecFinalBySecTWh,Year,2100,Vint_2100,Final Electricity by Sector (TWh),216.74048364971367
"rcp45hotter_ssp5,date=2024-3-6T20:01:59+17:00",USA,NM,elecFinalBySecTWh,Year,1975,Vint_1975,Final Electricity by Sector (TWh),2.167807166666684
"rcp45hotter_ssp5,date=2024-3-6T20:01:59+17:00",USA,NM,elecFinalBySecTWh,Year,1990,Vint_1990,Final Electricity by Sector (TWh),15.345844405500122
"rcp45hotter_ssp5,date=2024-3-6T20:01:59+17:00",USA,NM,elecFinalBySecTWh,Year,2005,Vint_2005,Final Electricity by Sector (TWh),22.838545698305737
"rcp45hotter_ssp5,date=2024-3-6T20:01:59+17:00",USA,NM,elecFinalBySecTWh,Year,2010,Vint_2010,Final Electricity by Sector (TWh),24.61399546911131
"rcp45hotter_ssp5,date=2024-3-6T20:01:59+17:00",USA,NM,elecFinalBySecTWh,Year,2015,Vint_2015,Final Electricity by Sector (TWh),24.91962199922242
"rcp45hotter_ssp5,date=2024-3-6T20:01:59+17:00",USA,NM,elecFinalBySecTWh,Year,2020,Vint_2020,Final Electricity by Sector (TWh),24.80397405076603
"rcp45hotter_ssp5,date=2024-3-6T20:01:59+17:00",USA,NM,elecFinalBySecTWh,Year,2025,Vint_2025,Final Electricity by Sector (TWh),26.329206912352433
"rcp45hotter_ssp5,date=2024-3-6T20:01:59+17:00",USA,NM,elecFinalBySecTWh,Year,2030,Vint_2030,Final Electricity by Sector (TWh),30.229193127258295
"rcp45hotter_ssp5,date=2024-3-6T20:01:59+17:00",USA,NM,elecFinalBySecTWh,Year,2035,Vint_2035,Final Electricity by Sector (TWh),34.45493890253861
"rcp45hotter_ssp5,date=2024-3-6T20:01:59+17:00",USA,NM,elecFinalBySecTWh,Year,2040,Vint_2040,Final Electricity by Sector (TWh),39.694062467667536
"rcp45hotter_ssp5,date=2024-3-6T20:01:59+17:00",USA,NM,elecFinalBySecTWh,Year,2045,Vint_2045,Final Electricity by Sector (TWh),45.58321264377481
"rcp45hotter_ssp5,date=2024-3-6T20:01:59+17:00",USA,NM,elecFinalBySecTWh,Year,2050,Vint_2050,Final Electricity by Sector (TWh),52.27121919982875
"rcp45hotter_ssp5,date=2024-3-6T20:01:59+17:00",USA,NM,elecFinalBySecTWh,Year,2055,Vint_2055,Final Electricity by Sector (TWh),60.088087640155194
"rcp45hotter_ssp5,date=2024-3-6T20:01:59+17:00",USA,NM,elecFinalBySecTWh,Year,2060,Vint_2060,Final Electricity by Sector (TWh),69.79811542622723
"rcp45hotter_ssp5,date=2024-3-6T20:01:59+17:00",USA,NM,elecFinalBySecTWh,Year,2065,Vint_2065,Final Electricity by Sector (TWh),79.93485786937036
"rcp45hotter_ssp5,date=2024-3-6T20:01:59+17:00",USA,NM,elecFinalBySecTWh,Year,2070,Vint_2070,Final Electricity by Sector (TWh),88.65966875100376
"rcp45hotter_ssp5,date=2024-3-6T20:01:59+17:00",USA,NM,elecFinalBySecTWh,Year,2075,Vint_2075,Final Electricity by Sector (TWh),98.18351218419134
"rcp45hotter_ssp5,date=2024-3-6T20:01:59+17:00",USA,NM,elecFinalBySecTWh,Year,2080,Vint_2080,Final Electricity by Sector (TWh),109.13234993088199
"rcp45hotter_ssp5,date=2024-3-6T20:01:59+17:00",USA,NM,elecFinalBySecTWh,Year,2085,Vint_2085,Final Electricity by Sector (TWh),119.53889918438844
"rcp45hotter_ssp5,date=2024-3-6T20:01:59+17:00",USA,NM,elecFinalBySecTWh,Year,2090,Vint_2090,Final Electricity by Sector (TWh),136.64229959711747
"rcp45hotter_ssp5,date=2024-3-6T20:01:59+17:00",USA,NM,elecFinalBySecTWh,Year,2095,Vint_2095,Final Electricity by Sector (TWh),157.75124856148543
"rcp45hotter_ssp5,date=2024-3-6T20:01:59+17:00",USA,NM,elecFinalBySecTWh,Year,2100,Vint_2100,Final Electricity by Sector (TWh),172.99532680234248
"rcp45hotter_ssp5,date=2024-3-6T20:01:59+17:00",USA,NV,elecFinalBySecTWh,Year,1975,Vint_1975,Final Electricity by Sector (TWh),2.317079166666685
"rcp45hotter_ssp5,date=2024-3-6T20:01:59+17:00",USA,NV,elecFinalBySecTWh,Year,1990,Vint_1990,Final Electricity by Sector (TWh),18.261676872011257
"rcp45hotter_ssp5,date=2024-3-6T20:01:59+17:00",USA,NV,elecFinalBySecTWh,Year,2005,Vint_2005,Final Electricity by Sector (TWh),35.853050886305844
"rcp45hotter_ssp5,date=2024-3-6T20:01:59+17:00",USA,NV,elecFinalBySecTWh,Year,2010,Vint_2010,Final Electricity by Sector (TWh),36.94962162343363
"rcp45hotter_ssp5,date=2024-3-6T20:01:59+17:00",USA,NV,elecFinalBySecTWh,Year,2015,Vint_2015,Final Electricity by Sector (TWh),38.70677026983365
"rcp45hotter_ssp5,date=2024-3-6T20:01:59+17:00",USA,NV,elecFinalBySecTWh,Year,2020,Vint_2020,Final Electricity by Sector (TWh),42.806047026620064
"rcp45hotter_ssp5,date=2024-3-6T20:01:59+17:00",USA,NV,elecFinalBySecTWh,Year,2025,Vint_2025,Final Electricity by Sector (TWh),45.96433762929815
"rcp45hotter_ssp5,date=2024-3-6T20:01:59+17:00",USA,NV,elecFinalBySecTWh,Year,2030,Vint_2030,Final Electricity by Sector (TWh),52.01733093798125
"rcp45hotter_ssp5,date=2024-3-6T20:01:59+17:00",USA,NV,elecFinalBySecTWh,Year,2035,Vint_2035,Final Electricity by Sector (TWh),56.9993662686185
"rcp45hotter_ssp5,date=2024-3-6T20:01:59+17:00",USA,NV,elecFinalBySecTWh,Year,2040,Vint_2040,Final Electricity by Sector (TWh),62.597425716082725
"rcp45hotter_ssp5,date=2024-3-6T20:01:59+17:00",USA,NV,elecFinalBySecTWh,Year,2045,Vint_2045,Final Electricity by Sector (TWh),69.61043977949807
"rcp45hotter_ssp5,date=2024-3-6T20:01:59+17:00",USA,NV,elecFinalBySecTWh,Year,2050,Vint_2050,Final Electricity by Sector (TWh),75.61883135060283
"rcp45hotter_ssp5,date=2024-3-6T20:01:59+17:00",USA,NV,elecFinalBySecTWh,Year,2055,Vint_2055,Final Electricity by Sector (TWh),83.11065618656622
"rcp45hotter_ssp5,date=2024-3-6T20:01:59+17:00",USA,NV,elecFinalBySecTWh,Year,2060,Vint_2060,Final Electricity by Sector (TWh),91.74725253611129
"rcp45hotter_ssp5,date=2024-3-6T20:01:59+17:00",USA,NV,elecFinalBySecTWh,Year,2065,Vint_2065,Final Electricity by Sector (TWh),100.51257295621275
"rcp45hotter_ssp5,date=2024-3-6T20:01:59+17:00",USA,NV,elecFinalBySecTWh,Year,2070,Vint_2070,Final Electricity by Sector (TWh),112.24158695451256
"rcp45hotter_ssp5,date=2024-3-6T20:01:59+17:00",USA,NV,elecFinalBySecTWh,Year,2075,Vint_2075,Final Electricity by Sector (TWh),119.95147248025818
"rcp45hotter_ssp5,date=2024-3-6T20:01:59+17:00",USA,NV,elecFinalBySecTWh,Year,2080,Vint_2080,Final Electricity by Sector (TWh),130.371507780263
"rcp45hotter_ssp5,date=2024-3-6T20:01:59+17:00",USA,NV,elecFinalBySecTWh,Year,2085,Vint_2085,Final Electricity by Sector (TWh),140.811486482525
"rcp45hotter_ssp5,date=2024-3-6T20:01:59+17:00",USA,NV,elecFinalBySecTWh,Year,2090,Vint_2090,Final Electricity by Sector (TWh),150.8036445719676
"rcp45hotter_ssp5,date=2024-3-6T20:01:59+17:00",USA,NV,elecFinalBySecTWh,Year,2095,Vint_2095,Final Electricity by Sector (TWh),162.64040727168768
"rcp45hotter_ssp5,date=2024-3-6T20:01:59+17:00",USA,NV,elecFinalBySecTWh,Year,2100,Vint_2100,Final Electricity by Sector (TWh),174.53793686261972
"rcp45hotter_ssp5,date=2024-3-6T20:01:59+17:00",USA,NY,elecFinalBySecTWh,Year,1975,Vint_1975,Final Electricity by Sector (TWh),32.764787305555814
"rcp45hotter_ssp5,date=2024-3-6T20:01:59+17:00",USA,NY,elecFinalBySecTWh,Year,1990,Vint_1990,Final Electricity by Sector (TWh),142.9607510127789
"rcp45hotter_ssp5,date=2024-3-6T20:01:59+17:00",USA,NY,elecFinalBySecTWh,Year,2005,Vint_2005,Final Electricity by Sector (TWh),167.20307029444578
"rcp45hotter_ssp5,date=2024-3-6T20:01:59+17:00",USA,NY,elecFinalBySecTWh,Year,2010,Vint_2010,Final Electricity by Sector (TWh),159.64746045666794
"rcp45hotter_ssp5,date=2024-3-6T20:01:59+17:00",USA,NY,elecFinalBySecTWh,Year,2015,Vint_2015,Final Electricity by Sector (TWh),163.69059625277907
"rcp45hotter_ssp5,date=2024-3-6T20:01:59+17:00",USA,NY,elecFinalBySecTWh,Year,2020,Vint_2020,Final Electricity by Sector (TWh),178.4833365687153
"rcp45hotter_ssp5,date=2024-3-6T20:01:59+17:00",USA,NY,elecFinalBySecTWh,Year,2025,Vint_2025,Final Electricity by Sector (TWh),178.6576082661653
"rcp45hotter_ssp5,date=2024-3-6T20:01:59+17:00",USA,NY,elecFinalBySecTWh,Year,2030,Vint_2030,Final Electricity by Sector (TWh),186.2788803694451
"rcp45hotter_ssp5,date=2024-3-6T20:01:59+17:00",USA,NY,elecFinalBySecTWh,Year,2035,Vint_2035,Final Electricity by Sector (TWh),194.09631672010434
"rcp45hotter_ssp5,date=2024-3-6T20:01:59+17:00",USA,NY,elecFinalBySecTWh,Year,2040,Vint_2040,Final Electricity by Sector (TWh),203.1009119898694
"rcp45hotter_ssp5,date=2024-3-6T20:01:59+17:00",USA,NY,elecFinalBySecTWh,Year,2045,Vint_2045,Final Electricity by Sector (TWh),220.7348650460473
"rcp45hotter_ssp5,date=2024-3-6T20:01:59+17:00",USA,NY,elecFinalBySecTWh,Year,2050,Vint_2050,Final Electricity by Sector (TWh),234.74075384397716
"rcp45hotter_ssp5,date=2024-3-6T20:01:59+17:00",USA,NY,elecFinalBySecTWh,Year,2055,Vint_2055,Final Electricity by Sector (TWh),254.56981360383563
"rcp45hotter_ssp5,date=2024-3-6T20:01:59+17:00",USA,NY,elecFinalBySecTWh,Year,2060,Vint_2060,Final Electricity by Sector (TWh),274.1389041953244
"rcp45hotter_ssp5,date=2024-3-6T20:01:59+17:00",USA,NY,elecFinalBySecTWh,Year,2065,Vint_2065,Final Electricity by Sector (TWh),293.3238451019338
"rcp45hotter_ssp5,date=2024-3-6T20:01:59+17:00",USA,NY,elecFinalBySecTWh,Year,2070,Vint_2070,Final Electricity by Sector (TWh),314.2658839592911
"rcp45hotter_ssp5,date=2024-3-6T20:01:59+17:00",USA,NY,elecFinalBySecTWh,Year,2075,Vint_2075,Final Electricity by Sector (TWh),336.0543417992321
"rcp45hotter_ssp5,date=2024-3-6T20:01:59+17:00",USA,NY,elecFinalBySecTWh,Year,2080,Vint_2080,Final Electricity by Sector (TWh),360.2780568420346
"rcp45hotter_ssp5,date=2024-3-6T20:01:59+17:00",USA,NY,elecFinalBySecTWh,Year,2085,Vint_2085,Final Electricity by Sector (TWh),390.1769986727698
"rcp45hotter_ssp5,date=2024-3-6T20:01:59+17:00",USA,NY,elecFinalBySecTWh,Year,2090,Vint_2090,Final Electricity by Sector (TWh),423.16660340572975
"rcp45hotter_ssp5,date=2024-3-6T20:01:59+17:00",USA,NY,elecFinalBySecTWh,Year,2095,Vint_2095,Final Electricity by Sector (TWh),467.95865982192095
"rcp45hotter_ssp5,date=2024-3-6T20:01:59+17:00",USA,NY,elecFinalBySecTWh,Year,2100,Vint_2100,Final Electricity by Sector (TWh),509.27129697414483
"rcp45hotter_ssp5,date=2024-3-6T20:01:59+17:00",USA,OH,elecFinalBySecTWh,Year,1975,Vint_1975,Final Electricity by Sector (TWh),60.32837558277826
"rcp45hotter_ssp5,date=2024-3-6T20:01:59+17:00",USA,OH,elecFinalBySecTWh,Year,1990,Vint_1990,Final Electricity by Sector (TWh),157.33755343750127
"rcp45hotter_ssp5,date=2024-3-6T20:01:59+17:00",USA,OH,elecFinalBySecTWh,Year,2005,Vint_2005,Final Electricity by Sector (TWh),176.12188783333474
"rcp45hotter_ssp5,date=2024-3-6T20:01:59+17:00",USA,OH,elecFinalBySecTWh,Year,2010,Vint_2010,Final Electricity by Sector (TWh),168.56669063250135
"rcp45hotter_ssp5,date=2024-3-6T20:01:59+17:00",USA,OH,elecFinalBySecTWh,Year,2015,Vint_2015,Final Electricity by Sector (TWh),160.7292242386124
"rcp45hotter_ssp5,date=2024-3-6T20:01:59+17:00",USA,OH,elecFinalBySecTWh,Year,2020,Vint_2020,Final Electricity by Sector (TWh),157.80099471447346
"rcp45hotter_ssp5,date=2024-3-6T20:01:59+17:00",USA,OH,elecFinalBySecTWh,Year,2025,Vint_2025,Final Electricity by Sector (TWh),156.7246477093068
"rcp45hotter_ssp5,date=2024-3-6T20:01:59+17:00",USA,OH,elecFinalBySecTWh,Year,2030,Vint_2030,Final Electricity by Sector (TWh),169.88994161956245
"rcp45hotter_ssp5,date=2024-3-6T20:01:59+17:00",USA,OH,elecFinalBySecTWh,Year,2035,Vint_2035,Final Electricity by Sector (TWh),180.68516436161977
"rcp45hotter_ssp5,date=2024-3-6T20:01:59+17:00",USA,OH,elecFinalBySecTWh,Year,2040,Vint_2040,Final Electricity by Sector (TWh),192.67726145403208
"rcp45hotter_ssp5,date=2024-3-6T20:01:59+17:00",USA,OH,elecFinalBySecTWh,Year,2045,Vint_2045,Final Electricity by Sector (TWh),207.4407541802472
"rcp45hotter_ssp5,date=2024-3-6T20:01:59+17:00",USA,OH,elecFinalBySecTWh,Year,2050,Vint_2050,Final Electricity by Sector (TWh),227.87922452643875
"rcp45hotter_ssp5,date=2024-3-6T20:01:59+17:00",USA,OH,elecFinalBySecTWh,Year,2055,Vint_2055,Final Electricity by Sector (TWh),252.4211420969145
"rcp45hotter_ssp5,date=2024-3-6T20:01:59+17:00",USA,OH,elecFinalBySecTWh,Year,2060,Vint_2060,Final Electricity by Sector (TWh),282.1892759399361
"rcp45hotter_ssp5,date=2024-3-6T20:01:59+17:00",USA,OH,elecFinalBySecTWh,Year,2065,Vint_2065,Final Electricity by Sector (TWh),324.8059948564776
"rcp45hotter_ssp5,date=2024-3-6T20:01:59+17:00",USA,OH,elecFinalBySecTWh,Year,2070,Vint_2070,Final Electricity by Sector (TWh),363.82462555564734
"rcp45hotter_ssp5,date=2024-3-6T20:01:59+17:00",USA,OH,elecFinalBySecTWh,Year,2075,Vint_2075,Final Electricity by Sector (TWh),401.72521047812904
"rcp45hotter_ssp5,date=2024-3-6T20:01:59+17:00",USA,OH,elecFinalBySecTWh,Year,2080,Vint_2080,Final Electricity by Sector (TWh),440.2885851121482
"rcp45hotter_ssp5,date=2024-3-6T20:01:59+17:00",USA,OH,elecFinalBySecTWh,Year,2085,Vint_2085,Final Electricity by Sector (TWh),492.2802761701584
"rcp45hotter_ssp5,date=2024-3-6T20:01:59+17:00",USA,OH,elecFinalBySecTWh,Year,2090,Vint_2090,Final Electricity by Sector (TWh),547.9088966015796
"rcp45hotter_ssp5,date=2024-3-6T20:01:59+17:00",USA,OH,elecFinalBySecTWh,Year,2095,Vint_2095,Final Electricity by Sector (TWh),619.9210420144185
"rcp45hotter_ssp5,date=2024-3-6T20:01:59+17:00",USA,OH,elecFinalBySecTWh,Year,2100,Vint_2100,Final Electricity by Sector (TWh),669.0389280786022
"rcp45hotter_ssp5,date=2024-3-6T20:01:59+17:00",USA,OK,elecFinalBySecTWh,Year,1975,Vint_1975,Final Electricity by Sector (TWh),7.856097555555618
"rcp45hotter_ssp5,date=2024-3-6T20:01:59+17:00",USA,OK,elecFinalBySecTWh,Year,1990,Vint_1990,Final Electricity by Sector (TWh),47.15806261550038
"rcp45hotter_ssp5,date=2024-3-6T20:01:59+17:00",USA,OK,elecFinalBySecTWh,Year,2005,Vint_2005,Final Electricity by Sector (TWh),59.526336838278255
"rcp45hotter_ssp5,date=2024-3-6T20:01:59+17:00",USA,OK,elecFinalBySecTWh,Year,2010,Vint_2010,Final Electricity by Sector (TWh),63.58695551486162
"rcp45hotter_ssp5,date=2024-3-6T20:01:59+17:00",USA,OK,elecFinalBySecTWh,Year,2015,Vint_2015,Final Electricity by Sector (TWh),66.38007301247275
"rcp45hotter_ssp5,date=2024-3-6T20:01:59+17:00",USA,OK,elecFinalBySecTWh,Year,2020,Vint_2020,Final Electricity by Sector (TWh),68.28962233535805
"rcp45hotter_ssp5,date=2024-3-6T20:01:59+17:00",USA,OK,elecFinalBySecTWh,Year,2025,Vint_2025,Final Electricity by Sector (TWh),71.2798373518089
"rcp45hotter_ssp5,date=2024-3-6T20:01:59+17:00",USA,OK,elecFinalBySecTWh,Year,2030,Vint_2030,Final Electricity by Sector (TWh),80.84568808518954
"rcp45hotter_ssp5,date=2024-3-6T20:01:59+17:00",USA,OK,elecFinalBySecTWh,Year,2035,Vint_2035,Final Electricity by Sector (TWh),90.74171845032711
"rcp45hotter_ssp5,date=2024-3-6T20:01:59+17:00",USA,OK,elecFinalBySecTWh,Year,2040,Vint_2040,Final Electricity by Sector (TWh),106.39862497815169
"rcp45hotter_ssp5,date=2024-3-6T20:01:59+17:00",USA,OK,elecFinalBySecTWh,Year,2045,Vint_2045,Final Electricity by Sector (TWh),118.4131080622454
"rcp45hotter_ssp5,date=2024-3-6T20:01:59+17:00",USA,OK,elecFinalBySecTWh,Year,2050,Vint_2050,Final Electricity by Sector (TWh),133.49934665404828
"rcp45hotter_ssp5,date=2024-3-6T20:01:59+17:00",USA,OK,elecFinalBySecTWh,Year,2055,Vint_2055,Final Electricity by Sector (TWh),156.8709045181843
"rcp45hotter_ssp5,date=2024-3-6T20:01:59+17:00",USA,OK,elecFinalBySecTWh,Year,2060,Vint_2060,Final Electricity by Sector (TWh),179.69704582673697
"rcp45hotter_ssp5,date=2024-3-6T20:01:59+17:00",USA,OK,elecFinalBySecTWh,Year,2065,Vint_2065,Final Electricity by Sector (TWh),204.32661253281995
"rcp45hotter_ssp5,date=2024-3-6T20:01:59+17:00",USA,OK,elecFinalBySecTWh,Year,2070,Vint_2070,Final Electricity by Sector (TWh),228.321905286009
"rcp45hotter_ssp5,date=2024-3-6T20:01:59+17:00",USA,OK,elecFinalBySecTWh,Year,2075,Vint_2075,Final Electricity by Sector (TWh),249.8464179906181
"rcp45hotter_ssp5,date=2024-3-6T20:01:59+17:00",USA,OK,elecFinalBySecTWh,Year,2080,Vint_2080,Final Electricity by Sector (TWh),277.3301552084283
"rcp45hotter_ssp5,date=2024-3-6T20:01:59+17:00",USA,OK,elecFinalBySecTWh,Year,2085,Vint_2085,Final Electricity by Sector (TWh),311.0698297611711
"rcp45hotter_ssp5,date=2024-3-6T20:01:59+17:00",USA,OK,elecFinalBySecTWh,Year,2090,Vint_2090,Final Electricity by Sector (TWh),352.29376692837116
"rcp45hotter_ssp5,date=2024-3-6T20:01:59+17:00",USA,OK,elecFinalBySecTWh,Year,2095,Vint_2095,Final Electricity by Sector (TWh),412.2041484384777
"rcp45hotter_ssp5,date=2024-3-6T20:01:59+17:00",USA,OK,elecFinalBySecTWh,Year,2100,Vint_2100,Final Electricity by Sector (TWh),438.39247022391044
"rcp45hotter_ssp5,date=2024-3-6T20:01:59+17:00",USA,OR,elecFinalBySecTWh,Year,1975,Vint_1975,Final Electricity by Sector (TWh),13.506274250000107
"rcp45hotter_ssp5,date=2024-3-6T20:01:59+17:00",USA,OR,elecFinalBySecTWh,Year,1990,Vint_1990,Final Electricity by Sector (TWh),47.556102598250376
"rcp45hotter_ssp5,date=2024-3-6T20:01:59+17:00",USA,OR,elecFinalBySecTWh,Year,2005,Vint_2005,Final Electricity by Sector (TWh),51.40030801561152
"rcp45hotter_ssp5,date=2024-3-6T20:01:59+17:00",USA,OR,elecFinalBySecTWh,Year,2010,Vint_2010,Final Electricity by Sector (TWh),50.575876041389286
"rcp45hotter_ssp5,date=2024-3-6T20:01:59+17:00",USA,OR,elecFinalBySecTWh,Year,2015,Vint_2015,Final Electricity by Sector (TWh),51.17548178694485
"rcp45hotter_ssp5,date=2024-3-6T20:01:59+17:00",USA,OR,elecFinalBySecTWh,Year,2020,Vint_2020,Final Electricity by Sector (TWh),57.41254978952546
"rcp45hotter_ssp5,date=2024-3-6T20:01:59+17:00",USA,OR,elecFinalBySecTWh,Year,2025,Vint_2025,Final Electricity by Sector (TWh),62.285594853784936
"rcp45hotter_ssp5,date=2024-3-6T20:01:59+17:00",USA,OR,elecFinalBySecTWh,Year,2030,Vint_2030,Final Electricity by Sector (TWh),67.46238932208581
"rcp45hotter_ssp5,date=2024-3-6T20:01:59+17:00",USA,OR,elecFinalBySecTWh,Year,2035,Vint_2035,Final Electricity by Sector (TWh),73.26012053404837
"rcp45hotter_ssp5,date=2024-3-6T20:01:59+17:00",USA,OR,elecFinalBySecTWh,Year,2040,Vint_2040,Final Electricity by Sector (TWh),79.94251892140315
"rcp45hotter_ssp5,date=2024-3-6T20:01:59+17:00",USA,OR,elecFinalBySecTWh,Year,2045,Vint_2045,Final Electricity by Sector (TWh),88.27903962916264
"rcp45hotter_ssp5,date=2024-3-6T20:01:59+17:00",USA,OR,elecFinalBySecTWh,Year,2050,Vint_2050,Final Electricity by Sector (TWh),98.14050454643467
"rcp45hotter_ssp5,date=2024-3-6T20:01:59+17:00",USA,OR,elecFinalBySecTWh,Year,2055,Vint_2055,Final Electricity by Sector (TWh),109.5568378781031
"rcp45hotter_ssp5,date=2024-3-6T20:01:59+17:00",USA,OR,elecFinalBySecTWh,Year,2060,Vint_2060,Final Electricity by Sector (TWh),122.38859685639709
"rcp45hotter_ssp5,date=2024-3-6T20:01:59+17:00",USA,OR,elecFinalBySecTWh,Year,2065,Vint_2065,Final Electricity by Sector (TWh),136.5037005909219
"rcp45hotter_ssp5,date=2024-3-6T20:01:59+17:00",USA,OR,elecFinalBySecTWh,Year,2070,Vint_2070,Final Electricity by Sector (TWh),149.89361919960535
"rcp45hotter_ssp5,date=2024-3-6T20:01:59+17:00",USA,OR,elecFinalBySecTWh,Year,2075,Vint_2075,Final Electricity by Sector (TWh),163.99099920942882
"rcp45hotter_ssp5,date=2024-3-6T20:01:59+17:00",USA,OR,elecFinalBySecTWh,Year,2080,Vint_2080,Final Electricity by Sector (TWh),179.4268227841764
"rcp45hotter_ssp5,date=2024-3-6T20:01:59+17:00",USA,OR,elecFinalBySecTWh,Year,2085,Vint_2085,Final Electricity by Sector (TWh),199.1380898803274
"rcp45hotter_ssp5,date=2024-3-6T20:01:59+17:00",USA,OR,elecFinalBySecTWh,Year,2090,Vint_2090,Final Electricity by Sector (TWh),224.14144087255815
"rcp45hotter_ssp5,date=2024-3-6T20:01:59+17:00",USA,OR,elecFinalBySecTWh,Year,2095,Vint_2095,Final Electricity by Sector (TWh),249.33217185367423
"rcp45hotter_ssp5,date=2024-3-6T20:01:59+17:00",USA,OR,elecFinalBySecTWh,Year,2100,Vint_2100,Final Electricity by Sector (TWh),266.09642324859936
"rcp45hotter_ssp5,date=2024-3-6T20:01:59+17:00",USA,PA,elecFinalBySecTWh,Year,1975,Vint_1975,Final Electricity by Sector (TWh),45.23609852500036
"rcp45hotter_ssp5,date=2024-3-6T20:01:59+17:00",USA,PA,elecFinalBySecTWh,Year,1990,Vint_1990,Final Electricity by Sector (TWh),127.17419934416768
"rcp45hotter_ssp5,date=2024-3-6T20:01:59+17:00",USA,PA,elecFinalBySecTWh,Year,2005,Vint_2005,Final Electricity by Sector (TWh),163.75284228277908
"rcp45hotter_ssp5,date=2024-3-6T20:01:59+17:00",USA,PA,elecFinalBySecTWh,Year,2010,Vint_2010,Final Electricity by Sector (TWh),163.28121915277907
"rcp45hotter_ssp5,date=2024-3-6T20:01:59+17:00",USA,PA,elecFinalBySecTWh,Year,2015,Vint_2015,Final Electricity by Sector (TWh),158.1325739094457
"rcp45hotter_ssp5,date=2024-3-6T20:01:59+17:00",USA,PA,elecFinalBySecTWh,Year,2020,Vint_2020,Final Electricity by Sector (TWh),161.7344440113902
"rcp45hotter_ssp5,date=2024-3-6T20:01:59+17:00",USA,PA,elecFinalBySecTWh,Year,2025,Vint_2025,Final Electricity by Sector (TWh),163.00198642038464
"rcp45hotter_ssp5,date=2024-3-6T20:01:59+17:00",USA,PA,elecFinalBySecTWh,Year,2030,Vint_2030,Final Electricity by Sector (TWh),174.1450338083239
"rcp45hotter_ssp5,date=2024-3-6T20:01:59+17:00",USA,PA,elecFinalBySecTWh,Year,2035,Vint_2035,Final Electricity by Sector (TWh),188.8113264563265
"rcp45hotter_ssp5,date=2024-3-6T20:01:59+17:00",USA,PA,elecFinalBySecTWh,Year,2040,Vint_2040,Final Electricity by Sector (TWh),193.6720752043849
"rcp45hotter_ssp5,date=2024-3-6T20:01:59+17:00",USA,PA,elecFinalBySecTWh,Year,2045,Vint_2045,Final Electricity by Sector (TWh),211.4758693325211
"rcp45hotter_ssp5,date=2024-3-6T20:01:59+17:00",USA,PA,elecFinalBySecTWh,Year,2050,Vint_2050,Final Electricity by Sector (TWh),222.69758128698678
"rcp45hotter_ssp5,date=2024-3-6T20:01:59+17:00",USA,PA,elecFinalBySecTWh,Year,2055,Vint_2055,Final Electricity by Sector (TWh),245.79069166535476
"rcp45hotter_ssp5,date=2024-3-6T20:01:59+17:00",USA,PA,elecFinalBySecTWh,Year,2060,Vint_2060,Final Electricity by Sector (TWh),274.7636841296744
"rcp45hotter_ssp5,date=2024-3-6T20:01:59+17:00",USA,PA,elecFinalBySecTWh,Year,2065,Vint_2065,Final Electricity by Sector (TWh),313.1768761222011
"rcp45hotter_ssp5,date=2024-3-6T20:01:59+17:00",USA,PA,elecFinalBySecTWh,Year,2070,Vint_2070,Final Electricity by Sector (TWh),348.8762916318422
"rcp45hotter_ssp5,date=2024-3-6T20:01:59+17:00",USA,PA,elecFinalBySecTWh,Year,2075,Vint_2075,Final Electricity by Sector (TWh),391.02336132921056
"rcp45hotter_ssp5,date=2024-3-6T20:01:59+17:00",USA,PA,elecFinalBySecTWh,Year,2080,Vint_2080,Final Electricity by Sector (TWh),433.32637297337817
"rcp45hotter_ssp5,date=2024-3-6T20:01:59+17:00",USA,PA,elecFinalBySecTWh,Year,2085,Vint_2085,Final Electricity by Sector (TWh),488.17853785529417
"rcp45hotter_ssp5,date=2024-3-6T20:01:59+17:00",USA,PA,elecFinalBySecTWh,Year,2090,Vint_2090,Final Electricity by Sector (TWh),562.358858945273
"rcp45hotter_ssp5,date=2024-3-6T20:01:59+17:00",USA,PA,elecFinalBySecTWh,Year,2095,Vint_2095,Final Electricity by Sector (TWh),671.3415817449753
"rcp45hotter_ssp5,date=2024-3-6T20:01:59+17:00",USA,PA,elecFinalBySecTWh,Year,2100,Vint_2100,Final Electricity by Sector (TWh),742.7021107319862
"rcp45hotter_ssp5,date=2024-3-6T20:01:59+17:00",USA,RI,elecFinalBySecTWh,Year,1975,Vint_1975,Final Electricity by Sector (TWh),1.2864173083333437
"rcp45hotter_ssp5,date=2024-3-6T20:01:59+17:00",USA,RI,elecFinalBySecTWh,Year,1990,Vint_1990,Final Electricity by Sector (TWh),7.097968624111167
"rcp45hotter_ssp5,date=2024-3-6T20:01:59+17:00",USA,RI,elecFinalBySecTWh,Year,2005,Vint_2005,Final Electricity by Sector (TWh),8.955975121444515
"rcp45hotter_ssp5,date=2024-3-6T20:01:59+17:00",USA,RI,elecFinalBySecTWh,Year,2010,Vint_2010,Final Electricity by Sector (TWh),8.60590907922229
"rcp45hotter_ssp5,date=2024-3-6T20:01:59+17:00",USA,RI,elecFinalBySecTWh,Year,2015,Vint_2015,Final Electricity by Sector (TWh),8.405476043833401
"rcp45hotter_ssp5,date=2024-3-6T20:01:59+17:00",USA,RI,elecFinalBySecTWh,Year,2020,Vint_2020,Final Electricity by Sector (TWh),8.670485003096736
"rcp45hotter_ssp5,date=2024-3-6T20:01:59+17:00",USA,RI,elecFinalBySecTWh,Year,2025,Vint_2025,Final Electricity by Sector (TWh),8.651254736447013
"rcp45hotter_ssp5,date=2024-3-6T20:01:59+17:00",USA,RI,elecFinalBySecTWh,Year,2030,Vint_2030,Final Electricity by Sector (TWh),9.176473509158964
"rcp45hotter_ssp5,date=2024-3-6T20:01:59+17:00",USA,RI,elecFinalBySecTWh,Year,2035,Vint_2035,Final Electricity by Sector (TWh),9.880229650567578
"rcp45hotter_ssp5,date=2024-3-6T20:01:59+17:00",USA,RI,elecFinalBySecTWh,Year,2040,Vint_2040,Final Electricity by Sector (TWh),10.807562708741475
"rcp45hotter_ssp5,date=2024-3-6T20:01:59+17:00",USA,RI,elecFinalBySecTWh,Year,2045,Vint_2045,Final Electricity by Sector (TWh),12.059377872173428
"rcp45hotter_ssp5,date=2024-3-6T20:01:59+17:00",USA,RI,elecFinalBySecTWh,Year,2050,Vint_2050,Final Electricity by Sector (TWh),13.570206557581496
"rcp45hotter_ssp5,date=2024-3-6T20:01:59+17:00",USA,RI,elecFinalBySecTWh,Year,2055,Vint_2055,Final Electricity by Sector (TWh),15.206696216242623
"rcp45hotter_ssp5,date=2024-3-6T20:01:59+17:00",USA,RI,elecFinalBySecTWh,Year,2060,Vint_2060,Final Electricity by Sector (TWh),17.10689739957486
"rcp45hotter_ssp5,date=2024-3-6T20:01:59+17:00",USA,RI,elecFinalBySecTWh,Year,2065,Vint_2065,Final Electricity by Sector (TWh),18.354303330339867
"rcp45hotter_ssp5,date=2024-3-6T20:01:59+17:00",USA,RI,elecFinalBySecTWh,Year,2070,Vint_2070,Final Electricity by Sector (TWh),19.998880109726272
"rcp45hotter_ssp5,date=2024-3-6T20:01:59+17:00",USA,RI,elecFinalBySecTWh,Year,2075,Vint_2075,Final Electricity by Sector (TWh),21.935320456652676
"rcp45hotter_ssp5,date=2024-3-6T20:01:59+17:00",USA,RI,elecFinalBySecTWh,Year,2080,Vint_2080,Final Electricity by Sector (TWh),23.912254801019355
"rcp45hotter_ssp5,date=2024-3-6T20:01:59+17:00",USA,RI,elecFinalBySecTWh,Year,2085,Vint_2085,Final Electricity by Sector (TWh),26.2522608772666
"rcp45hotter_ssp5,date=2024-3-6T20:01:59+17:00",USA,RI,elecFinalBySecTWh,Year,2090,Vint_2090,Final Electricity by Sector (TWh),28.574499653960505
"rcp45hotter_ssp5,date=2024-3-6T20:01:59+17:00",USA,RI,elecFinalBySecTWh,Year,2095,Vint_2095,Final Electricity by Sector (TWh),31.715446687079417
"rcp45hotter_ssp5,date=2024-3-6T20:01:59+17:00",USA,RI,elecFinalBySecTWh,Year,2100,Vint_2100,Final Electricity by Sector (TWh),33.66259887124721
"rcp45hotter_ssp5,date=2024-3-6T20:01:59+17:00",USA,SC,elecFinalBySecTWh,Year,1975,Vint_1975,Final Electricity by Sector (TWh),14.054609944444556
"rcp45hotter_ssp5,date=2024-3-6T20:01:59+17:00",USA,SC,elecFinalBySecTWh,Year,1990,Vint_1990,Final Electricity by Sector (TWh),61.64541326372271
"rcp45hotter_ssp5,date=2024-3-6T20:01:59+17:00",USA,SC,elecFinalBySecTWh,Year,2005,Vint_2005,Final Electricity by Sector (TWh),89.31931034047294
"rcp45hotter_ssp5,date=2024-3-6T20:01:59+17:00",USA,SC,elecFinalBySecTWh,Year,2010,Vint_2010,Final Electricity by Sector (TWh),90.32731057919517
"rcp45hotter_ssp5,date=2024-3-6T20:01:59+17:00",USA,SC,elecFinalBySecTWh,Year,2015,Vint_2015,Final Electricity by Sector (TWh),87.45138159261181
"rcp45hotter_ssp5,date=2024-3-6T20:01:59+17:00",USA,SC,elecFinalBySecTWh,Year,2020,Vint_2020,Final Electricity by Sector (TWh),92.27137203688658
"rcp45hotter_ssp5,date=2024-3-6T20:01:59+17:00",USA,SC,elecFinalBySecTWh,Year,2025,Vint_2025,Final Electricity by Sector (TWh),96.41808832859772
"rcp45hotter_ssp5,date=2024-3-6T20:01:59+17:00",USA,SC,elecFinalBySecTWh,Year,2030,Vint_2030,Final Electricity by Sector (TWh),105.43670982913001
"rcp45hotter_ssp5,date=2024-3-6T20:01:59+17:00",USA,SC,elecFinalBySecTWh,Year,2035,Vint_2035,Final Electricity by Sector (TWh),113.15497543568117
"rcp45hotter_ssp5,date=2024-3-6T20:01:59+17:00",USA,SC,elecFinalBySecTWh,Year,2040,Vint_2040,Final Electricity by Sector (TWh),124.63509009221933
"rcp45hotter_ssp5,date=2024-3-6T20:01:59+17:00",USA,SC,elecFinalBySecTWh,Year,2045,Vint_2045,Final Electricity by Sector (TWh),134.92588332615358
"rcp45hotter_ssp5,date=2024-3-6T20:01:59+17:00",USA,SC,elecFinalBySecTWh,Year,2050,Vint_2050,Final Electricity by Sector (TWh),147.3271716852359
"rcp45hotter_ssp5,date=2024-3-6T20:01:59+17:00",USA,SC,elecFinalBySecTWh,Year,2055,Vint_2055,Final Electricity by Sector (TWh),158.34641996250127
"rcp45hotter_ssp5,date=2024-3-6T20:01:59+17:00",USA,SC,elecFinalBySecTWh,Year,2060,Vint_2060,Final Electricity by Sector (TWh),179.63565586552892
"rcp45hotter_ssp5,date=2024-3-6T20:01:59+17:00",USA,SC,elecFinalBySecTWh,Year,2065,Vint_2065,Final Electricity by Sector (TWh),199.89326382968383
"rcp45hotter_ssp5,date=2024-3-6T20:01:59+17:00",USA,SC,elecFinalBySecTWh,Year,2070,Vint_2070,Final Electricity by Sector (TWh),219.03782347747534
"rcp45hotter_ssp5,date=2024-3-6T20:01:59+17:00",USA,SC,elecFinalBySecTWh,Year,2075,Vint_2075,Final Electricity by Sector (TWh),241.36758319224694
"rcp45hotter_ssp5,date=2024-3-6T20:01:59+17:00",USA,SC,elecFinalBySecTWh,Year,2080,Vint_2080,Final Electricity by Sector (TWh),272.21443629957383
"rcp45hotter_ssp5,date=2024-3-6T20:01:59+17:00",USA,SC,elecFinalBySecTWh,Year,2085,Vint_2085,Final Electricity by Sector (TWh),302.5544159582391
"rcp45hotter_ssp5,date=2024-3-6T20:01:59+17:00",USA,SC,elecFinalBySecTWh,Year,2090,Vint_2090,Final Electricity by Sector (TWh),344.6456327241147
"rcp45hotter_ssp5,date=2024-3-6T20:01:59+17:00",USA,SC,elecFinalBySecTWh,Year,2095,Vint_2095,Final Electricity by Sector (TWh),379.4208939583994
"rcp45hotter_ssp5,date=2024-3-6T20:01:59+17:00",USA,SC,elecFinalBySecTWh,Year,2100,Vint_2100,Final Electricity by Sector (TWh),416.8510581992708
"rcp45hotter_ssp5,date=2024-3-6T20:01:59+17:00",USA,SD,elecFinalBySecTWh,Year,1975,Vint_1975,Final Electricity by Sector (TWh),1.1237918361111199
"rcp45hotter_ssp5,date=2024-3-6T20:01:59+17:00",USA,SD,elecFinalBySecTWh,Year,1990,Vint_1990,Final Electricity by Sector (TWh),7.056325973027834
"rcp45hotter_ssp5,date=2024-3-6T20:01:59+17:00",USA,SD,elecFinalBySecTWh,Year,2005,Vint_2005,Final Electricity by Sector (TWh),10.975698821500087
"rcp45hotter_ssp5,date=2024-3-6T20:01:59+17:00",USA,SD,elecFinalBySecTWh,Year,2010,Vint_2010,Final Electricity by Sector (TWh),12.542851983055657
"rcp45hotter_ssp5,date=2024-3-6T20:01:59+17:00",USA,SD,elecFinalBySecTWh,Year,2015,Vint_2015,Final Electricity by Sector (TWh),13.213104835027885
"rcp45hotter_ssp5,date=2024-3-6T20:01:59+17:00",USA,SD,elecFinalBySecTWh,Year,2020,Vint_2020,Final Electricity by Sector (TWh),13.46357590458622
"rcp45hotter_ssp5,date=2024-3-6T20:01:59+17:00",USA,SD,elecFinalBySecTWh,Year,2025,Vint_2025,Final Electricity by Sector (TWh),13.676352256650109
"rcp45hotter_ssp5,date=2024-3-6T20:01:59+17:00",USA,SD,elecFinalBySecTWh,Year,2030,Vint_2030,Final Electricity by Sector (TWh),14.441798455257892
"rcp45hotter_ssp5,date=2024-3-6T20:01:59+17:00",USA,SD,elecFinalBySecTWh,Year,2035,Vint_2035,Final Electricity by Sector (TWh),15.528968712700124
"rcp45hotter_ssp5,date=2024-3-6T20:01:59+17:00",USA,SD,elecFinalBySecTWh,Year,2040,Vint_2040,Final Electricity by Sector (TWh),17.543337101146808
"rcp45hotter_ssp5,date=2024-3-6T20:01:59+17:00",USA,SD,elecFinalBySecTWh,Year,2045,Vint_2045,Final Electricity by Sector (TWh),19.781969759995157
"rcp45hotter_ssp5,date=2024-3-6T20:01:59+17:00",USA,SD,elecFinalBySecTWh,Year,2050,Vint_2050,Final Electricity by Sector (TWh),21.874374975964894
"rcp45hotter_ssp5,date=2024-3-6T20:01:59+17:00",USA,SD,elecFinalBySecTWh,Year,2055,Vint_2055,Final Electricity by Sector (TWh),24.66865497778853
"rcp45hotter_ssp5,date=2024-3-6T20:01:59+17:00",USA,SD,elecFinalBySecTWh,Year,2060,Vint_2060,Final Electricity by Sector (TWh),27.344479707027993
"rcp45hotter_ssp5,date=2024-3-6T20:01:59+17:00",USA,SD,elecFinalBySecTWh,Year,2065,Vint_2065,Final Electricity by Sector (TWh),30.017467653046904
"rcp45hotter_ssp5,date=2024-3-6T20:01:59+17:00",USA,SD,elecFinalBySecTWh,Year,2070,Vint_2070,Final Electricity by Sector (TWh),32.815309955203595
"rcp45hotter_ssp5,date=2024-3-6T20:01:59+17:00",USA,SD,elecFinalBySecTWh,Year,2075,Vint_2075,Final Electricity by Sector (TWh),35.55895638082445
"rcp45hotter_ssp5,date=2024-3-6T20:01:59+17:00",USA,SD,elecFinalBySecTWh,Year,2080,Vint_2080,Final Electricity by Sector (TWh),39.57200205004198
"rcp45hotter_ssp5,date=2024-3-6T20:01:59+17:00",USA,SD,elecFinalBySecTWh,Year,2085,Vint_2085,Final Electricity by Sector (TWh),43.256131346317844
"rcp45hotter_ssp5,date=2024-3-6T20:01:59+17:00",USA,SD,elecFinalBySecTWh,Year,2090,Vint_2090,Final Electricity by Sector (TWh),47.633324149595104
"rcp45hotter_ssp5,date=2024-3-6T20:01:59+17:00",USA,SD,elecFinalBySecTWh,Year,2095,Vint_2095,Final Electricity by Sector (TWh),53.20989074148737
"rcp45hotter_ssp5,date=2024-3-6T20:01:59+17:00",USA,SD,elecFinalBySecTWh,Year,2100,Vint_2100,Final Electricity by Sector (TWh),56.10220291268184
"rcp45hotter_ssp5,date=2024-3-6T20:01:59+17:00",USA,TN,elecFinalBySecTWh,Year,1975,Vint_1975,Final Electricity by Sector (TWh),41.17201222222255
"rcp45hotter_ssp5,date=2024-3-6T20:01:59+17:00",USA,TN,elecFinalBySecTWh,Year,1990,Vint_1990,Final Electricity by Sector (TWh),85.30185448373123
"rcp45hotter_ssp5,date=2024-3-6T20:01:59+17:00",USA,TN,elecFinalBySecTWh,Year,2005,Vint_2005,Final Electricity by Sector (TWh),114.66056332333703
"rcp45hotter_ssp5,date=2024-3-6T20:01:59+17:00",USA,TN,elecFinalBySecTWh,Year,2010,Vint_2010,Final Electricity by Sector (TWh),113.61518045701202
"rcp45hotter_ssp5,date=2024-3-6T20:01:59+17:00",USA,TN,elecFinalBySecTWh,Year,2015,Vint_2015,Final Electricity by Sector (TWh),108.31945851527864
"rcp45hotter_ssp5,date=2024-3-6T20:01:59+17:00",USA,TN,elecFinalBySecTWh,Year,2020,Vint_2020,Final Electricity by Sector (TWh),116.44295742588982
"rcp45hotter_ssp5,date=2024-3-6T20:01:59+17:00",USA,TN,elecFinalBySecTWh,Year,2025,Vint_2025,Final Electricity by Sector (TWh),122.0927580253093
"rcp45hotter_ssp5,date=2024-3-6T20:01:59+17:00",USA,TN,elecFinalBySecTWh,Year,2030,Vint_2030,Final Electricity by Sector (TWh),132.24167094019273
"rcp45hotter_ssp5,date=2024-3-6T20:01:59+17:00",USA,TN,elecFinalBySecTWh,Year,2035,Vint_2035,Final Electricity by Sector (TWh),139.43515305672918
"rcp45hotter_ssp5,date=2024-3-6T20:01:59+17:00",USA,TN,elecFinalBySecTWh,Year,2040,Vint_2040,Final Electricity by Sector (TWh),151.74648506641734
"rcp45hotter_ssp5,date=2024-3-6T20:01:59+17:00",USA,TN,elecFinalBySecTWh,Year,2045,Vint_2045,Final Electricity by Sector (TWh),161.283056370721
"rcp45hotter_ssp5,date=2024-3-6T20:01:59+17:00",USA,TN,elecFinalBySecTWh,Year,2050,Vint_2050,Final Electricity by Sector (TWh),179.30668128915642
"rcp45hotter_ssp5,date=2024-3-6T20:01:59+17:00",USA,TN,elecFinalBySecTWh,Year,2055,Vint_2055,Final Electricity by Sector (TWh),189.3109899202551
"rcp45hotter_ssp5,date=2024-3-6T20:01:59+17:00",USA,TN,elecFinalBySecTWh,Year,2060,Vint_2060,Final Electricity by Sector (TWh),211.84348543791393
"rcp45hotter_ssp5,date=2024-3-6T20:01:59+17:00",USA,TN,elecFinalBySecTWh,Year,2065,Vint_2065,Final Electricity by Sector (TWh),236.74466388226855
"rcp45hotter_ssp5,date=2024-3-6T20:01:59+17:00",USA,TN,elecFinalBySecTWh,Year,2070,Vint_2070,Final Electricity by Sector (TWh),253.9165837275298
"rcp45hotter_ssp5,date=2024-3-6T20:01:59+17:00",USA,TN,elecFinalBySecTWh,Year,2075,Vint_2075,Final Electricity by Sector (TWh),280.33161765471533
"rcp45hotter_ssp5,date=2024-3-6T20:01:59+17:00",USA,TN,elecFinalBySecTWh,Year,2080,Vint_2080,Final Electricity by Sector (TWh),316.3775298737289
"rcp45hotter_ssp5,date=2024-3-6T20:01:59+17:00",USA,TN,elecFinalBySecTWh,Year,2085,Vint_2085,Final Electricity by Sector (TWh),352.07094671666727
"rcp45hotter_ssp5,date=2024-3-6T20:01:59+17:00",USA,TN,elecFinalBySecTWh,Year,2090,Vint_2090,Final Electricity by Sector (TWh),404.9545762443927
"rcp45hotter_ssp5,date=2024-3-6T20:01:59+17:00",USA,TN,elecFinalBySecTWh,Year,2095,Vint_2095,Final Electricity by Sector (TWh),443.144682951701
"rcp45hotter_ssp5,date=2024-3-6T20:01:59+17:00",USA,TN,elecFinalBySecTWh,Year,2100,Vint_2100,Final Electricity by Sector (TWh),480.70041573004045
"rcp45hotter_ssp5,date=2024-3-6T20:01:59+17:00",USA,TX,elecFinalBySecTWh,Year,1975,Vint_1975,Final Electricity by Sector (TWh),59.54505388888936
"rcp45hotter_ssp5,date=2024-3-6T20:01:59+17:00",USA,TX,elecFinalBySecTWh,Year,1990,Vint_1990,Final Electricity by Sector (TWh),263.64814160833544
"rcp45hotter_ssp5,date=2024-3-6T20:01:59+17:00",USA,TX,elecFinalBySecTWh,Year,2005,Vint_2005,Final Electricity by Sector (TWh),370.6680461266696
"rcp45hotter_ssp5,date=2024-3-6T20:01:59+17:00",USA,TX,elecFinalBySecTWh,Year,2010,Vint_2010,Final Electricity by Sector (TWh),394.03842331333647
"rcp45hotter_ssp5,date=2024-3-6T20:01:59+17:00",USA,TX,elecFinalBySecTWh,Year,2015,Vint_2015,Final Electricity by Sector (TWh),425.7018909952812
"rcp45hotter_ssp5,date=2024-3-6T20:01:59+17:00",USA,TX,elecFinalBySecTWh,Year,2020,Vint_2020,Final Electricity by Sector (TWh),450.2937203911425
"rcp45hotter_ssp5,date=2024-3-6T20:01:59+17:00",USA,TX,elecFinalBySecTWh,Year,2025,Vint_2025,Final Electricity by Sector (TWh),475.8609359493371
"rcp45hotter_ssp5,date=2024-3-6T20:01:59+17:00",USA,TX,elecFinalBySecTWh,Year,2030,Vint_2030,Final Electricity by Sector (TWh),522.9779224369125
"rcp45hotter_ssp5,date=2024-3-6T20:01:59+17:00",USA,TX,elecFinalBySecTWh,Year,2035,Vint_2035,Final Electricity by Sector (TWh),581.0774485504102
"rcp45hotter_ssp5,date=2024-3-6T20:01:59+17:00",USA,TX,elecFinalBySecTWh,Year,2040,Vint_2040,Final Electricity by Sector (TWh),661.0325311442997
"rcp45hotter_ssp5,date=2024-3-6T20:01:59+17:00",USA,TX,elecFinalBySecTWh,Year,2045,Vint_2045,Final Electricity by Sector (TWh),727.0343904409252
"rcp45hotter_ssp5,date=2024-3-6T20:01:59+17:00",USA,TX,elecFinalBySecTWh,Year,2050,Vint_2050,Final Electricity by Sector (TWh),829.3589501277738
"rcp45hotter_ssp5,date=2024-3-6T20:01:59+17:00",USA,TX,elecFinalBySecTWh,Year,2055,Vint_2055,Final Electricity by Sector (TWh),949.7496510333825
"rcp45hotter_ssp5,date=2024-3-6T20:01:59+17:00",USA,TX,elecFinalBySecTWh,Year,2060,Vint_2060,Final Electricity by Sector (TWh),1128.1171916343255
"rcp45hotter_ssp5,date=2024-3-6T20:01:59+17:00",USA,TX,elecFinalBySecTWh,Year,2065,Vint_2065,Final Electricity by Sector (TWh),1301.9213155146713
"rcp45hotter_ssp5,date=2024-3-6T20:01:59+17:00",USA,TX,elecFinalBySecTWh,Year,2070,Vint_2070,Final Electricity by Sector (TWh),1475.9698475985567
"rcp45hotter_ssp5,date=2024-3-6T20:01:59+17:00",USA,TX,elecFinalBySecTWh,Year,2075,Vint_2075,Final Electricity by Sector (TWh),1654.242983672442
"rcp45hotter_ssp5,date=2024-3-6T20:01:59+17:00",USA,TX,elecFinalBySecTWh,Year,2080,Vint_2080,Final Electricity by Sector (TWh),1863.951606662897
"rcp45hotter_ssp5,date=2024-3-6T20:01:59+17:00",USA,TX,elecFinalBySecTWh,Year,2085,Vint_2085,Final Electricity by Sector (TWh),2131.316555245313
"rcp45hotter_ssp5,date=2024-3-6T20:01:59+17:00",USA,TX,elecFinalBySecTWh,Year,2090,Vint_2090,Final Electricity by Sector (TWh),2476.830868678253
"rcp45hotter_ssp5,date=2024-3-6T20:01:59+17:00",USA,TX,elecFinalBySecTWh,Year,2095,Vint_2095,Final Electricity by Sector (TWh),3000.506852812446
"rcp45hotter_ssp5,date=2024-3-6T20:01:59+17:00",USA,TX,elecFinalBySecTWh,Year,2100,Vint_2100,Final Electricity by Sector (TWh),3347.214433367821
"rcp45hotter_ssp5,date=2024-3-6T20:01:59+17:00",USA,UT,elecFinalBySecTWh,Year,1975,Vint_1975,Final Electricity by Sector (TWh),3.294455388888915
"rcp45hotter_ssp5,date=2024-3-6T20:01:59+17:00",USA,UT,elecFinalBySecTWh,Year,1990,Vint_1990,Final Electricity by Sector (TWh),17.13831301961125
"rcp45hotter_ssp5,date=2024-3-6T20:01:59+17:00",USA,UT,elecFinalBySecTWh,Year,2005,Vint_2005,Final Electricity by Sector (TWh),27.69058187241689
"rcp45hotter_ssp5,date=2024-3-6T20:01:59+17:00",USA,UT,elecFinalBySecTWh,Year,2010,Vint_2010,Final Electricity by Sector (TWh),30.771804435361354
"rcp45hotter_ssp5,date=2024-3-6T20:01:59+17:00",USA,UT,elecFinalBySecTWh,Year,2015,Vint_2015,Final Electricity by Sector (TWh),32.661936979528036
"rcp45hotter_ssp5,date=2024-3-6T20:01:59+17:00",USA,UT,elecFinalBySecTWh,Year,2020,Vint_2020,Final Electricity by Sector (TWh),37.88007329546697
"rcp45hotter_ssp5,date=2024-3-6T20:01:59+17:00",USA,UT,elecFinalBySecTWh,Year,2025,Vint_2025,Final Electricity by Sector (TWh),43.28404347789201
"rcp45hotter_ssp5,date=2024-3-6T20:01:59+17:00",USA,UT,elecFinalBySecTWh,Year,2030,Vint_2030,Final Electricity by Sector (TWh),49.30216551864762
"rcp45hotter_ssp5,date=2024-3-6T20:01:59+17:00",USA,UT,elecFinalBySecTWh,Year,2035,Vint_2035,Final Electricity by Sector (TWh),54.637039269528216
"rcp45hotter_ssp5,date=2024-3-6T20:01:59+17:00",USA,UT,elecFinalBySecTWh,Year,2040,Vint_2040,Final Electricity by Sector (TWh),61.60973803687494
"rcp45hotter_ssp5,date=2024-3-6T20:01:59+17:00",USA,UT,elecFinalBySecTWh,Year,2045,Vint_2045,Final Electricity by Sector (TWh),69.7530663891586
"rcp45hotter_ssp5,date=2024-3-6T20:01:59+17:00",USA,UT,elecFinalBySecTWh,Year,2050,Vint_2050,Final Electricity by Sector (TWh),79.5559809326587
"rcp45hotter_ssp5,date=2024-3-6T20:01:59+17:00",USA,UT,elecFinalBySecTWh,Year,2055,Vint_2055,Final Electricity by Sector (TWh),89.36101706846016
"rcp45hotter_ssp5,date=2024-3-6T20:01:59+17:00",USA,UT,elecFinalBySecTWh,Year,2060,Vint_2060,Final Electricity by Sector (TWh),103.34432356778693
"rcp45hotter_ssp5,date=2024-3-6T20:01:59+17:00",USA,UT,elecFinalBySecTWh,Year,2065,Vint_2065,Final Electricity by Sector (TWh),118.15703117182039
"rcp45hotter_ssp5,date=2024-3-6T20:01:59+17:00",USA,UT,elecFinalBySecTWh,Year,2070,Vint_2070,Final Electricity by Sector (TWh),131.5727350723477
"rcp45hotter_ssp5,date=2024-3-6T20:01:59+17:00",USA,UT,elecFinalBySecTWh,Year,2075,Vint_2075,Final Electricity by Sector (TWh),144.6112085472556
"rcp45hotter_ssp5,date=2024-3-6T20:01:59+17:00",USA,UT,elecFinalBySecTWh,Year,2080,Vint_2080,Final Electricity by Sector (TWh),162.32150360620074
"rcp45hotter_ssp5,date=2024-3-6T20:01:59+17:00",USA,UT,elecFinalBySecTWh,Year,2085,Vint_2085,Final Electricity by Sector (TWh),180.96609589998394
"rcp45hotter_ssp5,date=2024-3-6T20:01:59+17:00",USA,UT,elecFinalBySecTWh,Year,2090,Vint_2090,Final Electricity by Sector (TWh),206.60485797089248
"rcp45hotter_ssp5,date=2024-3-6T20:01:59+17:00",USA,UT,elecFinalBySecTWh,Year,2095,Vint_2095,Final Electricity by Sector (TWh),230.3647891763671
"rcp45hotter_ssp5,date=2024-3-6T20:01:59+17:00",USA,UT,elecFinalBySecTWh,Year,2100,Vint_2100,Final Electricity by Sector (TWh),252.8595895201923
"rcp45hotter_ssp5,date=2024-3-6T20:01:59+17:00",USA,VA,elecFinalBySecTWh,Year,1975,Vint_1975,Final Electricity by Sector (TWh),10.491656000000082
"rcp45hotter_ssp5,date=2024-3-6T20:01:59+17:00",USA,VA,elecFinalBySecTWh,Year,1990,Vint_1990,Final Electricity by Sector (TWh),80.71358978611175
"rcp45hotter_ssp5,date=2024-3-6T20:01:59+17:00",USA,VA,elecFinalBySecTWh,Year,2005,Vint_2005,Final Electricity by Sector (TWh),121.35503805344541
"rcp45hotter_ssp5,date=2024-3-6T20:01:59+17:00",USA,VA,elecFinalBySecTWh,Year,2010,Vint_2010,Final Electricity by Sector (TWh),125.74377892644546
"rcp45hotter_ssp5,date=2024-3-6T20:01:59+17:00",USA,VA,elecFinalBySecTWh,Year,2015,Vint_2015,Final Electricity by Sector (TWh),122.56584369669541
"rcp45hotter_ssp5,date=2024-3-6T20:01:59+17:00",USA,VA,elecFinalBySecTWh,Year,2020,Vint_2020,Final Electricity by Sector (TWh),131.4209169668427
"rcp45hotter_ssp5,date=2024-3-6T20:01:59+17:00",USA,VA,elecFinalBySecTWh,Year,2025,Vint_2025,Final Electricity by Sector (TWh),135.7206898342272
"rcp45hotter_ssp5,date=2024-3-6T20:01:59+17:00",USA,VA,elecFinalBySecTWh,Year,2030,Vint_2030,Final Electricity by Sector (TWh),146.50256923000867
"rcp45hotter_ssp5,date=2024-3-6T20:01:59+17:00",USA,VA,elecFinalBySecTWh,Year,2035,Vint_2035,Final Electricity by Sector (TWh),154.26509737690955
"rcp45hotter_ssp5,date=2024-3-6T20:01:59+17:00",USA,VA,elecFinalBySecTWh,Year,2040,Vint_2040,Final Electricity by Sector (TWh),162.40381014822933
"rcp45hotter_ssp5,date=2024-3-6T20:01:59+17:00",USA,VA,elecFinalBySecTWh,Year,2045,Vint_2045,Final Electricity by Sector (TWh),176.27051016822722
"rcp45hotter_ssp5,date=2024-3-6T20:01:59+17:00",USA,VA,elecFinalBySecTWh,Year,2050,Vint_2050,Final Electricity by Sector (TWh),192.26904895496318
"rcp45hotter_ssp5,date=2024-3-6T20:01:59+17:00",USA,VA,elecFinalBySecTWh,Year,2055,Vint_2055,Final Electricity by Sector (TWh),204.42722371150634
"rcp45hotter_ssp5,date=2024-3-6T20:01:59+17:00",USA,VA,elecFinalBySecTWh,Year,2060,Vint_2060,Final Electricity by Sector (TWh),223.8909771446076
"rcp45hotter_ssp5,date=2024-3-6T20:01:59+17:00",USA,VA,elecFinalBySecTWh,Year,2065,Vint_2065,Final Electricity by Sector (TWh),247.03785505307974
"rcp45hotter_ssp5,date=2024-3-6T20:01:59+17:00",USA,VA,elecFinalBySecTWh,Year,2070,Vint_2070,Final Electricity by Sector (TWh),268.94159124417297
"rcp45hotter_ssp5,date=2024-3-6T20:01:59+17:00",USA,VA,elecFinalBySecTWh,Year,2075,Vint_2075,Final Electricity by Sector (TWh),295.2971790797454
"rcp45hotter_ssp5,date=2024-3-6T20:01:59+17:00",USA,VA,elecFinalBySecTWh,Year,2080,Vint_2080,Final Electricity by Sector (TWh),321.52353551157535
"rcp45hotter_ssp5,date=2024-3-6T20:01:59+17:00",USA,VA,elecFinalBySecTWh,Year,2085,Vint_2085,Final Electricity by Sector (TWh),361.86077192309205
"rcp45hotter_ssp5,date=2024-3-6T20:01:59+17:00",USA,VA,elecFinalBySecTWh,Year,2090,Vint_2090,Final Electricity by Sector (TWh),414.08662197421637
"rcp45hotter_ssp5,date=2024-3-6T20:01:59+17:00",USA,VA,elecFinalBySecTWh,Year,2095,Vint_2095,Final Electricity by Sector (TWh),455.0508526528236
"rcp45hotter_ssp5,date=2024-3-6T20:01:59+17:00",USA,VA,elecFinalBySecTWh,Year,2100,Vint_2100,Final Electricity by Sector (TWh),497.4360465609395
"rcp45hotter_ssp5,date=2024-3-6T20:01:59+17:00",USA,VT,elecFinalBySecTWh,Year,1975,Vint_1975,Final Electricity by Sector (TWh),0.9269274944444518
"rcp45hotter_ssp5,date=2024-3-6T20:01:59+17:00",USA,VT,elecFinalBySecTWh,Year,1990,Vint_1990,Final Electricity by Sector (TWh),5.209153584444485
"rcp45hotter_ssp5,date=2024-3-6T20:01:59+17:00",USA,VT,elecFinalBySecTWh,Year,2005,Vint_2005,Final Electricity by Sector (TWh),6.4895841855000524
"rcp45hotter_ssp5,date=2024-3-6T20:01:59+17:00",USA,VT,elecFinalBySecTWh,Year,2010,Vint_2010,Final Electricity by Sector (TWh),6.133573771444493
"rcp45hotter_ssp5,date=2024-3-6T20:01:59+17:00",USA,VT,elecFinalBySecTWh,Year,2015,Vint_2015,Final Electricity by Sector (TWh),5.972888886416714
"rcp45hotter_ssp5,date=2024-3-6T20:01:59+17:00",USA,VT,elecFinalBySecTWh,Year,2020,Vint_2020,Final Electricity by Sector (TWh),6.010954683757548
"rcp45hotter_ssp5,date=2024-3-6T20:01:59+17:00",USA,VT,elecFinalBySecTWh,Year,2025,Vint_2025,Final Electricity by Sector (TWh),6.0077677446481035
"rcp45hotter_ssp5,date=2024-3-6T20:01:59+17:00",USA,VT,elecFinalBySecTWh,Year,2030,Vint_2030,Final Electricity by Sector (TWh),6.311598496671439
"rcp45hotter_ssp5,date=2024-3-6T20:01:59+17:00",USA,VT,elecFinalBySecTWh,Year,2035,Vint_2035,Final Electricity by Sector (TWh),6.760802241677554
"rcp45hotter_ssp5,date=2024-3-6T20:01:59+17:00",USA,VT,elecFinalBySecTWh,Year,2040,Vint_2040,Final Electricity by Sector (TWh),7.442305687937004
"rcp45hotter_ssp5,date=2024-3-6T20:01:59+17:00",USA,VT,elecFinalBySecTWh,Year,2045,Vint_2045,Final Electricity by Sector (TWh),8.367535683232289
"rcp45hotter_ssp5,date=2024-3-6T20:01:59+17:00",USA,VT,elecFinalBySecTWh,Year,2050,Vint_2050,Final Electricity by Sector (TWh),9.086685595189516
"rcp45hotter_ssp5,date=2024-3-6T20:01:59+17:00",USA,VT,elecFinalBySecTWh,Year,2055,Vint_2055,Final Electricity by Sector (TWh),10.414327195910639
"rcp45hotter_ssp5,date=2024-3-6T20:01:59+17:00",USA,VT,elecFinalBySecTWh,Year,2060,Vint_2060,Final Electricity by Sector (TWh),11.43634320583537
"rcp45hotter_ssp5,date=2024-3-6T20:01:59+17:00",USA,VT,elecFinalBySecTWh,Year,2065,Vint_2065,Final Electricity by Sector (TWh),12.358176636989265
"rcp45hotter_ssp5,date=2024-3-6T20:01:59+17:00",USA,VT,elecFinalBySecTWh,Year,2070,Vint_2070,Final Electricity by Sector (TWh),13.393367876662051
"rcp45hotter_ssp5,date=2024-3-6T20:01:59+17:00",USA,VT,elecFinalBySecTWh,Year,2075,Vint_2075,Final Electricity by Sector (TWh),14.587691944437061
"rcp45hotter_ssp5,date=2024-3-6T20:01:59+17:00",USA,VT,elecFinalBySecTWh,Year,2080,Vint_2080,Final Electricity by Sector (TWh),15.646810489663736
"rcp45hotter_ssp5,date=2024-3-6T20:01:59+17:00",USA,VT,elecFinalBySecTWh,Year,2085,Vint_2085,Final Electricity by Sector (TWh),17.43619161899292
"rcp45hotter_ssp5,date=2024-3-6T20:01:59+17:00",USA,VT,elecFinalBySecTWh,Year,2090,Vint_2090,Final Electricity by Sector (TWh),18.707533903097094
"rcp45hotter_ssp5,date=2024-3-6T20:01:59+17:00",USA,VT,elecFinalBySecTWh,Year,2095,Vint_2095,Final Electricity by Sector (TWh),20.396772506294607
"rcp45hotter_ssp5,date=2024-3-6T20:01:59+17:00",USA,VT,elecFinalBySecTWh,Year,2100,Vint_2100,Final Electricity by Sector (TWh),21.65654343163184
"rcp45hotter_ssp5,date=2024-3-6T20:01:59+17:00",USA,WA,elecFinalBySecTWh,Year,1975,Vint_1975,Final Electricity by Sector (TWh),29.775163108666906
"rcp45hotter_ssp5,date=2024-3-6T20:01:59+17:00",USA,WA,elecFinalBySecTWh,Year,1990,Vint_1990,Final Electricity by Sector (TWh),100.6458479118619
"rcp45hotter_ssp5,date=2024-3-6T20:01:59+17:00",USA,WA,elecFinalBySecTWh,Year,2005,Vint_2005,Final Electricity by Sector (TWh),92.53239994555629
"rcp45hotter_ssp5,date=2024-3-6T20:01:59+17:00",USA,WA,elecFinalBySecTWh,Year,2010,Vint_2010,Final Electricity by Sector (TWh),99.15945586352856
"rcp45hotter_ssp5,date=2024-3-6T20:01:59+17:00",USA,WA,elecFinalBySecTWh,Year,2015,Vint_2015,Final Electricity by Sector (TWh),97.491581156973
"rcp45hotter_ssp5,date=2024-3-6T20:01:59+17:00",USA,WA,elecFinalBySecTWh,Year,2020,Vint_2020,Final Electricity by Sector (TWh),113.8941030289148
"rcp45hotter_ssp5,date=2024-3-6T20:01:59+17:00",USA,WA,elecFinalBySecTWh,Year,2025,Vint_2025,Final Electricity by Sector (TWh),125.38139037405656
"rcp45hotter_ssp5,date=2024-3-6T20:01:59+17:00",USA,WA,elecFinalBySecTWh,Year,2030,Vint_2030,Final Electricity by Sector (TWh),134.82078554303857
"rcp45hotter_ssp5,date=2024-3-6T20:01:59+17:00",USA,WA,elecFinalBySecTWh,Year,2035,Vint_2035,Final Electricity by Sector (TWh),144.7462944730745
"rcp45hotter_ssp5,date=2024-3-6T20:01:59+17:00",USA,WA,elecFinalBySecTWh,Year,2040,Vint_2040,Final Electricity by Sector (TWh),156.74439516239485
"rcp45hotter_ssp5,date=2024-3-6T20:01:59+17:00",USA,WA,elecFinalBySecTWh,Year,2045,Vint_2045,Final Electricity by Sector (TWh),171.85756939664054
"rcp45hotter_ssp5,date=2024-3-6T20:01:59+17:00",USA,WA,elecFinalBySecTWh,Year,2050,Vint_2050,Final Electricity by Sector (TWh),189.09744256040486
"rcp45hotter_ssp5,date=2024-3-6T20:01:59+17:00",USA,WA,elecFinalBySecTWh,Year,2055,Vint_2055,Final Electricity by Sector (TWh),208.6091531009428
"rcp45hotter_ssp5,date=2024-3-6T20:01:59+17:00",USA,WA,elecFinalBySecTWh,Year,2060,Vint_2060,Final Electricity by Sector (TWh),230.55350674153766
"rcp45hotter_ssp5,date=2024-3-6T20:01:59+17:00",USA,WA,elecFinalBySecTWh,Year,2065,Vint_2065,Final Electricity by Sector (TWh),254.70038217154507
"rcp45hotter_ssp5,date=2024-3-6T20:01:59+17:00",USA,WA,elecFinalBySecTWh,Year,2070,Vint_2070,Final Electricity by Sector (TWh),277.5968911593875
"rcp45hotter_ssp5,date=2024-3-6T20:01:59+17:00",USA,WA,elecFinalBySecTWh,Year,2075,Vint_2075,Final Electricity by Sector (TWh),302.16492619129156
"rcp45hotter_ssp5,date=2024-3-6T20:01:59+17:00",USA,WA,elecFinalBySecTWh,Year,2080,Vint_2080,Final Electricity by Sector (TWh),330.0142701326599
"rcp45hotter_ssp5,date=2024-3-6T20:01:59+17:00",USA,WA,elecFinalBySecTWh,Year,2085,Vint_2085,Final Electricity by Sector (TWh),364.96294192657655
"rcp45hotter_ssp5,date=2024-3-6T20:01:59+17:00",USA,WA,elecFinalBySecTWh,Year,2090,Vint_2090,Final Electricity by Sector (TWh),405.3154987834457
"rcp45hotter_ssp5,date=2024-3-6T20:01:59+17:00",USA,WA,elecFinalBySecTWh,Year,2095,Vint_2095,Final Electricity by Sector (TWh),443.94767581535075
"rcp45hotter_ssp5,date=2024-3-6T20:01:59+17:00",USA,WA,elecFinalBySecTWh,Year,2100,Vint_2100,Final Electricity by Sector (TWh),472.12928138256797
"rcp45hotter_ssp5,date=2024-3-6T20:01:59+17:00",USA,WI,elecFinalBySecTWh,Year,1975,Vint_1975,Final Electricity by Sector (TWh),11.869590166666761
"rcp45hotter_ssp5,date=2024-3-6T20:01:59+17:00",USA,WI,elecFinalBySecTWh,Year,1990,Vint_1990,Final Electricity by Sector (TWh),54.48347569694488
"rcp45hotter_ssp5,date=2024-3-6T20:01:59+17:00",USA,WI,elecFinalBySecTWh,Year,2005,Vint_2005,Final Electricity by Sector (TWh),77.4442713100006
"rcp45hotter_ssp5,date=2024-3-6T20:01:59+17:00",USA,WI,elecFinalBySecTWh,Year,2010,Vint_2010,Final Electricity by Sector (TWh),75.23005649972282
"rcp45hotter_ssp5,date=2024-3-6T20:01:59+17:00",USA,WI,elecFinalBySecTWh,Year,2015,Vint_2015,Final Electricity by Sector (TWh),73.94036903118115
"rcp45hotter_ssp5,date=2024-3-6T20:01:59+17:00",USA,WI,elecFinalBySecTWh,Year,2020,Vint_2020,Final Electricity by Sector (TWh),74.48088043180616
"rcp45hotter_ssp5,date=2024-3-6T20:01:59+17:00",USA,WI,elecFinalBySecTWh,Year,2025,Vint_2025,Final Electricity by Sector (TWh),74.98758638673671
"rcp45hotter_ssp5,date=2024-3-6T20:01:59+17:00",USA,WI,elecFinalBySecTWh,Year,2030,Vint_2030,Final Electricity by Sector (TWh),80.47939551357898
"rcp45hotter_ssp5,date=2024-3-6T20:01:59+17:00",USA,WI,elecFinalBySecTWh,Year,2035,Vint_2035,Final Electricity by Sector (TWh),86.22080737002707
"rcp45hotter_ssp5,date=2024-3-6T20:01:59+17:00",USA,WI,elecFinalBySecTWh,Year,2040,Vint_2040,Final Electricity by Sector (TWh),94.74642638042465
"rcp45hotter_ssp5,date=2024-3-6T20:01:59+17:00",USA,WI,elecFinalBySecTWh,Year,2045,Vint_2045,Final Electricity by Sector (TWh),107.07658572629919
"rcp45hotter_ssp5,date=2024-3-6T20:01:59+17:00",USA,WI,elecFinalBySecTWh,Year,2050,Vint_2050,Final Electricity by Sector (TWh),118.87598712545318
"rcp45hotter_ssp5,date=2024-3-6T20:01:59+17:00",USA,WI,elecFinalBySecTWh,Year,2055,Vint_2055,Final Electricity by Sector (TWh),135.60786467515663
"rcp45hotter_ssp5,date=2024-3-6T20:01:59+17:00",USA,WI,elecFinalBySecTWh,Year,2060,Vint_2060,Final Electricity by Sector (TWh),154.20009455187898
"rcp45hotter_ssp5,date=2024-3-6T20:01:59+17:00",USA,WI,elecFinalBySecTWh,Year,2065,Vint_2065,Final Electricity by Sector (TWh),173.93558562596138
"rcp45hotter_ssp5,date=2024-3-6T20:01:59+17:00",USA,WI,elecFinalBySecTWh,Year,2070,Vint_2070,Final Electricity by Sector (TWh),190.36166399290903
"rcp45hotter_ssp5,date=2024-3-6T20:01:59+17:00",USA,WI,elecFinalBySecTWh,Year,2075,Vint_2075,Final Electricity by Sector (TWh),208.66025133786192
"rcp45hotter_ssp5,date=2024-3-6T20:01:59+17:00",USA,WI,elecFinalBySecTWh,Year,2080,Vint_2080,Final Electricity by Sector (TWh),227.92539810328154
"rcp45hotter_ssp5,date=2024-3-6T20:01:59+17:00",USA,WI,elecFinalBySecTWh,Year,2085,Vint_2085,Final Electricity by Sector (TWh),256.06440573819924
"rcp45hotter_ssp5,date=2024-3-6T20:01:59+17:00",USA,WI,elecFinalBySecTWh,Year,2090,Vint_2090,Final Electricity by Sector (TWh),283.7291271684378
"rcp45hotter_ssp5,date=2024-3-6T20:01:59+17:00",USA,WI,elecFinalBySecTWh,Year,2095,Vint_2095,Final Electricity by Sector (TWh),312.4930464137136
"rcp45hotter_ssp5,date=2024-3-6T20:01:59+17:00",USA,WI,elecFinalBySecTWh,Year,2100,Vint_2100,Final Electricity by Sector (TWh),328.8367983186443
"rcp45hotter_ssp5,date=2024-3-6T20:01:59+17:00",USA,WV,elecFinalBySecTWh,Year,1975,Vint_1975,Final Electricity by Sector (TWh),9.894252250000077
"rcp45hotter_ssp5,date=2024-3-6T20:01:59+17:00",USA,WV,elecFinalBySecTWh,Year,1990,Vint_1990,Final Electricity by Sector (TWh),25.573559166666872
"rcp45hotter_ssp5,date=2024-3-6T20:01:59+17:00",USA,WV,elecFinalBySecTWh,Year,2005,Vint_2005,Final Electricity by Sector (TWh),33.145508160222484
"rcp45hotter_ssp5,date=2024-3-6T20:01:59+17:00",USA,WV,elecFinalBySecTWh,Year,2010,Vint_2010,Final Electricity by Sector (TWh),34.98613420286139
"rcp45hotter_ssp5,date=2024-3-6T20:01:59+17:00",USA,WV,elecFinalBySecTWh,Year,2015,Vint_2015,Final Electricity by Sector (TWh),34.56969219666694
"rcp45hotter_ssp5,date=2024-3-6T20:01:59+17:00",USA,WV,elecFinalBySecTWh,Year,2020,Vint_2020,Final Electricity by Sector (TWh),32.39236548017331
"rcp45hotter_ssp5,date=2024-3-6T20:01:59+17:00",USA,WV,elecFinalBySecTWh,Year,2025,Vint_2025,Final Electricity by Sector (TWh),31.54659709507775
"rcp45hotter_ssp5,date=2024-3-6T20:01:59+17:00",USA,WV,elecFinalBySecTWh,Year,2030,Vint_2030,Final Electricity by Sector (TWh),33.92741635205249
"rcp45hotter_ssp5,date=2024-3-6T20:01:59+17:00",USA,WV,elecFinalBySecTWh,Year,2035,Vint_2035,Final Electricity by Sector (TWh),35.74140177857168
"rcp45hotter_ssp5,date=2024-3-6T20:01:59+17:00",USA,WV,elecFinalBySecTWh,Year,2040,Vint_2040,Final Electricity by Sector (TWh),37.99126401849169
"rcp45hotter_ssp5,date=2024-3-6T20:01:59+17:00",USA,WV,elecFinalBySecTWh,Year,2045,Vint_2045,Final Electricity by Sector (TWh),40.768141444652265
"rcp45hotter_ssp5,date=2024-3-6T20:01:59+17:00",USA,WV,elecFinalBySecTWh,Year,2050,Vint_2050,Final Electricity by Sector (TWh),44.116162755583964
"rcp45hotter_ssp5,date=2024-3-6T20:01:59+17:00",USA,WV,elecFinalBySecTWh,Year,2055,Vint_2055,Final Electricity by Sector (TWh),49.456804473220394
"rcp45hotter_ssp5,date=2024-3-6T20:01:59+17:00",USA,WV,elecFinalBySecTWh,Year,2060,Vint_2060,Final Electricity by Sector (TWh),57.12949066937462
"rcp45hotter_ssp5,date=2024-3-6T20:01:59+17:00",USA,WV,elecFinalBySecTWh,Year,2065,Vint_2065,Final Electricity by Sector (TWh),66.60688438464358
"rcp45hotter_ssp5,date=2024-3-6T20:01:59+17:00",USA,WV,elecFinalBySecTWh,Year,2070,Vint_2070,Final Electricity by Sector (TWh),75.813460886597
"rcp45hotter_ssp5,date=2024-3-6T20:01:59+17:00",USA,WV,elecFinalBySecTWh,Year,2075,Vint_2075,Final Electricity by Sector (TWh),83.55364433404678
"rcp45hotter_ssp5,date=2024-3-6T20:01:59+17:00",USA,WV,elecFinalBySecTWh,Year,2080,Vint_2080,Final Electricity by Sector (TWh),93.04416438598184
"rcp45hotter_ssp5,date=2024-3-6T20:01:59+17:00",USA,WV,elecFinalBySecTWh,Year,2085,Vint_2085,Final Electricity by Sector (TWh),104.54129832338222
"rcp45hotter_ssp5,date=2024-3-6T20:01:59+17:00",USA,WV,elecFinalBySecTWh,Year,2090,Vint_2090,Final Electricity by Sector (TWh),117.04266972042649
"rcp45hotter_ssp5,date=2024-3-6T20:01:59+17:00",USA,WV,elecFinalBySecTWh,Year,2095,Vint_2095,Final Electricity by Sector (TWh),133.9719353643194
"rcp45hotter_ssp5,date=2024-3-6T20:01:59+17:00",USA,WV,elecFinalBySecTWh,Year,2100,Vint_2100,Final Electricity by Sector (TWh),145.00470792612614
"rcp45hotter_ssp5,date=2024-3-6T20:01:59+17:00",USA,WY,elecFinalBySecTWh,Year,1975,Vint_1975,Final Electricity by Sector (TWh),3.1109874722222473
"rcp45hotter_ssp5,date=2024-3-6T20:01:59+17:00",USA,WY,elecFinalBySecTWh,Year,1990,Vint_1990,Final Electricity by Sector (TWh),12.940185922797324
"rcp45hotter_ssp5,date=2024-3-6T20:01:59+17:00",USA,WY,elecFinalBySecTWh,Year,2005,Vint_2005,Final Electricity by Sector (TWh),15.293266240880678
"rcp45hotter_ssp5,date=2024-3-6T20:01:59+17:00",USA,WY,elecFinalBySecTWh,Year,2010,Vint_2010,Final Electricity by Sector (TWh),18.436840126252925
"rcp45hotter_ssp5,date=2024-3-6T20:01:59+17:00",USA,WY,elecFinalBySecTWh,Year,2015,Vint_2015,Final Electricity by Sector (TWh),17.774810356269587
"rcp45hotter_ssp5,date=2024-3-6T20:01:59+17:00",USA,WY,elecFinalBySecTWh,Year,2020,Vint_2020,Final Electricity by Sector (TWh),16.241423088064018
"rcp45hotter_ssp5,date=2024-3-6T20:01:59+17:00",USA,WY,elecFinalBySecTWh,Year,2025,Vint_2025,Final Electricity by Sector (TWh),16.64379075148041
"rcp45hotter_ssp5,date=2024-3-6T20:01:59+17:00",USA,WY,elecFinalBySecTWh,Year,2030,Vint_2030,Final Electricity by Sector (TWh),19.034473183680706
"rcp45hotter_ssp5,date=2024-3-6T20:01:59+17:00",USA,WY,elecFinalBySecTWh,Year,2035,Vint_2035,Final Electricity by Sector (TWh),22.29437565789462
"rcp45hotter_ssp5,date=2024-3-6T20:01:59+17:00",USA,WY,elecFinalBySecTWh,Year,2040,Vint_2040,Final Electricity by Sector (TWh),25.886037715212982
"rcp45hotter_ssp5,date=2024-3-6T20:01:59+17:00",USA,WY,elecFinalBySecTWh,Year,2045,Vint_2045,Final Electricity by Sector (TWh),29.899614025102462
"rcp45hotter_ssp5,date=2024-3-6T20:01:59+17:00",USA,WY,elecFinalBySecTWh,Year,2050,Vint_2050,Final Electricity by Sector (TWh),34.585950408011385
"rcp45hotter_ssp5,date=2024-3-6T20:01:59+17:00",USA,WY,elecFinalBySecTWh,Year,2055,Vint_2055,Final Electricity by Sector (TWh),40.21942615818004
"rcp45hotter_ssp5,date=2024-3-6T20:01:59+17:00",USA,WY,elecFinalBySecTWh,Year,2060,Vint_2060,Final Electricity by Sector (TWh),49.273508957902614
"rcp45hotter_ssp5,date=2024-3-6T20:01:59+17:00",USA,WY,elecFinalBySecTWh,Year,2065,Vint_2065,Final Electricity by Sector (TWh),58.57708614321519
"rcp45hotter_ssp5,date=2024-3-6T20:01:59+17:00",USA,WY,elecFinalBySecTWh,Year,2070,Vint_2070,Final Electricity by Sector (TWh),66.06716622018442
"rcp45hotter_ssp5,date=2024-3-6T20:01:59+17:00",USA,WY,elecFinalBySecTWh,Year,2075,Vint_2075,Final Electricity by Sector (TWh),73.19021001814447
"rcp45hotter_ssp5,date=2024-3-6T20:01:59+17:00",USA,WY,elecFinalBySecTWh,Year,2080,Vint_2080,Final Electricity by Sector (TWh),81.45671646603732
"rcp45hotter_ssp5,date=2024-3-6T20:01:59+17:00",USA,WY,elecFinalBySecTWh,Year,2085,Vint_2085,Final Electricity by Sector (TWh),90.71850928796933
"rcp45hotter_ssp5,date=2024-3-6T20:01:59+17:00",USA,WY,elecFinalBySecTWh,Year,2090,Vint_2090,Final Electricity by Sector (TWh),103.3327079161272
"rcp45hotter_ssp5,date=2024-3-6T20:01:59+17:00",USA,WY,elecFinalBySecTWh,Year,2095,Vint_2095,Final Electricity by Sector (TWh),116.19228359281121
"rcp45hotter_ssp5,date=2024-3-6T20:01:59+17:00",USA,WY,elecFinalBySecTWh,Year,2100,Vint_2100,Final Electricity by Sector (TWh),126.31812794842656
