time_utc,load_actual_mw_raw,load_actual_mw_clean,load_clean_flag,load_flag_missing_nonpositive,load_flag_same_hour_7d_median_outlier,load_clean_reason
2023-01-01T00:00:00Z,6350.0,6350.0,False,False,False,
2023-01-01T01:00:00Z,6086.0,6086.0,False,False,False,
2023-01-01T02:00:00Z,5835.0,5835.0,False,False,False,
2023-01-01T03:00:00Z,5498.0,5498.0,False,False,False,
2023-01-01T04:00:00Z,5371.0,5371.0,False,False,False,
2023-01-01T05:00:00Z,4787.0,4787.0,False,False,False,
2023-01-01T06:00:00Z,4783.0,4783.0,False,False,False,
2023-01-01T07:00:00Z,4662.0,4662.0,False,False,False,
2023-01-01T08:00:00Z,4418.0,4418.0,False,False,False,
2023-01-01T09:00:00Z,4168.0,4168.0,False,False,False,
2023-01-01T10:00:00Z,4246.0,4246.0,False,False,False,
2023-01-01T11:00:00Z,4409.0,4409.0,False,False,False,
2023-01-01T12:00:00Z,4401.0,4401.0,False,False,False,
2023-01-01T13:00:00Z,4871.0,4871.0,False,False,False,
2023-01-01T14:00:00Z,4777.0,4777.0,False,False,False,
2023-01-01T15:00:00Z,5185.0,5185.0,False,False,False,
2023-01-01T16:00:00Z,5247.0,5247.0,False,False,False,
2023-01-01T17:00:00Z,5285.0,5285.0,False,False,False,
2023-01-01T18:00:00Z,5352.0,5352.0,False,False,False,
2023-01-01T19:00:00Z,5234.0,5234.0,False,False,False,
2023-01-01T20:00:00Z,5204.0,5204.0,False,False,False,
2023-01-01T21:00:00Z,5190.0,5190.0,False,False,False,
2023-01-01T22:00:00Z,5356.0,5356.0,False,False,False,
2023-01-01T23:00:00Z,5729.0,5729.0,False,False,False,
2023-01-02T00:00:00Z,5915.0,5915.0,False,False,False,
2023-01-02T01:00:00Z,5855.0,5855.0,False,False,False,
2023-01-02T02:00:00Z,5716.0,5716.0,False,False,False,
2023-01-02T03:00:00Z,5621.0,5621.0,False,False,False,
2023-01-02T04:00:00Z,5413.0,5413.0,False,False,False,
2023-01-02T05:00:00Z,5203.0,5203.0,False,False,False,
2023-01-02T06:00:00Z,4950.0,4950.0,False,False,False,
2023-01-02T07:00:00Z,4884.0,4884.0,False,False,False,
2023-01-02T08:00:00Z,4776.0,4776.0,False,False,False,
2023-01-02T09:00:00Z,5073.0,5073.0,False,False,False,
2023-01-02T10:00:00Z,5020.0,5020.0,False,False,False,
2023-01-02T11:00:00Z,5412.0,5412.0,False,False,False,
2023-01-02T12:00:00Z,5796.0,5796.0,False,False,False,
2023-01-02T13:00:00Z,6112.0,6112.0,False,False,False,
2023-01-02T14:00:00Z,6280.0,6280.0,False,False,False,
2023-01-02T15:00:00Z,6366.0,6366.0,False,False,False,
2023-01-02T16:00:00Z,6270.0,6270.0,False,False,False,
2023-01-02T17:00:00Z,6031.0,6031.0,False,False,False,
2023-01-02T18:00:00Z,5811.0,5811.0,False,False,False,
2023-01-02T19:00:00Z,5872.0,5872.0,False,False,False,
2023-01-02T20:00:00Z,5683.0,5683.0,False,False,False,
2023-01-02T21:00:00Z,5714.0,5714.0,False,False,False,
2023-01-02T22:00:00Z,5621.0,5621.0,False,False,False,
2023-01-02T23:00:00Z,6487.0,6487.0,False,False,False,
2023-01-03T00:00:00Z,6756.0,6756.0,False,False,False,
2023-01-03T01:00:00Z,6699.0,6699.0,False,False,False,
2023-01-03T02:00:00Z,6545.0,6545.0,False,False,False,
2023-01-03T03:00:00Z,6255.0,6255.0,False,False,False,
2023-01-03T04:00:00Z,5907.0,5907.0,False,False,False,
2023-01-03T05:00:00Z,5565.0,5565.0,False,False,False,
2023-01-03T06:00:00Z,5313.0,5313.0,False,False,False,
2023-01-03T07:00:00Z,5143.0,5143.0,False,False,False,
2023-01-03T08:00:00Z,4958.0,4958.0,False,False,False,
2023-01-03T09:00:00Z,5102.0,5102.0,False,False,False,
2023-01-03T10:00:00Z,5234.0,5234.0,False,False,False,
2023-01-03T11:00:00Z,5700.0,5700.0,False,False,False,
2023-01-03T12:00:00Z,6326.0,6326.0,False,False,False,
2023-01-03T13:00:00Z,6609.0,6609.0,False,False,False,
2023-01-03T14:00:00Z,6552.0,6552.0,False,False,False,
2023-01-03T15:00:00Z,6383.0,6383.0,False,False,False,
2023-01-03T16:00:00Z,6164.0,6164.0,False,False,False,
2023-01-03T17:00:00Z,6079.0,6079.0,False,False,False,
2023-01-03T18:00:00Z,5860.0,5860.0,False,False,False,
2023-01-03T19:00:00Z,5841.0,5841.0,False,False,False,
2023-01-03T20:00:00Z,6053.0,6053.0,False,False,False,
2023-01-03T21:00:00Z,5976.0,5976.0,False,False,False,
2023-01-03T22:00:00Z,6096.0,6096.0,False,False,False,
2023-01-03T23:00:00Z,6540.0,6540.0,False,False,False,
2023-01-04T00:00:00Z,6744.0,6744.0,False,False,False,
2023-01-04T01:00:00Z,6642.0,6642.0,False,False,False,
2023-01-04T02:00:00Z,6451.0,6451.0,False,False,False,
2023-01-04T03:00:00Z,6145.0,6145.0,False,False,False,
2023-01-04T04:00:00Z,5693.0,5693.0,False,False,False,
2023-01-04T05:00:00Z,5265.0,5265.0,False,False,False,
2023-01-04T06:00:00Z,4957.0,4957.0,False,False,False,
2023-01-04T07:00:00Z,4739.0,4739.0,False,False,False,
2023-01-04T08:00:00Z,4623.0,4623.0,False,False,False,
2023-01-04T09:00:00Z,4594.0,4594.0,False,False,False,
2023-01-04T10:00:00Z,4710.0,4710.0,False,False,False,
2023-01-04T11:00:00Z,5075.0,5075.0,False,False,False,
2023-01-04T12:00:00Z,5643.0,5643.0,False,False,False,
2023-01-04T13:00:00Z,5948.0,5948.0,False,False,False,
2023-01-04T14:00:00Z,6016.0,6016.0,False,False,False,
2023-01-04T15:00:00Z,6081.0,6081.0,False,False,False,
2023-01-04T16:00:00Z,6145.0,6145.0,False,False,False,
2023-01-04T17:00:00Z,6238.0,6238.0,False,False,False,
2023-01-04T18:00:00Z,6268.0,6268.0,False,False,False,
2023-01-04T19:00:00Z,6178.0,6178.0,False,False,False,
2023-01-04T20:00:00Z,6083.0,6083.0,False,False,False,
2023-01-04T21:00:00Z,6089.0,6089.0,False,False,False,
2023-01-04T22:00:00Z,6183.0,6183.0,False,False,False,
2023-01-04T23:00:00Z,6533.0,6533.0,False,False,False,
2023-01-05T00:00:00Z,6737.0,6737.0,False,False,False,
2023-01-05T01:00:00Z,6627.0,6627.0,False,False,False,
2023-01-05T02:00:00Z,6446.0,6446.0,False,False,False,
2023-01-05T03:00:00Z,6111.0,6111.0,False,False,False,
2023-01-05T04:00:00Z,5709.0,5709.0,False,False,False,
2023-01-05T05:00:00Z,5381.0,5381.0,False,False,False,
2023-01-05T06:00:00Z,4960.0,4960.0,False,False,False,
2023-01-05T07:00:00Z,4797.0,4797.0,False,False,False,
2023-01-05T08:00:00Z,4695.0,4695.0,False,False,False,
2023-01-05T09:00:00Z,4687.0,4687.0,False,False,False,
2023-01-05T10:00:00Z,4757.0,4757.0,False,False,False,
2023-01-05T11:00:00Z,5164.0,5164.0,False,False,False,
2023-01-05T12:00:00Z,5779.0,5779.0,False,False,False,
2023-01-05T13:00:00Z,6101.0,6101.0,False,False,False,
2023-01-05T14:00:00Z,6076.0,6076.0,False,False,False,
2023-01-05T15:00:00Z,6019.0,6019.0,False,False,False,
2023-01-05T16:00:00Z,5995.0,5995.0,False,False,False,
2023-01-05T17:00:00Z,5976.0,5976.0,False,False,False,
2023-01-05T18:00:00Z,5893.0,5893.0,False,False,False,
2023-01-05T19:00:00Z,5909.0,5909.0,False,False,False,
2023-01-05T20:00:00Z,5701.0,5701.0,False,False,False,
2023-01-05T21:00:00Z,5789.0,5789.0,False,False,False,
2023-01-05T22:00:00Z,5967.0,5967.0,False,False,False,
2023-01-05T23:00:00Z,6319.0,6319.0,False,False,False,
2023-01-06T00:00:00Z,6655.0,6655.0,False,False,False,
2023-01-06T01:00:00Z,6660.0,6660.0,False,False,False,
2023-01-06T02:00:00Z,6587.0,6587.0,False,False,False,
2023-01-06T03:00:00Z,6353.0,6353.0,False,False,False,
2023-01-06T04:00:00Z,6032.0,6032.0,False,False,False,
2023-01-06T05:00:00Z,5680.0,5680.0,False,False,False,
2023-01-06T06:00:00Z,5510.0,5510.0,False,False,False,
2023-01-06T07:00:00Z,5431.0,5431.0,False,False,False,
2023-01-06T08:00:00Z,5473.0,5473.0,False,False,False,
2023-01-06T09:00:00Z,5607.0,5607.0,False,False,False,
2023-01-06T10:00:00Z,5892.0,5892.0,False,False,False,
2023-01-06T11:00:00Z,6452.0,6452.0,False,False,False,
2023-01-06T12:00:00Z,7325.0,7325.0,False,False,False,
2023-01-06T13:00:00Z,7843.0,7843.0,False,False,False,
2023-01-06T14:00:00Z,7721.0,7721.0,False,False,False,
2023-01-06T15:00:00Z,7182.0,7182.0,False,False,False,
2023-01-06T16:00:00Z,6802.0,6802.0,False,False,False,
2023-01-06T17:00:00Z,6565.0,6565.0,False,False,False,
2023-01-06T18:00:00Z,6287.0,6287.0,False,False,False,
2023-01-06T19:00:00Z,6159.0,6159.0,False,False,False,
2023-01-06T20:00:00Z,5896.0,5896.0,False,False,False,
2023-01-06T21:00:00Z,5878.0,5878.0,False,False,False,
2023-01-06T22:00:00Z,6137.0,6137.0,False,False,False,
2023-01-06T23:00:00Z,6679.0,6679.0,False,False,False,
2023-01-07T00:00:00Z,7087.0,7087.0,False,False,False,
2023-01-07T01:00:00Z,7204.0,7204.0,False,False,False,
2023-01-07T02:00:00Z,7287.0,7287.0,False,False,False,
2023-01-07T03:00:00Z,7223.0,7223.0,False,False,False,
2023-01-07T04:00:00Z,7120.0,7120.0,False,False,False,
2023-01-07T05:00:00Z,6973.0,6973.0,False,False,False,
2023-01-07T06:00:00Z,6906.0,6906.0,False,False,False,
2023-01-07T07:00:00Z,6894.0,6894.0,False,False,False,
2023-01-07T08:00:00Z,6977.0,6977.0,False,False,False,
2023-01-07T09:00:00Z,7130.0,7130.0,False,False,False,
2023-01-07T10:00:00Z,7308.0,7308.0,False,False,False,
2023-01-07T11:00:00Z,7517.0,7517.0,False,False,False,
2023-01-07T12:00:00Z,7834.0,7834.0,False,False,False,
2023-01-07T13:00:00Z,8130.0,8130.0,False,False,False,
2023-01-07T14:00:00Z,8190.0,8190.0,False,False,False,
2023-01-07T15:00:00Z,7922.0,7922.0,False,False,False,
2023-01-07T16:00:00Z,7543.0,7543.0,False,False,False,
2023-01-07T17:00:00Z,7254.0,7254.0,False,False,False,
2023-01-07T18:00:00Z,6893.0,6893.0,False,False,False,
2023-01-07T19:00:00Z,6642.0,6642.0,False,False,False,
2023-01-07T20:00:00Z,6395.0,6395.0,False,False,False,
2023-01-07T21:00:00Z,6261.0,6261.0,False,False,False,
2023-01-07T22:00:00Z,6529.0,6529.0,False,False,False,
2023-01-07T23:00:00Z,7068.0,7068.0,False,False,False,
2023-01-08T00:00:00Z,7528.0,7528.0,False,False,False,
2023-01-08T01:00:00Z,7650.0,7650.0,False,False,False,
2023-01-08T02:00:00Z,7724.0,7724.0,False,False,False,
2023-01-08T03:00:00Z,7730.0,7730.0,False,False,False,
2023-01-08T04:00:00Z,7643.0,7643.0,False,False,False,
2023-01-08T05:00:00Z,7472.0,7472.0,False,False,False,
2023-01-08T06:00:00Z,7451.0,7451.0,False,False,False,
2023-01-08T07:00:00Z,7469.0,7469.0,False,False,False,
2023-01-08T08:00:00Z,7510.0,7510.0,False,False,False,
2023-01-08T09:00:00Z,7622.0,7622.0,False,False,False,
2023-01-08T10:00:00Z,7709.0,7709.0,False,False,False,
2023-01-08T11:00:00Z,7896.0,7896.0,False,False,False,
2023-01-08T12:00:00Z,8133.0,8133.0,False,False,False,
2023-01-08T13:00:00Z,8362.0,8362.0,False,False,False,
2023-01-08T14:00:00Z,8474.0,8474.0,False,False,False,
2023-01-08T15:00:00Z,8237.0,8237.0,False,False,False,
2023-01-08T16:00:00Z,7885.0,7885.0,False,False,False,
2023-01-08T17:00:00Z,7533.0,7533.0,False,False,False,
2023-01-08T18:00:00Z,7423.0,7423.0,False,False,False,
2023-01-08T19:00:00Z,7327.0,7327.0,False,False,False,
2023-01-08T20:00:00Z,7261.0,7261.0,False,False,False,
2023-01-08T21:00:00Z,7213.0,7213.0,False,False,False,
2023-01-08T22:00:00Z,7367.0,7367.0,False,False,False,
2023-01-08T23:00:00Z,7802.0,7802.0,False,False,False,
2023-01-09T00:00:00Z,7956.0,7956.0,False,False,False,
2023-01-09T01:00:00Z,7910.0,7910.0,False,False,False,
2023-01-09T02:00:00Z,7786.0,7786.0,False,False,False,
2023-01-09T03:00:00Z,7438.0,7438.0,False,False,False,
2023-01-09T04:00:00Z,7009.0,7009.0,False,False,False,
2023-01-09T05:00:00Z,6648.0,6648.0,False,False,False,
2023-01-09T06:00:00Z,6361.0,6361.0,False,False,False,
2023-01-09T07:00:00Z,6233.0,6233.0,False,False,False,
2023-01-09T08:00:00Z,6165.0,6165.0,False,False,False,
2023-01-09T09:00:00Z,6274.0,6274.0,False,False,False,
2023-01-09T10:00:00Z,6564.0,6564.0,False,False,False,
2023-01-09T11:00:00Z,7171.0,7171.0,False,False,False,
2023-01-09T12:00:00Z,7925.0,7925.0,False,False,False,
2023-01-09T13:00:00Z,8272.0,8272.0,False,False,False,
2023-01-09T14:00:00Z,8111.0,8111.0,False,False,False,
2023-01-09T15:00:00Z,7684.0,7684.0,False,False,False,
2023-01-09T16:00:00Z,7339.0,7339.0,False,False,False,
2023-01-09T17:00:00Z,7018.0,7018.0,False,False,False,
2023-01-09T18:00:00Z,6791.0,6791.0,False,False,False,
2023-01-09T19:00:00Z,6536.0,6536.0,False,False,False,
2023-01-09T20:00:00Z,6337.0,6337.0,False,False,False,
2023-01-09T21:00:00Z,6308.0,6308.0,False,False,False,
2023-01-09T22:00:00Z,6647.0,6647.0,False,False,False,
2023-01-09T23:00:00Z,7364.0,7364.0,False,False,False,
2023-01-10T00:00:00Z,7904.0,7904.0,False,False,False,
2023-01-10T01:00:00Z,8123.0,8123.0,False,False,False,
2023-01-10T02:00:00Z,8264.0,8264.0,False,False,False,
2023-01-10T03:00:00Z,8211.0,8211.0,False,False,False,
2023-01-10T04:00:00Z,8026.0,8026.0,False,False,False,
2023-01-10T05:00:00Z,7909.0,7909.0,False,False,False,
2023-01-10T06:00:00Z,7919.0,7919.0,False,False,False,
2023-01-10T07:00:00Z,8120.0,8120.0,False,False,False,
2023-01-10T08:00:00Z,8383.0,8383.0,False,False,False,
2023-01-10T09:00:00Z,8669.0,8669.0,False,False,False,
2023-01-10T10:00:00Z,9046.0,9046.0,False,False,False,
2023-01-10T11:00:00Z,9695.0,9695.0,False,False,False,
2023-01-10T12:00:00Z,10401.0,10401.0,False,False,False,
2023-01-10T13:00:00Z,10628.0,10628.0,False,False,False,
2023-01-10T14:00:00Z,10371.0,10371.0,False,False,False,
2023-01-10T15:00:00Z,9363.0,9363.0,False,False,False,
2023-01-10T16:00:00Z,8346.0,8346.0,False,False,False,
2023-01-10T17:00:00Z,7864.0,7864.0,False,False,False,
2023-01-10T18:00:00Z,7199.0,7199.0,False,False,False,
2023-01-10T19:00:00Z,6801.0,6801.0,False,False,False,
2023-01-10T20:00:00Z,6502.0,6502.0,False,False,False,
2023-01-10T21:00:00Z,6448.0,6448.0,False,False,False,
2023-01-10T22:00:00Z,6728.0,6728.0,False,False,False,
2023-01-10T23:00:00Z,7369.0,7369.0,False,False,False,
2023-01-11T00:00:00Z,7871.0,7871.0,False,False,False,
2023-01-11T01:00:00Z,7975.0,7975.0,False,False,False,
2023-01-11T02:00:00Z,7928.0,7928.0,False,False,False,
2023-01-11T03:00:00Z,7811.0,7811.0,False,False,False,
2023-01-11T04:00:00Z,7539.0,7539.0,False,False,False,
2023-01-11T05:00:00Z,7331.0,7331.0,False,False,False,
2023-01-11T06:00:00Z,7265.0,7265.0,False,False,False,
2023-01-11T07:00:00Z,7350.0,7350.0,False,False,False,
2023-01-11T08:00:00Z,7504.0,7504.0,False,False,False,
2023-01-11T09:00:00Z,7741.0,7741.0,False,False,False,
2023-01-11T10:00:00Z,8138.0,8138.0,False,False,False,
2023-01-11T11:00:00Z,8837.0,8837.0,False,False,False,
2023-01-11T12:00:00Z,9764.0,9764.0,False,False,False,
2023-01-11T13:00:00Z,10115.0,10115.0,False,False,False,
2023-01-11T14:00:00Z,9606.0,9606.0,False,False,False,
2023-01-11T15:00:00Z,8509.0,8509.0,False,False,False,
2023-01-11T16:00:00Z,7731.0,7731.0,False,False,False,
2023-01-11T17:00:00Z,7253.0,7253.0,False,False,False,
2023-01-11T18:00:00Z,6832.0,6832.0,False,False,False,
2023-01-11T19:00:00Z,6496.0,6496.0,False,False,False,
2023-01-11T20:00:00Z,6235.0,6235.0,False,False,False,
2023-01-11T21:00:00Z,6198.0,6198.0,False,False,False,
2023-01-11T22:00:00Z,6502.0,6502.0,False,False,False,
2023-01-11T23:00:00Z,7109.0,7109.0,False,False,False,
2023-01-12T00:00:00Z,7501.0,7501.0,False,False,False,
2023-01-12T01:00:00Z,7467.0,7467.0,False,False,False,
2023-01-12T02:00:00Z,7316.0,7316.0,False,False,False,
2023-01-12T03:00:00Z,7038.0,7038.0,False,False,False,
2023-01-12T04:00:00Z,6578.0,6578.0,False,False,False,
2023-01-12T05:00:00Z,6178.0,6178.0,False,False,False,
2023-01-12T06:00:00Z,5859.0,5859.0,False,False,False,
2023-01-12T07:00:00Z,5717.0,5717.0,False,False,False,
2023-01-12T08:00:00Z,5691.0,5691.0,False,False,False,
2023-01-12T09:00:00Z,5700.0,5700.0,False,False,False,
2023-01-12T10:00:00Z,5891.0,5891.0,False,False,False,
2023-01-12T11:00:00Z,6323.0,6323.0,False,False,False,
2023-01-12T12:00:00Z,6991.0,6991.0,False,False,False,
2023-01-12T13:00:00Z,7192.0,7192.0,False,False,False,
2023-01-12T14:00:00Z,7017.0,7017.0,False,False,False,
2023-01-12T15:00:00Z,6733.0,6733.0,False,False,False,
2023-01-12T16:00:00Z,6535.0,6535.0,False,False,False,
2023-01-12T17:00:00Z,6342.0,6342.0,False,False,False,
2023-01-12T18:00:00Z,6225.0,6225.0,False,False,False,
2023-01-12T19:00:00Z,6082.0,6082.0,False,False,False,
2023-01-12T20:00:00Z,5978.0,5978.0,False,False,False,
2023-01-12T21:00:00Z,6006.0,6006.0,False,False,False,
2023-01-12T22:00:00Z,6177.0,6177.0,False,False,False,
2023-01-12T23:00:00Z,6564.0,6564.0,False,False,False,
2023-01-13T00:00:00Z,6701.0,6701.0,False,False,False,
2023-01-13T01:00:00Z,6647.0,6647.0,False,False,False,
2023-01-13T02:00:00Z,6454.0,6454.0,False,False,False,
2023-01-13T03:00:00Z,6158.0,6158.0,False,False,False,
2023-01-13T04:00:00Z,5769.0,5769.0,False,False,False,
2023-01-13T05:00:00Z,5380.0,5380.0,False,False,False,
2023-01-13T06:00:00Z,5102.0,5102.0,False,False,False,
2023-01-13T07:00:00Z,4980.0,4980.0,False,False,False,
2023-01-13T08:00:00Z,4925.0,4925.0,False,False,False,
2023-01-13T09:00:00Z,4925.0,4925.0,False,False,False,
2023-01-13T10:00:00Z,5074.0,5074.0,False,False,False,
2023-01-13T11:00:00Z,5467.0,5467.0,False,False,False,
2023-01-13T12:00:00Z,6136.0,6136.0,False,False,False,
2023-01-13T13:00:00Z,6425.0,6425.0,False,False,False,
2023-01-13T14:00:00Z,6496.0,6496.0,False,False,False,
2023-01-13T15:00:00Z,6457.0,6457.0,False,False,False,
2023-01-13T16:00:00Z,6381.0,6381.0,False,False,False,
2023-01-13T17:00:00Z,6322.0,6322.0,False,False,False,
2023-01-13T18:00:00Z,6330.0,6330.0,False,False,False,
2023-01-13T19:00:00Z,6211.0,6211.0,False,False,False,
2023-01-13T20:00:00Z,6105.0,6105.0,False,False,False,
2023-01-13T21:00:00Z,6153.0,6153.0,False,False,False,
2023-01-13T22:00:00Z,6458.0,6458.0,False,False,False,
2023-01-13T23:00:00Z,6932.0,6932.0,False,False,False,
2023-01-14T00:00:00Z,7200.0,7200.0,False,False,False,
2023-01-14T01:00:00Z,7214.0,7214.0,False,False,False,
2023-01-14T02:00:00Z,7176.0,7176.0,False,False,False,
2023-01-14T03:00:00Z,7147.0,7147.0,False,False,False,
2023-01-14T04:00:00Z,6970.0,6970.0,False,False,False,
2023-01-14T05:00:00Z,6799.0,6799.0,False,False,False,
2023-01-14T06:00:00Z,6666.0,6666.0,False,False,False,
2023-01-14T07:00:00Z,6642.0,6642.0,False,False,False,
2023-01-14T08:00:00Z,6699.0,6699.0,False,False,False,
2023-01-14T09:00:00Z,6798.0,6798.0,False,False,False,
2023-01-14T10:00:00Z,7009.0,7009.0,False,False,False,
2023-01-14T11:00:00Z,7308.0,7308.0,False,False,False,
2023-01-14T12:00:00Z,7712.0,7712.0,False,False,False,
2023-01-14T13:00:00Z,8115.0,8115.0,False,False,False,
2023-01-14T14:00:00Z,8417.0,8417.0,False,False,False,
2023-01-14T15:00:00Z,8572.0,8572.0,False,False,False,
2023-01-14T16:00:00Z,8495.0,8495.0,False,False,False,
2023-01-14T17:00:00Z,8375.0,8375.0,False,False,False,
2023-01-14T18:00:00Z,8204.0,8204.0,False,False,False,
2023-01-14T19:00:00Z,8039.0,8039.0,False,False,False,
2023-01-14T20:00:00Z,7933.0,7933.0,False,False,False,
2023-01-14T21:00:00Z,7867.0,7867.0,False,False,False,
2023-01-14T22:00:00Z,7962.0,7962.0,False,False,False,
2023-01-14T23:00:00Z,8435.0,8435.0,False,False,False,
2023-01-15T00:00:00Z,8807.0,8807.0,False,False,False,
2023-01-15T01:00:00Z,8826.0,8826.0,False,False,False,
2023-01-15T02:00:00Z,8818.0,8818.0,False,False,False,
2023-01-15T03:00:00Z,8707.0,8707.0,False,False,False,
2023-01-15T04:00:00Z,8556.0,8556.0,False,False,False,
2023-01-15T05:00:00Z,8399.0,8399.0,False,False,False,
2023-01-15T06:00:00Z,8341.0,8341.0,False,False,False,
2023-01-15T07:00:00Z,8407.0,8407.0,False,False,False,
2023-01-15T08:00:00Z,8512.0,8512.0,False,False,False,
2023-01-15T09:00:00Z,8645.0,8645.0,False,False,False,
2023-01-15T10:00:00Z,8861.0,8861.0,False,False,False,
2023-01-15T11:00:00Z,9149.0,9149.0,False,False,False,
2023-01-15T12:00:00Z,9492.0,9492.0,False,False,False,
2023-01-15T13:00:00Z,9892.0,9892.0,False,False,False,
2023-01-15T14:00:00Z,9748.0,9748.0,False,False,False,
2023-01-15T15:00:00Z,9229.0,9229.0,False,False,False,
2023-01-15T16:00:00Z,8569.0,8569.0,False,False,False,
2023-01-15T17:00:00Z,7983.0,7983.0,False,False,False,
2023-01-15T18:00:00Z,7570.0,7570.0,False,False,False,
2023-01-15T19:00:00Z,7087.0,7087.0,False,False,False,
2023-01-15T20:00:00Z,6524.0,6524.0,False,False,False,
2023-01-15T21:00:00Z,6621.0,6621.0,False,False,False,
2023-01-15T22:00:00Z,6956.0,6956.0,False,False,False,
2023-01-15T23:00:00Z,7698.0,7698.0,False,False,False,
2023-01-16T00:00:00Z,8292.0,8292.0,False,False,False,
2023-01-16T01:00:00Z,8562.0,8562.0,False,False,False,
2023-01-16T02:00:00Z,8728.0,8728.0,False,False,False,
2023-01-16T03:00:00Z,8816.0,8816.0,False,False,False,
2023-01-16T04:00:00Z,8724.0,8724.0,False,False,False,
2023-01-16T05:00:00Z,8684.0,8684.0,False,False,False,
2023-01-16T06:00:00Z,8685.0,8685.0,False,False,False,
2023-01-16T07:00:00Z,8784.0,8784.0,False,False,False,
2023-01-16T08:00:00Z,8987.0,8987.0,False,False,False,
2023-01-16T09:00:00Z,9216.0,,True,False,True,same_hour_7d_median_outlier|same_hour_7d_median_outlier
2023-01-16T10:00:00Z,9489.0,,True,False,True,same_hour_7d_median_outlier|same_hour_7d_median_outlier
2023-01-16T11:00:00Z,9981.0,9981.0,False,False,False,
2023-01-16T12:00:00Z,10407.0,10407.0,False,False,False,
2023-01-16T13:00:00Z,10637.0,10637.0,False,False,False,
2023-01-16T14:00:00Z,10387.0,10387.0,False,False,False,
2023-01-16T15:00:00Z,9497.0,9497.0,False,False,False,
2023-01-16T16:00:00Z,8683.0,8683.0,False,False,False,
2023-01-16T17:00:00Z,7964.0,7964.0,False,False,False,
2023-01-16T18:00:00Z,7350.0,7350.0,False,False,False,
2023-01-16T19:00:00Z,6940.0,6940.0,False,False,False,
2023-01-16T20:00:00Z,6656.0,6656.0,False,False,False,
2023-01-16T21:00:00Z,6663.0,6663.0,False,False,False,
2023-01-16T22:00:00Z,6998.0,6998.0,False,False,False,
2023-01-16T23:00:00Z,7654.0,7654.0,False,False,False,
2023-01-17T00:00:00Z,8054.0,8054.0,False,False,False,
2023-01-17T01:00:00Z,8074.0,8074.0,False,False,False,
2023-01-17T02:00:00Z,7975.0,7975.0,False,False,False,
2023-01-17T03:00:00Z,7666.0,7666.0,False,False,False,
2023-01-17T04:00:00Z,7257.0,7257.0,False,False,False,
2023-01-17T05:00:00Z,6917.0,6917.0,False,False,False,
2023-01-17T06:00:00Z,6669.0,6669.0,False,False,False,
2023-01-17T07:00:00Z,6540.0,6540.0,False,False,False,
2023-01-17T08:00:00Z,6467.0,6467.0,False,False,False,
2023-01-17T09:00:00Z,6495.0,6495.0,False,False,False,
2023-01-17T10:00:00Z,6683.0,6683.0,False,False,False,
2023-01-17T11:00:00Z,7160.0,7160.0,False,False,False,
2023-01-17T12:00:00Z,7845.0,7845.0,False,False,False,
2023-01-17T13:00:00Z,8072.0,8072.0,False,False,False,
2023-01-17T14:00:00Z,7908.0,7908.0,False,False,False,
2023-01-17T15:00:00Z,7759.0,7759.0,False,False,False,
2023-01-17T16:00:00Z,7559.0,7559.0,False,False,False,
2023-01-17T17:00:00Z,7372.0,7372.0,False,False,False,
2023-01-17T18:00:00Z,7233.0,7233.0,False,False,False,
2023-01-17T19:00:00Z,7139.0,7139.0,False,False,False,
2023-01-17T20:00:00Z,7013.0,7013.0,False,False,False,
2023-01-17T21:00:00Z,7023.0,7023.0,False,False,False,
2023-01-17T22:00:00Z,7133.0,7133.0,False,False,False,
2023-01-17T23:00:00Z,7448.0,7448.0,False,False,False,
2023-01-18T00:00:00Z,7631.0,7631.0,False,False,False,
2023-01-18T01:00:00Z,7455.0,7455.0,False,False,False,
2023-01-18T02:00:00Z,7216.0,7216.0,False,False,False,
2023-01-18T03:00:00Z,6852.0,6852.0,False,False,False,
2023-01-18T04:00:00Z,6329.0,6329.0,False,False,False,
2023-01-18T05:00:00Z,5910.0,5910.0,False,False,False,
2023-01-18T06:00:00Z,5611.0,5611.0,False,False,False,
2023-01-18T07:00:00Z,5475.0,5475.0,False,False,False,
2023-01-18T08:00:00Z,5237.0,5237.0,False,False,False,
2023-01-18T09:00:00Z,5295.0,5295.0,False,False,False,
2023-01-18T10:00:00Z,5377.0,5377.0,False,False,False,
2023-01-18T11:00:00Z,6064.0,6064.0,False,False,False,
2023-01-18T12:00:00Z,6769.0,6769.0,False,False,False,
2023-01-18T13:00:00Z,7037.0,7037.0,False,False,False,
2023-01-18T14:00:00Z,6895.0,6895.0,False,False,False,
2023-01-18T15:00:00Z,6604.0,6604.0,False,False,False,
2023-01-18T16:00:00Z,6266.0,6266.0,False,False,False,
2023-01-18T17:00:00Z,5869.0,5869.0,False,False,False,
2023-01-18T18:00:00Z,5925.0,5925.0,False,False,False,
2023-01-18T19:00:00Z,5772.0,5772.0,False,False,False,
2023-01-18T20:00:00Z,5621.0,5621.0,False,False,False,
2023-01-18T21:00:00Z,5700.0,5700.0,False,False,False,
2023-01-18T22:00:00Z,5642.0,5642.0,False,False,False,
2023-01-18T23:00:00Z,6378.0,6378.0,False,False,False,
2023-01-19T00:00:00Z,6770.0,6770.0,False,False,False,
2023-01-19T01:00:00Z,6698.0,6698.0,False,False,False,
2023-01-19T02:00:00Z,6578.0,6578.0,False,False,False,
2023-01-19T03:00:00Z,6362.0,6362.0,False,False,False,
2023-01-19T04:00:00Z,5812.0,5812.0,False,False,False,
2023-01-19T05:00:00Z,5604.0,5604.0,False,False,False,
2023-01-19T06:00:00Z,5379.0,5379.0,False,False,False,
2023-01-19T07:00:00Z,5278.0,5278.0,False,False,False,
2023-01-19T08:00:00Z,5239.0,5239.0,False,False,False,
2023-01-19T09:00:00Z,5255.0,5255.0,False,False,False,
2023-01-19T10:00:00Z,5365.0,5365.0,False,False,False,
2023-01-19T11:00:00Z,5759.0,5759.0,False,False,False,
2023-01-19T12:00:00Z,6458.0,6458.0,False,False,False,
2023-01-19T13:00:00Z,6689.0,6689.0,False,False,False,
2023-01-19T14:00:00Z,6551.0,6551.0,False,False,False,
2023-01-19T15:00:00Z,6326.0,6326.0,False,False,False,
2023-01-19T16:00:00Z,6081.0,6081.0,False,False,False,
2023-01-19T17:00:00Z,5925.0,5925.0,False,False,False,
2023-01-19T18:00:00Z,5861.0,5861.0,False,False,False,
2023-01-19T19:00:00Z,5861.0,5861.0,False,False,False,
2023-01-19T20:00:00Z,5844.0,5844.0,False,False,False,
2023-01-19T21:00:00Z,5864.0,5864.0,False,False,False,
2023-01-19T22:00:00Z,6003.0,6003.0,False,False,False,
2023-01-19T23:00:00Z,6295.0,6295.0,False,False,False,
2023-01-20T00:00:00Z,6613.0,6613.0,False,False,False,
2023-01-20T01:00:00Z,6584.0,6584.0,False,False,False,
2023-01-20T02:00:00Z,6429.0,6429.0,False,False,False,
2023-01-20T03:00:00Z,6092.0,6092.0,False,False,False,
2023-01-20T04:00:00Z,5678.0,5678.0,False,False,False,
2023-01-20T05:00:00Z,5249.0,5249.0,False,False,False,
2023-01-20T06:00:00Z,4943.0,4943.0,False,False,False,
2023-01-20T07:00:00Z,4787.0,4787.0,False,False,False,
2023-01-20T08:00:00Z,4717.0,4717.0,False,False,False,
2023-01-20T09:00:00Z,4763.0,4763.0,False,False,False,
2023-01-20T10:00:00Z,4954.0,4954.0,False,False,False,
2023-01-20T11:00:00Z,5411.0,5411.0,False,False,False,
2023-01-20T12:00:00Z,6153.0,6153.0,False,False,False,
2023-01-20T13:00:00Z,6570.0,6570.0,False,False,False,
2023-01-20T14:00:00Z,6545.0,6545.0,False,False,False,
2023-01-20T15:00:00Z,6288.0,6288.0,False,False,False,
2023-01-20T16:00:00Z,6064.0,6064.0,False,False,False,
2023-01-20T17:00:00Z,5881.0,5881.0,False,False,False,
2023-01-20T18:00:00Z,5720.0,5720.0,False,False,False,
2023-01-20T19:00:00Z,5543.0,5543.0,False,False,False,
2023-01-20T20:00:00Z,5600.0,5600.0,False,False,False,
2023-01-20T21:00:00Z,5597.0,5597.0,False,False,False,
2023-01-20T22:00:00Z,5871.0,5871.0,False,False,False,
2023-01-20T23:00:00Z,6298.0,6298.0,False,False,False,
2023-01-21T00:00:00Z,6691.0,6691.0,False,False,False,
2023-01-21T01:00:00Z,6775.0,6775.0,False,False,False,
2023-01-21T02:00:00Z,6819.0,6819.0,False,False,False,
2023-01-21T03:00:00Z,6755.0,6755.0,False,False,False,
2023-01-21T04:00:00Z,6623.0,6623.0,False,False,False,
2023-01-21T05:00:00Z,6408.0,6408.0,False,False,False,
2023-01-21T06:00:00Z,6223.0,6223.0,False,False,False,
2023-01-21T07:00:00Z,6198.0,6198.0,False,False,False,
2023-01-21T08:00:00Z,6251.0,6251.0,False,False,False,
2023-01-21T09:00:00Z,6387.0,6387.0,False,False,False,
2023-01-21T10:00:00Z,6632.0,6632.0,False,False,False,
2023-01-21T11:00:00Z,7002.0,7002.0,False,False,False,
2023-01-21T12:00:00Z,7487.0,7487.0,False,False,False,
2023-01-21T13:00:00Z,8014.0,8014.0,False,False,False,
2023-01-21T14:00:00Z,8186.0,8186.0,False,False,False,
2023-01-21T15:00:00Z,7844.0,7844.0,False,False,False,
2023-01-21T16:00:00Z,7506.0,7506.0,False,False,False,
2023-01-21T17:00:00Z,7141.0,7141.0,False,False,False,
2023-01-21T18:00:00Z,6804.0,6804.0,False,False,False,
2023-01-21T19:00:00Z,6563.0,6563.0,False,False,False,
2023-01-21T20:00:00Z,6458.0,6458.0,False,False,False,
2023-01-21T21:00:00Z,6450.0,6450.0,False,False,False,
2023-01-21T22:00:00Z,6723.0,6723.0,False,False,False,
2023-01-21T23:00:00Z,7255.0,7255.0,False,False,False,
2023-01-22T00:00:00Z,7666.0,7666.0,False,False,False,
2023-01-22T01:00:00Z,7781.0,7781.0,False,False,False,
2023-01-22T02:00:00Z,7788.0,7788.0,False,False,False,
2023-01-22T03:00:00Z,7666.0,7666.0,False,False,False,
2023-01-22T04:00:00Z,7430.0,7430.0,False,False,False,
2023-01-22T05:00:00Z,7131.0,7131.0,False,False,False,
2023-01-22T06:00:00Z,6890.0,6890.0,False,False,False,
2023-01-22T07:00:00Z,6748.0,6748.0,False,False,False,
2023-01-22T08:00:00Z,6626.0,6626.0,False,False,False,
2023-01-22T09:00:00Z,6585.0,6585.0,False,False,False,
2023-01-22T10:00:00Z,6598.0,6598.0,False,False,False,
2023-01-22T11:00:00Z,6689.0,6689.0,False,False,False,
2023-01-22T12:00:00Z,6928.0,6928.0,False,False,False,
2023-01-22T13:00:00Z,7279.0,7279.0,False,False,False,
2023-01-22T14:00:00Z,7713.0,7713.0,False,False,False,
2023-01-22T15:00:00Z,7988.0,7988.0,False,False,False,
2023-01-22T16:00:00Z,8050.0,8050.0,False,False,False,
2023-01-22T17:00:00Z,7984.0,7984.0,False,False,False,
2023-01-22T18:00:00Z,7900.0,7900.0,False,False,False,
2023-01-22T19:00:00Z,7705.0,7705.0,False,False,False,
2023-01-22T20:00:00Z,7471.0,7471.0,False,False,False,
2023-01-22T21:00:00Z,7298.0,7298.0,False,False,False,
2023-01-22T22:00:00Z,7300.0,7300.0,False,False,False,
2023-01-22T23:00:00Z,7534.0,7534.0,False,False,False,
2023-01-23T00:00:00Z,7585.0,7585.0,False,False,False,
2023-01-23T01:00:00Z,7417.0,7417.0,False,False,False,
2023-01-23T02:00:00Z,7228.0,7228.0,False,False,False,
2023-01-23T03:00:00Z,6921.0,6921.0,False,False,False,
2023-01-23T04:00:00Z,6550.0,6550.0,False,False,False,
2023-01-23T05:00:00Z,6165.0,6165.0,False,False,False,
2023-01-23T06:00:00Z,5932.0,5932.0,False,False,False,
2023-01-23T07:00:00Z,5835.0,5835.0,False,False,False,
2023-01-23T08:00:00Z,5790.0,5790.0,False,False,False,
2023-01-23T09:00:00Z,5851.0,5851.0,False,False,False,
2023-01-23T10:00:00Z,6064.0,6064.0,False,False,False,
2023-01-23T11:00:00Z,6576.0,6576.0,False,False,False,
2023-01-23T12:00:00Z,7328.0,7328.0,False,False,False,
2023-01-23T13:00:00Z,7661.0,7661.0,False,False,False,
2023-01-23T14:00:00Z,7661.0,7661.0,False,False,False,
2023-01-23T15:00:00Z,7456.0,7456.0,False,False,False,
2023-01-23T16:00:00Z,7173.0,7173.0,False,False,False,
2023-01-23T17:00:00Z,6913.0,6913.0,False,False,False,
2023-01-23T18:00:00Z,6778.0,6778.0,False,False,False,
2023-01-23T19:00:00Z,6621.0,6621.0,False,False,False,
2023-01-23T20:00:00Z,6659.0,6659.0,False,False,False,
2023-01-23T21:00:00Z,6768.0,6768.0,False,False,False,
2023-01-23T22:00:00Z,7053.0,7053.0,False,False,False,
2023-01-23T23:00:00Z,7706.0,7706.0,False,False,False,
2023-01-24T00:00:00Z,8209.0,8209.0,False,False,False,
2023-01-24T01:00:00Z,8292.0,8292.0,False,False,False,
2023-01-24T02:00:00Z,8295.0,8295.0,False,False,False,
2023-01-24T03:00:00Z,8108.0,8108.0,False,False,False,
2023-01-24T04:00:00Z,7846.0,7846.0,False,False,False,
2023-01-24T05:00:00Z,7648.0,7648.0,False,False,False,
2023-01-24T06:00:00Z,7644.0,7644.0,False,False,False,
2023-01-24T07:00:00Z,7805.0,7805.0,False,False,False,
2023-01-24T08:00:00Z,8065.0,8065.0,False,False,False,
2023-01-24T09:00:00Z,8427.0,8427.0,False,False,False,
2023-01-24T10:00:00Z,8884.0,8884.0,False,False,False,
2023-01-24T11:00:00Z,9590.0,9590.0,False,False,False,
2023-01-24T12:00:00Z,10362.0,10362.0,False,False,False,
2023-01-24T13:00:00Z,10766.0,10766.0,False,False,False,
2023-01-24T14:00:00Z,10332.0,10332.0,False,False,False,
2023-01-24T15:00:00Z,9331.0,9331.0,False,False,False,
2023-01-24T16:00:00Z,8198.0,8198.0,False,False,False,
2023-01-24T17:00:00Z,7459.0,7459.0,False,False,False,
2023-01-24T18:00:00Z,6933.0,6933.0,False,False,False,
2023-01-24T19:00:00Z,6458.0,6458.0,False,False,False,
2023-01-24T20:00:00Z,6123.0,6123.0,False,False,False,
2023-01-24T21:00:00Z,6061.0,6061.0,False,False,False,
2023-01-24T22:00:00Z,6547.0,6547.0,False,False,False,
2023-01-24T23:00:00Z,7215.0,7215.0,False,False,False,
2023-01-25T00:00:00Z,7962.0,7962.0,False,False,False,
2023-01-25T01:00:00Z,8226.0,8226.0,False,False,False,
2023-01-25T02:00:00Z,8386.0,8386.0,False,False,False,
2023-01-25T03:00:00Z,8376.0,8376.0,False,False,False,
2023-01-25T04:00:00Z,8158.0,8158.0,False,False,False,
2023-01-25T05:00:00Z,7963.0,7963.0,False,False,False,
2023-01-25T06:00:00Z,7886.0,7886.0,False,False,False,
2023-01-25T07:00:00Z,7895.0,7895.0,False,False,False,
2023-01-25T08:00:00Z,7948.0,7948.0,False,False,False,
2023-01-25T09:00:00Z,7991.0,7991.0,False,False,False,
2023-01-25T10:00:00Z,8145.0,8145.0,False,False,False,
2023-01-25T11:00:00Z,8478.0,8478.0,False,False,False,
2023-01-25T12:00:00Z,8954.0,8954.0,False,False,False,
2023-01-25T13:00:00Z,8924.0,8924.0,False,False,False,
2023-01-25T14:00:00Z,8483.0,8483.0,False,False,False,
2023-01-25T15:00:00Z,8216.0,8216.0,False,False,False,
2023-01-25T16:00:00Z,7909.0,7909.0,False,False,False,
2023-01-25T17:00:00Z,7556.0,7556.0,False,False,False,
2023-01-25T18:00:00Z,7311.0,7311.0,False,False,False,
2023-01-25T19:00:00Z,7112.0,7112.0,False,False,False,
2023-01-25T20:00:00Z,6964.0,6964.0,False,False,False,
2023-01-25T21:00:00Z,6863.0,6863.0,False,False,False,
2023-01-25T22:00:00Z,6929.0,6929.0,False,False,False,
2023-01-25T23:00:00Z,7168.0,7168.0,False,False,False,
2023-01-26T00:00:00Z,7206.0,7206.0,False,False,False,
2023-01-26T01:00:00Z,7004.0,7004.0,False,False,False,
2023-01-26T02:00:00Z,6738.0,6738.0,False,False,False,
2023-01-26T03:00:00Z,6389.0,6389.0,False,False,False,
2023-01-26T04:00:00Z,5950.0,5950.0,False,False,False,
2023-01-26T05:00:00Z,5536.0,5536.0,False,False,False,
2023-01-26T06:00:00Z,5252.0,5252.0,False,False,False,
2023-01-26T07:00:00Z,5100.0,5100.0,False,False,False,
2023-01-26T08:00:00Z,5109.0,5109.0,False,False,False,
2023-01-26T09:00:00Z,5229.0,5229.0,False,False,False,
2023-01-26T10:00:00Z,5461.0,5461.0,False,False,False,
2023-01-26T11:00:00Z,5992.0,5992.0,False,False,False,
2023-01-26T12:00:00Z,6884.0,6884.0,False,False,False,
2023-01-26T13:00:00Z,7358.0,7358.0,False,False,False,
2023-01-26T14:00:00Z,7253.0,7253.0,False,False,False,
2023-01-26T15:00:00Z,6961.0,6961.0,False,False,False,
2023-01-26T16:00:00Z,6735.0,6735.0,False,False,False,
2023-01-26T17:00:00Z,6480.0,6480.0,False,False,False,
2023-01-26T18:00:00Z,6301.0,6301.0,False,False,False,
2023-01-26T19:00:00Z,6180.0,6180.0,False,False,False,
2023-01-26T20:00:00Z,6115.0,6115.0,False,False,False,
2023-01-26T21:00:00Z,6192.0,6192.0,False,False,False,
2023-01-26T22:00:00Z,6470.0,6470.0,False,False,False,
2023-01-26T23:00:00Z,7023.0,7023.0,False,False,False,
2023-01-27T00:00:00Z,7666.0,7666.0,False,False,False,
2023-01-27T01:00:00Z,7850.0,7850.0,False,False,False,
2023-01-27T02:00:00Z,7897.0,7897.0,False,False,False,
2023-01-27T03:00:00Z,7787.0,7787.0,False,False,False,
2023-01-27T04:00:00Z,7508.0,7508.0,False,False,False,
2023-01-27T05:00:00Z,7303.0,7303.0,False,False,False,
2023-01-27T06:00:00Z,7248.0,7248.0,False,False,False,
2023-01-27T07:00:00Z,7347.0,7347.0,False,False,False,
2023-01-27T08:00:00Z,7538.0,7538.0,False,False,False,
2023-01-27T09:00:00Z,7825.0,7825.0,False,False,False,
2023-01-27T10:00:00Z,8264.0,8264.0,False,False,False,
2023-01-27T11:00:00Z,9001.0,9001.0,False,False,False,
2023-01-27T12:00:00Z,9917.0,9917.0,False,False,False,
2023-01-27T13:00:00Z,10425.0,10425.0,False,False,False,
2023-01-27T14:00:00Z,9929.0,9929.0,False,False,False,
2023-01-27T15:00:00Z,8831.0,8831.0,False,False,False,
2023-01-27T16:00:00Z,7983.0,7983.0,False,False,False,
2023-01-27T17:00:00Z,7377.0,7377.0,False,False,False,
2023-01-27T18:00:00Z,6981.0,6981.0,False,False,False,
2023-01-27T19:00:00Z,6679.0,6679.0,False,False,False,
2023-01-27T20:00:00Z,6547.0,6547.0,False,False,False,
2023-01-27T21:00:00Z,6521.0,6521.0,False,False,False,
2023-01-27T22:00:00Z,6864.0,6864.0,False,False,False,
2023-01-27T23:00:00Z,7392.0,7392.0,False,False,False,
2023-01-28T00:00:00Z,8015.0,8015.0,False,False,False,
2023-01-28T01:00:00Z,8231.0,8231.0,False,False,False,
2023-01-28T02:00:00Z,8380.0,8380.0,False,False,False,
2023-01-28T03:00:00Z,8399.0,8399.0,False,False,False,
2023-01-28T04:00:00Z,8321.0,8321.0,False,False,False,
2023-01-28T05:00:00Z,8157.0,8157.0,False,False,False,
2023-01-28T06:00:00Z,8105.0,8105.0,False,False,False,
2023-01-28T07:00:00Z,8135.0,8135.0,False,False,False,
2023-01-28T08:00:00Z,8282.0,8282.0,False,False,False,
2023-01-28T09:00:00Z,8429.0,8429.0,False,False,False,
2023-01-28T10:00:00Z,8728.0,8728.0,False,False,False,
2023-01-28T11:00:00Z,9104.0,9104.0,False,False,False,
2023-01-28T12:00:00Z,9610.0,9610.0,False,False,False,
2023-01-28T13:00:00Z,9979.0,9979.0,False,False,False,
2023-01-28T14:00:00Z,9677.0,9677.0,False,False,False,
2023-01-28T15:00:00Z,8581.0,8581.0,False,False,False,
2023-01-28T16:00:00Z,7690.0,7690.0,False,False,False,
2023-01-28T17:00:00Z,6942.0,6942.0,False,False,False,
2023-01-28T18:00:00Z,6424.0,6424.0,False,False,False,
2023-01-28T19:00:00Z,6042.0,6042.0,False,False,False,
2023-01-28T20:00:00Z,5820.0,5820.0,False,False,False,
2023-01-28T21:00:00Z,5761.0,5761.0,False,False,False,
2023-01-28T22:00:00Z,5967.0,5967.0,False,False,False,
2023-01-28T23:00:00Z,6435.0,6435.0,False,False,False,
2023-01-29T00:00:00Z,6970.0,6970.0,False,False,False,
2023-01-29T01:00:00Z,7136.0,7136.0,False,False,False,
2023-01-29T02:00:00Z,7224.0,7224.0,False,False,False,
2023-01-29T03:00:00Z,7242.0,7242.0,False,False,False,
2023-01-29T04:00:00Z,7140.0,7140.0,False,False,False,
2023-01-29T05:00:00Z,7051.0,7051.0,False,False,False,
2023-01-29T06:00:00Z,7049.0,7049.0,False,False,False,
2023-01-29T07:00:00Z,7088.0,7088.0,False,False,False,
2023-01-29T08:00:00Z,7234.0,7234.0,False,False,False,
2023-01-29T09:00:00Z,7459.0,,True,False,True,same_hour_7d_median_outlier|same_hour_7d_median_outlier
2023-01-29T10:00:00Z,7756.0,,True,False,True,same_hour_7d_median_outlier|same_hour_7d_median_outlier
2023-01-29T11:00:00Z,8121.0,8121.0,False,False,False,
2023-01-29T12:00:00Z,8518.0,8518.0,False,False,False,
2023-01-29T13:00:00Z,8873.0,8873.0,False,False,False,
2023-01-29T14:00:00Z,8728.0,8728.0,False,False,False,
2023-01-29T15:00:00Z,7922.0,7922.0,False,False,False,
2023-01-29T16:00:00Z,7208.0,7208.0,False,False,False,
2023-01-29T17:00:00Z,6624.0,6624.0,False,False,False,
2023-01-29T18:00:00Z,6298.0,6298.0,False,False,False,
2023-01-29T19:00:00Z,6050.0,6050.0,False,False,False,
2023-01-29T20:00:00Z,6001.0,6001.0,False,False,False,
2023-01-29T21:00:00Z,6044.0,6044.0,False,False,False,
2023-01-29T22:00:00Z,6186.0,6186.0,False,False,False,
2023-01-29T23:00:00Z,6537.0,6537.0,False,False,False,
2023-01-30T00:00:00Z,6844.0,6844.0,False,False,False,
2023-01-30T01:00:00Z,6753.0,6753.0,False,False,False,
2023-01-30T02:00:00Z,6628.0,6628.0,False,False,False,
2023-01-30T03:00:00Z,6309.0,6309.0,False,False,False,
2023-01-30T04:00:00Z,5939.0,5939.0,False,False,False,
2023-01-30T05:00:00Z,5442.0,5442.0,False,False,False,
2023-01-30T06:00:00Z,5305.0,5305.0,False,False,False,
2023-01-30T07:00:00Z,5091.0,5091.0,False,False,False,
2023-01-30T08:00:00Z,5193.0,5193.0,False,False,False,
2023-01-30T09:00:00Z,5039.0,5039.0,False,False,False,
2023-01-30T10:00:00Z,5134.0,5134.0,False,False,False,
2023-01-30T11:00:00Z,5767.0,5767.0,False,False,False,
2023-01-30T12:00:00Z,6506.0,6506.0,False,False,False,
2023-01-30T13:00:00Z,6814.0,6814.0,False,False,False,
2023-01-30T14:00:00Z,6834.0,6834.0,False,False,False,
2023-01-30T15:00:00Z,6849.0,6849.0,False,False,False,
2023-01-30T16:00:00Z,6743.0,6743.0,False,False,False,
2023-01-30T17:00:00Z,6642.0,6642.0,False,False,False,
2023-01-30T18:00:00Z,6433.0,6433.0,False,False,False,
2023-01-30T19:00:00Z,6300.0,6300.0,False,False,False,
2023-01-30T20:00:00Z,6128.0,6128.0,False,False,False,
2023-01-30T21:00:00Z,5999.0,5999.0,False,False,False,
2023-01-30T22:00:00Z,6195.0,6195.0,False,False,False,
2023-01-30T23:00:00Z,6586.0,6586.0,False,False,False,
2023-01-31T00:00:00Z,6942.0,6942.0,False,False,False,
2023-01-31T01:00:00Z,6985.0,6985.0,False,False,False,
2023-01-31T02:00:00Z,6810.0,6810.0,False,False,False,
2023-01-31T03:00:00Z,6544.0,6544.0,False,False,False,
2023-01-31T04:00:00Z,6145.0,6145.0,False,False,False,
2023-01-31T05:00:00Z,5651.0,5651.0,False,False,False,
2023-01-31T06:00:00Z,5213.0,5213.0,False,False,False,
2023-01-31T07:00:00Z,5049.0,5049.0,False,False,False,
2023-01-31T08:00:00Z,5349.0,5349.0,False,False,False,
2023-01-31T09:00:00Z,5050.0,5050.0,False,False,False,
2023-01-31T10:00:00Z,5475.0,5475.0,False,False,False,
2023-01-31T11:00:00Z,5855.0,5855.0,False,False,False,
2023-01-31T12:00:00Z,6539.0,6539.0,False,False,False,
2023-01-31T13:00:00Z,6804.0,6804.0,False,False,False,
2023-01-31T14:00:00Z,6726.0,6726.0,False,False,False,
2023-01-31T15:00:00Z,6697.0,6697.0,False,False,False,
2023-01-31T16:00:00Z,6629.0,6629.0,False,False,False,
2023-01-31T17:00:00Z,6535.0,6535.0,False,False,False,
2023-01-31T18:00:00Z,6450.0,6450.0,False,False,False,
2023-01-31T19:00:00Z,6385.0,6385.0,False,False,False,
2023-01-31T20:00:00Z,6351.0,6351.0,False,False,False,
2023-01-31T21:00:00Z,6332.0,6332.0,False,False,False,
2023-01-31T22:00:00Z,6460.0,6460.0,False,False,False,
2023-01-31T23:00:00Z,6718.0,6718.0,False,False,False,
2023-02-01T00:00:00Z,7017.0,7017.0,False,False,False,
2023-02-01T01:00:00Z,6944.0,6944.0,False,False,False,
2023-02-01T02:00:00Z,6758.0,6758.0,False,False,False,
2023-02-01T03:00:00Z,6404.0,6404.0,False,False,False,
2023-02-01T04:00:00Z,5976.0,5976.0,False,False,False,
2023-02-01T05:00:00Z,5566.0,5566.0,False,False,False,
2023-02-01T06:00:00Z,5247.0,5247.0,False,False,False,
2023-02-01T07:00:00Z,5173.0,5173.0,False,False,False,
2023-02-01T08:00:00Z,5080.0,5080.0,False,False,False,
2023-02-01T09:00:00Z,5127.0,5127.0,False,False,False,
2023-02-01T10:00:00Z,5281.0,5281.0,False,False,False,
2023-02-01T11:00:00Z,5757.0,5757.0,False,False,False,
2023-02-01T12:00:00Z,6478.0,6478.0,False,False,False,
2023-02-01T13:00:00Z,6868.0,6868.0,False,False,False,
2023-02-01T14:00:00Z,7020.0,7020.0,False,False,False,
2023-02-01T15:00:00Z,7173.0,7173.0,False,False,False,
2023-02-01T16:00:00Z,7284.0,7284.0,False,False,False,
2023-02-01T17:00:00Z,7293.0,7293.0,False,False,False,
2023-02-01T18:00:00Z,7287.0,7287.0,False,False,False,
2023-02-01T19:00:00Z,7287.0,7287.0,False,False,False,
2023-02-01T20:00:00Z,7267.0,7267.0,False,False,False,
2023-02-01T21:00:00Z,7438.0,7438.0,False,False,False,
2023-02-01T22:00:00Z,7702.0,7702.0,False,False,False,
2023-02-01T23:00:00Z,8141.0,8141.0,False,False,False,
2023-02-02T00:00:00Z,8425.0,8425.0,False,False,False,
2023-02-02T01:00:00Z,8380.0,8380.0,False,False,False,
2023-02-02T02:00:00Z,8213.0,8213.0,False,False,False,
2023-02-02T03:00:00Z,7890.0,7890.0,False,False,False,
2023-02-02T04:00:00Z,7492.0,7492.0,False,False,False,
2023-02-02T05:00:00Z,7046.0,7046.0,False,False,False,
2023-02-02T06:00:00Z,6808.0,6808.0,False,False,False,
2023-02-02T07:00:00Z,6691.0,6691.0,False,False,False,
2023-02-02T08:00:00Z,6686.0,6686.0,False,False,False,
2023-02-02T09:00:00Z,6801.0,6801.0,False,False,False,
2023-02-02T10:00:00Z,7035.0,7035.0,False,False,False,
2023-02-02T11:00:00Z,7608.0,7608.0,False,False,False,
2023-02-02T12:00:00Z,8433.0,8433.0,False,False,False,
2023-02-02T13:00:00Z,8878.0,8878.0,False,False,False,
2023-02-02T14:00:00Z,8940.0,8940.0,False,False,False,
2023-02-02T15:00:00Z,9002.0,9002.0,False,False,False,
2023-02-02T16:00:00Z,9016.0,9016.0,False,False,False,
2023-02-02T17:00:00Z,8952.0,8952.0,False,False,False,
2023-02-02T18:00:00Z,8845.0,8845.0,False,False,False,
2023-02-02T19:00:00Z,8693.0,8693.0,False,False,False,
2023-02-02T20:00:00Z,8585.0,8585.0,False,False,False,
2023-02-02T21:00:00Z,8558.0,8558.0,False,False,False,
2023-02-02T22:00:00Z,8616.0,8616.0,False,False,False,
2023-02-02T23:00:00Z,8859.0,8859.0,False,False,False,
2023-02-03T00:00:00Z,9035.0,9035.0,False,False,False,
2023-02-03T01:00:00Z,8902.0,8902.0,False,False,False,
2023-02-03T02:00:00Z,8666.0,8666.0,False,False,False,
2023-02-03T03:00:00Z,8301.0,8301.0,False,False,False,
2023-02-03T04:00:00Z,7787.0,7787.0,False,False,False,
2023-02-03T05:00:00Z,7347.0,7347.0,False,False,False,
2023-02-03T06:00:00Z,6998.0,6998.0,False,False,False,
2023-02-03T07:00:00Z,6853.0,6853.0,False,False,False,
2023-02-03T08:00:00Z,6750.0,6750.0,False,False,False,
2023-02-03T09:00:00Z,6740.0,6740.0,False,False,False,
2023-02-03T10:00:00Z,6857.0,6857.0,False,False,False,
2023-02-03T11:00:00Z,7292.0,7292.0,False,False,False,
2023-02-03T12:00:00Z,7975.0,7975.0,False,False,False,
2023-02-03T13:00:00Z,8274.0,8274.0,False,False,False,
2023-02-03T14:00:00Z,8317.0,8317.0,False,False,False,
2023-02-03T15:00:00Z,8321.0,8321.0,False,False,False,
2023-02-03T16:00:00Z,8260.0,8260.0,False,False,False,
2023-02-03T17:00:00Z,7980.0,7980.0,False,False,False,
2023-02-03T18:00:00Z,7637.0,7637.0,False,False,False,
2023-02-03T19:00:00Z,7268.0,7268.0,False,False,False,
2023-02-03T20:00:00Z,6936.0,6936.0,False,False,False,
2023-02-03T21:00:00Z,6789.0,6789.0,False,False,False,
2023-02-03T22:00:00Z,7096.0,7096.0,False,False,False,
2023-02-03T23:00:00Z,7786.0,7786.0,False,False,False,
2023-02-04T00:00:00Z,8466.0,8466.0,False,False,False,
2023-02-04T01:00:00Z,8760.0,8760.0,False,False,False,
2023-02-04T02:00:00Z,8912.0,8912.0,False,False,False,
2023-02-04T03:00:00Z,8923.0,8923.0,False,False,False,
2023-02-04T04:00:00Z,8827.0,8827.0,False,False,False,
2023-02-04T05:00:00Z,8735.0,8735.0,False,False,False,
2023-02-04T06:00:00Z,8708.0,8708.0,False,False,False,
2023-02-04T07:00:00Z,8815.0,8815.0,False,False,False,
2023-02-04T08:00:00Z,8971.0,8971.0,False,False,False,
2023-02-04T09:00:00Z,9210.0,9210.0,False,False,False,
2023-02-04T10:00:00Z,9487.0,9487.0,False,False,False,
2023-02-04T11:00:00Z,9679.0,9679.0,False,False,False,
2023-02-04T12:00:00Z,10005.0,10005.0,False,False,False,
2023-02-04T13:00:00Z,10434.0,10434.0,False,False,False,
2023-02-04T14:00:00Z,10392.0,10392.0,False,False,False,
2023-02-04T15:00:00Z,10386.0,10386.0,False,False,False,
2023-02-04T16:00:00Z,9506.0,9506.0,False,False,False,
2023-02-04T17:00:00Z,8894.0,8894.0,False,False,False,
2023-02-04T18:00:00Z,8321.0,8321.0,False,False,False,
2023-02-04T19:00:00Z,7766.0,7766.0,False,False,False,
2023-02-04T20:00:00Z,7369.0,7369.0,False,False,False,
2023-02-04T21:00:00Z,7268.0,7268.0,False,False,False,
2023-02-04T22:00:00Z,7559.0,7559.0,False,False,False,
2023-02-04T23:00:00Z,8329.0,8329.0,False,False,False,
2023-02-05T00:00:00Z,9068.0,9068.0,False,False,False,
2023-02-05T01:00:00Z,9370.0,9370.0,False,False,False,
2023-02-05T02:00:00Z,9482.0,9482.0,False,False,False,
2023-02-05T03:00:00Z,9418.0,9418.0,False,False,False,
2023-02-05T04:00:00Z,9157.0,9157.0,False,False,False,
2023-02-05T05:00:00Z,8992.0,8992.0,False,False,False,
2023-02-05T06:00:00Z,8830.0,8830.0,False,False,False,
2023-02-05T07:00:00Z,8777.0,8777.0,False,False,False,
2023-02-05T08:00:00Z,8736.0,8736.0,False,False,False,
2023-02-05T09:00:00Z,8736.0,8736.0,False,False,False,
2023-02-05T10:00:00Z,8739.0,8739.0,False,False,False,
2023-02-05T11:00:00Z,8860.0,8860.0,False,False,False,
2023-02-05T12:00:00Z,9083.0,9083.0,False,False,False,
2023-02-05T13:00:00Z,9252.0,9252.0,False,False,False,
2023-02-05T14:00:00Z,9263.0,9263.0,False,False,False,
2023-02-05T15:00:00Z,8816.0,8816.0,False,False,False,
2023-02-05T16:00:00Z,8341.0,8341.0,False,False,False,
2023-02-05T17:00:00Z,7918.0,7918.0,False,False,False,
2023-02-05T18:00:00Z,7594.0,7594.0,False,False,False,
2023-02-05T19:00:00Z,7360.0,7360.0,False,False,False,
2023-02-05T20:00:00Z,7196.0,7196.0,False,False,False,
2023-02-05T21:00:00Z,7058.0,7058.0,False,False,False,
2023-02-05T22:00:00Z,7065.0,7065.0,False,False,False,
2023-02-05T23:00:00Z,7319.0,7319.0,False,False,False,
2023-02-06T00:00:00Z,7654.0,7654.0,False,False,False,
2023-02-06T01:00:00Z,7634.0,7634.0,False,False,False,
2023-02-06T02:00:00Z,7465.0,7465.0,False,False,False,
2023-02-06T03:00:00Z,7161.0,7161.0,False,False,False,
2023-02-06T04:00:00Z,6718.0,6718.0,False,False,False,
2023-02-06T05:00:00Z,6326.0,6326.0,False,False,False,
2023-02-06T06:00:00Z,6088.0,6088.0,False,False,False,
2023-02-06T07:00:00Z,6001.0,6001.0,False,False,False,
2023-02-06T08:00:00Z,5967.0,5967.0,False,False,False,
2023-02-06T09:00:00Z,6078.0,6078.0,False,False,False,
2023-02-06T10:00:00Z,6360.0,6360.0,False,False,False,
2023-02-06T11:00:00Z,6976.0,6976.0,False,False,False,
2023-02-06T12:00:00Z,7839.0,7839.0,False,False,False,
2023-02-06T13:00:00Z,8191.0,8191.0,False,False,False,
2023-02-06T14:00:00Z,7769.0,7769.0,False,False,False,
2023-02-06T15:00:00Z,7285.0,7285.0,False,False,False,
2023-02-06T16:00:00Z,6888.0,6888.0,False,False,False,
2023-02-06T17:00:00Z,6548.0,6548.0,False,False,False,
2023-02-06T18:00:00Z,6353.0,6353.0,False,False,False,
2023-02-06T19:00:00Z,6113.0,6113.0,False,False,False,
2023-02-06T20:00:00Z,5960.0,5960.0,False,False,False,
2023-02-06T21:00:00Z,5880.0,5880.0,False,False,False,
2023-02-06T22:00:00Z,6071.0,6071.0,False,False,False,
2023-02-06T23:00:00Z,6514.0,6514.0,False,False,False,
2023-02-07T00:00:00Z,7165.0,7165.0,False,False,False,
2023-02-07T01:00:00Z,7413.0,7413.0,False,False,False,
2023-02-07T02:00:00Z,7465.0,7465.0,False,False,False,
2023-02-07T03:00:00Z,7372.0,7372.0,False,False,False,
2023-02-07T04:00:00Z,7134.0,7134.0,False,False,False,
2023-02-07T05:00:00Z,6979.0,6979.0,False,False,False,
2023-02-07T06:00:00Z,6920.0,6920.0,False,False,False,
2023-02-07T07:00:00Z,7033.0,7033.0,False,False,False,
2023-02-07T08:00:00Z,7220.0,7220.0,False,False,False,
2023-02-07T09:00:00Z,7468.0,7468.0,False,False,False,
2023-02-07T10:00:00Z,7896.0,7896.0,False,False,False,
2023-02-07T11:00:00Z,8606.0,8606.0,False,False,False,
2023-02-07T12:00:00Z,9590.0,9590.0,False,False,False,
2023-02-07T13:00:00Z,9905.0,9905.0,False,False,False,
2023-02-07T14:00:00Z,9177.0,9177.0,False,False,False,
2023-02-07T15:00:00Z,8036.0,8036.0,False,False,False,
2023-02-07T16:00:00Z,7238.0,7238.0,False,False,False,
2023-02-07T17:00:00Z,6688.0,6688.0,False,False,False,
2023-02-07T18:00:00Z,6320.0,6320.0,False,False,False,
2023-02-07T19:00:00Z,6020.0,6020.0,False,False,False,
2023-02-07T20:00:00Z,5868.0,5868.0,False,False,False,
2023-02-07T21:00:00Z,5826.0,5826.0,False,False,False,
2023-02-07T22:00:00Z,6005.0,6005.0,False,False,False,
2023-02-07T23:00:00Z,6370.0,6370.0,False,False,False,
2023-02-08T00:00:00Z,6996.0,6996.0,False,False,False,
2023-02-08T01:00:00Z,7119.0,7119.0,False,False,False,
2023-02-08T02:00:00Z,7099.0,7099.0,False,False,False,
2023-02-08T03:00:00Z,6895.0,6895.0,False,False,False,
2023-02-08T04:00:00Z,6613.0,6613.0,False,False,False,
2023-02-08T05:00:00Z,6317.0,6317.0,False,False,False,
2023-02-08T06:00:00Z,6058.0,6058.0,False,False,False,
2023-02-08T07:00:00Z,6053.0,6053.0,False,False,False,
2023-02-08T08:00:00Z,6116.0,6116.0,False,False,False,
2023-02-08T09:00:00Z,6214.0,6214.0,False,False,False,
2023-02-08T10:00:00Z,6489.0,6489.0,False,False,False,
2023-02-08T11:00:00Z,7041.0,7041.0,False,False,False,
2023-02-08T12:00:00Z,7850.0,7850.0,False,False,False,
2023-02-08T13:00:00Z,8061.0,8061.0,False,False,False,
2023-02-08T14:00:00Z,7579.0,7579.0,False,False,False,
2023-02-08T15:00:00Z,6870.0,6870.0,False,False,False,
2023-02-08T16:00:00Z,6425.0,6425.0,False,False,False,
2023-02-08T17:00:00Z,6044.0,6044.0,False,False,False,
2023-02-08T18:00:00Z,5924.0,5924.0,False,False,False,
2023-02-08T19:00:00Z,5808.0,5808.0,False,False,False,
2023-02-08T20:00:00Z,5709.0,5709.0,False,False,False,
2023-02-08T21:00:00Z,5746.0,5746.0,False,False,False,
2023-02-08T22:00:00Z,5937.0,5937.0,False,False,False,
2023-02-08T23:00:00Z,6144.0,6144.0,False,False,False,
2023-02-09T00:00:00Z,6581.0,6581.0,False,False,False,
2023-02-09T01:00:00Z,6544.0,6544.0,False,False,False,
2023-02-09T02:00:00Z,6446.0,6446.0,False,False,False,
2023-02-09T03:00:00Z,6184.0,6184.0,False,False,False,
2023-02-09T04:00:00Z,5815.0,5815.0,False,False,False,
2023-02-09T05:00:00Z,5471.0,5471.0,False,False,False,
2023-02-09T06:00:00Z,5247.0,5247.0,False,False,False,
2023-02-09T07:00:00Z,5185.0,5185.0,False,False,False,
2023-02-09T08:00:00Z,5199.0,5199.0,False,False,False,
2023-02-09T09:00:00Z,5300.0,5300.0,False,False,False,
2023-02-09T10:00:00Z,5528.0,5528.0,False,False,False,
2023-02-09T11:00:00Z,6067.0,6067.0,False,False,False,
2023-02-09T12:00:00Z,6905.0,6905.0,False,False,False,
2023-02-09T13:00:00Z,7132.0,7132.0,False,False,False,
2023-02-09T14:00:00Z,6793.0,6793.0,False,False,False,
2023-02-09T15:00:00Z,6383.0,6383.0,False,False,False,
2023-02-09T16:00:00Z,6126.0,6126.0,False,False,False,
2023-02-09T17:00:00Z,5925.0,5925.0,False,False,False,
2023-02-09T18:00:00Z,5856.0,5856.0,False,False,False,
2023-02-09T19:00:00Z,5892.0,5892.0,False,False,False,
2023-02-09T20:00:00Z,5789.0,5789.0,False,False,False,
2023-02-09T21:00:00Z,5759.0,5759.0,False,False,False,
2023-02-09T22:00:00Z,5907.0,5907.0,False,False,False,
2023-02-09T23:00:00Z,6145.0,6145.0,False,False,False,
2023-02-10T00:00:00Z,6523.0,6523.0,False,False,False,
2023-02-10T01:00:00Z,6503.0,6503.0,False,False,False,
2023-02-10T02:00:00Z,6357.0,6357.0,False,False,False,
2023-02-10T03:00:00Z,6064.0,6064.0,False,False,False,
2023-02-10T04:00:00Z,5609.0,5609.0,False,False,False,
2023-02-10T05:00:00Z,5207.0,5207.0,False,False,False,
2023-02-10T06:00:00Z,4864.0,4864.0,False,False,False,
2023-02-10T07:00:00Z,4680.0,4680.0,False,False,False,
2023-02-10T08:00:00Z,4559.0,4559.0,False,False,False,
2023-02-10T09:00:00Z,4571.0,4571.0,False,False,False,
2023-02-10T10:00:00Z,4645.0,4645.0,False,False,False,
2023-02-10T11:00:00Z,5002.0,5002.0,False,False,False,
2023-02-10T12:00:00Z,5599.0,5599.0,False,False,False,
2023-02-10T13:00:00Z,5865.0,5865.0,False,False,False,
2023-02-10T14:00:00Z,5910.0,5910.0,False,False,False,
2023-02-10T15:00:00Z,5869.0,5869.0,False,False,False,
2023-02-10T16:00:00Z,5800.0,5800.0,False,False,False,
2023-02-10T17:00:00Z,5898.0,5898.0,False,False,False,
2023-02-10T18:00:00Z,5933.0,5933.0,False,False,False,
2023-02-10T19:00:00Z,5933.0,5933.0,False,False,False,
2023-02-10T20:00:00Z,5973.0,5973.0,False,False,False,
2023-02-10T21:00:00Z,5965.0,5965.0,False,False,False,
2023-02-10T22:00:00Z,5936.0,5936.0,False,False,False,
2023-02-10T23:00:00Z,6062.0,6062.0,False,False,False,
2023-02-11T00:00:00Z,6278.0,6278.0,False,False,False,
2023-02-11T01:00:00Z,6111.0,6111.0,False,False,False,
2023-02-11T02:00:00Z,5935.0,5935.0,False,False,False,
2023-02-11T03:00:00Z,5714.0,5714.0,False,False,False,
2023-02-11T04:00:00Z,5411.0,5411.0,False,False,False,
2023-02-11T05:00:00Z,4920.0,4920.0,False,False,False,
2023-02-11T06:00:00Z,4771.0,4771.0,False,False,False,
2023-02-11T07:00:00Z,4621.0,4621.0,False,False,False,
2023-02-11T08:00:00Z,4572.0,4572.0,False,False,False,
2023-02-11T09:00:00Z,4549.0,4549.0,False,False,False,
2023-02-11T10:00:00Z,4670.0,4670.0,False,False,False,
2023-02-11T11:00:00Z,4847.0,4847.0,False,False,False,
2023-02-11T12:00:00Z,5168.0,5168.0,False,False,False,
2023-02-11T13:00:00Z,5585.0,5585.0,False,False,False,
2023-02-11T14:00:00Z,6017.0,6017.0,False,False,False,
2023-02-11T15:00:00Z,6323.0,6323.0,False,False,False,
2023-02-11T16:00:00Z,6365.0,6365.0,False,False,False,
2023-02-11T17:00:00Z,6307.0,6307.0,False,False,False,
2023-02-11T18:00:00Z,6186.0,6186.0,False,False,False,
2023-02-11T19:00:00Z,6094.0,6094.0,False,False,False,
2023-02-11T20:00:00Z,6135.0,6135.0,False,False,False,
2023-02-11T21:00:00Z,6131.0,6131.0,False,False,False,
2023-02-11T22:00:00Z,6377.0,6377.0,False,False,False,
2023-02-11T23:00:00Z,6687.0,6687.0,False,False,False,
2023-02-12T00:00:00Z,6992.0,6992.0,False,False,False,
2023-02-12T01:00:00Z,6991.0,6991.0,False,False,False,
2023-02-12T02:00:00Z,6964.0,6964.0,False,False,False,
2023-02-12T03:00:00Z,6838.0,6838.0,False,False,False,
2023-02-12T04:00:00Z,6664.0,6664.0,False,False,False,
2023-02-12T05:00:00Z,6422.0,6422.0,False,False,False,
2023-02-12T06:00:00Z,6263.0,6263.0,False,False,False,
2023-02-12T07:00:00Z,6245.0,6245.0,False,False,False,
2023-02-12T08:00:00Z,6254.0,6254.0,False,False,False,
2023-02-12T09:00:00Z,6294.0,6294.0,False,False,False,
2023-02-12T10:00:00Z,6408.0,6408.0,False,False,False,
2023-02-12T11:00:00Z,6605.0,6605.0,False,False,False,
2023-02-12T12:00:00Z,6795.0,6795.0,False,False,False,
2023-02-12T13:00:00Z,7116.0,7116.0,False,False,False,
2023-02-12T14:00:00Z,7460.0,7460.0,False,False,False,
2023-02-12T15:00:00Z,7627.0,7627.0,False,False,False,
2023-02-12T16:00:00Z,7569.0,7569.0,False,False,False,
2023-02-12T17:00:00Z,7372.0,7372.0,False,False,False,
2023-02-12T18:00:00Z,7245.0,7245.0,False,False,False,
2023-02-12T19:00:00Z,7082.0,7082.0,False,False,False,
2023-02-12T20:00:00Z,6955.0,6955.0,False,False,False,
2023-02-12T21:00:00Z,6913.0,6913.0,False,False,False,
2023-02-12T22:00:00Z,7111.0,7111.0,False,False,False,
2023-02-12T23:00:00Z,7431.0,7431.0,False,False,False,
2023-02-13T00:00:00Z,7590.0,7590.0,False,False,False,
2023-02-13T01:00:00Z,7429.0,7429.0,False,False,False,
2023-02-13T02:00:00Z,7345.0,7345.0,False,False,False,
2023-02-13T03:00:00Z,7266.0,7266.0,False,False,False,
2023-02-13T04:00:00Z,6851.0,6851.0,False,False,False,
2023-02-13T05:00:00Z,6850.0,6850.0,False,False,False,
2023-02-13T06:00:00Z,6554.0,6554.0,False,False,False,
2023-02-13T07:00:00Z,6457.0,6457.0,False,False,False,
2023-02-13T08:00:00Z,6365.0,6365.0,False,False,False,
2023-02-13T09:00:00Z,6411.0,6411.0,False,False,False,
2023-02-13T10:00:00Z,6616.0,6616.0,False,False,False,
2023-02-13T11:00:00Z,7170.0,7170.0,False,False,False,
2023-02-13T12:00:00Z,7978.0,7978.0,False,False,False,
2023-02-13T13:00:00Z,8303.0,8303.0,False,False,False,
2023-02-13T14:00:00Z,7913.0,7913.0,False,False,False,
2023-02-13T15:00:00Z,7321.0,7321.0,False,False,False,
2023-02-13T16:00:00Z,6875.0,6875.0,False,False,False,
2023-02-13T17:00:00Z,6474.0,6474.0,False,False,False,
2023-02-13T18:00:00Z,6208.0,6208.0,False,False,False,
2023-02-13T19:00:00Z,5950.0,5950.0,False,False,False,
2023-02-13T20:00:00Z,5786.0,5786.0,False,False,False,
2023-02-13T21:00:00Z,5690.0,5690.0,False,False,False,
2023-02-13T22:00:00Z,5853.0,5853.0,False,False,False,
2023-02-13T23:00:00Z,6191.0,6191.0,False,False,False,
2023-02-14T00:00:00Z,6790.0,6790.0,False,False,False,
2023-02-14T01:00:00Z,6980.0,6980.0,False,False,False,
2023-02-14T02:00:00Z,6990.0,6990.0,False,False,False,
2023-02-14T03:00:00Z,6884.0,6884.0,False,False,False,
2023-02-14T04:00:00Z,6579.0,6579.0,False,False,False,
2023-02-14T05:00:00Z,6331.0,6331.0,False,False,False,
2023-02-14T06:00:00Z,6173.0,6173.0,False,False,False,
2023-02-14T07:00:00Z,6190.0,6190.0,False,False,False,
2023-02-14T08:00:00Z,6317.0,6317.0,False,False,False,
2023-02-14T09:00:00Z,6501.0,6501.0,False,False,False,
2023-02-14T10:00:00Z,6860.0,6860.0,False,False,False,
2023-02-14T11:00:00Z,7503.0,7503.0,False,False,False,
2023-02-14T12:00:00Z,8472.0,8472.0,False,False,False,
2023-02-14T13:00:00Z,8734.0,8734.0,False,False,False,
2023-02-14T14:00:00Z,8065.0,8065.0,False,False,False,
2023-02-14T15:00:00Z,7139.0,7139.0,False,False,False,
2023-02-14T16:00:00Z,6519.0,6519.0,False,False,False,
2023-02-14T17:00:00Z,6140.0,6140.0,False,False,False,
2023-02-14T18:00:00Z,5913.0,5913.0,False,False,False,
2023-02-14T19:00:00Z,5767.0,5767.0,False,False,False,
2023-02-14T20:00:00Z,5646.0,5646.0,False,False,False,
2023-02-14T21:00:00Z,5601.0,5601.0,False,False,False,
2023-02-14T22:00:00Z,5795.0,5795.0,False,False,False,
2023-02-14T23:00:00Z,6109.0,6109.0,False,False,False,
2023-02-15T00:00:00Z,6636.0,6636.0,False,False,False,
2023-02-15T01:00:00Z,6745.0,6745.0,False,False,False,
2023-02-15T02:00:00Z,6676.0,6676.0,False,False,False,
2023-02-15T03:00:00Z,6536.0,6536.0,False,False,False,
2023-02-15T04:00:00Z,6237.0,6237.0,False,False,False,
2023-02-15T05:00:00Z,5913.0,5913.0,False,False,False,
2023-02-15T06:00:00Z,5756.0,5756.0,False,False,False,
2023-02-15T07:00:00Z,5682.0,5682.0,False,False,False,
2023-02-15T08:00:00Z,5623.0,5623.0,False,False,False,
2023-02-15T09:00:00Z,5794.0,5794.0,False,False,False,
2023-02-15T10:00:00Z,5990.0,5990.0,False,False,False,
2023-02-15T11:00:00Z,6449.0,6449.0,False,False,False,
2023-02-15T12:00:00Z,7213.0,7213.0,False,False,False,
2023-02-15T13:00:00Z,7351.0,7351.0,False,False,False,
2023-02-15T14:00:00Z,6929.0,6929.0,False,False,False,
2023-02-15T15:00:00Z,6449.0,6449.0,False,False,False,
2023-02-15T16:00:00Z,6093.0,6093.0,False,False,False,
2023-02-15T17:00:00Z,5976.0,5976.0,False,False,False,
2023-02-15T18:00:00Z,5821.0,5821.0,False,False,False,
2023-02-15T19:00:00Z,5789.0,5789.0,False,False,False,
2023-02-15T20:00:00Z,5791.0,5791.0,False,False,False,
2023-02-15T21:00:00Z,5786.0,5786.0,False,False,False,
2023-02-15T22:00:00Z,5907.0,5907.0,False,False,False,
2023-02-15T23:00:00Z,6132.0,6132.0,False,False,False,
2023-02-16T00:00:00Z,6558.0,6558.0,False,False,False,
2023-02-16T01:00:00Z,6540.0,6540.0,False,False,False,
2023-02-16T02:00:00Z,6336.0,6336.0,False,False,False,
2023-02-16T03:00:00Z,6027.0,6027.0,False,False,False,
2023-02-16T04:00:00Z,5607.0,5607.0,False,False,False,
2023-02-16T05:00:00Z,5259.0,5259.0,False,False,False,
2023-02-16T06:00:00Z,4854.0,4854.0,False,False,False,
2023-02-16T07:00:00Z,4690.0,4690.0,False,False,False,
2023-02-16T08:00:00Z,4608.0,4608.0,False,False,False,
2023-02-16T09:00:00Z,4656.0,4656.0,False,False,False,
2023-02-16T10:00:00Z,4812.0,4812.0,False,False,False,
2023-02-16T11:00:00Z,5203.0,5203.0,False,False,False,
2023-02-16T12:00:00Z,5930.0,5930.0,False,False,False,
2023-02-16T13:00:00Z,6095.0,6095.0,False,False,False,
2023-02-16T14:00:00Z,6029.0,6029.0,False,False,False,
2023-02-16T15:00:00Z,5911.0,5911.0,False,False,False,
2023-02-16T16:00:00Z,5789.0,5789.0,False,False,False,
2023-02-16T17:00:00Z,5880.0,5880.0,False,False,False,
2023-02-16T18:00:00Z,5940.0,5940.0,False,False,False,
2023-02-16T19:00:00Z,5947.0,5947.0,False,False,False,
2023-02-16T20:00:00Z,5955.0,5955.0,False,False,False,
2023-02-16T21:00:00Z,5977.0,5977.0,False,False,False,
2023-02-16T22:00:00Z,6073.0,6073.0,False,False,False,
2023-02-16T23:00:00Z,6262.0,6262.0,False,False,False,
2023-02-17T00:00:00Z,6569.0,6569.0,False,False,False,
2023-02-17T01:00:00Z,6535.0,6535.0,False,False,False,
2023-02-17T02:00:00Z,6363.0,6363.0,False,False,False,
2023-02-17T03:00:00Z,6041.0,6041.0,False,False,False,
2023-02-17T04:00:00Z,5562.0,5562.0,False,False,False,
2023-02-17T05:00:00Z,5107.0,5107.0,False,False,False,
2023-02-17T06:00:00Z,4841.0,4841.0,False,False,False,
2023-02-17T07:00:00Z,4637.0,4637.0,False,False,False,
2023-02-17T08:00:00Z,4478.0,4478.0,False,False,False,
2023-02-17T09:00:00Z,4480.0,4480.0,False,False,False,
2023-02-17T10:00:00Z,4547.0,4547.0,False,False,False,
2023-02-17T11:00:00Z,4883.0,4883.0,False,False,False,
2023-02-17T12:00:00Z,5493.0,5493.0,False,False,False,
2023-02-17T13:00:00Z,5788.0,5788.0,False,False,False,
2023-02-17T14:00:00Z,5856.0,5856.0,False,False,False,
2023-02-17T15:00:00Z,6001.0,6001.0,False,False,False,
2023-02-17T16:00:00Z,6088.0,6088.0,False,False,False,
2023-02-17T17:00:00Z,6163.0,6163.0,False,False,False,
2023-02-17T18:00:00Z,6069.0,6069.0,False,False,False,
2023-02-17T19:00:00Z,6074.0,6074.0,False,False,False,
2023-02-17T20:00:00Z,6005.0,6005.0,False,False,False,
2023-02-17T21:00:00Z,5984.0,5984.0,False,False,False,
2023-02-17T22:00:00Z,5954.0,5954.0,False,False,False,
2023-02-17T23:00:00Z,6068.0,6068.0,False,False,False,
2023-02-18T00:00:00Z,6245.0,6245.0,False,False,False,
2023-02-18T01:00:00Z,6248.0,6248.0,False,False,False,
2023-02-18T02:00:00Z,6251.0,6251.0,False,False,False,
2023-02-18T03:00:00Z,6147.0,6147.0,False,False,False,
2023-02-18T04:00:00Z,6029.0,6029.0,False,False,False,
2023-02-18T05:00:00Z,5918.0,5918.0,False,False,False,
2023-02-18T06:00:00Z,5848.0,5848.0,False,False,False,
2023-02-18T07:00:00Z,5905.0,5905.0,False,False,False,
2023-02-18T08:00:00Z,6090.0,6090.0,False,False,False,
2023-02-18T09:00:00Z,6289.0,6289.0,False,False,False,
2023-02-18T10:00:00Z,6577.0,6577.0,False,False,False,
2023-02-18T11:00:00Z,7033.0,7033.0,False,False,False,
2023-02-18T12:00:00Z,7653.0,7653.0,False,False,False,
2023-02-18T13:00:00Z,8116.0,8116.0,False,False,False,
2023-02-18T14:00:00Z,8147.0,8147.0,False,False,False,
2023-02-18T15:00:00Z,7792.0,7792.0,False,False,False,
2023-02-18T16:00:00Z,7399.0,7399.0,False,False,False,
2023-02-18T17:00:00Z,6952.0,6952.0,False,False,False,
2023-02-18T18:00:00Z,6443.0,6443.0,False,False,False,
2023-02-18T19:00:00Z,6071.0,6071.0,False,False,False,
2023-02-18T20:00:00Z,5792.0,5792.0,False,False,False,
2023-02-18T21:00:00Z,5651.0,5651.0,False,False,False,
2023-02-18T22:00:00Z,5781.0,5781.0,False,False,False,
2023-02-18T23:00:00Z,6222.0,6222.0,False,False,False,
2023-02-19T00:00:00Z,6970.0,6970.0,False,False,False,
2023-02-19T01:00:00Z,7317.0,7317.0,False,False,False,
2023-02-19T02:00:00Z,7494.0,7494.0,False,False,False,
2023-02-19T03:00:00Z,7576.0,7576.0,False,False,False,
2023-02-19T04:00:00Z,7608.0,7608.0,False,False,False,
2023-02-19T05:00:00Z,7568.0,,True,False,True,same_hour_7d_median_outlier|same_hour_7d_median_outlier
2023-02-19T06:00:00Z,7543.0,,True,False,True,same_hour_7d_median_outlier|same_hour_7d_median_outlier
2023-02-19T07:00:00Z,7616.0,,True,False,True,same_hour_7d_median_outlier|same_hour_7d_median_outlier
2023-02-19T08:00:00Z,7733.0,,True,False,True,same_hour_7d_median_outlier|same_hour_7d_median_outlier
2023-02-19T09:00:00Z,7763.0,,True,False,True,same_hour_7d_median_outlier|same_hour_7d_median_outlier
2023-02-19T10:00:00Z,7752.0,,True,False,True,same_hour_7d_median_outlier|same_hour_7d_median_outlier
2023-02-19T11:00:00Z,7776.0,,True,False,True,same_hour_7d_median_outlier|same_hour_7d_median_outlier
2023-02-19T12:00:00Z,7920.0,7920.0,False,False,False,
2023-02-19T13:00:00Z,8071.0,8071.0,False,False,False,
2023-02-19T14:00:00Z,8038.0,8038.0,False,False,False,
2023-02-19T15:00:00Z,7522.0,7522.0,False,False,False,
2023-02-19T16:00:00Z,6864.0,6864.0,False,False,False,
2023-02-19T17:00:00Z,6384.0,6384.0,False,False,False,
2023-02-19T18:00:00Z,6171.0,6171.0,False,False,False,
2023-02-19T19:00:00Z,6023.0,6023.0,False,False,False,
2023-02-19T20:00:00Z,5838.0,5838.0,False,False,False,
2023-02-19T21:00:00Z,5813.0,5813.0,False,False,False,
2023-02-19T22:00:00Z,5856.0,5856.0,False,False,False,
2023-02-19T23:00:00Z,6107.0,6107.0,False,False,False,
2023-02-20T00:00:00Z,6504.0,6504.0,False,False,False,
2023-02-20T01:00:00Z,6622.0,6622.0,False,False,False,
2023-02-20T02:00:00Z,6506.0,6506.0,False,False,False,
2023-02-20T03:00:00Z,6274.0,6274.0,False,False,False,
2023-02-20T04:00:00Z,6048.0,6048.0,False,False,False,
2023-02-20T05:00:00Z,5719.0,5719.0,False,False,False,
2023-02-20T06:00:00Z,5529.0,5529.0,False,False,False,
2023-02-20T07:00:00Z,5444.0,5444.0,False,False,False,
2023-02-20T08:00:00Z,5422.0,5422.0,False,False,False,
2023-02-20T09:00:00Z,5429.0,5429.0,False,False,False,
2023-02-20T10:00:00Z,5566.0,5566.0,False,False,False,
2023-02-20T11:00:00Z,5978.0,5978.0,False,False,False,
2023-02-20T12:00:00Z,6549.0,6549.0,False,False,False,
2023-02-20T13:00:00Z,6854.0,6854.0,False,False,False,
2023-02-20T14:00:00Z,6789.0,6789.0,False,False,False,
2023-02-20T15:00:00Z,6563.0,6563.0,False,False,False,
2023-02-20T16:00:00Z,6366.0,6366.0,False,False,False,
2023-02-20T17:00:00Z,6149.0,6149.0,False,False,False,
2023-02-20T18:00:00Z,6109.0,6109.0,False,False,False,
2023-02-20T19:00:00Z,6060.0,6060.0,False,False,False,
2023-02-20T20:00:00Z,5972.0,5972.0,False,False,False,
2023-02-20T21:00:00Z,6026.0,6026.0,False,False,False,
2023-02-20T22:00:00Z,6140.0,6140.0,False,False,False,
2023-02-20T23:00:00Z,6392.0,6392.0,False,False,False,
2023-02-21T00:00:00Z,6768.0,6768.0,False,False,False,
2023-02-21T01:00:00Z,6739.0,6739.0,False,False,False,
2023-02-21T02:00:00Z,6563.0,6563.0,False,False,False,
2023-02-21T03:00:00Z,6182.0,6182.0,False,False,False,
2023-02-21T04:00:00Z,5758.0,5758.0,False,False,False,
2023-02-21T05:00:00Z,5319.0,5319.0,False,False,False,
2023-02-21T06:00:00Z,5064.0,5064.0,False,False,False,
2023-02-21T07:00:00Z,4943.0,4943.0,False,False,False,
2023-02-21T08:00:00Z,4826.0,4826.0,False,False,False,
2023-02-21T09:00:00Z,4808.0,4808.0,False,False,False,
2023-02-21T10:00:00Z,4950.0,4950.0,False,False,False,
2023-02-21T11:00:00Z,5380.0,5380.0,False,False,False,
2023-02-21T12:00:00Z,6065.0,6065.0,False,False,False,
2023-02-21T13:00:00Z,6233.0,6233.0,False,False,False,
2023-02-21T14:00:00Z,6049.0,6049.0,False,False,False,
2023-02-21T15:00:00Z,5886.0,5886.0,False,False,False,
2023-02-21T16:00:00Z,5751.0,5751.0,False,False,False,
2023-02-21T17:00:00Z,5698.0,5698.0,False,False,False,
2023-02-21T18:00:00Z,5714.0,5714.0,False,False,False,
2023-02-21T19:00:00Z,5719.0,5719.0,False,False,False,
2023-02-21T20:00:00Z,5678.0,5678.0,False,False,False,
2023-02-21T21:00:00Z,5769.0,5769.0,False,False,False,
2023-02-21T22:00:00Z,5897.0,5897.0,False,False,False,
2023-02-21T23:00:00Z,6083.0,6083.0,False,False,False,
2023-02-22T00:00:00Z,6487.0,6487.0,False,False,False,
2023-02-22T01:00:00Z,6514.0,6514.0,False,False,False,
2023-02-22T02:00:00Z,6285.0,6285.0,False,False,False,
2023-02-22T03:00:00Z,5950.0,5950.0,False,False,False,
2023-02-22T04:00:00Z,5543.0,5543.0,False,False,False,
2023-02-22T05:00:00Z,5111.0,5111.0,False,False,False,
2023-02-22T06:00:00Z,4835.0,4835.0,False,False,False,
2023-02-22T07:00:00Z,4735.0,4735.0,False,False,False,
2023-02-22T08:00:00Z,4695.0,4695.0,False,False,False,
2023-02-22T09:00:00Z,4786.0,4786.0,False,False,False,
2023-02-22T10:00:00Z,4935.0,4935.0,False,False,False,
2023-02-22T11:00:00Z,5383.0,5383.0,False,False,False,
2023-02-22T12:00:00Z,6106.0,6106.0,False,False,False,
2023-02-22T13:00:00Z,6298.0,6298.0,False,False,False,
2023-02-22T14:00:00Z,6048.0,6048.0,False,False,False,
2023-02-22T15:00:00Z,5898.0,5898.0,False,False,False,
2023-02-22T16:00:00Z,5830.0,5830.0,False,False,False,
2023-02-22T17:00:00Z,5882.0,5882.0,False,False,False,
2023-02-22T18:00:00Z,5987.0,5987.0,False,False,False,
2023-02-22T19:00:00Z,6061.0,6061.0,False,False,False,
2023-02-22T20:00:00Z,6169.0,6169.0,False,False,False,
2023-02-22T21:00:00Z,6299.0,6299.0,False,False,False,
2023-02-22T22:00:00Z,6442.0,6442.0,False,False,False,
2023-02-22T23:00:00Z,6560.0,6560.0,False,False,False,
2023-02-23T00:00:00Z,6813.0,6813.0,False,False,False,
2023-02-23T01:00:00Z,6785.0,6785.0,False,False,False,
2023-02-23T02:00:00Z,6514.0,6514.0,False,False,False,
2023-02-23T03:00:00Z,6205.0,6205.0,False,False,False,
2023-02-23T04:00:00Z,5769.0,5769.0,False,False,False,
2023-02-23T05:00:00Z,5261.0,5261.0,False,False,False,
2023-02-23T06:00:00Z,4915.0,4915.0,False,False,False,
2023-02-23T07:00:00Z,4718.0,4718.0,False,False,False,
2023-02-23T08:00:00Z,4545.0,4545.0,False,False,False,
2023-02-23T09:00:00Z,4401.0,4401.0,False,False,False,
2023-02-23T10:00:00Z,4481.0,4481.0,False,False,False,
2023-02-23T11:00:00Z,4919.0,4919.0,False,False,False,
2023-02-23T12:00:00Z,5555.0,5555.0,False,False,False,
2023-02-23T13:00:00Z,5750.0,5750.0,False,False,False,
2023-02-23T14:00:00Z,5791.0,5791.0,False,False,False,
2023-02-23T15:00:00Z,5904.0,5904.0,False,False,False,
2023-02-23T16:00:00Z,6086.0,6086.0,False,False,False,
2023-02-23T17:00:00Z,6366.0,6366.0,False,False,False,
2023-02-23T18:00:00Z,6611.0,6611.0,False,False,False,
2023-02-23T19:00:00Z,6840.0,6840.0,False,False,False,
2023-02-23T20:00:00Z,6990.0,6990.0,False,False,False,
2023-02-23T21:00:00Z,7073.0,7073.0,False,False,False,
2023-02-23T22:00:00Z,7188.0,7188.0,False,False,False,
2023-02-23T23:00:00Z,7200.0,7200.0,False,False,False,
2023-02-24T00:00:00Z,7357.0,7357.0,False,False,False,
2023-02-24T01:00:00Z,7282.0,7282.0,False,False,False,
2023-02-24T02:00:00Z,6997.0,6997.0,False,False,False,
2023-02-24T03:00:00Z,6362.0,6362.0,False,False,False,
2023-02-24T04:00:00Z,5918.0,5918.0,False,False,False,
2023-02-24T05:00:00Z,5392.0,5392.0,False,False,False,
2023-02-24T06:00:00Z,4998.0,4998.0,False,False,False,
2023-02-24T07:00:00Z,4743.0,4743.0,False,False,False,
2023-02-24T08:00:00Z,4639.0,4639.0,False,False,False,
2023-02-24T09:00:00Z,4592.0,4592.0,False,False,False,
2023-02-24T10:00:00Z,4683.0,4683.0,False,False,False,
2023-02-24T11:00:00Z,4978.0,4978.0,False,False,False,
2023-02-24T12:00:00Z,5487.0,5487.0,False,False,False,
2023-02-24T13:00:00Z,5713.0,5713.0,False,False,False,
2023-02-24T14:00:00Z,5824.0,5824.0,False,False,False,
2023-02-24T15:00:00Z,5977.0,5977.0,False,False,False,
2023-02-24T16:00:00Z,6144.0,6144.0,False,False,False,
2023-02-24T17:00:00Z,6208.0,6208.0,False,False,False,
2023-02-24T18:00:00Z,6248.0,6248.0,False,False,False,
2023-02-24T19:00:00Z,6317.0,6317.0,False,False,False,
2023-02-24T20:00:00Z,6331.0,6331.0,False,False,False,
2023-02-24T21:00:00Z,6304.0,6304.0,False,False,False,
2023-02-24T22:00:00Z,6196.0,6196.0,False,False,False,
2023-02-24T23:00:00Z,6108.0,6108.0,False,False,False,
2023-02-25T00:00:00Z,6245.0,6245.0,False,False,False,
2023-02-25T01:00:00Z,6126.0,6126.0,False,False,False,
2023-02-25T02:00:00Z,5903.0,5903.0,False,False,False,
2023-02-25T03:00:00Z,5629.0,5629.0,False,False,False,
2023-02-25T04:00:00Z,5334.0,5334.0,False,False,False,
2023-02-25T05:00:00Z,4982.0,4982.0,False,False,False,
2023-02-25T06:00:00Z,4677.0,4677.0,False,False,False,
2023-02-25T07:00:00Z,4546.0,4546.0,False,False,False,
2023-02-25T08:00:00Z,4469.0,4469.0,False,False,False,
2023-02-25T09:00:00Z,4455.0,4455.0,False,False,False,
2023-02-25T10:00:00Z,4521.0,4521.0,False,False,False,
2023-02-25T11:00:00Z,4687.0,4687.0,False,False,False,
2023-02-25T12:00:00Z,4998.0,4998.0,False,False,False,
2023-02-25T13:00:00Z,5386.0,5386.0,False,False,False,
2023-02-25T14:00:00Z,5868.0,5868.0,False,False,False,
2023-02-25T15:00:00Z,6235.0,6235.0,False,False,False,
2023-02-25T16:00:00Z,6353.0,6353.0,False,False,False,
2023-02-25T17:00:00Z,6415.0,6415.0,False,False,False,
2023-02-25T18:00:00Z,6346.0,6346.0,False,False,False,
2023-02-25T19:00:00Z,6316.0,6316.0,False,False,False,
2023-02-25T20:00:00Z,6279.0,6279.0,False,False,False,
2023-02-25T21:00:00Z,6298.0,6298.0,False,False,False,
2023-02-25T22:00:00Z,6420.0,6420.0,False,False,False,
2023-02-25T23:00:00Z,6552.0,6552.0,False,False,False,
2023-02-26T00:00:00Z,6786.0,6786.0,False,False,False,
2023-02-26T01:00:00Z,6687.0,6687.0,False,False,False,
2023-02-26T02:00:00Z,6558.0,6558.0,False,False,False,
2023-02-26T03:00:00Z,6354.0,6354.0,False,False,False,
2023-02-26T04:00:00Z,6076.0,6076.0,False,False,False,
2023-02-26T05:00:00Z,5609.0,5609.0,False,False,False,
2023-02-26T06:00:00Z,5501.0,5501.0,False,False,False,
2023-02-26T07:00:00Z,5343.0,5343.0,False,False,False,
2023-02-26T08:00:00Z,5229.0,5229.0,False,False,False,
2023-02-26T09:00:00Z,5219.0,5219.0,False,False,False,
2023-02-26T10:00:00Z,5250.0,5250.0,False,False,False,
2023-02-26T11:00:00Z,5393.0,5393.0,False,False,False,
2023-02-26T12:00:00Z,5660.0,5660.0,False,False,False,
2023-02-26T13:00:00Z,5915.0,5915.0,False,False,False,
2023-02-26T14:00:00Z,6243.0,6243.0,False,False,False,
2023-02-26T15:00:00Z,6420.0,6420.0,False,False,False,
2023-02-26T16:00:00Z,6337.0,6337.0,False,False,False,
2023-02-26T17:00:00Z,6221.0,6221.0,False,False,False,
2023-02-26T18:00:00Z,6063.0,6063.0,False,False,False,
2023-02-26T19:00:00Z,6023.0,6023.0,False,False,False,
2023-02-26T20:00:00Z,5859.0,5859.0,False,False,False,
2023-02-26T21:00:00Z,5781.0,5781.0,False,False,False,
2023-02-26T22:00:00Z,5883.0,5883.0,False,False,False,
2023-02-26T23:00:00Z,6184.0,6184.0,False,False,False,
2023-02-27T00:00:00Z,6647.0,6647.0,False,False,False,
2023-02-27T01:00:00Z,6739.0,6739.0,False,False,False,
2023-02-27T02:00:00Z,6585.0,6585.0,False,False,False,
2023-02-27T03:00:00Z,6319.0,6319.0,False,False,False,
2023-02-27T04:00:00Z,5891.0,5891.0,False,False,False,
2023-02-27T05:00:00Z,5552.0,5552.0,False,False,False,
2023-02-27T06:00:00Z,5281.0,5281.0,False,False,False,
2023-02-27T07:00:00Z,5150.0,5150.0,False,False,False,
2023-02-27T08:00:00Z,5134.0,5134.0,False,False,False,
2023-02-27T09:00:00Z,5140.0,5140.0,False,False,False,
2023-02-27T10:00:00Z,5316.0,5316.0,False,False,False,
2023-02-27T11:00:00Z,5785.0,5785.0,False,False,False,
2023-02-27T12:00:00Z,6494.0,6494.0,False,False,False,
2023-02-27T13:00:00Z,6739.0,6739.0,False,False,False,
2023-02-27T14:00:00Z,6649.0,6649.0,False,False,False,
2023-02-27T15:00:00Z,6362.0,6362.0,False,False,False,
2023-02-27T16:00:00Z,6061.0,6061.0,False,False,False,
2023-02-27T17:00:00Z,5953.0,5953.0,False,False,False,
2023-02-27T18:00:00Z,5868.0,5868.0,False,False,False,
2023-02-27T19:00:00Z,5792.0,5792.0,False,False,False,
2023-02-27T20:00:00Z,5742.0,5742.0,False,False,False,
2023-02-27T21:00:00Z,5741.0,5741.0,False,False,False,
2023-02-27T22:00:00Z,5913.0,5913.0,False,False,False,
2023-02-27T23:00:00Z,6159.0,6159.0,False,False,False,
2023-02-28T00:00:00Z,6562.0,6562.0,False,False,False,
2023-02-28T01:00:00Z,6595.0,6595.0,False,False,False,
2023-02-28T02:00:00Z,6385.0,6385.0,False,False,False,
2023-02-28T03:00:00Z,6031.0,6031.0,False,False,False,
2023-02-28T04:00:00Z,5577.0,5577.0,False,False,False,
2023-02-28T05:00:00Z,5117.0,5117.0,False,False,False,
2023-02-28T06:00:00Z,4823.0,4823.0,False,False,False,
2023-02-28T07:00:00Z,4606.0,4606.0,False,False,False,
2023-02-28T08:00:00Z,4491.0,4491.0,False,False,False,
2023-02-28T09:00:00Z,4476.0,4476.0,False,False,False,
2023-02-28T10:00:00Z,4570.0,4570.0,False,False,False,
2023-02-28T11:00:00Z,4954.0,4954.0,False,False,False,
2023-02-28T12:00:00Z,5544.0,5544.0,False,False,False,
2023-02-28T13:00:00Z,5755.0,5755.0,False,False,False,
2023-02-28T14:00:00Z,5686.0,5686.0,False,False,False,
2023-02-28T15:00:00Z,5702.0,5702.0,False,False,False,
2023-02-28T16:00:00Z,5803.0,5803.0,False,False,False,
2023-02-28T17:00:00Z,5835.0,5835.0,False,False,False,
2023-02-28T18:00:00Z,5940.0,5940.0,False,False,False,
2023-02-28T19:00:00Z,6091.0,6091.0,False,False,False,
2023-02-28T20:00:00Z,6152.0,6152.0,False,False,False,
2023-02-28T21:00:00Z,6270.0,6270.0,False,False,False,
2023-02-28T22:00:00Z,6424.0,6424.0,False,False,False,
2023-02-28T23:00:00Z,6494.0,6494.0,False,False,False,
2023-03-01T00:00:00Z,6656.0,6656.0,False,False,False,
2023-03-01T01:00:00Z,6627.0,6627.0,False,False,False,
2023-03-01T02:00:00Z,6340.0,6340.0,False,False,False,
2023-03-01T03:00:00Z,5964.0,5964.0,False,False,False,
2023-03-01T04:00:00Z,5474.0,5474.0,False,False,False,
2023-03-01T05:00:00Z,5018.0,5018.0,False,False,False,
2023-03-01T06:00:00Z,4729.0,4729.0,False,False,False,
2023-03-01T07:00:00Z,4589.0,4589.0,False,False,False,
2023-03-01T08:00:00Z,4527.0,4527.0,False,False,False,
2023-03-01T09:00:00Z,4550.0,4550.0,False,False,False,
2023-03-01T10:00:00Z,4727.0,4727.0,False,False,False,
2023-03-01T11:00:00Z,5144.0,5144.0,False,False,False,
2023-03-01T12:00:00Z,5924.0,5924.0,False,False,False,
2023-03-01T13:00:00Z,6164.0,6164.0,False,False,False,
2023-03-01T14:00:00Z,6041.0,6041.0,False,False,False,
2023-03-01T15:00:00Z,5880.0,5880.0,False,False,False,
2023-03-01T16:00:00Z,5785.0,5785.0,False,False,False,
2023-03-01T17:00:00Z,5726.0,5726.0,False,False,False,
2023-03-01T18:00:00Z,5756.0,5756.0,False,False,False,
2023-03-01T19:00:00Z,5844.0,5844.0,False,False,False,
2023-03-01T20:00:00Z,5957.0,5957.0,False,False,False,
2023-03-01T21:00:00Z,6105.0,6105.0,False,False,False,
2023-03-01T22:00:00Z,6193.0,6193.0,False,False,False,
2023-03-01T23:00:00Z,6307.0,6307.0,False,False,False,
2023-03-02T00:00:00Z,6663.0,6663.0,False,False,False,
2023-03-02T01:00:00Z,6639.0,6639.0,False,False,False,
2023-03-02T02:00:00Z,6438.0,6438.0,False,False,False,
2023-03-02T03:00:00Z,6060.0,6060.0,False,False,False,
2023-03-02T04:00:00Z,5630.0,5630.0,False,False,False,
2023-03-02T05:00:00Z,5148.0,5148.0,False,False,False,
2023-03-02T06:00:00Z,4847.0,4847.0,False,False,False,
2023-03-02T07:00:00Z,4658.0,4658.0,False,False,False,
2023-03-02T08:00:00Z,4546.0,4546.0,False,False,False,
2023-03-02T09:00:00Z,4503.0,4503.0,False,False,False,
2023-03-02T10:00:00Z,4635.0,4635.0,False,False,False,
2023-03-02T11:00:00Z,4979.0,4979.0,False,False,False,
2023-03-02T12:00:00Z,5569.0,5569.0,False,False,False,
2023-03-02T13:00:00Z,5832.0,5832.0,False,False,False,
2023-03-02T14:00:00Z,5893.0,5893.0,False,False,False,
2023-03-02T15:00:00Z,5913.0,5913.0,False,False,False,
2023-03-02T16:00:00Z,5979.0,5979.0,False,False,False,
2023-03-02T17:00:00Z,6017.0,6017.0,False,False,False,
2023-03-02T18:00:00Z,5971.0,5971.0,False,False,False,
2023-03-02T19:00:00Z,5965.0,5965.0,False,False,False,
2023-03-02T20:00:00Z,5970.0,5970.0,False,False,False,
2023-03-02T21:00:00Z,5988.0,5988.0,False,False,False,
2023-03-02T22:00:00Z,6117.0,6117.0,False,False,False,
2023-03-02T23:00:00Z,6257.0,6257.0,False,False,False,
2023-03-03T00:00:00Z,6588.0,6588.0,False,False,False,
2023-03-03T01:00:00Z,6557.0,6557.0,False,False,False,
2023-03-03T02:00:00Z,6366.0,6366.0,False,False,False,
2023-03-03T03:00:00Z,6030.0,6030.0,False,False,False,
2023-03-03T04:00:00Z,5582.0,5582.0,False,False,False,
2023-03-03T05:00:00Z,5138.0,5138.0,False,False,False,
2023-03-03T06:00:00Z,4810.0,4810.0,False,False,False,
2023-03-03T07:00:00Z,4619.0,4619.0,False,False,False,
2023-03-03T08:00:00Z,4512.0,4512.0,False,False,False,
2023-03-03T09:00:00Z,4485.0,4485.0,False,False,False,
2023-03-03T10:00:00Z,4580.0,4580.0,False,False,False,
2023-03-03T11:00:00Z,4935.0,4935.0,False,False,False,
2023-03-03T12:00:00Z,5545.0,5545.0,False,False,False,
2023-03-03T13:00:00Z,5769.0,5769.0,False,False,False,
2023-03-03T14:00:00Z,5873.0,5873.0,False,False,False,
2023-03-03T15:00:00Z,5959.0,5959.0,False,False,False,
2023-03-03T16:00:00Z,5958.0,5958.0,False,False,False,
2023-03-03T17:00:00Z,6013.0,6013.0,False,False,False,
2023-03-03T18:00:00Z,5980.0,5980.0,False,False,False,
2023-03-03T19:00:00Z,6012.0,6012.0,False,False,False,
2023-03-03T20:00:00Z,5984.0,5984.0,False,False,False,
2023-03-03T21:00:00Z,6069.0,6069.0,False,False,False,
2023-03-03T22:00:00Z,6203.0,6203.0,False,False,False,
2023-03-03T23:00:00Z,6251.0,6251.0,False,False,False,
2023-03-04T00:00:00Z,6408.0,6408.0,False,False,False,
2023-03-04T01:00:00Z,6413.0,6413.0,False,False,False,
2023-03-04T02:00:00Z,6270.0,6270.0,False,False,False,
2023-03-04T03:00:00Z,6001.0,6001.0,False,False,False,
2023-03-04T04:00:00Z,5709.0,5709.0,False,False,False,
2023-03-04T05:00:00Z,5376.0,5376.0,False,False,False,
2023-03-04T06:00:00Z,5029.0,5029.0,False,False,False,
2023-03-04T07:00:00Z,4776.0,4776.0,False,False,False,
2023-03-04T08:00:00Z,4555.0,4555.0,False,False,False,
2023-03-04T09:00:00Z,4466.0,4466.0,False,False,False,
2023-03-04T10:00:00Z,4420.0,4420.0,False,False,False,
2023-03-04T11:00:00Z,4483.0,4483.0,False,False,False,
2023-03-04T12:00:00Z,4600.0,4600.0,False,False,False,
2023-03-04T13:00:00Z,4795.0,4795.0,False,False,False,
2023-03-04T14:00:00Z,5014.0,5014.0,False,False,False,
2023-03-04T15:00:00Z,5185.0,5185.0,False,False,False,
2023-03-04T16:00:00Z,5297.0,5297.0,False,False,False,
2023-03-04T17:00:00Z,5388.0,5388.0,False,False,False,
2023-03-04T18:00:00Z,5405.0,5405.0,False,False,False,
2023-03-04T19:00:00Z,5397.0,5397.0,False,False,False,
2023-03-04T20:00:00Z,5437.0,5437.0,False,False,False,
2023-03-04T21:00:00Z,5473.0,5473.0,False,False,False,
2023-03-04T22:00:00Z,5573.0,5573.0,False,False,False,
2023-03-04T23:00:00Z,5697.0,5697.0,False,False,False,
2023-03-05T00:00:00Z,5838.0,5838.0,False,False,False,
2023-03-05T01:00:00Z,5840.0,5840.0,False,False,False,
2023-03-05T02:00:00Z,5650.0,5650.0,False,False,False,
2023-03-05T03:00:00Z,5462.0,5462.0,False,False,False,
2023-03-05T04:00:00Z,5231.0,5231.0,False,False,False,
2023-03-05T05:00:00Z,4968.0,4968.0,False,False,False,
2023-03-05T06:00:00Z,4743.0,4743.0,False,False,False,
2023-03-05T07:00:00Z,4663.0,4663.0,False,False,False,
2023-03-05T08:00:00Z,4639.0,4639.0,False,False,False,
2023-03-05T09:00:00Z,4714.0,4714.0,False,False,False,
2023-03-05T10:00:00Z,4875.0,4875.0,False,False,False,
2023-03-05T11:00:00Z,5093.0,5093.0,False,False,False,
2023-03-05T12:00:00Z,5457.0,5457.0,False,False,False,
2023-03-05T13:00:00Z,5814.0,5814.0,False,False,False,
2023-03-05T14:00:00Z,5800.0,5800.0,False,False,False,
2023-03-05T15:00:00Z,5577.0,5577.0,False,False,False,
2023-03-05T16:00:00Z,5301.0,5301.0,False,False,False,
2023-03-05T17:00:00Z,5102.0,5102.0,False,False,False,
2023-03-05T18:00:00Z,5043.0,5043.0,False,False,False,
2023-03-05T19:00:00Z,4968.0,4968.0,False,False,False,
2023-03-05T20:00:00Z,4982.0,4982.0,False,False,False,
2023-03-05T21:00:00Z,5017.0,5017.0,False,False,False,
2023-03-05T22:00:00Z,5264.0,5264.0,False,False,False,
2023-03-05T23:00:00Z,5540.0,5540.0,False,False,False,
2023-03-06T00:00:00Z,5881.0,5881.0,False,False,False,
2023-03-06T01:00:00Z,6074.0,6074.0,False,False,False,
2023-03-06T02:00:00Z,5968.0,5968.0,False,False,False,
2023-03-06T03:00:00Z,5785.0,5785.0,False,False,False,
2023-03-06T04:00:00Z,5471.0,5471.0,False,False,False,
2023-03-06T05:00:00Z,5180.0,5180.0,False,False,False,
2023-03-06T06:00:00Z,5023.0,5023.0,False,False,False,
2023-03-06T07:00:00Z,4964.0,4964.0,False,False,False,
2023-03-06T08:00:00Z,5041.0,5041.0,False,False,False,
2023-03-06T09:00:00Z,5190.0,5190.0,False,False,False,
2023-03-06T10:00:00Z,5456.0,5456.0,False,False,False,
2023-03-06T11:00:00Z,6089.0,6089.0,False,False,False,
2023-03-06T12:00:00Z,6901.0,6901.0,False,False,False,
2023-03-06T13:00:00Z,7079.0,7079.0,False,False,False,
2023-03-06T14:00:00Z,6551.0,6551.0,False,False,False,
2023-03-06T15:00:00Z,6081.0,6081.0,False,False,False,
2023-03-06T16:00:00Z,5865.0,5865.0,False,False,False,
2023-03-06T17:00:00Z,5714.0,5714.0,False,False,False,
2023-03-06T18:00:00Z,5702.0,5702.0,False,False,False,
2023-03-06T19:00:00Z,5667.0,5667.0,False,False,False,
2023-03-06T20:00:00Z,5715.0,5715.0,False,False,False,
2023-03-06T21:00:00Z,5704.0,5704.0,False,False,False,
2023-03-06T22:00:00Z,5777.0,5777.0,False,False,False,
2023-03-06T23:00:00Z,5940.0,5940.0,False,False,False,
2023-03-07T00:00:00Z,6314.0,6314.0,False,False,False,
2023-03-07T01:00:00Z,6422.0,6422.0,False,False,False,
2023-03-07T02:00:00Z,6220.0,6220.0,False,False,False,
2023-03-07T03:00:00Z,5867.0,5867.0,False,False,False,
2023-03-07T04:00:00Z,5430.0,5430.0,False,False,False,
2023-03-07T05:00:00Z,5027.0,5027.0,False,False,False,
2023-03-07T06:00:00Z,4758.0,4758.0,False,False,False,
2023-03-07T07:00:00Z,4590.0,4590.0,False,False,False,
2023-03-07T08:00:00Z,4514.0,4514.0,False,False,False,
2023-03-07T09:00:00Z,4530.0,4530.0,False,False,False,
2023-03-07T10:00:00Z,4659.0,4659.0,False,False,False,
2023-03-07T11:00:00Z,5051.0,5051.0,False,False,False,
2023-03-07T12:00:00Z,5631.0,5631.0,False,False,False,
2023-03-07T13:00:00Z,5792.0,5792.0,False,False,False,
2023-03-07T14:00:00Z,5638.0,5638.0,False,False,False,
2023-03-07T15:00:00Z,5584.0,5584.0,False,False,False,
2023-03-07T16:00:00Z,5606.0,5606.0,False,False,False,
2023-03-07T17:00:00Z,5713.0,5713.0,False,False,False,
2023-03-07T18:00:00Z,5816.0,5816.0,False,False,False,
2023-03-07T19:00:00Z,5859.0,5859.0,False,False,False,
2023-03-07T20:00:00Z,5968.0,5968.0,False,False,False,
2023-03-07T21:00:00Z,6025.0,6025.0,False,False,False,
2023-03-07T22:00:00Z,6159.0,6159.0,False,False,False,
2023-03-07T23:00:00Z,6264.0,6264.0,False,False,False,
2023-03-08T00:00:00Z,6484.0,6484.0,False,False,False,
2023-03-08T01:00:00Z,6543.0,6543.0,False,False,False,
2023-03-08T02:00:00Z,6325.0,6325.0,False,False,False,
2023-03-08T03:00:00Z,5937.0,5937.0,False,False,False,
2023-03-08T04:00:00Z,5518.0,5518.0,False,False,False,
2023-03-08T05:00:00Z,5180.0,5180.0,False,False,False,
2023-03-08T06:00:00Z,4956.0,4956.0,False,False,False,
2023-03-08T07:00:00Z,4917.0,4917.0,False,False,False,
2023-03-08T08:00:00Z,4968.0,4968.0,False,False,False,
2023-03-08T09:00:00Z,5096.0,5096.0,False,False,False,
2023-03-08T10:00:00Z,5380.0,5380.0,False,False,False,
2023-03-08T11:00:00Z,6067.0,6067.0,False,False,False,
2023-03-08T12:00:00Z,6921.0,6921.0,False,False,False,
2023-03-08T13:00:00Z,7138.0,7138.0,False,False,False,
2023-03-08T14:00:00Z,6865.0,6865.0,False,False,False,
2023-03-08T15:00:00Z,6590.0,6590.0,False,False,False,
2023-03-08T16:00:00Z,6324.0,6324.0,False,False,False,
2023-03-08T17:00:00Z,6077.0,6077.0,False,False,False,
2023-03-08T18:00:00Z,5917.0,5917.0,False,False,False,
2023-03-08T19:00:00Z,5768.0,5768.0,False,False,False,
2023-03-08T20:00:00Z,5618.0,5618.0,False,False,False,
2023-03-08T21:00:00Z,5539.0,5539.0,False,False,False,
2023-03-08T22:00:00Z,5699.0,5699.0,False,False,False,
2023-03-08T23:00:00Z,6091.0,6091.0,False,False,False,
2023-03-09T00:00:00Z,6678.0,6678.0,False,False,False,
2023-03-09T01:00:00Z,6944.0,6944.0,False,False,False,
2023-03-09T02:00:00Z,6941.0,6941.0,False,False,False,
2023-03-09T03:00:00Z,6825.0,6825.0,False,False,False,
2023-03-09T04:00:00Z,6552.0,6552.0,False,False,False,
2023-03-09T05:00:00Z,6297.0,6297.0,False,False,False,
2023-03-09T06:00:00Z,6207.0,6207.0,False,False,False,
2023-03-09T07:00:00Z,6217.0,6217.0,False,False,False,
2023-03-09T08:00:00Z,6352.0,6352.0,False,False,False,
2023-03-09T09:00:00Z,6494.0,6494.0,False,False,False,
2023-03-09T10:00:00Z,6836.0,6836.0,False,False,False,
2023-03-09T11:00:00Z,7390.0,7390.0,False,False,False,
2023-03-09T12:00:00Z,8003.0,8003.0,False,False,False,
2023-03-09T13:00:00Z,7935.0,7935.0,False,False,False,
2023-03-09T14:00:00Z,7363.0,7363.0,False,False,False,
2023-03-09T15:00:00Z,6791.0,6791.0,False,False,False,
2023-03-09T16:00:00Z,6342.0,6342.0,False,False,False,
2023-03-09T17:00:00Z,6011.0,6011.0,False,False,False,
2023-03-09T18:00:00Z,5835.0,5835.0,False,False,False,
2023-03-09T19:00:00Z,5666.0,5666.0,False,False,False,
2023-03-09T20:00:00Z,5565.0,5565.0,False,False,False,
2023-03-09T21:00:00Z,5497.0,5497.0,False,False,False,
2023-03-09T22:00:00Z,5596.0,5596.0,False,False,False,
2023-03-09T23:00:00Z,5902.0,5902.0,False,False,False,
2023-03-10T00:00:00Z,6371.0,6371.0,False,False,False,
2023-03-10T01:00:00Z,6652.0,6652.0,False,False,False,
2023-03-10T02:00:00Z,6613.0,6613.0,False,False,False,
2023-03-10T03:00:00Z,6429.0,6429.0,False,False,False,
2023-03-10T04:00:00Z,6122.0,6122.0,False,False,False,
2023-03-10T05:00:00Z,5823.0,5823.0,False,False,False,
2023-03-10T06:00:00Z,5546.0,5546.0,False,False,False,
2023-03-10T07:00:00Z,5473.0,5473.0,False,False,False,
2023-03-10T08:00:00Z,5402.0,5402.0,False,False,False,
2023-03-10T09:00:00Z,5415.0,5415.0,False,False,False,
2023-03-10T10:00:00Z,5520.0,5520.0,False,False,False,
2023-03-10T11:00:00Z,5896.0,5896.0,False,False,False,
2023-03-10T12:00:00Z,6498.0,6498.0,False,False,False,
2023-03-10T13:00:00Z,6739.0,6739.0,False,False,False,
2023-03-10T14:00:00Z,6834.0,6834.0,False,False,False,
2023-03-10T15:00:00Z,6868.0,6868.0,False,False,False,
2023-03-10T16:00:00Z,6879.0,6879.0,False,False,False,
2023-03-10T17:00:00Z,6811.0,6811.0,False,False,False,
2023-03-10T18:00:00Z,6728.0,6728.0,False,False,False,
2023-03-10T19:00:00Z,6615.0,6615.0,False,False,False,
2023-03-10T20:00:00Z,6501.0,6501.0,False,False,False,
2023-03-10T21:00:00Z,6450.0,6450.0,False,False,False,
2023-03-10T22:00:00Z,6444.0,6444.0,False,False,False,
2023-03-10T23:00:00Z,6448.0,6448.0,False,False,False,
2023-03-11T00:00:00Z,6628.0,6628.0,False,False,False,
2023-03-11T01:00:00Z,6607.0,6607.0,False,False,False,
2023-03-11T02:00:00Z,6491.0,6491.0,False,False,False,
2023-03-11T03:00:00Z,6322.0,6322.0,False,False,False,
2023-03-11T04:00:00Z,6052.0,6052.0,False,False,False,
2023-03-11T05:00:00Z,5835.0,5835.0,False,False,False,
2023-03-11T06:00:00Z,5666.0,5666.0,False,False,False,
2023-03-11T07:00:00Z,5633.0,5633.0,False,False,False,
2023-03-11T08:00:00Z,5681.0,5681.0,False,False,False,
2023-03-11T09:00:00Z,5795.0,5795.0,False,False,False,
2023-03-11T10:00:00Z,5941.0,5941.0,False,False,False,
2023-03-11T11:00:00Z,6268.0,6268.0,False,False,False,
2023-03-11T12:00:00Z,6632.0,6632.0,False,False,False,
2023-03-11T13:00:00Z,6532.0,6532.0,False,False,False,
2023-03-11T14:00:00Z,6126.0,6126.0,False,False,False,
2023-03-11T15:00:00Z,5358.0,5358.0,False,False,False,
2023-03-11T16:00:00Z,4697.0,4697.0,False,False,False,
2023-03-11T17:00:00Z,4472.0,4472.0,False,False,False,
2023-03-11T18:00:00Z,4209.0,4209.0,False,False,False,
2023-03-11T19:00:00Z,3927.0,,True,False,True,same_hour_7d_median_outlier|same_hour_7d_median_outlier
2023-03-11T20:00:00Z,3875.0,3875.0,False,False,False,
2023-03-11T21:00:00Z,4143.0,4143.0,False,False,False,
2023-03-11T22:00:00Z,4786.0,4786.0,False,False,False,
2023-03-11T23:00:00Z,5685.0,5685.0,False,False,False,
2023-03-12T00:00:00Z,6339.0,6339.0,False,False,False,
2023-03-12T01:00:00Z,6611.0,6611.0,False,False,False,
2023-03-12T02:00:00Z,6656.0,6656.0,False,False,False,
2023-03-12T03:00:00Z,6642.0,6642.0,False,False,False,
2023-03-12T04:00:00Z,6523.0,6523.0,False,False,False,
2023-03-12T05:00:00Z,6453.0,6453.0,False,False,False,
2023-03-12T06:00:00Z,6413.0,6413.0,False,False,False,
2023-03-12T07:00:00Z,6445.0,6445.0,False,False,False,
2023-03-12T08:00:00Z,6540.0,6540.0,False,False,False,
2023-03-12T09:00:00Z,6620.0,6620.0,False,False,False,
2023-03-12T10:00:00Z,6800.0,6800.0,False,False,False,
2023-03-12T11:00:00Z,6973.0,6973.0,False,False,False,
2023-03-12T12:00:00Z,7202.0,7202.0,False,False,False,
2023-03-12T13:00:00Z,7556.0,7556.0,False,False,False,
2023-03-12T14:00:00Z,7813.0,7813.0,False,False,False,
2023-03-12T15:00:00Z,7939.0,7939.0,False,False,False,
2023-03-12T16:00:00Z,7826.0,7826.0,False,False,False,
2023-03-12T17:00:00Z,7850.0,7850.0,False,False,False,
2023-03-12T18:00:00Z,7790.0,7790.0,False,False,False,
2023-03-12T19:00:00Z,7649.0,7649.0,False,False,False,
2023-03-12T20:00:00Z,7566.0,7566.0,False,False,False,
2023-03-12T21:00:00Z,7610.0,7610.0,False,False,False,
2023-03-12T22:00:00Z,7700.0,7700.0,False,False,False,
2023-03-12T23:00:00Z,7741.0,7741.0,False,False,False,
2023-03-13T00:00:00Z,7846.0,7846.0,False,False,False,
2023-03-13T01:00:00Z,7748.0,7748.0,False,False,False,
2023-03-13T02:00:00Z,7473.0,7473.0,False,False,False,
2023-03-13T03:00:00Z,7063.0,7063.0,False,False,False,
2023-03-13T04:00:00Z,6640.0,6640.0,False,False,False,
2023-03-13T05:00:00Z,6296.0,6296.0,False,False,False,
2023-03-13T06:00:00Z,6145.0,6145.0,False,False,False,
2023-03-13T07:00:00Z,6093.0,6093.0,False,False,False,
2023-03-13T08:00:00Z,6145.0,6145.0,False,False,False,
2023-03-13T09:00:00Z,6342.0,6342.0,False,False,False,
2023-03-13T10:00:00Z,6826.0,6826.0,False,False,False,
2023-03-13T11:00:00Z,7524.0,7524.0,False,False,False,
2023-03-13T12:00:00Z,7928.0,7928.0,False,False,False,
2023-03-13T13:00:00Z,7953.0,7953.0,False,False,False,
2023-03-13T14:00:00Z,7880.0,7880.0,False,False,False,
2023-03-13T15:00:00Z,7716.0,7716.0,False,False,False,
2023-03-13T16:00:00Z,7398.0,7398.0,False,False,False,
2023-03-13T17:00:00Z,6967.0,6967.0,False,False,False,
2023-03-13T18:00:00Z,6578.0,6578.0,False,False,False,
2023-03-13T19:00:00Z,6286.0,6286.0,False,False,False,
2023-03-13T20:00:00Z,6182.0,6182.0,False,False,False,
2023-03-13T21:00:00Z,6149.0,6149.0,False,False,False,
2023-03-13T22:00:00Z,6299.0,6299.0,False,False,False,
2023-03-13T23:00:00Z,6629.0,6629.0,False,False,False,
2023-03-14T00:00:00Z,7091.0,7091.0,False,False,False,
2023-03-14T01:00:00Z,7332.0,7332.0,False,False,False,
2023-03-14T02:00:00Z,7154.0,7154.0,False,False,False,
2023-03-14T03:00:00Z,6856.0,6856.0,False,False,False,
2023-03-14T04:00:00Z,6546.0,6546.0,False,False,False,
2023-03-14T05:00:00Z,6386.0,6386.0,False,False,False,
2023-03-14T06:00:00Z,6377.0,6377.0,False,False,False,
2023-03-14T07:00:00Z,6527.0,6527.0,False,False,False,
2023-03-14T08:00:00Z,6711.0,6711.0,False,False,False,
2023-03-14T09:00:00Z,7143.0,7143.0,False,False,False,
2023-03-14T10:00:00Z,7786.0,7786.0,False,False,False,
2023-03-14T11:00:00Z,8517.0,8517.0,False,False,False,
2023-03-14T12:00:00Z,8942.0,8942.0,False,False,False,
2023-03-14T13:00:00Z,8762.0,8762.0,False,False,False,
2023-03-14T14:00:00Z,8302.0,8302.0,False,False,False,
2023-03-14T15:00:00Z,7863.0,7863.0,False,False,False,
2023-03-14T16:00:00Z,7361.0,7361.0,False,False,False,
2023-03-14T17:00:00Z,6973.0,6973.0,False,False,False,
2023-03-14T18:00:00Z,6637.0,6637.0,False,False,False,
2023-03-14T19:00:00Z,6422.0,6422.0,False,False,False,
2023-03-14T20:00:00Z,6235.0,6235.0,False,False,False,
2023-03-14T21:00:00Z,6286.0,6286.0,False,False,False,
2023-03-14T22:00:00Z,6473.0,6473.0,False,False,False,
2023-03-14T23:00:00Z,6992.0,6992.0,False,False,False,
2023-03-15T00:00:00Z,7769.0,7769.0,False,False,False,
2023-03-15T01:00:00Z,8247.0,8247.0,False,False,False,
2023-03-15T02:00:00Z,8248.0,8248.0,False,False,False,
2023-03-15T03:00:00Z,7963.0,7963.0,False,False,False,
2023-03-15T04:00:00Z,7733.0,7733.0,False,False,False,
2023-03-15T05:00:00Z,7600.0,7600.0,False,False,False,
2023-03-15T06:00:00Z,7688.0,7688.0,False,False,False,
2023-03-15T07:00:00Z,7795.0,7795.0,False,False,False,
2023-03-15T08:00:00Z,8013.0,8013.0,False,False,False,
2023-03-15T09:00:00Z,8362.0,8362.0,False,False,False,
2023-03-15T10:00:00Z,8844.0,8844.0,False,False,False,
2023-03-15T11:00:00Z,9532.0,9532.0,False,False,False,
2023-03-15T12:00:00Z,9817.0,9817.0,False,False,False,
2023-03-15T13:00:00Z,9620.0,9620.0,False,False,False,
2023-03-15T14:00:00Z,8701.0,8701.0,False,False,False,
2023-03-15T15:00:00Z,8281.0,8281.0,False,False,False,
2023-03-15T16:00:00Z,7664.0,7664.0,False,False,False,
2023-03-15T17:00:00Z,7113.0,7113.0,False,False,False,
2023-03-15T18:00:00Z,6814.0,6814.0,False,False,False,
2023-03-15T19:00:00Z,6327.0,6327.0,False,False,False,
2023-03-15T20:00:00Z,6159.0,6159.0,False,False,False,
2023-03-15T21:00:00Z,6065.0,6065.0,False,False,False,
2023-03-15T22:00:00Z,6172.0,6172.0,False,False,False,
2023-03-15T23:00:00Z,6621.0,6621.0,False,False,False,
2023-03-16T00:00:00Z,7198.0,7198.0,False,False,False,
2023-03-16T01:00:00Z,7659.0,7659.0,False,False,False,
2023-03-16T02:00:00Z,7720.0,7720.0,False,False,False,
2023-03-16T03:00:00Z,7532.0,7532.0,False,False,False,
2023-03-16T04:00:00Z,7340.0,7340.0,False,False,False,
2023-03-16T05:00:00Z,7345.0,7345.0,False,False,False,
2023-03-16T06:00:00Z,7409.0,7409.0,False,False,False,
2023-03-16T07:00:00Z,7647.0,7647.0,False,False,False,
2023-03-16T08:00:00Z,7936.0,7936.0,False,False,False,
2023-03-16T09:00:00Z,8391.0,8391.0,False,False,False,
2023-03-16T10:00:00Z,9044.0,9044.0,False,False,False,
2023-03-16T11:00:00Z,9688.0,9688.0,False,False,False,
2023-03-16T12:00:00Z,10038.0,10038.0,False,False,False,
2023-03-16T13:00:00Z,9637.0,9637.0,False,False,False,
2023-03-16T14:00:00Z,8636.0,8636.0,False,False,False,
2023-03-16T15:00:00Z,7476.0,7476.0,False,False,False,
2023-03-16T16:00:00Z,6765.0,6765.0,False,False,False,
2023-03-16T17:00:00Z,6283.0,6283.0,False,False,False,
2023-03-16T18:00:00Z,5955.0,5955.0,False,False,False,
2023-03-16T19:00:00Z,5750.0,5750.0,False,False,False,
2023-03-16T20:00:00Z,5668.0,5668.0,False,False,False,
2023-03-16T21:00:00Z,5670.0,5670.0,False,False,False,
2023-03-16T22:00:00Z,5762.0,5762.0,False,False,False,
2023-03-16T23:00:00Z,6032.0,6032.0,False,False,False,
2023-03-17T00:00:00Z,6428.0,6428.0,False,False,False,
2023-03-17T01:00:00Z,6658.0,6658.0,False,False,False,
2023-03-17T02:00:00Z,6510.0,6510.0,False,False,False,
2023-03-17T03:00:00Z,6139.0,6139.0,False,False,False,
2023-03-17T04:00:00Z,5746.0,5746.0,False,False,False,
2023-03-17T05:00:00Z,5490.0,5490.0,False,False,False,
2023-03-17T06:00:00Z,5354.0,5354.0,False,False,False,
2023-03-17T07:00:00Z,5343.0,5343.0,False,False,False,
2023-03-17T08:00:00Z,5437.0,5437.0,False,False,False,
2023-03-17T09:00:00Z,5635.0,5635.0,False,False,False,
2023-03-17T10:00:00Z,6096.0,6096.0,False,False,False,
2023-03-17T11:00:00Z,6786.0,6786.0,False,False,False,
2023-03-17T12:00:00Z,7028.0,7028.0,False,False,False,
2023-03-17T13:00:00Z,6878.0,6878.0,False,False,False,
2023-03-17T14:00:00Z,6588.0,6588.0,False,False,False,
2023-03-17T15:00:00Z,6205.0,6205.0,False,False,False,
2023-03-17T16:00:00Z,5960.0,5960.0,False,False,False,
2023-03-17T17:00:00Z,5713.0,5713.0,False,False,False,
2023-03-17T18:00:00Z,5639.0,5639.0,False,False,False,
2023-03-17T19:00:00Z,5719.0,5719.0,False,False,False,
2023-03-17T20:00:00Z,5775.0,5775.0,False,False,False,
2023-03-17T21:00:00Z,5777.0,5777.0,False,False,False,
2023-03-17T22:00:00Z,5799.0,5799.0,False,False,False,
2023-03-17T23:00:00Z,5834.0,5834.0,False,False,False,
2023-03-18T00:00:00Z,6011.0,6011.0,False,False,False,
2023-03-18T01:00:00Z,5988.0,5988.0,False,False,False,
2023-03-18T02:00:00Z,5798.0,5798.0,False,False,False,
2023-03-18T03:00:00Z,5500.0,5500.0,False,False,False,
2023-03-18T04:00:00Z,5123.0,5123.0,False,False,False,
2023-03-18T05:00:00Z,4811.0,4811.0,False,False,False,
2023-03-18T06:00:00Z,4605.0,4605.0,False,False,False,
2023-03-18T07:00:00Z,4527.0,4527.0,False,False,False,
2023-03-18T08:00:00Z,4431.0,4431.0,False,False,False,
2023-03-18T09:00:00Z,4472.0,4472.0,False,False,False,
2023-03-18T10:00:00Z,4576.0,,True,False,True,same_hour_7d_median_outlier|same_hour_7d_median_outlier
2023-03-18T11:00:00Z,4766.0,,True,False,True,same_hour_7d_median_outlier|same_hour_7d_median_outlier
2023-03-18T12:00:00Z,5065.0,,True,False,True,same_hour_7d_median_outlier|same_hour_7d_median_outlier
2023-03-18T13:00:00Z,5471.0,5471.0,False,False,False,
2023-03-18T14:00:00Z,5854.0,5854.0,False,False,False,
2023-03-18T15:00:00Z,6029.0,6029.0,False,False,False,
2023-03-18T16:00:00Z,5930.0,5930.0,False,False,False,
2023-03-18T17:00:00Z,5733.0,5733.0,False,False,False,
2023-03-18T18:00:00Z,5530.0,5530.0,False,False,False,
2023-03-18T19:00:00Z,5348.0,5348.0,False,False,False,
2023-03-18T20:00:00Z,5220.0,5220.0,False,False,False,
2023-03-18T21:00:00Z,5182.0,5182.0,False,False,False,
2023-03-18T22:00:00Z,5322.0,5322.0,False,False,False,
2023-03-18T23:00:00Z,5535.0,5535.0,False,False,False,
2023-03-19T00:00:00Z,5891.0,5891.0,False,False,False,
2023-03-19T01:00:00Z,6123.0,6123.0,False,False,False,
2023-03-19T02:00:00Z,6029.0,6029.0,False,False,False,
2023-03-19T03:00:00Z,5850.0,5850.0,False,False,False,
2023-03-19T04:00:00Z,5608.0,5608.0,False,False,False,
2023-03-19T05:00:00Z,5393.0,5393.0,False,False,False,
2023-03-19T06:00:00Z,5293.0,5293.0,False,False,False,
2023-03-19T07:00:00Z,5254.0,5254.0,False,False,False,
2023-03-19T08:00:00Z,5334.0,5334.0,False,False,False,
2023-03-19T09:00:00Z,5481.0,5481.0,False,False,False,
2023-03-19T10:00:00Z,5697.0,5697.0,False,False,False,
2023-03-19T11:00:00Z,6057.0,6057.0,False,False,False,
2023-03-19T12:00:00Z,6498.0,6498.0,False,False,False,
2023-03-19T13:00:00Z,6792.0,6792.0,False,False,False,
2023-03-19T14:00:00Z,6637.0,6637.0,False,False,False,
2023-03-19T15:00:00Z,6373.0,6373.0,False,False,False,
2023-03-19T16:00:00Z,6076.0,6076.0,False,False,False,
2023-03-19T17:00:00Z,5875.0,5875.0,False,False,False,
2023-03-19T18:00:00Z,5648.0,5648.0,False,False,False,
2023-03-19T19:00:00Z,5402.0,5402.0,False,False,False,
2023-03-19T20:00:00Z,5306.0,5306.0,False,False,False,
2023-03-19T21:00:00Z,5366.0,5366.0,False,False,False,
2023-03-19T22:00:00Z,5521.0,5521.0,False,False,False,
2023-03-19T23:00:00Z,5996.0,5996.0,False,False,False,
2023-03-20T00:00:00Z,6611.0,6611.0,False,False,False,
2023-03-20T01:00:00Z,7057.0,7057.0,False,False,False,
2023-03-20T02:00:00Z,7114.0,7114.0,False,False,False,
2023-03-20T03:00:00Z,6907.0,6907.0,False,False,False,
2023-03-20T04:00:00Z,6666.0,6666.0,False,False,False,
2023-03-20T05:00:00Z,6523.0,6523.0,False,False,False,
2023-03-20T06:00:00Z,6509.0,6509.0,False,False,False,
2023-03-20T07:00:00Z,6567.0,6567.0,False,False,False,
2023-03-20T08:00:00Z,6819.0,6819.0,False,False,False,
2023-03-20T09:00:00Z,7176.0,7176.0,False,False,False,
2023-03-20T10:00:00Z,7879.0,7879.0,False,False,False,
2023-03-20T11:00:00Z,8804.0,8804.0,False,False,False,
2023-03-20T12:00:00Z,9223.0,9223.0,False,False,False,
2023-03-20T13:00:00Z,9034.0,9034.0,False,False,False,
2023-03-20T14:00:00Z,8569.0,8569.0,False,False,False,
2023-03-20T15:00:00Z,8001.0,8001.0,False,False,False,
2023-03-20T16:00:00Z,7561.0,7561.0,False,False,False,
2023-03-20T17:00:00Z,6965.0,6965.0,False,False,False,
2023-03-20T18:00:00Z,6838.0,6838.0,False,False,False,
2023-03-20T19:00:00Z,6428.0,6428.0,False,False,False,
2023-03-20T20:00:00Z,6300.0,6300.0,False,False,False,
2023-03-20T21:00:00Z,6325.0,6325.0,False,False,False,
2023-03-20T22:00:00Z,6338.0,6338.0,False,False,False,
2023-03-20T23:00:00Z,6677.0,6677.0,False,False,False,
2023-03-21T00:00:00Z,7328.0,7328.0,False,False,False,
2023-03-21T01:00:00Z,7765.0,7765.0,False,False,False,
2023-03-21T02:00:00Z,7739.0,7739.0,False,False,False,
2023-03-21T03:00:00Z,7540.0,7540.0,False,False,False,
2023-03-21T04:00:00Z,7423.0,7423.0,False,False,False,
2023-03-21T05:00:00Z,7393.0,7393.0,False,False,False,
2023-03-21T06:00:00Z,7541.0,,True,False,True,same_hour_7d_median_outlier|same_hour_7d_median_outlier
2023-03-21T07:00:00Z,7807.0,,True,False,True,same_hour_7d_median_outlier|same_hour_7d_median_outlier
2023-03-21T08:00:00Z,8073.0,,True,False,True,same_hour_7d_median_outlier|same_hour_7d_median_outlier
2023-03-21T09:00:00Z,8528.0,,True,False,True,same_hour_7d_median_outlier|same_hour_7d_median_outlier
2023-03-21T10:00:00Z,9150.0,,True,False,True,same_hour_7d_median_outlier|same_hour_7d_median_outlier
2023-03-21T11:00:00Z,9822.0,,True,False,True,same_hour_7d_median_outlier|same_hour_7d_median_outlier
2023-03-21T12:00:00Z,10211.0,,True,False,True,same_hour_7d_median_outlier|same_hour_7d_median_outlier
2023-03-21T13:00:00Z,9698.0,,True,False,True,same_hour_7d_median_outlier|same_hour_7d_median_outlier
2023-03-21T14:00:00Z,8598.0,8598.0,False,False,False,
2023-03-21T15:00:00Z,7547.0,7547.0,False,False,False,
2023-03-21T16:00:00Z,6786.0,6786.0,False,False,False,
2023-03-21T17:00:00Z,6293.0,6293.0,False,False,False,
2023-03-21T18:00:00Z,5967.0,5967.0,False,False,False,
2023-03-21T19:00:00Z,5723.0,5723.0,False,False,False,
2023-03-21T20:00:00Z,5569.0,5569.0,False,False,False,
2023-03-21T21:00:00Z,5618.0,5618.0,False,False,False,
2023-03-21T22:00:00Z,5808.0,5808.0,False,False,False,
2023-03-21T23:00:00Z,6113.0,6113.0,False,False,False,
2023-03-22T00:00:00Z,6510.0,6510.0,False,False,False,
2023-03-22T01:00:00Z,6828.0,6828.0,False,False,False,
2023-03-22T02:00:00Z,6664.0,6664.0,False,False,False,
2023-03-22T03:00:00Z,6372.0,6372.0,False,False,False,
2023-03-22T04:00:00Z,6108.0,6108.0,False,False,False,
2023-03-22T05:00:00Z,5920.0,5920.0,False,False,False,
2023-03-22T06:00:00Z,5859.0,5859.0,False,False,False,
2023-03-22T07:00:00Z,5827.0,5827.0,False,False,False,
2023-03-22T08:00:00Z,5888.0,5888.0,False,False,False,
2023-03-22T09:00:00Z,6057.0,6057.0,False,False,False,
2023-03-22T10:00:00Z,6542.0,6542.0,False,False,False,
2023-03-22T11:00:00Z,7248.0,7248.0,False,False,False,
2023-03-22T12:00:00Z,7489.0,7489.0,False,False,False,
2023-03-22T13:00:00Z,7293.0,7293.0,False,False,False,
2023-03-22T14:00:00Z,7016.0,7016.0,False,False,False,
2023-03-22T15:00:00Z,6685.0,6685.0,False,False,False,
2023-03-22T16:00:00Z,6402.0,6402.0,False,False,False,
2023-03-22T17:00:00Z,6186.0,6186.0,False,False,False,
2023-03-22T18:00:00Z,6102.0,6102.0,False,False,False,
2023-03-22T19:00:00Z,6076.0,6076.0,False,False,False,
2023-03-22T20:00:00Z,6092.0,6092.0,False,False,False,
2023-03-22T21:00:00Z,6186.0,6186.0,False,False,False,
2023-03-22T22:00:00Z,6281.0,6281.0,False,False,False,
2023-03-22T23:00:00Z,6416.0,6416.0,False,False,False,
2023-03-23T00:00:00Z,6714.0,6714.0,False,False,False,
2023-03-23T01:00:00Z,6791.0,6791.0,False,False,False,
2023-03-23T02:00:00Z,6500.0,6500.0,False,False,False,
2023-03-23T03:00:00Z,6059.0,6059.0,False,False,False,
2023-03-23T04:00:00Z,5618.0,5618.0,False,False,False,
2023-03-23T05:00:00Z,5188.0,5188.0,False,False,False,
2023-03-23T06:00:00Z,5142.0,5142.0,False,False,False,
2023-03-23T07:00:00Z,5059.0,5059.0,False,False,False,
2023-03-23T08:00:00Z,5052.0,5052.0,False,False,False,
2023-03-23T09:00:00Z,5170.0,5170.0,False,False,False,
2023-03-23T10:00:00Z,5516.0,5516.0,False,False,False,
2023-03-23T11:00:00Z,6168.0,6168.0,False,False,False,
2023-03-23T12:00:00Z,6376.0,6376.0,False,False,False,
2023-03-23T13:00:00Z,6332.0,6332.0,False,False,False,
2023-03-23T14:00:00Z,6259.0,6259.0,False,False,False,
2023-03-23T15:00:00Z,6119.0,6119.0,False,False,False,
2023-03-23T16:00:00Z,5803.0,5803.0,False,False,False,
2023-03-23T17:00:00Z,5685.0,5685.0,False,False,False,
2023-03-23T18:00:00Z,5726.0,5726.0,False,False,False,
2023-03-23T19:00:00Z,5849.0,5849.0,False,False,False,
2023-03-23T20:00:00Z,5991.0,5991.0,False,False,False,
2023-03-23T21:00:00Z,6174.0,6174.0,False,False,False,
2023-03-23T22:00:00Z,6361.0,6361.0,False,False,False,
2023-03-23T23:00:00Z,6497.0,6497.0,False,False,False,
2023-03-24T00:00:00Z,6665.0,6665.0,False,False,False,
2023-03-24T01:00:00Z,6807.0,6807.0,False,False,False,
2023-03-24T02:00:00Z,6415.0,6415.0,False,False,False,
2023-03-24T03:00:00Z,5953.0,5953.0,False,False,False,
2023-03-24T04:00:00Z,5416.0,5416.0,False,False,False,
2023-03-24T05:00:00Z,4930.0,4930.0,False,False,False,
2023-03-24T06:00:00Z,4663.0,4663.0,False,False,False,
2023-03-24T07:00:00Z,4466.0,4466.0,False,False,False,
2023-03-24T08:00:00Z,4382.0,4382.0,False,False,False,
2023-03-24T09:00:00Z,4445.0,4445.0,False,False,False,
2023-03-24T10:00:00Z,4753.0,4753.0,False,False,False,
2023-03-24T11:00:00Z,5367.0,5367.0,False,False,False,
2023-03-24T12:00:00Z,5577.0,5577.0,False,False,False,
2023-03-24T13:00:00Z,5590.0,5590.0,False,False,False,
2023-03-24T14:00:00Z,5618.0,5618.0,False,False,False,
2023-03-24T15:00:00Z,5758.0,5758.0,False,False,False,
2023-03-24T16:00:00Z,6018.0,6018.0,False,False,False,
2023-03-24T17:00:00Z,6212.0,6212.0,False,False,False,
2023-03-24T18:00:00Z,6454.0,6454.0,False,False,False,
2023-03-24T19:00:00Z,6721.0,6721.0,False,False,False,
2023-03-24T20:00:00Z,6919.0,6919.0,False,False,False,
2023-03-24T21:00:00Z,7178.0,7178.0,False,False,False,
2023-03-24T22:00:00Z,7301.0,7301.0,False,False,False,
2023-03-24T23:00:00Z,7287.0,7287.0,False,False,False,
2023-03-25T00:00:00Z,7131.0,7131.0,False,False,False,
2023-03-25T01:00:00Z,6976.0,6976.0,False,False,False,
2023-03-25T02:00:00Z,6544.0,6544.0,False,False,False,
2023-03-25T03:00:00Z,6077.0,6077.0,False,False,False,
2023-03-25T04:00:00Z,5563.0,5563.0,False,False,False,
2023-03-25T05:00:00Z,5082.0,5082.0,False,False,False,
2023-03-25T06:00:00Z,4695.0,4695.0,False,False,False,
2023-03-25T07:00:00Z,4448.0,4448.0,False,False,False,
2023-03-25T08:00:00Z,4336.0,4336.0,False,False,False,
2023-03-25T09:00:00Z,4289.0,4289.0,False,False,False,
2023-03-25T10:00:00Z,4387.0,4387.0,False,False,False,
2023-03-25T11:00:00Z,4527.0,4527.0,False,False,False,
2023-03-25T12:00:00Z,4727.0,4727.0,False,False,False,
2023-03-25T13:00:00Z,5053.0,5053.0,False,False,False,
2023-03-25T14:00:00Z,5419.0,5419.0,False,False,False,
2023-03-25T15:00:00Z,5682.0,5682.0,False,False,False,
2023-03-25T16:00:00Z,5885.0,5885.0,False,False,False,
2023-03-25T17:00:00Z,5996.0,5996.0,False,False,False,
2023-03-25T18:00:00Z,5756.0,5756.0,False,False,False,
2023-03-25T19:00:00Z,5926.0,5926.0,False,False,False,
2023-03-25T20:00:00Z,5784.0,5784.0,False,False,False,
2023-03-25T21:00:00Z,5793.0,5793.0,False,False,False,
2023-03-25T22:00:00Z,5914.0,5914.0,False,False,False,
2023-03-25T23:00:00Z,6094.0,6094.0,False,False,False,
2023-03-26T00:00:00Z,6115.0,6115.0,False,False,False,
2023-03-26T01:00:00Z,6195.0,6195.0,False,False,False,
2023-03-26T02:00:00Z,5918.0,5918.0,False,False,False,
2023-03-26T03:00:00Z,5546.0,5546.0,False,False,False,
2023-03-26T04:00:00Z,5215.0,5215.0,False,False,False,
2023-03-26T05:00:00Z,4808.0,4808.0,False,False,False,
2023-03-26T06:00:00Z,4545.0,4545.0,False,False,False,
2023-03-26T07:00:00Z,4392.0,4392.0,False,False,False,
2023-03-26T08:00:00Z,4294.0,4294.0,False,False,False,
2023-03-26T09:00:00Z,4251.0,4251.0,False,False,False,
2023-03-26T10:00:00Z,4288.0,4288.0,False,False,False,
2023-03-26T11:00:00Z,4422.0,4422.0,False,False,False,
2023-03-26T12:00:00Z,4564.0,4564.0,False,False,False,
2023-03-26T13:00:00Z,4980.0,4980.0,False,False,False,
2023-03-26T14:00:00Z,5282.0,5282.0,False,False,False,
2023-03-26T15:00:00Z,5543.0,5543.0,False,False,False,
2023-03-26T16:00:00Z,5691.0,5691.0,False,False,False,
2023-03-26T17:00:00Z,5763.0,5763.0,False,False,False,
2023-03-26T18:00:00Z,5742.0,5742.0,False,False,False,
2023-03-26T19:00:00Z,5609.0,5609.0,False,False,False,
2023-03-26T20:00:00Z,5484.0,5484.0,False,False,False,
2023-03-26T21:00:00Z,5591.0,5591.0,False,False,False,
2023-03-26T22:00:00Z,5479.0,5479.0,False,False,False,
2023-03-26T23:00:00Z,5775.0,5775.0,False,False,False,
2023-03-27T00:00:00Z,5964.0,5964.0,False,False,False,
2023-03-27T01:00:00Z,6140.0,6140.0,False,False,False,
2023-03-27T02:00:00Z,5894.0,5894.0,False,False,False,
2023-03-27T03:00:00Z,5435.0,5435.0,False,False,False,
2023-03-27T04:00:00Z,4991.0,4991.0,False,False,False,
2023-03-27T05:00:00Z,4638.0,4638.0,False,False,False,
2023-03-27T06:00:00Z,4449.0,4449.0,False,False,False,
2023-03-27T07:00:00Z,4363.0,4363.0,False,False,False,
2023-03-27T08:00:00Z,4337.0,4337.0,False,False,False,
2023-03-27T09:00:00Z,4464.0,4464.0,False,False,False,
2023-03-27T10:00:00Z,4784.0,4784.0,False,False,False,
2023-03-27T11:00:00Z,5372.0,5372.0,False,False,False,
2023-03-27T12:00:00Z,5726.0,5726.0,False,False,False,
2023-03-27T13:00:00Z,5770.0,5770.0,False,False,False,
2023-03-27T14:00:00Z,5861.0,5861.0,False,False,False,
2023-03-27T15:00:00Z,5945.0,5945.0,False,False,False,
2023-03-27T16:00:00Z,6054.0,6054.0,False,False,False,
2023-03-27T17:00:00Z,6083.0,6083.0,False,False,False,
2023-03-27T18:00:00Z,6123.0,6123.0,False,False,False,
2023-03-27T19:00:00Z,6109.0,6109.0,False,False,False,
2023-03-27T20:00:00Z,6200.0,6200.0,False,False,False,
2023-03-27T21:00:00Z,6382.0,6382.0,False,False,False,
2023-03-27T22:00:00Z,6538.0,6538.0,False,False,False,
2023-03-27T23:00:00Z,6625.0,6625.0,False,False,False,
2023-03-28T00:00:00Z,6706.0,6706.0,False,False,False,
2023-03-28T01:00:00Z,6793.0,6793.0,False,False,False,
2023-03-28T02:00:00Z,6429.0,6429.0,False,False,False,
2023-03-28T03:00:00Z,5850.0,5850.0,False,False,False,
2023-03-28T04:00:00Z,5286.0,5286.0,False,False,False,
2023-03-28T05:00:00Z,4872.0,4872.0,False,False,False,
2023-03-28T06:00:00Z,4642.0,4642.0,False,False,False,
2023-03-28T07:00:00Z,4478.0,4478.0,False,False,False,
2023-03-28T08:00:00Z,4429.0,4429.0,False,False,False,
2023-03-28T09:00:00Z,4498.0,4498.0,False,False,False,
2023-03-28T10:00:00Z,4846.0,4846.0,False,False,False,
2023-03-28T11:00:00Z,5470.0,5470.0,False,False,False,
2023-03-28T12:00:00Z,5730.0,5730.0,False,False,False,
2023-03-28T13:00:00Z,5732.0,5732.0,False,False,False,
2023-03-28T14:00:00Z,5694.0,5694.0,False,False,False,
2023-03-28T15:00:00Z,5601.0,5601.0,False,False,False,
2023-03-28T16:00:00Z,5634.0,5634.0,False,False,False,
2023-03-28T17:00:00Z,5420.0,5420.0,False,False,False,
2023-03-28T18:00:00Z,5762.0,5762.0,False,False,False,
2023-03-28T19:00:00Z,5877.0,5877.0,False,False,False,
2023-03-28T20:00:00Z,5849.0,5849.0,False,False,False,
2023-03-28T21:00:00Z,5959.0,5959.0,False,False,False,
2023-03-28T22:00:00Z,6036.0,6036.0,False,False,False,
2023-03-28T23:00:00Z,6170.0,6170.0,False,False,False,
2023-03-29T00:00:00Z,6330.0,6330.0,False,False,False,
2023-03-29T01:00:00Z,6411.0,6411.0,False,False,False,
2023-03-29T02:00:00Z,6081.0,6081.0,False,False,False,
2023-03-29T03:00:00Z,5587.0,5587.0,False,False,False,
2023-03-29T04:00:00Z,5132.0,5132.0,False,False,False,
2023-03-29T05:00:00Z,4849.0,4849.0,False,False,False,
2023-03-29T06:00:00Z,4654.0,4654.0,False,False,False,
2023-03-29T07:00:00Z,4600.0,4600.0,False,False,False,
2023-03-29T08:00:00Z,4438.0,4438.0,False,False,False,
2023-03-29T09:00:00Z,4592.0,4592.0,False,False,False,
2023-03-29T10:00:00Z,5159.0,5159.0,False,False,False,
2023-03-29T11:00:00Z,5928.0,5928.0,False,False,False,
2023-03-29T12:00:00Z,6359.0,6359.0,False,False,False,
2023-03-29T13:00:00Z,6363.0,6363.0,False,False,False,
2023-03-29T14:00:00Z,6277.0,6277.0,False,False,False,
2023-03-29T15:00:00Z,6188.0,6188.0,False,False,False,
2023-03-29T16:00:00Z,6027.0,6027.0,False,False,False,
2023-03-29T17:00:00Z,5831.0,5831.0,False,False,False,
2023-03-29T18:00:00Z,5648.0,5648.0,False,False,False,
2023-03-29T19:00:00Z,5522.0,5522.0,False,False,False,
2023-03-29T20:00:00Z,5434.0,5434.0,False,False,False,
2023-03-29T21:00:00Z,5546.0,5546.0,False,False,False,
2023-03-29T22:00:00Z,5623.0,5623.0,False,False,False,
2023-03-29T23:00:00Z,5900.0,5900.0,False,False,False,
2023-03-30T00:00:00Z,6253.0,6253.0,False,False,False,
2023-03-30T01:00:00Z,6549.0,6549.0,False,False,False,
2023-03-30T02:00:00Z,6411.0,6411.0,False,False,False,
2023-03-30T03:00:00Z,6077.0,6077.0,False,False,False,
2023-03-30T04:00:00Z,5746.0,5746.0,False,False,False,
2023-03-30T05:00:00Z,5535.0,5535.0,False,False,False,
2023-03-30T06:00:00Z,5457.0,5457.0,False,False,False,
2023-03-30T07:00:00Z,5483.0,5483.0,False,False,False,
2023-03-30T08:00:00Z,5585.0,5585.0,False,False,False,
2023-03-30T09:00:00Z,5857.0,5857.0,False,False,False,
2023-03-30T10:00:00Z,6321.0,6321.0,False,False,False,
2023-03-30T11:00:00Z,7288.0,7288.0,False,False,False,
2023-03-30T12:00:00Z,7653.0,7653.0,False,False,False,
2023-03-30T13:00:00Z,7247.0,7247.0,False,False,False,
2023-03-30T14:00:00Z,6692.0,6692.0,False,False,False,
2023-03-30T15:00:00Z,6139.0,6139.0,False,False,False,
2023-03-30T16:00:00Z,5798.0,5798.0,False,False,False,
2023-03-30T17:00:00Z,5574.0,5574.0,False,False,False,
2023-03-30T18:00:00Z,5494.0,5494.0,False,False,False,
2023-03-30T19:00:00Z,5405.0,5405.0,False,False,False,
2023-03-30T20:00:00Z,5470.0,5470.0,False,False,False,
2023-03-30T21:00:00Z,5514.0,5514.0,False,False,False,
2023-03-30T22:00:00Z,5670.0,5670.0,False,False,False,
2023-03-30T23:00:00Z,5892.0,5892.0,False,False,False,
2023-03-31T00:00:00Z,6122.0,6122.0,False,False,False,
2023-03-31T01:00:00Z,6333.0,6333.0,False,False,False,
2023-03-31T02:00:00Z,6118.0,6118.0,False,False,False,
2023-03-31T03:00:00Z,5746.0,5746.0,False,False,False,
2023-03-31T04:00:00Z,5333.0,5333.0,False,False,False,
2023-03-31T05:00:00Z,5062.0,5062.0,False,False,False,
2023-03-31T06:00:00Z,4959.0,4959.0,False,False,False,
2023-03-31T07:00:00Z,4943.0,4943.0,False,False,False,
2023-03-31T08:00:00Z,5027.0,5027.0,False,False,False,
2023-03-31T09:00:00Z,5207.0,5207.0,False,False,False,
2023-03-31T10:00:00Z,5680.0,5680.0,False,False,False,
2023-03-31T11:00:00Z,6379.0,6379.0,False,False,False,
2023-03-31T12:00:00Z,6651.0,6651.0,False,False,False,
2023-03-31T13:00:00Z,6503.0,6503.0,False,False,False,
2023-03-31T14:00:00Z,6177.0,6177.0,False,False,False,
2023-03-31T15:00:00Z,5799.0,5799.0,False,False,False,
2023-03-31T16:00:00Z,5835.0,5835.0,False,False,False,
2023-03-31T17:00:00Z,5691.0,5691.0,False,False,False,
2023-03-31T18:00:00Z,5564.0,5564.0,False,False,False,
2023-03-31T19:00:00Z,5843.0,5843.0,False,False,False,
2023-03-31T20:00:00Z,5690.0,5690.0,False,False,False,
2023-03-31T21:00:00Z,5712.0,5712.0,False,False,False,
2023-03-31T22:00:00Z,5606.0,5606.0,False,False,False,
2023-03-31T23:00:00Z,5852.0,5852.0,False,False,False,
2023-04-01T00:00:00Z,6001.0,6001.0,False,False,False,
2023-04-01T01:00:00Z,6085.0,6085.0,False,False,False,
2023-04-01T02:00:00Z,5883.0,5883.0,False,False,False,
2023-04-01T03:00:00Z,5543.0,5543.0,False,False,False,
2023-04-01T04:00:00Z,5205.0,5205.0,False,False,False,
2023-04-01T05:00:00Z,4860.0,4860.0,False,False,False,
2023-04-01T06:00:00Z,4647.0,4647.0,False,False,False,
2023-04-01T07:00:00Z,4453.0,4453.0,False,False,False,
2023-04-01T08:00:00Z,4405.0,4405.0,False,False,False,
2023-04-01T09:00:00Z,4396.0,4396.0,False,False,False,
2023-04-01T10:00:00Z,4477.0,4477.0,False,False,False,
2023-04-01T11:00:00Z,4644.0,4644.0,False,False,False,
2023-04-01T12:00:00Z,4852.0,4852.0,False,False,False,
2023-04-01T13:00:00Z,5175.0,5175.0,False,False,False,
2023-04-01T14:00:00Z,5477.0,5477.0,False,False,False,
2023-04-01T15:00:00Z,5666.0,5666.0,False,False,False,
2023-04-01T16:00:00Z,5847.0,5847.0,False,False,False,
2023-04-01T17:00:00Z,5880.0,5880.0,False,False,False,
2023-04-01T18:00:00Z,5844.0,5844.0,False,False,False,
2023-04-01T19:00:00Z,5719.0,5719.0,False,False,False,
2023-04-01T20:00:00Z,5661.0,5661.0,False,False,False,
2023-04-01T21:00:00Z,5716.0,5716.0,False,False,False,
2023-04-01T22:00:00Z,5935.0,5935.0,False,False,False,
2023-04-01T23:00:00Z,6067.0,6067.0,False,False,False,
2023-04-02T00:00:00Z,6026.0,6026.0,False,False,False,
2023-04-02T01:00:00Z,6141.0,6141.0,False,False,False,
2023-04-02T02:00:00Z,5961.0,5961.0,False,False,False,
2023-04-02T03:00:00Z,5604.0,5604.0,False,False,False,
2023-04-02T04:00:00Z,5206.0,5206.0,False,False,False,
2023-04-02T05:00:00Z,4798.0,4798.0,False,False,False,
2023-04-02T06:00:00Z,4475.0,4475.0,False,False,False,
2023-04-02T07:00:00Z,4298.0,4298.0,False,False,False,
2023-04-02T08:00:00Z,4197.0,4197.0,False,False,False,
2023-04-02T09:00:00Z,4185.0,4185.0,False,False,False,
2023-04-02T10:00:00Z,4266.0,4266.0,False,False,False,
2023-04-02T11:00:00Z,4481.0,4481.0,False,False,False,
2023-04-02T12:00:00Z,4783.0,4783.0,False,False,False,
2023-04-02T13:00:00Z,5066.0,5066.0,False,False,False,
2023-04-02T14:00:00Z,5177.0,5177.0,False,False,False,
2023-04-02T15:00:00Z,4987.0,4987.0,False,False,False,
2023-04-02T16:00:00Z,4986.0,4986.0,False,False,False,
2023-04-02T17:00:00Z,5067.0,5067.0,False,False,False,
2023-04-02T18:00:00Z,4964.0,4964.0,False,False,False,
2023-04-02T19:00:00Z,5038.0,5038.0,False,False,False,
2023-04-02T20:00:00Z,5101.0,5101.0,False,False,False,
2023-04-02T21:00:00Z,5017.0,5017.0,False,False,False,
2023-04-02T22:00:00Z,5493.0,5493.0,False,False,False,
2023-04-02T23:00:00Z,5673.0,5673.0,False,False,False,
2023-04-03T00:00:00Z,5806.0,5806.0,False,False,False,
2023-04-03T01:00:00Z,5998.0,5998.0,False,False,False,
2023-04-03T02:00:00Z,5728.0,5728.0,False,False,False,
2023-04-03T03:00:00Z,5359.0,5359.0,False,False,False,
2023-04-03T04:00:00Z,4974.0,4974.0,False,False,False,
2023-04-03T05:00:00Z,4811.0,4811.0,False,False,False,
2023-04-03T06:00:00Z,4605.0,4605.0,False,False,False,
2023-04-03T07:00:00Z,4569.0,4569.0,False,False,False,
2023-04-03T08:00:00Z,4635.0,4635.0,False,False,False,
2023-04-03T09:00:00Z,4626.0,4626.0,False,False,False,
2023-04-03T10:00:00Z,5374.0,5374.0,False,False,False,
2023-04-03T11:00:00Z,6106.0,6106.0,False,False,False,
2023-04-03T12:00:00Z,6452.0,6452.0,False,False,False,
2023-04-03T13:00:00Z,6242.0,6242.0,False,False,False,
2023-04-03T14:00:00Z,5965.0,5965.0,False,False,False,
2023-04-03T15:00:00Z,5704.0,5704.0,False,False,False,
2023-04-03T16:00:00Z,5627.0,5627.0,False,False,False,
2023-04-03T17:00:00Z,5627.0,5627.0,False,False,False,
2023-04-03T18:00:00Z,5657.0,5657.0,False,False,False,
2023-04-03T19:00:00Z,5697.0,5697.0,False,False,False,
2023-04-03T20:00:00Z,5741.0,5741.0,False,False,False,
2023-04-03T21:00:00Z,5857.0,5857.0,False,False,False,
2023-04-03T22:00:00Z,5988.0,5988.0,False,False,False,
2023-04-03T23:00:00Z,6098.0,6098.0,False,False,False,
2023-04-04T00:00:00Z,6273.0,6273.0,False,False,False,
2023-04-04T01:00:00Z,6327.0,6327.0,False,False,False,
2023-04-04T02:00:00Z,6018.0,6018.0,False,False,False,
2023-04-04T03:00:00Z,5553.0,5553.0,False,False,False,
2023-04-04T04:00:00Z,5110.0,5110.0,False,False,False,
2023-04-04T05:00:00Z,4764.0,4764.0,False,False,False,
2023-04-04T06:00:00Z,4581.0,4581.0,False,False,False,
2023-04-04T07:00:00Z,4454.0,4454.0,False,False,False,
2023-04-04T08:00:00Z,4424.0,4424.0,False,False,False,
2023-04-04T09:00:00Z,4519.0,4519.0,False,False,False,
2023-04-04T10:00:00Z,4846.0,4846.0,False,False,False,
2023-04-04T11:00:00Z,5422.0,5422.0,False,False,False,
2023-04-04T12:00:00Z,5678.0,5678.0,False,False,False,
2023-04-04T13:00:00Z,5703.0,5703.0,False,False,False,
2023-04-04T14:00:00Z,5743.0,5743.0,False,False,False,
2023-04-04T15:00:00Z,5716.0,5716.0,False,False,False,
2023-04-04T16:00:00Z,5826.0,5826.0,False,False,False,
2023-04-04T17:00:00Z,5980.0,5980.0,False,False,False,
2023-04-04T18:00:00Z,6192.0,6192.0,False,False,False,
2023-04-04T19:00:00Z,6437.0,6437.0,False,False,False,
2023-04-04T20:00:00Z,6709.0,6709.0,False,False,False,
2023-04-04T21:00:00Z,7067.0,7067.0,False,False,False,
2023-04-04T22:00:00Z,7310.0,7310.0,False,False,False,
2023-04-04T23:00:00Z,7432.0,7432.0,False,False,False,
2023-04-05T00:00:00Z,7353.0,7353.0,False,False,False,
2023-04-05T01:00:00Z,7276.0,7276.0,False,False,False,
2023-04-05T02:00:00Z,6807.0,6807.0,False,False,False,
2023-04-05T03:00:00Z,6166.0,6166.0,False,False,False,
2023-04-05T04:00:00Z,5547.0,5547.0,False,False,False,
2023-04-05T05:00:00Z,5128.0,5128.0,False,False,False,
2023-04-05T06:00:00Z,4734.0,4734.0,False,False,False,
2023-04-05T07:00:00Z,4638.0,4638.0,False,False,False,
2023-04-05T08:00:00Z,4414.0,4414.0,False,False,False,
2023-04-05T09:00:00Z,4544.0,4544.0,False,False,False,
2023-04-05T10:00:00Z,4882.0,4882.0,False,False,False,
2023-04-05T11:00:00Z,5302.0,5302.0,False,False,False,
2023-04-05T12:00:00Z,5671.0,5671.0,False,False,False,
2023-04-05T13:00:00Z,5763.0,5763.0,False,False,False,
2023-04-05T14:00:00Z,5873.0,5873.0,False,False,False,
2023-04-05T15:00:00Z,6084.0,6084.0,False,False,False,
2023-04-05T16:00:00Z,6468.0,6468.0,False,False,False,
2023-04-05T17:00:00Z,6872.0,6872.0,False,False,False,
2023-04-05T18:00:00Z,7286.0,7286.0,False,False,False,
2023-04-05T19:00:00Z,7598.0,7598.0,False,False,False,
2023-04-05T20:00:00Z,7800.0,7800.0,False,False,False,
2023-04-05T21:00:00Z,7857.0,7857.0,False,False,False,
2023-04-05T22:00:00Z,8019.0,8019.0,False,False,False,
2023-04-05T23:00:00Z,7947.0,7947.0,False,False,False,
2023-04-06T00:00:00Z,7866.0,7866.0,False,False,False,
2023-04-06T01:00:00Z,7794.0,7794.0,False,False,False,
2023-04-06T02:00:00Z,7390.0,7390.0,False,False,False,
2023-04-06T03:00:00Z,6753.0,6753.0,False,False,False,
2023-04-06T04:00:00Z,6076.0,6076.0,False,False,False,
2023-04-06T05:00:00Z,5552.0,5552.0,False,False,False,
2023-04-06T06:00:00Z,5219.0,5219.0,False,False,False,
2023-04-06T07:00:00Z,5002.0,5002.0,False,False,False,
2023-04-06T08:00:00Z,4910.0,4910.0,False,False,False,
2023-04-06T09:00:00Z,4906.0,4906.0,False,False,False,
2023-04-06T10:00:00Z,5204.0,5204.0,False,False,False,
2023-04-06T11:00:00Z,5773.0,5773.0,False,False,False,
2023-04-06T12:00:00Z,6021.0,6021.0,False,False,False,
2023-04-06T13:00:00Z,6231.0,6231.0,False,False,False,
2023-04-06T14:00:00Z,6431.0,6431.0,False,False,False,
2023-04-06T15:00:00Z,6633.0,6633.0,False,False,False,
2023-04-06T16:00:00Z,6942.0,6942.0,False,False,False,
2023-04-06T17:00:00Z,7258.0,7258.0,False,False,False,
2023-04-06T18:00:00Z,7653.0,7653.0,False,False,False,
2023-04-06T19:00:00Z,7990.0,7990.0,False,False,False,
2023-04-06T20:00:00Z,8171.0,8171.0,False,False,False,
2023-04-06T21:00:00Z,8205.0,8205.0,False,False,False,
2023-04-06T22:00:00Z,8175.0,8175.0,False,False,False,
2023-04-06T23:00:00Z,8021.0,8021.0,False,False,False,
2023-04-07T00:00:00Z,7929.0,7929.0,False,False,False,
2023-04-07T01:00:00Z,7790.0,7790.0,False,False,False,
2023-04-07T02:00:00Z,7327.0,7327.0,False,False,False,
2023-04-07T03:00:00Z,6723.0,6723.0,False,False,False,
2023-04-07T04:00:00Z,6102.0,6102.0,False,False,False,
2023-04-07T05:00:00Z,5569.0,5569.0,False,False,False,
2023-04-07T06:00:00Z,5202.0,5202.0,False,False,False,
2023-04-07T07:00:00Z,4961.0,4961.0,False,False,False,
2023-04-07T08:00:00Z,4842.0,4842.0,False,False,False,
2023-04-07T09:00:00Z,4801.0,4801.0,False,False,False,
2023-04-07T10:00:00Z,4883.0,4883.0,False,False,False,
2023-04-07T11:00:00Z,5122.0,5122.0,False,False,False,
2023-04-07T12:00:00Z,5263.0,5263.0,False,False,False,
2023-04-07T13:00:00Z,5485.0,5485.0,False,False,False,
2023-04-07T14:00:00Z,5747.0,5747.0,False,False,False,
2023-04-07T15:00:00Z,5936.0,5936.0,False,False,False,
2023-04-07T16:00:00Z,6029.0,6029.0,False,False,False,
2023-04-07T17:00:00Z,6073.0,6073.0,False,False,False,
2023-04-07T18:00:00Z,6079.0,6079.0,False,False,False,
2023-04-07T19:00:00Z,6050.0,6050.0,False,False,False,
2023-04-07T20:00:00Z,6067.0,6067.0,False,False,False,
2023-04-07T21:00:00Z,6039.0,6039.0,False,False,False,
2023-04-07T22:00:00Z,6095.0,6095.0,False,False,False,
2023-04-07T23:00:00Z,6104.0,6104.0,False,False,False,
2023-04-08T00:00:00Z,6215.0,6215.0,False,False,False,
2023-04-08T01:00:00Z,6202.0,6202.0,False,False,False,
2023-04-08T02:00:00Z,6035.0,6035.0,False,False,False,
2023-04-08T03:00:00Z,5784.0,5784.0,False,False,False,
2023-04-08T04:00:00Z,5433.0,5433.0,False,False,False,
2023-04-08T05:00:00Z,5234.0,5234.0,False,False,False,
2023-04-08T06:00:00Z,5034.0,5034.0,False,False,False,
2023-04-08T07:00:00Z,4984.0,4984.0,False,False,False,
2023-04-08T08:00:00Z,4932.0,4932.0,False,False,False,
2023-04-08T09:00:00Z,4956.0,4956.0,False,False,False,
2023-04-08T10:00:00Z,5137.0,5137.0,False,False,False,
2023-04-08T11:00:00Z,5413.0,5413.0,False,False,False,
2023-04-08T12:00:00Z,5696.0,5696.0,False,False,False,
2023-04-08T13:00:00Z,6162.0,6162.0,False,False,False,
2023-04-08T14:00:00Z,6580.0,6580.0,False,False,False,
2023-04-08T15:00:00Z,6832.0,6832.0,False,False,False,
2023-04-08T16:00:00Z,6896.0,6896.0,False,False,False,
2023-04-08T17:00:00Z,6912.0,6912.0,False,False,False,
2023-04-08T18:00:00Z,6886.0,6886.0,False,False,False,
2023-04-08T19:00:00Z,6806.0,6806.0,False,False,False,
2023-04-08T20:00:00Z,6858.0,6858.0,False,False,False,
2023-04-08T21:00:00Z,7036.0,7036.0,False,False,False,
2023-04-08T22:00:00Z,7136.0,7136.0,False,False,False,
2023-04-08T23:00:00Z,7218.0,7218.0,False,False,False,
2023-04-09T00:00:00Z,7412.0,7412.0,False,False,False,
2023-04-09T01:00:00Z,7456.0,7456.0,False,False,False,
2023-04-09T02:00:00Z,7252.0,7252.0,False,False,False,
2023-04-09T03:00:00Z,6971.0,6971.0,False,False,False,
2023-04-09T04:00:00Z,6621.0,6621.0,False,False,False,
2023-04-09T05:00:00Z,6325.0,6325.0,False,False,False,
2023-04-09T06:00:00Z,6176.0,6176.0,False,False,False,
2023-04-09T07:00:00Z,6022.0,6022.0,False,False,False,
2023-04-09T08:00:00Z,5949.0,5949.0,False,False,False,
2023-04-09T09:00:00Z,6000.0,6000.0,False,False,False,
2023-04-09T10:00:00Z,6149.0,6149.0,False,False,False,
2023-04-09T11:00:00Z,6462.0,6462.0,False,False,False,
2023-04-09T12:00:00Z,6680.0,6680.0,False,False,False,
2023-04-09T13:00:00Z,6925.0,6925.0,False,False,False,
2023-04-09T14:00:00Z,6813.0,6813.0,False,False,False,
2023-04-09T15:00:00Z,6313.0,6313.0,False,False,False,
2023-04-09T16:00:00Z,6041.0,6041.0,False,False,False,
2023-04-09T17:00:00Z,5618.0,5618.0,False,False,False,
2023-04-09T18:00:00Z,5305.0,5305.0,False,False,False,
2023-04-09T19:00:00Z,5109.0,5109.0,False,False,False,
2023-04-09T20:00:00Z,4949.0,4949.0,False,False,False,
2023-04-09T21:00:00Z,4964.0,4964.0,False,False,False,
2023-04-09T22:00:00Z,5084.0,5084.0,False,False,False,
2023-04-09T23:00:00Z,5303.0,5303.0,False,False,False,
2023-04-10T00:00:00Z,5664.0,5664.0,False,False,False,
2023-04-10T01:00:00Z,6122.0,6122.0,False,False,False,
2023-04-10T02:00:00Z,6101.0,6101.0,False,False,False,
2023-04-10T03:00:00Z,5907.0,5907.0,False,False,False,
2023-04-10T04:00:00Z,5673.0,5673.0,False,False,False,
2023-04-10T05:00:00Z,5511.0,5511.0,False,False,False,
2023-04-10T06:00:00Z,5513.0,5513.0,False,False,False,
2023-04-10T07:00:00Z,5576.0,5576.0,False,False,False,
2023-04-10T08:00:00Z,5767.0,5767.0,False,False,False,
2023-04-10T09:00:00Z,5943.0,5943.0,False,False,False,
2023-04-10T10:00:00Z,6612.0,6612.0,False,False,False,
2023-04-10T11:00:00Z,7276.0,7276.0,False,False,False,
2023-04-10T12:00:00Z,7615.0,7615.0,False,False,False,
2023-04-10T13:00:00Z,7474.0,7474.0,False,False,False,
2023-04-10T14:00:00Z,6937.0,6937.0,False,False,False,
2023-04-10T15:00:00Z,6449.0,6449.0,False,False,False,
2023-04-10T16:00:00Z,6081.0,6081.0,False,False,False,
2023-04-10T17:00:00Z,5804.0,5804.0,False,False,False,
2023-04-10T18:00:00Z,5618.0,5618.0,False,False,False,
2023-04-10T19:00:00Z,5476.0,5476.0,False,False,False,
2023-04-10T20:00:00Z,5483.0,5483.0,False,False,False,
2023-04-10T21:00:00Z,5490.0,5490.0,False,False,False,
2023-04-10T22:00:00Z,5590.0,5590.0,False,False,False,
2023-04-10T23:00:00Z,5828.0,5828.0,False,False,False,
2023-04-11T00:00:00Z,6111.0,6111.0,False,False,False,
2023-04-11T01:00:00Z,6400.0,6400.0,False,False,False,
2023-04-11T02:00:00Z,6233.0,6233.0,False,False,False,
2023-04-11T03:00:00Z,5940.0,5940.0,False,False,False,
2023-04-11T04:00:00Z,5655.0,5655.0,False,False,False,
2023-04-11T05:00:00Z,5475.0,5475.0,False,False,False,
2023-04-11T06:00:00Z,5492.0,5492.0,False,False,False,
2023-04-11T07:00:00Z,5589.0,5589.0,False,False,False,
2023-04-11T08:00:00Z,5772.0,5772.0,False,False,False,
2023-04-11T09:00:00Z,6131.0,6131.0,False,False,False,
2023-04-11T10:00:00Z,6742.0,6742.0,False,False,False,
2023-04-11T11:00:00Z,7536.0,7536.0,False,False,False,
2023-04-11T12:00:00Z,7852.0,7852.0,False,False,False,
2023-04-11T13:00:00Z,7264.0,7264.0,False,False,False,
2023-04-11T14:00:00Z,6472.0,6472.0,False,False,False,
2023-04-11T15:00:00Z,6158.0,6158.0,False,False,False,
2023-04-11T16:00:00Z,5761.0,5761.0,False,False,False,
2023-04-11T17:00:00Z,5565.0,5565.0,False,False,False,
2023-04-11T18:00:00Z,5550.0,5550.0,False,False,False,
2023-04-11T19:00:00Z,5457.0,5457.0,False,False,False,
2023-04-11T20:00:00Z,5541.0,5541.0,False,False,False,
2023-04-11T21:00:00Z,5689.0,5689.0,False,False,False,
2023-04-11T22:00:00Z,5882.0,5882.0,False,False,False,
2023-04-11T23:00:00Z,6088.0,6088.0,False,False,False,
2023-04-12T00:00:00Z,6163.0,6163.0,False,False,False,
2023-04-12T01:00:00Z,6291.0,6291.0,False,False,False,
2023-04-12T02:00:00Z,6033.0,6033.0,False,False,False,
2023-04-12T03:00:00Z,5600.0,5600.0,False,False,False,
2023-04-12T04:00:00Z,5149.0,5149.0,False,False,False,
2023-04-12T05:00:00Z,4745.0,4745.0,False,False,False,
2023-04-12T06:00:00Z,4815.0,4815.0,False,False,False,
2023-04-12T07:00:00Z,4717.0,4717.0,False,False,False,
2023-04-12T08:00:00Z,4795.0,4795.0,False,False,False,
2023-04-12T09:00:00Z,5016.0,5016.0,False,False,False,
2023-04-12T10:00:00Z,5494.0,5494.0,False,False,False,
2023-04-12T11:00:00Z,6171.0,6171.0,False,False,False,
2023-04-12T12:00:00Z,6602.0,6602.0,False,False,False,
2023-04-12T13:00:00Z,6250.0,6250.0,False,False,False,
2023-04-12T14:00:00Z,5893.0,5893.0,False,False,False,
2023-04-12T15:00:00Z,5642.0,5642.0,False,False,False,
2023-04-12T16:00:00Z,5579.0,5579.0,False,False,False,
2023-04-12T17:00:00Z,5681.0,5681.0,False,False,False,
2023-04-12T18:00:00Z,5711.0,5711.0,False,False,False,
2023-04-12T19:00:00Z,5798.0,5798.0,False,False,False,
2023-04-12T20:00:00Z,6078.0,6078.0,False,False,False,
2023-04-12T21:00:00Z,6340.0,6340.0,False,False,False,
2023-04-12T22:00:00Z,6545.0,6545.0,False,False,False,
2023-04-12T23:00:00Z,6695.0,6695.0,False,False,False,
2023-04-13T00:00:00Z,6646.0,6646.0,False,False,False,
2023-04-13T01:00:00Z,6628.0,6628.0,False,False,False,
2023-04-13T02:00:00Z,6266.0,6266.0,False,False,False,
2023-04-13T03:00:00Z,5717.0,5717.0,False,False,False,
2023-04-13T04:00:00Z,5158.0,5158.0,False,False,False,
2023-04-13T05:00:00Z,4777.0,4777.0,False,False,False,
2023-04-13T06:00:00Z,4537.0,4537.0,False,False,False,
2023-04-13T07:00:00Z,4428.0,4428.0,False,False,False,
2023-04-13T08:00:00Z,4391.0,4391.0,False,False,False,
2023-04-13T09:00:00Z,4386.0,4386.0,False,False,False,
2023-04-13T10:00:00Z,4845.0,4845.0,False,False,False,
2023-04-13T11:00:00Z,5455.0,5455.0,False,False,False,
2023-04-13T12:00:00Z,5783.0,5783.0,False,False,False,
2023-04-13T13:00:00Z,5709.0,5709.0,False,False,False,
2023-04-13T14:00:00Z,5669.0,5669.0,False,False,False,
2023-04-13T15:00:00Z,5519.0,5519.0,False,False,False,
2023-04-13T16:00:00Z,5541.0,5541.0,False,False,False,
2023-04-13T17:00:00Z,5830.0,5830.0,False,False,False,
2023-04-13T18:00:00Z,5756.0,5756.0,False,False,False,
2023-04-13T19:00:00Z,6308.0,6308.0,False,False,False,
2023-04-13T20:00:00Z,6533.0,6533.0,False,False,False,
2023-04-13T21:00:00Z,6761.0,6761.0,False,False,False,
2023-04-13T22:00:00Z,6900.0,6900.0,False,False,False,
2023-04-13T23:00:00Z,6898.0,6898.0,False,False,False,
2023-04-14T00:00:00Z,6787.0,6787.0,False,False,False,
2023-04-14T01:00:00Z,6821.0,6821.0,False,False,False,
2023-04-14T02:00:00Z,6433.0,6433.0,False,False,False,
2023-04-14T03:00:00Z,5902.0,5902.0,False,False,False,
2023-04-14T04:00:00Z,5334.0,5334.0,False,False,False,
2023-04-14T05:00:00Z,4888.0,4888.0,False,False,False,
2023-04-14T06:00:00Z,4639.0,4639.0,False,False,False,
2023-04-14T07:00:00Z,4486.0,4486.0,False,False,False,
2023-04-14T08:00:00Z,4423.0,4423.0,False,False,False,
2023-04-14T09:00:00Z,4484.0,4484.0,False,False,False,
2023-04-14T10:00:00Z,4755.0,4755.0,False,False,False,
2023-04-14T11:00:00Z,5201.0,5201.0,False,False,False,
2023-04-14T12:00:00Z,5489.0,5489.0,False,False,False,
2023-04-14T13:00:00Z,5710.0,5710.0,False,False,False,
2023-04-14T14:00:00Z,5855.0,5855.0,False,False,False,
2023-04-14T15:00:00Z,5949.0,5949.0,False,False,False,
2023-04-14T16:00:00Z,6071.0,6071.0,False,False,False,
2023-04-14T17:00:00Z,6138.0,6138.0,False,False,False,
2023-04-14T18:00:00Z,6308.0,6308.0,False,False,False,
2023-04-14T19:00:00Z,6338.0,6338.0,False,False,False,
2023-04-14T20:00:00Z,6843.0,6843.0,False,False,False,
2023-04-14T21:00:00Z,6929.0,6929.0,False,False,False,
2023-04-14T22:00:00Z,6947.0,6947.0,False,False,False,
2023-04-14T23:00:00Z,6870.0,6870.0,False,False,False,
2023-04-15T00:00:00Z,6725.0,6725.0,False,False,False,
2023-04-15T01:00:00Z,6640.0,6640.0,False,False,False,
2023-04-15T02:00:00Z,6325.0,6325.0,False,False,False,
2023-04-15T03:00:00Z,5930.0,5930.0,False,False,False,
2023-04-15T04:00:00Z,5437.0,5437.0,False,False,False,
2023-04-15T05:00:00Z,5009.0,5009.0,False,False,False,
2023-04-15T06:00:00Z,4682.0,4682.0,False,False,False,
2023-04-15T07:00:00Z,4533.0,4533.0,False,False,False,
2023-04-15T08:00:00Z,4460.0,4460.0,False,False,False,
2023-04-15T09:00:00Z,4427.0,4427.0,False,False,False,
2023-04-15T10:00:00Z,4500.0,4500.0,False,False,False,
2023-04-15T11:00:00Z,4508.0,4508.0,False,False,False,
2023-04-15T12:00:00Z,4802.0,4802.0,False,False,False,
2023-04-15T13:00:00Z,5125.0,5125.0,False,False,False,
2023-04-15T14:00:00Z,5399.0,5399.0,False,False,False,
2023-04-15T15:00:00Z,5623.0,5623.0,False,False,False,
2023-04-15T16:00:00Z,5835.0,5835.0,False,False,False,
2023-04-15T17:00:00Z,6183.0,6183.0,False,False,False,
2023-04-15T18:00:00Z,6423.0,6423.0,False,False,False,
2023-04-15T19:00:00Z,6589.0,6589.0,False,False,False,
2023-04-15T20:00:00Z,6722.0,6722.0,False,False,False,
2023-04-15T21:00:00Z,6739.0,6739.0,False,False,False,
2023-04-15T22:00:00Z,6871.0,6871.0,False,False,False,
2023-04-15T23:00:00Z,6914.0,6914.0,False,False,False,
2023-04-16T00:00:00Z,6726.0,6726.0,False,False,False,
2023-04-16T01:00:00Z,6626.0,6626.0,False,False,False,
2023-04-16T02:00:00Z,6259.0,6259.0,False,False,False,
2023-04-16T03:00:00Z,5825.0,5825.0,False,False,False,
2023-04-16T04:00:00Z,5289.0,5289.0,False,False,False,
2023-04-16T05:00:00Z,4882.0,4882.0,False,False,False,
2023-04-16T06:00:00Z,4506.0,4506.0,False,False,False,
2023-04-16T07:00:00Z,4414.0,4414.0,False,False,False,
2023-04-16T08:00:00Z,4163.0,4163.0,False,False,False,
2023-04-16T09:00:00Z,4209.0,4209.0,False,False,False,
2023-04-16T10:00:00Z,4239.0,4239.0,False,False,False,
2023-04-16T11:00:00Z,4331.0,4331.0,False,False,False,
2023-04-16T12:00:00Z,4530.0,4530.0,False,False,False,
2023-04-16T13:00:00Z,4900.0,4900.0,False,False,False,
2023-04-16T14:00:00Z,5197.0,5197.0,False,False,False,
2023-04-16T15:00:00Z,5414.0,5414.0,False,False,False,
2023-04-16T16:00:00Z,5663.0,5663.0,False,False,False,
2023-04-16T17:00:00Z,5922.0,5922.0,False,False,False,
2023-04-16T18:00:00Z,6166.0,6166.0,False,False,False,
2023-04-16T19:00:00Z,6562.0,6562.0,False,False,False,
2023-04-16T20:00:00Z,6705.0,6705.0,False,False,False,
2023-04-16T21:00:00Z,6874.0,6874.0,False,False,False,
2023-04-16T22:00:00Z,6985.0,6985.0,False,False,False,
2023-04-16T23:00:00Z,7016.0,7016.0,False,False,False,
2023-04-17T00:00:00Z,7006.0,7006.0,False,False,False,
2023-04-17T01:00:00Z,7042.0,7042.0,False,False,False,
2023-04-17T02:00:00Z,6681.0,6681.0,False,False,False,
2023-04-17T03:00:00Z,6123.0,6123.0,False,False,False,
2023-04-17T04:00:00Z,5501.0,5501.0,False,False,False,
2023-04-17T05:00:00Z,5008.0,5008.0,False,False,False,
2023-04-17T06:00:00Z,4791.0,4791.0,False,False,False,
2023-04-17T07:00:00Z,4591.0,4591.0,False,False,False,
2023-04-17T08:00:00Z,4483.0,4483.0,False,False,False,
2023-04-17T09:00:00Z,4523.0,4523.0,False,False,False,
2023-04-17T10:00:00Z,4812.0,4812.0,False,False,False,
2023-04-17T11:00:00Z,5361.0,5361.0,False,False,False,
2023-04-17T12:00:00Z,5557.0,5557.0,False,False,False,
2023-04-17T13:00:00Z,5555.0,5555.0,False,False,False,
2023-04-17T14:00:00Z,5545.0,5545.0,False,False,False,
2023-04-17T15:00:00Z,5567.0,5567.0,False,False,False,
2023-04-17T16:00:00Z,5624.0,5624.0,False,False,False,
2023-04-17T17:00:00Z,5735.0,5735.0,False,False,False,
2023-04-17T18:00:00Z,5798.0,5798.0,False,False,False,
2023-04-17T19:00:00Z,5907.0,5907.0,False,False,False,
2023-04-17T20:00:00Z,5997.0,5997.0,False,False,False,
2023-04-17T21:00:00Z,6189.0,6189.0,False,False,False,
2023-04-17T22:00:00Z,6374.0,6374.0,False,False,False,
2023-04-17T23:00:00Z,6482.0,6482.0,False,False,False,
2023-04-18T00:00:00Z,6461.0,6461.0,False,False,False,
2023-04-18T01:00:00Z,6520.0,6520.0,False,False,False,
2023-04-18T02:00:00Z,6172.0,6172.0,False,False,False,
2023-04-18T03:00:00Z,5628.0,5628.0,False,False,False,
2023-04-18T04:00:00Z,5100.0,5100.0,False,False,False,
2023-04-18T05:00:00Z,4711.0,4711.0,False,False,False,
2023-04-18T06:00:00Z,4533.0,4533.0,False,False,False,
2023-04-18T07:00:00Z,4422.0,4422.0,False,False,False,
2023-04-18T08:00:00Z,4432.0,4432.0,False,False,False,
2023-04-18T09:00:00Z,4523.0,4523.0,False,False,False,
2023-04-18T10:00:00Z,5023.0,5023.0,False,False,False,
2023-04-18T11:00:00Z,5715.0,5715.0,False,False,False,
2023-04-18T12:00:00Z,6025.0,6025.0,False,False,False,
2023-04-18T13:00:00Z,5831.0,5831.0,False,False,False,
2023-04-18T14:00:00Z,5691.0,5691.0,False,False,False,
2023-04-18T15:00:00Z,5554.0,5554.0,False,False,False,
2023-04-18T16:00:00Z,5530.0,5530.0,False,False,False,
2023-04-18T17:00:00Z,5552.0,5552.0,False,False,False,
2023-04-18T18:00:00Z,5685.0,5685.0,False,False,False,
2023-04-18T19:00:00Z,5751.0,5751.0,False,False,False,
2023-04-18T20:00:00Z,5976.0,5976.0,False,False,False,
2023-04-18T21:00:00Z,6262.0,6262.0,False,False,False,
2023-04-18T22:00:00Z,6499.0,6499.0,False,False,False,
2023-04-18T23:00:00Z,6668.0,6668.0,False,False,False,
2023-04-19T00:00:00Z,6625.0,6625.0,False,False,False,
2023-04-19T01:00:00Z,6674.0,6674.0,False,False,False,
2023-04-19T02:00:00Z,6295.0,6295.0,False,False,False,
2023-04-19T03:00:00Z,5724.0,5724.0,False,False,False,
2023-04-19T04:00:00Z,5168.0,5168.0,False,False,False,
2023-04-19T05:00:00Z,4749.0,4749.0,False,False,False,
2023-04-19T06:00:00Z,4562.0,4562.0,False,False,False,
2023-04-19T07:00:00Z,4454.0,4454.0,False,False,False,
2023-04-19T08:00:00Z,4419.0,4419.0,False,False,False,
2023-04-19T09:00:00Z,4505.0,4505.0,False,False,False,
2023-04-19T10:00:00Z,4898.0,4898.0,False,False,False,
2023-04-19T11:00:00Z,5514.0,5514.0,False,False,False,
2023-04-19T12:00:00Z,5732.0,5732.0,False,False,False,
2023-04-19T13:00:00Z,5681.0,5681.0,False,False,False,
2023-04-19T14:00:00Z,5665.0,5665.0,False,False,False,
2023-04-19T15:00:00Z,5725.0,5725.0,False,False,False,
2023-04-19T16:00:00Z,5911.0,5911.0,False,False,False,
2023-04-19T17:00:00Z,6231.0,6231.0,False,False,False,
2023-04-19T18:00:00Z,6560.0,6560.0,False,False,False,
2023-04-19T19:00:00Z,6967.0,6967.0,False,False,False,
2023-04-19T20:00:00Z,7316.0,7316.0,False,False,False,
2023-04-19T21:00:00Z,7684.0,7684.0,False,False,False,
2023-04-19T22:00:00Z,7886.0,7886.0,False,False,False,
2023-04-19T23:00:00Z,7949.0,7949.0,False,False,False,
2023-04-20T00:00:00Z,7691.0,7691.0,False,False,False,
2023-04-20T01:00:00Z,7444.0,7444.0,False,False,False,
2023-04-20T02:00:00Z,6924.0,6924.0,False,False,False,
2023-04-20T03:00:00Z,6202.0,6202.0,False,False,False,
2023-04-20T04:00:00Z,5528.0,5528.0,False,False,False,
2023-04-20T05:00:00Z,5031.0,5031.0,False,False,False,
2023-04-20T06:00:00Z,4752.0,4752.0,False,False,False,
2023-04-20T07:00:00Z,4449.0,4449.0,False,False,False,
2023-04-20T08:00:00Z,4438.0,4438.0,False,False,False,
2023-04-20T09:00:00Z,4479.0,4479.0,False,False,False,
2023-04-20T10:00:00Z,4793.0,4793.0,False,False,False,
2023-04-20T11:00:00Z,5343.0,5343.0,False,False,False,
2023-04-20T12:00:00Z,5590.0,5590.0,False,False,False,
2023-04-20T13:00:00Z,5591.0,5591.0,False,False,False,
2023-04-20T14:00:00Z,5733.0,5733.0,False,False,False,
2023-04-20T15:00:00Z,5939.0,5939.0,False,False,False,
2023-04-20T16:00:00Z,6264.0,6264.0,False,False,False,
2023-04-20T17:00:00Z,6624.0,6624.0,False,False,False,
2023-04-20T18:00:00Z,7106.0,7106.0,False,False,False,
2023-04-20T19:00:00Z,7530.0,7530.0,False,False,False,
2023-04-20T20:00:00Z,7844.0,7844.0,False,False,False,
2023-04-20T21:00:00Z,7960.0,7960.0,False,False,False,
2023-04-20T22:00:00Z,8077.0,8077.0,False,False,False,
2023-04-20T23:00:00Z,8046.0,8046.0,False,False,False,
2023-04-21T00:00:00Z,7920.0,7920.0,False,False,False,
2023-04-21T01:00:00Z,7680.0,7680.0,False,False,False,
2023-04-21T02:00:00Z,7109.0,7109.0,False,False,False,
2023-04-21T03:00:00Z,6440.0,6440.0,False,False,False,
2023-04-21T04:00:00Z,5730.0,5730.0,False,False,False,
2023-04-21T05:00:00Z,5210.0,5210.0,False,False,False,
2023-04-21T06:00:00Z,4846.0,4846.0,False,False,False,
2023-04-21T07:00:00Z,4612.0,4612.0,False,False,False,
2023-04-21T08:00:00Z,4559.0,4559.0,False,False,False,
2023-04-21T09:00:00Z,4543.0,4543.0,False,False,False,
2023-04-21T10:00:00Z,4783.0,4783.0,False,False,False,
2023-04-21T11:00:00Z,5268.0,5268.0,False,False,False,
2023-04-21T12:00:00Z,5555.0,5555.0,False,False,False,
2023-04-21T13:00:00Z,5633.0,5633.0,False,False,False,
2023-04-21T14:00:00Z,5777.0,5777.0,False,False,False,
2023-04-21T15:00:00Z,6078.0,6078.0,False,False,False,
2023-04-21T16:00:00Z,6403.0,6403.0,False,False,False,
2023-04-21T17:00:00Z,6733.0,6733.0,False,False,False,
2023-04-21T18:00:00Z,7130.0,7130.0,False,False,False,
2023-04-21T19:00:00Z,7420.0,7420.0,False,False,False,
2023-04-21T20:00:00Z,7668.0,7668.0,False,False,False,
2023-04-21T21:00:00Z,7678.0,7678.0,False,False,False,
2023-04-21T22:00:00Z,7798.0,7798.0,False,False,False,
2023-04-21T23:00:00Z,7690.0,7690.0,False,False,False,
2023-04-22T00:00:00Z,7313.0,7313.0,False,False,False,
2023-04-22T01:00:00Z,7100.0,7100.0,False,False,False,
2023-04-22T02:00:00Z,6618.0,6618.0,False,False,False,
2023-04-22T03:00:00Z,6121.0,6121.0,False,False,False,
2023-04-22T04:00:00Z,5559.0,5559.0,False,False,False,
2023-04-22T05:00:00Z,5076.0,5076.0,False,False,False,
2023-04-22T06:00:00Z,4757.0,4757.0,False,False,False,
2023-04-22T07:00:00Z,4518.0,4518.0,False,False,False,
2023-04-22T08:00:00Z,4407.0,4407.0,False,False,False,
2023-04-22T09:00:00Z,4360.0,4360.0,False,False,False,
2023-04-22T10:00:00Z,4439.0,4439.0,False,False,False,
2023-04-22T11:00:00Z,4562.0,4562.0,False,False,False,
2023-04-22T12:00:00Z,4772.0,4772.0,False,False,False,
2023-04-22T13:00:00Z,5112.0,5112.0,False,False,False,
2023-04-22T14:00:00Z,5423.0,5423.0,False,False,False,
2023-04-22T15:00:00Z,5630.0,5630.0,False,False,False,
2023-04-22T16:00:00Z,5763.0,5763.0,False,False,False,
2023-04-22T17:00:00Z,5792.0,5792.0,False,False,False,
2023-04-22T18:00:00Z,5826.0,5826.0,False,False,False,
2023-04-22T19:00:00Z,5901.0,5901.0,False,False,False,
2023-04-22T20:00:00Z,5895.0,5895.0,False,False,False,
2023-04-22T21:00:00Z,5930.0,5930.0,False,False,False,
2023-04-22T22:00:00Z,6027.0,6027.0,False,False,False,
2023-04-22T23:00:00Z,5959.0,5959.0,False,False,False,
2023-04-23T00:00:00Z,5925.0,5925.0,False,False,False,
2023-04-23T01:00:00Z,5898.0,5898.0,False,False,False,
2023-04-23T02:00:00Z,5636.0,5636.0,False,False,False,
2023-04-23T03:00:00Z,5308.0,5308.0,False,False,False,
2023-04-23T04:00:00Z,4951.0,4951.0,False,False,False,
2023-04-23T05:00:00Z,4625.0,4625.0,False,False,False,
2023-04-23T06:00:00Z,4377.0,4377.0,False,False,False,
2023-04-23T07:00:00Z,4245.0,4245.0,False,False,False,
2023-04-23T08:00:00Z,4163.0,4163.0,False,False,False,
2023-04-23T09:00:00Z,4155.0,4155.0,False,False,False,
2023-04-23T10:00:00Z,4248.0,4248.0,False,False,False,
2023-04-23T11:00:00Z,4381.0,4381.0,False,False,False,
2023-04-23T12:00:00Z,4631.0,4631.0,False,False,False,
2023-04-23T13:00:00Z,4841.0,4841.0,False,False,False,
2023-04-23T14:00:00Z,4909.0,4909.0,False,False,False,
2023-04-23T15:00:00Z,4978.0,4978.0,False,False,False,
2023-04-23T16:00:00Z,4988.0,4988.0,False,False,False,
2023-04-23T17:00:00Z,5121.0,5121.0,False,False,False,
2023-04-23T18:00:00Z,5245.0,5245.0,False,False,False,
2023-04-23T19:00:00Z,5365.0,5365.0,False,False,False,
2023-04-23T20:00:00Z,5540.0,5540.0,False,False,False,
2023-04-23T21:00:00Z,5818.0,5818.0,False,False,False,
2023-04-23T22:00:00Z,6039.0,6039.0,False,False,False,
2023-04-23T23:00:00Z,6162.0,6162.0,False,False,False,
2023-04-24T00:00:00Z,6130.0,6130.0,False,False,False,
2023-04-24T01:00:00Z,6220.0,6220.0,False,False,False,
2023-04-24T02:00:00Z,5922.0,5922.0,False,False,False,
2023-04-24T03:00:00Z,5406.0,5406.0,False,False,False,
2023-04-24T04:00:00Z,4894.0,4894.0,False,False,False,
2023-04-24T05:00:00Z,4522.0,4522.0,False,False,False,
2023-04-24T06:00:00Z,4336.0,4336.0,False,False,False,
2023-04-24T07:00:00Z,4223.0,4223.0,False,False,False,
2023-04-24T08:00:00Z,4193.0,4193.0,False,False,False,
2023-04-24T09:00:00Z,4305.0,4305.0,False,False,False,
2023-04-24T10:00:00Z,4693.0,4693.0,False,False,False,
2023-04-24T11:00:00Z,5309.0,5309.0,False,False,False,
2023-04-24T12:00:00Z,5602.0,5602.0,False,False,False,
2023-04-24T13:00:00Z,5749.0,5749.0,False,False,False,
2023-04-24T14:00:00Z,5789.0,5789.0,False,False,False,
2023-04-24T15:00:00Z,5698.0,5698.0,False,False,False,
2023-04-24T16:00:00Z,5652.0,5652.0,False,False,False,
2023-04-24T17:00:00Z,5536.0,5536.0,False,False,False,
2023-04-24T18:00:00Z,5487.0,5487.0,False,False,False,
2023-04-24T19:00:00Z,5472.0,5472.0,False,False,False,
2023-04-24T20:00:00Z,5504.0,5504.0,False,False,False,
2023-04-24T21:00:00Z,5678.0,5678.0,False,False,False,
2023-04-24T22:00:00Z,5853.0,5853.0,False,False,False,
2023-04-24T23:00:00Z,5977.0,5977.0,False,False,False,
2023-04-25T00:00:00Z,6124.0,6124.0,False,False,False,
2023-04-25T01:00:00Z,6359.0,6359.0,False,False,False,
2023-04-25T02:00:00Z,6116.0,6116.0,False,False,False,
2023-04-25T03:00:00Z,5631.0,5631.0,False,False,False,
2023-04-25T04:00:00Z,5165.0,5165.0,False,False,False,
2023-04-25T05:00:00Z,4846.0,4846.0,False,False,False,
2023-04-25T06:00:00Z,4738.0,4738.0,False,False,False,
2023-04-25T07:00:00Z,4699.0,4699.0,False,False,False,
2023-04-25T08:00:00Z,4722.0,4722.0,False,False,False,
2023-04-25T09:00:00Z,4892.0,4892.0,False,False,False,
2023-04-25T10:00:00Z,5371.0,5371.0,False,False,False,
2023-04-25T11:00:00Z,6076.0,6076.0,False,False,False,
2023-04-25T12:00:00Z,6302.0,6302.0,False,False,False,
2023-04-25T13:00:00Z,6088.0,6088.0,False,False,False,
2023-04-25T14:00:00Z,5794.0,5794.0,False,False,False,
2023-04-25T15:00:00Z,5487.0,5487.0,False,False,False,
2023-04-25T16:00:00Z,5570.0,5570.0,False,False,False,
2023-04-25T17:00:00Z,5569.0,5569.0,False,False,False,
2023-04-25T18:00:00Z,5645.0,5645.0,False,False,False,
2023-04-25T19:00:00Z,5671.0,5671.0,False,False,False,
2023-04-25T20:00:00Z,5704.0,5704.0,False,False,False,
2023-04-25T21:00:00Z,5828.0,5828.0,False,False,False,
2023-04-25T22:00:00Z,5991.0,5991.0,False,False,False,
2023-04-25T23:00:00Z,6092.0,6092.0,False,False,False,
2023-04-26T00:00:00Z,6195.0,6195.0,False,False,False,
2023-04-26T01:00:00Z,6364.0,6364.0,False,False,False,
2023-04-26T02:00:00Z,6060.0,6060.0,False,False,False,
2023-04-26T03:00:00Z,5614.0,5614.0,False,False,False,
2023-04-26T04:00:00Z,5103.0,5103.0,False,False,False,
2023-04-26T05:00:00Z,4797.0,4797.0,False,False,False,
2023-04-26T06:00:00Z,4640.0,4640.0,False,False,False,
2023-04-26T07:00:00Z,4548.0,4548.0,False,False,False,
2023-04-26T08:00:00Z,4572.0,4572.0,False,False,False,
2023-04-26T09:00:00Z,4687.0,4687.0,False,False,False,
2023-04-26T10:00:00Z,5062.0,5062.0,False,False,False,
2023-04-26T11:00:00Z,5714.0,5714.0,False,False,False,
2023-04-26T12:00:00Z,5953.0,5953.0,False,False,False,
2023-04-26T13:00:00Z,5862.0,5862.0,False,False,False,
2023-04-26T14:00:00Z,5762.0,5762.0,False,False,False,
2023-04-26T15:00:00Z,5732.0,5732.0,False,False,False,
2023-04-26T16:00:00Z,5786.0,5786.0,False,False,False,
2023-04-26T17:00:00Z,5853.0,5853.0,False,False,False,
2023-04-26T18:00:00Z,5977.0,5977.0,False,False,False,
2023-04-26T19:00:00Z,6058.0,6058.0,False,False,False,
2023-04-26T20:00:00Z,6142.0,6142.0,False,False,False,
2023-04-26T21:00:00Z,6194.0,6194.0,False,False,False,
2023-04-26T22:00:00Z,6230.0,6230.0,False,False,False,
2023-04-26T23:00:00Z,6294.0,6294.0,False,False,False,
2023-04-27T00:00:00Z,6339.0,6339.0,False,False,False,
2023-04-27T01:00:00Z,6398.0,6398.0,False,False,False,
2023-04-27T02:00:00Z,6116.0,6116.0,False,False,False,
2023-04-27T03:00:00Z,5670.0,5670.0,False,False,False,
2023-04-27T04:00:00Z,5196.0,5196.0,False,False,False,
2023-04-27T05:00:00Z,4867.0,4867.0,False,False,False,
2023-04-27T06:00:00Z,4683.0,4683.0,False,False,False,
2023-04-27T07:00:00Z,4580.0,4580.0,False,False,False,
2023-04-27T08:00:00Z,4561.0,4561.0,False,False,False,
2023-04-27T09:00:00Z,4640.0,4640.0,False,False,False,
2023-04-27T10:00:00Z,4936.0,4936.0,False,False,False,
2023-04-27T11:00:00Z,5544.0,5544.0,False,False,False,
2023-04-27T12:00:00Z,5814.0,5814.0,False,False,False,
2023-04-27T13:00:00Z,5908.0,5908.0,False,False,False,
2023-04-27T14:00:00Z,5956.0,5956.0,False,False,False,
2023-04-27T15:00:00Z,5996.0,5996.0,False,False,False,
2023-04-27T16:00:00Z,5985.0,5985.0,False,False,False,
2023-04-27T17:00:00Z,6002.0,6002.0,False,False,False,
2023-04-27T18:00:00Z,6009.0,6009.0,False,False,False,
2023-04-27T19:00:00Z,5988.0,5988.0,False,False,False,
2023-04-27T20:00:00Z,6058.0,6058.0,False,False,False,
2023-04-27T21:00:00Z,6115.0,6115.0,False,False,False,
2023-04-27T22:00:00Z,6213.0,6213.0,False,False,False,
2023-04-27T23:00:00Z,6303.0,6303.0,False,False,False,
2023-04-28T00:00:00Z,6376.0,6376.0,False,False,False,
2023-04-28T01:00:00Z,6481.0,6481.0,False,False,False,
2023-04-28T02:00:00Z,6197.0,6197.0,False,False,False,
2023-04-28T03:00:00Z,5744.0,5744.0,False,False,False,
2023-04-28T04:00:00Z,5278.0,5278.0,False,False,False,
2023-04-28T05:00:00Z,4935.0,4935.0,False,False,False,
2023-04-28T06:00:00Z,4759.0,4759.0,False,False,False,
2023-04-28T07:00:00Z,4649.0,4649.0,False,False,False,
2023-04-28T08:00:00Z,4602.0,4602.0,False,False,False,
2023-04-28T09:00:00Z,4671.0,4671.0,False,False,False,
2023-04-28T10:00:00Z,4976.0,4976.0,False,False,False,
2023-04-28T11:00:00Z,5520.0,5520.0,False,False,False,
2023-04-28T12:00:00Z,5797.0,5797.0,False,False,False,
2023-04-28T13:00:00Z,5909.0,5909.0,False,False,False,
2023-04-28T14:00:00Z,6016.0,6016.0,False,False,False,
2023-04-28T15:00:00Z,6076.0,6076.0,False,False,False,
2023-04-28T16:00:00Z,6140.0,6140.0,False,False,False,
2023-04-28T17:00:00Z,6246.0,6246.0,False,False,False,
2023-04-28T18:00:00Z,6366.0,6366.0,False,False,False,
2023-04-28T19:00:00Z,6583.0,6583.0,False,False,False,
2023-04-28T20:00:00Z,6821.0,6821.0,False,False,False,
2023-04-28T21:00:00Z,7093.0,7093.0,False,False,False,
2023-04-28T22:00:00Z,7272.0,7272.0,False,False,False,
2023-04-28T23:00:00Z,7227.0,7227.0,False,False,False,
2023-04-29T00:00:00Z,7000.0,7000.0,False,False,False,
2023-04-29T01:00:00Z,6841.0,6841.0,False,False,False,
2023-04-29T02:00:00Z,6504.0,6504.0,False,False,False,
2023-04-29T03:00:00Z,6054.0,6054.0,False,False,False,
2023-04-29T04:00:00Z,5549.0,5549.0,False,False,False,
2023-04-29T05:00:00Z,5091.0,5091.0,False,False,False,
2023-04-29T06:00:00Z,4768.0,4768.0,False,False,False,
2023-04-29T07:00:00Z,4587.0,4587.0,False,False,False,
2023-04-29T08:00:00Z,4421.0,4421.0,False,False,False,
2023-04-29T09:00:00Z,4383.0,4383.0,False,False,False,
2023-04-29T10:00:00Z,4478.0,4478.0,False,False,False,
2023-04-29T11:00:00Z,4602.0,4602.0,False,False,False,
2023-04-29T12:00:00Z,4801.0,4801.0,False,False,False,
2023-04-29T13:00:00Z,5133.0,5133.0,False,False,False,
2023-04-29T14:00:00Z,5377.0,5377.0,False,False,False,
2023-04-29T15:00:00Z,5582.0,5582.0,False,False,False,
2023-04-29T16:00:00Z,5833.0,5833.0,False,False,False,
2023-04-29T17:00:00Z,6071.0,6071.0,False,False,False,
2023-04-29T18:00:00Z,6349.0,6349.0,False,False,False,
2023-04-29T19:00:00Z,6648.0,6648.0,False,False,False,
2023-04-29T20:00:00Z,6897.0,6897.0,False,False,False,
2023-04-29T21:00:00Z,7143.0,7143.0,False,False,False,
2023-04-29T22:00:00Z,7216.0,7216.0,False,False,False,
2023-04-29T23:00:00Z,7052.0,7052.0,False,False,False,
2023-04-30T00:00:00Z,6918.0,6918.0,False,False,False,
2023-04-30T01:00:00Z,6838.0,6838.0,False,False,False,
2023-04-30T02:00:00Z,6528.0,6528.0,False,False,False,
2023-04-30T03:00:00Z,6132.0,6132.0,False,False,False,
2023-04-30T04:00:00Z,5628.0,5628.0,False,False,False,
2023-04-30T05:00:00Z,5157.0,5157.0,False,False,False,
2023-04-30T06:00:00Z,4893.0,4893.0,False,False,False,
2023-04-30T07:00:00Z,4656.0,4656.0,False,False,False,
2023-04-30T08:00:00Z,4524.0,4524.0,False,False,False,
2023-04-30T09:00:00Z,4518.0,4518.0,False,False,False,
2023-04-30T10:00:00Z,4515.0,4515.0,False,False,False,
2023-04-30T11:00:00Z,4518.0,4518.0,False,False,False,
2023-04-30T12:00:00Z,4738.0,4738.0,False,False,False,
2023-04-30T13:00:00Z,5157.0,5157.0,False,False,False,
2023-04-30T14:00:00Z,5559.0,5559.0,False,False,False,
2023-04-30T15:00:00Z,5743.0,5743.0,False,False,False,
2023-04-30T16:00:00Z,5832.0,5832.0,False,False,False,
2023-04-30T17:00:00Z,5962.0,5962.0,False,False,False,
2023-04-30T18:00:00Z,6136.0,6136.0,False,False,False,
2023-04-30T19:00:00Z,6174.0,6174.0,False,False,False,
2023-04-30T20:00:00Z,6020.0,6020.0,False,False,False,
2023-04-30T21:00:00Z,5921.0,5921.0,False,False,False,
2023-04-30T22:00:00Z,6038.0,6038.0,False,False,False,
2023-04-30T23:00:00Z,6127.0,6127.0,False,False,False,
2023-05-01T00:00:00Z,6177.0,6177.0,False,False,False,
2023-05-01T01:00:00Z,6258.0,6258.0,False,False,False,
2023-05-01T02:00:00Z,6062.0,6062.0,False,False,False,
2023-05-01T03:00:00Z,5570.0,5570.0,False,False,False,
2023-05-01T04:00:00Z,5032.0,5032.0,False,False,False,
2023-05-01T05:00:00Z,4610.0,4610.0,False,False,False,
2023-05-01T06:00:00Z,4373.0,4373.0,False,False,False,
2023-05-01T07:00:00Z,4255.0,4255.0,False,False,False,
2023-05-01T08:00:00Z,4239.0,4239.0,False,False,False,
2023-05-01T09:00:00Z,4381.0,4381.0,False,False,False,
2023-05-01T10:00:00Z,4798.0,4798.0,False,False,False,
2023-05-01T11:00:00Z,5481.0,5481.0,False,False,False,
2023-05-01T12:00:00Z,5760.0,5760.0,False,False,False,
2023-05-01T13:00:00Z,5661.0,5661.0,False,False,False,
2023-05-01T14:00:00Z,5589.0,5589.0,False,False,False,
2023-05-01T15:00:00Z,5547.0,5547.0,False,False,False,
2023-05-01T16:00:00Z,5517.0,5517.0,False,False,False,
2023-05-01T17:00:00Z,5510.0,5510.0,False,False,False,
2023-05-01T18:00:00Z,5513.0,5513.0,False,False,False,
2023-05-01T19:00:00Z,5534.0,5534.0,False,False,False,
2023-05-01T20:00:00Z,5573.0,5573.0,False,False,False,
2023-05-01T21:00:00Z,5715.0,5715.0,False,False,False,
2023-05-01T22:00:00Z,5861.0,5861.0,False,False,False,
2023-05-01T23:00:00Z,6031.0,6031.0,False,False,False,
2023-05-02T00:00:00Z,6128.0,6128.0,False,False,False,
2023-05-02T01:00:00Z,6296.0,6296.0,False,False,False,
2023-05-02T02:00:00Z,6038.0,6038.0,False,False,False,
2023-05-02T03:00:00Z,5589.0,5589.0,False,False,False,
2023-05-02T04:00:00Z,5096.0,5096.0,False,False,False,
2023-05-02T05:00:00Z,4758.0,4758.0,False,False,False,
2023-05-02T06:00:00Z,4592.0,4592.0,False,False,False,
2023-05-02T07:00:00Z,4488.0,4488.0,False,False,False,
2023-05-02T08:00:00Z,4514.0,4514.0,False,False,False,
2023-05-02T09:00:00Z,4665.0,4665.0,False,False,False,
2023-05-02T10:00:00Z,5082.0,5082.0,False,False,False,
2023-05-02T11:00:00Z,5713.0,5713.0,False,False,False,
2023-05-02T12:00:00Z,5920.0,5920.0,False,False,False,
2023-05-02T13:00:00Z,5717.0,5717.0,False,False,False,
2023-05-02T14:00:00Z,5573.0,5573.0,False,False,False,
2023-05-02T15:00:00Z,5462.0,5462.0,False,False,False,
2023-05-02T16:00:00Z,5459.0,5459.0,False,False,False,
2023-05-02T17:00:00Z,5493.0,5493.0,False,False,False,
2023-05-02T18:00:00Z,5539.0,5539.0,False,False,False,
2023-05-02T19:00:00Z,5549.0,5549.0,False,False,False,
2023-05-02T20:00:00Z,5677.0,5677.0,False,False,False,
2023-05-02T21:00:00Z,5807.0,5807.0,False,False,False,
2023-05-02T22:00:00Z,5983.0,5983.0,False,False,False,
2023-05-02T23:00:00Z,6126.0,6126.0,False,False,False,
2023-05-03T00:00:00Z,6157.0,6157.0,False,False,False,
2023-05-03T01:00:00Z,6306.0,6306.0,False,False,False,
2023-05-03T02:00:00Z,6067.0,6067.0,False,False,False,
2023-05-03T03:00:00Z,5570.0,5570.0,False,False,False,
2023-05-03T04:00:00Z,5073.0,5073.0,False,False,False,
2023-05-03T05:00:00Z,4772.0,4772.0,False,False,False,
2023-05-03T06:00:00Z,4618.0,4618.0,False,False,False,
2023-05-03T07:00:00Z,4525.0,4525.0,False,False,False,
2023-05-03T08:00:00Z,4562.0,4562.0,False,False,False,
2023-05-03T09:00:00Z,4755.0,4755.0,False,False,False,
2023-05-03T10:00:00Z,5161.0,5161.0,False,False,False,
2023-05-03T11:00:00Z,5809.0,5809.0,False,False,False,
2023-05-03T12:00:00Z,6060.0,6060.0,False,False,False,
2023-05-03T13:00:00Z,5848.0,5848.0,False,False,False,
2023-05-03T14:00:00Z,5709.0,5709.0,False,False,False,
2023-05-03T15:00:00Z,5562.0,5562.0,False,False,False,
2023-05-03T16:00:00Z,5517.0,5517.0,False,False,False,
2023-05-03T17:00:00Z,5539.0,5539.0,False,False,False,
2023-05-03T18:00:00Z,5570.0,5570.0,False,False,False,
2023-05-03T19:00:00Z,5510.0,5510.0,False,False,False,
2023-05-03T20:00:00Z,5546.0,5546.0,False,False,False,
2023-05-03T21:00:00Z,5574.0,5574.0,False,False,False,
2023-05-03T22:00:00Z,5714.0,5714.0,False,False,False,
2023-05-03T23:00:00Z,5895.0,5895.0,False,False,False,
2023-05-04T00:00:00Z,5973.0,5973.0,False,False,False,
2023-05-04T01:00:00Z,6176.0,6176.0,False,False,False,
2023-05-04T02:00:00Z,6052.0,6052.0,False,False,False,
2023-05-04T03:00:00Z,5634.0,5634.0,False,False,False,
2023-05-04T04:00:00Z,5224.0,5224.0,False,False,False,
2023-05-04T05:00:00Z,4941.0,4941.0,False,False,False,
2023-05-04T06:00:00Z,4792.0,4792.0,False,False,False,
2023-05-04T07:00:00Z,4777.0,4777.0,False,False,False,
2023-05-04T08:00:00Z,4815.0,4815.0,False,False,False,
2023-05-04T09:00:00Z,4967.0,4967.0,False,False,False,
2023-05-04T10:00:00Z,5461.0,5461.0,False,False,False,
2023-05-04T11:00:00Z,6150.0,6150.0,False,False,False,
2023-05-04T12:00:00Z,6329.0,6329.0,False,False,False,
2023-05-04T13:00:00Z,6039.0,6039.0,False,False,False,
2023-05-04T14:00:00Z,5802.0,5802.0,False,False,False,
2023-05-04T15:00:00Z,5589.0,5589.0,False,False,False,
2023-05-04T16:00:00Z,5469.0,5469.0,False,False,False,
2023-05-04T17:00:00Z,5330.0,5330.0,False,False,False,
2023-05-04T18:00:00Z,5430.0,5430.0,False,False,False,
2023-05-04T19:00:00Z,5536.0,5536.0,False,False,False,
2023-05-04T20:00:00Z,5525.0,5525.0,False,False,False,
2023-05-04T21:00:00Z,5769.0,5769.0,False,False,False,
2023-05-04T22:00:00Z,5909.0,5909.0,False,False,False,
2023-05-04T23:00:00Z,5999.0,5999.0,False,False,False,
2023-05-05T00:00:00Z,6054.0,6054.0,False,False,False,
2023-05-05T01:00:00Z,6239.0,6239.0,False,False,False,
2023-05-05T02:00:00Z,6040.0,6040.0,False,False,False,
2023-05-05T03:00:00Z,5594.0,5594.0,False,False,False,
2023-05-05T04:00:00Z,5124.0,5124.0,False,False,False,
2023-05-05T05:00:00Z,4775.0,4775.0,False,False,False,
2023-05-05T06:00:00Z,4571.0,4571.0,False,False,False,
2023-05-05T07:00:00Z,4492.0,4492.0,False,False,False,
2023-05-05T08:00:00Z,4543.0,4543.0,False,False,False,
2023-05-05T09:00:00Z,4666.0,4666.0,False,False,False,
2023-05-05T10:00:00Z,5107.0,5107.0,False,False,False,
2023-05-05T11:00:00Z,5716.0,5716.0,False,False,False,
2023-05-05T12:00:00Z,5929.0,5929.0,False,False,False,
2023-05-05T13:00:00Z,5808.0,5808.0,False,False,False,
2023-05-05T14:00:00Z,5678.0,5678.0,False,False,False,
2023-05-05T15:00:00Z,5582.0,5582.0,False,False,False,
2023-05-05T16:00:00Z,5594.0,5594.0,False,False,False,
2023-05-05T17:00:00Z,5340.0,5340.0,False,False,False,
2023-05-05T18:00:00Z,5694.0,5694.0,False,False,False,
2023-05-05T19:00:00Z,5658.0,5658.0,False,False,False,
2023-05-05T20:00:00Z,5921.0,5921.0,False,False,False,
2023-05-05T21:00:00Z,6101.0,6101.0,False,False,False,
2023-05-05T22:00:00Z,5876.0,5876.0,False,False,False,
2023-05-05T23:00:00Z,6168.0,6168.0,False,False,False,
2023-05-06T00:00:00Z,6061.0,6061.0,False,False,False,
2023-05-06T01:00:00Z,6115.0,6115.0,False,False,False,
2023-05-06T02:00:00Z,5923.0,5923.0,False,False,False,
2023-05-06T03:00:00Z,5540.0,5540.0,False,False,False,
2023-05-06T04:00:00Z,5116.0,5116.0,False,False,False,
2023-05-06T05:00:00Z,4721.0,4721.0,False,False,False,
2023-05-06T06:00:00Z,4514.0,4514.0,False,False,False,
2023-05-06T07:00:00Z,4339.0,4339.0,False,False,False,
2023-05-06T08:00:00Z,4318.0,4318.0,False,False,False,
2023-05-06T09:00:00Z,4336.0,4336.0,False,False,False,
2023-05-06T10:00:00Z,4484.0,4484.0,False,False,False,
2023-05-06T11:00:00Z,4636.0,4636.0,False,False,False,
2023-05-06T12:00:00Z,4831.0,4831.0,False,False,False,
2023-05-06T13:00:00Z,5018.0,5018.0,False,False,False,
2023-05-06T14:00:00Z,5166.0,5166.0,False,False,False,
2023-05-06T15:00:00Z,5317.0,5317.0,False,False,False,
2023-05-06T16:00:00Z,5513.0,5513.0,False,False,False,
2023-05-06T17:00:00Z,5706.0,5706.0,False,False,False,
2023-05-06T18:00:00Z,5870.0,5870.0,False,False,False,
2023-05-06T19:00:00Z,6046.0,6046.0,False,False,False,
2023-05-06T20:00:00Z,6011.0,6011.0,False,False,False,
2023-05-06T21:00:00Z,6486.0,6486.0,False,False,False,
2023-05-06T22:00:00Z,6620.0,6620.0,False,False,False,
2023-05-06T23:00:00Z,6604.0,6604.0,False,False,False,
2023-05-07T00:00:00Z,6436.0,6436.0,False,False,False,
2023-05-07T01:00:00Z,6335.0,6335.0,False,False,False,
2023-05-07T02:00:00Z,6075.0,6075.0,False,False,False,
2023-05-07T03:00:00Z,5628.0,5628.0,False,False,False,
2023-05-07T04:00:00Z,5145.0,5145.0,False,False,False,
2023-05-07T05:00:00Z,4740.0,4740.0,False,False,False,
2023-05-07T06:00:00Z,4461.0,4461.0,False,False,False,
2023-05-07T07:00:00Z,4295.0,4295.0,False,False,False,
2023-05-07T08:00:00Z,4185.0,4185.0,False,False,False,
2023-05-07T09:00:00Z,4194.0,4194.0,False,False,False,
2023-05-07T10:00:00Z,4242.0,4242.0,False,False,False,
2023-05-07T11:00:00Z,4314.0,4314.0,False,False,False,
2023-05-07T12:00:00Z,4536.0,4536.0,False,False,False,
2023-05-07T13:00:00Z,4796.0,4796.0,False,False,False,
2023-05-07T14:00:00Z,5106.0,5106.0,False,False,False,
2023-05-07T15:00:00Z,5346.0,5346.0,False,False,False,
2023-05-07T16:00:00Z,5599.0,5599.0,False,False,False,
2023-05-07T17:00:00Z,6059.0,6059.0,False,False,False,
2023-05-07T18:00:00Z,6473.0,6473.0,False,False,False,
2023-05-07T19:00:00Z,6663.0,6663.0,False,False,False,
2023-05-07T20:00:00Z,6951.0,6951.0,False,False,False,
2023-05-07T21:00:00Z,7189.0,7189.0,False,False,False,
2023-05-07T22:00:00Z,7340.0,7340.0,False,False,False,
2023-05-07T23:00:00Z,7318.0,7318.0,False,False,False,
2023-05-08T00:00:00Z,7176.0,7176.0,False,False,False,
2023-05-08T01:00:00Z,7220.0,7220.0,False,False,False,
2023-05-08T02:00:00Z,6881.0,6881.0,False,False,False,
2023-05-08T03:00:00Z,6302.0,6302.0,False,False,False,
2023-05-08T04:00:00Z,5685.0,5685.0,False,False,False,
2023-05-08T05:00:00Z,5190.0,5190.0,False,False,False,
2023-05-08T06:00:00Z,4888.0,4888.0,False,False,False,
2023-05-08T07:00:00Z,4697.0,4697.0,False,False,False,
2023-05-08T08:00:00Z,4605.0,4605.0,False,False,False,
2023-05-08T09:00:00Z,4640.0,4640.0,False,False,False,
2023-05-08T10:00:00Z,4970.0,4970.0,False,False,False,
2023-05-08T11:00:00Z,5499.0,5499.0,False,False,False,
2023-05-08T12:00:00Z,5792.0,5792.0,False,False,False,
2023-05-08T13:00:00Z,5979.0,5979.0,False,False,False,
2023-05-08T14:00:00Z,6204.0,6204.0,False,False,False,
2023-05-08T15:00:00Z,6475.0,6475.0,False,False,False,
2023-05-08T16:00:00Z,6777.0,6777.0,False,False,False,
2023-05-08T17:00:00Z,7163.0,7163.0,False,False,False,
2023-05-08T18:00:00Z,7541.0,7541.0,False,False,False,
2023-05-08T19:00:00Z,7790.0,7790.0,False,False,False,
2023-05-08T20:00:00Z,7958.0,7958.0,False,False,False,
2023-05-08T21:00:00Z,8240.0,8240.0,False,False,False,
2023-05-08T22:00:00Z,8383.0,8383.0,False,False,False,
2023-05-08T23:00:00Z,8430.0,8430.0,False,False,False,
2023-05-09T00:00:00Z,8255.0,8255.0,False,False,False,
2023-05-09T01:00:00Z,8095.0,8095.0,False,False,False,
2023-05-09T02:00:00Z,7609.0,7609.0,False,False,False,
2023-05-09T03:00:00Z,6864.0,6864.0,False,False,False,
2023-05-09T04:00:00Z,6151.0,6151.0,False,False,False,
2023-05-09T05:00:00Z,5586.0,5586.0,False,False,False,
2023-05-09T06:00:00Z,5254.0,5254.0,False,False,False,
2023-05-09T07:00:00Z,5034.0,5034.0,False,False,False,
2023-05-09T08:00:00Z,4915.0,4915.0,False,False,False,
2023-05-09T09:00:00Z,4948.0,4948.0,False,False,False,
2023-05-09T10:00:00Z,5209.0,5209.0,False,False,False,
2023-05-09T11:00:00Z,5667.0,5667.0,False,False,False,
2023-05-09T12:00:00Z,6038.0,6038.0,False,False,False,
2023-05-09T13:00:00Z,6291.0,6291.0,False,False,False,
2023-05-09T14:00:00Z,6682.0,6682.0,False,False,False,
2023-05-09T15:00:00Z,7201.0,7201.0,False,False,False,
2023-05-09T16:00:00Z,7697.0,7697.0,False,False,False,
2023-05-09T17:00:00Z,8164.0,8164.0,False,False,False,
2023-05-09T18:00:00Z,8590.0,8590.0,False,False,False,
2023-05-09T19:00:00Z,8716.0,8716.0,False,False,False,
2023-05-09T20:00:00Z,8735.0,8735.0,False,False,False,
2023-05-09T21:00:00Z,8909.0,8909.0,False,False,False,
2023-05-09T22:00:00Z,8874.0,8874.0,False,False,False,
2023-05-09T23:00:00Z,8858.0,8858.0,False,False,False,
2023-05-10T00:00:00Z,8654.0,8654.0,False,False,False,
2023-05-10T01:00:00Z,8284.0,8284.0,False,False,False,
2023-05-10T02:00:00Z,7686.0,7686.0,False,False,False,
2023-05-10T03:00:00Z,6923.0,6923.0,False,False,False,
2023-05-10T04:00:00Z,6109.0,6109.0,False,False,False,
2023-05-10T05:00:00Z,5580.0,5580.0,False,False,False,
2023-05-10T06:00:00Z,5183.0,5183.0,False,False,False,
2023-05-10T07:00:00Z,4897.0,4897.0,False,False,False,
2023-05-10T08:00:00Z,4752.0,4752.0,False,False,False,
2023-05-10T09:00:00Z,4726.0,4726.0,False,False,False,
2023-05-10T10:00:00Z,4978.0,4978.0,False,False,False,
2023-05-10T11:00:00Z,5439.0,5439.0,False,False,False,
2023-05-10T12:00:00Z,5593.0,5593.0,False,False,False,
2023-05-10T13:00:00Z,5474.0,5474.0,False,False,False,
2023-05-10T14:00:00Z,5366.0,5366.0,False,False,False,
2023-05-10T15:00:00Z,5364.0,5364.0,False,False,False,
2023-05-10T16:00:00Z,5477.0,5477.0,False,False,False,
2023-05-10T17:00:00Z,5667.0,5667.0,False,False,False,
2023-05-10T18:00:00Z,5950.0,5950.0,False,False,False,
2023-05-10T19:00:00Z,6270.0,6270.0,False,False,False,
2023-05-10T20:00:00Z,6586.0,6586.0,False,False,False,
2023-05-10T21:00:00Z,6946.0,6946.0,False,False,False,
2023-05-10T22:00:00Z,7276.0,7276.0,False,False,False,
2023-05-10T23:00:00Z,7456.0,7456.0,False,False,False,
2023-05-11T00:00:00Z,7284.0,7284.0,False,False,False,
2023-05-11T01:00:00Z,7107.0,7107.0,False,False,False,
2023-05-11T02:00:00Z,6751.0,6751.0,False,False,False,
2023-05-11T03:00:00Z,6076.0,6076.0,False,False,False,
2023-05-11T04:00:00Z,5445.0,5445.0,False,False,False,
2023-05-11T05:00:00Z,4962.0,4962.0,False,False,False,
2023-05-11T06:00:00Z,4709.0,4709.0,False,False,False,
2023-05-11T07:00:00Z,4517.0,4517.0,False,False,False,
2023-05-11T08:00:00Z,4424.0,4424.0,False,False,False,
2023-05-11T09:00:00Z,4518.0,4518.0,False,False,False,
2023-05-11T10:00:00Z,4843.0,4843.0,False,False,False,
2023-05-11T11:00:00Z,5347.0,5347.0,False,False,False,
2023-05-11T12:00:00Z,5615.0,5615.0,False,False,False,
2023-05-11T13:00:00Z,5654.0,5654.0,False,False,False,
2023-05-11T14:00:00Z,5925.0,5925.0,False,False,False,
2023-05-11T15:00:00Z,6001.0,6001.0,False,False,False,
2023-05-11T16:00:00Z,6303.0,6303.0,False,False,False,
2023-05-11T17:00:00Z,6612.0,6612.0,False,False,False,
2023-05-11T18:00:00Z,6996.0,6996.0,False,False,False,
2023-05-11T19:00:00Z,7327.0,7327.0,False,False,False,
2023-05-11T20:00:00Z,7663.0,7663.0,False,False,False,
2023-05-11T21:00:00Z,7935.0,7935.0,False,False,False,
2023-05-11T22:00:00Z,8062.0,8062.0,False,False,False,
2023-05-11T23:00:00Z,7993.0,7993.0,False,False,False,
2023-05-12T00:00:00Z,7767.0,7767.0,False,False,False,
2023-05-12T01:00:00Z,7565.0,7565.0,False,False,False,
2023-05-12T02:00:00Z,7136.0,7136.0,False,False,False,
2023-05-12T03:00:00Z,6465.0,6465.0,False,False,False,
2023-05-12T04:00:00Z,5744.0,5744.0,False,False,False,
2023-05-12T05:00:00Z,5211.0,5211.0,False,False,False,
2023-05-12T06:00:00Z,4875.0,4875.0,False,False,False,
2023-05-12T07:00:00Z,4657.0,4657.0,False,False,False,
2023-05-12T08:00:00Z,4565.0,4565.0,False,False,False,
2023-05-12T09:00:00Z,4599.0,4599.0,False,False,False,
2023-05-12T10:00:00Z,4866.0,4866.0,False,False,False,
2023-05-12T11:00:00Z,5300.0,5300.0,False,False,False,
2023-05-12T12:00:00Z,5591.0,5591.0,False,False,False,
2023-05-12T13:00:00Z,5756.0,5756.0,False,False,False,
2023-05-12T14:00:00Z,5968.0,5968.0,False,False,False,
2023-05-12T15:00:00Z,6238.0,6238.0,False,False,False,
2023-05-12T16:00:00Z,6621.0,6621.0,False,False,False,
2023-05-12T17:00:00Z,7025.0,7025.0,False,False,False,
2023-05-12T18:00:00Z,7475.0,7475.0,False,False,False,
2023-05-12T19:00:00Z,7871.0,7871.0,False,False,False,
2023-05-12T20:00:00Z,8191.0,8191.0,False,False,False,
2023-05-12T21:00:00Z,8391.0,8391.0,False,False,False,
2023-05-12T22:00:00Z,8515.0,8515.0,False,False,False,
2023-05-12T23:00:00Z,8320.0,8320.0,False,False,False,
2023-05-13T00:00:00Z,7880.0,7880.0,False,False,False,
2023-05-13T01:00:00Z,7579.0,7579.0,False,False,False,
2023-05-13T02:00:00Z,7152.0,7152.0,False,False,False,
2023-05-13T03:00:00Z,6612.0,6612.0,False,False,False,
2023-05-13T04:00:00Z,5961.0,5961.0,False,False,False,
2023-05-13T05:00:00Z,5396.0,5396.0,False,False,False,
2023-05-13T06:00:00Z,5052.0,5052.0,False,False,False,
2023-05-13T07:00:00Z,4774.0,4774.0,False,False,False,
2023-05-13T08:00:00Z,4589.0,4589.0,False,False,False,
2023-05-13T09:00:00Z,4495.0,4495.0,False,False,False,
2023-05-13T10:00:00Z,4575.0,4575.0,False,False,False,
2023-05-13T11:00:00Z,4635.0,4635.0,False,False,False,
2023-05-13T12:00:00Z,4921.0,4921.0,False,False,False,
2023-05-13T13:00:00Z,5325.0,5325.0,False,False,False,
2023-05-13T14:00:00Z,5799.0,5799.0,False,False,False,
2023-05-13T15:00:00Z,6241.0,6241.0,False,False,False,
2023-05-13T16:00:00Z,6679.0,6679.0,False,False,False,
2023-05-13T17:00:00Z,7072.0,7072.0,False,False,False,
2023-05-13T18:00:00Z,7405.0,7405.0,False,False,False,
2023-05-13T19:00:00Z,7719.0,7719.0,False,False,False,
2023-05-13T20:00:00Z,8002.0,8002.0,False,False,False,
2023-05-13T21:00:00Z,8234.0,8234.0,False,False,False,
2023-05-13T22:00:00Z,8259.0,8259.0,False,False,False,
2023-05-13T23:00:00Z,8121.0,8121.0,False,False,False,
2023-05-14T00:00:00Z,7773.0,7773.0,False,False,False,
2023-05-14T01:00:00Z,7559.0,7559.0,False,False,False,
2023-05-14T02:00:00Z,7234.0,7234.0,False,False,False,
2023-05-14T03:00:00Z,6727.0,6727.0,False,False,False,
2023-05-14T04:00:00Z,6132.0,6132.0,False,False,False,
2023-05-14T05:00:00Z,5620.0,5620.0,False,False,False,
2023-05-14T06:00:00Z,5235.0,5235.0,False,False,False,
2023-05-14T07:00:00Z,4971.0,4971.0,False,False,False,
2023-05-14T08:00:00Z,4813.0,4813.0,False,False,False,
2023-05-14T09:00:00Z,4719.0,4719.0,False,False,False,
2023-05-14T10:00:00Z,4744.0,4744.0,False,False,False,
2023-05-14T11:00:00Z,4768.0,4768.0,False,False,False,
2023-05-14T12:00:00Z,5028.0,5028.0,False,False,False,
2023-05-14T13:00:00Z,5479.0,5479.0,False,False,False,
2023-05-14T14:00:00Z,5825.0,5825.0,False,False,False,
2023-05-14T15:00:00Z,6039.0,6039.0,False,False,False,
2023-05-14T16:00:00Z,6246.0,6246.0,False,False,False,
2023-05-14T17:00:00Z,6468.0,6468.0,False,False,False,
2023-05-14T18:00:00Z,6659.0,6659.0,False,False,False,
2023-05-14T19:00:00Z,6833.0,6833.0,False,False,False,
2023-05-14T20:00:00Z,6998.0,6998.0,False,False,False,
2023-05-14T21:00:00Z,7120.0,7120.0,False,False,False,
2023-05-14T22:00:00Z,7254.0,7254.0,False,False,False,
2023-05-14T23:00:00Z,7242.0,7242.0,False,False,False,
2023-05-15T00:00:00Z,7120.0,7120.0,False,False,False,
2023-05-15T01:00:00Z,7045.0,7045.0,False,False,False,
2023-05-15T02:00:00Z,6796.0,6796.0,False,False,False,
2023-05-15T03:00:00Z,6181.0,6181.0,False,False,False,
2023-05-15T04:00:00Z,5503.0,5503.0,False,False,False,
2023-05-15T05:00:00Z,5037.0,5037.0,False,False,False,
2023-05-15T06:00:00Z,4705.0,4705.0,False,False,False,
2023-05-15T07:00:00Z,4513.0,4513.0,False,False,False,
2023-05-15T08:00:00Z,4429.0,4429.0,False,False,False,
2023-05-15T09:00:00Z,4508.0,4508.0,False,False,False,
2023-05-15T10:00:00Z,4821.0,4821.0,False,False,False,
2023-05-15T11:00:00Z,5289.0,5289.0,False,False,False,
2023-05-15T12:00:00Z,5588.0,5588.0,False,False,False,
2023-05-15T13:00:00Z,5703.0,5703.0,False,False,False,
2023-05-15T14:00:00Z,5888.0,5888.0,False,False,False,
2023-05-15T15:00:00Z,6144.0,6144.0,False,False,False,
2023-05-15T16:00:00Z,6399.0,6399.0,False,False,False,
2023-05-15T17:00:00Z,6669.0,6669.0,False,False,False,
2023-05-15T18:00:00Z,6925.0,6925.0,False,False,False,
2023-05-15T19:00:00Z,7230.0,7230.0,False,False,False,
2023-05-15T20:00:00Z,7518.0,7518.0,False,False,False,
2023-05-15T21:00:00Z,7723.0,7723.0,False,False,False,
2023-05-15T22:00:00Z,7762.0,7762.0,False,False,False,
2023-05-15T23:00:00Z,7706.0,7706.0,False,False,False,
2023-05-16T00:00:00Z,7496.0,7496.0,False,False,False,
2023-05-16T01:00:00Z,7387.0,7387.0,False,False,False,
2023-05-16T02:00:00Z,6985.0,6985.0,False,False,False,
2023-05-16T03:00:00Z,6362.0,6362.0,False,False,False,
2023-05-16T04:00:00Z,5687.0,5687.0,False,False,False,
2023-05-16T05:00:00Z,5225.0,5225.0,False,False,False,
2023-05-16T06:00:00Z,4926.0,4926.0,False,False,False,
2023-05-16T07:00:00Z,4748.0,4748.0,False,False,False,
2023-05-16T08:00:00Z,4657.0,4657.0,False,False,False,
2023-05-16T09:00:00Z,4719.0,4719.0,False,False,False,
2023-05-16T10:00:00Z,5014.0,5014.0,False,False,False,
2023-05-16T11:00:00Z,5546.0,5546.0,False,False,False,
2023-05-16T12:00:00Z,5879.0,5879.0,False,False,False,
2023-05-16T13:00:00Z,6036.0,6036.0,False,False,False,
2023-05-16T14:00:00Z,6212.0,6212.0,False,False,False,
2023-05-16T15:00:00Z,6468.0,6468.0,False,False,False,
2023-05-16T16:00:00Z,6777.0,6777.0,False,False,False,
2023-05-16T17:00:00Z,7235.0,7235.0,False,False,False,
2023-05-16T18:00:00Z,7752.0,7752.0,False,False,False,
2023-05-16T19:00:00Z,8192.0,8192.0,False,False,False,
2023-05-16T20:00:00Z,8573.0,8573.0,False,False,False,
2023-05-16T21:00:00Z,8639.0,8639.0,False,False,False,
2023-05-16T22:00:00Z,8798.0,8798.0,False,False,False,
2023-05-16T23:00:00Z,8813.0,8813.0,False,False,False,
2023-05-17T00:00:00Z,8783.0,8783.0,False,False,False,
2023-05-17T01:00:00Z,8649.0,8649.0,False,False,False,
2023-05-17T02:00:00Z,8179.0,8179.0,False,False,False,
2023-05-17T03:00:00Z,7436.0,7436.0,False,False,False,
2023-05-17T04:00:00Z,6624.0,6624.0,False,False,False,
2023-05-17T05:00:00Z,6047.0,6047.0,False,False,False,
2023-05-17T06:00:00Z,5598.0,5598.0,False,False,False,
2023-05-17T07:00:00Z,5312.0,5312.0,False,False,False,
2023-05-17T08:00:00Z,5214.0,5214.0,False,False,False,
2023-05-17T09:00:00Z,5210.0,5210.0,False,False,False,
2023-05-17T10:00:00Z,5454.0,5454.0,False,False,False,
2023-05-17T11:00:00Z,5916.0,5916.0,False,False,False,
2023-05-17T12:00:00Z,6204.0,6204.0,False,False,False,
2023-05-17T13:00:00Z,6293.0,6293.0,False,False,False,
2023-05-17T14:00:00Z,6426.0,6426.0,False,False,False,
2023-05-17T15:00:00Z,6602.0,6602.0,False,False,False,
2023-05-17T16:00:00Z,6935.0,6935.0,False,False,False,
2023-05-17T17:00:00Z,7270.0,7270.0,False,False,False,
2023-05-17T18:00:00Z,7566.0,7566.0,False,False,False,
2023-05-17T19:00:00Z,7783.0,7783.0,False,False,False,
2023-05-17T20:00:00Z,8029.0,8029.0,False,False,False,
2023-05-17T21:00:00Z,8157.0,8157.0,False,False,False,
2023-05-17T22:00:00Z,8293.0,8293.0,False,False,False,
2023-05-17T23:00:00Z,8302.0,8302.0,False,False,False,
2023-05-18T00:00:00Z,8152.0,8152.0,False,False,False,
2023-05-18T01:00:00Z,7718.0,7718.0,False,False,False,
2023-05-18T02:00:00Z,7327.0,7327.0,False,False,False,
2023-05-18T03:00:00Z,6643.0,6643.0,False,False,False,
2023-05-18T04:00:00Z,5941.0,5941.0,False,False,False,
2023-05-18T05:00:00Z,5422.0,5422.0,False,False,False,
2023-05-18T06:00:00Z,5079.0,5079.0,False,False,False,
2023-05-18T07:00:00Z,4892.0,4892.0,False,False,False,
2023-05-18T08:00:00Z,4747.0,4747.0,False,False,False,
2023-05-18T09:00:00Z,4743.0,4743.0,False,False,False,
2023-05-18T10:00:00Z,5014.0,5014.0,False,False,False,
2023-05-18T11:00:00Z,5421.0,5421.0,False,False,False,
2023-05-18T12:00:00Z,5673.0,5673.0,False,False,False,
2023-05-18T13:00:00Z,5754.0,5754.0,False,False,False,
2023-05-18T14:00:00Z,5831.0,5831.0,False,False,False,
2023-05-18T15:00:00Z,5939.0,5939.0,False,False,False,
2023-05-18T16:00:00Z,6087.0,6087.0,False,False,False,
2023-05-18T17:00:00Z,6214.0,6214.0,False,False,False,
2023-05-18T18:00:00Z,6354.0,6354.0,False,False,False,
2023-05-18T19:00:00Z,6483.0,6483.0,False,False,False,
2023-05-18T20:00:00Z,6603.0,6603.0,False,False,False,
2023-05-18T21:00:00Z,6781.0,6781.0,False,False,False,
2023-05-18T22:00:00Z,6686.0,6686.0,False,False,False,
2023-05-18T23:00:00Z,6550.0,6550.0,False,False,False,
2023-05-19T00:00:00Z,6494.0,6494.0,False,False,False,
2023-05-19T01:00:00Z,6560.0,6560.0,False,False,False,
2023-05-19T02:00:00Z,6327.0,6327.0,False,False,False,
2023-05-19T03:00:00Z,5837.0,5837.0,False,False,False,
2023-05-19T04:00:00Z,5361.0,5361.0,False,False,False,
2023-05-19T05:00:00Z,4916.0,4916.0,False,False,False,
2023-05-19T06:00:00Z,4699.0,4699.0,False,False,False,
2023-05-19T07:00:00Z,4562.0,4562.0,False,False,False,
2023-05-19T08:00:00Z,4481.0,4481.0,False,False,False,
2023-05-19T09:00:00Z,4532.0,4532.0,False,False,False,
2023-05-19T10:00:00Z,4839.0,4839.0,False,False,False,
2023-05-19T11:00:00Z,5351.0,5351.0,False,False,False,
2023-05-19T12:00:00Z,5621.0,5621.0,False,False,False,
2023-05-19T13:00:00Z,5806.0,5806.0,False,False,False,
2023-05-19T14:00:00Z,5927.0,5927.0,False,False,False,
2023-05-19T15:00:00Z,6014.0,6014.0,False,False,False,
2023-05-19T16:00:00Z,6001.0,6001.0,False,False,False,
2023-05-19T17:00:00Z,6038.0,6038.0,False,False,False,
2023-05-19T18:00:00Z,6012.0,6012.0,False,False,False,
2023-05-19T19:00:00Z,6013.0,6013.0,False,False,False,
2023-05-19T20:00:00Z,6020.0,6020.0,False,False,False,
2023-05-19T21:00:00Z,6098.0,6098.0,False,False,False,
2023-05-19T22:00:00Z,6165.0,6165.0,False,False,False,
2023-05-19T23:00:00Z,6161.0,6161.0,False,False,False,
2023-05-20T00:00:00Z,6114.0,6114.0,False,False,False,
2023-05-20T01:00:00Z,6193.0,6193.0,False,False,False,
2023-05-20T02:00:00Z,6076.0,6076.0,False,False,False,
2023-05-20T03:00:00Z,5746.0,5746.0,False,False,False,
2023-05-20T04:00:00Z,5351.0,5351.0,False,False,False,
2023-05-20T05:00:00Z,4958.0,4958.0,False,False,False,
2023-05-20T06:00:00Z,4714.0,4714.0,False,False,False,
2023-05-20T07:00:00Z,4541.0,4541.0,False,False,False,
2023-05-20T08:00:00Z,4457.0,4457.0,False,False,False,
2023-05-20T09:00:00Z,4440.0,4440.0,False,False,False,
2023-05-20T10:00:00Z,4526.0,4526.0,False,False,False,
2023-05-20T11:00:00Z,4588.0,4588.0,False,False,False,
2023-05-20T12:00:00Z,4806.0,4806.0,False,False,False,
2023-05-20T13:00:00Z,5171.0,5171.0,False,False,False,
2023-05-20T14:00:00Z,5470.0,5470.0,False,False,False,
2023-05-20T15:00:00Z,5712.0,5712.0,False,False,False,
2023-05-20T16:00:00Z,5982.0,5982.0,False,False,False,
2023-05-20T17:00:00Z,6208.0,6208.0,False,False,False,
2023-05-20T18:00:00Z,6519.0,6519.0,False,False,False,
2023-05-20T19:00:00Z,6774.0,6774.0,False,False,False,
2023-05-20T20:00:00Z,6942.0,6942.0,False,False,False,
2023-05-20T21:00:00Z,7104.0,7104.0,False,False,False,
2023-05-20T22:00:00Z,7224.0,7224.0,False,False,False,
2023-05-20T23:00:00Z,7218.0,7218.0,False,False,False,
2023-05-21T00:00:00Z,6997.0,6997.0,False,False,False,
2023-05-21T01:00:00Z,6868.0,6868.0,False,False,False,
2023-05-21T02:00:00Z,6628.0,6628.0,False,False,False,
2023-05-21T03:00:00Z,6161.0,6161.0,False,False,False,
2023-05-21T04:00:00Z,5664.0,5664.0,False,False,False,
2023-05-21T05:00:00Z,5180.0,5180.0,False,False,False,
2023-05-21T06:00:00Z,4862.0,4862.0,False,False,False,
2023-05-21T07:00:00Z,4647.0,4647.0,False,False,False,
2023-05-21T08:00:00Z,4487.0,4487.0,False,False,False,
2023-05-21T09:00:00Z,4472.0,4472.0,False,False,False,
2023-05-21T10:00:00Z,4507.0,4507.0,False,False,False,
2023-05-21T11:00:00Z,4560.0,4560.0,False,False,False,
2023-05-21T12:00:00Z,4740.0,4740.0,False,False,False,
2023-05-21T13:00:00Z,4990.0,4990.0,False,False,False,
2023-05-21T14:00:00Z,5164.0,5164.0,False,False,False,
2023-05-21T15:00:00Z,5187.0,5187.0,False,False,False,
2023-05-21T16:00:00Z,5135.0,5135.0,False,False,False,
2023-05-21T17:00:00Z,5145.0,5145.0,False,False,False,
2023-05-21T18:00:00Z,5227.0,5227.0,False,False,False,
2023-05-21T19:00:00Z,5222.0,5222.0,False,False,False,
2023-05-21T20:00:00Z,5368.0,5368.0,False,False,False,
2023-05-21T21:00:00Z,5669.0,5669.0,False,False,False,
2023-05-21T22:00:00Z,6097.0,6097.0,False,False,False,
2023-05-21T23:00:00Z,6435.0,6435.0,False,False,False,
2023-05-22T00:00:00Z,6595.0,6595.0,False,False,False,
2023-05-22T01:00:00Z,6589.0,6589.0,False,False,False,
2023-05-22T02:00:00Z,6375.0,6375.0,False,False,False,
2023-05-22T03:00:00Z,5827.0,5827.0,False,False,False,
2023-05-22T04:00:00Z,5195.0,5195.0,False,False,False,
2023-05-22T05:00:00Z,4747.0,4747.0,False,False,False,
2023-05-22T06:00:00Z,4513.0,4513.0,False,False,False,
2023-05-22T07:00:00Z,4336.0,4336.0,False,False,False,
2023-05-22T08:00:00Z,4264.0,4264.0,False,False,False,
2023-05-22T09:00:00Z,4352.0,4352.0,False,False,False,
2023-05-22T10:00:00Z,4681.0,4681.0,False,False,False,
2023-05-22T11:00:00Z,5143.0,5143.0,False,False,False,
2023-05-22T12:00:00Z,5228.0,5228.0,False,False,False,
2023-05-22T13:00:00Z,4962.0,4962.0,False,False,False,
2023-05-22T14:00:00Z,4784.0,4784.0,False,False,False,
2023-05-22T15:00:00Z,4679.0,4679.0,False,False,False,
2023-05-22T16:00:00Z,4812.0,4812.0,False,False,False,
2023-05-22T17:00:00Z,5096.0,5096.0,False,False,False,
2023-05-22T18:00:00Z,5415.0,5415.0,False,False,False,
2023-05-22T19:00:00Z,5750.0,5750.0,False,False,False,
2023-05-22T20:00:00Z,6217.0,6217.0,False,False,False,
2023-05-22T21:00:00Z,6671.0,6671.0,False,False,False,
2023-05-22T22:00:00Z,7154.0,7154.0,False,False,False,
2023-05-22T23:00:00Z,7461.0,7461.0,False,False,False,
2023-05-23T00:00:00Z,7455.0,7455.0,False,False,False,
2023-05-23T01:00:00Z,7316.0,7316.0,False,False,False,
2023-05-23T02:00:00Z,6955.0,6955.0,False,False,False,
2023-05-23T03:00:00Z,6245.0,6245.0,False,False,False,
2023-05-23T04:00:00Z,5587.0,5587.0,False,False,False,
2023-05-23T05:00:00Z,5069.0,5069.0,False,False,False,
2023-05-23T06:00:00Z,4748.0,4748.0,False,False,False,
2023-05-23T07:00:00Z,4520.0,4520.0,False,False,False,
2023-05-23T08:00:00Z,4420.0,4420.0,False,False,False,
2023-05-23T09:00:00Z,4464.0,4464.0,False,False,False,
2023-05-23T10:00:00Z,4763.0,4763.0,False,False,False,
2023-05-23T11:00:00Z,5228.0,5228.0,False,False,False,
2023-05-23T12:00:00Z,5316.0,5316.0,False,False,False,
2023-05-23T13:00:00Z,5092.0,5092.0,False,False,False,
2023-05-23T14:00:00Z,4907.0,4907.0,False,False,False,
2023-05-23T15:00:00Z,4927.0,4927.0,False,False,False,
2023-05-23T16:00:00Z,5030.0,5030.0,False,False,False,
2023-05-23T17:00:00Z,5295.0,5295.0,False,False,False,
2023-05-23T18:00:00Z,5571.0,5571.0,False,False,False,
2023-05-23T19:00:00Z,5824.0,5824.0,False,False,False,
2023-05-23T20:00:00Z,6148.0,6148.0,False,False,False,
2023-05-23T21:00:00Z,6508.0,6508.0,False,False,False,
2023-05-23T22:00:00Z,6776.0,6776.0,False,False,False,
2023-05-23T23:00:00Z,6891.0,6891.0,False,False,False,
2023-05-24T00:00:00Z,6901.0,6901.0,False,False,False,
2023-05-24T01:00:00Z,6868.0,6868.0,False,False,False,
2023-05-24T02:00:00Z,6556.0,6556.0,False,False,False,
2023-05-24T03:00:00Z,5925.0,5925.0,False,False,False,
2023-05-24T04:00:00Z,5343.0,5343.0,False,False,False,
2023-05-24T05:00:00Z,4869.0,4869.0,False,False,False,
2023-05-24T06:00:00Z,4565.0,4565.0,False,False,False,
2023-05-24T07:00:00Z,4427.0,4427.0,False,False,False,
2023-05-24T08:00:00Z,4344.0,4344.0,False,False,False,
2023-05-24T09:00:00Z,4421.0,4421.0,False,False,False,
2023-05-24T10:00:00Z,4744.0,4744.0,False,False,False,
2023-05-24T11:00:00Z,5207.0,5207.0,False,False,False,
2023-05-24T12:00:00Z,5282.0,5282.0,False,False,False,
2023-05-24T13:00:00Z,4949.0,4949.0,False,False,False,
2023-05-24T14:00:00Z,4514.0,4514.0,False,False,False,
2023-05-24T15:00:00Z,4371.0,4371.0,False,False,False,
2023-05-24T16:00:00Z,4366.0,4366.0,False,False,False,
2023-05-24T17:00:00Z,4490.0,4490.0,False,False,False,
2023-05-24T18:00:00Z,4769.0,4769.0,False,False,False,
2023-05-24T19:00:00Z,5079.0,5079.0,False,False,False,
2023-05-24T20:00:00Z,5447.0,5447.0,False,False,False,
2023-05-24T21:00:00Z,5942.0,5942.0,False,False,False,
2023-05-24T22:00:00Z,6462.0,6462.0,False,False,False,
2023-05-24T23:00:00Z,6776.0,6776.0,False,False,False,
2023-05-25T00:00:00Z,6899.0,6899.0,False,False,False,
2023-05-25T01:00:00Z,6809.0,6809.0,False,False,False,
2023-05-25T02:00:00Z,6529.0,6529.0,False,False,False,
2023-05-25T03:00:00Z,5930.0,5930.0,False,False,False,
2023-05-25T04:00:00Z,5303.0,5303.0,False,False,False,
2023-05-25T05:00:00Z,4854.0,4854.0,False,False,False,
2023-05-25T06:00:00Z,4613.0,4613.0,False,False,False,
2023-05-25T07:00:00Z,4410.0,4410.0,False,False,False,
2023-05-25T08:00:00Z,4340.0,4340.0,False,False,False,
2023-05-25T09:00:00Z,4402.0,4402.0,False,False,False,
2023-05-25T10:00:00Z,4701.0,4701.0,False,False,False,
2023-05-25T11:00:00Z,5180.0,5180.0,False,False,False,
2023-05-25T12:00:00Z,5251.0,5251.0,False,False,False,
2023-05-25T13:00:00Z,5128.0,5128.0,False,False,False,
2023-05-25T14:00:00Z,4925.0,4925.0,False,False,False,
2023-05-25T15:00:00Z,4759.0,4759.0,False,False,False,
2023-05-25T16:00:00Z,4787.0,4787.0,False,False,False,
2023-05-25T17:00:00Z,4870.0,4870.0,False,False,False,
2023-05-25T18:00:00Z,5175.0,5175.0,False,False,False,
2023-05-25T19:00:00Z,5387.0,5387.0,False,False,False,
2023-05-25T20:00:00Z,5684.0,5684.0,False,False,False,
2023-05-25T21:00:00Z,5999.0,5999.0,False,False,False,
2023-05-25T22:00:00Z,6166.0,6166.0,False,False,False,
2023-05-25T23:00:00Z,6255.0,6255.0,False,False,False,
2023-05-26T00:00:00Z,6337.0,6337.0,False,False,False,
2023-05-26T01:00:00Z,6458.0,6458.0,False,False,False,
2023-05-26T02:00:00Z,6309.0,6309.0,False,False,False,
2023-05-26T03:00:00Z,5820.0,5820.0,False,False,False,
2023-05-26T04:00:00Z,5282.0,5282.0,False,False,False,
2023-05-26T05:00:00Z,4874.0,4874.0,False,False,False,
2023-05-26T06:00:00Z,4600.0,4600.0,False,False,False,
2023-05-26T07:00:00Z,4390.0,4390.0,False,False,False,
2023-05-26T08:00:00Z,4339.0,4339.0,False,False,False,
2023-05-26T09:00:00Z,4402.0,4402.0,False,False,False,
2023-05-26T10:00:00Z,4666.0,4666.0,False,False,False,
2023-05-26T11:00:00Z,5088.0,5088.0,False,False,False,
2023-05-26T12:00:00Z,5208.0,5208.0,False,False,False,
2023-05-26T13:00:00Z,5064.0,5064.0,False,False,False,
2023-05-26T14:00:00Z,4906.0,4906.0,False,False,False,
2023-05-26T15:00:00Z,4814.0,4814.0,False,False,False,
2023-05-26T16:00:00Z,4850.0,4850.0,False,False,False,
2023-05-26T17:00:00Z,4830.0,4830.0,False,False,False,
2023-05-26T18:00:00Z,4901.0,4901.0,False,False,False,
2023-05-26T19:00:00Z,5022.0,5022.0,False,False,False,
2023-05-26T20:00:00Z,5075.0,5075.0,False,False,False,
2023-05-26T21:00:00Z,5254.0,5254.0,False,False,False,
2023-05-26T22:00:00Z,5436.0,5436.0,False,False,False,
2023-05-26T23:00:00Z,5582.0,5582.0,False,False,False,
2023-05-27T00:00:00Z,5639.0,5639.0,False,False,False,
2023-05-27T01:00:00Z,5763.0,5763.0,False,False,False,
2023-05-27T02:00:00Z,5673.0,5673.0,False,False,False,
2023-05-27T03:00:00Z,5365.0,5365.0,False,False,False,
2023-05-27T04:00:00Z,4958.0,4958.0,False,False,False,
2023-05-27T05:00:00Z,4638.0,4638.0,False,False,False,
2023-05-27T06:00:00Z,4375.0,4375.0,False,False,False,
2023-05-27T07:00:00Z,4315.0,4315.0,False,False,False,
2023-05-27T08:00:00Z,4250.0,4250.0,False,False,False,
2023-05-27T09:00:00Z,4237.0,4237.0,False,False,False,
2023-05-27T10:00:00Z,4339.0,4339.0,False,False,False,
2023-05-27T11:00:00Z,4462.0,4462.0,False,False,False,
2023-05-27T12:00:00Z,4624.0,4624.0,False,False,False,
2023-05-27T13:00:00Z,4846.0,4846.0,False,False,False,
2023-05-27T14:00:00Z,5043.0,5043.0,False,False,False,
2023-05-27T15:00:00Z,5110.0,5110.0,False,False,False,
2023-05-27T16:00:00Z,5104.0,5104.0,False,False,False,
2023-05-27T17:00:00Z,5093.0,5093.0,False,False,False,
2023-05-27T18:00:00Z,5107.0,5107.0,False,False,False,
2023-05-27T19:00:00Z,5110.0,5110.0,False,False,False,
2023-05-27T20:00:00Z,5153.0,5153.0,False,False,False,
2023-05-27T21:00:00Z,5241.0,5241.0,False,False,False,
2023-05-27T22:00:00Z,5401.0,5401.0,False,False,False,
2023-05-27T23:00:00Z,5486.0,5486.0,False,False,False,
2023-05-28T00:00:00Z,5511.0,5511.0,False,False,False,
2023-05-28T01:00:00Z,5608.0,5608.0,False,False,False,
2023-05-28T02:00:00Z,5501.0,5501.0,False,False,False,
2023-05-28T03:00:00Z,5198.0,5198.0,False,False,False,
2023-05-28T04:00:00Z,4899.0,4899.0,False,False,False,
2023-05-28T05:00:00Z,4571.0,4571.0,False,False,False,
2023-05-28T06:00:00Z,4422.0,4422.0,False,False,False,
2023-05-28T07:00:00Z,4260.0,4260.0,False,False,False,
2023-05-28T08:00:00Z,4224.0,4224.0,False,False,False,
2023-05-28T09:00:00Z,4214.0,4214.0,False,False,False,
2023-05-28T10:00:00Z,4254.0,4254.0,False,False,False,
2023-05-28T11:00:00Z,4282.0,4282.0,False,False,False,
2023-05-28T12:00:00Z,4550.0,4550.0,False,False,False,
2023-05-28T13:00:00Z,4834.0,4834.0,False,False,False,
2023-05-28T14:00:00Z,4953.0,4953.0,False,False,False,
2023-05-28T15:00:00Z,5003.0,5003.0,False,False,False,
2023-05-28T16:00:00Z,4937.0,4937.0,False,False,False,
2023-05-28T17:00:00Z,4934.0,4934.0,False,False,False,
2023-05-28T18:00:00Z,5019.0,5019.0,False,False,False,
2023-05-28T19:00:00Z,5116.0,5116.0,False,False,False,
2023-05-28T20:00:00Z,5241.0,5241.0,False,False,False,
2023-05-28T21:00:00Z,5478.0,5478.0,False,False,False,
2023-05-28T22:00:00Z,5636.0,5636.0,False,False,False,
2023-05-28T23:00:00Z,5816.0,5816.0,False,False,False,
2023-05-29T00:00:00Z,5819.0,5819.0,False,False,False,
2023-05-29T01:00:00Z,5916.0,5916.0,False,False,False,
2023-05-29T02:00:00Z,5807.0,5807.0,False,False,False,
2023-05-29T03:00:00Z,5520.0,5520.0,False,False,False,
2023-05-29T04:00:00Z,5122.0,5122.0,False,False,False,
2023-05-29T05:00:00Z,4797.0,4797.0,False,False,False,
2023-05-29T06:00:00Z,4544.0,4544.0,False,False,False,
2023-05-29T07:00:00Z,4391.0,4391.0,False,False,False,
2023-05-29T08:00:00Z,4293.0,4293.0,False,False,False,
2023-05-29T09:00:00Z,4272.0,4272.0,False,False,False,
2023-05-29T10:00:00Z,4351.0,4351.0,False,False,False,
2023-05-29T11:00:00Z,4392.0,4392.0,False,False,False,
2023-05-29T12:00:00Z,4444.0,4444.0,False,False,False,
2023-05-29T13:00:00Z,4648.0,4648.0,False,False,False,
2023-05-29T14:00:00Z,4905.0,4905.0,False,False,False,
2023-05-29T15:00:00Z,5081.0,5081.0,False,False,False,
2023-05-29T16:00:00Z,5223.0,5223.0,False,False,False,
2023-05-29T17:00:00Z,5364.0,5364.0,False,False,False,
2023-05-29T18:00:00Z,5460.0,5460.0,False,False,False,
2023-05-29T19:00:00Z,5498.0,5498.0,False,False,False,
2023-05-29T20:00:00Z,5506.0,5506.0,False,False,False,
2023-05-29T21:00:00Z,5639.0,5639.0,False,False,False,
2023-05-29T22:00:00Z,5867.0,5867.0,False,False,False,
2023-05-29T23:00:00Z,6096.0,6096.0,False,False,False,
2023-05-30T00:00:00Z,6241.0,6241.0,False,False,False,
2023-05-30T01:00:00Z,6395.0,6395.0,False,False,False,
2023-05-30T02:00:00Z,6230.0,6230.0,False,False,False,
2023-05-30T03:00:00Z,5730.0,5730.0,False,False,False,
2023-05-30T04:00:00Z,5195.0,5195.0,False,False,False,
2023-05-30T05:00:00Z,4738.0,4738.0,False,False,False,
2023-05-30T06:00:00Z,4527.0,4527.0,False,False,False,
2023-05-30T07:00:00Z,4370.0,4370.0,False,False,False,
2023-05-30T08:00:00Z,4337.0,4337.0,False,False,False,
2023-05-30T09:00:00Z,4436.0,4436.0,False,False,False,
2023-05-30T10:00:00Z,4739.0,4739.0,False,False,False,
2023-05-30T11:00:00Z,5237.0,5237.0,False,False,False,
2023-05-30T12:00:00Z,5539.0,5539.0,False,False,False,
2023-05-30T13:00:00Z,5576.0,5576.0,False,False,False,
2023-05-30T14:00:00Z,5606.0,5606.0,False,False,False,
2023-05-30T15:00:00Z,5619.0,5619.0,False,False,False,
2023-05-30T16:00:00Z,5631.0,5631.0,False,False,False,
2023-05-30T17:00:00Z,5722.0,5722.0,False,False,False,
2023-05-30T18:00:00Z,5947.0,5947.0,False,False,False,
2023-05-30T19:00:00Z,6151.0,6151.0,False,False,False,
2023-05-30T20:00:00Z,6347.0,6347.0,False,False,False,
2023-05-30T21:00:00Z,6571.0,6571.0,False,False,False,
2023-05-30T22:00:00Z,5925.0,5925.0,False,False,False,
2023-05-30T23:00:00Z,6107.0,6107.0,False,False,False,
2023-05-31T00:00:00Z,6135.0,6135.0,False,False,False,
2023-05-31T01:00:00Z,6103.0,6103.0,False,False,False,
2023-05-31T02:00:00Z,5832.0,5832.0,False,False,False,
2023-05-31T03:00:00Z,5243.0,5243.0,False,False,False,
2023-05-31T04:00:00Z,4640.0,4640.0,False,False,False,
2023-05-31T05:00:00Z,5195.0,5195.0,False,False,False,
2023-05-31T06:00:00Z,4929.0,4929.0,False,False,False,
2023-05-31T07:00:00Z,4734.0,4734.0,False,False,False,
2023-05-31T08:00:00Z,4643.0,4643.0,False,False,False,
2023-05-31T09:00:00Z,4698.0,4698.0,False,False,False,
2023-05-31T10:00:00Z,4974.0,4974.0,False,False,False,
2023-05-31T11:00:00Z,5443.0,5443.0,False,False,False,
2023-05-31T12:00:00Z,5678.0,5678.0,False,False,False,
2023-05-31T13:00:00Z,5670.0,5670.0,False,False,False,
2023-05-31T14:00:00Z,5579.0,5579.0,False,False,False,
2023-05-31T15:00:00Z,5469.0,5469.0,False,False,False,
2023-05-31T16:00:00Z,5369.0,5369.0,False,False,False,
2023-05-31T17:00:00Z,5516.0,5516.0,False,False,False,
2023-05-31T18:00:00Z,5761.0,5761.0,False,False,False,
2023-05-31T19:00:00Z,6121.0,6121.0,False,False,False,
2023-05-31T20:00:00Z,6403.0,6403.0,False,False,False,
2023-05-31T21:00:00Z,6814.0,6814.0,False,False,False,
2023-05-31T22:00:00Z,7084.0,7084.0,False,False,False,
2023-05-31T23:00:00Z,7305.0,7305.0,False,False,False,
2023-06-01T00:00:00Z,7350.0,7350.0,False,False,False,
2023-06-01T01:00:00Z,7310.0,7310.0,False,False,False,
2023-06-01T02:00:00Z,7130.0,7130.0,False,False,False,
2023-06-01T03:00:00Z,6511.0,6511.0,False,False,False,
2023-06-01T04:00:00Z,5840.0,5840.0,False,False,False,
2023-06-01T05:00:00Z,5278.0,5278.0,False,False,False,
2023-06-01T06:00:00Z,4960.0,4960.0,False,False,False,
2023-06-01T07:00:00Z,4741.0,4741.0,False,False,False,
2023-06-01T08:00:00Z,4638.0,4638.0,False,False,False,
2023-06-01T09:00:00Z,4660.0,4660.0,False,False,False,
2023-06-01T10:00:00Z,4892.0,4892.0,False,False,False,
2023-06-01T11:00:00Z,5303.0,5303.0,False,False,False,
2023-06-01T12:00:00Z,5479.0,5479.0,False,False,False,
2023-06-01T13:00:00Z,5374.0,5374.0,False,False,False,
2023-06-01T14:00:00Z,5296.0,5296.0,False,False,False,
2023-06-01T15:00:00Z,5336.0,5336.0,False,False,False,
2023-06-01T16:00:00Z,5616.0,5616.0,False,False,False,
2023-06-01T17:00:00Z,5918.0,5918.0,False,False,False,
2023-06-01T18:00:00Z,6155.0,6155.0,False,False,False,
2023-06-01T19:00:00Z,6374.0,6374.0,False,False,False,
2023-06-01T20:00:00Z,6626.0,6626.0,False,False,False,
2023-06-01T21:00:00Z,6943.0,6943.0,False,False,False,
2023-06-01T22:00:00Z,7194.0,7194.0,False,False,False,
2023-06-01T23:00:00Z,7405.0,7405.0,False,False,False,
2023-06-02T00:00:00Z,7457.0,7457.0,False,False,False,
2023-06-02T01:00:00Z,7433.0,7433.0,False,False,False,
2023-06-02T02:00:00Z,7250.0,7250.0,False,False,False,
2023-06-02T03:00:00Z,6698.0,6698.0,False,False,False,
2023-06-02T04:00:00Z,6041.0,6041.0,False,False,False,
2023-06-02T05:00:00Z,5479.0,5479.0,False,False,False,
2023-06-02T06:00:00Z,5171.0,5171.0,False,False,False,
2023-06-02T07:00:00Z,4963.0,4963.0,False,False,False,
2023-06-02T08:00:00Z,4830.0,4830.0,False,False,False,
2023-06-02T09:00:00Z,4862.0,4862.0,False,False,False,
2023-06-02T10:00:00Z,5111.0,5111.0,False,False,False,
2023-06-02T11:00:00Z,5538.0,5538.0,False,False,False,
2023-06-02T12:00:00Z,5755.0,5755.0,False,False,False,
2023-06-02T13:00:00Z,5729.0,5729.0,False,False,False,
2023-06-02T14:00:00Z,5695.0,5695.0,False,False,False,
2023-06-02T15:00:00Z,5695.0,5695.0,False,False,False,
2023-06-02T16:00:00Z,5828.0,5828.0,False,False,False,
2023-06-02T17:00:00Z,6070.0,6070.0,False,False,False,
2023-06-02T18:00:00Z,6367.0,6367.0,False,False,False,
2023-06-02T19:00:00Z,6695.0,6695.0,False,False,False,
2023-06-02T20:00:00Z,6992.0,6992.0,False,False,False,
2023-06-02T21:00:00Z,7358.0,7358.0,False,False,False,
2023-06-02T22:00:00Z,7646.0,7646.0,False,False,False,
2023-06-02T23:00:00Z,7869.0,7869.0,False,False,False,
2023-06-03T00:00:00Z,7907.0,7907.0,False,False,False,
2023-06-03T01:00:00Z,7673.0,7673.0,False,False,False,
2023-06-03T02:00:00Z,7358.0,7358.0,False,False,False,
2023-06-03T03:00:00Z,6803.0,6803.0,False,False,False,
2023-06-03T04:00:00Z,6139.0,6139.0,False,False,False,
2023-06-03T05:00:00Z,5559.0,5559.0,False,False,False,
2023-06-03T06:00:00Z,5142.0,5142.0,False,False,False,
2023-06-03T07:00:00Z,4877.0,4877.0,False,False,False,
2023-06-03T08:00:00Z,4634.0,4634.0,False,False,False,
2023-06-03T09:00:00Z,4619.0,4619.0,False,False,False,
2023-06-03T10:00:00Z,4629.0,4629.0,False,False,False,
2023-06-03T11:00:00Z,4641.0,4641.0,False,False,False,
2023-06-03T12:00:00Z,4690.0,4690.0,False,False,False,
2023-06-03T13:00:00Z,4706.0,4706.0,False,False,False,
2023-06-03T14:00:00Z,4875.0,4875.0,False,False,False,
2023-06-03T15:00:00Z,5184.0,5184.0,False,False,False,
2023-06-03T16:00:00Z,5584.0,5584.0,False,False,False,
2023-06-03T17:00:00Z,6039.0,6039.0,False,False,False,
2023-06-03T18:00:00Z,6475.0,6475.0,False,False,False,
2023-06-03T19:00:00Z,6868.0,6868.0,False,False,False,
2023-06-03T20:00:00Z,7314.0,7314.0,False,False,False,
2023-06-03T21:00:00Z,7810.0,7810.0,False,False,False,
2023-06-03T22:00:00Z,8169.0,8169.0,False,False,False,
2023-06-03T23:00:00Z,8393.0,8393.0,False,False,False,
2023-06-04T00:00:00Z,8256.0,8256.0,False,False,False,
2023-06-04T01:00:00Z,7932.0,7932.0,False,False,False,
2023-06-04T02:00:00Z,7535.0,7535.0,False,False,False,
2023-06-04T03:00:00Z,6928.0,6928.0,False,False,False,
2023-06-04T04:00:00Z,6260.0,6260.0,False,False,False,
2023-06-04T05:00:00Z,5653.0,5653.0,False,False,False,
2023-06-04T06:00:00Z,5159.0,5159.0,False,False,False,
2023-06-04T07:00:00Z,4877.0,4877.0,False,False,False,
2023-06-04T08:00:00Z,4675.0,4675.0,False,False,False,
2023-06-04T09:00:00Z,4503.0,4503.0,False,False,False,
2023-06-04T10:00:00Z,4587.0,4587.0,False,False,False,
2023-06-04T11:00:00Z,4528.0,4528.0,False,False,False,
2023-06-04T12:00:00Z,4468.0,4468.0,False,False,False,
2023-06-04T13:00:00Z,4958.0,4958.0,False,False,False,
2023-06-04T14:00:00Z,5095.0,5095.0,False,False,False,
2023-06-04T15:00:00Z,5137.0,5137.0,False,False,False,
2023-06-04T16:00:00Z,5028.0,5028.0,False,False,False,
2023-06-04T17:00:00Z,4845.0,4845.0,False,False,False,
2023-06-04T18:00:00Z,4637.0,4637.0,False,False,False,
2023-06-04T19:00:00Z,4567.0,4567.0,False,False,False,
2023-06-04T20:00:00Z,4901.0,4901.0,False,False,False,
2023-06-04T21:00:00Z,5306.0,5306.0,False,False,False,
2023-06-04T22:00:00Z,5691.0,5691.0,False,False,False,
2023-06-04T23:00:00Z,6009.0,6009.0,False,False,False,
2023-06-05T00:00:00Z,6134.0,6134.0,False,False,False,
2023-06-05T01:00:00Z,6288.0,6288.0,False,False,False,
2023-06-05T02:00:00Z,6193.0,6193.0,False,False,False,
2023-06-05T03:00:00Z,5718.0,5718.0,False,False,False,
2023-06-05T04:00:00Z,5188.0,5188.0,False,False,False,
2023-06-05T05:00:00Z,4758.0,4758.0,False,False,False,
2023-06-05T06:00:00Z,4460.0,4460.0,False,False,False,
2023-06-05T07:00:00Z,4312.0,4312.0,False,False,False,
2023-06-05T08:00:00Z,4267.0,4267.0,False,False,False,
2023-06-05T09:00:00Z,4380.0,4380.0,False,False,False,
2023-06-05T10:00:00Z,4669.0,4669.0,False,False,False,
2023-06-05T11:00:00Z,5109.0,5109.0,False,False,False,
2023-06-05T12:00:00Z,5164.0,5164.0,False,False,False,
2023-06-05T13:00:00Z,4976.0,4976.0,False,False,False,
2023-06-05T14:00:00Z,4681.0,4681.0,False,False,False,
2023-06-05T15:00:00Z,4714.0,4714.0,False,False,False,
2023-06-05T16:00:00Z,4816.0,4816.0,False,False,False,
2023-06-05T17:00:00Z,5107.0,5107.0,False,False,False,
2023-06-05T18:00:00Z,5415.0,5415.0,False,False,False,
2023-06-05T19:00:00Z,5803.0,5803.0,False,False,False,
2023-06-05T20:00:00Z,6222.0,6222.0,False,False,False,
2023-06-05T21:00:00Z,6743.0,6743.0,False,False,False,
2023-06-05T22:00:00Z,7224.0,7224.0,False,False,False,
2023-06-05T23:00:00Z,7624.0,7624.0,False,False,False,
2023-06-06T00:00:00Z,7703.0,7703.0,False,False,False,
2023-06-06T01:00:00Z,7464.0,7464.0,False,False,False,
2023-06-06T02:00:00Z,7134.0,7134.0,False,False,False,
2023-06-06T03:00:00Z,6447.0,6447.0,False,False,False,
2023-06-06T04:00:00Z,5765.0,5765.0,False,False,False,
2023-06-06T05:00:00Z,5219.0,5219.0,False,False,False,
2023-06-06T06:00:00Z,4937.0,4937.0,False,False,False,
2023-06-06T07:00:00Z,4733.0,4733.0,False,False,False,
2023-06-06T08:00:00Z,4635.0,4635.0,False,False,False,
2023-06-06T09:00:00Z,4668.0,4668.0,False,False,False,
2023-06-06T10:00:00Z,4981.0,4981.0,False,False,False,
2023-06-06T11:00:00Z,5293.0,5293.0,False,False,False,
2023-06-06T12:00:00Z,5494.0,5494.0,False,False,False,
2023-06-06T13:00:00Z,5377.0,5377.0,False,False,False,
2023-06-06T14:00:00Z,5306.0,5306.0,False,False,False,
2023-06-06T15:00:00Z,5420.0,5420.0,False,False,False,
2023-06-06T16:00:00Z,5753.0,5753.0,False,False,False,
2023-06-06T17:00:00Z,6143.0,6143.0,False,False,False,
2023-06-06T18:00:00Z,6568.0,6568.0,False,False,False,
2023-06-06T19:00:00Z,7027.0,7027.0,False,False,False,
2023-06-06T20:00:00Z,7494.0,7494.0,False,False,False,
2023-06-06T21:00:00Z,7910.0,7910.0,False,False,False,
2023-06-06T22:00:00Z,8247.0,8247.0,False,False,False,
2023-06-06T23:00:00Z,8400.0,8400.0,False,False,False,
2023-06-07T00:00:00Z,8236.0,8236.0,False,False,False,
2023-06-07T01:00:00Z,7935.0,7935.0,False,False,False,
2023-06-07T02:00:00Z,7521.0,7521.0,False,False,False,
2023-06-07T03:00:00Z,6753.0,6753.0,False,False,False,
2023-06-07T04:00:00Z,5984.0,5984.0,False,False,False,
2023-06-07T05:00:00Z,5435.0,5435.0,False,False,False,
2023-06-07T06:00:00Z,5073.0,5073.0,False,False,False,
2023-06-07T07:00:00Z,4867.0,4867.0,False,False,False,
2023-06-07T08:00:00Z,4724.0,4724.0,False,False,False,
2023-06-07T09:00:00Z,4730.0,4730.0,False,False,False,
2023-06-07T10:00:00Z,4943.0,4943.0,False,False,False,
2023-06-07T11:00:00Z,5296.0,5296.0,False,False,False,
2023-06-07T12:00:00Z,5488.0,5488.0,False,False,False,
2023-06-07T13:00:00Z,5466.0,5466.0,False,False,False,
2023-06-07T14:00:00Z,5426.0,5426.0,False,False,False,
2023-06-07T15:00:00Z,5568.0,5568.0,False,False,False,
2023-06-07T16:00:00Z,5792.0,5792.0,False,False,False,
2023-06-07T17:00:00Z,6130.0,6130.0,False,False,False,
2023-06-07T18:00:00Z,6498.0,6498.0,False,False,False,
2023-06-07T19:00:00Z,6798.0,6798.0,False,False,False,
2023-06-07T20:00:00Z,7031.0,7031.0,False,False,False,
2023-06-07T21:00:00Z,7275.0,7275.0,False,False,False,
2023-06-07T22:00:00Z,7433.0,7433.0,False,False,False,
2023-06-07T23:00:00Z,7479.0,7479.0,False,False,False,
2023-06-08T00:00:00Z,7284.0,7284.0,False,False,False,
2023-06-08T01:00:00Z,7153.0,7153.0,False,False,False,
2023-06-08T02:00:00Z,6847.0,6847.0,False,False,False,
2023-06-08T03:00:00Z,6274.0,6274.0,False,False,False,
2023-06-08T04:00:00Z,5696.0,5696.0,False,False,False,
2023-06-08T05:00:00Z,5135.0,5135.0,False,False,False,
2023-06-08T06:00:00Z,4976.0,4976.0,False,False,False,
2023-06-08T07:00:00Z,4847.0,4847.0,False,False,False,
2023-06-08T08:00:00Z,4619.0,4619.0,False,False,False,
2023-06-08T09:00:00Z,4883.0,4883.0,False,False,False,
2023-06-08T10:00:00Z,4957.0,4957.0,False,False,False,
2023-06-08T11:00:00Z,5316.0,5316.0,False,False,False,
2023-06-08T12:00:00Z,5699.0,5699.0,False,False,False,
2023-06-08T13:00:00Z,5859.0,5859.0,False,False,False,
2023-06-08T14:00:00Z,5990.0,5990.0,False,False,False,
2023-06-08T15:00:00Z,6048.0,6048.0,False,False,False,
2023-06-08T16:00:00Z,6158.0,6158.0,False,False,False,
2023-06-08T17:00:00Z,6558.0,6558.0,False,False,False,
2023-06-08T18:00:00Z,6857.0,6857.0,False,False,False,
2023-06-08T19:00:00Z,7179.0,7179.0,False,False,False,
2023-06-08T20:00:00Z,7437.0,7437.0,False,False,False,
2023-06-08T21:00:00Z,7742.0,7742.0,False,False,False,
2023-06-08T22:00:00Z,7776.0,7776.0,False,False,False,
2023-06-08T23:00:00Z,7701.0,7701.0,False,False,False,
2023-06-09T00:00:00Z,7458.0,7458.0,False,False,False,
2023-06-09T01:00:00Z,7178.0,7178.0,False,False,False,
2023-06-09T02:00:00Z,6882.0,6882.0,False,False,False,
2023-06-09T03:00:00Z,6273.0,6273.0,False,False,False,
2023-06-09T04:00:00Z,5740.0,5740.0,False,False,False,
2023-06-09T05:00:00Z,5122.0,5122.0,False,False,False,
2023-06-09T06:00:00Z,4781.0,4781.0,False,False,False,
2023-06-09T07:00:00Z,4574.0,4574.0,False,False,False,
2023-06-09T08:00:00Z,4488.0,4488.0,False,False,False,
2023-06-09T09:00:00Z,4528.0,4528.0,False,False,False,
2023-06-09T10:00:00Z,4776.0,4776.0,False,False,False,
2023-06-09T11:00:00Z,5082.0,5082.0,False,False,False,
2023-06-09T12:00:00Z,5392.0,5392.0,False,False,False,
2023-06-09T13:00:00Z,5555.0,5555.0,False,False,False,
2023-06-09T14:00:00Z,5705.0,5705.0,False,False,False,
2023-06-09T15:00:00Z,5997.0,5997.0,False,False,False,
2023-06-09T16:00:00Z,6289.0,6289.0,False,False,False,
2023-06-09T17:00:00Z,6620.0,6620.0,False,False,False,
2023-06-09T18:00:00Z,6971.0,6971.0,False,False,False,
2023-06-09T19:00:00Z,7263.0,7263.0,False,False,False,
2023-06-09T20:00:00Z,7550.0,7550.0,False,False,False,
2023-06-09T21:00:00Z,7787.0,7787.0,False,False,False,
2023-06-09T22:00:00Z,7868.0,7868.0,False,False,False,
2023-06-09T23:00:00Z,7757.0,7757.0,False,False,False,
2023-06-10T00:00:00Z,7466.0,7466.0,False,False,False,
2023-06-10T01:00:00Z,7011.0,7011.0,False,False,False,
2023-06-10T02:00:00Z,6726.0,6726.0,False,False,False,
2023-06-10T03:00:00Z,6178.0,6178.0,False,False,False,
2023-06-10T04:00:00Z,5619.0,5619.0,False,False,False,
2023-06-10T05:00:00Z,5108.0,5108.0,False,False,False,
2023-06-10T06:00:00Z,4757.0,4757.0,False,False,False,
2023-06-10T07:00:00Z,4543.0,4543.0,False,False,False,
2023-06-10T08:00:00Z,4400.0,4400.0,False,False,False,
2023-06-10T09:00:00Z,4359.0,4359.0,False,False,False,
2023-06-10T10:00:00Z,4416.0,4416.0,False,False,False,
2023-06-10T11:00:00Z,4476.0,4476.0,False,False,False,
2023-06-10T12:00:00Z,4659.0,4659.0,False,False,False,
2023-06-10T13:00:00Z,5009.0,5009.0,False,False,False,
2023-06-10T14:00:00Z,5372.0,5372.0,False,False,False,
2023-06-10T15:00:00Z,5822.0,5822.0,False,False,False,
2023-06-10T16:00:00Z,6251.0,6251.0,False,False,False,
2023-06-10T17:00:00Z,6713.0,6713.0,False,False,False,
2023-06-10T18:00:00Z,7115.0,7115.0,False,False,False,
2023-06-10T19:00:00Z,7526.0,7526.0,False,False,False,
2023-06-10T20:00:00Z,7950.0,7950.0,False,False,False,
2023-06-10T21:00:00Z,8262.0,8262.0,False,False,False,
2023-06-10T22:00:00Z,8390.0,8390.0,False,False,False,
2023-06-10T23:00:00Z,8281.0,8281.0,False,False,False,
2023-06-11T00:00:00Z,7948.0,7948.0,False,False,False,
2023-06-11T01:00:00Z,7472.0,7472.0,False,False,False,
2023-06-11T02:00:00Z,7077.0,7077.0,False,False,False,
2023-06-11T03:00:00Z,6519.0,6519.0,False,False,False,
2023-06-11T04:00:00Z,5905.0,5905.0,False,False,False,
2023-06-11T05:00:00Z,5354.0,5354.0,False,False,False,
2023-06-11T06:00:00Z,4949.0,4949.0,False,False,False,
2023-06-11T07:00:00Z,4692.0,4692.0,False,False,False,
2023-06-11T08:00:00Z,4543.0,4543.0,False,False,False,
2023-06-11T09:00:00Z,4460.0,4460.0,False,False,False,
2023-06-11T10:00:00Z,4462.0,4462.0,False,False,False,
2023-06-11T11:00:00Z,4435.0,4435.0,False,False,False,
2023-06-11T12:00:00Z,4698.0,4698.0,False,False,False,
2023-06-11T13:00:00Z,5223.0,5223.0,False,False,False,
2023-06-11T14:00:00Z,5814.0,5814.0,False,False,False,
2023-06-11T15:00:00Z,6418.0,6418.0,False,False,False,
2023-06-11T16:00:00Z,7026.0,7026.0,False,False,False,
2023-06-11T17:00:00Z,7580.0,7580.0,False,False,False,
2023-06-11T18:00:00Z,8004.0,8004.0,False,False,False,
2023-06-11T19:00:00Z,8355.0,8355.0,False,False,False,
2023-06-11T20:00:00Z,8624.0,8624.0,False,False,False,
2023-06-11T21:00:00Z,8742.0,8742.0,False,False,False,
2023-06-11T22:00:00Z,8742.0,8742.0,False,False,False,
2023-06-11T23:00:00Z,8419.0,8419.0,False,False,False,
2023-06-12T00:00:00Z,8085.0,8085.0,False,False,False,
2023-06-12T01:00:00Z,7843.0,7843.0,False,False,False,
2023-06-12T02:00:00Z,7505.0,7505.0,False,False,False,
2023-06-12T03:00:00Z,6934.0,6934.0,False,False,False,
2023-06-12T04:00:00Z,6297.0,6297.0,False,False,False,
2023-06-12T05:00:00Z,5769.0,5769.0,False,False,False,
2023-06-12T06:00:00Z,5404.0,5404.0,False,False,False,
2023-06-12T07:00:00Z,5186.0,5186.0,False,False,False,
2023-06-12T08:00:00Z,5051.0,5051.0,False,False,False,
2023-06-12T09:00:00Z,5092.0,5092.0,False,False,False,
2023-06-12T10:00:00Z,5361.0,5361.0,False,False,False,
2023-06-12T11:00:00Z,5797.0,5797.0,False,False,False,
2023-06-12T12:00:00Z,6236.0,6236.0,False,False,False,
2023-06-12T13:00:00Z,6614.0,6614.0,False,False,False,
2023-06-12T14:00:00Z,7036.0,7036.0,False,False,False,
2023-06-12T15:00:00Z,7248.0,7248.0,False,False,False,
2023-06-12T16:00:00Z,7816.0,7816.0,False,False,False,
2023-06-12T17:00:00Z,8253.0,8253.0,False,False,False,
2023-06-12T18:00:00Z,8707.0,8707.0,False,False,False,
2023-06-12T19:00:00Z,9056.0,9056.0,False,False,False,
2023-06-12T20:00:00Z,9305.0,9305.0,False,False,False,
2023-06-12T21:00:00Z,9479.0,9479.0,False,False,False,
2023-06-12T22:00:00Z,9438.0,9438.0,False,False,False,
2023-06-12T23:00:00Z,9225.0,9225.0,False,False,False,
2023-06-13T00:00:00Z,8791.0,8791.0,False,False,False,
2023-06-13T01:00:00Z,8430.0,8430.0,False,False,False,
2023-06-13T02:00:00Z,8077.0,8077.0,False,False,False,
2023-06-13T03:00:00Z,7409.0,7409.0,False,False,False,
2023-06-13T04:00:00Z,6659.0,6659.0,False,False,False,
2023-06-13T05:00:00Z,6043.0,6043.0,False,False,False,
2023-06-13T06:00:00Z,5576.0,5576.0,False,False,False,
2023-06-13T07:00:00Z,5261.0,5261.0,False,False,False,
2023-06-13T08:00:00Z,5054.0,5054.0,False,False,False,
2023-06-13T09:00:00Z,5038.0,5038.0,False,False,False,
2023-06-13T10:00:00Z,5275.0,5275.0,False,False,False,
2023-06-13T11:00:00Z,5416.0,5416.0,False,False,False,
2023-06-13T12:00:00Z,5898.0,5898.0,False,False,False,
2023-06-13T13:00:00Z,6152.0,6152.0,False,False,False,
2023-06-13T14:00:00Z,6506.0,6506.0,False,False,False,
2023-06-13T15:00:00Z,6963.0,6963.0,False,False,False,
2023-06-13T16:00:00Z,7438.0,7438.0,False,False,False,
2023-06-13T17:00:00Z,7876.0,7876.0,False,False,False,
2023-06-13T18:00:00Z,8288.0,8288.0,False,False,False,
2023-06-13T19:00:00Z,8644.0,8644.0,False,False,False,
2023-06-13T20:00:00Z,8919.0,8919.0,False,False,False,
2023-06-13T21:00:00Z,9109.0,9109.0,False,False,False,
2023-06-13T22:00:00Z,9125.0,9125.0,False,False,False,
2023-06-13T23:00:00Z,8994.0,8994.0,False,False,False,
2023-06-14T00:00:00Z,8682.0,8682.0,False,False,False,
2023-06-14T01:00:00Z,8284.0,8284.0,False,False,False,
2023-06-14T02:00:00Z,7846.0,7846.0,False,False,False,
2023-06-14T03:00:00Z,7119.0,7119.0,False,False,False,
2023-06-14T04:00:00Z,6377.0,6377.0,False,False,False,
2023-06-14T05:00:00Z,5773.0,5773.0,False,False,False,
2023-06-14T06:00:00Z,5353.0,5353.0,False,False,False,
2023-06-14T07:00:00Z,5069.0,5069.0,False,False,False,
2023-06-14T08:00:00Z,4943.0,4943.0,False,False,False,
2023-06-14T09:00:00Z,4926.0,4926.0,False,False,False,
2023-06-14T10:00:00Z,5097.0,5097.0,False,False,False,
2023-06-14T11:00:00Z,5430.0,5430.0,False,False,False,
2023-06-14T12:00:00Z,5828.0,5828.0,False,False,False,
2023-06-14T13:00:00Z,6084.0,6084.0,False,False,False,
2023-06-14T14:00:00Z,6526.0,6526.0,False,False,False,
2023-06-14T15:00:00Z,6936.0,6936.0,False,False,False,
2023-06-14T16:00:00Z,7440.0,7440.0,False,False,False,
2023-06-14T17:00:00Z,7908.0,7908.0,False,False,False,
2023-06-14T18:00:00Z,8368.0,8368.0,False,False,False,
2023-06-14T19:00:00Z,8661.0,8661.0,False,False,False,
2023-06-14T20:00:00Z,8935.0,8935.0,False,False,False,
2023-06-14T21:00:00Z,9246.0,9246.0,False,False,False,
2023-06-14T22:00:00Z,9433.0,9433.0,False,False,False,
2023-06-14T23:00:00Z,9291.0,9291.0,False,False,False,
2023-06-15T00:00:00Z,8949.0,8949.0,False,False,False,
2023-06-15T01:00:00Z,8665.0,8665.0,False,False,False,
2023-06-15T02:00:00Z,8334.0,8334.0,False,False,False,
2023-06-15T03:00:00Z,7665.0,7665.0,False,False,False,
2023-06-15T04:00:00Z,6947.0,6947.0,False,False,False,
2023-06-15T05:00:00Z,6308.0,6308.0,False,False,False,
2023-06-15T06:00:00Z,5891.0,5891.0,False,False,False,
2023-06-15T07:00:00Z,5582.0,5582.0,False,False,False,
2023-06-15T08:00:00Z,5388.0,5388.0,False,False,False,
2023-06-15T09:00:00Z,5312.0,5312.0,False,False,False,
2023-06-15T10:00:00Z,5520.0,5520.0,False,False,False,
2023-06-15T11:00:00Z,5813.0,5813.0,False,False,False,
2023-06-15T12:00:00Z,6233.0,6233.0,False,False,False,
2023-06-15T13:00:00Z,6684.0,6684.0,False,False,False,
2023-06-15T14:00:00Z,7120.0,7120.0,False,False,False,
2023-06-15T15:00:00Z,7651.0,7651.0,False,False,False,
2023-06-15T16:00:00Z,8113.0,8113.0,False,False,False,
2023-06-15T17:00:00Z,8633.0,8633.0,False,False,False,
2023-06-15T18:00:00Z,9049.0,9049.0,False,False,False,
2023-06-15T19:00:00Z,9146.0,9146.0,False,False,False,
2023-06-15T20:00:00Z,9270.0,9270.0,False,False,False,
2023-06-15T21:00:00Z,9441.0,9441.0,False,False,False,
2023-06-15T22:00:00Z,9427.0,9427.0,False,False,False,
2023-06-15T23:00:00Z,9337.0,9337.0,False,False,False,
2023-06-16T00:00:00Z,9187.0,9187.0,False,False,False,
2023-06-16T01:00:00Z,8800.0,8800.0,False,False,False,
2023-06-16T02:00:00Z,8398.0,8398.0,False,False,False,
2023-06-16T03:00:00Z,7674.0,7674.0,False,False,False,
2023-06-16T04:00:00Z,6884.0,6884.0,False,False,False,
2023-06-16T05:00:00Z,6255.0,6255.0,False,False,False,
2023-06-16T06:00:00Z,5843.0,5843.0,False,False,False,
2023-06-16T07:00:00Z,5502.0,5502.0,False,False,False,
2023-06-16T08:00:00Z,5346.0,5346.0,False,False,False,
2023-06-16T09:00:00Z,5304.0,5304.0,False,False,False,
2023-06-16T10:00:00Z,5492.0,5492.0,False,False,False,
2023-06-16T11:00:00Z,5739.0,5739.0,False,False,False,
2023-06-16T12:00:00Z,6145.0,6145.0,False,False,False,
2023-06-16T13:00:00Z,6623.0,6623.0,False,False,False,
2023-06-16T14:00:00Z,7186.0,7186.0,False,False,False,
2023-06-16T15:00:00Z,7848.0,7848.0,False,False,False,
2023-06-16T16:00:00Z,8505.0,8505.0,False,False,False,
2023-06-16T17:00:00Z,9015.0,9015.0,False,False,False,
2023-06-16T18:00:00Z,9393.0,9393.0,False,False,False,
2023-06-16T19:00:00Z,9546.0,9546.0,False,False,False,
2023-06-16T20:00:00Z,9691.0,9691.0,False,False,False,
2023-06-16T21:00:00Z,9786.0,9786.0,False,False,False,
2023-06-16T22:00:00Z,9737.0,9737.0,False,False,False,
2023-06-16T23:00:00Z,9562.0,9562.0,False,False,False,
2023-06-17T00:00:00Z,9317.0,9317.0,False,False,False,
2023-06-17T01:00:00Z,8841.0,8841.0,False,False,False,
2023-06-17T02:00:00Z,8431.0,8431.0,False,False,False,
2023-06-17T03:00:00Z,7794.0,7794.0,False,False,False,
2023-06-17T04:00:00Z,7084.0,7084.0,False,False,False,
2023-06-17T05:00:00Z,6449.0,6449.0,False,False,False,
2023-06-17T06:00:00Z,5852.0,5852.0,False,False,False,
2023-06-17T07:00:00Z,5478.0,5478.0,False,False,False,
2023-06-17T08:00:00Z,5068.0,5068.0,False,False,False,
2023-06-17T09:00:00Z,4967.0,4967.0,False,False,False,
2023-06-17T10:00:00Z,4916.0,4916.0,False,False,False,
2023-06-17T11:00:00Z,4865.0,4865.0,False,False,False,
2023-06-17T12:00:00Z,5122.0,5122.0,False,False,False,
2023-06-17T13:00:00Z,5515.0,5515.0,False,False,False,
2023-06-17T14:00:00Z,6142.0,6142.0,False,False,False,
2023-06-17T15:00:00Z,6482.0,6482.0,False,False,False,
2023-06-17T16:00:00Z,7051.0,7051.0,False,False,False,
2023-06-17T17:00:00Z,7486.0,7486.0,False,False,False,
2023-06-17T18:00:00Z,7950.0,7950.0,False,False,False,
2023-06-17T19:00:00Z,8354.0,8354.0,False,False,False,
2023-06-17T20:00:00Z,8700.0,8700.0,False,False,False,
2023-06-17T21:00:00Z,8949.0,8949.0,False,False,False,
2023-06-17T22:00:00Z,9145.0,9145.0,False,False,False,
2023-06-17T23:00:00Z,8947.0,8947.0,False,False,False,
2023-06-18T00:00:00Z,8607.0,8607.0,False,False,False,
2023-06-18T01:00:00Z,7989.0,7989.0,False,False,False,
2023-06-18T02:00:00Z,7563.0,7563.0,False,False,False,
2023-06-18T03:00:00Z,6887.0,6887.0,False,False,False,
2023-06-18T04:00:00Z,6122.0,6122.0,False,False,False,
2023-06-18T05:00:00Z,5669.0,5669.0,False,False,False,
2023-06-18T06:00:00Z,5219.0,5219.0,False,False,False,
2023-06-18T07:00:00Z,4956.0,4956.0,False,False,False,
2023-06-18T08:00:00Z,4726.0,4726.0,False,False,False,
2023-06-18T09:00:00Z,4610.0,4610.0,False,False,False,
2023-06-18T10:00:00Z,4608.0,4608.0,False,False,False,
2023-06-18T11:00:00Z,4598.0,4598.0,False,False,False,
2023-06-18T12:00:00Z,4862.0,4862.0,False,False,False,
2023-06-18T13:00:00Z,5427.0,5427.0,False,False,False,
2023-06-18T14:00:00Z,6089.0,6089.0,False,False,False,
2023-06-18T15:00:00Z,6703.0,6703.0,False,False,False,
2023-06-18T16:00:00Z,7369.0,7369.0,False,False,False,
2023-06-18T17:00:00Z,7749.0,7749.0,False,False,False,
2023-06-18T18:00:00Z,8519.0,8519.0,False,False,False,
2023-06-18T19:00:00Z,8905.0,8905.0,False,False,False,
2023-06-18T20:00:00Z,9240.0,9240.0,False,False,False,
2023-06-18T21:00:00Z,9446.0,9446.0,False,False,False,
2023-06-18T22:00:00Z,9583.0,9583.0,False,False,False,
2023-06-18T23:00:00Z,9472.0,9472.0,False,False,False,
2023-06-19T00:00:00Z,9125.0,9125.0,False,False,False,
2023-06-19T01:00:00Z,8659.0,8659.0,False,False,False,
2023-06-19T02:00:00Z,8296.0,8296.0,False,False,False,
2023-06-19T03:00:00Z,7606.0,7606.0,False,False,False,
2023-06-19T04:00:00Z,6904.0,6904.0,False,False,False,
2023-06-19T05:00:00Z,6295.0,6295.0,False,False,False,
2023-06-19T06:00:00Z,5877.0,5877.0,False,False,False,
2023-06-19T07:00:00Z,5574.0,5574.0,False,False,False,
2023-06-19T08:00:00Z,5395.0,5395.0,False,False,False,
2023-06-19T09:00:00Z,5387.0,5387.0,False,False,False,
2023-06-19T10:00:00Z,5610.0,5610.0,False,False,False,
2023-06-19T11:00:00Z,5925.0,5925.0,False,False,False,
2023-06-19T12:00:00Z,6375.0,6375.0,False,False,False,
2023-06-19T13:00:00Z,6896.0,6896.0,False,False,False,
2023-06-19T14:00:00Z,7555.0,7555.0,False,False,False,
2023-06-19T15:00:00Z,8293.0,8293.0,False,False,False,
2023-06-19T16:00:00Z,8979.0,8979.0,False,False,False,
2023-06-19T17:00:00Z,9469.0,9469.0,False,False,False,
2023-06-19T18:00:00Z,9679.0,9679.0,False,False,False,
2023-06-19T19:00:00Z,9644.0,9644.0,False,False,False,
2023-06-19T20:00:00Z,9355.0,9355.0,False,False,False,
2023-06-19T21:00:00Z,9192.0,9192.0,False,False,False,
2023-06-19T22:00:00Z,8923.0,8923.0,False,False,False,
2023-06-19T23:00:00Z,8686.0,8686.0,False,False,False,
2023-06-20T00:00:00Z,8373.0,8373.0,False,False,False,
2023-06-20T01:00:00Z,8155.0,8155.0,False,False,False,
2023-06-20T02:00:00Z,7892.0,7892.0,False,False,False,
2023-06-20T03:00:00Z,7301.0,7301.0,False,False,False,
2023-06-20T04:00:00Z,6671.0,6671.0,False,False,False,
2023-06-20T05:00:00Z,6135.0,6135.0,False,False,False,
2023-06-20T06:00:00Z,5780.0,5780.0,False,False,False,
2023-06-20T07:00:00Z,5547.0,5547.0,False,False,False,
2023-06-20T08:00:00Z,5439.0,5439.0,False,False,False,
2023-06-20T09:00:00Z,5428.0,5428.0,False,False,False,
2023-06-20T10:00:00Z,5722.0,5722.0,False,False,False,
2023-06-20T11:00:00Z,6065.0,6065.0,False,False,False,
2023-06-20T12:00:00Z,6463.0,6463.0,False,False,False,
2023-06-20T13:00:00Z,6777.0,6777.0,False,False,False,
2023-06-20T14:00:00Z,7065.0,7065.0,False,False,False,
2023-06-20T15:00:00Z,7374.0,7374.0,False,False,False,
2023-06-20T16:00:00Z,7557.0,7557.0,False,False,False,
2023-06-20T17:00:00Z,7736.0,7736.0,False,False,False,
2023-06-20T18:00:00Z,7909.0,7909.0,False,False,False,
2023-06-20T19:00:00Z,8054.0,8054.0,False,False,False,
2023-06-20T20:00:00Z,8199.0,8199.0,False,False,False,
2023-06-20T21:00:00Z,8255.0,8255.0,False,False,False,
2023-06-20T22:00:00Z,8301.0,8301.0,False,False,False,
2023-06-20T23:00:00Z,8124.0,8124.0,False,False,False,
2023-06-21T00:00:00Z,7870.0,7870.0,False,False,False,
2023-06-21T01:00:00Z,7744.0,7744.0,False,False,False,
2023-06-21T02:00:00Z,7534.0,7534.0,False,False,False,
2023-06-21T03:00:00Z,7017.0,7017.0,False,False,False,
2023-06-21T04:00:00Z,6462.0,6462.0,False,False,False,
2023-06-21T05:00:00Z,5960.0,5960.0,False,False,False,
2023-06-21T06:00:00Z,5622.0,5622.0,False,False,False,
2023-06-21T07:00:00Z,5428.0,5428.0,False,False,False,
2023-06-21T08:00:00Z,5317.0,5317.0,False,False,False,
2023-06-21T09:00:00Z,5285.0,5285.0,False,False,False,
2023-06-21T10:00:00Z,5538.0,5538.0,False,False,False,
2023-06-21T11:00:00Z,5869.0,5869.0,False,False,False,
2023-06-21T12:00:00Z,6231.0,6231.0,False,False,False,
2023-06-21T13:00:00Z,6472.0,6472.0,False,False,False,
2023-06-21T14:00:00Z,6679.0,6679.0,False,False,False,
2023-06-21T15:00:00Z,6868.0,6868.0,False,False,False,
2023-06-21T16:00:00Z,7068.0,7068.0,False,False,False,
2023-06-21T17:00:00Z,7229.0,7229.0,False,False,False,
2023-06-21T18:00:00Z,7415.0,7415.0,False,False,False,
2023-06-21T19:00:00Z,7657.0,7657.0,False,False,False,
2023-06-21T20:00:00Z,7806.0,7806.0,False,False,False,
2023-06-21T21:00:00Z,7955.0,7955.0,False,False,False,
2023-06-21T22:00:00Z,8097.0,8097.0,False,False,False,
2023-06-21T23:00:00Z,8061.0,8061.0,False,False,False,
2023-06-22T00:00:00Z,7900.0,7900.0,False,False,False,
2023-06-22T01:00:00Z,7737.0,7737.0,False,False,False,
2023-06-22T02:00:00Z,7531.0,7531.0,False,False,False,
2023-06-22T03:00:00Z,7032.0,7032.0,False,False,False,
2023-06-22T04:00:00Z,6373.0,6373.0,False,False,False,
2023-06-22T05:00:00Z,5920.0,5920.0,False,False,False,
2023-06-22T06:00:00Z,5656.0,5656.0,False,False,False,
2023-06-22T07:00:00Z,5342.0,5342.0,False,False,False,
2023-06-22T08:00:00Z,5261.0,5261.0,False,False,False,
2023-06-22T09:00:00Z,5341.0,5341.0,False,False,False,
2023-06-22T10:00:00Z,5540.0,5540.0,False,False,False,
2023-06-22T11:00:00Z,5868.0,5868.0,False,False,False,
2023-06-22T12:00:00Z,6307.0,6307.0,False,False,False,
2023-06-22T13:00:00Z,6657.0,6657.0,False,False,False,
2023-06-22T14:00:00Z,7016.0,7016.0,False,False,False,
2023-06-22T15:00:00Z,7349.0,7349.0,False,False,False,
2023-06-22T16:00:00Z,7666.0,7666.0,False,False,False,
2023-06-22T17:00:00Z,7709.0,7709.0,False,False,False,
2023-06-22T18:00:00Z,7617.0,7617.0,False,False,False,
2023-06-22T19:00:00Z,7679.0,7679.0,False,False,False,
2023-06-22T20:00:00Z,7860.0,7860.0,False,False,False,
2023-06-22T21:00:00Z,8189.0,8189.0,False,False,False,
2023-06-22T22:00:00Z,8382.0,8382.0,False,False,False,
2023-06-22T23:00:00Z,8395.0,8395.0,False,False,False,
2023-06-23T00:00:00Z,8204.0,8204.0,False,False,False,
2023-06-23T01:00:00Z,8057.0,8057.0,False,False,False,
2023-06-23T02:00:00Z,7835.0,7835.0,False,False,False,
2023-06-23T03:00:00Z,7366.0,7366.0,False,False,False,
2023-06-23T04:00:00Z,6804.0,6804.0,False,False,False,
2023-06-23T05:00:00Z,6278.0,6278.0,False,False,False,
2023-06-23T06:00:00Z,5944.0,5944.0,False,False,False,
2023-06-23T07:00:00Z,5738.0,5738.0,False,False,False,
2023-06-23T08:00:00Z,5633.0,5633.0,False,False,False,
2023-06-23T09:00:00Z,5602.0,5602.0,False,False,False,
2023-06-23T10:00:00Z,5836.0,5836.0,False,False,False,
2023-06-23T11:00:00Z,6102.0,6102.0,False,False,False,
2023-06-23T12:00:00Z,6523.0,6523.0,False,False,False,
2023-06-23T13:00:00Z,6865.0,6865.0,False,False,False,
2023-06-23T14:00:00Z,7241.0,7241.0,False,False,False,
2023-06-23T15:00:00Z,7622.0,7622.0,False,False,False,
2023-06-23T16:00:00Z,8040.0,8040.0,False,False,False,
2023-06-23T17:00:00Z,8331.0,8331.0,False,False,False,
2023-06-23T18:00:00Z,8479.0,8479.0,False,False,False,
2023-06-23T19:00:00Z,8628.0,8628.0,False,False,False,
2023-06-23T20:00:00Z,8745.0,8745.0,False,False,False,
2023-06-23T21:00:00Z,8805.0,8805.0,False,False,False,
2023-06-23T22:00:00Z,8885.0,8885.0,False,False,False,
2023-06-23T23:00:00Z,8845.0,8845.0,False,False,False,
2023-06-24T00:00:00Z,8528.0,8528.0,False,False,False,
2023-06-24T01:00:00Z,8161.0,8161.0,False,False,False,
2023-06-24T02:00:00Z,7896.0,7896.0,False,False,False,
2023-06-24T03:00:00Z,7364.0,7364.0,False,False,False,
2023-06-24T04:00:00Z,6773.0,6773.0,False,False,False,
2023-06-24T05:00:00Z,6214.0,6214.0,False,False,False,
2023-06-24T06:00:00Z,5849.0,5849.0,False,False,False,
2023-06-24T07:00:00Z,5566.0,5566.0,False,False,False,
2023-06-24T08:00:00Z,5368.0,5368.0,False,False,False,
2023-06-24T09:00:00Z,5288.0,5288.0,False,False,False,
2023-06-24T10:00:00Z,5311.0,5311.0,False,False,False,
2023-06-24T11:00:00Z,5324.0,5324.0,False,False,False,
2023-06-24T12:00:00Z,5654.0,5654.0,False,False,False,
2023-06-24T13:00:00Z,6243.0,6243.0,False,False,False,
2023-06-24T14:00:00Z,6844.0,6844.0,False,False,False,
2023-06-24T15:00:00Z,7560.0,7560.0,False,False,False,
2023-06-24T16:00:00Z,8206.0,8206.0,False,False,False,
2023-06-24T17:00:00Z,8720.0,8720.0,False,False,False,
2023-06-24T18:00:00Z,9070.0,9070.0,False,False,False,
2023-06-24T19:00:00Z,9263.0,9263.0,False,False,False,
2023-06-24T20:00:00Z,9422.0,9422.0,False,False,False,
2023-06-24T21:00:00Z,9476.0,9476.0,False,False,False,
2023-06-24T22:00:00Z,9390.0,9390.0,False,False,False,
2023-06-24T23:00:00Z,9257.0,9257.0,False,False,False,
2023-06-25T00:00:00Z,8875.0,8875.0,False,False,False,
2023-06-25T01:00:00Z,8418.0,8418.0,False,False,False,
2023-06-25T02:00:00Z,8027.0,8027.0,False,False,False,
2023-06-25T03:00:00Z,7491.0,7491.0,False,False,False,
2023-06-25T04:00:00Z,6862.0,6862.0,False,False,False,
2023-06-25T05:00:00Z,6329.0,6329.0,False,False,False,
2023-06-25T06:00:00Z,5908.0,5908.0,False,False,False,
2023-06-25T07:00:00Z,5563.0,5563.0,False,False,False,
2023-06-25T08:00:00Z,5352.0,5352.0,False,False,False,
2023-06-25T09:00:00Z,5186.0,5186.0,False,False,False,
2023-06-25T10:00:00Z,5177.0,5177.0,False,False,False,
2023-06-25T11:00:00Z,5083.0,5083.0,False,False,False,
2023-06-25T12:00:00Z,5407.0,5407.0,False,False,False,
2023-06-25T13:00:00Z,6112.0,6112.0,False,False,False,
2023-06-25T14:00:00Z,6899.0,6899.0,False,False,False,
2023-06-25T15:00:00Z,7637.0,7637.0,False,False,False,
2023-06-25T16:00:00Z,8295.0,8295.0,False,False,False,
2023-06-25T17:00:00Z,8937.0,8937.0,False,False,False,
2023-06-25T18:00:00Z,9401.0,9401.0,False,False,False,
2023-06-25T19:00:00Z,9590.0,9590.0,False,False,False,
2023-06-25T20:00:00Z,9750.0,9750.0,False,False,False,
2023-06-25T21:00:00Z,9893.0,9893.0,False,False,False,
2023-06-25T22:00:00Z,10033.0,10033.0,False,False,False,
2023-06-25T23:00:00Z,9991.0,9991.0,False,False,False,
2023-06-26T00:00:00Z,9936.0,9936.0,False,False,False,
2023-06-26T01:00:00Z,9481.0,9481.0,False,False,False,
2023-06-26T02:00:00Z,9039.0,9039.0,False,False,False,
2023-06-26T03:00:00Z,8332.0,8332.0,False,False,False,
2023-06-26T04:00:00Z,7549.0,7549.0,False,False,False,
2023-06-26T05:00:00Z,6899.0,6899.0,False,False,False,
2023-06-26T06:00:00Z,6467.0,6467.0,False,False,False,
2023-06-26T07:00:00Z,6157.0,6157.0,False,False,False,
2023-06-26T08:00:00Z,5978.0,5978.0,False,False,False,
2023-06-26T09:00:00Z,5918.0,5918.0,False,False,False,
2023-06-26T10:00:00Z,6118.0,6118.0,False,False,False,
2023-06-26T11:00:00Z,6406.0,6406.0,False,False,False,
2023-06-26T12:00:00Z,6830.0,6830.0,False,False,False,
2023-06-26T13:00:00Z,7300.0,7300.0,False,False,False,
2023-06-26T14:00:00Z,7833.0,7833.0,False,False,False,
2023-06-26T15:00:00Z,8449.0,8449.0,False,False,False,
2023-06-26T16:00:00Z,9029.0,9029.0,False,False,False,
2023-06-26T17:00:00Z,9599.0,9599.0,False,False,False,
2023-06-26T18:00:00Z,10005.0,10005.0,False,False,False,
2023-06-26T19:00:00Z,10251.0,10251.0,False,False,False,
2023-06-26T20:00:00Z,10512.0,10512.0,False,False,False,
2023-06-26T21:00:00Z,10899.0,10899.0,False,False,False,
2023-06-26T22:00:00Z,11016.0,11016.0,False,False,False,
2023-06-26T23:00:00Z,10942.0,10942.0,False,False,False,
2023-06-27T00:00:00Z,10633.0,10633.0,False,False,False,
2023-06-27T01:00:00Z,10294.0,10294.0,False,False,False,
2023-06-27T02:00:00Z,9853.0,9853.0,False,False,False,
2023-06-27T03:00:00Z,8903.0,8903.0,False,False,False,
2023-06-27T04:00:00Z,7870.0,7870.0,False,False,False,
2023-06-27T05:00:00Z,6976.0,6976.0,False,False,False,
2023-06-27T06:00:00Z,6414.0,6414.0,False,False,False,
2023-06-27T07:00:00Z,5894.0,5894.0,False,False,False,
2023-06-27T08:00:00Z,5589.0,5589.0,False,False,False,
2023-06-27T09:00:00Z,5482.0,5482.0,False,False,False,
2023-06-27T10:00:00Z,5696.0,5696.0,False,False,False,
2023-06-27T11:00:00Z,5972.0,5972.0,False,False,False,
2023-06-27T12:00:00Z,6375.0,6375.0,False,False,False,
2023-06-27T13:00:00Z,6819.0,6819.0,False,False,False,
2023-06-27T14:00:00Z,7389.0,7389.0,False,False,False,
2023-06-27T15:00:00Z,8067.0,8067.0,False,False,False,
2023-06-27T16:00:00Z,8737.0,8737.0,False,False,False,
2023-06-27T17:00:00Z,9334.0,9334.0,False,False,False,
2023-06-27T18:00:00Z,9798.0,9798.0,False,False,False,
2023-06-27T19:00:00Z,10151.0,10151.0,False,False,False,
2023-06-27T20:00:00Z,10289.0,10289.0,False,False,False,
2023-06-27T21:00:00Z,10312.0,10312.0,False,False,False,
2023-06-27T22:00:00Z,10379.0,10379.0,False,False,False,
2023-06-27T23:00:00Z,10338.0,10338.0,False,False,False,
2023-06-28T00:00:00Z,9998.0,9998.0,False,False,False,
2023-06-28T01:00:00Z,9441.0,9441.0,False,False,False,
2023-06-28T02:00:00Z,8949.0,8949.0,False,False,False,
2023-06-28T03:00:00Z,8131.0,8131.0,False,False,False,
2023-06-28T04:00:00Z,7252.0,7252.0,False,False,False,
2023-06-28T05:00:00Z,6607.0,6607.0,False,False,False,
2023-06-28T06:00:00Z,6142.0,6142.0,False,False,False,
2023-06-28T07:00:00Z,5848.0,5848.0,False,False,False,
2023-06-28T08:00:00Z,5630.0,5630.0,False,False,False,
2023-06-28T09:00:00Z,5565.0,5565.0,False,False,False,
2023-06-28T10:00:00Z,5729.0,5729.0,False,False,False,
2023-06-28T11:00:00Z,5946.0,5946.0,False,False,False,
2023-06-28T12:00:00Z,6447.0,6447.0,False,False,False,
2023-06-28T13:00:00Z,6949.0,6949.0,False,False,False,
2023-06-28T14:00:00Z,7476.0,7476.0,False,False,False,
2023-06-28T15:00:00Z,8078.0,8078.0,False,False,False,
2023-06-28T16:00:00Z,8686.0,8686.0,False,False,False,
2023-06-28T17:00:00Z,9223.0,9223.0,False,False,False,
2023-06-28T18:00:00Z,9754.0,9754.0,False,False,False,
2023-06-28T19:00:00Z,10168.0,10168.0,False,False,False,
2023-06-28T20:00:00Z,10406.0,10406.0,False,False,False,
2023-06-28T21:00:00Z,10585.0,10585.0,False,False,False,
2023-06-28T22:00:00Z,10555.0,10555.0,False,False,False,
2023-06-28T23:00:00Z,10429.0,10429.0,False,False,False,
2023-06-29T00:00:00Z,10073.0,10073.0,False,False,False,
2023-06-29T01:00:00Z,9439.0,9439.0,False,False,False,
2023-06-29T02:00:00Z,8899.0,8899.0,False,False,False,
2023-06-29T03:00:00Z,8073.0,8073.0,False,False,False,
2023-06-29T04:00:00Z,7268.0,7268.0,False,False,False,
2023-06-29T05:00:00Z,6514.0,6514.0,False,False,False,
2023-06-29T06:00:00Z,5954.0,5954.0,False,False,False,
2023-06-29T07:00:00Z,5704.0,5704.0,False,False,False,
2023-06-29T08:00:00Z,5308.0,5308.0,False,False,False,
2023-06-29T09:00:00Z,5484.0,5484.0,False,False,False,
2023-06-29T10:00:00Z,5485.0,5485.0,False,False,False,
2023-06-29T11:00:00Z,5684.0,5684.0,False,False,False,
2023-06-29T12:00:00Z,6294.0,6294.0,False,False,False,
2023-06-29T13:00:00Z,6763.0,6763.0,False,False,False,
2023-06-29T14:00:00Z,7370.0,7370.0,False,False,False,
2023-06-29T15:00:00Z,8091.0,8091.0,False,False,False,
2023-06-29T16:00:00Z,8805.0,8805.0,False,False,False,
2023-06-29T17:00:00Z,9299.0,9299.0,False,False,False,
2023-06-29T18:00:00Z,9743.0,9743.0,False,False,False,
2023-06-29T19:00:00Z,10111.0,10111.0,False,False,False,
2023-06-29T20:00:00Z,10318.0,10318.0,False,False,False,
2023-06-29T21:00:00Z,10445.0,10445.0,False,False,False,
2023-06-29T22:00:00Z,10456.0,10456.0,False,False,False,
2023-06-29T23:00:00Z,10345.0,10345.0,False,False,False,
2023-06-30T00:00:00Z,9924.0,9924.0,False,False,False,
2023-06-30T01:00:00Z,9403.0,9403.0,False,False,False,
2023-06-30T02:00:00Z,8874.0,8874.0,False,False,False,
2023-06-30T03:00:00Z,8136.0,8136.0,False,False,False,
2023-06-30T04:00:00Z,7278.0,7278.0,False,False,False,
2023-06-30T05:00:00Z,6494.0,6494.0,False,False,False,
2023-06-30T06:00:00Z,6153.0,6153.0,False,False,False,
2023-06-30T07:00:00Z,5845.0,5845.0,False,False,False,
2023-06-30T08:00:00Z,5675.0,5675.0,False,False,False,
2023-06-30T09:00:00Z,5502.0,5502.0,False,False,False,
2023-06-30T10:00:00Z,5723.0,5723.0,False,False,False,
2023-06-30T11:00:00Z,5669.0,5669.0,False,False,False,
2023-06-30T12:00:00Z,6378.0,6378.0,False,False,False,
2023-06-30T13:00:00Z,6661.0,6661.0,False,False,False,
2023-06-30T14:00:00Z,7382.0,7382.0,False,False,False,
2023-06-30T15:00:00Z,7923.0,7923.0,False,False,False,
2023-06-30T16:00:00Z,8532.0,8532.0,False,False,False,
2023-06-30T17:00:00Z,9096.0,9096.0,False,False,False,
2023-06-30T18:00:00Z,9541.0,9541.0,False,False,False,
2023-06-30T19:00:00Z,9905.0,9905.0,False,False,False,
2023-06-30T20:00:00Z,10255.0,10255.0,False,False,False,
2023-06-30T21:00:00Z,10498.0,10498.0,False,False,False,
2023-06-30T22:00:00Z,10469.0,10469.0,False,False,False,
2023-06-30T23:00:00Z,10253.0,10253.0,False,False,False,
2023-07-01T00:00:00Z,9849.0,9849.0,False,False,False,
2023-07-01T01:00:00Z,9388.0,9388.0,False,False,False,
2023-07-01T02:00:00Z,9021.0,9021.0,False,False,False,
2023-07-01T03:00:00Z,8318.0,8318.0,False,False,False,
2023-07-01T04:00:00Z,7614.0,7614.0,False,False,False,
2023-07-01T05:00:00Z,6995.0,6995.0,False,False,False,
2023-07-01T06:00:00Z,6434.0,6434.0,False,False,False,
2023-07-01T07:00:00Z,6116.0,6116.0,False,False,False,
2023-07-01T08:00:00Z,5816.0,5816.0,False,False,False,
2023-07-01T09:00:00Z,5575.0,5575.0,False,False,False,
2023-07-01T10:00:00Z,5484.0,5484.0,False,False,False,
2023-07-01T11:00:00Z,5566.0,5566.0,False,False,False,
2023-07-01T12:00:00Z,5986.0,5986.0,False,False,False,
2023-07-01T13:00:00Z,6350.0,6350.0,False,False,False,
2023-07-01T14:00:00Z,7229.0,7229.0,False,False,False,
2023-07-01T15:00:00Z,8001.0,8001.0,False,False,False,
2023-07-01T16:00:00Z,8671.0,8671.0,False,False,False,
2023-07-01T17:00:00Z,9274.0,9274.0,False,False,False,
2023-07-01T18:00:00Z,9799.0,9799.0,False,False,False,
2023-07-01T19:00:00Z,10127.0,10127.0,False,False,False,
2023-07-01T20:00:00Z,10284.0,10284.0,False,False,False,
2023-07-01T21:00:00Z,10437.0,10437.0,False,False,False,
2023-07-01T22:00:00Z,10354.0,10354.0,False,False,False,
2023-07-01T23:00:00Z,9908.0,9908.0,False,False,False,
2023-07-02T00:00:00Z,9298.0,9298.0,False,False,False,
2023-07-02T01:00:00Z,8713.0,8713.0,False,False,False,
2023-07-02T02:00:00Z,8231.0,8231.0,False,False,False,
2023-07-02T03:00:00Z,7656.0,7656.0,False,False,False,
2023-07-02T04:00:00Z,7070.0,7070.0,False,False,False,
2023-07-02T05:00:00Z,6549.0,6549.0,False,False,False,
2023-07-02T06:00:00Z,6018.0,6018.0,False,False,False,
2023-07-02T07:00:00Z,5616.0,5616.0,False,False,False,
2023-07-02T08:00:00Z,5475.0,5475.0,False,False,False,
2023-07-02T09:00:00Z,5289.0,5289.0,False,False,False,
2023-07-02T10:00:00Z,5430.0,5430.0,False,False,False,
2023-07-02T11:00:00Z,5362.0,5362.0,False,False,False,
2023-07-02T12:00:00Z,5523.0,5523.0,False,False,False,
2023-07-02T13:00:00Z,6300.0,6300.0,False,False,False,
2023-07-02T14:00:00Z,7129.0,7129.0,False,False,False,
2023-07-02T15:00:00Z,7866.0,7866.0,False,False,False,
2023-07-02T16:00:00Z,8690.0,8690.0,False,False,False,
2023-07-02T17:00:00Z,9479.0,9479.0,False,False,False,
2023-07-02T18:00:00Z,10108.0,10108.0,False,False,False,
2023-07-02T19:00:00Z,10476.0,10476.0,False,False,False,
2023-07-02T20:00:00Z,10593.0,10593.0,False,False,False,
2023-07-02T21:00:00Z,10660.0,10660.0,False,False,False,
2023-07-02T22:00:00Z,10733.0,10733.0,False,False,False,
2023-07-02T23:00:00Z,10700.0,10700.0,False,False,False,
2023-07-03T00:00:00Z,10620.0,10620.0,False,False,False,
2023-07-03T01:00:00Z,10230.0,10230.0,False,False,False,
2023-07-03T02:00:00Z,9784.0,9784.0,False,False,False,
2023-07-03T03:00:00Z,9091.0,9091.0,False,False,False,
2023-07-03T04:00:00Z,8388.0,8388.0,False,False,False,
2023-07-03T05:00:00Z,7774.0,7774.0,False,False,False,
2023-07-03T06:00:00Z,7304.0,7304.0,False,False,False,
2023-07-03T07:00:00Z,6972.0,6972.0,False,False,False,
2023-07-03T08:00:00Z,6767.0,6767.0,False,False,False,
2023-07-03T09:00:00Z,6649.0,6649.0,False,False,False,
2023-07-03T10:00:00Z,6723.0,6723.0,False,False,False,
2023-07-03T11:00:00Z,6790.0,6790.0,False,False,False,
2023-07-03T12:00:00Z,7205.0,7205.0,False,False,False,
2023-07-03T13:00:00Z,7804.0,7804.0,False,False,False,
2023-07-03T14:00:00Z,8638.0,8638.0,False,False,False,
2023-07-03T15:00:00Z,9470.0,9470.0,False,False,False,
2023-07-03T16:00:00Z,10271.0,10271.0,False,False,False,
2023-07-03T17:00:00Z,10805.0,10805.0,False,False,False,
2023-07-03T18:00:00Z,11019.0,11019.0,False,False,False,
2023-07-03T19:00:00Z,10992.0,10992.0,False,False,False,
2023-07-03T20:00:00Z,11088.0,11088.0,False,False,False,
2023-07-03T21:00:00Z,10937.0,10937.0,False,False,False,
2023-07-03T22:00:00Z,10740.0,10740.0,False,False,False,
2023-07-03T23:00:00Z,10546.0,10546.0,False,False,False,
2023-07-04T00:00:00Z,10150.0,10150.0,False,False,False,
2023-07-04T01:00:00Z,9716.0,9716.0,False,False,False,
2023-07-04T02:00:00Z,9354.0,9354.0,False,False,False,
2023-07-04T03:00:00Z,8696.0,8696.0,False,False,False,
2023-07-04T04:00:00Z,8088.0,8088.0,False,False,False,
2023-07-04T05:00:00Z,7497.0,7497.0,False,False,False,
2023-07-04T06:00:00Z,7094.0,7094.0,False,False,False,
2023-07-04T07:00:00Z,6774.0,6774.0,False,False,False,
2023-07-04T08:00:00Z,6539.0,6539.0,False,False,False,
2023-07-04T09:00:00Z,6427.0,6427.0,False,False,False,
2023-07-04T10:00:00Z,6430.0,6430.0,False,False,False,
2023-07-04T11:00:00Z,6417.0,6417.0,False,False,False,
2023-07-04T12:00:00Z,6725.0,6725.0,False,False,False,
2023-07-04T13:00:00Z,7366.0,7366.0,False,False,False,
2023-07-04T14:00:00Z,8226.0,8226.0,False,False,False,
2023-07-04T15:00:00Z,9137.0,9137.0,False,False,False,
2023-07-04T16:00:00Z,9884.0,9884.0,False,False,False,
2023-07-04T17:00:00Z,10459.0,10459.0,False,False,False,
2023-07-04T18:00:00Z,10808.0,10808.0,False,False,False,
2023-07-04T19:00:00Z,10920.0,10920.0,False,False,False,
2023-07-04T20:00:00Z,11003.0,11003.0,False,False,False,
2023-07-04T21:00:00Z,10998.0,10998.0,False,False,False,
2023-07-04T22:00:00Z,10905.0,10905.0,False,False,False,
2023-07-04T23:00:00Z,10768.0,10768.0,False,False,False,
2023-07-05T00:00:00Z,10327.0,10327.0,False,False,False,
2023-07-05T01:00:00Z,9729.0,9729.0,False,False,False,
2023-07-05T02:00:00Z,9159.0,9159.0,False,False,False,
2023-07-05T03:00:00Z,8607.0,8607.0,False,False,False,
2023-07-05T04:00:00Z,7957.0,7957.0,False,False,False,
2023-07-05T05:00:00Z,7255.0,7255.0,False,False,False,
2023-07-05T06:00:00Z,6688.0,6688.0,False,False,False,
2023-07-05T07:00:00Z,6294.0,6294.0,False,False,False,
2023-07-05T08:00:00Z,6078.0,6078.0,False,False,False,
2023-07-05T09:00:00Z,6000.0,6000.0,False,False,False,
2023-07-05T10:00:00Z,6130.0,6130.0,False,False,False,
2023-07-05T11:00:00Z,6375.0,6375.0,False,False,False,
2023-07-05T12:00:00Z,6794.0,6794.0,False,False,False,
2023-07-05T13:00:00Z,7339.0,7339.0,False,False,False,
2023-07-05T14:00:00Z,8040.0,8040.0,False,False,False,
2023-07-05T15:00:00Z,8865.0,8865.0,False,False,False,
2023-07-05T16:00:00Z,9675.0,9675.0,False,False,False,
2023-07-05T17:00:00Z,10373.0,10373.0,False,False,False,
2023-07-05T18:00:00Z,10825.0,10825.0,False,False,False,
2023-07-05T19:00:00Z,10815.0,10815.0,False,False,False,
2023-07-05T20:00:00Z,10536.0,10536.0,False,False,False,
2023-07-05T21:00:00Z,9997.0,9997.0,False,False,False,
2023-07-05T22:00:00Z,9653.0,9653.0,False,False,False,
2023-07-05T23:00:00Z,9357.0,9357.0,False,False,False,
2023-07-06T00:00:00Z,9031.0,9031.0,False,False,False,
2023-07-06T01:00:00Z,8660.0,8660.0,False,False,False,
2023-07-06T02:00:00Z,8360.0,8360.0,False,False,False,
2023-07-06T03:00:00Z,7785.0,7785.0,False,False,False,
2023-07-06T04:00:00Z,7105.0,7105.0,False,False,False,
2023-07-06T05:00:00Z,6591.0,6591.0,False,False,False,
2023-07-06T06:00:00Z,6229.0,6229.0,False,False,False,
2023-07-06T07:00:00Z,5996.0,5996.0,False,False,False,
2023-07-06T08:00:00Z,5825.0,5825.0,False,False,False,
2023-07-06T09:00:00Z,5813.0,5813.0,False,False,False,
2023-07-06T10:00:00Z,5999.0,5999.0,False,False,False,
2023-07-06T11:00:00Z,6284.0,6284.0,False,False,False,
2023-07-06T12:00:00Z,6652.0,6652.0,False,False,False,
2023-07-06T13:00:00Z,7061.0,7061.0,False,False,False,
2023-07-06T14:00:00Z,7523.0,7523.0,False,False,False,
2023-07-06T15:00:00Z,8036.0,8036.0,False,False,False,
2023-07-06T16:00:00Z,8620.0,8620.0,False,False,False,
2023-07-06T17:00:00Z,9281.0,9281.0,False,False,False,
2023-07-06T18:00:00Z,9891.0,9891.0,False,False,False,
2023-07-06T19:00:00Z,10307.0,10307.0,False,False,False,
2023-07-06T20:00:00Z,10600.0,10600.0,False,False,False,
2023-07-06T21:00:00Z,10755.0,10755.0,False,False,False,
2023-07-06T22:00:00Z,10667.0,10667.0,False,False,False,
2023-07-06T23:00:00Z,10476.0,10476.0,False,False,False,
2023-07-07T00:00:00Z,10180.0,10180.0,False,False,False,
2023-07-07T01:00:00Z,9703.0,9703.0,False,False,False,
2023-07-07T02:00:00Z,9284.0,9284.0,False,False,False,
2023-07-07T03:00:00Z,8546.0,8546.0,False,False,False,
2023-07-07T04:00:00Z,7734.0,7734.0,False,False,False,
2023-07-07T05:00:00Z,7080.0,7080.0,False,False,False,
2023-07-07T06:00:00Z,6596.0,6596.0,False,False,False,
2023-07-07T07:00:00Z,6256.0,6256.0,False,False,False,
2023-07-07T08:00:00Z,6040.0,6040.0,False,False,False,
2023-07-07T09:00:00Z,5913.0,5913.0,False,False,False,
2023-07-07T10:00:00Z,6090.0,6090.0,False,False,False,
2023-07-07T11:00:00Z,6271.0,6271.0,False,False,False,
2023-07-07T12:00:00Z,6796.0,6796.0,False,False,False,
2023-07-07T13:00:00Z,7455.0,7455.0,False,False,False,
2023-07-07T14:00:00Z,8293.0,8293.0,False,False,False,
2023-07-07T15:00:00Z,9197.0,9197.0,False,False,False,
2023-07-07T16:00:00Z,10013.0,10013.0,False,False,False,
2023-07-07T17:00:00Z,10696.0,10696.0,False,False,False,
2023-07-07T18:00:00Z,11026.0,11026.0,False,False,False,
2023-07-07T19:00:00Z,11155.0,11155.0,False,False,False,
2023-07-07T20:00:00Z,11194.0,11194.0,False,False,False,
2023-07-07T21:00:00Z,11115.0,11115.0,False,False,False,
2023-07-07T22:00:00Z,10992.0,10992.0,False,False,False,
2023-07-07T23:00:00Z,10597.0,10597.0,False,False,False,
2023-07-08T00:00:00Z,9907.0,9907.0,False,False,False,
2023-07-08T01:00:00Z,9426.0,9426.0,False,False,False,
2023-07-08T02:00:00Z,8971.0,8971.0,False,False,False,
2023-07-08T03:00:00Z,8245.0,8245.0,False,False,False,
2023-07-08T04:00:00Z,7549.0,7549.0,False,False,False,
2023-07-08T05:00:00Z,6965.0,6965.0,False,False,False,
2023-07-08T06:00:00Z,6487.0,6487.0,False,False,False,
2023-07-08T07:00:00Z,6179.0,6179.0,False,False,False,
2023-07-08T08:00:00Z,5914.0,5914.0,False,False,False,
2023-07-08T09:00:00Z,5756.0,5756.0,False,False,False,
2023-07-08T10:00:00Z,5769.0,5769.0,False,False,False,
2023-07-08T11:00:00Z,5745.0,5745.0,False,False,False,
2023-07-08T12:00:00Z,6059.0,6059.0,False,False,False,
2023-07-08T13:00:00Z,6683.0,6683.0,False,False,False,
2023-07-08T14:00:00Z,7446.0,7446.0,False,False,False,
2023-07-08T15:00:00Z,8264.0,8264.0,False,False,False,
2023-07-08T16:00:00Z,9050.0,9050.0,False,False,False,
2023-07-08T17:00:00Z,9605.0,9605.0,False,False,False,
2023-07-08T18:00:00Z,9960.0,9960.0,False,False,False,
2023-07-08T19:00:00Z,10260.0,10260.0,False,False,False,
2023-07-08T20:00:00Z,10373.0,10373.0,False,False,False,
2023-07-08T21:00:00Z,10296.0,10296.0,False,False,False,
2023-07-08T22:00:00Z,9999.0,9999.0,False,False,False,
2023-07-08T23:00:00Z,9532.0,9532.0,False,False,False,
2023-07-09T00:00:00Z,9065.0,9065.0,False,False,False,
2023-07-09T01:00:00Z,8743.0,8743.0,False,False,False,
2023-07-09T02:00:00Z,8397.0,8397.0,False,False,False,
2023-07-09T03:00:00Z,7877.0,7877.0,False,False,False,
2023-07-09T04:00:00Z,7270.0,7270.0,False,False,False,
2023-07-09T05:00:00Z,6700.0,6700.0,False,False,False,
2023-07-09T06:00:00Z,6214.0,6214.0,False,False,False,
2023-07-09T07:00:00Z,5958.0,5958.0,False,False,False,
2023-07-09T08:00:00Z,5720.0,5720.0,False,False,False,
2023-07-09T09:00:00Z,5589.0,5589.0,False,False,False,
2023-07-09T10:00:00Z,5574.0,5574.0,False,False,False,
2023-07-09T11:00:00Z,5549.0,5549.0,False,False,False,
2023-07-09T12:00:00Z,5858.0,5858.0,False,False,False,
2023-07-09T13:00:00Z,6546.0,6546.0,False,False,False,
2023-07-09T14:00:00Z,7315.0,7315.0,False,False,False,
2023-07-09T15:00:00Z,8084.0,8084.0,False,False,False,
2023-07-09T16:00:00Z,8920.0,8920.0,False,False,False,
2023-07-09T17:00:00Z,9654.0,9654.0,False,False,False,
2023-07-09T18:00:00Z,9922.0,9922.0,False,False,False,
2023-07-09T19:00:00Z,9444.0,9444.0,False,False,False,
2023-07-09T20:00:00Z,8913.0,8913.0,False,False,False,
2023-07-09T21:00:00Z,8738.0,8738.0,False,False,False,
2023-07-09T22:00:00Z,8660.0,8660.0,False,False,False,
2023-07-09T23:00:00Z,8697.0,8697.0,False,False,False,
2023-07-10T00:00:00Z,8557.0,8557.0,False,False,False,
2023-07-10T01:00:00Z,8352.0,8352.0,False,False,False,
2023-07-10T02:00:00Z,8063.0,8063.0,False,False,False,
2023-07-10T03:00:00Z,7487.0,7487.0,False,False,False,
2023-07-10T04:00:00Z,6859.0,6859.0,False,False,False,
2023-07-10T05:00:00Z,6281.0,6281.0,False,False,False,
2023-07-10T06:00:00Z,5926.0,5926.0,False,False,False,
2023-07-10T07:00:00Z,5702.0,5702.0,False,False,False,
2023-07-10T08:00:00Z,5600.0,5600.0,False,False,False,
2023-07-10T09:00:00Z,5611.0,5611.0,False,False,False,
2023-07-10T10:00:00Z,5866.0,5866.0,False,False,False,
2023-07-10T11:00:00Z,6182.0,6182.0,False,False,False,
2023-07-10T12:00:00Z,6563.0,6563.0,False,False,False,
2023-07-10T13:00:00Z,6877.0,6877.0,False,False,False,
2023-07-10T14:00:00Z,7216.0,7216.0,False,False,False,
2023-07-10T15:00:00Z,7523.0,7523.0,False,False,False,
2023-07-10T16:00:00Z,7827.0,7827.0,False,False,False,
2023-07-10T17:00:00Z,8091.0,8091.0,False,False,False,
2023-07-10T18:00:00Z,8311.0,8311.0,False,False,False,
2023-07-10T19:00:00Z,8490.0,8490.0,False,False,False,
2023-07-10T20:00:00Z,8668.0,8668.0,False,False,False,
2023-07-10T21:00:00Z,8804.0,8804.0,False,False,False,
2023-07-10T22:00:00Z,8978.0,8978.0,False,False,False,
2023-07-10T23:00:00Z,9081.0,9081.0,False,False,False,
2023-07-11T00:00:00Z,8953.0,8953.0,False,False,False,
2023-07-11T01:00:00Z,8646.0,8646.0,False,False,False,
2023-07-11T02:00:00Z,8313.0,8313.0,False,False,False,
2023-07-11T03:00:00Z,7660.0,7660.0,False,False,False,
2023-07-11T04:00:00Z,6957.0,6957.0,False,False,False,
2023-07-11T05:00:00Z,6338.0,6338.0,False,False,False,
2023-07-11T06:00:00Z,5949.0,5949.0,False,False,False,
2023-07-11T07:00:00Z,5708.0,5708.0,False,False,False,
2023-07-11T08:00:00Z,5477.0,5477.0,False,False,False,
2023-07-11T09:00:00Z,5448.0,5448.0,False,False,False,
2023-07-11T10:00:00Z,5638.0,5638.0,False,False,False,
2023-07-11T11:00:00Z,5930.0,5930.0,False,False,False,
2023-07-11T12:00:00Z,6385.0,6385.0,False,False,False,
2023-07-11T13:00:00Z,6875.0,6875.0,False,False,False,
2023-07-11T14:00:00Z,7526.0,7526.0,False,False,False,
2023-07-11T15:00:00Z,8223.0,8223.0,False,False,False,
2023-07-11T16:00:00Z,8955.0,8955.0,False,False,False,
2023-07-11T17:00:00Z,9525.0,9525.0,False,False,False,
2023-07-11T18:00:00Z,9925.0,9925.0,False,False,False,
2023-07-11T19:00:00Z,10294.0,10294.0,False,False,False,
2023-07-11T20:00:00Z,10664.0,10664.0,False,False,False,
2023-07-11T21:00:00Z,10896.0,10896.0,False,False,False,
2023-07-11T22:00:00Z,10952.0,10952.0,False,False,False,
2023-07-11T23:00:00Z,10887.0,10887.0,False,False,False,
2023-07-12T00:00:00Z,10489.0,10489.0,False,False,False,
2023-07-12T01:00:00Z,9925.0,9925.0,False,False,False,
2023-07-12T02:00:00Z,9350.0,9350.0,False,False,False,
2023-07-12T03:00:00Z,8464.0,8464.0,False,False,False,
2023-07-12T04:00:00Z,7609.0,7609.0,False,False,False,
2023-07-12T05:00:00Z,6902.0,6902.0,False,False,False,
2023-07-12T06:00:00Z,6375.0,6375.0,False,False,False,
2023-07-12T07:00:00Z,6089.0,6089.0,False,False,False,
2023-07-12T08:00:00Z,5873.0,5873.0,False,False,False,
2023-07-12T09:00:00Z,5833.0,5833.0,False,False,False,
2023-07-12T10:00:00Z,5939.0,5939.0,False,False,False,
2023-07-12T11:00:00Z,6294.0,6294.0,False,False,False,
2023-07-12T12:00:00Z,6702.0,6702.0,False,False,False,
2023-07-12T13:00:00Z,7281.0,7281.0,False,False,False,
2023-07-12T14:00:00Z,7978.0,7978.0,False,False,False,
2023-07-12T15:00:00Z,8805.0,8805.0,False,False,False,
2023-07-12T16:00:00Z,9486.0,9486.0,False,False,False,
2023-07-12T17:00:00Z,10082.0,10082.0,False,False,False,
2023-07-12T18:00:00Z,10565.0,10565.0,False,False,False,
2023-07-12T19:00:00Z,10839.0,10839.0,False,False,False,
2023-07-12T20:00:00Z,11018.0,11018.0,False,False,False,
2023-07-12T21:00:00Z,11041.0,11041.0,False,False,False,
2023-07-12T22:00:00Z,11101.0,11101.0,False,False,False,
2023-07-12T23:00:00Z,11085.0,11085.0,False,False,False,
2023-07-13T00:00:00Z,10844.0,10844.0,False,False,False,
2023-07-13T01:00:00Z,10299.0,10299.0,False,False,False,
2023-07-13T02:00:00Z,9861.0,9861.0,False,False,False,
2023-07-13T03:00:00Z,9052.0,9052.0,False,False,False,
2023-07-13T04:00:00Z,8238.0,8238.0,False,False,False,
2023-07-13T05:00:00Z,7524.0,7524.0,False,False,False,
2023-07-13T06:00:00Z,7004.0,7004.0,False,False,False,
2023-07-13T07:00:00Z,6620.0,6620.0,False,False,False,
2023-07-13T08:00:00Z,6396.0,6396.0,False,False,False,
2023-07-13T09:00:00Z,6340.0,6340.0,False,False,False,
2023-07-13T10:00:00Z,6454.0,6454.0,False,False,False,
2023-07-13T11:00:00Z,6702.0,6702.0,False,False,False,
2023-07-13T12:00:00Z,7193.0,7193.0,False,False,False,
2023-07-13T13:00:00Z,7762.0,7762.0,False,False,False,
2023-07-13T14:00:00Z,8418.0,8418.0,False,False,False,
2023-07-13T15:00:00Z,9215.0,9215.0,False,False,False,
2023-07-13T16:00:00Z,9927.0,9927.0,False,False,False,
2023-07-13T17:00:00Z,10512.0,10512.0,False,False,False,
2023-07-13T18:00:00Z,10996.0,10996.0,False,False,False,
2023-07-13T19:00:00Z,11096.0,11096.0,False,False,False,
2023-07-13T20:00:00Z,11319.0,11319.0,False,False,False,
2023-07-13T21:00:00Z,11398.0,11398.0,False,False,False,
2023-07-13T22:00:00Z,11375.0,11375.0,False,False,False,
2023-07-13T23:00:00Z,11345.0,11345.0,False,False,False,
2023-07-14T00:00:00Z,11166.0,11166.0,False,False,False,
2023-07-14T01:00:00Z,10834.0,10834.0,False,False,False,
2023-07-14T02:00:00Z,10320.0,10320.0,False,False,False,
2023-07-14T03:00:00Z,9596.0,9596.0,False,False,False,
2023-07-14T04:00:00Z,8840.0,8840.0,False,False,False,
2023-07-14T05:00:00Z,8179.0,8179.0,False,False,False,
2023-07-14T06:00:00Z,7682.0,7682.0,False,False,False,
2023-07-14T07:00:00Z,7310.0,7310.0,False,False,False,
2023-07-14T08:00:00Z,7106.0,7106.0,False,False,False,
2023-07-14T09:00:00Z,7031.0,7031.0,False,False,False,
2023-07-14T10:00:00Z,7122.0,7122.0,False,False,False,
2023-07-14T11:00:00Z,7279.0,7279.0,False,False,False,
2023-07-14T12:00:00Z,7535.0,7535.0,False,False,False,
2023-07-14T13:00:00Z,7867.0,7867.0,False,False,False,
2023-07-14T14:00:00Z,8177.0,8177.0,False,False,False,
2023-07-14T15:00:00Z,8482.0,8482.0,False,False,False,
2023-07-14T16:00:00Z,8976.0,8976.0,False,False,False,
2023-07-14T17:00:00Z,9361.0,9361.0,False,False,False,
2023-07-14T18:00:00Z,9838.0,9838.0,False,False,False,
2023-07-14T19:00:00Z,10031.0,10031.0,False,False,False,
2023-07-14T20:00:00Z,9966.0,9966.0,False,False,False,
2023-07-14T21:00:00Z,9867.0,9867.0,False,False,False,
2023-07-14T22:00:00Z,9782.0,9782.0,False,False,False,
2023-07-14T23:00:00Z,9462.0,9462.0,False,False,False,
2023-07-15T00:00:00Z,9307.0,9307.0,False,False,False,
2023-07-15T01:00:00Z,8892.0,8892.0,False,False,False,
2023-07-15T02:00:00Z,8742.0,8742.0,False,False,False,
2023-07-15T03:00:00Z,8195.0,8195.0,False,False,False,
2023-07-15T04:00:00Z,7638.0,7638.0,False,False,False,
2023-07-15T05:00:00Z,7054.0,7054.0,False,False,False,
2023-07-15T06:00:00Z,6629.0,6629.0,False,False,False,
2023-07-15T07:00:00Z,6378.0,6378.0,False,False,False,
2023-07-15T08:00:00Z,6137.0,6137.0,False,False,False,
2023-07-15T09:00:00Z,6065.0,6065.0,False,False,False,
2023-07-15T10:00:00Z,6082.0,6082.0,False,False,False,
2023-07-15T11:00:00Z,6097.0,6097.0,False,False,False,
2023-07-15T12:00:00Z,6449.0,6449.0,False,False,False,
2023-07-15T13:00:00Z,7071.0,7071.0,False,False,False,
2023-07-15T14:00:00Z,7755.0,7755.0,False,False,False,
2023-07-15T15:00:00Z,8412.0,8412.0,False,False,False,
2023-07-15T16:00:00Z,9148.0,9148.0,False,False,False,
2023-07-15T17:00:00Z,9720.0,9720.0,False,False,False,
2023-07-15T18:00:00Z,10180.0,10180.0,False,False,False,
2023-07-15T19:00:00Z,10439.0,10439.0,False,False,False,
2023-07-15T20:00:00Z,10519.0,10519.0,False,False,False,
2023-07-15T21:00:00Z,10535.0,10535.0,False,False,False,
2023-07-15T22:00:00Z,10321.0,10321.0,False,False,False,
2023-07-15T23:00:00Z,10004.0,10004.0,False,False,False,
2023-07-16T00:00:00Z,9636.0,9636.0,False,False,False,
2023-07-16T01:00:00Z,9363.0,9363.0,False,False,False,
2023-07-16T02:00:00Z,9091.0,9091.0,False,False,False,
2023-07-16T03:00:00Z,8529.0,8529.0,False,False,False,
2023-07-16T04:00:00Z,8051.0,8051.0,False,False,False,
2023-07-16T05:00:00Z,7546.0,7546.0,False,False,False,
2023-07-16T06:00:00Z,7192.0,7192.0,False,False,False,
2023-07-16T07:00:00Z,6877.0,6877.0,False,False,False,
2023-07-16T08:00:00Z,6730.0,6730.0,False,False,False,
2023-07-16T09:00:00Z,6589.0,6589.0,False,False,False,
2023-07-16T10:00:00Z,6572.0,6572.0,False,False,False,
2023-07-16T11:00:00Z,6526.0,6526.0,False,False,False,
2023-07-16T12:00:00Z,6684.0,6684.0,False,False,False,
2023-07-16T13:00:00Z,7026.0,7026.0,False,False,False,
2023-07-16T14:00:00Z,7395.0,7395.0,False,False,False,
2023-07-16T15:00:00Z,7698.0,7698.0,False,False,False,
2023-07-16T16:00:00Z,8084.0,8084.0,False,False,False,
2023-07-16T17:00:00Z,8514.0,8514.0,False,False,False,
2023-07-16T18:00:00Z,8971.0,8971.0,False,False,False,
2023-07-16T19:00:00Z,9348.0,9348.0,False,False,False,
2023-07-16T20:00:00Z,9693.0,9693.0,False,False,False,
2023-07-16T21:00:00Z,10120.0,10120.0,False,False,False,
2023-07-16T22:00:00Z,10486.0,10486.0,False,False,False,
2023-07-16T23:00:00Z,10709.0,10709.0,False,False,False,
2023-07-17T00:00:00Z,10710.0,10710.0,False,False,False,
2023-07-17T01:00:00Z,10281.0,10281.0,False,False,False,
2023-07-17T02:00:00Z,9743.0,9743.0,False,False,False,
2023-07-17T03:00:00Z,8921.0,8921.0,False,False,False,
2023-07-17T04:00:00Z,8096.0,8096.0,False,False,False,
2023-07-17T05:00:00Z,7413.0,7413.0,False,False,False,
2023-07-17T06:00:00Z,6892.0,6892.0,False,False,False,
2023-07-17T07:00:00Z,6489.0,6489.0,False,False,False,
2023-07-17T08:00:00Z,6279.0,6279.0,False,False,False,
2023-07-17T09:00:00Z,6160.0,6160.0,False,False,False,
2023-07-17T10:00:00Z,6324.0,6324.0,False,False,False,
2023-07-17T11:00:00Z,6571.0,6571.0,False,False,False,
2023-07-17T12:00:00Z,6947.0,6947.0,False,False,False,
2023-07-17T13:00:00Z,7407.0,7407.0,False,False,False,
2023-07-17T14:00:00Z,7997.0,7997.0,False,False,False,
2023-07-17T15:00:00Z,8651.0,8651.0,False,False,False,
2023-07-17T16:00:00Z,9422.0,9422.0,False,False,False,
2023-07-17T17:00:00Z,10077.0,10077.0,False,False,False,
2023-07-17T18:00:00Z,10613.0,10613.0,False,False,False,
2023-07-17T19:00:00Z,11031.0,11031.0,False,False,False,
2023-07-17T20:00:00Z,11222.0,11222.0,False,False,False,
2023-07-17T21:00:00Z,11262.0,11262.0,False,False,False,
2023-07-17T22:00:00Z,11140.0,11140.0,False,False,False,
2023-07-17T23:00:00Z,10928.0,10928.0,False,False,False,
2023-07-18T00:00:00Z,10577.0,10577.0,False,False,False,
2023-07-18T01:00:00Z,10052.0,10052.0,False,False,False,
2023-07-18T02:00:00Z,9592.0,9592.0,False,False,False,
2023-07-18T03:00:00Z,8732.0,8732.0,False,False,False,
2023-07-18T04:00:00Z,7877.0,7877.0,False,False,False,
2023-07-18T05:00:00Z,7204.0,7204.0,False,False,False,
2023-07-18T06:00:00Z,6708.0,6708.0,False,False,False,
2023-07-18T07:00:00Z,6349.0,6349.0,False,False,False,
2023-07-18T08:00:00Z,6091.0,6091.0,False,False,False,
2023-07-18T09:00:00Z,5912.0,5912.0,False,False,False,
2023-07-18T10:00:00Z,6191.0,6191.0,False,False,False,
2023-07-18T11:00:00Z,6446.0,6446.0,False,False,False,
2023-07-18T12:00:00Z,6783.0,6783.0,False,False,False,
2023-07-18T13:00:00Z,7234.0,7234.0,False,False,False,
2023-07-18T14:00:00Z,7844.0,7844.0,False,False,False,
2023-07-18T15:00:00Z,8659.0,8659.0,False,False,False,
2023-07-18T16:00:00Z,9485.0,9485.0,False,False,False,
2023-07-18T17:00:00Z,10328.0,10328.0,False,False,False,
2023-07-18T18:00:00Z,10767.0,10767.0,False,False,False,
2023-07-18T19:00:00Z,11221.0,11221.0,False,False,False,
2023-07-18T20:00:00Z,11308.0,11308.0,False,False,False,
2023-07-18T21:00:00Z,11492.0,11492.0,False,False,False,
2023-07-18T22:00:00Z,11567.0,11567.0,False,False,False,
2023-07-18T23:00:00Z,11512.0,11512.0,False,False,False,
2023-07-19T00:00:00Z,11272.0,11272.0,False,False,False,
2023-07-19T01:00:00Z,10806.0,10806.0,False,False,False,
2023-07-19T02:00:00Z,10275.0,10275.0,False,False,False,
2023-07-19T03:00:00Z,9484.0,9484.0,False,False,False,
2023-07-19T04:00:00Z,8644.0,8644.0,False,False,False,
2023-07-19T05:00:00Z,7996.0,7996.0,False,False,False,
2023-07-19T06:00:00Z,7576.0,7576.0,False,False,False,
2023-07-19T07:00:00Z,7266.0,7266.0,False,False,False,
2023-07-19T08:00:00Z,7042.0,7042.0,False,False,False,
2023-07-19T09:00:00Z,6974.0,6974.0,False,False,False,
2023-07-19T10:00:00Z,7076.0,7076.0,False,False,False,
2023-07-19T11:00:00Z,7421.0,7421.0,False,False,False,
2023-07-19T12:00:00Z,7838.0,7838.0,False,False,False,
2023-07-19T13:00:00Z,8248.0,8248.0,False,False,False,
2023-07-19T14:00:00Z,8598.0,8598.0,False,False,False,
2023-07-19T15:00:00Z,9039.0,9039.0,False,False,False,
2023-07-19T16:00:00Z,9529.0,9529.0,False,False,False,
2023-07-19T17:00:00Z,10108.0,10108.0,False,False,False,
2023-07-19T18:00:00Z,10665.0,10665.0,False,False,False,
2023-07-19T19:00:00Z,11163.0,11163.0,False,False,False,
2023-07-19T20:00:00Z,11317.0,11317.0,False,False,False,
2023-07-19T21:00:00Z,11266.0,11266.0,False,False,False,
2023-07-19T22:00:00Z,11218.0,11218.0,False,False,False,
2023-07-19T23:00:00Z,11046.0,11046.0,False,False,False,
2023-07-20T00:00:00Z,10692.0,10692.0,False,False,False,
2023-07-20T01:00:00Z,10202.0,10202.0,False,False,False,
2023-07-20T02:00:00Z,9771.0,9771.0,False,False,False,
2023-07-20T03:00:00Z,9018.0,9018.0,False,False,False,
2023-07-20T04:00:00Z,8286.0,8286.0,False,False,False,
2023-07-20T05:00:00Z,7631.0,7631.0,False,False,False,
2023-07-20T06:00:00Z,7162.0,7162.0,False,False,False,
2023-07-20T07:00:00Z,6805.0,6805.0,False,False,False,
2023-07-20T08:00:00Z,6588.0,6588.0,False,False,False,
2023-07-20T09:00:00Z,6495.0,6495.0,False,False,False,
2023-07-20T10:00:00Z,6583.0,6583.0,False,False,False,
2023-07-20T11:00:00Z,6752.0,6752.0,False,False,False,
2023-07-20T12:00:00Z,7181.0,7181.0,False,False,False,
2023-07-20T13:00:00Z,7704.0,7704.0,False,False,False,
2023-07-20T14:00:00Z,8390.0,8390.0,False,False,False,
2023-07-20T15:00:00Z,9235.0,9235.0,False,False,False,
2023-07-20T16:00:00Z,9981.0,9981.0,False,False,False,
2023-07-20T17:00:00Z,10581.0,10581.0,False,False,False,
2023-07-20T18:00:00Z,11069.0,11069.0,False,False,False,
2023-07-20T19:00:00Z,11353.0,11353.0,False,False,False,
2023-07-20T20:00:00Z,11407.0,11407.0,False,False,False,
2023-07-20T21:00:00Z,11354.0,11354.0,False,False,False,
2023-07-20T22:00:00Z,11309.0,11309.0,False,False,False,
2023-07-20T23:00:00Z,11215.0,11215.0,False,False,False,
2023-07-21T00:00:00Z,10859.0,10859.0,False,False,False,
2023-07-21T01:00:00Z,10445.0,10445.0,False,False,False,
2023-07-21T02:00:00Z,9945.0,9945.0,False,False,False,
2023-07-21T03:00:00Z,9251.0,9251.0,False,False,False,
2023-07-21T04:00:00Z,8432.0,8432.0,False,False,False,
2023-07-21T05:00:00Z,7792.0,7792.0,False,False,False,
2023-07-21T06:00:00Z,7337.0,7337.0,False,False,False,
2023-07-21T07:00:00Z,7000.0,7000.0,False,False,False,
2023-07-21T08:00:00Z,6763.0,6763.0,False,False,False,
2023-07-21T09:00:00Z,6654.0,6654.0,False,False,False,
2023-07-21T10:00:00Z,6777.0,6777.0,False,False,False,
2023-07-21T11:00:00Z,6965.0,6965.0,False,False,False,
2023-07-21T12:00:00Z,7331.0,7331.0,False,False,False,
2023-07-21T13:00:00Z,7870.0,7870.0,False,False,False,
2023-07-21T14:00:00Z,8430.0,8430.0,False,False,False,
2023-07-21T15:00:00Z,9193.0,9193.0,False,False,False,
2023-07-21T16:00:00Z,9870.0,9870.0,False,False,False,
2023-07-21T17:00:00Z,10436.0,10436.0,False,False,False,
2023-07-21T18:00:00Z,10898.0,10898.0,False,False,False,
2023-07-21T19:00:00Z,11280.0,11280.0,False,False,False,
2023-07-21T20:00:00Z,11334.0,11334.0,False,False,False,
2023-07-21T21:00:00Z,11389.0,11389.0,False,False,False,
2023-07-21T22:00:00Z,11357.0,11357.0,False,False,False,
2023-07-21T23:00:00Z,11332.0,11332.0,False,False,False,
2023-07-22T00:00:00Z,10984.0,10984.0,False,False,False,
2023-07-22T01:00:00Z,10360.0,10360.0,False,False,False,
2023-07-22T02:00:00Z,9795.0,9795.0,False,False,False,
2023-07-22T03:00:00Z,9006.0,9006.0,False,False,False,
2023-07-22T04:00:00Z,8230.0,8230.0,False,False,False,
2023-07-22T05:00:00Z,7505.0,7505.0,False,False,False,
2023-07-22T06:00:00Z,6982.0,6982.0,False,False,False,
2023-07-22T07:00:00Z,6538.0,6538.0,False,False,False,
2023-07-22T08:00:00Z,6256.0,6256.0,False,False,False,
2023-07-22T09:00:00Z,6077.0,6077.0,False,False,False,
2023-07-22T10:00:00Z,6060.0,6060.0,False,False,False,
2023-07-22T11:00:00Z,6033.0,6033.0,False,False,False,
2023-07-22T12:00:00Z,6161.0,6161.0,False,False,False,
2023-07-22T13:00:00Z,6421.0,6421.0,False,False,False,
2023-07-22T14:00:00Z,6750.0,6750.0,False,False,False,
2023-07-22T15:00:00Z,7133.0,7133.0,False,False,False,
2023-07-22T16:00:00Z,7496.0,7496.0,False,False,False,
2023-07-22T17:00:00Z,7906.0,7906.0,False,False,False,
2023-07-22T18:00:00Z,8381.0,8381.0,False,False,False,
2023-07-22T19:00:00Z,8623.0,8623.0,False,False,False,
2023-07-22T20:00:00Z,8699.0,8699.0,False,False,False,
2023-07-22T21:00:00Z,8785.0,8785.0,False,False,False,
2023-07-22T22:00:00Z,8902.0,8902.0,False,False,False,
2023-07-22T23:00:00Z,8918.0,8918.0,False,False,False,
2023-07-23T00:00:00Z,8776.0,8776.0,False,False,False,
2023-07-23T01:00:00Z,8546.0,8546.0,False,False,False,
2023-07-23T02:00:00Z,8194.0,8194.0,False,False,False,
2023-07-23T03:00:00Z,7632.0,7632.0,False,False,False,
2023-07-23T04:00:00Z,7030.0,7030.0,False,False,False,
2023-07-23T05:00:00Z,6467.0,6467.0,False,False,False,
2023-07-23T06:00:00Z,6006.0,6006.0,False,False,False,
2023-07-23T07:00:00Z,5708.0,5708.0,False,False,False,
2023-07-23T08:00:00Z,5525.0,5525.0,False,False,False,
2023-07-23T09:00:00Z,5382.0,5382.0,False,False,False,
2023-07-23T10:00:00Z,5354.0,5354.0,False,False,False,
2023-07-23T11:00:00Z,5311.0,5311.0,False,False,False,
2023-07-23T12:00:00Z,5635.0,5635.0,False,False,False,
2023-07-23T13:00:00Z,6251.0,6251.0,False,False,False,
2023-07-23T14:00:00Z,7107.0,7107.0,False,False,False,
2023-07-23T15:00:00Z,7884.0,7884.0,False,False,False,
2023-07-23T16:00:00Z,8721.0,8721.0,False,False,False,
2023-07-23T17:00:00Z,9363.0,9363.0,False,False,False,
2023-07-23T18:00:00Z,9869.0,9869.0,False,False,False,
2023-07-23T19:00:00Z,10237.0,10237.0,False,False,False,
2023-07-23T20:00:00Z,10389.0,10389.0,False,False,False,
2023-07-23T21:00:00Z,10471.0,10471.0,False,False,False,
2023-07-23T22:00:00Z,10511.0,10511.0,False,False,False,
2023-07-23T23:00:00Z,10263.0,10263.0,False,False,False,
2023-07-24T00:00:00Z,9773.0,9773.0,False,False,False,
2023-07-24T01:00:00Z,9372.0,9372.0,False,False,False,
2023-07-24T02:00:00Z,8897.0,8897.0,False,False,False,
2023-07-24T03:00:00Z,8175.0,8175.0,False,False,False,
2023-07-24T04:00:00Z,7446.0,7446.0,False,False,False,
2023-07-24T05:00:00Z,6925.0,6925.0,False,False,False,
2023-07-24T06:00:00Z,6484.0,6484.0,False,False,False,
2023-07-24T07:00:00Z,6215.0,6215.0,False,False,False,
2023-07-24T08:00:00Z,6062.0,6062.0,False,False,False,
2023-07-24T09:00:00Z,6028.0,6028.0,False,False,False,
2023-07-24T10:00:00Z,6223.0,6223.0,False,False,False,
2023-07-24T11:00:00Z,6539.0,6539.0,False,False,False,
2023-07-24T12:00:00Z,6873.0,6873.0,False,False,False,
2023-07-24T13:00:00Z,7286.0,7286.0,False,False,False,
2023-07-24T14:00:00Z,7757.0,7757.0,False,False,False,
2023-07-24T15:00:00Z,8317.0,8317.0,False,False,False,
2023-07-24T16:00:00Z,8939.0,8939.0,False,False,False,
2023-07-24T17:00:00Z,9474.0,9474.0,False,False,False,
2023-07-24T18:00:00Z,9978.0,9978.0,False,False,False,
2023-07-24T19:00:00Z,10284.0,10284.0,False,False,False,
2023-07-24T20:00:00Z,10668.0,10668.0,False,False,False,
2023-07-24T21:00:00Z,10928.0,10928.0,False,False,False,
2023-07-24T22:00:00Z,11031.0,11031.0,False,False,False,
2023-07-24T23:00:00Z,10923.0,10923.0,False,False,False,
2023-07-25T00:00:00Z,10544.0,10544.0,False,False,False,
2023-07-25T01:00:00Z,10023.0,10023.0,False,False,False,
2023-07-25T02:00:00Z,9535.0,9535.0,False,False,False,
2023-07-25T03:00:00Z,8686.0,8686.0,False,False,False,
2023-07-25T04:00:00Z,7858.0,7858.0,False,False,False,
2023-07-25T05:00:00Z,7192.0,7192.0,False,False,False,
2023-07-25T06:00:00Z,6683.0,6683.0,False,False,False,
2023-07-25T07:00:00Z,6351.0,6351.0,False,False,False,
2023-07-25T08:00:00Z,6130.0,6130.0,False,False,False,
2023-07-25T09:00:00Z,6058.0,6058.0,False,False,False,
2023-07-25T10:00:00Z,6226.0,6226.0,False,False,False,
2023-07-25T11:00:00Z,6480.0,6480.0,False,False,False,
2023-07-25T12:00:00Z,6786.0,6786.0,False,False,False,
2023-07-25T13:00:00Z,7007.0,7007.0,False,False,False,
2023-07-25T14:00:00Z,7383.0,7383.0,False,False,False,
2023-07-25T15:00:00Z,8046.0,8046.0,False,False,False,
2023-07-25T16:00:00Z,8755.0,8755.0,False,False,False,
2023-07-25T17:00:00Z,9271.0,9271.0,False,False,False,
2023-07-25T18:00:00Z,9762.0,9762.0,False,False,False,
2023-07-25T19:00:00Z,10107.0,10107.0,False,False,False,
2023-07-25T20:00:00Z,10227.0,10227.0,False,False,False,
2023-07-25T21:00:00Z,10542.0,10542.0,False,False,False,
2023-07-25T22:00:00Z,10830.0,10830.0,False,False,False,
2023-07-25T23:00:00Z,11024.0,11024.0,False,False,False,
2023-07-26T00:00:00Z,11005.0,11005.0,False,False,False,
2023-07-26T01:00:00Z,10614.0,10614.0,False,False,False,
2023-07-26T02:00:00Z,10093.0,10093.0,False,False,False,
2023-07-26T03:00:00Z,9264.0,9264.0,False,False,False,
2023-07-26T04:00:00Z,8404.0,8404.0,False,False,False,
2023-07-26T05:00:00Z,7714.0,7714.0,False,False,False,
2023-07-26T06:00:00Z,7196.0,7196.0,False,False,False,
2023-07-26T07:00:00Z,6797.0,6797.0,False,False,False,
2023-07-26T08:00:00Z,6534.0,6534.0,False,False,False,
2023-07-26T09:00:00Z,6451.0,6451.0,False,False,False,
2023-07-26T10:00:00Z,6564.0,6564.0,False,False,False,
2023-07-26T11:00:00Z,6833.0,6833.0,False,False,False,
2023-07-26T12:00:00Z,7200.0,7200.0,False,False,False,
2023-07-26T13:00:00Z,7749.0,7749.0,False,False,False,
2023-07-26T14:00:00Z,8516.0,8516.0,False,False,False,
2023-07-26T15:00:00Z,9427.0,9427.0,False,False,False,
2023-07-26T16:00:00Z,10276.0,10276.0,False,False,False,
2023-07-26T17:00:00Z,11001.0,11001.0,False,False,False,
2023-07-26T18:00:00Z,11477.0,11477.0,False,False,False,
2023-07-26T19:00:00Z,11638.0,11638.0,False,False,False,
2023-07-26T20:00:00Z,11619.0,11619.0,False,False,False,
2023-07-26T21:00:00Z,11700.0,11700.0,False,False,False,
2023-07-26T22:00:00Z,11735.0,11735.0,False,False,False,
2023-07-26T23:00:00Z,11649.0,11649.0,False,False,False,
2023-07-27T00:00:00Z,11412.0,11412.0,False,False,False,
2023-07-27T01:00:00Z,10942.0,10942.0,False,False,False,
2023-07-27T02:00:00Z,10403.0,10403.0,False,False,False,
2023-07-27T03:00:00Z,9569.0,9569.0,False,False,False,
2023-07-27T04:00:00Z,8694.0,8694.0,False,False,False,
2023-07-27T05:00:00Z,7988.0,7988.0,False,False,False,
2023-07-27T06:00:00Z,7437.0,7437.0,False,False,False,
2023-07-27T07:00:00Z,7042.0,7042.0,False,False,False,
2023-07-27T08:00:00Z,6756.0,6756.0,False,False,False,
2023-07-27T09:00:00Z,6637.0,6637.0,False,False,False,
2023-07-27T10:00:00Z,6754.0,6754.0,False,False,False,
2023-07-27T11:00:00Z,6954.0,6954.0,False,False,False,
2023-07-27T12:00:00Z,7402.0,7402.0,False,False,False,
2023-07-27T13:00:00Z,8000.0,8000.0,False,False,False,
2023-07-27T14:00:00Z,8748.0,8748.0,False,False,False,
2023-07-27T15:00:00Z,9595.0,9595.0,False,False,False,
2023-07-27T16:00:00Z,10344.0,10344.0,False,False,False,
2023-07-27T17:00:00Z,10964.0,10964.0,False,False,False,
2023-07-27T18:00:00Z,11553.0,11553.0,False,False,False,
2023-07-27T19:00:00Z,11816.0,11816.0,False,False,False,
2023-07-27T20:00:00Z,11798.0,11798.0,False,False,False,
2023-07-27T21:00:00Z,11824.0,11824.0,False,False,False,
2023-07-27T22:00:00Z,11827.0,11827.0,False,False,False,
2023-07-27T23:00:00Z,11819.0,11819.0,False,False,False,
2023-07-28T00:00:00Z,11654.0,11654.0,False,False,False,
2023-07-28T01:00:00Z,11187.0,11187.0,False,False,False,
2023-07-28T02:00:00Z,10535.0,10535.0,False,False,False,
2023-07-28T03:00:00Z,9827.0,9827.0,False,False,False,
2023-07-28T04:00:00Z,8964.0,8964.0,False,False,False,
2023-07-28T05:00:00Z,8270.0,8270.0,False,False,False,
2023-07-28T06:00:00Z,7763.0,7763.0,False,False,False,
2023-07-28T07:00:00Z,7387.0,7387.0,False,False,False,
2023-07-28T08:00:00Z,7121.0,7121.0,False,False,False,
2023-07-28T09:00:00Z,7013.0,7013.0,False,False,False,
2023-07-28T10:00:00Z,7088.0,7088.0,False,False,False,
2023-07-28T11:00:00Z,7279.0,7279.0,False,False,False,
2023-07-28T12:00:00Z,7652.0,7652.0,False,False,False,
2023-07-28T13:00:00Z,8304.0,8304.0,False,False,False,
2023-07-28T14:00:00Z,9033.0,9033.0,False,False,False,
2023-07-28T15:00:00Z,9752.0,9752.0,False,False,False,
2023-07-28T16:00:00Z,10428.0,10428.0,False,False,False,
2023-07-28T17:00:00Z,11003.0,11003.0,False,False,False,
2023-07-28T18:00:00Z,11474.0,11474.0,False,False,False,
2023-07-28T19:00:00Z,11717.0,11717.0,False,False,False,
2023-07-28T20:00:00Z,11619.0,11619.0,False,False,False,
2023-07-28T21:00:00Z,11601.0,11601.0,False,False,False,
2023-07-28T22:00:00Z,11562.0,11562.0,False,False,False,
2023-07-28T23:00:00Z,11306.0,11306.0,False,False,False,
2023-07-29T00:00:00Z,10899.0,10899.0,False,False,False,
2023-07-29T01:00:00Z,10485.0,10485.0,False,False,False,
2023-07-29T02:00:00Z,10007.0,10007.0,False,False,False,
2023-07-29T03:00:00Z,9369.0,9369.0,False,False,False,
2023-07-29T04:00:00Z,8645.0,8645.0,False,False,False,
2023-07-29T05:00:00Z,8001.0,8001.0,False,False,False,
2023-07-29T06:00:00Z,7549.0,7549.0,False,False,False,
2023-07-29T07:00:00Z,7205.0,7205.0,False,False,False,
2023-07-29T08:00:00Z,6924.0,6924.0,False,False,False,
2023-07-29T09:00:00Z,6789.0,6789.0,False,False,False,
2023-07-29T10:00:00Z,6792.0,6792.0,False,False,False,
2023-07-29T11:00:00Z,6802.0,6802.0,False,False,False,
2023-07-29T12:00:00Z,7025.0,7025.0,False,False,False,
2023-07-29T13:00:00Z,7595.0,7595.0,False,False,False,
2023-07-29T14:00:00Z,8240.0,8240.0,False,False,False,
2023-07-29T15:00:00Z,8821.0,8821.0,False,False,False,
2023-07-29T16:00:00Z,9382.0,9382.0,False,False,False,
2023-07-29T17:00:00Z,9893.0,9893.0,False,False,False,
2023-07-29T18:00:00Z,10295.0,10295.0,False,False,False,
2023-07-29T19:00:00Z,10622.0,10622.0,False,False,False,
2023-07-29T20:00:00Z,10769.0,10769.0,False,False,False,
2023-07-29T21:00:00Z,10777.0,10777.0,False,False,False,
2023-07-29T22:00:00Z,10779.0,10779.0,False,False,False,
2023-07-29T23:00:00Z,10664.0,10664.0,False,False,False,
2023-07-30T00:00:00Z,10387.0,10387.0,False,False,False,
2023-07-30T01:00:00Z,10022.0,10022.0,False,False,False,
2023-07-30T02:00:00Z,9589.0,9589.0,False,False,False,
2023-07-30T03:00:00Z,8900.0,8900.0,False,False,False,
2023-07-30T04:00:00Z,8234.0,8234.0,False,False,False,
2023-07-30T05:00:00Z,7652.0,7652.0,False,False,False,
2023-07-30T06:00:00Z,7161.0,7161.0,False,False,False,
2023-07-30T07:00:00Z,6801.0,6801.0,False,False,False,
2023-07-30T08:00:00Z,6509.0,6509.0,False,False,False,
2023-07-30T09:00:00Z,6331.0,6331.0,False,False,False,
2023-07-30T10:00:00Z,6278.0,6278.0,False,False,False,
2023-07-30T11:00:00Z,6266.0,6266.0,False,False,False,
2023-07-30T12:00:00Z,6429.0,6429.0,False,False,False,
2023-07-30T13:00:00Z,7026.0,7026.0,False,False,False,
2023-07-30T14:00:00Z,7780.0,7780.0,False,False,False,
2023-07-30T15:00:00Z,8492.0,8492.0,False,False,False,
2023-07-30T16:00:00Z,9184.0,9184.0,False,False,False,
2023-07-30T17:00:00Z,9801.0,9801.0,False,False,False,
2023-07-30T18:00:00Z,10249.0,10249.0,False,False,False,
2023-07-30T19:00:00Z,10530.0,10530.0,False,False,False,
2023-07-30T20:00:00Z,10705.0,10705.0,False,False,False,
2023-07-30T21:00:00Z,10719.0,10719.0,False,False,False,
2023-07-30T22:00:00Z,10667.0,10667.0,False,False,False,
2023-07-30T23:00:00Z,10364.0,10364.0,False,False,False,
2023-07-31T00:00:00Z,9944.0,9944.0,False,False,False,
2023-07-31T01:00:00Z,9546.0,9546.0,False,False,False,
2023-07-31T02:00:00Z,9069.0,9069.0,False,False,False,
2023-07-31T03:00:00Z,8378.0,8378.0,False,False,False,
2023-07-31T04:00:00Z,7615.0,7615.0,False,False,False,
2023-07-31T05:00:00Z,6973.0,6973.0,False,False,False,
2023-07-31T06:00:00Z,6500.0,6500.0,False,False,False,
2023-07-31T07:00:00Z,6138.0,6138.0,False,False,False,
2023-07-31T08:00:00Z,5909.0,5909.0,False,False,False,
2023-07-31T09:00:00Z,5883.0,5883.0,False,False,False,
2023-07-31T10:00:00Z,6056.0,6056.0,False,False,False,
2023-07-31T11:00:00Z,6345.0,6345.0,False,False,False,
2023-07-31T12:00:00Z,6715.0,6715.0,False,False,False,
2023-07-31T13:00:00Z,7160.0,7160.0,False,False,False,
2023-07-31T14:00:00Z,7661.0,7661.0,False,False,False,
2023-07-31T15:00:00Z,8228.0,8228.0,False,False,False,
2023-07-31T16:00:00Z,8817.0,8817.0,False,False,False,
2023-07-31T17:00:00Z,9323.0,9323.0,False,False,False,
2023-07-31T18:00:00Z,9841.0,9841.0,False,False,False,
2023-07-31T19:00:00Z,10163.0,10163.0,False,False,False,
2023-07-31T20:00:00Z,10373.0,10373.0,False,False,False,
2023-07-31T21:00:00Z,10510.0,10510.0,False,False,False,
2023-07-31T22:00:00Z,10458.0,10458.0,False,False,False,
2023-07-31T23:00:00Z,10277.0,10277.0,False,False,False,
2023-08-01T00:00:00Z,9821.0,9821.0,False,False,False,
2023-08-01T01:00:00Z,9291.0,9291.0,False,False,False,
2023-08-01T02:00:00Z,8766.0,8766.0,False,False,False,
2023-08-01T03:00:00Z,7939.0,7939.0,False,False,False,
2023-08-01T04:00:00Z,7200.0,7200.0,False,False,False,
2023-08-01T05:00:00Z,6557.0,6557.0,False,False,False,
2023-08-01T06:00:00Z,6152.0,6152.0,False,False,False,
2023-08-01T07:00:00Z,5808.0,5808.0,False,False,False,
2023-08-01T08:00:00Z,5635.0,5635.0,False,False,False,
2023-08-01T09:00:00Z,5595.0,5595.0,False,False,False,
2023-08-01T10:00:00Z,5774.0,5774.0,False,False,False,
2023-08-01T11:00:00Z,6099.0,6099.0,False,False,False,
2023-08-01T12:00:00Z,6467.0,6467.0,False,False,False,
2023-08-01T13:00:00Z,6862.0,6862.0,False,False,False,
2023-08-01T14:00:00Z,7401.0,7401.0,False,False,False,
2023-08-01T15:00:00Z,8040.0,8040.0,False,False,False,
2023-08-01T16:00:00Z,8727.0,8727.0,False,False,False,
2023-08-01T17:00:00Z,9341.0,9341.0,False,False,False,
2023-08-01T18:00:00Z,9870.0,9870.0,False,False,False,
2023-08-01T19:00:00Z,10211.0,10211.0,False,False,False,
2023-08-01T20:00:00Z,10380.0,10380.0,False,False,False,
2023-08-01T21:00:00Z,10409.0,10409.0,False,False,False,
2023-08-01T22:00:00Z,10272.0,10272.0,False,False,False,
2023-08-01T23:00:00Z,10028.0,10028.0,False,False,False,
2023-08-02T00:00:00Z,9567.0,9567.0,False,False,False,
2023-08-02T01:00:00Z,9102.0,9102.0,False,False,False,
2023-08-02T02:00:00Z,8627.0,8627.0,False,False,False,
2023-08-02T03:00:00Z,7821.0,7821.0,False,False,False,
2023-08-02T04:00:00Z,7043.0,7043.0,False,False,False,
2023-08-02T05:00:00Z,6407.0,6407.0,False,False,False,
2023-08-02T06:00:00Z,5932.0,5932.0,False,False,False,
2023-08-02T07:00:00Z,5643.0,5643.0,False,False,False,
2023-08-02T08:00:00Z,5430.0,5430.0,False,False,False,
2023-08-02T09:00:00Z,5398.0,5398.0,False,False,False,
2023-08-02T10:00:00Z,5556.0,5556.0,False,False,False,
2023-08-02T11:00:00Z,5851.0,5851.0,False,False,False,
2023-08-02T12:00:00Z,6153.0,6153.0,False,False,False,
2023-08-02T13:00:00Z,6418.0,6418.0,False,False,False,
2023-08-02T14:00:00Z,6807.0,6807.0,False,False,False,
2023-08-02T15:00:00Z,7323.0,7323.0,False,False,False,
2023-08-02T16:00:00Z,7821.0,7821.0,False,False,False,
2023-08-02T17:00:00Z,8347.0,8347.0,False,False,False,
2023-08-02T18:00:00Z,8823.0,8823.0,False,False,False,
2023-08-02T19:00:00Z,9220.0,9220.0,False,False,False,
2023-08-02T20:00:00Z,9566.0,9566.0,False,False,False,
2023-08-02T21:00:00Z,9767.0,9767.0,False,False,False,
2023-08-02T22:00:00Z,9791.0,9791.0,False,False,False,
2023-08-02T23:00:00Z,9617.0,9617.0,False,False,False,
2023-08-03T00:00:00Z,9169.0,9169.0,False,False,False,
2023-08-03T01:00:00Z,8702.0,8702.0,False,False,False,
2023-08-03T02:00:00Z,8150.0,8150.0,False,False,False,
2023-08-03T03:00:00Z,7416.0,7416.0,False,False,False,
2023-08-03T04:00:00Z,6677.0,6677.0,False,False,False,
2023-08-03T05:00:00Z,6106.0,6106.0,False,False,False,
2023-08-03T06:00:00Z,5704.0,5704.0,False,False,False,
2023-08-03T07:00:00Z,5433.0,5433.0,False,False,False,
2023-08-03T08:00:00Z,5262.0,5262.0,False,False,False,
2023-08-03T09:00:00Z,5247.0,5247.0,False,False,False,
2023-08-03T10:00:00Z,5441.0,5441.0,False,False,False,
2023-08-03T11:00:00Z,5781.0,5781.0,False,False,False,
2023-08-03T12:00:00Z,6078.0,6078.0,False,False,False,
2023-08-03T13:00:00Z,6334.0,6334.0,False,False,False,
2023-08-03T14:00:00Z,6748.0,6748.0,False,False,False,
2023-08-03T15:00:00Z,7206.0,7206.0,False,False,False,
2023-08-03T16:00:00Z,7686.0,7686.0,False,False,False,
2023-08-03T17:00:00Z,7999.0,7999.0,False,False,False,
2023-08-03T18:00:00Z,8243.0,8243.0,False,False,False,
2023-08-03T19:00:00Z,8423.0,8423.0,False,False,False,
2023-08-03T20:00:00Z,8442.0,8442.0,False,False,False,
2023-08-03T21:00:00Z,8424.0,8424.0,False,False,False,
2023-08-03T22:00:00Z,8356.0,8356.0,False,False,False,
2023-08-03T23:00:00Z,8240.0,8240.0,False,False,False,
2023-08-04T00:00:00Z,8059.0,8059.0,False,False,False,
2023-08-04T01:00:00Z,8019.0,8019.0,False,False,False,
2023-08-04T02:00:00Z,7764.0,7764.0,False,False,False,
2023-08-04T03:00:00Z,7281.0,7281.0,False,False,False,
2023-08-04T04:00:00Z,6751.0,6751.0,False,False,False,
2023-08-04T05:00:00Z,6304.0,6304.0,False,False,False,
2023-08-04T06:00:00Z,6045.0,6045.0,False,False,False,
2023-08-04T07:00:00Z,5860.0,5860.0,False,False,False,
2023-08-04T08:00:00Z,5784.0,5784.0,False,False,False,
2023-08-04T09:00:00Z,5815.0,5815.0,False,False,False,
2023-08-04T10:00:00Z,6022.0,6022.0,False,False,False,
2023-08-04T11:00:00Z,6368.0,6368.0,False,False,False,
2023-08-04T12:00:00Z,6679.0,6679.0,False,False,False,
2023-08-04T13:00:00Z,7008.0,7008.0,False,False,False,
2023-08-04T14:00:00Z,7253.0,7253.0,False,False,False,
2023-08-04T15:00:00Z,7523.0,7523.0,False,False,False,
2023-08-04T16:00:00Z,7764.0,7764.0,False,False,False,
2023-08-04T17:00:00Z,7954.0,7954.0,False,False,False,
2023-08-04T18:00:00Z,8121.0,8121.0,False,False,False,
2023-08-04T19:00:00Z,8299.0,8299.0,False,False,False,
2023-08-04T20:00:00Z,8498.0,8498.0,False,False,False,
2023-08-04T21:00:00Z,8657.0,8657.0,False,False,False,
2023-08-04T22:00:00Z,8698.0,8698.0,False,False,False,
2023-08-04T23:00:00Z,8609.0,8609.0,False,False,False,
2023-08-05T00:00:00Z,8416.0,8416.0,False,False,False,
2023-08-05T01:00:00Z,8265.0,8265.0,False,False,False,
2023-08-05T02:00:00Z,7985.0,7985.0,False,False,False,
2023-08-05T03:00:00Z,7468.0,7468.0,False,False,False,
2023-08-05T04:00:00Z,6922.0,6922.0,False,False,False,
2023-08-05T05:00:00Z,6375.0,6375.0,False,False,False,
2023-08-05T06:00:00Z,5985.0,5985.0,False,False,False,
2023-08-05T07:00:00Z,5712.0,5712.0,False,False,False,
2023-08-05T08:00:00Z,5521.0,5521.0,False,False,False,
2023-08-05T09:00:00Z,5438.0,5438.0,False,False,False,
2023-08-05T10:00:00Z,5452.0,5452.0,False,False,False,
2023-08-05T11:00:00Z,5515.0,5515.0,False,False,False,
2023-08-05T12:00:00Z,5692.0,5692.0,False,False,False,
2023-08-05T13:00:00Z,6131.0,6131.0,False,False,False,
2023-08-05T14:00:00Z,6694.0,6694.0,False,False,False,
2023-08-05T15:00:00Z,7359.0,7359.0,False,False,False,
2023-08-05T16:00:00Z,8099.0,8099.0,False,False,False,
2023-08-05T17:00:00Z,8725.0,8725.0,False,False,False,
2023-08-05T18:00:00Z,9276.0,9276.0,False,False,False,
2023-08-05T19:00:00Z,9766.0,9766.0,False,False,False,
2023-08-05T20:00:00Z,10165.0,10165.0,False,False,False,
2023-08-05T21:00:00Z,10443.0,10443.0,False,False,False,
2023-08-05T22:00:00Z,10594.0,10594.0,False,False,False,
2023-08-05T23:00:00Z,10485.0,10485.0,False,False,False,
2023-08-06T00:00:00Z,10062.0,10062.0,False,False,False,
2023-08-06T01:00:00Z,9531.0,9531.0,False,False,False,
2023-08-06T02:00:00Z,8942.0,8942.0,False,False,False,
2023-08-06T03:00:00Z,8217.0,8217.0,False,False,False,
2023-08-06T04:00:00Z,7482.0,7482.0,False,False,False,
2023-08-06T05:00:00Z,6850.0,6850.0,False,False,False,
2023-08-06T06:00:00Z,6369.0,6369.0,False,False,False,
2023-08-06T07:00:00Z,6030.0,6030.0,False,False,False,
2023-08-06T08:00:00Z,5735.0,5735.0,False,False,False,
2023-08-06T09:00:00Z,5574.0,5574.0,False,False,False,
2023-08-06T10:00:00Z,5527.0,5527.0,False,False,False,
2023-08-06T11:00:00Z,5471.0,5471.0,False,False,False,
2023-08-06T12:00:00Z,5710.0,5710.0,False,False,False,
2023-08-06T13:00:00Z,6399.0,6399.0,False,False,False,
2023-08-06T14:00:00Z,7310.0,7310.0,False,False,False,
2023-08-06T15:00:00Z,8198.0,8198.0,False,False,False,
2023-08-06T16:00:00Z,8967.0,8967.0,False,False,False,
2023-08-06T17:00:00Z,9661.0,9661.0,False,False,False,
2023-08-06T18:00:00Z,10174.0,10174.0,False,False,False,
2023-08-06T19:00:00Z,10578.0,10578.0,False,False,False,
2023-08-06T20:00:00Z,10861.0,10861.0,False,False,False,
2023-08-06T21:00:00Z,11107.0,11107.0,False,False,False,
2023-08-06T22:00:00Z,11165.0,11165.0,False,False,False,
2023-08-06T23:00:00Z,10885.0,10885.0,False,False,False,
2023-08-07T00:00:00Z,10369.0,10369.0,False,False,False,
2023-08-07T01:00:00Z,9795.0,9795.0,False,False,False,
2023-08-07T02:00:00Z,9284.0,9284.0,False,False,False,
2023-08-07T03:00:00Z,8548.0,8548.0,False,False,False,
2023-08-07T04:00:00Z,7825.0,7825.0,False,False,False,
2023-08-07T05:00:00Z,7216.0,7216.0,False,False,False,
2023-08-07T06:00:00Z,6771.0,6771.0,False,False,False,
2023-08-07T07:00:00Z,6451.0,6451.0,False,False,False,
2023-08-07T08:00:00Z,6255.0,6255.0,False,False,False,
2023-08-07T09:00:00Z,6192.0,6192.0,False,False,False,
2023-08-07T10:00:00Z,6375.0,6375.0,False,False,False,
2023-08-07T11:00:00Z,6703.0,6703.0,False,False,False,
2023-08-07T12:00:00Z,7067.0,7067.0,False,False,False,
2023-08-07T13:00:00Z,7496.0,7496.0,False,False,False,
2023-08-07T14:00:00Z,8009.0,8009.0,False,False,False,
2023-08-07T15:00:00Z,8736.0,8736.0,False,False,False,
2023-08-07T16:00:00Z,9381.0,9381.0,False,False,False,
2023-08-07T17:00:00Z,10013.0,10013.0,False,False,False,
2023-08-07T18:00:00Z,10606.0,10606.0,False,False,False,
2023-08-07T19:00:00Z,10953.0,10953.0,False,False,False,
2023-08-07T20:00:00Z,11302.0,11302.0,False,False,False,
2023-08-07T21:00:00Z,11569.0,11569.0,False,False,False,
2023-08-07T22:00:00Z,11580.0,11580.0,False,False,False,
2023-08-07T23:00:00Z,11466.0,11466.0,False,False,False,
2023-08-08T00:00:00Z,10681.0,10681.0,False,False,False,
2023-08-08T01:00:00Z,9555.0,9555.0,False,False,False,
2023-08-08T02:00:00Z,8822.0,8822.0,False,False,False,
2023-08-08T03:00:00Z,8024.0,8024.0,False,False,False,
2023-08-08T04:00:00Z,7326.0,7326.0,False,False,False,
2023-08-08T05:00:00Z,6789.0,6789.0,False,False,False,
2023-08-08T06:00:00Z,6407.0,6407.0,False,False,False,
2023-08-08T07:00:00Z,6164.0,6164.0,False,False,False,
2023-08-08T08:00:00Z,5999.0,5999.0,False,False,False,
2023-08-08T09:00:00Z,5982.0,5982.0,False,False,False,
2023-08-08T10:00:00Z,6206.0,6206.0,False,False,False,
2023-08-08T11:00:00Z,6596.0,6596.0,False,False,False,
2023-08-08T12:00:00Z,6962.0,6962.0,False,False,False,
2023-08-08T13:00:00Z,7329.0,7329.0,False,False,False,
2023-08-08T14:00:00Z,7790.0,7790.0,False,False,False,
2023-08-08T15:00:00Z,8496.0,8496.0,False,False,False,
2023-08-08T16:00:00Z,9239.0,9239.0,False,False,False,
2023-08-08T17:00:00Z,9906.0,9906.0,False,False,False,
2023-08-08T18:00:00Z,10475.0,10475.0,False,False,False,
2023-08-08T19:00:00Z,10859.0,10859.0,False,False,False,
2023-08-08T20:00:00Z,11104.0,11104.0,False,False,False,
2023-08-08T21:00:00Z,11276.0,11276.0,False,False,False,
2023-08-08T22:00:00Z,11192.0,11192.0,False,False,False,
2023-08-08T23:00:00Z,10909.0,10909.0,False,False,False,
2023-08-09T00:00:00Z,10387.0,10387.0,False,False,False,
2023-08-09T01:00:00Z,9999.0,9999.0,False,False,False,
2023-08-09T02:00:00Z,9387.0,9387.0,False,False,False,
2023-08-09T03:00:00Z,8553.0,8553.0,False,False,False,
2023-08-09T04:00:00Z,7760.0,7760.0,False,False,False,
2023-08-09T05:00:00Z,7170.0,7170.0,False,False,False,
2023-08-09T06:00:00Z,6736.0,6736.0,False,False,False,
2023-08-09T07:00:00Z,6433.0,6433.0,False,False,False,
2023-08-09T08:00:00Z,6198.0,6198.0,False,False,False,
2023-08-09T09:00:00Z,6122.0,6122.0,False,False,False,
2023-08-09T10:00:00Z,6265.0,6265.0,False,False,False,
2023-08-09T11:00:00Z,6543.0,6543.0,False,False,False,
2023-08-09T12:00:00Z,6813.0,6813.0,False,False,False,
2023-08-09T13:00:00Z,7254.0,7254.0,False,False,False,
2023-08-09T14:00:00Z,7764.0,7764.0,False,False,False,
2023-08-09T15:00:00Z,8370.0,8370.0,False,False,False,
2023-08-09T16:00:00Z,8987.0,8987.0,False,False,False,
2023-08-09T17:00:00Z,9586.0,9586.0,False,False,False,
2023-08-09T18:00:00Z,10168.0,10168.0,False,False,False,
2023-08-09T19:00:00Z,10585.0,10585.0,False,False,False,
2023-08-09T20:00:00Z,10848.0,10848.0,False,False,False,
2023-08-09T21:00:00Z,10995.0,10995.0,False,False,False,
2023-08-09T22:00:00Z,10977.0,10977.0,False,False,False,
2023-08-09T23:00:00Z,10739.0,10739.0,False,False,False,
2023-08-10T00:00:00Z,10337.0,10337.0,False,False,False,
2023-08-10T01:00:00Z,9854.0,9854.0,False,False,False,
2023-08-10T02:00:00Z,9262.0,9262.0,False,False,False,
2023-08-10T03:00:00Z,8384.0,8384.0,False,False,False,
2023-08-10T04:00:00Z,7601.0,7601.0,False,False,False,
2023-08-10T05:00:00Z,6922.0,6922.0,False,False,False,
2023-08-10T06:00:00Z,6513.0,6513.0,False,False,False,
2023-08-10T07:00:00Z,6245.0,6245.0,False,False,False,
2023-08-10T08:00:00Z,6094.0,6094.0,False,False,False,
2023-08-10T09:00:00Z,6109.0,6109.0,False,False,False,
2023-08-10T10:00:00Z,6363.0,6363.0,False,False,False,
2023-08-10T11:00:00Z,6740.0,6740.0,False,False,False,
2023-08-10T12:00:00Z,7101.0,7101.0,False,False,False,
2023-08-10T13:00:00Z,7512.0,7512.0,False,False,False,
2023-08-10T14:00:00Z,7978.0,7978.0,False,False,False,
2023-08-10T15:00:00Z,8425.0,8425.0,False,False,False,
2023-08-10T16:00:00Z,8570.0,8570.0,False,False,False,
2023-08-10T17:00:00Z,8635.0,8635.0,False,False,False,
2023-08-10T18:00:00Z,8889.0,8889.0,False,False,False,
2023-08-10T19:00:00Z,9332.0,9332.0,False,False,False,
2023-08-10T20:00:00Z,9831.0,9831.0,False,False,False,
2023-08-10T21:00:00Z,10147.0,10147.0,False,False,False,
2023-08-10T22:00:00Z,10313.0,10313.0,False,False,False,
2023-08-10T23:00:00Z,10295.0,10295.0,False,False,False,
2023-08-11T00:00:00Z,9946.0,9946.0,False,False,False,
2023-08-11T01:00:00Z,9509.0,9509.0,False,False,False,
2023-08-11T02:00:00Z,9010.0,9010.0,False,False,False,
2023-08-11T03:00:00Z,8239.0,8239.0,False,False,False,
2023-08-11T04:00:00Z,7508.0,7508.0,False,False,False,
2023-08-11T05:00:00Z,6861.0,6861.0,False,False,False,
2023-08-11T06:00:00Z,6455.0,6455.0,False,False,False,
2023-08-11T07:00:00Z,6124.0,6124.0,False,False,False,
2023-08-11T08:00:00Z,5916.0,5916.0,False,False,False,
2023-08-11T09:00:00Z,5860.0,5860.0,False,False,False,
2023-08-11T10:00:00Z,5946.0,5946.0,False,False,False,
2023-08-11T11:00:00Z,6195.0,6195.0,False,False,False,
2023-08-11T12:00:00Z,6523.0,6523.0,False,False,False,
2023-08-11T13:00:00Z,7066.0,7066.0,False,False,False,
2023-08-11T14:00:00Z,7718.0,7718.0,False,False,False,
2023-08-11T15:00:00Z,8380.0,8380.0,False,False,False,
2023-08-11T16:00:00Z,9077.0,9077.0,False,False,False,
2023-08-11T17:00:00Z,9698.0,9698.0,False,False,False,
2023-08-11T18:00:00Z,10203.0,10203.0,False,False,False,
2023-08-11T19:00:00Z,10503.0,10503.0,False,False,False,
2023-08-11T20:00:00Z,10569.0,10569.0,False,False,False,
2023-08-11T21:00:00Z,10511.0,10511.0,False,False,False,
2023-08-11T22:00:00Z,10401.0,10401.0,False,False,False,
2023-08-11T23:00:00Z,10062.0,10062.0,False,False,False,
2023-08-12T00:00:00Z,9670.0,9670.0,False,False,False,
2023-08-12T01:00:00Z,9311.0,9311.0,False,False,False,
2023-08-12T02:00:00Z,8846.0,8846.0,False,False,False,
2023-08-12T03:00:00Z,8184.0,8184.0,False,False,False,
2023-08-12T04:00:00Z,7525.0,7525.0,False,False,False,
2023-08-12T05:00:00Z,6926.0,6926.0,False,False,False,
2023-08-12T06:00:00Z,6487.0,6487.0,False,False,False,
2023-08-12T07:00:00Z,6164.0,6164.0,False,False,False,
2023-08-12T08:00:00Z,5996.0,5996.0,False,False,False,
2023-08-12T09:00:00Z,5907.0,5907.0,False,False,False,
2023-08-12T10:00:00Z,5889.0,5889.0,False,False,False,
2023-08-12T11:00:00Z,5807.0,5807.0,False,False,False,
2023-08-12T12:00:00Z,6138.0,6138.0,False,False,False,
2023-08-12T13:00:00Z,6721.0,6721.0,False,False,False,
2023-08-12T14:00:00Z,7517.0,7517.0,False,False,False,
2023-08-12T15:00:00Z,8496.0,8496.0,False,False,False,
2023-08-12T16:00:00Z,9363.0,9363.0,False,False,False,
2023-08-12T17:00:00Z,10034.0,10034.0,False,False,False,
2023-08-12T18:00:00Z,10530.0,10530.0,False,False,False,
2023-08-12T19:00:00Z,10929.0,10929.0,False,False,False,
2023-08-12T20:00:00Z,11252.0,11252.0,False,False,False,
2023-08-12T21:00:00Z,11306.0,11306.0,False,False,False,
2023-08-12T22:00:00Z,11338.0,11338.0,False,False,False,
2023-08-12T23:00:00Z,11263.0,11263.0,False,False,False,
2023-08-13T00:00:00Z,10878.0,10878.0,False,False,False,
2023-08-13T01:00:00Z,10431.0,10431.0,False,False,False,
2023-08-13T02:00:00Z,9795.0,9795.0,False,False,False,
2023-08-13T03:00:00Z,9164.0,9164.0,False,False,False,
2023-08-13T04:00:00Z,8448.0,8448.0,False,False,False,
2023-08-13T05:00:00Z,7890.0,7890.0,False,False,False,
2023-08-13T06:00:00Z,7485.0,7485.0,False,False,False,
2023-08-13T07:00:00Z,7153.0,7153.0,False,False,False,
2023-08-13T08:00:00Z,6895.0,6895.0,False,False,False,
2023-08-13T09:00:00Z,6735.0,6735.0,False,False,False,
2023-08-13T10:00:00Z,6678.0,6678.0,False,False,False,
2023-08-13T11:00:00Z,6614.0,6614.0,False,False,False,
2023-08-13T12:00:00Z,6840.0,6840.0,False,False,False,
2023-08-13T13:00:00Z,7512.0,7512.0,False,False,False,
2023-08-13T14:00:00Z,8346.0,8346.0,False,False,False,
2023-08-13T15:00:00Z,9155.0,9155.0,False,False,False,
2023-08-13T16:00:00Z,9876.0,9876.0,False,False,False,
2023-08-13T17:00:00Z,10524.0,10524.0,False,False,False,
2023-08-13T18:00:00Z,11027.0,11027.0,False,False,False,
2023-08-13T19:00:00Z,11412.0,11412.0,False,False,False,
2023-08-13T20:00:00Z,11506.0,11506.0,False,False,False,
2023-08-13T21:00:00Z,11727.0,11727.0,False,False,False,
2023-08-13T22:00:00Z,11906.0,11906.0,False,False,False,
2023-08-13T23:00:00Z,11901.0,11901.0,False,False,False,
2023-08-14T00:00:00Z,11672.0,11672.0,False,False,False,
2023-08-14T01:00:00Z,11292.0,11292.0,False,False,False,
2023-08-14T02:00:00Z,10530.0,10530.0,False,False,False,
2023-08-14T03:00:00Z,9750.0,9750.0,False,False,False,
2023-08-14T04:00:00Z,9011.0,9011.0,False,False,False,
2023-08-14T05:00:00Z,8322.0,8322.0,False,False,False,
2023-08-14T06:00:00Z,7842.0,7842.0,False,False,False,
2023-08-14T07:00:00Z,7484.0,7484.0,False,False,False,
2023-08-14T08:00:00Z,7229.0,7229.0,False,False,False,
2023-08-14T09:00:00Z,7186.0,7186.0,False,False,False,
2023-08-14T10:00:00Z,7346.0,7346.0,False,False,False,
2023-08-14T11:00:00Z,7702.0,7702.0,False,False,False,
2023-08-14T12:00:00Z,8007.0,8007.0,False,False,False,
2023-08-14T13:00:00Z,8595.0,8595.0,False,False,False,
2023-08-14T14:00:00Z,9352.0,9352.0,False,False,False,
2023-08-14T15:00:00Z,10305.0,10305.0,False,False,False,
2023-08-14T16:00:00Z,11200.0,11200.0,False,False,False,
2023-08-14T17:00:00Z,11904.0,11904.0,False,False,False,
2023-08-14T18:00:00Z,12240.0,12240.0,False,False,False,
2023-08-14T19:00:00Z,12058.0,12058.0,False,False,False,
2023-08-14T20:00:00Z,11838.0,11838.0,False,False,False,
2023-08-14T21:00:00Z,11580.0,11580.0,False,False,False,
2023-08-14T22:00:00Z,11309.0,11309.0,False,False,False,
2023-08-14T23:00:00Z,11034.0,11034.0,False,False,False,
2023-08-15T00:00:00Z,10647.0,10647.0,False,False,False,
2023-08-15T01:00:00Z,10382.0,10382.0,False,False,False,
2023-08-15T02:00:00Z,9881.0,9881.0,False,False,False,
2023-08-15T03:00:00Z,9196.0,9196.0,False,False,False,
2023-08-15T04:00:00Z,8523.0,8523.0,False,False,False,
2023-08-15T05:00:00Z,7958.0,7958.0,False,False,False,
2023-08-15T06:00:00Z,7591.0,7591.0,False,False,False,
2023-08-15T07:00:00Z,7338.0,7338.0,False,False,False,
2023-08-15T08:00:00Z,7207.0,7207.0,False,False,False,
2023-08-15T09:00:00Z,7183.0,7183.0,False,False,False,
2023-08-15T10:00:00Z,7421.0,7421.0,False,False,False,
2023-08-15T11:00:00Z,7787.0,7787.0,False,False,False,
2023-08-15T12:00:00Z,8147.0,8147.0,False,False,False,
2023-08-15T13:00:00Z,8691.0,8691.0,False,False,False,
2023-08-15T14:00:00Z,9402.0,9402.0,False,False,False,
2023-08-15T15:00:00Z,10210.0,10210.0,False,False,False,
2023-08-15T16:00:00Z,11051.0,11051.0,False,False,False,
2023-08-15T17:00:00Z,11780.0,11780.0,False,False,False,
2023-08-15T18:00:00Z,12268.0,12268.0,False,False,False,
2023-08-15T19:00:00Z,12211.0,12211.0,False,False,False,
2023-08-15T20:00:00Z,12193.0,12193.0,False,False,False,
2023-08-15T21:00:00Z,11982.0,11982.0,False,False,False,
2023-08-15T22:00:00Z,11511.0,11511.0,False,False,False,
2023-08-15T23:00:00Z,10861.0,10861.0,False,False,False,
2023-08-16T00:00:00Z,10252.0,10252.0,False,False,False,
2023-08-16T01:00:00Z,9899.0,9899.0,False,False,False,
2023-08-16T02:00:00Z,9350.0,9350.0,False,False,False,
2023-08-16T03:00:00Z,8653.0,8653.0,False,False,False,
2023-08-16T04:00:00Z,7950.0,7950.0,False,False,False,
2023-08-16T05:00:00Z,7401.0,7401.0,False,False,False,
2023-08-16T06:00:00Z,7011.0,7011.0,False,False,False,
2023-08-16T07:00:00Z,6693.0,6693.0,False,False,False,
2023-08-16T08:00:00Z,6516.0,6516.0,False,False,False,
2023-08-16T09:00:00Z,6453.0,6453.0,False,False,False,
2023-08-16T10:00:00Z,6660.0,6660.0,False,False,False,
2023-08-16T11:00:00Z,7012.0,7012.0,False,False,False,
2023-08-16T12:00:00Z,7208.0,7208.0,False,False,False,
2023-08-16T13:00:00Z,7478.0,7478.0,False,False,False,
2023-08-16T14:00:00Z,7859.0,7859.0,False,False,False,
2023-08-16T15:00:00Z,8356.0,8356.0,False,False,False,
2023-08-16T16:00:00Z,9029.0,9029.0,False,False,False,
2023-08-16T17:00:00Z,9717.0,9717.0,False,False,False,
2023-08-16T18:00:00Z,10348.0,10348.0,False,False,False,
2023-08-16T19:00:00Z,10817.0,10817.0,False,False,False,
2023-08-16T20:00:00Z,11084.0,11084.0,False,False,False,
2023-08-16T21:00:00Z,11207.0,11207.0,False,False,False,
2023-08-16T22:00:00Z,11199.0,11199.0,False,False,False,
2023-08-16T23:00:00Z,10917.0,10917.0,False,False,False,
2023-08-17T00:00:00Z,10436.0,10436.0,False,False,False,
2023-08-17T01:00:00Z,10056.0,10056.0,False,False,False,
2023-08-17T02:00:00Z,9482.0,9482.0,False,False,False,
2023-08-17T03:00:00Z,8698.0,8698.0,False,False,False,
2023-08-17T04:00:00Z,7957.0,7957.0,False,False,False,
2023-08-17T05:00:00Z,7421.0,7421.0,False,False,False,
2023-08-17T06:00:00Z,7010.0,7010.0,False,False,False,
2023-08-17T07:00:00Z,6703.0,6703.0,False,False,False,
2023-08-17T08:00:00Z,6477.0,6477.0,False,False,False,
2023-08-17T09:00:00Z,6404.0,6404.0,False,False,False,
2023-08-17T10:00:00Z,6603.0,6603.0,False,False,False,
2023-08-17T11:00:00Z,6984.0,6984.0,False,False,False,
2023-08-17T12:00:00Z,7224.0,7224.0,False,False,False,
2023-08-17T13:00:00Z,7579.0,7579.0,False,False,False,
2023-08-17T14:00:00Z,8017.0,8017.0,False,False,False,
2023-08-17T15:00:00Z,8617.0,8617.0,False,False,False,
2023-08-17T16:00:00Z,9243.0,9243.0,False,False,False,
2023-08-17T17:00:00Z,9945.0,9945.0,False,False,False,
2023-08-17T18:00:00Z,10625.0,10625.0,False,False,False,
2023-08-17T19:00:00Z,11006.0,11006.0,False,False,False,
2023-08-17T20:00:00Z,11199.0,11199.0,False,False,False,
2023-08-17T21:00:00Z,11363.0,11363.0,False,False,False,
2023-08-17T22:00:00Z,11363.0,11363.0,False,False,False,
2023-08-17T23:00:00Z,11185.0,11185.0,False,False,False,
2023-08-18T00:00:00Z,10765.0,10765.0,False,False,False,
2023-08-18T01:00:00Z,10425.0,10425.0,False,False,False,
2023-08-18T02:00:00Z,9831.0,9831.0,False,False,False,
2023-08-18T03:00:00Z,9077.0,9077.0,False,False,False,
2023-08-18T04:00:00Z,8309.0,8309.0,False,False,False,
2023-08-18T05:00:00Z,7656.0,7656.0,False,False,False,
2023-08-18T06:00:00Z,7168.0,7168.0,False,False,False,
2023-08-18T07:00:00Z,6781.0,6781.0,False,False,False,
2023-08-18T08:00:00Z,6517.0,6517.0,False,False,False,
2023-08-18T09:00:00Z,6358.0,6358.0,False,False,False,
2023-08-18T10:00:00Z,6440.0,6440.0,False,False,False,
2023-08-18T11:00:00Z,6695.0,6695.0,False,False,False,
2023-08-18T12:00:00Z,6882.0,6882.0,False,False,False,
2023-08-18T13:00:00Z,7296.0,7296.0,False,False,False,
2023-08-18T14:00:00Z,7874.0,7874.0,False,False,False,
2023-08-18T15:00:00Z,8513.0,8513.0,False,False,False,
2023-08-18T16:00:00Z,9150.0,9150.0,False,False,False,
2023-08-18T17:00:00Z,9737.0,9737.0,False,False,False,
2023-08-18T18:00:00Z,10268.0,10268.0,False,False,False,
2023-08-18T19:00:00Z,10629.0,10629.0,False,False,False,
2023-08-18T20:00:00Z,10848.0,10848.0,False,False,False,
2023-08-18T21:00:00Z,10963.0,10963.0,False,False,False,
2023-08-18T22:00:00Z,10950.0,10950.0,False,False,False,
2023-08-18T23:00:00Z,10700.0,10700.0,False,False,False,
2023-08-19T00:00:00Z,10132.0,10132.0,False,False,False,
2023-08-19T01:00:00Z,9625.0,9625.0,False,False,False,
2023-08-19T02:00:00Z,9012.0,9012.0,False,False,False,
2023-08-19T03:00:00Z,8268.0,8268.0,False,False,False,
2023-08-19T04:00:00Z,7564.0,7564.0,False,False,False,
2023-08-19T05:00:00Z,6946.0,6946.0,False,False,False,
2023-08-19T06:00:00Z,6442.0,6442.0,False,False,False,
2023-08-19T07:00:00Z,6096.0,6096.0,False,False,False,
2023-08-19T08:00:00Z,5809.0,5809.0,False,False,False,
2023-08-19T09:00:00Z,5595.0,5595.0,False,False,False,
2023-08-19T10:00:00Z,5541.0,5541.0,False,False,False,
2023-08-19T11:00:00Z,5540.0,5540.0,False,False,False,
2023-08-19T12:00:00Z,5712.0,5712.0,False,False,False,
2023-08-19T13:00:00Z,6115.0,6115.0,False,False,False,
2023-08-19T14:00:00Z,6600.0,6600.0,False,False,False,
2023-08-19T15:00:00Z,7216.0,7216.0,False,False,False,
2023-08-19T16:00:00Z,7868.0,7868.0,False,False,False,
2023-08-19T17:00:00Z,8558.0,8558.0,False,False,False,
2023-08-19T18:00:00Z,9128.0,9128.0,False,False,False,
2023-08-19T19:00:00Z,9622.0,9622.0,False,False,False,
2023-08-19T20:00:00Z,10005.0,10005.0,False,False,False,
2023-08-19T21:00:00Z,10272.0,10272.0,False,False,False,
2023-08-19T22:00:00Z,10367.0,10367.0,False,False,False,
2023-08-19T23:00:00Z,10190.0,10190.0,False,False,False,
2023-08-20T00:00:00Z,9700.0,9700.0,False,False,False,
2023-08-20T01:00:00Z,9250.0,9250.0,False,False,False,
2023-08-20T02:00:00Z,8665.0,8665.0,False,False,False,
2023-08-20T03:00:00Z,7966.0,7966.0,False,False,False,
2023-08-20T04:00:00Z,7273.0,7273.0,False,False,False,
2023-08-20T05:00:00Z,6674.0,6674.0,False,False,False,
2023-08-20T06:00:00Z,6210.0,6210.0,False,False,False,
2023-08-20T07:00:00Z,5877.0,5877.0,False,False,False,
2023-08-20T08:00:00Z,5647.0,5647.0,False,False,False,
2023-08-20T09:00:00Z,5493.0,5493.0,False,False,False,
2023-08-20T10:00:00Z,5464.0,5464.0,False,False,False,
2023-08-20T11:00:00Z,5465.0,5465.0,False,False,False,
2023-08-20T12:00:00Z,5677.0,5677.0,False,False,False,
2023-08-20T13:00:00Z,6235.0,6235.0,False,False,False,
2023-08-20T14:00:00Z,7038.0,7038.0,False,False,False,
2023-08-20T15:00:00Z,7962.0,7962.0,False,False,False,
2023-08-20T16:00:00Z,8834.0,8834.0,False,False,False,
2023-08-20T17:00:00Z,9624.0,9624.0,False,False,False,
2023-08-20T18:00:00Z,10199.0,10199.0,False,False,False,
2023-08-20T19:00:00Z,10608.0,10608.0,False,False,False,
2023-08-20T20:00:00Z,10956.0,10956.0,False,False,False,
2023-08-20T21:00:00Z,11225.0,11225.0,False,False,False,
2023-08-20T22:00:00Z,11373.0,11373.0,False,False,False,
2023-08-20T23:00:00Z,11238.0,11238.0,False,False,False,
2023-08-21T00:00:00Z,10761.0,10761.0,False,False,False,
2023-08-21T01:00:00Z,10395.0,10395.0,False,False,False,
2023-08-21T02:00:00Z,9716.0,9716.0,False,False,False,
2023-08-21T03:00:00Z,8887.0,8887.0,False,False,False,
2023-08-21T04:00:00Z,7170.0,7170.0,False,False,False,
2023-08-21T05:00:00Z,7453.0,7453.0,False,False,False,
2023-08-21T06:00:00Z,7017.0,7017.0,False,False,False,
2023-08-21T07:00:00Z,6692.0,6692.0,False,False,False,
2023-08-21T08:00:00Z,6465.0,6465.0,False,False,False,
2023-08-21T09:00:00Z,6420.0,6420.0,False,False,False,
2023-08-21T10:00:00Z,6606.0,6606.0,False,False,False,
2023-08-21T11:00:00Z,6965.0,6965.0,False,False,False,
2023-08-21T12:00:00Z,7281.0,7281.0,False,False,False,
2023-08-21T13:00:00Z,7812.0,7812.0,False,False,False,
2023-08-21T14:00:00Z,8565.0,8565.0,False,False,False,
2023-08-21T15:00:00Z,9395.0,9395.0,False,False,False,
2023-08-21T16:00:00Z,10305.0,10305.0,False,False,False,
2023-08-21T17:00:00Z,11024.0,11024.0,False,False,False,
2023-08-21T18:00:00Z,11546.0,11546.0,False,False,False,
2023-08-21T19:00:00Z,11966.0,11966.0,False,False,False,
2023-08-21T20:00:00Z,11998.0,11998.0,False,False,False,
2023-08-21T21:00:00Z,11998.0,11998.0,False,False,False,
2023-08-21T22:00:00Z,11945.0,11945.0,False,False,False,
2023-08-21T23:00:00Z,11927.0,11927.0,False,False,False,
2023-08-22T00:00:00Z,11544.0,11544.0,False,False,False,
2023-08-22T01:00:00Z,11016.0,11016.0,False,False,False,
2023-08-22T02:00:00Z,10292.0,10292.0,False,False,False,
2023-08-22T03:00:00Z,9362.0,9362.0,False,False,False,
2023-08-22T04:00:00Z,8474.0,8474.0,False,False,False,
2023-08-22T05:00:00Z,7717.0,7717.0,False,False,False,
2023-08-22T06:00:00Z,7230.0,7230.0,False,False,False,
2023-08-22T07:00:00Z,6836.0,6836.0,False,False,False,
2023-08-22T08:00:00Z,6529.0,6529.0,False,False,False,
2023-08-22T09:00:00Z,6451.0,6451.0,False,False,False,
2023-08-22T10:00:00Z,6575.0,6575.0,False,False,False,
2023-08-22T11:00:00Z,7000.0,7000.0,False,False,False,
2023-08-22T12:00:00Z,7040.0,7040.0,False,False,False,
2023-08-22T13:00:00Z,7505.0,7505.0,False,False,False,
2023-08-22T14:00:00Z,8069.0,8069.0,False,False,False,
2023-08-22T15:00:00Z,8828.0,8828.0,False,False,False,
2023-08-22T16:00:00Z,9697.0,9697.0,False,False,False,
2023-08-22T17:00:00Z,10499.0,10499.0,False,False,False,
2023-08-22T18:00:00Z,11133.0,11133.0,False,False,False,
2023-08-22T19:00:00Z,11549.0,11549.0,False,False,False,
2023-08-22T20:00:00Z,11792.0,11792.0,False,False,False,
2023-08-22T21:00:00Z,11831.0,11831.0,False,False,False,
2023-08-22T22:00:00Z,11753.0,11753.0,False,False,False,
2023-08-22T23:00:00Z,11634.0,11634.0,False,False,False,
2023-08-23T00:00:00Z,11179.0,11179.0,False,False,False,
2023-08-23T01:00:00Z,10785.0,10785.0,False,False,False,
2023-08-23T02:00:00Z,10104.0,10104.0,False,False,False,
2023-08-23T03:00:00Z,9241.0,9241.0,False,False,False,
2023-08-23T04:00:00Z,8439.0,8439.0,False,False,False,
2023-08-23T05:00:00Z,7755.0,7755.0,False,False,False,
2023-08-23T06:00:00Z,7195.0,7195.0,False,False,False,
2023-08-23T07:00:00Z,6834.0,6834.0,False,False,False,
2023-08-23T08:00:00Z,6504.0,6504.0,False,False,False,
2023-08-23T09:00:00Z,6333.0,6333.0,False,False,False,
2023-08-23T10:00:00Z,6391.0,6391.0,False,False,False,
2023-08-23T11:00:00Z,6641.0,6641.0,False,False,False,
2023-08-23T12:00:00Z,6779.0,6779.0,False,False,False,
2023-08-23T13:00:00Z,7079.0,7079.0,False,False,False,
2023-08-23T14:00:00Z,7378.0,7378.0,False,False,False,
2023-08-23T15:00:00Z,7772.0,7772.0,False,False,False,
2023-08-23T16:00:00Z,8288.0,8288.0,False,False,False,
2023-08-23T17:00:00Z,8699.0,8699.0,False,False,False,
2023-08-23T18:00:00Z,9110.0,9110.0,False,False,False,
2023-08-23T19:00:00Z,9553.0,9553.0,False,False,False,
2023-08-23T20:00:00Z,9937.0,9937.0,False,False,False,
2023-08-23T21:00:00Z,10202.0,10202.0,False,False,False,
2023-08-23T22:00:00Z,10242.0,10242.0,False,False,False,
2023-08-23T23:00:00Z,10066.0,10066.0,False,False,False,
2023-08-24T00:00:00Z,9492.0,9492.0,False,False,False,
2023-08-24T01:00:00Z,9070.0,9070.0,False,False,False,
2023-08-24T02:00:00Z,8342.0,8342.0,False,False,False,
2023-08-24T03:00:00Z,7529.0,7529.0,False,False,False,
2023-08-24T04:00:00Z,6802.0,6802.0,False,False,False,
2023-08-24T05:00:00Z,6210.0,6210.0,False,False,False,
2023-08-24T06:00:00Z,5792.0,5792.0,False,False,False,
2023-08-24T07:00:00Z,5534.0,5534.0,False,False,False,
2023-08-24T08:00:00Z,5389.0,5389.0,False,False,False,
2023-08-24T09:00:00Z,5388.0,5388.0,False,False,False,
2023-08-24T10:00:00Z,5631.0,5631.0,False,False,False,
2023-08-24T11:00:00Z,6018.0,6018.0,False,False,False,
2023-08-24T12:00:00Z,6322.0,6322.0,False,False,False,
2023-08-24T13:00:00Z,6690.0,6690.0,False,False,False,
2023-08-24T14:00:00Z,7204.0,7204.0,False,False,False,
2023-08-24T15:00:00Z,7852.0,7852.0,False,False,False,
2023-08-24T16:00:00Z,8510.0,8510.0,False,False,False,
2023-08-24T17:00:00Z,9194.0,9194.0,False,False,False,
2023-08-24T18:00:00Z,9838.0,9838.0,False,False,False,
2023-08-24T19:00:00Z,10397.0,10397.0,False,False,False,
2023-08-24T20:00:00Z,10843.0,10843.0,False,False,False,
2023-08-24T21:00:00Z,11157.0,11157.0,False,False,False,
2023-08-24T22:00:00Z,11191.0,11191.0,False,False,False,
2023-08-24T23:00:00Z,10942.0,10942.0,False,False,False,
2023-08-25T00:00:00Z,10463.0,10463.0,False,False,False,
2023-08-25T01:00:00Z,10081.0,10081.0,False,False,False,
2023-08-25T02:00:00Z,9446.0,9446.0,False,False,False,
2023-08-25T03:00:00Z,8666.0,8666.0,False,False,False,
2023-08-25T04:00:00Z,7879.0,7879.0,False,False,False,
2023-08-25T05:00:00Z,7225.0,7225.0,False,False,False,
2023-08-25T06:00:00Z,6760.0,6760.0,False,False,False,
2023-08-25T07:00:00Z,6424.0,6424.0,False,False,False,
2023-08-25T08:00:00Z,6204.0,6204.0,False,False,False,
2023-08-25T09:00:00Z,6141.0,6141.0,False,False,False,
2023-08-25T10:00:00Z,6295.0,6295.0,False,False,False,
2023-08-25T11:00:00Z,6623.0,6623.0,False,False,False,
2023-08-25T12:00:00Z,6886.0,6886.0,False,False,False,
2023-08-25T13:00:00Z,7360.0,7360.0,False,False,False,
2023-08-25T14:00:00Z,7947.0,7947.0,False,False,False,
2023-08-25T15:00:00Z,8636.0,8636.0,False,False,False,
2023-08-25T16:00:00Z,9377.0,9377.0,False,False,False,
2023-08-25T17:00:00Z,10073.0,10073.0,False,False,False,
2023-08-25T18:00:00Z,10725.0,10725.0,False,False,False,
2023-08-25T19:00:00Z,11179.0,11179.0,False,False,False,
2023-08-25T20:00:00Z,11473.0,11473.0,False,False,False,
2023-08-25T21:00:00Z,11602.0,11602.0,False,False,False,
2023-08-25T22:00:00Z,11580.0,11580.0,False,False,False,
2023-08-25T23:00:00Z,11361.0,11361.0,False,False,False,
2023-08-26T00:00:00Z,10854.0,10854.0,False,False,False,
2023-08-26T01:00:00Z,10453.0,10453.0,False,False,False,
2023-08-26T02:00:00Z,9817.0,9817.0,False,False,False,
2023-08-26T03:00:00Z,9159.0,9159.0,False,False,False,
2023-08-26T04:00:00Z,8534.0,8534.0,False,False,False,
2023-08-26T05:00:00Z,7919.0,7919.0,False,False,False,
2023-08-26T06:00:00Z,7447.0,7447.0,False,False,False,
2023-08-26T07:00:00Z,7066.0,7066.0,False,False,False,
2023-08-26T08:00:00Z,6775.0,6775.0,False,False,False,
2023-08-26T09:00:00Z,6604.0,6604.0,False,False,False,
2023-08-26T10:00:00Z,6544.0,6544.0,False,False,False,
2023-08-26T11:00:00Z,6582.0,6582.0,False,False,False,
2023-08-26T12:00:00Z,6730.0,6730.0,False,False,False,
2023-08-26T13:00:00Z,7287.0,7287.0,False,False,False,
2023-08-26T14:00:00Z,8107.0,8107.0,False,False,False,
2023-08-26T15:00:00Z,8998.0,8998.0,False,False,False,
2023-08-26T16:00:00Z,9810.0,9810.0,False,False,False,
2023-08-26T17:00:00Z,10549.0,10549.0,False,False,False,
2023-08-26T18:00:00Z,11111.0,11111.0,False,False,False,
2023-08-26T19:00:00Z,11490.0,11490.0,False,False,False,
2023-08-26T20:00:00Z,11766.0,11766.0,False,False,False,
2023-08-26T21:00:00Z,11802.0,11802.0,False,False,False,
2023-08-26T22:00:00Z,11648.0,11648.0,False,False,False,
2023-08-26T23:00:00Z,11263.0,11263.0,False,False,False,
2023-08-27T00:00:00Z,10742.0,10742.0,False,False,False,
2023-08-27T01:00:00Z,10309.0,10309.0,False,False,False,
2023-08-27T02:00:00Z,9674.0,9674.0,False,False,False,
2023-08-27T03:00:00Z,8968.0,8968.0,False,False,False,
2023-08-27T04:00:00Z,8259.0,8259.0,False,False,False,
2023-08-27T05:00:00Z,7634.0,7634.0,False,False,False,
2023-08-27T06:00:00Z,7182.0,7182.0,False,False,False,
2023-08-27T07:00:00Z,6793.0,6793.0,False,False,False,
2023-08-27T08:00:00Z,6572.0,6572.0,False,False,False,
2023-08-27T09:00:00Z,6411.0,6411.0,False,False,False,
2023-08-27T10:00:00Z,6328.0,6328.0,False,False,False,
2023-08-27T11:00:00Z,6315.0,6315.0,False,False,False,
2023-08-27T12:00:00Z,6453.0,6453.0,False,False,False,
2023-08-27T13:00:00Z,6996.0,6996.0,False,False,False,
2023-08-27T14:00:00Z,7741.0,7741.0,False,False,False,
2023-08-27T15:00:00Z,8486.0,8486.0,False,False,False,
2023-08-27T16:00:00Z,9252.0,9252.0,False,False,False,
2023-08-27T17:00:00Z,9947.0,9947.0,False,False,False,
2023-08-27T18:00:00Z,10566.0,10566.0,False,False,False,
2023-08-27T19:00:00Z,10963.0,10963.0,False,False,False,
2023-08-27T20:00:00Z,11167.0,11167.0,False,False,False,
2023-08-27T21:00:00Z,11083.0,11083.0,False,False,False,
2023-08-27T22:00:00Z,10823.0,10823.0,False,False,False,
2023-08-27T23:00:00Z,10330.0,10330.0,False,False,False,
2023-08-28T00:00:00Z,9906.0,9906.0,False,False,False,
2023-08-28T01:00:00Z,9474.0,9474.0,False,False,False,
2023-08-28T02:00:00Z,8851.0,8851.0,False,False,False,
2023-08-28T03:00:00Z,8116.0,8116.0,False,False,False,
2023-08-28T04:00:00Z,7466.0,7466.0,False,False,False,
2023-08-28T05:00:00Z,6919.0,6919.0,False,False,False,
2023-08-28T06:00:00Z,6614.0,6614.0,False,False,False,
2023-08-28T07:00:00Z,6355.0,6355.0,False,False,False,
2023-08-28T08:00:00Z,6221.0,6221.0,False,False,False,
2023-08-28T09:00:00Z,6253.0,6253.0,False,False,False,
2023-08-28T10:00:00Z,6607.0,6607.0,False,False,False,
2023-08-28T11:00:00Z,7128.0,7128.0,False,False,False,
2023-08-28T12:00:00Z,7342.0,7342.0,False,False,False,
2023-08-28T13:00:00Z,7580.0,7580.0,False,False,False,
2023-08-28T14:00:00Z,7940.0,7940.0,False,False,False,
2023-08-28T15:00:00Z,8355.0,8355.0,False,False,False,
2023-08-28T16:00:00Z,8775.0,8775.0,False,False,False,
2023-08-28T17:00:00Z,9166.0,9166.0,False,False,False,
2023-08-28T18:00:00Z,9577.0,9577.0,False,False,False,
2023-08-28T19:00:00Z,10098.0,10098.0,False,False,False,
2023-08-28T20:00:00Z,10534.0,10534.0,False,False,False,
2023-08-28T21:00:00Z,10844.0,10844.0,False,False,False,
2023-08-28T22:00:00Z,11005.0,11005.0,False,False,False,
2023-08-28T23:00:00Z,10851.0,10851.0,False,False,False,
2023-08-29T00:00:00Z,10448.0,10448.0,False,False,False,
2023-08-29T01:00:00Z,10122.0,10122.0,False,False,False,
2023-08-29T02:00:00Z,9418.0,9418.0,False,False,False,
2023-08-29T03:00:00Z,8628.0,8628.0,False,False,False,
2023-08-29T04:00:00Z,7917.0,7917.0,False,False,False,
2023-08-29T05:00:00Z,7316.0,7316.0,False,False,False,
2023-08-29T06:00:00Z,6935.0,6935.0,False,False,False,
2023-08-29T07:00:00Z,6658.0,6658.0,False,False,False,
2023-08-29T08:00:00Z,6458.0,6458.0,False,False,False,
2023-08-29T09:00:00Z,6442.0,6442.0,False,False,False,
2023-08-29T10:00:00Z,6702.0,6702.0,False,False,False,
2023-08-29T11:00:00Z,7188.0,7188.0,False,False,False,
2023-08-29T12:00:00Z,7407.0,7407.0,False,False,False,
2023-08-29T13:00:00Z,7647.0,7647.0,False,False,False,
2023-08-29T14:00:00Z,8064.0,8064.0,False,False,False,
2023-08-29T15:00:00Z,8572.0,8572.0,False,False,False,
2023-08-29T16:00:00Z,9106.0,9106.0,False,False,False,
2023-08-29T17:00:00Z,9690.0,9690.0,False,False,False,
2023-08-29T18:00:00Z,10309.0,10309.0,False,False,False,
2023-08-29T19:00:00Z,10843.0,10843.0,False,False,False,
2023-08-29T20:00:00Z,11179.0,11179.0,False,False,False,
2023-08-29T21:00:00Z,11228.0,11228.0,False,False,False,
2023-08-29T22:00:00Z,11201.0,11201.0,False,False,False,
2023-08-29T23:00:00Z,11010.0,11010.0,False,False,False,
2023-08-30T00:00:00Z,10570.0,10570.0,False,False,False,
2023-08-30T01:00:00Z,10091.0,10091.0,False,False,False,
2023-08-30T02:00:00Z,9515.0,9515.0,False,False,False,
2023-08-30T03:00:00Z,8576.0,8576.0,False,False,False,
2023-08-30T04:00:00Z,7754.0,7754.0,False,False,False,
2023-08-30T05:00:00Z,7174.0,7174.0,False,False,False,
2023-08-30T06:00:00Z,6809.0,6809.0,False,False,False,
2023-08-30T07:00:00Z,6493.0,6493.0,False,False,False,
2023-08-30T08:00:00Z,6334.0,6334.0,False,False,False,
2023-08-30T09:00:00Z,6276.0,6276.0,False,False,False,
2023-08-30T10:00:00Z,6554.0,6554.0,False,False,False,
2023-08-30T11:00:00Z,7042.0,7042.0,False,False,False,
2023-08-30T12:00:00Z,7304.0,7304.0,False,False,False,
2023-08-30T13:00:00Z,7636.0,7636.0,False,False,False,
2023-08-30T14:00:00Z,8081.0,8081.0,False,False,False,
2023-08-30T15:00:00Z,8609.0,8609.0,False,False,False,
2023-08-30T16:00:00Z,9027.0,9027.0,False,False,False,
2023-08-30T17:00:00Z,9253.0,9253.0,False,False,False,
2023-08-30T18:00:00Z,9590.0,9590.0,False,False,False,
2023-08-30T19:00:00Z,9576.0,9576.0,False,False,False,
2023-08-30T20:00:00Z,9439.0,9439.0,False,False,False,
2023-08-30T21:00:00Z,9315.0,9315.0,False,False,False,
2023-08-30T22:00:00Z,9157.0,9157.0,False,False,False,
2023-08-30T23:00:00Z,8985.0,8985.0,False,False,False,
2023-08-31T00:00:00Z,8790.0,8790.0,False,False,False,
2023-08-31T01:00:00Z,8557.0,8557.0,False,False,False,
2023-08-31T02:00:00Z,8148.0,8148.0,False,False,False,
2023-08-31T03:00:00Z,7572.0,7572.0,False,False,False,
2023-08-31T04:00:00Z,7031.0,7031.0,False,False,False,
2023-08-31T05:00:00Z,6572.0,6572.0,False,False,False,
2023-08-31T06:00:00Z,6229.0,6229.0,False,False,False,
2023-08-31T07:00:00Z,6012.0,6012.0,False,False,False,
2023-08-31T08:00:00Z,5826.0,5826.0,False,False,False,
2023-08-31T09:00:00Z,5766.0,5766.0,False,False,False,
2023-08-31T10:00:00Z,5857.0,5857.0,False,False,False,
2023-08-31T11:00:00Z,6074.0,6074.0,False,False,False,
2023-08-31T12:00:00Z,6214.0,6214.0,False,False,False,
2023-08-31T13:00:00Z,6358.0,6358.0,False,False,False,
2023-08-31T14:00:00Z,6523.0,6523.0,False,False,False,
2023-08-31T15:00:00Z,6721.0,6721.0,False,False,False,
2023-08-31T16:00:00Z,6894.0,6894.0,False,False,False,
2023-08-31T17:00:00Z,7131.0,7131.0,False,False,False,
2023-08-31T18:00:00Z,7446.0,7446.0,False,False,False,
2023-08-31T19:00:00Z,7795.0,7795.0,False,False,False,
2023-08-31T20:00:00Z,8123.0,8123.0,False,False,False,
2023-08-31T21:00:00Z,8443.0,8443.0,False,False,False,
2023-08-31T22:00:00Z,8555.0,8555.0,False,False,False,
2023-08-31T23:00:00Z,8449.0,8449.0,False,False,False,
2023-09-01T00:00:00Z,8100.0,8100.0,False,False,False,
2023-09-01T01:00:00Z,7851.0,7851.0,False,False,False,
2023-09-01T02:00:00Z,7283.0,7283.0,False,False,False,
2023-09-01T03:00:00Z,6652.0,6652.0,False,False,False,
2023-09-01T04:00:00Z,5997.0,5997.0,False,False,False,
2023-09-01T05:00:00Z,5455.0,5455.0,False,False,False,
2023-09-01T06:00:00Z,5160.0,5160.0,False,False,False,
2023-09-01T07:00:00Z,4946.0,4946.0,False,False,False,
2023-09-01T08:00:00Z,4818.0,4818.0,False,False,False,
2023-09-01T09:00:00Z,4820.0,4820.0,False,False,False,
2023-09-01T10:00:00Z,5071.0,5071.0,False,False,False,
2023-09-01T11:00:00Z,5468.0,5468.0,False,False,False,
2023-09-01T12:00:00Z,5668.0,5668.0,False,False,False,
2023-09-01T13:00:00Z,5823.0,5823.0,False,False,False,
2023-09-01T14:00:00Z,6103.0,6103.0,False,False,False,
2023-09-01T15:00:00Z,6446.0,6446.0,False,False,False,
2023-09-01T16:00:00Z,6782.0,6782.0,False,False,False,
2023-09-01T17:00:00Z,7112.0,7112.0,False,False,False,
2023-09-01T18:00:00Z,7512.0,7512.0,False,False,False,
2023-09-01T19:00:00Z,7879.0,7879.0,False,False,False,
2023-09-01T20:00:00Z,8200.0,8200.0,False,False,False,
2023-09-01T21:00:00Z,8490.0,8490.0,False,False,False,
2023-09-01T22:00:00Z,8560.0,8560.0,False,False,False,
2023-09-01T23:00:00Z,8363.0,8363.0,False,False,False,
2023-09-02T00:00:00Z,7834.0,7834.0,False,False,False,
2023-09-02T01:00:00Z,7489.0,7489.0,False,False,False,
2023-09-02T02:00:00Z,6968.0,6968.0,False,False,False,
2023-09-02T03:00:00Z,6447.0,6447.0,False,False,False,
2023-09-02T04:00:00Z,5955.0,5955.0,False,False,False,
2023-09-02T05:00:00Z,5408.0,5408.0,False,False,False,
2023-09-02T06:00:00Z,5120.0,5120.0,False,False,False,
2023-09-02T07:00:00Z,4855.0,4855.0,False,False,False,
2023-09-02T08:00:00Z,4696.0,4696.0,False,False,False,
2023-09-02T09:00:00Z,4625.0,4625.0,False,False,False,
2023-09-02T10:00:00Z,4650.0,4650.0,False,False,False,
2023-09-02T11:00:00Z,4675.0,4675.0,False,False,False,
2023-09-02T12:00:00Z,4817.0,4817.0,False,False,False,
2023-09-02T13:00:00Z,5120.0,5120.0,False,False,False,
2023-09-02T14:00:00Z,5468.0,5468.0,False,False,False,
2023-09-02T15:00:00Z,5896.0,5896.0,False,False,False,
2023-09-02T16:00:00Z,6379.0,6379.0,False,False,False,
2023-09-02T17:00:00Z,6826.0,6826.0,False,False,False,
2023-09-02T18:00:00Z,7285.0,7285.0,False,False,False,
2023-09-02T19:00:00Z,7661.0,7661.0,False,False,False,
2023-09-02T20:00:00Z,8089.0,8089.0,False,False,False,
2023-09-02T21:00:00Z,8464.0,8464.0,False,False,False,
2023-09-02T22:00:00Z,8586.0,8586.0,False,False,False,
2023-09-02T23:00:00Z,8455.0,8455.0,False,False,False,
2023-09-03T00:00:00Z,7908.0,7908.0,False,False,False,
2023-09-03T01:00:00Z,7464.0,7464.0,False,False,False,
2023-09-03T02:00:00Z,6914.0,6914.0,False,False,False,
2023-09-03T03:00:00Z,6307.0,6307.0,False,False,False,
2023-09-03T04:00:00Z,5771.0,5771.0,False,False,False,
2023-09-03T05:00:00Z,5262.0,5262.0,False,False,False,
2023-09-03T06:00:00Z,4926.0,4926.0,False,False,False,
2023-09-03T07:00:00Z,4589.0,4589.0,False,False,False,
2023-09-03T08:00:00Z,4539.0,4539.0,False,False,False,
2023-09-03T09:00:00Z,4479.0,4479.0,False,False,False,
2023-09-03T10:00:00Z,4459.0,4459.0,False,False,False,
2023-09-03T11:00:00Z,4481.0,4481.0,False,False,False,
2023-09-03T12:00:00Z,4680.0,4680.0,False,False,False,
2023-09-03T13:00:00Z,5026.0,5026.0,False,False,False,
2023-09-03T14:00:00Z,5361.0,5361.0,False,False,False,
2023-09-03T15:00:00Z,6068.0,6068.0,False,False,False,
2023-09-03T16:00:00Z,6724.0,6724.0,False,False,False,
2023-09-03T17:00:00Z,7501.0,7501.0,False,False,False,
2023-09-03T18:00:00Z,8226.0,8226.0,False,False,False,
2023-09-03T19:00:00Z,8788.0,8788.0,False,False,False,
2023-09-03T20:00:00Z,9300.0,9300.0,False,False,False,
2023-09-03T21:00:00Z,9502.0,9502.0,False,False,False,
2023-09-03T22:00:00Z,9806.0,9806.0,False,False,False,
2023-09-03T23:00:00Z,9641.0,9641.0,False,False,False,
2023-09-04T00:00:00Z,9072.0,9072.0,False,False,False,
2023-09-04T01:00:00Z,8577.0,8577.0,False,False,False,
2023-09-04T02:00:00Z,7902.0,7902.0,False,False,False,
2023-09-04T03:00:00Z,7234.0,7234.0,False,False,False,
2023-09-04T04:00:00Z,6593.0,6593.0,False,False,False,
2023-09-04T05:00:00Z,6018.0,6018.0,False,False,False,
2023-09-04T06:00:00Z,5620.0,5620.0,False,False,False,
2023-09-04T07:00:00Z,5298.0,5298.0,False,False,False,
2023-09-04T08:00:00Z,5125.0,5125.0,False,False,False,
2023-09-04T09:00:00Z,5080.0,5080.0,False,False,False,
2023-09-04T10:00:00Z,5118.0,5118.0,False,False,False,
2023-09-04T11:00:00Z,5174.0,5174.0,False,False,False,
2023-09-04T12:00:00Z,5249.0,5249.0,False,False,False,
2023-09-04T13:00:00Z,5735.0,5735.0,False,False,False,
2023-09-04T14:00:00Z,6500.0,6500.0,False,False,False,
2023-09-04T15:00:00Z,7452.0,7452.0,False,False,False,
2023-09-04T16:00:00Z,8471.0,8471.0,False,False,False,
2023-09-04T17:00:00Z,9344.0,9344.0,False,False,False,
2023-09-04T18:00:00Z,10088.0,10088.0,False,False,False,
2023-09-04T19:00:00Z,10615.0,10615.0,False,False,False,
2023-09-04T20:00:00Z,10885.0,10885.0,False,False,False,
2023-09-04T21:00:00Z,10970.0,10970.0,False,False,False,
2023-09-04T22:00:00Z,11083.0,11083.0,False,False,False,
2023-09-04T23:00:00Z,10997.0,10997.0,False,False,False,
2023-09-05T00:00:00Z,10684.0,10684.0,False,False,False,
2023-09-05T01:00:00Z,10162.0,10162.0,False,False,False,
2023-09-05T02:00:00Z,9293.0,9293.0,False,False,False,
2023-09-05T03:00:00Z,8377.0,8377.0,False,False,False,
2023-09-05T04:00:00Z,7565.0,7565.0,False,False,False,
2023-09-05T05:00:00Z,6913.0,6913.0,False,False,False,
2023-09-05T06:00:00Z,6450.0,6450.0,False,False,False,
2023-09-05T07:00:00Z,6130.0,6130.0,False,False,False,
2023-09-05T08:00:00Z,5883.0,5883.0,False,False,False,
2023-09-05T09:00:00Z,5857.0,5857.0,False,False,False,
2023-09-05T10:00:00Z,6105.0,6105.0,False,False,False,
2023-09-05T11:00:00Z,6633.0,6633.0,False,False,False,
2023-09-05T12:00:00Z,6864.0,6864.0,False,False,False,
2023-09-05T13:00:00Z,7212.0,7212.0,False,False,False,
2023-09-05T14:00:00Z,7879.0,7879.0,False,False,False,
2023-09-05T15:00:00Z,8767.0,8767.0,False,False,False,
2023-09-05T16:00:00Z,9707.0,9707.0,False,False,False,
2023-09-05T17:00:00Z,10542.0,10542.0,False,False,False,
2023-09-05T18:00:00Z,11235.0,11235.0,False,False,False,
2023-09-05T19:00:00Z,11582.0,11582.0,False,False,False,
2023-09-05T20:00:00Z,11784.0,11784.0,False,False,False,
2023-09-05T21:00:00Z,12006.0,12006.0,False,False,False,
2023-09-05T22:00:00Z,11978.0,11978.0,False,False,False,
2023-09-05T23:00:00Z,11943.0,11943.0,False,False,False,
2023-09-06T00:00:00Z,11627.0,11627.0,False,False,False,
2023-09-06T01:00:00Z,11075.0,11075.0,False,False,False,
2023-09-06T02:00:00Z,10194.0,10194.0,False,False,False,
2023-09-06T03:00:00Z,9273.0,9273.0,False,False,False,
2023-09-06T04:00:00Z,8398.0,8398.0,False,False,False,
2023-09-06T05:00:00Z,7693.0,7693.0,False,False,False,
2023-09-06T06:00:00Z,7172.0,7172.0,False,False,False,
2023-09-06T07:00:00Z,6785.0,6785.0,False,False,False,
2023-09-06T08:00:00Z,6518.0,6518.0,False,False,False,
2023-09-06T09:00:00Z,6443.0,6443.0,False,False,False,
2023-09-06T10:00:00Z,6623.0,6623.0,False,False,False,
2023-09-06T11:00:00Z,7086.0,7086.0,False,False,False,
2023-09-06T12:00:00Z,7253.0,7253.0,False,False,False,
2023-09-06T13:00:00Z,7643.0,7643.0,False,False,False,
2023-09-06T14:00:00Z,8299.0,8299.0,False,False,False,
2023-09-06T15:00:00Z,9335.0,9335.0,False,False,False,
2023-09-06T16:00:00Z,10310.0,10310.0,False,False,False,
2023-09-06T17:00:00Z,11109.0,11109.0,False,False,False,
2023-09-06T18:00:00Z,11682.0,11682.0,False,False,False,
2023-09-06T19:00:00Z,11865.0,11865.0,False,False,False,
2023-09-06T20:00:00Z,12016.0,12016.0,False,False,False,
2023-09-06T21:00:00Z,12154.0,12154.0,False,False,False,
2023-09-06T22:00:00Z,12186.0,12186.0,False,False,False,
2023-09-06T23:00:00Z,12081.0,12081.0,False,False,False,
2023-09-07T00:00:00Z,11791.0,11791.0,False,False,False,
2023-09-07T01:00:00Z,11230.0,11230.0,False,False,False,
2023-09-07T02:00:00Z,10543.0,10543.0,False,False,False,
2023-09-07T03:00:00Z,9484.0,9484.0,False,False,False,
2023-09-07T04:00:00Z,8632.0,8632.0,False,False,False,
2023-09-07T05:00:00Z,7930.0,7930.0,False,False,False,
2023-09-07T06:00:00Z,7473.0,7473.0,False,False,False,
2023-09-07T07:00:00Z,7085.0,7085.0,False,False,False,
2023-09-07T08:00:00Z,6831.0,6831.0,False,False,False,
2023-09-07T09:00:00Z,6772.0,6772.0,False,False,False,
2023-09-07T10:00:00Z,6961.0,6961.0,False,False,False,
2023-09-07T11:00:00Z,7373.0,7373.0,False,False,False,
2023-09-07T12:00:00Z,7583.0,7583.0,False,False,False,
2023-09-07T13:00:00Z,7939.0,7939.0,False,False,False,
2023-09-07T14:00:00Z,8573.0,8573.0,False,False,False,
2023-09-07T15:00:00Z,9448.0,9448.0,False,False,False,
2023-09-07T16:00:00Z,10337.0,10337.0,False,False,False,
2023-09-07T17:00:00Z,11115.0,11115.0,False,False,False,
2023-09-07T18:00:00Z,11634.0,11634.0,False,False,False,
2023-09-07T19:00:00Z,11890.0,11890.0,False,False,False,
2023-09-07T20:00:00Z,11904.0,11904.0,False,False,False,
2023-09-07T21:00:00Z,11903.0,11903.0,False,False,False,
2023-09-07T22:00:00Z,11907.0,11907.0,False,False,False,
2023-09-07T23:00:00Z,11754.0,11754.0,False,False,False,
2023-09-08T00:00:00Z,11304.0,11304.0,False,False,False,
2023-09-08T01:00:00Z,10749.0,10749.0,False,False,False,
2023-09-08T02:00:00Z,10033.0,10033.0,False,False,False,
2023-09-08T03:00:00Z,9100.0,9100.0,False,False,False,
2023-09-08T04:00:00Z,8245.0,8245.0,False,False,False,
2023-09-08T05:00:00Z,7583.0,7583.0,False,False,False,
2023-09-08T06:00:00Z,7095.0,7095.0,False,False,False,
2023-09-08T07:00:00Z,6736.0,6736.0,False,False,False,
2023-09-08T08:00:00Z,6475.0,6475.0,False,False,False,
2023-09-08T09:00:00Z,6373.0,6373.0,False,False,False,
2023-09-08T10:00:00Z,6583.0,6583.0,False,False,False,
2023-09-08T11:00:00Z,7015.0,7015.0,False,False,False,
2023-09-08T12:00:00Z,7184.0,7184.0,False,False,False,
2023-09-08T13:00:00Z,7496.0,7496.0,False,False,False,
2023-09-08T14:00:00Z,8007.0,8007.0,False,False,False,
2023-09-08T15:00:00Z,8767.0,8767.0,False,False,False,
2023-09-08T16:00:00Z,9570.0,9570.0,False,False,False,
2023-09-08T17:00:00Z,10294.0,10294.0,False,False,False,
2023-09-08T18:00:00Z,10877.0,10877.0,False,False,False,
2023-09-08T19:00:00Z,11090.0,11090.0,False,False,False,
2023-09-08T20:00:00Z,11131.0,11131.0,False,False,False,
2023-09-08T21:00:00Z,10618.0,10618.0,False,False,False,
2023-09-08T22:00:00Z,10248.0,10248.0,False,False,False,
2023-09-08T23:00:00Z,9908.0,9908.0,False,False,False,
2023-09-09T00:00:00Z,9445.0,9445.0,False,False,False,
2023-09-09T01:00:00Z,9067.0,9067.0,False,False,False,
2023-09-09T02:00:00Z,8548.0,8548.0,False,False,False,
2023-09-09T03:00:00Z,7936.0,7936.0,False,False,False,
2023-09-09T04:00:00Z,7298.0,7298.0,False,False,False,
2023-09-09T05:00:00Z,6771.0,6771.0,False,False,False,
2023-09-09T06:00:00Z,6392.0,6392.0,False,False,False,
2023-09-09T07:00:00Z,6088.0,6088.0,False,False,False,
2023-09-09T08:00:00Z,5901.0,5901.0,False,False,False,
2023-09-09T09:00:00Z,5795.0,5795.0,False,False,False,
2023-09-09T10:00:00Z,5889.0,5889.0,False,False,False,
2023-09-09T11:00:00Z,5998.0,5998.0,False,False,False,
2023-09-09T12:00:00Z,6172.0,6172.0,False,False,False,
2023-09-09T13:00:00Z,6612.0,6612.0,False,False,False,
2023-09-09T14:00:00Z,7131.0,7131.0,False,False,False,
2023-09-09T15:00:00Z,7609.0,7609.0,False,False,False,
2023-09-09T16:00:00Z,7879.0,7879.0,False,False,False,
2023-09-09T17:00:00Z,8021.0,8021.0,False,False,False,
2023-09-09T18:00:00Z,8148.0,8148.0,False,False,False,
2023-09-09T19:00:00Z,8085.0,8085.0,False,False,False,
2023-09-09T20:00:00Z,8180.0,8180.0,False,False,False,
2023-09-09T21:00:00Z,8332.0,8332.0,False,False,False,
2023-09-09T22:00:00Z,8353.0,8353.0,False,False,False,
2023-09-09T23:00:00Z,8053.0,8053.0,False,False,False,
2023-09-10T00:00:00Z,7870.0,7870.0,False,False,False,
2023-09-10T01:00:00Z,7670.0,7670.0,False,False,False,
2023-09-10T02:00:00Z,7279.0,7279.0,False,False,False,
2023-09-10T03:00:00Z,6867.0,6867.0,False,False,False,
2023-09-10T04:00:00Z,6411.0,6411.0,False,False,False,
2023-09-10T05:00:00Z,5930.0,5930.0,False,False,False,
2023-09-10T06:00:00Z,5649.0,5649.0,False,False,False,
2023-09-10T07:00:00Z,5463.0,5463.0,False,False,False,
2023-09-10T08:00:00Z,5320.0,5320.0,False,False,False,
2023-09-10T09:00:00Z,5272.0,5272.0,False,False,False,
2023-09-10T10:00:00Z,5299.0,5299.0,False,False,False,
2023-09-10T11:00:00Z,5418.0,5418.0,False,False,False,
2023-09-10T12:00:00Z,5579.0,5579.0,False,False,False,
2023-09-10T13:00:00Z,6004.0,6004.0,False,False,False,
2023-09-10T14:00:00Z,6484.0,6484.0,False,False,False,
2023-09-10T15:00:00Z,6993.0,6993.0,False,False,False,
2023-09-10T16:00:00Z,7780.0,7780.0,False,False,False,
2023-09-10T17:00:00Z,8403.0,8403.0,False,False,False,
2023-09-10T18:00:00Z,9095.0,9095.0,False,False,False,
2023-09-10T19:00:00Z,9528.0,9528.0,False,False,False,
2023-09-10T20:00:00Z,9702.0,9702.0,False,False,False,
2023-09-10T21:00:00Z,9849.0,9849.0,False,False,False,
2023-09-10T22:00:00Z,9911.0,9911.0,False,False,False,
2023-09-10T23:00:00Z,9584.0,9584.0,False,False,False,
2023-09-11T00:00:00Z,9189.0,9189.0,False,False,False,
2023-09-11T01:00:00Z,8852.0,8852.0,False,False,False,
2023-09-11T02:00:00Z,8180.0,8180.0,False,False,False,
2023-09-11T03:00:00Z,7479.0,7479.0,False,False,False,
2023-09-11T04:00:00Z,6808.0,6808.0,False,False,False,
2023-09-11T05:00:00Z,6284.0,6284.0,False,False,False,
2023-09-11T06:00:00Z,5900.0,5900.0,False,False,False,
2023-09-11T07:00:00Z,5631.0,5631.0,False,False,False,
2023-09-11T08:00:00Z,5440.0,5440.0,False,False,False,
2023-09-11T09:00:00Z,5455.0,5455.0,False,False,False,
2023-09-11T10:00:00Z,5730.0,5730.0,False,False,False,
2023-09-11T11:00:00Z,6300.0,6300.0,False,False,False,
2023-09-11T12:00:00Z,6497.0,6497.0,False,False,False,
2023-09-11T13:00:00Z,6813.0,6813.0,False,False,False,
2023-09-11T14:00:00Z,7206.0,7206.0,False,False,False,
2023-09-11T15:00:00Z,7871.0,7871.0,False,False,False,
2023-09-11T16:00:00Z,8525.0,8525.0,False,False,False,
2023-09-11T17:00:00Z,9196.0,9196.0,False,False,False,
2023-09-11T18:00:00Z,9815.0,9815.0,False,False,False,
2023-09-11T19:00:00Z,10228.0,10228.0,False,False,False,
2023-09-11T20:00:00Z,10506.0,10506.0,False,False,False,
2023-09-11T21:00:00Z,10701.0,10701.0,False,False,False,
2023-09-11T22:00:00Z,10686.0,10686.0,False,False,False,
2023-09-11T23:00:00Z,10390.0,10390.0,False,False,False,
2023-09-12T00:00:00Z,9959.0,9959.0,False,False,False,
2023-09-12T01:00:00Z,9680.0,9680.0,False,False,False,
2023-09-12T02:00:00Z,8768.0,8768.0,False,False,False,
2023-09-12T03:00:00Z,7859.0,7859.0,False,False,False,
2023-09-12T04:00:00Z,7162.0,7162.0,False,False,False,
2023-09-12T05:00:00Z,6589.0,6589.0,False,False,False,
2023-09-12T06:00:00Z,6160.0,6160.0,False,False,False,
2023-09-12T07:00:00Z,5849.0,5849.0,False,False,False,
2023-09-12T08:00:00Z,5688.0,5688.0,False,False,False,
2023-09-12T09:00:00Z,5670.0,5670.0,False,False,False,
2023-09-12T10:00:00Z,5917.0,5917.0,False,False,False,
2023-09-12T11:00:00Z,6434.0,6434.0,False,False,False,
2023-09-12T12:00:00Z,6671.0,6671.0,False,False,False,
2023-09-12T13:00:00Z,6978.0,6978.0,False,False,False,
2023-09-12T14:00:00Z,7552.0,7552.0,False,False,False,
2023-09-12T15:00:00Z,8249.0,8249.0,False,False,False,
2023-09-12T16:00:00Z,9078.0,9078.0,False,False,False,
2023-09-12T17:00:00Z,9763.0,9763.0,False,False,False,
2023-09-12T18:00:00Z,10345.0,10345.0,False,False,False,
2023-09-12T19:00:00Z,10653.0,10653.0,False,False,False,
2023-09-12T20:00:00Z,10870.0,10870.0,False,False,False,
2023-09-12T21:00:00Z,10864.0,10864.0,False,False,False,
2023-09-12T22:00:00Z,10693.0,10693.0,False,False,False,
2023-09-12T23:00:00Z,10295.0,10295.0,False,False,False,
2023-09-13T00:00:00Z,9922.0,9922.0,False,False,False,
2023-09-13T01:00:00Z,9509.0,9509.0,False,False,False,
2023-09-13T02:00:00Z,8809.0,8809.0,False,False,False,
2023-09-13T03:00:00Z,8030.0,8030.0,False,False,False,
2023-09-13T04:00:00Z,7269.0,7269.0,False,False,False,
2023-09-13T05:00:00Z,6694.0,6694.0,False,False,False,
2023-09-13T06:00:00Z,6309.0,6309.0,False,False,False,
2023-09-13T07:00:00Z,6001.0,6001.0,False,False,False,
2023-09-13T08:00:00Z,5853.0,5853.0,False,False,False,
2023-09-13T09:00:00Z,5841.0,5841.0,False,False,False,
2023-09-13T10:00:00Z,6095.0,6095.0,False,False,False,
2023-09-13T11:00:00Z,6602.0,6602.0,False,False,False,
2023-09-13T12:00:00Z,6816.0,6816.0,False,False,False,
2023-09-13T13:00:00Z,7000.0,7000.0,False,False,False,
2023-09-13T14:00:00Z,7396.0,7396.0,False,False,False,
2023-09-13T15:00:00Z,7953.0,7953.0,False,False,False,
2023-09-13T16:00:00Z,8573.0,8573.0,False,False,False,
2023-09-13T17:00:00Z,9129.0,9129.0,False,False,False,
2023-09-13T18:00:00Z,9540.0,9540.0,False,False,False,
2023-09-13T19:00:00Z,9727.0,9727.0,False,False,False,
2023-09-13T20:00:00Z,9883.0,9883.0,False,False,False,
2023-09-13T21:00:00Z,9963.0,9963.0,False,False,False,
2023-09-13T22:00:00Z,9936.0,9936.0,False,False,False,
2023-09-13T23:00:00Z,9708.0,9708.0,False,False,False,
2023-09-14T00:00:00Z,9321.0,9321.0,False,False,False,
2023-09-14T01:00:00Z,9006.0,9006.0,False,False,False,
2023-09-14T02:00:00Z,8359.0,8359.0,False,False,False,
2023-09-14T03:00:00Z,7650.0,7650.0,False,False,False,
2023-09-14T04:00:00Z,6945.0,6945.0,False,False,False,
2023-09-14T05:00:00Z,6412.0,6412.0,False,False,False,
2023-09-14T06:00:00Z,6048.0,6048.0,False,False,False,
2023-09-14T07:00:00Z,5766.0,5766.0,False,False,False,
2023-09-14T08:00:00Z,5592.0,5592.0,False,False,False,
2023-09-14T09:00:00Z,5571.0,5571.0,False,False,False,
2023-09-14T10:00:00Z,5865.0,5865.0,False,False,False,
2023-09-14T11:00:00Z,6398.0,6398.0,False,False,False,
2023-09-14T12:00:00Z,6599.0,6599.0,False,False,False,
2023-09-14T13:00:00Z,6787.0,6787.0,False,False,False,
2023-09-14T14:00:00Z,7096.0,7096.0,False,False,False,
2023-09-14T15:00:00Z,7607.0,7607.0,False,False,False,
2023-09-14T16:00:00Z,8146.0,8146.0,False,False,False,
2023-09-14T17:00:00Z,8662.0,8662.0,False,False,False,
2023-09-14T18:00:00Z,9082.0,9082.0,False,False,False,
2023-09-14T19:00:00Z,9346.0,9346.0,False,False,False,
2023-09-14T20:00:00Z,9557.0,9557.0,False,False,False,
2023-09-14T21:00:00Z,9676.0,9676.0,False,False,False,
2023-09-14T22:00:00Z,9621.0,9621.0,False,False,False,
2023-09-14T23:00:00Z,9340.0,9340.0,False,False,False,
2023-09-15T00:00:00Z,8906.0,8906.0,False,False,False,
2023-09-15T01:00:00Z,8555.0,8555.0,False,False,False,
2023-09-15T02:00:00Z,7889.0,7889.0,False,False,False,
2023-09-15T03:00:00Z,7143.0,7143.0,False,False,False,
2023-09-15T04:00:00Z,6404.0,6404.0,False,False,False,
2023-09-15T05:00:00Z,5858.0,5858.0,False,False,False,
2023-09-15T06:00:00Z,5469.0,5469.0,False,False,False,
2023-09-15T07:00:00Z,5212.0,5212.0,False,False,False,
2023-09-15T08:00:00Z,5045.0,5045.0,False,False,False,
2023-09-15T09:00:00Z,5037.0,5037.0,False,False,False,
2023-09-15T10:00:00Z,5200.0,5200.0,False,False,False,
2023-09-15T11:00:00Z,5660.0,5660.0,False,False,False,
2023-09-15T12:00:00Z,5846.0,5846.0,False,False,False,
2023-09-15T13:00:00Z,5906.0,5906.0,False,False,False,
2023-09-15T14:00:00Z,6067.0,6067.0,False,False,False,
2023-09-15T15:00:00Z,6334.0,6334.0,False,False,False,
2023-09-15T16:00:00Z,6619.0,6619.0,False,False,False,
2023-09-15T17:00:00Z,6850.0,6850.0,False,False,False,
2023-09-15T18:00:00Z,7108.0,7108.0,False,False,False,
2023-09-15T19:00:00Z,7398.0,7398.0,False,False,False,
2023-09-15T20:00:00Z,7632.0,7632.0,False,False,False,
2023-09-15T21:00:00Z,7830.0,7830.0,False,False,False,
2023-09-15T22:00:00Z,7858.0,7858.0,False,False,False,
2023-09-15T23:00:00Z,7627.0,7627.0,False,False,False,
2023-09-16T00:00:00Z,7211.0,7211.0,False,False,False,
2023-09-16T01:00:00Z,6857.0,6857.0,False,False,False,
2023-09-16T02:00:00Z,6423.0,6423.0,False,False,False,
2023-09-16T03:00:00Z,5955.0,5955.0,False,False,False,
2023-09-16T04:00:00Z,5458.0,5458.0,False,False,False,
2023-09-16T05:00:00Z,5079.0,5079.0,False,False,False,
2023-09-16T06:00:00Z,4784.0,4784.0,False,False,False,
2023-09-16T07:00:00Z,4586.0,4586.0,False,False,False,
2023-09-16T08:00:00Z,4458.0,4458.0,False,False,False,
2023-09-16T09:00:00Z,4405.0,4405.0,False,False,False,
2023-09-16T10:00:00Z,4481.0,4481.0,False,False,False,
2023-09-16T11:00:00Z,4649.0,4649.0,False,False,False,
2023-09-16T12:00:00Z,4761.0,4761.0,False,False,False,
2023-09-16T13:00:00Z,5030.0,5030.0,False,False,False,
2023-09-16T14:00:00Z,5281.0,5281.0,False,False,False,
2023-09-16T15:00:00Z,5573.0,5573.0,False,False,False,
2023-09-16T16:00:00Z,5889.0,5889.0,False,False,False,
2023-09-16T17:00:00Z,6283.0,6283.0,False,False,False,
2023-09-16T18:00:00Z,6742.0,6742.0,False,False,False,
2023-09-16T19:00:00Z,7188.0,7188.0,False,False,False,
2023-09-16T20:00:00Z,7648.0,7648.0,False,False,False,
2023-09-16T21:00:00Z,7980.0,7980.0,False,False,False,
2023-09-16T22:00:00Z,8149.0,8149.0,False,False,False,
2023-09-16T23:00:00Z,7962.0,7962.0,False,False,False,
2023-09-17T00:00:00Z,7556.0,7556.0,False,False,False,
2023-09-17T01:00:00Z,7201.0,7201.0,False,False,False,
2023-09-17T02:00:00Z,6697.0,6697.0,False,False,False,
2023-09-17T03:00:00Z,6157.0,6157.0,False,False,False,
2023-09-17T04:00:00Z,5671.0,5671.0,False,False,False,
2023-09-17T05:00:00Z,5259.0,5259.0,False,False,False,
2023-09-17T06:00:00Z,4920.0,4920.0,False,False,False,
2023-09-17T07:00:00Z,4710.0,4710.0,False,False,False,
2023-09-17T08:00:00Z,4589.0,4589.0,False,False,False,
2023-09-17T09:00:00Z,4507.0,4507.0,False,False,False,
2023-09-17T10:00:00Z,4507.0,4507.0,False,False,False,
2023-09-17T11:00:00Z,4633.0,4633.0,False,False,False,
2023-09-17T12:00:00Z,4738.0,4738.0,False,False,False,
2023-09-17T13:00:00Z,5165.0,5165.0,False,False,False,
2023-09-17T14:00:00Z,5606.0,5606.0,False,False,False,
2023-09-17T15:00:00Z,6043.0,6043.0,False,False,False,
2023-09-17T16:00:00Z,6441.0,6441.0,False,False,False,
2023-09-17T17:00:00Z,6881.0,6881.0,False,False,False,
2023-09-17T18:00:00Z,7142.0,7142.0,False,False,False,
2023-09-17T19:00:00Z,7231.0,7231.0,False,False,False,
2023-09-17T20:00:00Z,7156.0,7156.0,False,False,False,
2023-09-17T21:00:00Z,7097.0,7097.0,False,False,False,
2023-09-17T22:00:00Z,7101.0,7101.0,False,False,False,
2023-09-17T23:00:00Z,7110.0,7110.0,False,False,False,
2023-09-18T00:00:00Z,7163.0,7163.0,False,False,False,
2023-09-18T01:00:00Z,7088.0,7088.0,False,False,False,
2023-09-18T02:00:00Z,6751.0,6751.0,False,False,False,
2023-09-18T03:00:00Z,6267.0,6267.0,False,False,False,
2023-09-18T04:00:00Z,5801.0,5801.0,False,False,False,
2023-09-18T05:00:00Z,5402.0,5402.0,False,False,False,
2023-09-18T06:00:00Z,5131.0,5131.0,False,False,False,
2023-09-18T07:00:00Z,4967.0,4967.0,False,False,False,
2023-09-18T08:00:00Z,4902.0,4902.0,False,False,False,
2023-09-18T09:00:00Z,4984.0,4984.0,False,False,False,
2023-09-18T10:00:00Z,5211.0,5211.0,False,False,False,
2023-09-18T11:00:00Z,5823.0,5823.0,False,False,False,
2023-09-18T12:00:00Z,6049.0,6049.0,False,False,False,
2023-09-18T13:00:00Z,6158.0,6158.0,False,False,False,
2023-09-18T14:00:00Z,6213.0,6213.0,False,False,False,
2023-09-18T15:00:00Z,6466.0,6466.0,False,False,False,
2023-09-18T16:00:00Z,6637.0,6637.0,False,False,False,
2023-09-18T17:00:00Z,7108.0,7108.0,False,False,False,
2023-09-18T18:00:00Z,7431.0,7431.0,False,False,False,
2023-09-18T19:00:00Z,7582.0,7582.0,False,False,False,
2023-09-18T20:00:00Z,8015.0,8015.0,False,False,False,
2023-09-18T21:00:00Z,8213.0,8213.0,False,False,False,
2023-09-18T22:00:00Z,8238.0,8238.0,False,False,False,
2023-09-18T23:00:00Z,8115.0,8115.0,False,False,False,
2023-09-19T00:00:00Z,7852.0,7852.0,False,False,False,
2023-09-19T01:00:00Z,7523.0,7523.0,False,False,False,
2023-09-19T02:00:00Z,6906.0,6906.0,False,False,False,
2023-09-19T03:00:00Z,6290.0,6290.0,False,False,False,
2023-09-19T04:00:00Z,5665.0,5665.0,False,False,False,
2023-09-19T05:00:00Z,5247.0,5247.0,False,False,False,
2023-09-19T06:00:00Z,4915.0,4915.0,False,False,False,
2023-09-19T07:00:00Z,4729.0,4729.0,False,False,False,
2023-09-19T08:00:00Z,4623.0,4623.0,False,False,False,
2023-09-19T09:00:00Z,4685.0,4685.0,False,False,False,
2023-09-19T10:00:00Z,4991.0,4991.0,False,False,False,
2023-09-19T11:00:00Z,5538.0,5538.0,False,False,False,
2023-09-19T12:00:00Z,5709.0,5709.0,False,False,False,
2023-09-19T13:00:00Z,5807.0,5807.0,False,False,False,
2023-09-19T14:00:00Z,5898.0,5898.0,False,False,False,
2023-09-19T15:00:00Z,6150.0,6150.0,False,False,False,
2023-09-19T16:00:00Z,6455.0,6455.0,False,False,False,
2023-09-19T17:00:00Z,6939.0,6939.0,False,False,False,
2023-09-19T18:00:00Z,7381.0,7381.0,False,False,False,
2023-09-19T19:00:00Z,7775.0,7775.0,False,False,False,
2023-09-19T20:00:00Z,8135.0,8135.0,False,False,False,
2023-09-19T21:00:00Z,8341.0,8341.0,False,False,False,
2023-09-19T22:00:00Z,8413.0,8413.0,False,False,False,
2023-09-19T23:00:00Z,8205.0,8205.0,False,False,False,
2023-09-20T00:00:00Z,7919.0,7919.0,False,False,False,
2023-09-20T01:00:00Z,7569.0,7569.0,False,False,False,
2023-09-20T02:00:00Z,6964.0,6964.0,False,False,False,
2023-09-20T03:00:00Z,6301.0,6301.0,False,False,False,
2023-09-20T04:00:00Z,5688.0,5688.0,False,False,False,
2023-09-20T05:00:00Z,5246.0,5246.0,False,False,False,
2023-09-20T06:00:00Z,4980.0,4980.0,False,False,False,
2023-09-20T07:00:00Z,4774.0,4774.0,False,False,False,
2023-09-20T08:00:00Z,4711.0,4711.0,False,False,False,
2023-09-20T09:00:00Z,4804.0,4804.0,False,False,False,
2023-09-20T10:00:00Z,5097.0,5097.0,False,False,False,
2023-09-20T11:00:00Z,5679.0,5679.0,False,False,False,
2023-09-20T12:00:00Z,5875.0,5875.0,False,False,False,
2023-09-20T13:00:00Z,5952.0,5952.0,False,False,False,
2023-09-20T14:00:00Z,6142.0,6142.0,False,False,False,
2023-09-20T15:00:00Z,6502.0,6502.0,False,False,False,
2023-09-20T16:00:00Z,6926.0,6926.0,False,False,False,
2023-09-20T17:00:00Z,7367.0,7367.0,False,False,False,
2023-09-20T18:00:00Z,7854.0,7854.0,False,False,False,
2023-09-20T19:00:00Z,8141.0,8141.0,False,False,False,
2023-09-20T20:00:00Z,8444.0,8444.0,False,False,False,
2023-09-20T21:00:00Z,8660.0,8660.0,False,False,False,
2023-09-20T22:00:00Z,8654.0,8654.0,False,False,False,
2023-09-20T23:00:00Z,8406.0,8406.0,False,False,False,
2023-09-21T00:00:00Z,8126.0,8126.0,False,False,False,
2023-09-21T01:00:00Z,7805.0,7805.0,False,False,False,
2023-09-21T02:00:00Z,7162.0,7162.0,False,False,False,
2023-09-21T03:00:00Z,6533.0,6533.0,False,False,False,
2023-09-21T04:00:00Z,5899.0,5899.0,False,False,False,
2023-09-21T05:00:00Z,5442.0,5442.0,False,False,False,
2023-09-21T06:00:00Z,5119.0,5119.0,False,False,False,
2023-09-21T07:00:00Z,4959.0,4959.0,False,False,False,
2023-09-21T08:00:00Z,4856.0,4856.0,False,False,False,
2023-09-21T09:00:00Z,4892.0,4892.0,False,False,False,
2023-09-21T10:00:00Z,5229.0,5229.0,False,False,False,
2023-09-21T11:00:00Z,5803.0,5803.0,False,False,False,
2023-09-21T12:00:00Z,6031.0,6031.0,False,False,False,
2023-09-21T13:00:00Z,6167.0,6167.0,False,False,False,
2023-09-21T14:00:00Z,6317.0,6317.0,False,False,False,
2023-09-21T15:00:00Z,6510.0,6510.0,False,False,False,
2023-09-21T16:00:00Z,6764.0,6764.0,False,False,False,
2023-09-21T17:00:00Z,7090.0,7090.0,False,False,False,
2023-09-21T18:00:00Z,7510.0,7510.0,False,False,False,
2023-09-21T19:00:00Z,7792.0,7792.0,False,False,False,
2023-09-21T20:00:00Z,7955.0,7955.0,False,False,False,
2023-09-21T21:00:00Z,8110.0,8110.0,False,False,False,
2023-09-21T22:00:00Z,8080.0,8080.0,False,False,False,
2023-09-21T23:00:00Z,7934.0,7934.0,False,False,False,
2023-09-22T00:00:00Z,7819.0,7819.0,False,False,False,
2023-09-22T01:00:00Z,7602.0,7602.0,False,False,False,
2023-09-22T02:00:00Z,7080.0,7080.0,False,False,False,
2023-09-22T03:00:00Z,6510.0,6510.0,False,False,False,
2023-09-22T04:00:00Z,5953.0,5953.0,False,False,False,
2023-09-22T05:00:00Z,5488.0,5488.0,False,False,False,
2023-09-22T06:00:00Z,5194.0,5194.0,False,False,False,
2023-09-22T07:00:00Z,4992.0,4992.0,False,False,False,
2023-09-22T08:00:00Z,4896.0,4896.0,False,False,False,
2023-09-22T09:00:00Z,4937.0,4937.0,False,False,False,
2023-09-22T10:00:00Z,5207.0,5207.0,False,False,False,
2023-09-22T11:00:00Z,5729.0,5729.0,False,False,False,
2023-09-22T12:00:00Z,5963.0,5963.0,False,False,False,
2023-09-22T13:00:00Z,6062.0,6062.0,False,False,False,
2023-09-22T14:00:00Z,6178.0,6178.0,False,False,False,
2023-09-22T15:00:00Z,6260.0,6260.0,False,False,False,
2023-09-22T16:00:00Z,6276.0,6276.0,False,False,False,
2023-09-22T17:00:00Z,6359.0,6359.0,False,False,False,
2023-09-22T18:00:00Z,6364.0,6364.0,False,False,False,
2023-09-22T19:00:00Z,6297.0,6297.0,False,False,False,
2023-09-22T20:00:00Z,6240.0,6240.0,False,False,False,
2023-09-22T21:00:00Z,6299.0,6299.0,False,False,False,
2023-09-22T22:00:00Z,6363.0,6363.0,False,False,False,
2023-09-22T23:00:00Z,6430.0,6430.0,False,False,False,
2023-09-23T00:00:00Z,6481.0,6481.0,False,False,False,
2023-09-23T01:00:00Z,6339.0,6339.0,False,False,False,
2023-09-23T02:00:00Z,6066.0,6066.0,False,False,False,
2023-09-23T03:00:00Z,5764.0,5764.0,False,False,False,
2023-09-23T04:00:00Z,5393.0,5393.0,False,False,False,
2023-09-23T05:00:00Z,5044.0,5044.0,False,False,False,
2023-09-23T06:00:00Z,4795.0,4795.0,False,False,False,
2023-09-23T07:00:00Z,4660.0,4660.0,False,False,False,
2023-09-23T08:00:00Z,4527.0,4527.0,False,False,False,
2023-09-23T09:00:00Z,4505.0,4505.0,False,False,False,
2023-09-23T10:00:00Z,4573.0,4573.0,False,False,False,
2023-09-23T11:00:00Z,4716.0,4716.0,False,False,False,
2023-09-23T12:00:00Z,4880.0,4880.0,False,False,False,
2023-09-23T13:00:00Z,5199.0,5199.0,False,False,False,
2023-09-23T14:00:00Z,5491.0,5491.0,False,False,False,
2023-09-23T15:00:00Z,5658.0,5658.0,False,False,False,
2023-09-23T16:00:00Z,5768.0,5768.0,False,False,False,
2023-09-23T17:00:00Z,5805.0,5805.0,False,False,False,
2023-09-23T18:00:00Z,5723.0,5723.0,False,False,False,
2023-09-23T19:00:00Z,5736.0,5736.0,False,False,False,
2023-09-23T20:00:00Z,5746.0,5746.0,False,False,False,
2023-09-23T21:00:00Z,5777.0,5777.0,False,False,False,
2023-09-23T22:00:00Z,5823.0,5823.0,False,False,False,
2023-09-23T23:00:00Z,5896.0,5896.0,False,False,False,
2023-09-24T00:00:00Z,6051.0,6051.0,False,False,False,
2023-09-24T01:00:00Z,5956.0,5956.0,False,False,False,
2023-09-24T02:00:00Z,5736.0,5736.0,False,False,False,
2023-09-24T03:00:00Z,5413.0,5413.0,False,False,False,
2023-09-24T04:00:00Z,5120.0,5120.0,False,False,False,
2023-09-24T05:00:00Z,4796.0,4796.0,False,False,False,
2023-09-24T06:00:00Z,4577.0,4577.0,False,False,False,
2023-09-24T07:00:00Z,4410.0,4410.0,False,False,False,
2023-09-24T08:00:00Z,4336.0,4336.0,False,False,False,
2023-09-24T09:00:00Z,4304.0,4304.0,False,False,False,
2023-09-24T10:00:00Z,4330.0,4330.0,False,False,False,
2023-09-24T11:00:00Z,4461.0,4461.0,False,False,False,
2023-09-24T12:00:00Z,4620.0,4620.0,False,False,False,
2023-09-24T13:00:00Z,4970.0,4970.0,False,False,False,
2023-09-24T14:00:00Z,5293.0,5293.0,False,False,False,
2023-09-24T15:00:00Z,5587.0,5587.0,False,False,False,
2023-09-24T16:00:00Z,5932.0,5932.0,False,False,False,
2023-09-24T17:00:00Z,6385.0,6385.0,False,False,False,
2023-09-24T18:00:00Z,6828.0,6828.0,False,False,False,
2023-09-24T19:00:00Z,7220.0,7220.0,False,False,False,
2023-09-24T20:00:00Z,7540.0,7540.0,False,False,False,
2023-09-24T21:00:00Z,7802.0,7802.0,False,False,False,
2023-09-24T22:00:00Z,7987.0,7987.0,False,False,False,
2023-09-24T23:00:00Z,7928.0,7928.0,False,False,False,
2023-09-25T00:00:00Z,7808.0,7808.0,False,False,False,
2023-09-25T01:00:00Z,7574.0,7574.0,False,False,False,
2023-09-25T02:00:00Z,7078.0,7078.0,False,False,False,
2023-09-25T03:00:00Z,6475.0,6475.0,False,False,False,
2023-09-25T04:00:00Z,5936.0,5936.0,False,False,False,
2023-09-25T05:00:00Z,5453.0,5453.0,False,False,False,
2023-09-25T06:00:00Z,5148.0,5148.0,False,False,False,
2023-09-25T07:00:00Z,4979.0,4979.0,False,False,False,
2023-09-25T08:00:00Z,4871.0,4871.0,False,False,False,
2023-09-25T09:00:00Z,4913.0,4913.0,False,False,False,
2023-09-25T10:00:00Z,5215.0,5215.0,False,False,False,
2023-09-25T11:00:00Z,5779.0,5779.0,False,False,False,
2023-09-25T12:00:00Z,6038.0,6038.0,False,False,False,
2023-09-25T13:00:00Z,6195.0,6195.0,False,False,False,
2023-09-25T14:00:00Z,6440.0,6440.0,False,False,False,
2023-09-25T15:00:00Z,6859.0,6859.0,False,False,False,
2023-09-25T16:00:00Z,7321.0,7321.0,False,False,False,
2023-09-25T17:00:00Z,7927.0,7927.0,False,False,False,
2023-09-25T18:00:00Z,8505.0,8505.0,False,False,False,
2023-09-25T19:00:00Z,8880.0,8880.0,False,False,False,
2023-09-25T20:00:00Z,9104.0,9104.0,False,False,False,
2023-09-25T21:00:00Z,9282.0,9282.0,False,False,False,
2023-09-25T22:00:00Z,9178.0,9178.0,False,False,False,
2023-09-25T23:00:00Z,8979.0,8979.0,False,False,False,
2023-09-26T00:00:00Z,8756.0,8756.0,False,False,False,
2023-09-26T01:00:00Z,8380.0,8380.0,False,False,False,
2023-09-26T02:00:00Z,7689.0,7689.0,False,False,False,
2023-09-26T03:00:00Z,6990.0,6990.0,False,False,False,
2023-09-26T04:00:00Z,6297.0,6297.0,False,False,False,
2023-09-26T05:00:00Z,5775.0,5775.0,False,False,False,
2023-09-26T06:00:00Z,5456.0,5456.0,False,False,False,
2023-09-26T07:00:00Z,5208.0,5208.0,False,False,False,
2023-09-26T08:00:00Z,5096.0,5096.0,False,False,False,
2023-09-26T09:00:00Z,5119.0,5119.0,False,False,False,
2023-09-26T10:00:00Z,5392.0,5392.0,False,False,False,
2023-09-26T11:00:00Z,5964.0,5964.0,False,False,False,
2023-09-26T12:00:00Z,6181.0,6181.0,False,False,False,
2023-09-26T13:00:00Z,6318.0,6318.0,False,False,False,
2023-09-26T14:00:00Z,6503.0,6503.0,False,False,False,
2023-09-26T15:00:00Z,6674.0,6674.0,False,False,False,
2023-09-26T16:00:00Z,6879.0,6879.0,False,False,False,
2023-09-26T17:00:00Z,7074.0,7074.0,False,False,False,
2023-09-26T18:00:00Z,7387.0,7387.0,False,False,False,
2023-09-26T19:00:00Z,7576.0,7576.0,False,False,False,
2023-09-26T20:00:00Z,7673.0,7673.0,False,False,False,
2023-09-26T21:00:00Z,7735.0,7735.0,False,False,False,
2023-09-26T22:00:00Z,7645.0,7645.0,False,False,False,
2023-09-26T23:00:00Z,7516.0,7516.0,False,False,False,
2023-09-27T00:00:00Z,7614.0,7614.0,False,False,False,
2023-09-27T01:00:00Z,7399.0,7399.0,False,False,False,
2023-09-27T02:00:00Z,6923.0,6923.0,False,False,False,
2023-09-27T03:00:00Z,6356.0,6356.0,False,False,False,
2023-09-27T04:00:00Z,5816.0,5816.0,False,False,False,
2023-09-27T05:00:00Z,5407.0,5407.0,False,False,False,
2023-09-27T06:00:00Z,5119.0,5119.0,False,False,False,
2023-09-27T07:00:00Z,4970.0,4970.0,False,False,False,
2023-09-27T08:00:00Z,4862.0,4862.0,False,False,False,
2023-09-27T09:00:00Z,4929.0,4929.0,False,False,False,
2023-09-27T10:00:00Z,5224.0,5224.0,False,False,False,
2023-09-27T11:00:00Z,5793.0,5793.0,False,False,False,
2023-09-27T12:00:00Z,6030.0,6030.0,False,False,False,
2023-09-27T13:00:00Z,6115.0,6115.0,False,False,False,
2023-09-27T14:00:00Z,6239.0,6239.0,False,False,False,
2023-09-27T15:00:00Z,6252.0,6252.0,False,False,False,
2023-09-27T16:00:00Z,6304.0,6304.0,False,False,False,
2023-09-27T17:00:00Z,6343.0,6343.0,False,False,False,
2023-09-27T18:00:00Z,6413.0,6413.0,False,False,False,
2023-09-27T19:00:00Z,6409.0,6409.0,False,False,False,
2023-09-27T20:00:00Z,6465.0,6465.0,False,False,False,
2023-09-27T21:00:00Z,6513.0,6513.0,False,False,False,
2023-09-27T22:00:00Z,6556.0,6556.0,False,False,False,
2023-09-27T23:00:00Z,6655.0,6655.0,False,False,False,
2023-09-28T00:00:00Z,6808.0,6808.0,False,False,False,
2023-09-28T01:00:00Z,6687.0,6687.0,False,False,False,
2023-09-28T02:00:00Z,6339.0,6339.0,False,False,False,
2023-09-28T03:00:00Z,5877.0,5877.0,False,False,False,
2023-09-28T04:00:00Z,5411.0,5411.0,False,False,False,
2023-09-28T05:00:00Z,5046.0,5046.0,False,False,False,
2023-09-28T06:00:00Z,4810.0,4810.0,False,False,False,
2023-09-28T07:00:00Z,4675.0,4675.0,False,False,False,
2023-09-28T08:00:00Z,4634.0,4634.0,False,False,False,
2023-09-28T09:00:00Z,4676.0,4676.0,False,False,False,
2023-09-28T10:00:00Z,5010.0,5010.0,False,False,False,
2023-09-28T11:00:00Z,5560.0,5560.0,False,False,False,
2023-09-28T12:00:00Z,5805.0,5805.0,False,False,False,
2023-09-28T13:00:00Z,5865.0,5865.0,False,False,False,
2023-09-28T14:00:00Z,5913.0,5913.0,False,False,False,
2023-09-28T15:00:00Z,5983.0,5983.0,False,False,False,
2023-09-28T16:00:00Z,6090.0,6090.0,False,False,False,
2023-09-28T17:00:00Z,6240.0,6240.0,False,False,False,
2023-09-28T18:00:00Z,6426.0,6426.0,False,False,False,
2023-09-28T19:00:00Z,6612.0,6612.0,False,False,False,
2023-09-28T20:00:00Z,6862.0,6862.0,False,False,False,
2023-09-28T21:00:00Z,7084.0,7084.0,False,False,False,
2023-09-28T22:00:00Z,7173.0,7173.0,False,False,False,
2023-09-28T23:00:00Z,7171.0,7171.0,False,False,False,
2023-09-29T00:00:00Z,7242.0,7242.0,False,False,False,
2023-09-29T01:00:00Z,7079.0,7079.0,False,False,False,
2023-09-29T02:00:00Z,6673.0,6673.0,False,False,False,
2023-09-29T03:00:00Z,6124.0,6124.0,False,False,False,
2023-09-29T04:00:00Z,5631.0,5631.0,False,False,False,
2023-09-29T05:00:00Z,5235.0,5235.0,False,False,False,
2023-09-29T06:00:00Z,4965.0,4965.0,False,False,False,
2023-09-29T07:00:00Z,4867.0,4867.0,False,False,False,
2023-09-29T08:00:00Z,4700.0,4700.0,False,False,False,
2023-09-29T09:00:00Z,4818.0,4818.0,False,False,False,
2023-09-29T10:00:00Z,5082.0,5082.0,False,False,False,
2023-09-29T11:00:00Z,5620.0,5620.0,False,False,False,
2023-09-29T12:00:00Z,5906.0,5906.0,False,False,False,
2023-09-29T13:00:00Z,6009.0,6009.0,False,False,False,
2023-09-29T14:00:00Z,6130.0,6130.0,False,False,False,
2023-09-29T15:00:00Z,6152.0,6152.0,False,False,False,
2023-09-29T16:00:00Z,6240.0,6240.0,False,False,False,
2023-09-29T17:00:00Z,6305.0,6305.0,False,False,False,
2023-09-29T18:00:00Z,6481.0,6481.0,False,False,False,
2023-09-29T19:00:00Z,6640.0,6640.0,False,False,False,
2023-09-29T20:00:00Z,6791.0,6791.0,False,False,False,
2023-09-29T21:00:00Z,6932.0,6932.0,False,False,False,
2023-09-29T22:00:00Z,6955.0,6955.0,False,False,False,
2023-09-29T23:00:00Z,6900.0,6900.0,False,False,False,
2023-09-30T00:00:00Z,6891.0,6891.0,False,False,False,
2023-09-30T01:00:00Z,6703.0,6703.0,False,False,False,
2023-09-30T02:00:00Z,6380.0,6380.0,False,False,False,
2023-09-30T03:00:00Z,6002.0,6002.0,False,False,False,
2023-09-30T04:00:00Z,5568.0,5568.0,False,False,False,
2023-09-30T05:00:00Z,5181.0,5181.0,False,False,False,
2023-09-30T06:00:00Z,4882.0,4882.0,False,False,False,
2023-09-30T07:00:00Z,4713.0,4713.0,False,False,False,
2023-09-30T08:00:00Z,4600.0,4600.0,False,False,False,
2023-09-30T09:00:00Z,4585.0,4585.0,False,False,False,
2023-09-30T10:00:00Z,4643.0,4643.0,False,False,False,
2023-09-30T11:00:00Z,4832.0,4832.0,False,False,False,
2023-09-30T12:00:00Z,5014.0,5014.0,False,False,False,
2023-09-30T13:00:00Z,5334.0,5334.0,False,False,False,
2023-09-30T14:00:00Z,5598.0,5598.0,False,False,False,
2023-09-30T15:00:00Z,5791.0,5791.0,False,False,False,
2023-09-30T16:00:00Z,5941.0,5941.0,False,False,False,
2023-09-30T17:00:00Z,6060.0,6060.0,False,False,False,
2023-09-30T18:00:00Z,6160.0,6160.0,False,False,False,
2023-09-30T19:00:00Z,6292.0,6292.0,False,False,False,
2023-09-30T20:00:00Z,6428.0,6428.0,False,False,False,
2023-09-30T21:00:00Z,6553.0,6553.0,False,False,False,
2023-09-30T22:00:00Z,6542.0,6542.0,False,False,False,
2023-09-30T23:00:00Z,6519.0,6519.0,False,False,False,
2023-10-01T00:00:00Z,6590.0,6590.0,False,False,False,
2023-10-01T01:00:00Z,6371.0,6371.0,False,False,False,
2023-10-01T02:00:00Z,6046.0,6046.0,False,False,False,
2023-10-01T03:00:00Z,5689.0,5689.0,False,False,False,
2023-10-01T04:00:00Z,5255.0,5255.0,False,False,False,
2023-10-01T05:00:00Z,4905.0,4905.0,False,False,False,
2023-10-01T06:00:00Z,4661.0,4661.0,False,False,False,
2023-10-01T07:00:00Z,4480.0,4480.0,False,False,False,
2023-10-01T08:00:00Z,4367.0,4367.0,False,False,False,
2023-10-01T09:00:00Z,4351.0,4351.0,False,False,False,
2023-10-01T10:00:00Z,4372.0,4372.0,False,False,False,
2023-10-01T11:00:00Z,4507.0,4507.0,False,False,False,
2023-10-01T12:00:00Z,4667.0,4667.0,False,False,False,
2023-10-01T13:00:00Z,4995.0,4995.0,False,False,False,
2023-10-01T14:00:00Z,5240.0,5240.0,False,False,False,
2023-10-01T15:00:00Z,5513.0,5513.0,False,False,False,
2023-10-01T16:00:00Z,5893.0,5893.0,False,False,False,
2023-10-01T17:00:00Z,6242.0,6242.0,False,False,False,
2023-10-01T18:00:00Z,6552.0,6552.0,False,False,False,
2023-10-01T19:00:00Z,6844.0,6844.0,False,False,False,
2023-10-01T20:00:00Z,7145.0,7145.0,False,False,False,
2023-10-01T21:00:00Z,7374.0,7374.0,False,False,False,
2023-10-01T22:00:00Z,7514.0,7514.0,False,False,False,
2023-10-01T23:00:00Z,7389.0,7389.0,False,False,False,
2023-10-02T00:00:00Z,7293.0,7293.0,False,False,False,
2023-10-02T01:00:00Z,6974.0,6974.0,False,False,False,
2023-10-02T02:00:00Z,6463.0,6463.0,False,False,False,
2023-10-02T03:00:00Z,5898.0,5898.0,False,False,False,
2023-10-02T04:00:00Z,5324.0,5324.0,False,False,False,
2023-10-02T05:00:00Z,4919.0,4919.0,False,False,False,
2023-10-02T06:00:00Z,4674.0,4674.0,False,False,False,
2023-10-02T07:00:00Z,4507.0,4507.0,False,False,False,
2023-10-02T08:00:00Z,4417.0,4417.0,False,False,False,
2023-10-02T09:00:00Z,4506.0,4506.0,False,False,False,
2023-10-02T10:00:00Z,4807.0,4807.0,False,False,False,
2023-10-02T11:00:00Z,5403.0,5403.0,False,False,False,
2023-10-02T12:00:00Z,5632.0,5632.0,False,False,False,
2023-10-02T13:00:00Z,5704.0,5704.0,False,False,False,
2023-10-02T14:00:00Z,5848.0,5848.0,False,False,False,
2023-10-02T15:00:00Z,6087.0,6087.0,False,False,False,
2023-10-02T16:00:00Z,6433.0,6433.0,False,False,False,
2023-10-02T17:00:00Z,6839.0,6839.0,False,False,False,
2023-10-02T18:00:00Z,7242.0,7242.0,False,False,False,
2023-10-02T19:00:00Z,7486.0,7486.0,False,False,False,
2023-10-02T20:00:00Z,7681.0,7681.0,False,False,False,
2023-10-02T21:00:00Z,7846.0,7846.0,False,False,False,
2023-10-02T22:00:00Z,7930.0,7930.0,False,False,False,
2023-10-02T23:00:00Z,7816.0,7816.0,False,False,False,
2023-10-03T00:00:00Z,7846.0,7846.0,False,False,False,
2023-10-03T01:00:00Z,7429.0,7429.0,False,False,False,
2023-10-03T02:00:00Z,6858.0,6858.0,False,False,False,
2023-10-03T03:00:00Z,6244.0,6244.0,False,False,False,
2023-10-03T04:00:00Z,5620.0,5620.0,False,False,False,
2023-10-03T05:00:00Z,5176.0,5176.0,False,False,False,
2023-10-03T06:00:00Z,4870.0,4870.0,False,False,False,
2023-10-03T07:00:00Z,4708.0,4708.0,False,False,False,
2023-10-03T08:00:00Z,4590.0,4590.0,False,False,False,
2023-10-03T09:00:00Z,4624.0,4624.0,False,False,False,
2023-10-03T10:00:00Z,4933.0,4933.0,False,False,False,
2023-10-03T11:00:00Z,5491.0,5491.0,False,False,False,
2023-10-03T12:00:00Z,5713.0,5713.0,False,False,False,
2023-10-03T13:00:00Z,5782.0,5782.0,False,False,False,
2023-10-03T14:00:00Z,5908.0,5908.0,False,False,False,
2023-10-03T15:00:00Z,6177.0,6177.0,False,False,False,
2023-10-03T16:00:00Z,6554.0,6554.0,False,False,False,
2023-10-03T17:00:00Z,6949.0,6949.0,False,False,False,
2023-10-03T18:00:00Z,7394.0,7394.0,False,False,False,
2023-10-03T19:00:00Z,7686.0,7686.0,False,False,False,
2023-10-03T20:00:00Z,7764.0,7764.0,False,False,False,
2023-10-03T21:00:00Z,7822.0,7822.0,False,False,False,
2023-10-03T22:00:00Z,7834.0,7834.0,False,False,False,
2023-10-03T23:00:00Z,7690.0,7690.0,False,False,False,
2023-10-04T00:00:00Z,7782.0,7782.0,False,False,False,
2023-10-04T01:00:00Z,7459.0,7459.0,False,False,False,
2023-10-04T02:00:00Z,6896.0,6896.0,False,False,False,
2023-10-04T03:00:00Z,6288.0,6288.0,False,False,False,
2023-10-04T04:00:00Z,5667.0,5667.0,False,False,False,
2023-10-04T05:00:00Z,5206.0,5206.0,False,False,False,
2023-10-04T06:00:00Z,4916.0,4916.0,False,False,False,
2023-10-04T07:00:00Z,4769.0,4769.0,False,False,False,
2023-10-04T08:00:00Z,4616.0,4616.0,False,False,False,
2023-10-04T09:00:00Z,4675.0,4675.0,False,False,False,
2023-10-04T10:00:00Z,4955.0,4955.0,False,False,False,
2023-10-04T11:00:00Z,5540.0,5540.0,False,False,False,
2023-10-04T12:00:00Z,5740.0,5740.0,False,False,False,
2023-10-04T13:00:00Z,5774.0,5774.0,False,False,False,
2023-10-04T14:00:00Z,5868.0,5868.0,False,False,False,
2023-10-04T15:00:00Z,6100.0,6100.0,False,False,False,
2023-10-04T16:00:00Z,6444.0,6444.0,False,False,False,
2023-10-04T17:00:00Z,6795.0,6795.0,False,False,False,
2023-10-04T18:00:00Z,7159.0,7159.0,False,False,False,
2023-10-04T19:00:00Z,7406.0,7406.0,False,False,False,
2023-10-04T20:00:00Z,7656.0,7656.0,False,False,False,
2023-10-04T21:00:00Z,7664.0,7664.0,False,False,False,
2023-10-04T22:00:00Z,7679.0,7679.0,False,False,False,
2023-10-04T23:00:00Z,7592.0,7592.0,False,False,False,
2023-10-05T00:00:00Z,7621.0,7621.0,False,False,False,
2023-10-05T01:00:00Z,7195.0,7195.0,False,False,False,
2023-10-05T02:00:00Z,6670.0,6670.0,False,False,False,
2023-10-05T03:00:00Z,6108.0,6108.0,False,False,False,
2023-10-05T04:00:00Z,5548.0,5548.0,False,False,False,
2023-10-05T05:00:00Z,5129.0,5129.0,False,False,False,
2023-10-05T06:00:00Z,4881.0,4881.0,False,False,False,
2023-10-05T07:00:00Z,4702.0,4702.0,False,False,False,
2023-10-05T08:00:00Z,4635.0,4635.0,False,False,False,
2023-10-05T09:00:00Z,4655.0,4655.0,False,False,False,
2023-10-05T10:00:00Z,4971.0,4971.0,False,False,False,
2023-10-05T11:00:00Z,5564.0,5564.0,False,False,False,
2023-10-05T12:00:00Z,5823.0,5823.0,False,False,False,
2023-10-05T13:00:00Z,5520.0,5520.0,False,False,False,
2023-10-05T14:00:00Z,6011.0,6011.0,False,False,False,
2023-10-05T15:00:00Z,6352.0,6352.0,False,False,False,
2023-10-05T16:00:00Z,6708.0,6708.0,False,False,False,
2023-10-05T17:00:00Z,7148.0,7148.0,False,False,False,
2023-10-05T18:00:00Z,7599.0,7599.0,False,False,False,
2023-10-05T19:00:00Z,7818.0,7818.0,False,False,False,
2023-10-05T20:00:00Z,7750.0,7750.0,False,False,False,
2023-10-05T21:00:00Z,7836.0,7836.0,False,False,False,
2023-10-05T22:00:00Z,7824.0,7824.0,False,False,False,
2023-10-05T23:00:00Z,7801.0,7801.0,False,False,False,
2023-10-06T00:00:00Z,7831.0,7831.0,False,False,False,
2023-10-06T01:00:00Z,7628.0,7628.0,False,False,False,
2023-10-06T02:00:00Z,7148.0,7148.0,False,False,False,
2023-10-06T03:00:00Z,6581.0,6581.0,False,False,False,
2023-10-06T04:00:00Z,6003.0,6003.0,False,False,False,
2023-10-06T05:00:00Z,5549.0,5549.0,False,False,False,
2023-10-06T06:00:00Z,5225.0,5225.0,False,False,False,
2023-10-06T07:00:00Z,5067.0,5067.0,False,False,False,
2023-10-06T08:00:00Z,4929.0,4929.0,False,False,False,
2023-10-06T09:00:00Z,4982.0,4982.0,False,False,False,
2023-10-06T10:00:00Z,5301.0,5301.0,False,False,False,
2023-10-06T11:00:00Z,5793.0,5793.0,False,False,False,
2023-10-06T12:00:00Z,6022.0,6022.0,False,False,False,
2023-10-06T13:00:00Z,6202.0,6202.0,False,False,False,
2023-10-06T14:00:00Z,6485.0,6485.0,False,False,False,
2023-10-06T15:00:00Z,6717.0,6717.0,False,False,False,
2023-10-06T16:00:00Z,6935.0,6935.0,False,False,False,
2023-10-06T17:00:00Z,7283.0,7283.0,False,False,False,
2023-10-06T18:00:00Z,7493.0,7493.0,False,False,False,
2023-10-06T19:00:00Z,7567.0,7567.0,False,False,False,
2023-10-06T20:00:00Z,7638.0,7638.0,False,False,False,
2023-10-06T21:00:00Z,7577.0,7577.0,False,False,False,
2023-10-06T22:00:00Z,7576.0,7576.0,False,False,False,
2023-10-06T23:00:00Z,7475.0,7475.0,False,False,False,
2023-10-07T00:00:00Z,7474.0,7474.0,False,False,False,
2023-10-07T01:00:00Z,7170.0,7170.0,False,False,False,
2023-10-07T02:00:00Z,6780.0,6780.0,False,False,False,
2023-10-07T03:00:00Z,6348.0,6348.0,False,False,False,
2023-10-07T04:00:00Z,5873.0,5873.0,False,False,False,
2023-10-07T05:00:00Z,5401.0,5401.0,False,False,False,
2023-10-07T06:00:00Z,5094.0,5094.0,False,False,False,
2023-10-07T07:00:00Z,4858.0,4858.0,False,False,False,
2023-10-07T08:00:00Z,4730.0,4730.0,False,False,False,
2023-10-07T09:00:00Z,4683.0,4683.0,False,False,False,
2023-10-07T10:00:00Z,4745.0,4745.0,False,False,False,
2023-10-07T11:00:00Z,4869.0,4869.0,False,False,False,
2023-10-07T12:00:00Z,5045.0,5045.0,False,False,False,
2023-10-07T13:00:00Z,5382.0,5382.0,False,False,False,
2023-10-07T14:00:00Z,5644.0,5644.0,False,False,False,
2023-10-07T15:00:00Z,5842.0,5842.0,False,False,False,
2023-10-07T16:00:00Z,5958.0,5958.0,False,False,False,
2023-10-07T17:00:00Z,6000.0,6000.0,False,False,False,
2023-10-07T18:00:00Z,6016.0,6016.0,False,False,False,
2023-10-07T19:00:00Z,6110.0,6110.0,False,False,False,
2023-10-07T20:00:00Z,6267.0,6267.0,False,False,False,
2023-10-07T21:00:00Z,6349.0,6349.0,False,False,False,
2023-10-07T22:00:00Z,6284.0,6284.0,False,False,False,
2023-10-07T23:00:00Z,6110.0,6110.0,False,False,False,
2023-10-08T00:00:00Z,6117.0,6117.0,False,False,False,
2023-10-08T01:00:00Z,5886.0,5886.0,False,False,False,
2023-10-08T02:00:00Z,5584.0,5584.0,False,False,False,
2023-10-08T03:00:00Z,5215.0,5215.0,False,False,False,
2023-10-08T04:00:00Z,4853.0,4853.0,False,False,False,
2023-10-08T05:00:00Z,4506.0,4506.0,False,False,False,
2023-10-08T06:00:00Z,4269.0,4269.0,False,False,False,
2023-10-08T07:00:00Z,4217.0,4217.0,False,False,False,
2023-10-08T08:00:00Z,4125.0,4125.0,False,False,False,
2023-10-08T09:00:00Z,4172.0,4172.0,False,False,False,
2023-10-08T10:00:00Z,4290.0,4290.0,False,False,False,
2023-10-08T11:00:00Z,4489.0,4489.0,False,False,False,
2023-10-08T12:00:00Z,4788.0,4788.0,False,False,False,
2023-10-08T13:00:00Z,5055.0,5055.0,False,False,False,
2023-10-08T14:00:00Z,5026.0,5026.0,False,False,False,
2023-10-08T15:00:00Z,4950.0,4950.0,False,False,False,
2023-10-08T16:00:00Z,4850.0,4850.0,False,False,False,
2023-10-08T17:00:00Z,4872.0,4872.0,False,False,False,
2023-10-08T18:00:00Z,4901.0,4901.0,False,False,False,
2023-10-08T19:00:00Z,4918.0,4918.0,False,False,False,
2023-10-08T20:00:00Z,5006.0,5006.0,False,False,False,
2023-10-08T21:00:00Z,5203.0,5203.0,False,False,False,
2023-10-08T22:00:00Z,5463.0,5463.0,False,False,False,
2023-10-08T23:00:00Z,5703.0,5703.0,False,False,False,
2023-10-09T00:00:00Z,5944.0,5944.0,False,False,False,
2023-10-09T01:00:00Z,5859.0,5859.0,False,False,False,
2023-10-09T02:00:00Z,5586.0,5586.0,False,False,False,
2023-10-09T03:00:00Z,5226.0,5226.0,False,False,False,
2023-10-09T04:00:00Z,4835.0,4835.0,False,False,False,
2023-10-09T05:00:00Z,4584.0,4584.0,False,False,False,
2023-10-09T06:00:00Z,4435.0,4435.0,False,False,False,
2023-10-09T07:00:00Z,4402.0,4402.0,False,False,False,
2023-10-09T08:00:00Z,4445.0,4445.0,False,False,False,
2023-10-09T09:00:00Z,4615.0,4615.0,False,False,False,
2023-10-09T10:00:00Z,5047.0,5047.0,False,False,False,
2023-10-09T11:00:00Z,5740.0,5740.0,False,False,False,
2023-10-09T12:00:00Z,6123.0,6123.0,False,False,False,
2023-10-09T13:00:00Z,6118.0,6118.0,False,False,False,
2023-10-09T14:00:00Z,5890.0,5890.0,False,False,False,
2023-10-09T15:00:00Z,5732.0,5732.0,False,False,False,
2023-10-09T16:00:00Z,5599.0,5599.0,False,False,False,
2023-10-09T17:00:00Z,5543.0,5543.0,False,False,False,
2023-10-09T18:00:00Z,5573.0,5573.0,False,False,False,
2023-10-09T19:00:00Z,5587.0,5587.0,False,False,False,
2023-10-09T20:00:00Z,5669.0,5669.0,False,False,False,
2023-10-09T21:00:00Z,5893.0,5893.0,False,False,False,
2023-10-09T22:00:00Z,6056.0,6056.0,False,False,False,
2023-10-09T23:00:00Z,6260.0,6260.0,False,False,False,
2023-10-10T00:00:00Z,6464.0,6464.0,False,False,False,
2023-10-10T01:00:00Z,6311.0,6311.0,False,False,False,
2023-10-10T02:00:00Z,5943.0,5943.0,False,False,False,
2023-10-10T03:00:00Z,5473.0,5473.0,False,False,False,
2023-10-10T04:00:00Z,5076.0,5076.0,False,False,False,
2023-10-10T05:00:00Z,4763.0,4763.0,False,False,False,
2023-10-10T06:00:00Z,4612.0,4612.0,False,False,False,
2023-10-10T07:00:00Z,4528.0,4528.0,False,False,False,
2023-10-10T08:00:00Z,4544.0,4544.0,False,False,False,
2023-10-10T09:00:00Z,4626.0,4626.0,False,False,False,
2023-10-10T10:00:00Z,5016.0,5016.0,False,False,False,
2023-10-10T11:00:00Z,5659.0,5659.0,False,False,False,
2023-10-10T12:00:00Z,5911.0,5911.0,False,False,False,
2023-10-10T13:00:00Z,5865.0,5865.0,False,False,False,
2023-10-10T14:00:00Z,5727.0,5727.0,False,False,False,
2023-10-10T15:00:00Z,5687.0,5687.0,False,False,False,
2023-10-10T16:00:00Z,5699.0,5699.0,False,False,False,
2023-10-10T17:00:00Z,5785.0,5785.0,False,False,False,
2023-10-10T18:00:00Z,5963.0,5963.0,False,False,False,
2023-10-10T19:00:00Z,6151.0,6151.0,False,False,False,
2023-10-10T20:00:00Z,6317.0,6317.0,False,False,False,
2023-10-10T21:00:00Z,6496.0,6496.0,False,False,False,
2023-10-10T22:00:00Z,6670.0,6670.0,False,False,False,
2023-10-10T23:00:00Z,6735.0,6735.0,False,False,False,
2023-10-11T00:00:00Z,6840.0,6840.0,False,False,False,
2023-10-11T01:00:00Z,6619.0,6619.0,False,False,False,
2023-10-11T02:00:00Z,6201.0,6201.0,False,False,False,
2023-10-11T03:00:00Z,5701.0,5701.0,False,False,False,
2023-10-11T04:00:00Z,5224.0,5224.0,False,False,False,
2023-10-11T05:00:00Z,4859.0,4859.0,False,False,False,
2023-10-11T06:00:00Z,4634.0,4634.0,False,False,False,
2023-10-11T07:00:00Z,4494.0,4494.0,False,False,False,
2023-10-11T08:00:00Z,4445.0,4445.0,False,False,False,
2023-10-11T09:00:00Z,4541.0,4541.0,False,False,False,
2023-10-11T10:00:00Z,4874.0,4874.0,False,False,False,
2023-10-11T11:00:00Z,5478.0,5478.0,False,False,False,
2023-10-11T12:00:00Z,5711.0,5711.0,False,False,False,
2023-10-11T13:00:00Z,5778.0,5778.0,False,False,False,
2023-10-11T14:00:00Z,5719.0,5719.0,False,False,False,
2023-10-11T15:00:00Z,5762.0,5762.0,False,False,False,
2023-10-11T16:00:00Z,5852.0,5852.0,False,False,False,
2023-10-11T17:00:00Z,6003.0,6003.0,False,False,False,
2023-10-11T18:00:00Z,6148.0,6148.0,False,False,False,
2023-10-11T19:00:00Z,6209.0,6209.0,False,False,False,
2023-10-11T20:00:00Z,6264.0,6264.0,False,False,False,
2023-10-11T21:00:00Z,6345.0,6345.0,False,False,False,
2023-10-11T22:00:00Z,6410.0,6410.0,False,False,False,
2023-10-11T23:00:00Z,6551.0,6551.0,False,False,False,
2023-10-12T00:00:00Z,6690.0,6690.0,False,False,False,
2023-10-12T01:00:00Z,6469.0,6469.0,False,False,False,
2023-10-12T02:00:00Z,6140.0,6140.0,False,False,False,
2023-10-12T03:00:00Z,5684.0,5684.0,False,False,False,
2023-10-12T04:00:00Z,5212.0,5212.0,False,False,False,
2023-10-12T05:00:00Z,4881.0,4881.0,False,False,False,
2023-10-12T06:00:00Z,4689.0,4689.0,False,False,False,
2023-10-12T07:00:00Z,4560.0,4560.0,False,False,False,
2023-10-12T08:00:00Z,4501.0,4501.0,False,False,False,
2023-10-12T09:00:00Z,4571.0,4571.0,False,False,False,
2023-10-12T10:00:00Z,4910.0,4910.0,False,False,False,
2023-10-12T11:00:00Z,5495.0,5495.0,False,False,False,
2023-10-12T12:00:00Z,5774.0,5774.0,False,False,False,
2023-10-12T13:00:00Z,5882.0,5882.0,False,False,False,
2023-10-12T14:00:00Z,5943.0,5943.0,False,False,False,
2023-10-12T15:00:00Z,6020.0,6020.0,False,False,False,
2023-10-12T16:00:00Z,5988.0,5988.0,False,False,False,
2023-10-12T17:00:00Z,5916.0,5916.0,False,False,False,
2023-10-12T18:00:00Z,5946.0,5946.0,False,False,False,
2023-10-12T19:00:00Z,5967.0,5967.0,False,False,False,
2023-10-12T20:00:00Z,6050.0,6050.0,False,False,False,
2023-10-12T21:00:00Z,6195.0,6195.0,False,False,False,
2023-10-12T22:00:00Z,6321.0,6321.0,False,False,False,
2023-10-12T23:00:00Z,6453.0,6453.0,False,False,False,
2023-10-13T00:00:00Z,6629.0,6629.0,False,False,False,
2023-10-13T01:00:00Z,6417.0,6417.0,False,False,False,
2023-10-13T02:00:00Z,6047.0,6047.0,False,False,False,
2023-10-13T03:00:00Z,5602.0,5602.0,False,False,False,
2023-10-13T04:00:00Z,5161.0,5161.0,False,False,False,
2023-10-13T05:00:00Z,4796.0,4796.0,False,False,False,
2023-10-13T06:00:00Z,4605.0,4605.0,False,False,False,
2023-10-13T07:00:00Z,4483.0,4483.0,False,False,False,
2023-10-13T08:00:00Z,4460.0,4460.0,False,False,False,
2023-10-13T09:00:00Z,4572.0,4572.0,False,False,False,
2023-10-13T10:00:00Z,4888.0,4888.0,False,False,False,
2023-10-13T11:00:00Z,5459.0,5459.0,False,False,False,
2023-10-13T12:00:00Z,5715.0,5715.0,False,False,False,
2023-10-13T13:00:00Z,5748.0,5748.0,False,False,False,
2023-10-13T14:00:00Z,5687.0,5687.0,False,False,False,
2023-10-13T15:00:00Z,5698.0,5698.0,False,False,False,
2023-10-13T16:00:00Z,5827.0,5827.0,False,False,False,
2023-10-13T17:00:00Z,5936.0,5936.0,False,False,False,
2023-10-13T18:00:00Z,6134.0,6134.0,False,False,False,
2023-10-13T19:00:00Z,6345.0,6345.0,False,False,False,
2023-10-13T20:00:00Z,6562.0,6562.0,False,False,False,
2023-10-13T21:00:00Z,6747.0,6747.0,False,False,False,
2023-10-13T22:00:00Z,6727.0,6727.0,False,False,False,
2023-10-13T23:00:00Z,6643.0,6643.0,False,False,False,
2023-10-14T00:00:00Z,6645.0,6645.0,False,False,False,
2023-10-14T01:00:00Z,6397.0,6397.0,False,False,False,
2023-10-14T02:00:00Z,6128.0,6128.0,False,False,False,
2023-10-14T03:00:00Z,5782.0,5782.0,False,False,False,
2023-10-14T04:00:00Z,5406.0,5406.0,False,False,False,
2023-10-14T05:00:00Z,5047.0,5047.0,False,False,False,
2023-10-14T06:00:00Z,4792.0,4792.0,False,False,False,
2023-10-14T07:00:00Z,4608.0,4608.0,False,False,False,
2023-10-14T08:00:00Z,4536.0,4536.0,False,False,False,
2023-10-14T09:00:00Z,4518.0,4518.0,False,False,False,
2023-10-14T10:00:00Z,4605.0,4605.0,False,False,False,
2023-10-14T11:00:00Z,4756.0,4756.0,False,False,False,
2023-10-14T12:00:00Z,4998.0,4998.0,False,False,False,
2023-10-14T13:00:00Z,5301.0,5301.0,False,False,False,
2023-10-14T14:00:00Z,5622.0,5622.0,False,False,False,
2023-10-14T15:00:00Z,5879.0,5879.0,False,False,False,
2023-10-14T16:00:00Z,5994.0,5994.0,False,False,False,
2023-10-14T17:00:00Z,6052.0,6052.0,False,False,False,
2023-10-14T18:00:00Z,6085.0,6085.0,False,False,False,
2023-10-14T19:00:00Z,6068.0,6068.0,False,False,False,
2023-10-14T20:00:00Z,6123.0,6123.0,False,False,False,
2023-10-14T21:00:00Z,6146.0,6146.0,False,False,False,
2023-10-14T22:00:00Z,6139.0,6139.0,False,False,False,
2023-10-14T23:00:00Z,6183.0,6183.0,False,False,False,
2023-10-15T00:00:00Z,6213.0,6213.0,False,False,False,
2023-10-15T01:00:00Z,6025.0,6025.0,False,False,False,
2023-10-15T02:00:00Z,5777.0,5777.0,False,False,False,
2023-10-15T03:00:00Z,5472.0,5472.0,False,False,False,
2023-10-15T04:00:00Z,5124.0,5124.0,False,False,False,
2023-10-15T05:00:00Z,4812.0,4812.0,False,False,False,
2023-10-15T06:00:00Z,4553.0,4553.0,False,False,False,
2023-10-15T07:00:00Z,4392.0,4392.0,False,False,False,
2023-10-15T08:00:00Z,4271.0,4271.0,False,False,False,
2023-10-15T09:00:00Z,4265.0,4265.0,False,False,False,
2023-10-15T10:00:00Z,4308.0,4308.0,False,False,False,
2023-10-15T11:00:00Z,4461.0,4461.0,False,False,False,
2023-10-15T12:00:00Z,4686.0,4686.0,False,False,False,
2023-10-15T13:00:00Z,4971.0,4971.0,False,False,False,
2023-10-15T14:00:00Z,5116.0,5116.0,False,False,False,
2023-10-15T15:00:00Z,5152.0,5152.0,False,False,False,
2023-10-15T16:00:00Z,5175.0,5175.0,False,False,False,
2023-10-15T17:00:00Z,5302.0,5302.0,False,False,False,
2023-10-15T18:00:00Z,5358.0,5358.0,False,False,False,
2023-10-15T19:00:00Z,5371.0,5371.0,False,False,False,
2023-10-15T20:00:00Z,5403.0,5403.0,False,False,False,
2023-10-15T21:00:00Z,5470.0,5470.0,False,False,False,
2023-10-15T22:00:00Z,5601.0,5601.0,False,False,False,
2023-10-15T23:00:00Z,5853.0,5853.0,False,False,False,
2023-10-16T00:00:00Z,6067.0,6067.0,False,False,False,
2023-10-16T01:00:00Z,5947.0,5947.0,False,False,False,
2023-10-16T02:00:00Z,5636.0,5636.0,False,False,False,
2023-10-16T03:00:00Z,5306.0,5306.0,False,False,False,
2023-10-16T04:00:00Z,4921.0,4921.0,False,False,False,
2023-10-16T05:00:00Z,4649.0,4649.0,False,False,False,
2023-10-16T06:00:00Z,4493.0,4493.0,False,False,False,
2023-10-16T07:00:00Z,4425.0,4425.0,False,False,False,
2023-10-16T08:00:00Z,4443.0,4443.0,False,False,False,
2023-10-16T09:00:00Z,4609.0,4609.0,False,False,False,
2023-10-16T10:00:00Z,5012.0,5012.0,False,False,False,
2023-10-16T11:00:00Z,5717.0,5717.0,False,False,False,
2023-10-16T12:00:00Z,6004.0,6004.0,False,False,False,
2023-10-16T13:00:00Z,6048.0,6048.0,False,False,False,
2023-10-16T14:00:00Z,5873.0,5873.0,False,False,False,
2023-10-16T15:00:00Z,5756.0,5756.0,False,False,False,
2023-10-16T16:00:00Z,5683.0,5683.0,False,False,False,
2023-10-16T17:00:00Z,5682.0,5682.0,False,False,False,
2023-10-16T18:00:00Z,5753.0,5753.0,False,False,False,
2023-10-16T19:00:00Z,5800.0,5800.0,False,False,False,
2023-10-16T20:00:00Z,5798.0,5798.0,False,False,False,
2023-10-16T21:00:00Z,5840.0,5840.0,False,False,False,
2023-10-16T22:00:00Z,6001.0,6001.0,False,False,False,
2023-10-16T23:00:00Z,6280.0,6280.0,False,False,False,
2023-10-17T00:00:00Z,6534.0,6534.0,False,False,False,
2023-10-17T01:00:00Z,6404.0,6404.0,False,False,False,
2023-10-17T02:00:00Z,6098.0,6098.0,False,False,False,
2023-10-17T03:00:00Z,5738.0,5738.0,False,False,False,
2023-10-17T04:00:00Z,5360.0,5360.0,False,False,False,
2023-10-17T05:00:00Z,5077.0,5077.0,False,False,False,
2023-10-17T06:00:00Z,4965.0,4965.0,False,False,False,
2023-10-17T07:00:00Z,4905.0,4905.0,False,False,False,
2023-10-17T08:00:00Z,4909.0,4909.0,False,False,False,
2023-10-17T09:00:00Z,5084.0,5084.0,False,False,False,
2023-10-17T10:00:00Z,5513.0,5513.0,False,False,False,
2023-10-17T11:00:00Z,6199.0,6199.0,False,False,False,
2023-10-17T12:00:00Z,6494.0,6494.0,False,False,False,
2023-10-17T13:00:00Z,6368.0,6368.0,False,False,False,
2023-10-17T14:00:00Z,6080.0,6080.0,False,False,False,
2023-10-17T15:00:00Z,5812.0,5812.0,False,False,False,
2023-10-17T16:00:00Z,5677.0,5677.0,False,False,False,
2023-10-17T17:00:00Z,5597.0,5597.0,False,False,False,
2023-10-17T18:00:00Z,5637.0,5637.0,False,False,False,
2023-10-17T19:00:00Z,5706.0,5706.0,False,False,False,
2023-10-17T20:00:00Z,5752.0,5752.0,False,False,False,
2023-10-17T21:00:00Z,5855.0,5855.0,False,False,False,
2023-10-17T22:00:00Z,5984.0,5984.0,False,False,False,
2023-10-17T23:00:00Z,6274.0,6274.0,False,False,False,
2023-10-18T00:00:00Z,6485.0,6485.0,False,False,False,
2023-10-18T01:00:00Z,6317.0,6317.0,False,False,False,
2023-10-18T02:00:00Z,5994.0,5994.0,False,False,False,
2023-10-18T03:00:00Z,5529.0,5529.0,False,False,False,
2023-10-18T04:00:00Z,5103.0,5103.0,False,False,False,
2023-10-18T05:00:00Z,4840.0,4840.0,False,False,False,
2023-10-18T06:00:00Z,4670.0,4670.0,False,False,False,
2023-10-18T07:00:00Z,4575.0,4575.0,False,False,False,
2023-10-18T08:00:00Z,4571.0,4571.0,False,False,False,
2023-10-18T09:00:00Z,4707.0,4707.0,False,False,False,
2023-10-18T10:00:00Z,5105.0,5105.0,False,False,False,
2023-10-18T11:00:00Z,5775.0,5775.0,False,False,False,
2023-10-18T12:00:00Z,6060.0,6060.0,False,False,False,
2023-10-18T13:00:00Z,6042.0,6042.0,False,False,False,
2023-10-18T14:00:00Z,5842.0,5842.0,False,False,False,
2023-10-18T15:00:00Z,5682.0,5682.0,False,False,False,
2023-10-18T16:00:00Z,5635.0,5635.0,False,False,False,
2023-10-18T17:00:00Z,5665.0,5665.0,False,False,False,
2023-10-18T18:00:00Z,5834.0,5834.0,False,False,False,
2023-10-18T19:00:00Z,5820.0,5820.0,False,False,False,
2023-10-18T20:00:00Z,5839.0,5839.0,False,False,False,
2023-10-18T21:00:00Z,5927.0,5927.0,False,False,False,
2023-10-18T22:00:00Z,6042.0,6042.0,False,False,False,
2023-10-18T23:00:00Z,6246.0,6246.0,False,False,False,
2023-10-19T00:00:00Z,6458.0,6458.0,False,False,False,
2023-10-19T01:00:00Z,6312.0,6312.0,False,False,False,
2023-10-19T02:00:00Z,5928.0,5928.0,False,False,False,
2023-10-19T03:00:00Z,5512.0,5512.0,False,False,False,
2023-10-19T04:00:00Z,5108.0,5108.0,False,False,False,
2023-10-19T05:00:00Z,4889.0,4889.0,False,False,False,
2023-10-19T06:00:00Z,4752.0,4752.0,False,False,False,
2023-10-19T07:00:00Z,4707.0,4707.0,False,False,False,
2023-10-19T08:00:00Z,4743.0,4743.0,False,False,False,
2023-10-19T09:00:00Z,4884.0,4884.0,False,False,False,
2023-10-19T10:00:00Z,5345.0,5345.0,False,False,False,
2023-10-19T11:00:00Z,6032.0,6032.0,False,False,False,
2023-10-19T12:00:00Z,6352.0,6352.0,False,False,False,
2023-10-19T13:00:00Z,6259.0,6259.0,False,False,False,
2023-10-19T14:00:00Z,5890.0,5890.0,False,False,False,
2023-10-19T15:00:00Z,5819.0,5819.0,False,False,False,
2023-10-19T16:00:00Z,5709.0,5709.0,False,False,False,
2023-10-19T17:00:00Z,5673.0,5673.0,False,False,False,
2023-10-19T18:00:00Z,5686.0,5686.0,False,False,False,
2023-10-19T19:00:00Z,5718.0,5718.0,False,False,False,
2023-10-19T20:00:00Z,5752.0,5752.0,False,False,False,
2023-10-19T21:00:00Z,5885.0,5885.0,False,False,False,
2023-10-19T22:00:00Z,6048.0,6048.0,False,False,False,
2023-10-19T23:00:00Z,6251.0,6251.0,False,False,False,
2023-10-20T00:00:00Z,6407.0,6407.0,False,False,False,
2023-10-20T01:00:00Z,6284.0,6284.0,False,False,False,
2023-10-20T02:00:00Z,5941.0,5941.0,False,False,False,
2023-10-20T03:00:00Z,5569.0,5569.0,False,False,False,
2023-10-20T04:00:00Z,5136.0,5136.0,False,False,False,
2023-10-20T05:00:00Z,4838.0,4838.0,False,False,False,
2023-10-20T06:00:00Z,4672.0,4672.0,False,False,False,
2023-10-20T07:00:00Z,4577.0,4577.0,False,False,False,
2023-10-20T08:00:00Z,4541.0,4541.0,False,False,False,
2023-10-20T09:00:00Z,4644.0,4644.0,False,False,False,
2023-10-20T10:00:00Z,4918.0,4918.0,False,False,False,
2023-10-20T11:00:00Z,5549.0,5549.0,False,False,False,
2023-10-20T12:00:00Z,5888.0,5888.0,False,False,False,
2023-10-20T13:00:00Z,5834.0,5834.0,False,False,False,
2023-10-20T14:00:00Z,5767.0,5767.0,False,False,False,
2023-10-20T15:00:00Z,5746.0,5746.0,False,False,False,
2023-10-20T16:00:00Z,5839.0,5839.0,False,False,False,
2023-10-20T17:00:00Z,5930.0,5930.0,False,False,False,
2023-10-20T18:00:00Z,6003.0,6003.0,False,False,False,
2023-10-20T19:00:00Z,5967.0,5967.0,False,False,False,
2023-10-20T20:00:00Z,5973.0,5973.0,False,False,False,
2023-10-20T21:00:00Z,5966.0,5966.0,False,False,False,
2023-10-20T22:00:00Z,5982.0,5982.0,False,False,False,
2023-10-20T23:00:00Z,6031.0,6031.0,False,False,False,
2023-10-21T00:00:00Z,6101.0,6101.0,False,False,False,
2023-10-21T01:00:00Z,5908.0,5908.0,False,False,False,
2023-10-21T02:00:00Z,5695.0,5695.0,False,False,False,
2023-10-21T03:00:00Z,5410.0,5410.0,False,False,False,
2023-10-21T04:00:00Z,5068.0,5068.0,False,False,False,
2023-10-21T05:00:00Z,4795.0,4795.0,False,False,False,
2023-10-21T06:00:00Z,4626.0,4626.0,False,False,False,
2023-10-21T07:00:00Z,4539.0,4539.0,False,False,False,
2023-10-21T08:00:00Z,4496.0,4496.0,False,False,False,
2023-10-21T09:00:00Z,4506.0,4506.0,False,False,False,
2023-10-21T10:00:00Z,4682.0,4682.0,False,False,False,
2023-10-21T11:00:00Z,4935.0,4935.0,False,False,False,
2023-10-21T12:00:00Z,5242.0,5242.0,False,False,False,
2023-10-21T13:00:00Z,5482.0,5482.0,False,False,False,
2023-10-21T14:00:00Z,5449.0,5449.0,False,False,False,
2023-10-21T15:00:00Z,5375.0,5375.0,False,False,False,
2023-10-21T16:00:00Z,5246.0,5246.0,False,False,False,
2023-10-21T17:00:00Z,5206.0,5206.0,False,False,False,
2023-10-21T18:00:00Z,5090.0,5090.0,False,False,False,
2023-10-21T19:00:00Z,5112.0,5112.0,False,False,False,
2023-10-21T20:00:00Z,5198.0,5198.0,False,False,False,
2023-10-21T21:00:00Z,5096.0,5096.0,False,False,False,
2023-10-21T22:00:00Z,5479.0,5479.0,False,False,False,
2023-10-21T23:00:00Z,5598.0,5598.0,False,False,False,
2023-10-22T00:00:00Z,5796.0,5796.0,False,False,False,
2023-10-22T01:00:00Z,5659.0,5659.0,False,False,False,
2023-10-22T02:00:00Z,5483.0,5483.0,False,False,False,
2023-10-22T03:00:00Z,5208.0,5208.0,False,False,False,
2023-10-22T04:00:00Z,4918.0,4918.0,False,False,False,
2023-10-22T05:00:00Z,4712.0,4712.0,False,False,False,
2023-10-22T06:00:00Z,4551.0,4551.0,False,False,False,
2023-10-22T07:00:00Z,4479.0,4479.0,False,False,False,
2023-10-22T08:00:00Z,4443.0,4443.0,False,False,False,
2023-10-22T09:00:00Z,4449.0,4449.0,False,False,False,
2023-10-22T10:00:00Z,4551.0,4551.0,False,False,False,
2023-10-22T11:00:00Z,4792.0,4792.0,False,False,False,
2023-10-22T12:00:00Z,5053.0,5053.0,False,False,False,
2023-10-22T13:00:00Z,5314.0,5314.0,False,False,False,
2023-10-22T14:00:00Z,5291.0,5291.0,False,False,False,
2023-10-22T15:00:00Z,5233.0,5233.0,False,False,False,
2023-10-22T16:00:00Z,5139.0,5139.0,False,False,False,
2023-10-22T17:00:00Z,5125.0,5125.0,False,False,False,
2023-10-22T18:00:00Z,5240.0,5240.0,False,False,False,
2023-10-22T19:00:00Z,5261.0,5261.0,False,False,False,
2023-10-22T20:00:00Z,5401.0,5401.0,False,False,False,
2023-10-22T21:00:00Z,5489.0,5489.0,False,False,False,
2023-10-22T22:00:00Z,5784.0,5784.0,False,False,False,
2023-10-22T23:00:00Z,5967.0,5967.0,False,False,False,
2023-10-23T00:00:00Z,6127.0,6127.0,False,False,False,
2023-10-23T01:00:00Z,5949.0,5949.0,False,False,False,
2023-10-23T02:00:00Z,5638.0,5638.0,False,False,False,
2023-10-23T03:00:00Z,5226.0,5226.0,False,False,False,
2023-10-23T04:00:00Z,4855.0,4855.0,False,False,False,
2023-10-23T05:00:00Z,4616.0,4616.0,False,False,False,
2023-10-23T06:00:00Z,4482.0,4482.0,False,False,False,
2023-10-23T07:00:00Z,4479.0,4479.0,False,False,False,
2023-10-23T08:00:00Z,4518.0,4518.0,False,False,False,
2023-10-23T09:00:00Z,4735.0,4735.0,False,False,False,
2023-10-23T10:00:00Z,5253.0,5253.0,False,False,False,
2023-10-23T11:00:00Z,6039.0,6039.0,False,False,False,
2023-10-23T12:00:00Z,6480.0,6480.0,False,False,False,
2023-10-23T13:00:00Z,6489.0,6489.0,False,False,False,
2023-10-23T14:00:00Z,6162.0,6162.0,False,False,False,
2023-10-23T15:00:00Z,6047.0,6047.0,False,False,False,
2023-10-23T16:00:00Z,5923.0,5923.0,False,False,False,
2023-10-23T17:00:00Z,5844.0,5844.0,False,False,False,
2023-10-23T18:00:00Z,5796.0,5796.0,False,False,False,
2023-10-23T19:00:00Z,5760.0,5760.0,False,False,False,
2023-10-23T20:00:00Z,5757.0,5757.0,False,False,False,
2023-10-23T21:00:00Z,5861.0,5861.0,False,False,False,
2023-10-23T22:00:00Z,6055.0,6055.0,False,False,False,
2023-10-23T23:00:00Z,6344.0,6344.0,False,False,False,
2023-10-24T00:00:00Z,6433.0,6433.0,False,False,False,
2023-10-24T01:00:00Z,6492.0,6492.0,False,False,False,
2023-10-24T02:00:00Z,6117.0,6117.0,False,False,False,
2023-10-24T03:00:00Z,5767.0,5767.0,False,False,False,
2023-10-24T04:00:00Z,5390.0,5390.0,False,False,False,
2023-10-24T05:00:00Z,5235.0,5235.0,False,False,False,
2023-10-24T06:00:00Z,5146.0,5146.0,False,False,False,
2023-10-24T07:00:00Z,5173.0,5173.0,False,False,False,
2023-10-24T08:00:00Z,5272.0,5272.0,False,False,False,
2023-10-24T09:00:00Z,5505.0,5505.0,False,False,False,
2023-10-24T10:00:00Z,5946.0,5946.0,False,False,False,
2023-10-24T11:00:00Z,6615.0,6615.0,False,False,False,
2023-10-24T12:00:00Z,7061.0,7061.0,False,False,False,
2023-10-24T13:00:00Z,6961.0,6961.0,False,False,False,
2023-10-24T14:00:00Z,6722.0,6722.0,False,False,False,
2023-10-24T15:00:00Z,6191.0,6191.0,False,False,False,
2023-10-24T16:00:00Z,5902.0,5902.0,False,False,False,
2023-10-24T17:00:00Z,5754.0,5754.0,False,False,False,
2023-10-24T18:00:00Z,5713.0,5713.0,False,False,False,
2023-10-24T19:00:00Z,5704.0,5704.0,False,False,False,
2023-10-24T20:00:00Z,5769.0,5769.0,False,False,False,
2023-10-24T21:00:00Z,5908.0,5908.0,False,False,False,
2023-10-24T22:00:00Z,6076.0,6076.0,False,False,False,
2023-10-24T23:00:00Z,6180.0,6180.0,False,False,False,
2023-10-25T00:00:00Z,6377.0,6377.0,False,False,False,
2023-10-25T01:00:00Z,6433.0,6433.0,False,False,False,
2023-10-25T02:00:00Z,6210.0,6210.0,False,False,False,
2023-10-25T03:00:00Z,5608.0,5608.0,False,False,False,
2023-10-25T04:00:00Z,5237.0,5237.0,False,False,False,
2023-10-25T05:00:00Z,4988.0,4988.0,False,False,False,
2023-10-25T06:00:00Z,4885.0,4885.0,False,False,False,
2023-10-25T07:00:00Z,4860.0,4860.0,False,False,False,
2023-10-25T08:00:00Z,4845.0,4845.0,False,False,False,
2023-10-25T09:00:00Z,5020.0,5020.0,False,False,False,
2023-10-25T10:00:00Z,5506.0,5506.0,False,False,False,
2023-10-25T11:00:00Z,6044.0,6044.0,False,False,False,
2023-10-25T12:00:00Z,6437.0,6437.0,False,False,False,
2023-10-25T13:00:00Z,6626.0,6626.0,False,False,False,
2023-10-25T14:00:00Z,6224.0,6224.0,False,False,False,
2023-10-25T15:00:00Z,5867.0,5867.0,False,False,False,
2023-10-25T16:00:00Z,5801.0,5801.0,False,False,False,
2023-10-25T17:00:00Z,5822.0,5822.0,False,False,False,
2023-10-25T18:00:00Z,5965.0,5965.0,False,False,False,
2023-10-25T19:00:00Z,6080.0,6080.0,False,False,False,
2023-10-25T20:00:00Z,6234.0,6234.0,False,False,False,
2023-10-25T21:00:00Z,6447.0,6447.0,False,False,False,
2023-10-25T22:00:00Z,6357.0,6357.0,False,False,False,
2023-10-25T23:00:00Z,6501.0,6501.0,False,False,False,
2023-10-26T00:00:00Z,6772.0,6772.0,False,False,False,
2023-10-26T01:00:00Z,6494.0,6494.0,False,False,False,
2023-10-26T02:00:00Z,6455.0,6455.0,False,False,False,
2023-10-26T03:00:00Z,5718.0,5718.0,False,False,False,
2023-10-26T04:00:00Z,5149.0,5149.0,False,False,False,
2023-10-26T05:00:00Z,4830.0,4830.0,False,False,False,
2023-10-26T06:00:00Z,4597.0,4597.0,False,False,False,
2023-10-26T07:00:00Z,4518.0,4518.0,False,False,False,
2023-10-26T08:00:00Z,4487.0,4487.0,False,False,False,
2023-10-26T09:00:00Z,4602.0,4602.0,False,False,False,
2023-10-26T10:00:00Z,4960.0,4960.0,False,False,False,
2023-10-26T11:00:00Z,5584.0,5584.0,False,False,False,
2023-10-26T12:00:00Z,5906.0,5906.0,False,False,False,
2023-10-26T13:00:00Z,5869.0,5869.0,False,False,False,
2023-10-26T14:00:00Z,5772.0,5772.0,False,False,False,
2023-10-26T15:00:00Z,5774.0,5774.0,False,False,False,
2023-10-26T16:00:00Z,5897.0,5897.0,False,False,False,
2023-10-26T17:00:00Z,6030.0,6030.0,False,False,False,
2023-10-26T18:00:00Z,6265.0,6265.0,False,False,False,
2023-10-26T19:00:00Z,6472.0,6472.0,False,False,False,
2023-10-26T20:00:00Z,6685.0,6685.0,False,False,False,
2023-10-26T21:00:00Z,6918.0,6918.0,False,False,False,
2023-10-26T22:00:00Z,6969.0,6969.0,False,False,False,
2023-10-26T23:00:00Z,6931.0,6931.0,False,False,False,
2023-10-27T00:00:00Z,6942.0,6942.0,False,False,False,
2023-10-27T01:00:00Z,6666.0,6666.0,False,False,False,
2023-10-27T02:00:00Z,6245.0,6245.0,False,False,False,
2023-10-27T03:00:00Z,5756.0,5756.0,False,False,False,
2023-10-27T04:00:00Z,5277.0,5277.0,False,False,False,
2023-10-27T05:00:00Z,4873.0,4873.0,False,False,False,
2023-10-27T06:00:00Z,4655.0,4655.0,False,False,False,
2023-10-27T07:00:00Z,4499.0,4499.0,False,False,False,
2023-10-27T08:00:00Z,4489.0,4489.0,False,False,False,
2023-10-27T09:00:00Z,4527.0,4527.0,False,False,False,
2023-10-27T10:00:00Z,4839.0,4839.0,False,False,False,
2023-10-27T11:00:00Z,5444.0,5444.0,False,False,False,
2023-10-27T12:00:00Z,5743.0,5743.0,False,False,False,
2023-10-27T13:00:00Z,5808.0,5808.0,False,False,False,
2023-10-27T14:00:00Z,5753.0,5753.0,False,False,False,
2023-10-27T15:00:00Z,5829.0,5829.0,False,False,False,
2023-10-27T16:00:00Z,5986.0,5986.0,False,False,False,
2023-10-27T17:00:00Z,6222.0,6222.0,False,False,False,
2023-10-27T18:00:00Z,6470.0,6470.0,False,False,False,
2023-10-27T19:00:00Z,6668.0,6668.0,False,False,False,
2023-10-27T20:00:00Z,6820.0,6820.0,False,False,False,
2023-10-27T21:00:00Z,6964.0,6964.0,False,False,False,
2023-10-27T22:00:00Z,6966.0,6966.0,False,False,False,
2023-10-27T23:00:00Z,6833.0,6833.0,False,False,False,
2023-10-28T00:00:00Z,6675.0,6675.0,False,False,False,
2023-10-28T01:00:00Z,6380.0,6380.0,False,False,False,
2023-10-28T02:00:00Z,6026.0,6026.0,False,False,False,
2023-10-28T03:00:00Z,5657.0,5657.0,False,False,False,
2023-10-28T04:00:00Z,5253.0,5253.0,False,False,False,
2023-10-28T05:00:00Z,4880.0,4880.0,False,False,False,
2023-10-28T06:00:00Z,4662.0,4662.0,False,False,False,
2023-10-28T07:00:00Z,4446.0,4446.0,False,False,False,
2023-10-28T08:00:00Z,4205.0,4205.0,False,False,False,
2023-10-28T09:00:00Z,4408.0,4408.0,False,False,False,
2023-10-28T10:00:00Z,4490.0,4490.0,False,False,False,
2023-10-28T11:00:00Z,4667.0,4667.0,False,False,False,
2023-10-28T12:00:00Z,4868.0,4868.0,False,False,False,
2023-10-28T13:00:00Z,5170.0,5170.0,False,False,False,
2023-10-28T14:00:00Z,5330.0,5330.0,False,False,False,
2023-10-28T15:00:00Z,5541.0,5541.0,False,False,False,
2023-10-28T16:00:00Z,5797.0,5797.0,False,False,False,
2023-10-28T17:00:00Z,6128.0,6128.0,False,False,False,
2023-10-28T18:00:00Z,6444.0,6444.0,False,False,False,
2023-10-28T19:00:00Z,6777.0,6777.0,False,False,False,
2023-10-28T20:00:00Z,7055.0,7055.0,False,False,False,
2023-10-28T21:00:00Z,7218.0,7218.0,False,False,False,
2023-10-28T22:00:00Z,7216.0,7216.0,False,False,False,
2023-10-28T23:00:00Z,7026.0,7026.0,False,False,False,
2023-10-29T00:00:00Z,6864.0,6864.0,False,False,False,
2023-10-29T01:00:00Z,6484.0,6484.0,False,False,False,
2023-10-29T02:00:00Z,6123.0,6123.0,False,False,False,
2023-10-29T03:00:00Z,5739.0,5739.0,False,False,False,
2023-10-29T04:00:00Z,5330.0,5330.0,False,False,False,
2023-10-29T05:00:00Z,4931.0,4931.0,False,False,False,
2023-10-29T06:00:00Z,4698.0,4698.0,False,False,False,
2023-10-29T07:00:00Z,4509.0,4509.0,False,False,False,
2023-10-29T08:00:00Z,4390.0,4390.0,False,False,False,
2023-10-29T09:00:00Z,4318.0,4318.0,False,False,False,
2023-10-29T10:00:00Z,4339.0,4339.0,False,False,False,
2023-10-29T11:00:00Z,4498.0,4498.0,False,False,False,
2023-10-29T12:00:00Z,4688.0,4688.0,False,False,False,
2023-10-29T13:00:00Z,4989.0,4989.0,False,False,False,
2023-10-29T14:00:00Z,5208.0,5208.0,False,False,False,
2023-10-29T15:00:00Z,5476.0,5476.0,False,False,False,
2023-10-29T16:00:00Z,5771.0,5771.0,False,False,False,
2023-10-29T17:00:00Z,6160.0,6160.0,False,False,False,
2023-10-29T18:00:00Z,6533.0,6533.0,False,False,False,
2023-10-29T19:00:00Z,6830.0,6830.0,False,False,False,
2023-10-29T20:00:00Z,7060.0,7060.0,False,False,False,
2023-10-29T21:00:00Z,7269.0,7269.0,False,False,False,
2023-10-29T22:00:00Z,7366.0,7366.0,False,False,False,
2023-10-29T23:00:00Z,7232.0,7232.0,False,False,False,
2023-10-30T00:00:00Z,7107.0,7107.0,False,False,False,
2023-10-30T01:00:00Z,6777.0,6777.0,False,False,False,
2023-10-30T02:00:00Z,6324.0,6324.0,False,False,False,
2023-10-30T03:00:00Z,5764.0,5764.0,False,False,False,
2023-10-30T04:00:00Z,5269.0,5269.0,False,False,False,
2023-10-30T05:00:00Z,4860.0,4860.0,False,False,False,
2023-10-30T06:00:00Z,4612.0,4612.0,False,False,False,
2023-10-30T07:00:00Z,4488.0,4488.0,False,False,False,
2023-10-30T08:00:00Z,4447.0,4447.0,False,False,False,
2023-10-30T09:00:00Z,4524.0,4524.0,False,False,False,
2023-10-30T10:00:00Z,4855.0,4855.0,False,False,False,
2023-10-30T11:00:00Z,5484.0,5484.0,False,False,False,
2023-10-30T12:00:00Z,5810.0,5810.0,False,False,False,
2023-10-30T13:00:00Z,5908.0,5908.0,False,False,False,
2023-10-30T14:00:00Z,5964.0,5964.0,False,False,False,
2023-10-30T15:00:00Z,6176.0,6176.0,False,False,False,
2023-10-30T16:00:00Z,6518.0,6518.0,False,False,False,
2023-10-30T17:00:00Z,6847.0,6847.0,False,False,False,
2023-10-30T18:00:00Z,7250.0,7250.0,False,False,False,
2023-10-30T19:00:00Z,7545.0,7545.0,False,False,False,
2023-10-30T20:00:00Z,7644.0,7644.0,False,False,False,
2023-10-30T21:00:00Z,7704.0,7704.0,False,False,False,
2023-10-30T22:00:00Z,7807.0,7807.0,False,False,False,
2023-10-30T23:00:00Z,7795.0,7795.0,False,False,False,
2023-10-31T00:00:00Z,7696.0,7696.0,False,False,False,
2023-10-31T01:00:00Z,7266.0,7266.0,False,False,False,
2023-10-31T02:00:00Z,6802.0,6802.0,False,False,False,
2023-10-31T03:00:00Z,6203.0,6203.0,False,False,False,
2023-10-31T04:00:00Z,5619.0,5619.0,False,False,False,
2023-10-31T05:00:00Z,5153.0,5153.0,False,False,False,
2023-10-31T06:00:00Z,4864.0,4864.0,False,False,False,
2023-10-31T07:00:00Z,4668.0,4668.0,False,False,False,
2023-10-31T08:00:00Z,4567.0,4567.0,False,False,False,
2023-10-31T09:00:00Z,4597.0,4597.0,False,False,False,
2023-10-31T10:00:00Z,4908.0,4908.0,False,False,False,
2023-10-31T11:00:00Z,5488.0,5488.0,False,False,False,
2023-10-31T12:00:00Z,5854.0,5854.0,False,False,False,
2023-10-31T13:00:00Z,5893.0,5893.0,False,False,False,
2023-10-31T14:00:00Z,5894.0,5894.0,False,False,False,
2023-10-31T15:00:00Z,5975.0,5975.0,False,False,False,
2023-10-31T16:00:00Z,6053.0,6053.0,False,False,False,
2023-10-31T17:00:00Z,6095.0,6095.0,False,False,False,
2023-10-31T18:00:00Z,6106.0,6106.0,False,False,False,
2023-10-31T19:00:00Z,6131.0,6131.0,False,False,False,
2023-10-31T20:00:00Z,6187.0,6187.0,False,False,False,
2023-10-31T21:00:00Z,6344.0,6344.0,False,False,False,
2023-10-31T22:00:00Z,6460.0,6460.0,False,False,False,
2023-10-31T23:00:00Z,6586.0,6586.0,False,False,False,
2023-11-01T00:00:00Z,6578.0,6578.0,False,False,False,
2023-11-01T01:00:00Z,6588.0,6588.0,False,False,False,
2023-11-01T02:00:00Z,6412.0,6412.0,False,False,False,
2023-11-01T03:00:00Z,6016.0,6016.0,False,False,False,
2023-11-01T04:00:00Z,5643.0,5643.0,False,False,False,
2023-11-01T05:00:00Z,5364.0,5364.0,False,False,False,
2023-11-01T06:00:00Z,5255.0,5255.0,False,False,False,
2023-11-01T07:00:00Z,5219.0,5219.0,False,False,False,
2023-11-01T08:00:00Z,5245.0,5245.0,False,False,False,
2023-11-01T09:00:00Z,5457.0,5457.0,False,False,False,
2023-11-01T10:00:00Z,5938.0,5938.0,False,False,False,
2023-11-01T11:00:00Z,6719.0,6719.0,False,False,False,
2023-11-01T12:00:00Z,7202.0,7202.0,False,False,False,
2023-11-01T13:00:00Z,7229.0,7229.0,False,False,False,
2023-11-01T14:00:00Z,6969.0,6969.0,False,False,False,
2023-11-01T15:00:00Z,6825.0,6825.0,False,False,False,
2023-11-01T16:00:00Z,6658.0,6658.0,False,False,False,
2023-11-01T17:00:00Z,6466.0,6466.0,False,False,False,
2023-11-01T18:00:00Z,6348.0,6348.0,False,False,False,
2023-11-01T19:00:00Z,6216.0,6216.0,False,False,False,
2023-11-01T20:00:00Z,6166.0,6166.0,False,False,False,
2023-11-01T21:00:00Z,6376.0,6376.0,False,False,False,
2023-11-01T22:00:00Z,6840.0,6840.0,False,False,False,
2023-11-01T23:00:00Z,7463.0,7463.0,False,False,False,
2023-11-02T00:00:00Z,7889.0,7889.0,False,False,False,
2023-11-02T01:00:00Z,7950.0,7950.0,False,False,False,
2023-11-02T02:00:00Z,7817.0,7817.0,False,False,False,
2023-11-02T03:00:00Z,7467.0,7467.0,False,False,False,
2023-11-02T04:00:00Z,7214.0,7214.0,False,False,False,
2023-11-02T05:00:00Z,7072.0,7072.0,False,False,False,
2023-11-02T06:00:00Z,7028.0,7028.0,False,False,False,
2023-11-02T07:00:00Z,7062.0,7062.0,False,False,False,
2023-11-02T08:00:00Z,7165.0,7165.0,False,False,False,
2023-11-02T09:00:00Z,7501.0,7501.0,False,False,False,
2023-11-02T10:00:00Z,8034.0,8034.0,False,False,False,
2023-11-02T11:00:00Z,8769.0,8769.0,False,False,False,
2023-11-02T12:00:00Z,9057.0,9057.0,False,False,False,
2023-11-02T13:00:00Z,8951.0,8951.0,False,False,False,
2023-11-02T14:00:00Z,8400.0,8400.0,False,False,False,
2023-11-02T15:00:00Z,7636.0,7636.0,False,False,False,
2023-11-02T16:00:00Z,6974.0,6974.0,False,False,False,
2023-11-02T17:00:00Z,6504.0,6504.0,False,False,False,
2023-11-02T18:00:00Z,6200.0,6200.0,False,False,False,
2023-11-02T19:00:00Z,5966.0,5966.0,False,False,False,
2023-11-02T20:00:00Z,5856.0,5856.0,False,False,False,
2023-11-02T21:00:00Z,6097.0,6097.0,False,False,False,
2023-11-02T22:00:00Z,6487.0,6487.0,False,False,False,
2023-11-02T23:00:00Z,7065.0,7065.0,False,False,False,
2023-11-03T00:00:00Z,7490.0,7490.0,False,False,False,
2023-11-03T01:00:00Z,7610.0,7610.0,False,False,False,
2023-11-03T02:00:00Z,7576.0,7576.0,False,False,False,
2023-11-03T03:00:00Z,7384.0,7384.0,False,False,False,
2023-11-03T04:00:00Z,7205.0,7205.0,False,False,False,
2023-11-03T05:00:00Z,7064.0,7064.0,False,False,False,
2023-11-03T06:00:00Z,7185.0,7185.0,False,False,False,
2023-11-03T07:00:00Z,7339.0,,True,False,True,same_hour_7d_median_outlier|same_hour_7d_median_outlier
2023-11-03T08:00:00Z,7512.0,,True,False,True,same_hour_7d_median_outlier|same_hour_7d_median_outlier
2023-11-03T09:00:00Z,7863.0,,True,False,True,same_hour_7d_median_outlier|same_hour_7d_median_outlier
2023-11-03T10:00:00Z,8468.0,8468.0,False,False,False,
2023-11-03T11:00:00Z,9089.0,9089.0,False,False,False,
2023-11-03T12:00:00Z,9366.0,9366.0,False,False,False,
2023-11-03T13:00:00Z,9165.0,9165.0,False,False,False,
2023-11-03T14:00:00Z,8464.0,8464.0,False,False,False,
2023-11-03T15:00:00Z,7514.0,7514.0,False,False,False,
2023-11-03T16:00:00Z,6893.0,6893.0,False,False,False,
2023-11-03T17:00:00Z,6406.0,6406.0,False,False,False,
2023-11-03T18:00:00Z,6201.0,6201.0,False,False,False,
2023-11-03T19:00:00Z,5868.0,5868.0,False,False,False,
2023-11-03T20:00:00Z,5745.0,5745.0,False,False,False,
2023-11-03T21:00:00Z,5816.0,5816.0,False,False,False,
2023-11-03T22:00:00Z,6032.0,6032.0,False,False,False,
2023-11-03T23:00:00Z,6337.0,6337.0,False,False,False,
2023-11-04T00:00:00Z,6590.0,6590.0,False,False,False,
2023-11-04T01:00:00Z,6622.0,6622.0,False,False,False,
2023-11-04T02:00:00Z,6549.0,6549.0,False,False,False,
2023-11-04T03:00:00Z,6409.0,6409.0,False,False,False,
2023-11-04T04:00:00Z,6249.0,6249.0,False,False,False,
2023-11-04T05:00:00Z,6106.0,6106.0,False,False,False,
2023-11-04T06:00:00Z,6080.0,6080.0,False,False,False,
2023-11-04T07:00:00Z,6114.0,6114.0,False,False,False,
2023-11-04T08:00:00Z,6199.0,6199.0,False,False,False,
2023-11-04T09:00:00Z,6363.0,6363.0,False,False,False,
2023-11-04T10:00:00Z,6627.0,6627.0,False,False,False,
2023-11-04T11:00:00Z,6995.0,6995.0,False,False,False,
2023-11-04T12:00:00Z,7340.0,7340.0,False,False,False,
2023-11-04T13:00:00Z,7482.0,7482.0,False,False,False,
2023-11-04T14:00:00Z,7021.0,7021.0,False,False,False,
2023-11-04T15:00:00Z,6378.0,6378.0,False,False,False,
2023-11-04T16:00:00Z,5880.0,5880.0,False,False,False,
2023-11-04T17:00:00Z,5539.0,5539.0,False,False,False,
2023-11-04T18:00:00Z,5371.0,5371.0,False,False,False,
2023-11-04T19:00:00Z,5295.0,5295.0,False,False,False,
2023-11-04T20:00:00Z,5319.0,5319.0,False,False,False,
2023-11-04T21:00:00Z,5447.0,5447.0,False,False,False,
2023-11-04T22:00:00Z,5676.0,5676.0,False,False,False,
2023-11-04T23:00:00Z,5914.0,5914.0,False,False,False,
2023-11-05T00:00:00Z,5997.0,5997.0,False,False,False,
2023-11-05T01:00:00Z,5893.0,5893.0,False,False,False,
2023-11-05T02:00:00Z,5778.0,5778.0,False,False,False,
2023-11-05T03:00:00Z,5565.0,5565.0,False,False,False,
2023-11-05T04:00:00Z,5344.0,5344.0,False,False,False,
2023-11-05T05:00:00Z,5222.0,5222.0,False,False,False,
2023-11-05T06:00:00Z,5097.0,5097.0,False,False,False,
2023-11-05T07:00:00Z,5099.0,5099.0,False,False,False,
2023-11-05T08:00:00Z,5147.0,5147.0,False,False,False,
2023-11-05T09:00:00Z,5265.0,5265.0,False,False,False,
2023-11-05T10:00:00Z,5447.0,5447.0,False,False,False,
2023-11-05T11:00:00Z,5737.0,5737.0,False,False,False,
2023-11-05T12:00:00Z,6089.0,6089.0,False,False,False,
2023-11-05T13:00:00Z,6398.0,6398.0,False,False,False,
2023-11-05T14:00:00Z,6339.0,6339.0,False,False,False,
2023-11-05T15:00:00Z,5975.0,5975.0,False,False,False,
2023-11-05T16:00:00Z,5631.0,5631.0,False,False,False,
2023-11-05T17:00:00Z,5451.0,5451.0,False,False,False,
2023-11-05T18:00:00Z,5352.0,5352.0,False,False,False,
2023-11-05T19:00:00Z,5344.0,5344.0,False,False,False,
2023-11-05T20:00:00Z,5413.0,5413.0,False,False,False,
2023-11-05T21:00:00Z,5544.0,5544.0,False,False,False,
2023-11-05T22:00:00Z,5784.0,5784.0,False,False,False,
2023-11-05T23:00:00Z,6103.0,6103.0,False,False,False,
2023-11-06T00:00:00Z,6278.0,6278.0,False,False,False,
2023-11-06T01:00:00Z,6130.0,6130.0,False,False,False,
2023-11-06T02:00:00Z,5976.0,5976.0,False,False,False,
2023-11-06T03:00:00Z,5706.0,5706.0,False,False,False,
2023-11-06T04:00:00Z,5363.0,5363.0,False,False,False,
2023-11-06T05:00:00Z,5131.0,5131.0,False,False,False,
2023-11-06T06:00:00Z,4979.0,4979.0,False,False,False,
2023-11-06T07:00:00Z,4964.0,4964.0,False,False,False,
2023-11-06T08:00:00Z,5012.0,5012.0,False,False,False,
2023-11-06T09:00:00Z,5133.0,5133.0,False,False,False,
2023-11-06T10:00:00Z,5453.0,5453.0,False,False,False,
2023-11-06T11:00:00Z,6064.0,6064.0,False,False,False,
2023-11-06T12:00:00Z,6830.0,6830.0,False,False,False,
2023-11-06T13:00:00Z,7007.0,7007.0,False,False,False,
2023-11-06T14:00:00Z,6625.0,6625.0,False,False,False,
2023-11-06T15:00:00Z,6192.0,6192.0,False,False,False,
2023-11-06T16:00:00Z,5947.0,5947.0,False,False,False,
2023-11-06T17:00:00Z,5828.0,5828.0,False,False,False,
2023-11-06T18:00:00Z,5775.0,5775.0,False,False,False,
2023-11-06T19:00:00Z,5839.0,5839.0,False,False,False,
2023-11-06T20:00:00Z,5886.0,5886.0,False,False,False,
2023-11-06T21:00:00Z,6001.0,6001.0,False,False,False,
2023-11-06T22:00:00Z,6205.0,6205.0,False,False,False,
2023-11-06T23:00:00Z,6505.0,6505.0,False,False,False,
2023-11-07T00:00:00Z,6653.0,6653.0,False,False,False,
2023-11-07T01:00:00Z,6508.0,6508.0,False,False,False,
2023-11-07T02:00:00Z,6245.0,6245.0,False,False,False,
2023-11-07T03:00:00Z,5925.0,5925.0,False,False,False,
2023-11-07T04:00:00Z,5508.0,5508.0,False,False,False,
2023-11-07T05:00:00Z,5208.0,5208.0,False,False,False,
2023-11-07T06:00:00Z,4972.0,4972.0,False,False,False,
2023-11-07T07:00:00Z,4908.0,4908.0,False,False,False,
2023-11-07T08:00:00Z,4894.0,4894.0,False,False,False,
2023-11-07T09:00:00Z,4962.0,4962.0,False,False,False,
2023-11-07T10:00:00Z,5183.0,5183.0,False,False,False,
2023-11-07T11:00:00Z,5674.0,5674.0,False,False,False,
2023-11-07T12:00:00Z,6371.0,6371.0,False,False,False,
2023-11-07T13:00:00Z,6588.0,6588.0,False,False,False,
2023-11-07T14:00:00Z,6328.0,6328.0,False,False,False,
2023-11-07T15:00:00Z,6011.0,6011.0,False,False,False,
2023-11-07T16:00:00Z,5859.0,5859.0,False,False,False,
2023-11-07T17:00:00Z,5797.0,5797.0,False,False,False,
2023-11-07T18:00:00Z,5867.0,5867.0,False,False,False,
2023-11-07T19:00:00Z,5985.0,5985.0,False,False,False,
2023-11-07T20:00:00Z,6082.0,6082.0,False,False,False,
2023-11-07T21:00:00Z,6259.0,6259.0,False,False,False,
2023-11-07T22:00:00Z,6411.0,6411.0,False,False,False,
2023-11-07T23:00:00Z,6643.0,6643.0,False,False,False,
2023-11-08T00:00:00Z,6739.0,6739.0,False,False,False,
2023-11-08T01:00:00Z,6555.0,6555.0,False,False,False,
2023-11-08T02:00:00Z,6296.0,6296.0,False,False,False,
2023-11-08T03:00:00Z,5943.0,5943.0,False,False,False,
2023-11-08T04:00:00Z,5489.0,5489.0,False,False,False,
2023-11-08T05:00:00Z,5082.0,5082.0,False,False,False,
2023-11-08T06:00:00Z,4811.0,4811.0,False,False,False,
2023-11-08T07:00:00Z,4670.0,4670.0,False,False,False,
2023-11-08T08:00:00Z,4602.0,4602.0,False,False,False,
2023-11-08T09:00:00Z,4618.0,4618.0,False,False,False,
2023-11-08T10:00:00Z,4792.0,4792.0,False,False,False,
2023-11-08T11:00:00Z,5256.0,5256.0,False,False,False,
2023-11-08T12:00:00Z,5934.0,5934.0,False,False,False,
2023-11-08T13:00:00Z,6106.0,6106.0,False,False,False,
2023-11-08T14:00:00Z,5918.0,5918.0,False,False,False,
2023-11-08T15:00:00Z,5782.0,5782.0,False,False,False,
2023-11-08T16:00:00Z,5772.0,5772.0,False,False,False,
2023-11-08T17:00:00Z,5841.0,5841.0,False,False,False,
2023-11-08T18:00:00Z,5971.0,5971.0,False,False,False,
2023-11-08T19:00:00Z,6122.0,6122.0,False,False,False,
2023-11-08T20:00:00Z,6265.0,6265.0,False,False,False,
2023-11-08T21:00:00Z,6388.0,6388.0,False,False,False,
2023-11-08T22:00:00Z,6550.0,6550.0,False,False,False,
2023-11-08T23:00:00Z,6718.0,6718.0,False,False,False,
2023-11-09T00:00:00Z,6812.0,6812.0,False,False,False,
2023-11-09T01:00:00Z,6614.0,6614.0,False,False,False,
2023-11-09T02:00:00Z,6340.0,6340.0,False,False,False,
2023-11-09T03:00:00Z,5986.0,5986.0,False,False,False,
2023-11-09T04:00:00Z,5535.0,5535.0,False,False,False,
2023-11-09T05:00:00Z,5118.0,5118.0,False,False,False,
2023-11-09T06:00:00Z,4835.0,4835.0,False,False,False,
2023-11-09T07:00:00Z,4692.0,4692.0,False,False,False,
2023-11-09T08:00:00Z,4583.0,4583.0,False,False,False,
2023-11-09T09:00:00Z,4589.0,4589.0,False,False,False,
2023-11-09T10:00:00Z,4673.0,4673.0,False,False,False,
2023-11-09T11:00:00Z,5073.0,5073.0,False,False,False,
2023-11-09T12:00:00Z,5714.0,5714.0,False,False,False,
2023-11-09T13:00:00Z,5930.0,5930.0,False,False,False,
2023-11-09T14:00:00Z,5869.0,5869.0,False,False,False,
2023-11-09T15:00:00Z,5847.0,5847.0,False,False,False,
2023-11-09T16:00:00Z,5843.0,5843.0,False,False,False,
2023-11-09T17:00:00Z,5900.0,5900.0,False,False,False,
2023-11-09T18:00:00Z,6041.0,6041.0,False,False,False,
2023-11-09T19:00:00Z,6288.0,6288.0,False,False,False,
2023-11-09T20:00:00Z,6449.0,6449.0,False,False,False,
2023-11-09T21:00:00Z,6599.0,6599.0,False,False,False,
2023-11-09T22:00:00Z,6700.0,6700.0,False,False,False,
2023-11-09T23:00:00Z,6856.0,6856.0,False,False,False,
2023-11-10T00:00:00Z,6856.0,6856.0,False,False,False,
2023-11-10T01:00:00Z,6662.0,6662.0,False,False,False,
2023-11-10T02:00:00Z,6389.0,6389.0,False,False,False,
2023-11-10T03:00:00Z,6054.0,6054.0,False,False,False,
2023-11-10T04:00:00Z,5657.0,5657.0,False,False,False,
2023-11-10T05:00:00Z,5246.0,5246.0,False,False,False,
2023-11-10T06:00:00Z,4936.0,4936.0,False,False,False,
2023-11-10T07:00:00Z,4708.0,4708.0,False,False,False,
2023-11-10T08:00:00Z,4575.0,4575.0,False,False,False,
2023-11-10T09:00:00Z,4527.0,4527.0,False,False,False,
2023-11-10T10:00:00Z,4579.0,4579.0,False,False,False,
2023-11-10T11:00:00Z,4828.0,4828.0,False,False,False,
2023-11-10T12:00:00Z,5182.0,5182.0,False,False,False,
2023-11-10T13:00:00Z,5464.0,5464.0,False,False,False,
2023-11-10T14:00:00Z,5680.0,5680.0,False,False,False,
2023-11-10T15:00:00Z,5849.0,5849.0,False,False,False,
2023-11-10T16:00:00Z,5993.0,5993.0,False,False,False,
2023-11-10T17:00:00Z,6103.0,6103.0,False,False,False,
2023-11-10T18:00:00Z,6165.0,6165.0,False,False,False,
2023-11-10T19:00:00Z,6226.0,6226.0,False,False,False,
2023-11-10T20:00:00Z,6171.0,6171.0,False,False,False,
2023-11-10T21:00:00Z,6186.0,6186.0,False,False,False,
2023-11-10T22:00:00Z,6190.0,6190.0,False,False,False,
2023-11-10T23:00:00Z,6460.0,6460.0,False,False,False,
2023-11-11T00:00:00Z,6375.0,6375.0,False,False,False,
2023-11-11T01:00:00Z,6267.0,6267.0,False,False,False,
2023-11-11T02:00:00Z,6031.0,6031.0,False,False,False,
2023-11-11T03:00:00Z,5801.0,5801.0,False,False,False,
2023-11-11T04:00:00Z,5521.0,5521.0,False,False,False,
2023-11-11T05:00:00Z,5252.0,5252.0,False,False,False,
2023-11-11T06:00:00Z,4986.0,4986.0,False,False,False,
2023-11-11T07:00:00Z,4816.0,4816.0,False,False,False,
2023-11-11T08:00:00Z,4726.0,4726.0,False,False,False,
2023-11-11T09:00:00Z,4679.0,4679.0,False,False,False,
2023-11-11T10:00:00Z,4793.0,4793.0,False,False,False,
2023-11-11T11:00:00Z,4949.0,4949.0,False,False,False,
2023-11-11T12:00:00Z,5237.0,5237.0,False,False,False,
2023-11-11T13:00:00Z,5518.0,5518.0,False,False,False,
2023-11-11T14:00:00Z,5930.0,5930.0,False,False,False,
2023-11-11T15:00:00Z,6156.0,6156.0,False,False,False,
2023-11-11T16:00:00Z,6228.0,6228.0,False,False,False,
2023-11-11T17:00:00Z,6169.0,6169.0,False,False,False,
2023-11-11T18:00:00Z,6135.0,6135.0,False,False,False,
2023-11-11T19:00:00Z,6071.0,6071.0,False,False,False,
2023-11-11T20:00:00Z,6070.0,6070.0,False,False,False,
2023-11-11T21:00:00Z,6048.0,6048.0,False,False,False,
2023-11-11T22:00:00Z,6215.0,6215.0,False,False,False,
2023-11-11T23:00:00Z,6586.0,6586.0,False,False,False,
2023-11-12T00:00:00Z,6599.0,6599.0,False,False,False,
2023-11-12T01:00:00Z,6405.0,6405.0,False,False,False,
2023-11-12T02:00:00Z,6270.0,6270.0,False,False,False,
2023-11-12T03:00:00Z,6090.0,6090.0,False,False,False,
2023-11-12T04:00:00Z,5811.0,5811.0,False,False,False,
2023-11-12T05:00:00Z,5504.0,5504.0,False,False,False,
2023-11-12T06:00:00Z,5277.0,5277.0,False,False,False,
2023-11-12T07:00:00Z,5104.0,5104.0,False,False,False,
2023-11-12T08:00:00Z,4999.0,4999.0,False,False,False,
2023-11-12T09:00:00Z,4963.0,4963.0,False,False,False,
2023-11-12T10:00:00Z,5062.0,5062.0,False,False,False,
2023-11-12T11:00:00Z,5231.0,5231.0,False,False,False,
2023-11-12T12:00:00Z,5450.0,5450.0,False,False,False,
2023-11-12T13:00:00Z,5752.0,5752.0,False,False,False,
2023-11-12T14:00:00Z,6043.0,6043.0,False,False,False,
2023-11-12T15:00:00Z,6166.0,6166.0,False,False,False,
2023-11-12T16:00:00Z,6037.0,6037.0,False,False,False,
2023-11-12T17:00:00Z,5858.0,5858.0,False,False,False,
2023-11-12T18:00:00Z,5780.0,5780.0,False,False,False,
2023-11-12T19:00:00Z,5721.0,5721.0,False,False,False,
2023-11-12T20:00:00Z,5702.0,5702.0,False,False,False,
2023-11-12T21:00:00Z,5816.0,5816.0,False,False,False,
2023-11-12T22:00:00Z,6042.0,6042.0,False,False,False,
2023-11-12T23:00:00Z,6568.0,6568.0,False,False,False,
2023-11-13T00:00:00Z,6733.0,6733.0,False,False,False,
2023-11-13T01:00:00Z,6691.0,6691.0,False,False,False,
2023-11-13T02:00:00Z,6584.0,6584.0,False,False,False,
2023-11-13T03:00:00Z,6326.0,6326.0,False,False,False,
2023-11-13T04:00:00Z,5990.0,5990.0,False,False,False,
2023-11-13T05:00:00Z,5696.0,5696.0,False,False,False,
2023-11-13T06:00:00Z,5527.0,5527.0,False,False,False,
2023-11-13T07:00:00Z,5472.0,5472.0,False,False,False,
2023-11-13T08:00:00Z,5513.0,5513.0,False,False,False,
2023-11-13T09:00:00Z,5657.0,5657.0,False,False,False,
2023-11-13T10:00:00Z,5910.0,5910.0,False,False,False,
2023-11-13T11:00:00Z,6521.0,6521.0,False,False,False,
2023-11-13T12:00:00Z,7342.0,7342.0,False,False,False,
2023-11-13T13:00:00Z,7604.0,7604.0,False,False,False,
2023-11-13T14:00:00Z,7179.0,7179.0,False,False,False,
2023-11-13T15:00:00Z,6710.0,6710.0,False,False,False,
2023-11-13T16:00:00Z,6343.0,6343.0,False,False,False,
2023-11-13T17:00:00Z,6076.0,6076.0,False,False,False,
2023-11-13T18:00:00Z,5864.0,5864.0,False,False,False,
2023-11-13T19:00:00Z,5761.0,5761.0,False,False,False,
2023-11-13T20:00:00Z,5752.0,5752.0,False,False,False,
2023-11-13T21:00:00Z,5829.0,5829.0,False,False,False,
2023-11-13T22:00:00Z,6160.0,6160.0,False,False,False,
2023-11-13T23:00:00Z,6709.0,6709.0,False,False,False,
2023-11-14T00:00:00Z,7003.0,7003.0,False,False,False,
2023-11-14T01:00:00Z,7006.0,7006.0,False,False,False,
2023-11-14T02:00:00Z,6914.0,6914.0,False,False,False,
2023-11-14T03:00:00Z,6687.0,6687.0,False,False,False,
2023-11-14T04:00:00Z,6374.0,6374.0,False,False,False,
2023-11-14T05:00:00Z,6080.0,6080.0,False,False,False,
2023-11-14T06:00:00Z,5951.0,5951.0,False,False,False,
2023-11-14T07:00:00Z,5890.0,5890.0,False,False,False,
2023-11-14T08:00:00Z,5955.0,5955.0,False,False,False,
2023-11-14T09:00:00Z,6003.0,6003.0,False,False,False,
2023-11-14T10:00:00Z,6285.0,6285.0,False,False,False,
2023-11-14T11:00:00Z,6827.0,6827.0,False,False,False,
2023-11-14T12:00:00Z,7607.0,7607.0,False,False,False,
2023-11-14T13:00:00Z,7806.0,7806.0,False,False,False,
2023-11-14T14:00:00Z,7309.0,7309.0,False,False,False,
2023-11-14T15:00:00Z,6695.0,6695.0,False,False,False,
2023-11-14T16:00:00Z,6257.0,6257.0,False,False,False,
2023-11-14T17:00:00Z,5982.0,5982.0,False,False,False,
2023-11-14T18:00:00Z,5751.0,5751.0,False,False,False,
2023-11-14T19:00:00Z,5690.0,5690.0,False,False,False,
2023-11-14T20:00:00Z,5692.0,5692.0,False,False,False,
2023-11-14T21:00:00Z,5858.0,5858.0,False,False,False,
2023-11-14T22:00:00Z,6122.0,6122.0,False,False,False,
2023-11-14T23:00:00Z,6679.0,6679.0,False,False,False,
2023-11-15T00:00:00Z,6979.0,6979.0,False,False,False,
2023-11-15T01:00:00Z,6986.0,6986.0,False,False,False,
2023-11-15T02:00:00Z,6956.0,6956.0,False,False,False,
2023-11-15T03:00:00Z,6732.0,6732.0,False,False,False,
2023-11-15T04:00:00Z,6390.0,6390.0,False,False,False,
2023-11-15T05:00:00Z,6091.0,6091.0,False,False,False,
2023-11-15T06:00:00Z,5884.0,5884.0,False,False,False,
2023-11-15T07:00:00Z,5844.0,5844.0,False,False,False,
2023-11-15T08:00:00Z,5855.0,5855.0,False,False,False,
2023-11-15T09:00:00Z,5958.0,5958.0,False,False,False,
2023-11-15T10:00:00Z,6178.0,6178.0,False,False,False,
2023-11-15T11:00:00Z,6693.0,6693.0,False,False,False,
2023-11-15T12:00:00Z,7448.0,7448.0,False,False,False,
2023-11-15T13:00:00Z,7638.0,7638.0,False,False,False,
2023-11-15T14:00:00Z,7442.0,7442.0,False,False,False,
2023-11-15T15:00:00Z,7128.0,7128.0,False,False,False,
2023-11-15T16:00:00Z,6795.0,6795.0,False,False,False,
2023-11-15T17:00:00Z,6542.0,6542.0,False,False,False,
2023-11-15T18:00:00Z,6293.0,6293.0,False,False,False,
2023-11-15T19:00:00Z,6189.0,6189.0,False,False,False,
2023-11-15T20:00:00Z,6142.0,6142.0,False,False,False,
2023-11-15T21:00:00Z,6195.0,6195.0,False,False,False,
2023-11-15T22:00:00Z,6421.0,6421.0,False,False,False,
2023-11-15T23:00:00Z,6980.0,6980.0,False,False,False,
2023-11-16T00:00:00Z,7139.0,7139.0,False,False,False,
2023-11-16T01:00:00Z,7055.0,7055.0,False,False,False,
2023-11-16T02:00:00Z,6865.0,6865.0,False,False,False,
2023-11-16T03:00:00Z,6565.0,6565.0,False,False,False,
2023-11-16T04:00:00Z,6171.0,6171.0,False,False,False,
2023-11-16T05:00:00Z,5764.0,5764.0,False,False,False,
2023-11-16T06:00:00Z,5533.0,5533.0,False,False,False,
2023-11-16T07:00:00Z,5450.0,5450.0,False,False,False,
2023-11-16T08:00:00Z,5400.0,5400.0,False,False,False,
2023-11-16T09:00:00Z,5452.0,5452.0,False,False,False,
2023-11-16T10:00:00Z,5659.0,5659.0,False,False,False,
2023-11-16T11:00:00Z,6112.0,6112.0,False,False,False,
2023-11-16T12:00:00Z,6807.0,6807.0,False,False,False,
2023-11-16T13:00:00Z,6969.0,6969.0,False,False,False,
2023-11-16T14:00:00Z,6654.0,6654.0,False,False,False,
2023-11-16T15:00:00Z,6295.0,6295.0,False,False,False,
2023-11-16T16:00:00Z,6009.0,6009.0,False,False,False,
2023-11-16T17:00:00Z,5813.0,5813.0,False,False,False,
2023-11-16T18:00:00Z,5747.0,5747.0,False,False,False,
2023-11-16T19:00:00Z,5753.0,5753.0,False,False,False,
2023-11-16T20:00:00Z,5773.0,5773.0,False,False,False,
2023-11-16T21:00:00Z,5905.0,5905.0,False,False,False,
2023-11-16T22:00:00Z,6045.0,6045.0,False,False,False,
2023-11-16T23:00:00Z,6402.0,6402.0,False,False,False,
2023-11-17T00:00:00Z,6574.0,6574.0,False,False,False,
2023-11-17T01:00:00Z,6500.0,6500.0,False,False,False,
2023-11-17T02:00:00Z,6333.0,6333.0,False,False,False,
2023-11-17T03:00:00Z,6057.0,6057.0,False,False,False,
2023-11-17T04:00:00Z,5679.0,5679.0,False,False,False,
2023-11-17T05:00:00Z,5298.0,5298.0,False,False,False,
2023-11-17T06:00:00Z,5017.0,5017.0,False,False,False,
2023-11-17T07:00:00Z,4896.0,4896.0,False,False,False,
2023-11-17T08:00:00Z,4887.0,4887.0,False,False,False,
2023-11-17T09:00:00Z,4880.0,4880.0,False,False,False,
2023-11-17T10:00:00Z,5058.0,5058.0,False,False,False,
2023-11-17T11:00:00Z,5500.0,5500.0,False,False,False,
2023-11-17T12:00:00Z,6170.0,6170.0,False,False,False,
2023-11-17T13:00:00Z,6372.0,6372.0,False,False,False,
2023-11-17T14:00:00Z,6182.0,6182.0,False,False,False,
2023-11-17T15:00:00Z,5937.0,5937.0,False,False,False,
2023-11-17T16:00:00Z,5924.0,5924.0,False,False,False,
2023-11-17T17:00:00Z,5942.0,5942.0,False,False,False,
2023-11-17T18:00:00Z,5882.0,5882.0,False,False,False,
2023-11-17T19:00:00Z,5961.0,5961.0,False,False,False,
2023-11-17T20:00:00Z,6002.0,6002.0,False,False,False,
2023-11-17T21:00:00Z,5954.0,5954.0,False,False,False,
2023-11-17T22:00:00Z,6123.0,6123.0,False,False,False,
2023-11-17T23:00:00Z,6422.0,6422.0,False,False,False,
2023-11-18T00:00:00Z,6402.0,6402.0,False,False,False,
2023-11-18T01:00:00Z,6244.0,6244.0,False,False,False,
2023-11-18T02:00:00Z,6036.0,6036.0,False,False,False,
2023-11-18T03:00:00Z,5806.0,5806.0,False,False,False,
2023-11-18T04:00:00Z,5502.0,5502.0,False,False,False,
2023-11-18T05:00:00Z,5131.0,5131.0,False,False,False,
2023-11-18T06:00:00Z,4839.0,4839.0,False,False,False,
2023-11-18T07:00:00Z,4653.0,4653.0,False,False,False,
2023-11-18T08:00:00Z,4544.0,4544.0,False,False,False,
2023-11-18T09:00:00Z,4458.0,4458.0,False,False,False,
2023-11-18T10:00:00Z,4507.0,4507.0,False,False,False,
2023-11-18T11:00:00Z,4610.0,4610.0,False,False,False,
2023-11-18T12:00:00Z,4826.0,4826.0,False,False,False,
2023-11-18T13:00:00Z,5030.0,5030.0,False,False,False,
2023-11-18T14:00:00Z,5245.0,5245.0,False,False,False,
2023-11-18T15:00:00Z,5332.0,5332.0,False,False,False,
2023-11-18T16:00:00Z,5462.0,5462.0,False,False,False,
2023-11-18T17:00:00Z,5529.0,5529.0,False,False,False,
2023-11-18T18:00:00Z,5640.0,5640.0,False,False,False,
2023-11-18T19:00:00Z,5721.0,5721.0,False,False,False,
2023-11-18T20:00:00Z,5830.0,5830.0,False,False,False,
2023-11-18T21:00:00Z,5915.0,5915.0,False,False,False,
2023-11-18T22:00:00Z,5969.0,5969.0,False,False,False,
2023-11-18T23:00:00Z,6156.0,6156.0,False,False,False,
2023-11-19T00:00:00Z,6131.0,6131.0,False,False,False,
2023-11-19T01:00:00Z,5932.0,5932.0,False,False,False,
2023-11-19T02:00:00Z,5757.0,5757.0,False,False,False,
2023-11-19T03:00:00Z,5532.0,5532.0,False,False,False,
2023-11-19T04:00:00Z,5241.0,5241.0,False,False,False,
2023-11-19T05:00:00Z,5011.0,5011.0,False,False,False,
2023-11-19T06:00:00Z,4673.0,4673.0,False,False,False,
2023-11-19T07:00:00Z,4670.0,4670.0,False,False,False,
2023-11-19T08:00:00Z,4690.0,4690.0,False,False,False,
2023-11-19T09:00:00Z,4776.0,4776.0,False,False,False,
2023-11-19T10:00:00Z,4944.0,4944.0,False,False,False,
2023-11-19T11:00:00Z,5225.0,5225.0,False,False,False,
2023-11-19T12:00:00Z,5650.0,5650.0,False,False,False,
2023-11-19T13:00:00Z,6113.0,6113.0,False,False,False,
2023-11-19T14:00:00Z,6219.0,6219.0,False,False,False,
2023-11-19T15:00:00Z,6014.0,6014.0,False,False,False,
2023-11-19T16:00:00Z,5584.0,5584.0,False,False,False,
2023-11-19T17:00:00Z,5425.0,5425.0,False,False,False,
2023-11-19T18:00:00Z,5321.0,5321.0,False,False,False,
2023-11-19T19:00:00Z,5289.0,5289.0,False,False,False,
2023-11-19T20:00:00Z,5252.0,5252.0,False,False,False,
2023-11-19T21:00:00Z,5420.0,5420.0,False,False,False,
2023-11-19T22:00:00Z,5745.0,5745.0,False,False,False,
2023-11-19T23:00:00Z,6305.0,6305.0,False,False,False,
2023-11-20T00:00:00Z,6594.0,6594.0,False,False,False,
2023-11-20T01:00:00Z,6637.0,6637.0,False,False,False,
2023-11-20T02:00:00Z,6683.0,6683.0,False,False,False,
2023-11-20T03:00:00Z,6571.0,6571.0,False,False,False,
2023-11-20T04:00:00Z,6306.0,6306.0,False,False,False,
2023-11-20T05:00:00Z,6085.0,6085.0,False,False,False,
2023-11-20T06:00:00Z,6030.0,6030.0,False,False,False,
2023-11-20T07:00:00Z,6063.0,6063.0,False,False,False,
2023-11-20T08:00:00Z,6159.0,6159.0,False,False,False,
2023-11-20T09:00:00Z,6337.0,6337.0,False,False,False,
2023-11-20T10:00:00Z,6674.0,6674.0,False,False,False,
2023-11-20T11:00:00Z,7317.0,7317.0,False,False,False,
2023-11-20T12:00:00Z,8209.0,8209.0,False,False,False,
2023-11-20T13:00:00Z,8467.0,8467.0,False,False,False,
2023-11-20T14:00:00Z,7759.0,7759.0,False,False,False,
2023-11-20T15:00:00Z,6939.0,6939.0,False,False,False,
2023-11-20T16:00:00Z,6453.0,6453.0,False,False,False,
2023-11-20T17:00:00Z,6127.0,6127.0,False,False,False,
2023-11-20T18:00:00Z,5935.0,5935.0,False,False,False,
2023-11-20T19:00:00Z,5889.0,5889.0,False,False,False,
2023-11-20T20:00:00Z,5882.0,5882.0,False,False,False,
2023-11-20T21:00:00Z,6045.0,6045.0,False,False,False,
2023-11-20T22:00:00Z,6341.0,6341.0,False,False,False,
2023-11-20T23:00:00Z,6835.0,6835.0,False,False,False,
2023-11-21T00:00:00Z,7006.0,7006.0,False,False,False,
2023-11-21T01:00:00Z,6915.0,6915.0,False,False,False,
2023-11-21T02:00:00Z,6759.0,6759.0,False,False,False,
2023-11-21T03:00:00Z,6445.0,6445.0,False,False,False,
2023-11-21T04:00:00Z,6029.0,6029.0,False,False,False,
2023-11-21T05:00:00Z,5618.0,5618.0,False,False,False,
2023-11-21T06:00:00Z,5328.0,5328.0,False,False,False,
2023-11-21T07:00:00Z,5199.0,5199.0,False,False,False,
2023-11-21T08:00:00Z,5129.0,5129.0,False,False,False,
2023-11-21T09:00:00Z,5145.0,5145.0,False,False,False,
2023-11-21T10:00:00Z,5291.0,5291.0,False,False,False,
2023-11-21T11:00:00Z,5711.0,5711.0,False,False,False,
2023-11-21T12:00:00Z,6416.0,6416.0,False,False,False,
2023-11-21T13:00:00Z,6480.0,6480.0,False,False,False,
2023-11-21T14:00:00Z,6586.0,6586.0,False,False,False,
2023-11-21T15:00:00Z,6624.0,6624.0,False,False,False,
2023-11-21T16:00:00Z,6602.0,6602.0,False,False,False,
2023-11-21T17:00:00Z,6542.0,6542.0,False,False,False,
2023-11-21T18:00:00Z,6466.0,6466.0,False,False,False,
2023-11-21T19:00:00Z,6463.0,6463.0,False,False,False,
2023-11-21T20:00:00Z,6436.0,6436.0,False,False,False,
2023-11-21T21:00:00Z,6443.0,6443.0,False,False,False,
2023-11-21T22:00:00Z,6591.0,6591.0,False,False,False,
2023-11-21T23:00:00Z,6841.0,6841.0,False,False,False,
2023-11-22T00:00:00Z,6799.0,6799.0,False,False,False,
2023-11-22T01:00:00Z,6648.0,6648.0,False,False,False,
2023-11-22T02:00:00Z,6463.0,6463.0,False,False,False,
2023-11-22T03:00:00Z,6163.0,6163.0,False,False,False,
2023-11-22T04:00:00Z,5782.0,5782.0,False,False,False,
2023-11-22T05:00:00Z,5366.0,5366.0,False,False,False,
2023-11-22T06:00:00Z,5050.0,5050.0,False,False,False,
2023-11-22T07:00:00Z,4840.0,4840.0,False,False,False,
2023-11-22T08:00:00Z,4738.0,4738.0,False,False,False,
2023-11-22T09:00:00Z,4683.0,4683.0,False,False,False,
2023-11-22T10:00:00Z,4772.0,4772.0,False,False,False,
2023-11-22T11:00:00Z,4993.0,4993.0,False,False,False,
2023-11-22T12:00:00Z,5348.0,5348.0,False,False,False,
2023-11-22T13:00:00Z,5741.0,5741.0,False,False,False,
2023-11-22T14:00:00Z,6040.0,6040.0,False,False,False,
2023-11-22T15:00:00Z,6220.0,6220.0,False,False,False,
2023-11-22T16:00:00Z,6351.0,6351.0,False,False,False,
2023-11-22T17:00:00Z,6307.0,6307.0,False,False,False,
2023-11-22T18:00:00Z,6249.0,6249.0,False,False,False,
2023-11-22T19:00:00Z,6137.0,6137.0,False,False,False,
2023-11-22T20:00:00Z,6075.0,6075.0,False,False,False,
2023-11-22T21:00:00Z,6058.0,6058.0,False,False,False,
2023-11-22T22:00:00Z,6176.0,6176.0,False,False,False,
2023-11-22T23:00:00Z,6533.0,6533.0,False,False,False,
2023-11-23T00:00:00Z,6602.0,6602.0,False,False,False,
2023-11-23T01:00:00Z,6521.0,6521.0,False,False,False,
2023-11-23T02:00:00Z,6410.0,6410.0,False,False,False,
2023-11-23T03:00:00Z,6261.0,6261.0,False,False,False,
2023-11-23T04:00:00Z,6026.0,6026.0,False,False,False,
2023-11-23T05:00:00Z,5731.0,5731.0,False,False,False,
2023-11-23T06:00:00Z,5484.0,5484.0,False,False,False,
2023-11-23T07:00:00Z,5349.0,5349.0,False,False,False,
2023-11-23T08:00:00Z,5309.0,5309.0,False,False,False,
2023-11-23T09:00:00Z,5335.0,5335.0,False,False,False,
2023-11-23T10:00:00Z,5517.0,5517.0,False,False,False,
2023-11-23T11:00:00Z,5822.0,5822.0,False,False,False,
2023-11-23T12:00:00Z,6247.0,6247.0,False,False,False,
2023-11-23T13:00:00Z,6695.0,6695.0,False,False,False,
2023-11-23T14:00:00Z,6786.0,6786.0,False,False,False,
2023-11-23T15:00:00Z,6623.0,6623.0,False,False,False,
2023-11-23T16:00:00Z,6448.0,6448.0,False,False,False,
2023-11-23T17:00:00Z,6219.0,6219.0,False,False,False,
2023-11-23T18:00:00Z,5906.0,5906.0,False,False,False,
2023-11-23T19:00:00Z,5555.0,5555.0,False,False,False,
2023-11-23T20:00:00Z,5418.0,5418.0,False,False,False,
2023-11-23T21:00:00Z,5255.0,5255.0,False,False,False,
2023-11-23T22:00:00Z,5305.0,5305.0,False,False,False,
2023-11-23T23:00:00Z,5637.0,5637.0,False,False,False,
2023-11-24T00:00:00Z,5721.0,5721.0,False,False,False,
2023-11-24T01:00:00Z,5839.0,5839.0,False,False,False,
2023-11-24T02:00:00Z,5955.0,5955.0,False,False,False,
2023-11-24T03:00:00Z,5983.0,5983.0,False,False,False,
2023-11-24T04:00:00Z,5896.0,5896.0,False,False,False,
2023-11-24T05:00:00Z,5751.0,5751.0,False,False,False,
2023-11-24T06:00:00Z,5620.0,5620.0,False,False,False,
2023-11-24T07:00:00Z,5516.0,5516.0,False,False,False,
2023-11-24T08:00:00Z,5452.0,5452.0,False,False,False,
2023-11-24T09:00:00Z,5503.0,5503.0,False,False,False,
2023-11-24T10:00:00Z,5627.0,5627.0,False,False,False,
2023-11-24T11:00:00Z,5925.0,5925.0,False,False,False,
2023-11-24T12:00:00Z,6296.0,6296.0,False,False,False,
2023-11-24T13:00:00Z,6576.0,6576.0,False,False,False,
2023-11-24T14:00:00Z,6603.0,6603.0,False,False,False,
2023-11-24T15:00:00Z,6320.0,6320.0,False,False,False,
2023-11-24T16:00:00Z,5933.0,5933.0,False,False,False,
2023-11-24T17:00:00Z,5809.0,5809.0,False,False,False,
2023-11-24T18:00:00Z,5688.0,5688.0,False,False,False,
2023-11-24T19:00:00Z,5608.0,5608.0,False,False,False,
2023-11-24T20:00:00Z,5577.0,5577.0,False,False,False,
2023-11-24T21:00:00Z,5523.0,5523.0,False,False,False,
2023-11-24T22:00:00Z,5590.0,5590.0,False,False,False,
2023-11-24T23:00:00Z,6265.0,6265.0,False,False,False,
2023-11-25T00:00:00Z,6393.0,6393.0,False,False,False,
2023-11-25T01:00:00Z,6422.0,6422.0,False,False,False,
2023-11-25T02:00:00Z,6420.0,6420.0,False,False,False,
2023-11-25T03:00:00Z,6315.0,6315.0,False,False,False,
2023-11-25T04:00:00Z,6159.0,6159.0,False,False,False,
2023-11-25T05:00:00Z,5927.0,5927.0,False,False,False,
2023-11-25T06:00:00Z,5743.0,5743.0,False,False,False,
2023-11-25T07:00:00Z,5624.0,5624.0,False,False,False,
2023-11-25T08:00:00Z,5576.0,5576.0,False,False,False,
2023-11-25T09:00:00Z,5619.0,5619.0,False,False,False,
2023-11-25T10:00:00Z,5748.0,5748.0,False,False,False,
2023-11-25T11:00:00Z,6003.0,6003.0,False,False,False,
2023-11-25T12:00:00Z,6375.0,6375.0,False,False,False,
2023-11-25T13:00:00Z,6699.0,6699.0,False,False,False,
2023-11-25T14:00:00Z,6782.0,6782.0,False,False,False,
2023-11-25T15:00:00Z,6614.0,6614.0,False,False,False,
2023-11-25T16:00:00Z,6406.0,6406.0,False,False,False,
2023-11-25T17:00:00Z,6048.0,6048.0,False,False,False,
2023-11-25T18:00:00Z,5874.0,5874.0,False,False,False,
2023-11-25T19:00:00Z,5631.0,5631.0,False,False,False,
2023-11-25T20:00:00Z,5717.0,5717.0,False,False,False,
2023-11-25T21:00:00Z,5552.0,5552.0,False,False,False,
2023-11-25T22:00:00Z,6306.0,6306.0,False,False,False,
2023-11-25T23:00:00Z,6917.0,6917.0,False,False,False,
2023-11-26T00:00:00Z,7176.0,7176.0,False,False,False,
2023-11-26T01:00:00Z,7222.0,7222.0,False,False,False,
2023-11-26T02:00:00Z,7215.0,7215.0,False,False,False,
2023-11-26T03:00:00Z,7106.0,7106.0,False,False,False,
2023-11-26T04:00:00Z,6861.0,6861.0,False,False,False,
2023-11-26T05:00:00Z,6626.0,6626.0,False,False,False,
2023-11-26T06:00:00Z,6402.0,6402.0,False,False,False,
2023-11-26T07:00:00Z,6255.0,6255.0,False,False,False,
2023-11-26T08:00:00Z,6210.0,6210.0,False,False,False,
2023-11-26T09:00:00Z,6218.0,6218.0,False,False,False,
2023-11-26T10:00:00Z,6308.0,6308.0,False,False,False,
2023-11-26T11:00:00Z,6500.0,6500.0,False,False,False,
2023-11-26T12:00:00Z,6757.0,6757.0,False,False,False,
2023-11-26T13:00:00Z,7018.0,7018.0,False,False,False,
2023-11-26T14:00:00Z,7245.0,7245.0,False,False,False,
2023-11-26T15:00:00Z,7139.0,7139.0,False,False,False,
2023-11-26T16:00:00Z,6962.0,6962.0,False,False,False,
2023-11-26T17:00:00Z,6762.0,6762.0,False,False,False,
2023-11-26T18:00:00Z,6716.0,6716.0,False,False,False,
2023-11-26T19:00:00Z,6642.0,6642.0,False,False,False,
2023-11-26T20:00:00Z,6669.0,6669.0,False,False,False,
2023-11-26T21:00:00Z,6738.0,6738.0,False,False,False,
2023-11-26T22:00:00Z,7026.0,7026.0,False,False,False,
2023-11-26T23:00:00Z,7384.0,7384.0,False,False,False,
2023-11-27T00:00:00Z,7436.0,7436.0,False,False,False,
2023-11-27T01:00:00Z,7342.0,7342.0,False,False,False,
2023-11-27T02:00:00Z,7179.0,7179.0,False,False,False,
2023-11-27T03:00:00Z,6822.0,6822.0,False,False,False,
2023-11-27T04:00:00Z,6398.0,6398.0,False,False,False,
2023-11-27T05:00:00Z,6026.0,6026.0,False,False,False,
2023-11-27T06:00:00Z,5715.0,5715.0,False,False,False,
2023-11-27T07:00:00Z,5593.0,5593.0,False,False,False,
2023-11-27T08:00:00Z,5551.0,5551.0,False,False,False,
2023-11-27T09:00:00Z,5608.0,5608.0,False,False,False,
2023-11-27T10:00:00Z,5826.0,5826.0,False,False,False,
2023-11-27T11:00:00Z,6383.0,6383.0,False,False,False,
2023-11-27T12:00:00Z,7147.0,7147.0,False,False,False,
2023-11-27T13:00:00Z,7485.0,7485.0,False,False,False,
2023-11-27T14:00:00Z,7364.0,7364.0,False,False,False,
2023-11-27T15:00:00Z,7033.0,7033.0,False,False,False,
2023-11-27T16:00:00Z,6672.0,6672.0,False,False,False,
2023-11-27T17:00:00Z,6404.0,6404.0,False,False,False,
2023-11-27T18:00:00Z,6189.0,6189.0,False,False,False,
2023-11-27T19:00:00Z,6053.0,6053.0,False,False,False,
2023-11-27T20:00:00Z,5993.0,5993.0,False,False,False,
2023-11-27T21:00:00Z,6128.0,6128.0,False,False,False,
2023-11-27T22:00:00Z,6551.0,6551.0,False,False,False,
2023-11-27T23:00:00Z,7293.0,7293.0,False,False,False,
2023-11-28T00:00:00Z,7762.0,7762.0,False,False,False,
2023-11-28T01:00:00Z,7922.0,7922.0,False,False,False,
2023-11-28T02:00:00Z,8029.0,8029.0,False,False,False,
2023-11-28T03:00:00Z,7890.0,7890.0,False,False,False,
2023-11-28T04:00:00Z,7594.0,7594.0,False,False,False,
2023-11-28T05:00:00Z,7327.0,7327.0,False,False,False,
2023-11-28T06:00:00Z,7130.0,7130.0,False,False,False,
2023-11-28T07:00:00Z,7197.0,7197.0,False,False,False,
2023-11-28T08:00:00Z,7275.0,7275.0,False,False,False,
2023-11-28T09:00:00Z,7489.0,7489.0,False,False,False,
2023-11-28T10:00:00Z,7889.0,7889.0,False,False,False,
2023-11-28T11:00:00Z,8520.0,8520.0,False,False,False,
2023-11-28T12:00:00Z,9192.0,9192.0,False,False,False,
2023-11-28T13:00:00Z,9367.0,9367.0,False,False,False,
2023-11-28T14:00:00Z,9207.0,9207.0,False,False,False,
2023-11-28T15:00:00Z,8648.0,8648.0,False,False,False,
2023-11-28T16:00:00Z,7989.0,7989.0,False,False,False,
2023-11-28T17:00:00Z,7472.0,7472.0,False,False,False,
2023-11-28T18:00:00Z,7091.0,7091.0,False,False,False,
2023-11-28T19:00:00Z,6781.0,6781.0,False,False,False,
2023-11-28T20:00:00Z,6660.0,6660.0,False,False,False,
2023-11-28T21:00:00Z,6889.0,6889.0,False,False,False,
2023-11-28T22:00:00Z,7450.0,7450.0,False,False,False,
2023-11-28T23:00:00Z,8302.0,8302.0,False,False,False,
2023-11-29T00:00:00Z,8785.0,8785.0,False,False,False,
2023-11-29T01:00:00Z,9013.0,9013.0,False,False,False,
2023-11-29T02:00:00Z,9156.0,9156.0,False,False,False,
2023-11-29T03:00:00Z,9101.0,9101.0,False,False,False,
2023-11-29T04:00:00Z,8834.0,8834.0,False,False,False,
2023-11-29T05:00:00Z,8627.0,8627.0,False,False,False,
2023-11-29T06:00:00Z,8622.0,8622.0,False,False,False,
2023-11-29T07:00:00Z,8711.0,8711.0,False,False,False,
2023-11-29T08:00:00Z,8938.0,8938.0,False,False,False,
2023-11-29T09:00:00Z,9220.0,9220.0,False,False,False,
2023-11-29T10:00:00Z,9632.0,9632.0,False,False,False,
2023-11-29T11:00:00Z,10350.0,10350.0,False,False,False,
2023-11-29T12:00:00Z,11044.0,11044.0,False,False,False,
2023-11-29T13:00:00Z,11223.0,11223.0,False,False,False,
2023-11-29T14:00:00Z,10702.0,10702.0,False,False,False,
2023-11-29T15:00:00Z,9674.0,9674.0,False,False,False,
2023-11-29T16:00:00Z,8810.0,8810.0,False,False,False,
2023-11-29T17:00:00Z,8152.0,8152.0,False,False,False,
2023-11-29T18:00:00Z,7598.0,7598.0,False,False,False,
2023-11-29T19:00:00Z,7249.0,7249.0,False,False,False,
2023-11-29T20:00:00Z,7047.0,7047.0,False,False,False,
2023-11-29T21:00:00Z,7195.0,7195.0,False,False,False,
2023-11-29T22:00:00Z,7803.0,7803.0,False,False,False,
2023-11-29T23:00:00Z,8728.0,8728.0,False,False,False,
2023-11-30T00:00:00Z,9255.0,9255.0,False,False,False,
2023-11-30T01:00:00Z,9435.0,9435.0,False,False,False,
2023-11-30T02:00:00Z,9526.0,9526.0,False,False,False,
2023-11-30T03:00:00Z,9377.0,9377.0,False,False,False,
2023-11-30T04:00:00Z,9065.0,9065.0,False,False,False,
2023-11-30T05:00:00Z,8834.0,8834.0,False,False,False,
2023-11-30T06:00:00Z,8714.0,8714.0,False,False,False,
2023-11-30T07:00:00Z,8805.0,8805.0,False,False,False,
2023-11-30T08:00:00Z,8851.0,8851.0,False,False,False,
2023-11-30T09:00:00Z,9023.0,9023.0,False,False,False,
2023-11-30T10:00:00Z,9344.0,9344.0,False,False,False,
2023-11-30T11:00:00Z,9969.0,9969.0,False,False,False,
2023-11-30T12:00:00Z,10810.0,10810.0,False,False,False,
2023-11-30T13:00:00Z,10986.0,10986.0,False,False,False,
2023-11-30T14:00:00Z,10140.0,10140.0,False,False,False,
2023-11-30T15:00:00Z,8902.0,8902.0,False,False,False,
2023-11-30T16:00:00Z,7858.0,7858.0,False,False,False,
2023-11-30T17:00:00Z,6968.0,6968.0,False,False,False,
2023-11-30T18:00:00Z,6702.0,6702.0,False,False,False,
2023-11-30T19:00:00Z,6091.0,6091.0,False,False,False,
2023-11-30T20:00:00Z,6239.0,6239.0,False,False,False,
2023-11-30T21:00:00Z,6320.0,6320.0,False,False,False,
2023-11-30T22:00:00Z,6723.0,6723.0,False,False,False,
2023-11-30T23:00:00Z,7381.0,7381.0,False,False,False,
2023-12-01T00:00:00Z,7776.0,7776.0,False,False,False,
2023-12-01T01:00:00Z,7954.0,7954.0,False,False,False,
2023-12-01T02:00:00Z,7999.0,7999.0,False,False,False,
2023-12-01T03:00:00Z,7879.0,7879.0,False,False,False,
2023-12-01T04:00:00Z,7618.0,7618.0,False,False,False,
2023-12-01T05:00:00Z,7343.0,7343.0,False,False,False,
2023-12-01T06:00:00Z,7262.0,7262.0,False,False,False,
2023-12-01T07:00:00Z,7238.0,7238.0,False,False,False,
2023-12-01T08:00:00Z,7316.0,7316.0,False,False,False,
2023-12-01T09:00:00Z,7471.0,7471.0,False,False,False,
2023-12-01T10:00:00Z,7706.0,7706.0,False,False,False,
2023-12-01T11:00:00Z,8161.0,8161.0,False,False,False,
2023-12-01T12:00:00Z,8756.0,8756.0,False,False,False,
2023-12-01T13:00:00Z,8792.0,8792.0,False,False,False,
2023-12-01T14:00:00Z,8529.0,8529.0,False,False,False,
2023-12-01T15:00:00Z,7932.0,7932.0,False,False,False,
2023-12-01T16:00:00Z,7501.0,7501.0,False,False,False,
2023-12-01T17:00:00Z,7062.0,7062.0,False,False,False,
2023-12-01T18:00:00Z,6744.0,6744.0,False,False,False,
2023-12-01T19:00:00Z,6553.0,6553.0,False,False,False,
2023-12-01T20:00:00Z,6414.0,6414.0,False,False,False,
2023-12-01T21:00:00Z,6359.0,6359.0,False,False,False,
2023-12-01T22:00:00Z,6497.0,6497.0,False,False,False,
2023-12-01T23:00:00Z,6821.0,6821.0,False,False,False,
2023-12-02T00:00:00Z,6779.0,6779.0,False,False,False,
2023-12-02T01:00:00Z,6610.0,6610.0,False,False,False,
2023-12-02T02:00:00Z,6399.0,6399.0,False,False,False,
2023-12-02T03:00:00Z,6165.0,6165.0,False,False,False,
2023-12-02T04:00:00Z,5805.0,5805.0,False,False,False,
2023-12-02T05:00:00Z,5496.0,5496.0,False,False,False,
2023-12-02T06:00:00Z,5097.0,5097.0,False,False,False,
2023-12-02T07:00:00Z,4898.0,4898.0,False,False,False,
2023-12-02T08:00:00Z,4727.0,4727.0,False,False,False,
2023-12-02T09:00:00Z,4653.0,4653.0,False,False,False,
2023-12-02T10:00:00Z,4677.0,4677.0,False,False,False,
2023-12-02T11:00:00Z,4755.0,4755.0,False,False,False,
2023-12-02T12:00:00Z,4960.0,4960.0,False,False,False,
2023-12-02T13:00:00Z,5199.0,5199.0,False,False,False,
2023-12-02T14:00:00Z,5517.0,5517.0,False,False,False,
2023-12-02T15:00:00Z,5755.0,5755.0,False,False,False,
2023-12-02T16:00:00Z,5838.0,5838.0,False,False,False,
2023-12-02T17:00:00Z,5930.0,5930.0,False,False,False,
2023-12-02T18:00:00Z,5904.0,5904.0,False,False,False,
2023-12-02T19:00:00Z,5897.0,5897.0,False,False,False,
2023-12-02T20:00:00Z,5856.0,5856.0,False,False,False,
2023-12-02T21:00:00Z,5867.0,5867.0,False,False,False,
2023-12-02T22:00:00Z,5985.0,5985.0,False,False,False,
2023-12-02T23:00:00Z,6368.0,6368.0,False,False,False,
2023-12-03T00:00:00Z,6320.0,6320.0,False,False,False,
2023-12-03T01:00:00Z,6179.0,6179.0,False,False,False,
2023-12-03T02:00:00Z,6057.0,6057.0,False,False,False,
2023-12-03T03:00:00Z,5845.0,5845.0,False,False,False,
2023-12-03T04:00:00Z,5538.0,5538.0,False,False,False,
2023-12-03T05:00:00Z,5211.0,5211.0,False,False,False,
2023-12-03T06:00:00Z,4864.0,4864.0,False,False,False,
2023-12-03T07:00:00Z,4639.0,4639.0,False,False,False,
2023-12-03T08:00:00Z,4530.0,4530.0,False,False,False,
2023-12-03T09:00:00Z,4417.0,4417.0,False,False,False,
2023-12-03T10:00:00Z,4374.0,4374.0,False,False,False,
2023-12-03T11:00:00Z,4488.0,4488.0,False,False,False,
2023-12-03T12:00:00Z,4685.0,,True,False,True,same_hour_7d_median_outlier|same_hour_7d_median_outlier
2023-12-03T13:00:00Z,4920.0,,True,False,True,same_hour_7d_median_outlier|same_hour_7d_median_outlier
2023-12-03T14:00:00Z,5307.0,5307.0,False,False,False,
2023-12-03T15:00:00Z,5565.0,5565.0,False,False,False,
2023-12-03T16:00:00Z,5703.0,5703.0,False,False,False,
2023-12-03T17:00:00Z,5750.0,5750.0,False,False,False,
2023-12-03T18:00:00Z,5884.0,5884.0,False,False,False,
2023-12-03T19:00:00Z,5975.0,5975.0,False,False,False,
2023-12-03T20:00:00Z,5963.0,5963.0,False,False,False,
2023-12-03T21:00:00Z,5952.0,5952.0,False,False,False,
2023-12-03T22:00:00Z,6110.0,6110.0,False,False,False,
2023-12-03T23:00:00Z,6514.0,6514.0,False,False,False,
2023-12-04T00:00:00Z,6613.0,6613.0,False,False,False,
2023-12-04T01:00:00Z,6517.0,6517.0,False,False,False,
2023-12-04T02:00:00Z,6385.0,6385.0,False,False,False,
2023-12-04T03:00:00Z,6024.0,6024.0,False,False,False,
2023-12-04T04:00:00Z,5590.0,5590.0,False,False,False,
2023-12-04T05:00:00Z,5124.0,5124.0,False,False,False,
2023-12-04T06:00:00Z,4786.0,4786.0,False,False,False,
2023-12-04T07:00:00Z,4565.0,4565.0,False,False,False,
2023-12-04T08:00:00Z,4522.0,4522.0,False,False,False,
2023-12-04T09:00:00Z,4547.0,4547.0,False,False,False,
2023-12-04T10:00:00Z,4737.0,4737.0,False,False,False,
2023-12-04T11:00:00Z,5207.0,5207.0,False,False,False,
2023-12-04T12:00:00Z,5966.0,5966.0,False,False,False,
2023-12-04T13:00:00Z,6327.0,6327.0,False,False,False,
2023-12-04T14:00:00Z,6326.0,6326.0,False,False,False,
2023-12-04T15:00:00Z,6040.0,6040.0,False,False,False,
2023-12-04T16:00:00Z,5951.0,5951.0,False,False,False,
2023-12-04T17:00:00Z,5805.0,5805.0,False,False,False,
2023-12-04T18:00:00Z,5732.0,5732.0,False,False,False,
2023-12-04T19:00:00Z,5685.0,5685.0,False,False,False,
2023-12-04T20:00:00Z,5733.0,5733.0,False,False,False,
2023-12-04T21:00:00Z,5832.0,5832.0,False,False,False,
2023-12-04T22:00:00Z,6134.0,6134.0,False,False,False,
2023-12-04T23:00:00Z,6694.0,6694.0,False,False,False,
2023-12-05T00:00:00Z,6934.0,6934.0,False,False,False,
2023-12-05T01:00:00Z,7012.0,7012.0,False,False,False,
2023-12-05T02:00:00Z,6928.0,6928.0,False,False,False,
2023-12-05T03:00:00Z,6744.0,6744.0,False,False,False,
2023-12-05T04:00:00Z,6407.0,6407.0,False,False,False,
2023-12-05T05:00:00Z,6033.0,6033.0,False,False,False,
2023-12-05T06:00:00Z,5884.0,5884.0,False,False,False,
2023-12-05T07:00:00Z,5836.0,5836.0,False,False,False,
2023-12-05T08:00:00Z,5894.0,5894.0,False,False,False,
2023-12-05T09:00:00Z,6045.0,6045.0,False,False,False,
2023-12-05T10:00:00Z,6386.0,6386.0,False,False,False,
2023-12-05T11:00:00Z,7066.0,7066.0,False,False,False,
2023-12-05T12:00:00Z,7988.0,7988.0,False,False,False,
2023-12-05T13:00:00Z,8358.0,8358.0,False,False,False,
2023-12-05T14:00:00Z,7938.0,7938.0,False,False,False,
2023-12-05T15:00:00Z,7228.0,7228.0,False,False,False,
2023-12-05T16:00:00Z,6714.0,6714.0,False,False,False,
2023-12-05T17:00:00Z,6309.0,6309.0,False,False,False,
2023-12-05T18:00:00Z,6094.0,6094.0,False,False,False,
2023-12-05T19:00:00Z,5890.0,5890.0,False,False,False,
2023-12-05T20:00:00Z,5840.0,5840.0,False,False,False,
2023-12-05T21:00:00Z,5974.0,5974.0,False,False,False,
2023-12-05T22:00:00Z,6373.0,6373.0,False,False,False,
2023-12-05T23:00:00Z,7065.0,7065.0,False,False,False,
2023-12-06T00:00:00Z,7379.0,7379.0,False,False,False,
2023-12-06T01:00:00Z,7489.0,7489.0,False,False,False,
2023-12-06T02:00:00Z,7525.0,7525.0,False,False,False,
2023-12-06T03:00:00Z,7335.0,7335.0,False,False,False,
2023-12-06T04:00:00Z,6998.0,6998.0,False,False,False,
2023-12-06T05:00:00Z,6612.0,6612.0,False,False,False,
2023-12-06T06:00:00Z,6348.0,6348.0,False,False,False,
2023-12-06T07:00:00Z,6306.0,6306.0,False,False,False,
2023-12-06T08:00:00Z,6321.0,6321.0,False,False,False,
2023-12-06T09:00:00Z,6409.0,6409.0,False,False,False,
2023-12-06T10:00:00Z,6681.0,6681.0,False,False,False,
2023-12-06T11:00:00Z,7276.0,7276.0,False,False,False,
2023-12-06T12:00:00Z,8070.0,8070.0,False,False,False,
2023-12-06T13:00:00Z,8359.0,8359.0,False,False,False,
2023-12-06T14:00:00Z,8095.0,8095.0,False,False,False,
2023-12-06T15:00:00Z,7623.0,7623.0,False,False,False,
2023-12-06T16:00:00Z,7332.0,7332.0,False,False,False,
2023-12-06T17:00:00Z,7245.0,7245.0,False,False,False,
2023-12-06T18:00:00Z,7087.0,7087.0,False,False,False,
2023-12-06T19:00:00Z,6993.0,6993.0,False,False,False,
2023-12-06T20:00:00Z,6948.0,6948.0,False,False,False,
2023-12-06T21:00:00Z,7041.0,7041.0,False,False,False,
2023-12-06T22:00:00Z,7493.0,7493.0,False,False,False,
2023-12-06T23:00:00Z,8327.0,8327.0,False,False,False,
2023-12-07T00:00:00Z,8718.0,8718.0,False,False,False,
2023-12-07T01:00:00Z,8849.0,8849.0,False,False,False,
2023-12-07T02:00:00Z,8902.0,8902.0,False,False,False,
2023-12-07T03:00:00Z,8717.0,8717.0,False,False,False,
2023-12-07T04:00:00Z,8354.0,8354.0,False,False,False,
2023-12-07T05:00:00Z,8030.0,8030.0,False,False,False,
2023-12-07T06:00:00Z,7923.0,7923.0,False,False,False,
2023-12-07T07:00:00Z,8006.0,8006.0,False,False,False,
2023-12-07T08:00:00Z,8220.0,8220.0,False,False,False,
2023-12-07T09:00:00Z,8499.0,,True,False,True,same_hour_7d_median_outlier|same_hour_7d_median_outlier
2023-12-07T10:00:00Z,8983.0,,True,False,True,same_hour_7d_median_outlier|same_hour_7d_median_outlier
2023-12-07T11:00:00Z,9596.0,9596.0,False,False,False,
2023-12-07T12:00:00Z,10233.0,10233.0,False,False,False,
2023-12-07T13:00:00Z,10384.0,10384.0,False,False,False,
2023-12-07T14:00:00Z,9907.0,9907.0,False,False,False,
2023-12-07T15:00:00Z,8837.0,8837.0,False,False,False,
2023-12-07T16:00:00Z,7895.0,7895.0,False,False,False,
2023-12-07T17:00:00Z,7286.0,7286.0,False,False,False,
2023-12-07T18:00:00Z,6863.0,6863.0,False,False,False,
2023-12-07T19:00:00Z,6626.0,6626.0,False,False,False,
2023-12-07T20:00:00Z,6508.0,6508.0,False,False,False,
2023-12-07T21:00:00Z,6617.0,6617.0,False,False,False,
2023-12-07T22:00:00Z,7119.0,7119.0,False,False,False,
2023-12-07T23:00:00Z,7910.0,7910.0,False,False,False,
2023-12-08T00:00:00Z,8289.0,8289.0,False,False,False,
2023-12-08T01:00:00Z,8412.0,8412.0,False,False,False,
2023-12-08T02:00:00Z,8380.0,8380.0,False,False,False,
2023-12-08T03:00:00Z,8176.0,8176.0,False,False,False,
2023-12-08T04:00:00Z,7816.0,7816.0,False,False,False,
2023-12-08T05:00:00Z,7461.0,7461.0,False,False,False,
2023-12-08T06:00:00Z,7296.0,7296.0,False,False,False,
2023-12-08T07:00:00Z,7240.0,7240.0,False,False,False,
2023-12-08T08:00:00Z,7301.0,7301.0,False,False,False,
2023-12-08T09:00:00Z,7402.0,7402.0,False,False,False,
2023-12-08T10:00:00Z,7680.0,7680.0,False,False,False,
2023-12-08T11:00:00Z,8245.0,8245.0,False,False,False,
2023-12-08T12:00:00Z,9051.0,9051.0,False,False,False,
2023-12-08T13:00:00Z,9279.0,9279.0,False,False,False,
2023-12-08T14:00:00Z,8840.0,8840.0,False,False,False,
2023-12-08T15:00:00Z,7921.0,7921.0,False,False,False,
2023-12-08T16:00:00Z,7312.0,7312.0,False,False,False,
2023-12-08T17:00:00Z,6834.0,6834.0,False,False,False,
2023-12-08T18:00:00Z,6509.0,6509.0,False,False,False,
2023-12-08T19:00:00Z,6275.0,6275.0,False,False,False,
2023-12-08T20:00:00Z,6184.0,6184.0,False,False,False,
2023-12-08T21:00:00Z,6256.0,6256.0,False,False,False,
2023-12-08T22:00:00Z,6558.0,6558.0,False,False,False,
2023-12-08T23:00:00Z,7135.0,7135.0,False,False,False,
2023-12-09T00:00:00Z,7210.0,7210.0,False,False,False,
2023-12-09T01:00:00Z,7267.0,7267.0,False,False,False,
2023-12-09T02:00:00Z,7163.0,7163.0,False,False,False,
2023-12-09T03:00:00Z,7020.0,7020.0,False,False,False,
2023-12-09T04:00:00Z,6705.0,6705.0,False,False,False,
2023-12-09T05:00:00Z,6347.0,6347.0,False,False,False,
2023-12-09T06:00:00Z,6093.0,6093.0,False,False,False,
2023-12-09T07:00:00Z,5953.0,5953.0,False,False,False,
2023-12-09T08:00:00Z,5911.0,5911.0,False,False,False,
2023-12-09T09:00:00Z,5890.0,5890.0,False,False,False,
2023-12-09T10:00:00Z,6027.0,6027.0,False,False,False,
2023-12-09T11:00:00Z,6255.0,6255.0,False,False,False,
2023-12-09T12:00:00Z,6551.0,6551.0,False,False,False,
2023-12-09T13:00:00Z,6836.0,6836.0,False,False,False,
2023-12-09T14:00:00Z,6832.0,6832.0,False,False,False,
2023-12-09T15:00:00Z,6412.0,6412.0,False,False,False,
2023-12-09T16:00:00Z,6039.0,6039.0,False,False,False,
2023-12-09T17:00:00Z,5797.0,5797.0,False,False,False,
2023-12-09T18:00:00Z,5663.0,5663.0,False,False,False,
2023-12-09T19:00:00Z,5588.0,5588.0,False,False,False,
2023-12-09T20:00:00Z,5496.0,5496.0,False,False,False,
2023-12-09T21:00:00Z,5652.0,5652.0,False,False,False,
2023-12-09T22:00:00Z,5812.0,5812.0,False,False,False,
2023-12-09T23:00:00Z,6215.0,6215.0,False,False,False,
2023-12-10T00:00:00Z,6238.0,6238.0,False,False,False,
2023-12-10T01:00:00Z,6130.0,6130.0,False,False,False,
2023-12-10T02:00:00Z,6016.0,6016.0,False,False,False,
2023-12-10T03:00:00Z,5846.0,5846.0,False,False,False,
2023-12-10T04:00:00Z,5546.0,5546.0,False,False,False,
2023-12-10T05:00:00Z,5236.0,5236.0,False,False,False,
2023-12-10T06:00:00Z,4933.0,4933.0,False,False,False,
2023-12-10T07:00:00Z,4711.0,4711.0,False,False,False,
2023-12-10T08:00:00Z,4603.0,4603.0,False,False,False,
2023-12-10T09:00:00Z,4526.0,4526.0,False,False,False,
2023-12-10T10:00:00Z,4494.0,,True,False,True,same_hour_7d_median_outlier|same_hour_7d_median_outlier
2023-12-10T11:00:00Z,4595.0,,True,False,True,same_hour_7d_median_outlier|same_hour_7d_median_outlier
2023-12-10T12:00:00Z,4771.0,,True,False,True,same_hour_7d_median_outlier|same_hour_7d_median_outlier
2023-12-10T13:00:00Z,5017.0,,True,False,True,same_hour_7d_median_outlier|same_hour_7d_median_outlier
2023-12-10T14:00:00Z,5369.0,5369.0,False,False,False,
2023-12-10T15:00:00Z,5669.0,5669.0,False,False,False,
2023-12-10T16:00:00Z,5781.0,5781.0,False,False,False,
2023-12-10T17:00:00Z,5869.0,5869.0,False,False,False,
2023-12-10T18:00:00Z,5963.0,5963.0,False,False,False,
2023-12-10T19:00:00Z,5968.0,5968.0,False,False,False,
2023-12-10T20:00:00Z,5973.0,5973.0,False,False,False,
2023-12-10T21:00:00Z,6007.0,6007.0,False,False,False,
2023-12-10T22:00:00Z,6189.0,6189.0,False,False,False,
2023-12-10T23:00:00Z,6580.0,6580.0,False,False,False,
2023-12-11T00:00:00Z,6617.0,6617.0,False,False,False,
2023-12-11T01:00:00Z,6485.0,6485.0,False,False,False,
2023-12-11T02:00:00Z,6317.0,6317.0,False,False,False,
2023-12-11T03:00:00Z,6019.0,6019.0,False,False,False,
2023-12-11T04:00:00Z,5562.0,5562.0,False,False,False,
2023-12-11T05:00:00Z,5162.0,5162.0,False,False,False,
2023-12-11T06:00:00Z,4879.0,4879.0,False,False,False,
2023-12-11T07:00:00Z,4806.0,4806.0,False,False,False,
2023-12-11T08:00:00Z,4868.0,4868.0,False,False,False,
2023-12-11T09:00:00Z,4990.0,4990.0,False,False,False,
2023-12-11T10:00:00Z,5353.0,5353.0,False,False,False,
2023-12-11T11:00:00Z,6017.0,6017.0,False,False,False,
2023-12-11T12:00:00Z,6952.0,6952.0,False,False,False,
2023-12-11T13:00:00Z,7545.0,7545.0,False,False,False,
2023-12-11T14:00:00Z,7576.0,7576.0,False,False,False,
2023-12-11T15:00:00Z,7393.0,7393.0,False,False,False,
2023-12-11T16:00:00Z,7205.0,7205.0,False,False,False,
2023-12-11T17:00:00Z,7026.0,7026.0,False,False,False,
2023-12-11T18:00:00Z,6888.0,6888.0,False,False,False,
2023-12-11T19:00:00Z,6413.0,6413.0,False,False,False,
2023-12-11T20:00:00Z,6698.0,6698.0,False,False,False,
2023-12-11T21:00:00Z,6695.0,6695.0,False,False,False,
2023-12-11T22:00:00Z,7058.0,7058.0,False,False,False,
2023-12-11T23:00:00Z,8175.0,8175.0,False,False,False,
2023-12-12T00:00:00Z,8668.0,8668.0,False,False,False,
2023-12-12T01:00:00Z,8874.0,8874.0,False,False,False,
2023-12-12T02:00:00Z,8991.0,8991.0,False,False,False,
2023-12-12T03:00:00Z,8874.0,8874.0,False,False,False,
2023-12-12T04:00:00Z,8663.0,8663.0,False,False,False,
2023-12-12T05:00:00Z,8400.0,8400.0,False,False,False,
2023-12-12T06:00:00Z,8309.0,8309.0,False,False,False,
2023-12-12T07:00:00Z,8398.0,8398.0,False,False,False,
2023-12-12T08:00:00Z,8532.0,8532.0,False,False,False,
2023-12-12T09:00:00Z,8737.0,8737.0,False,False,False,
2023-12-12T10:00:00Z,9138.0,9138.0,False,False,False,
2023-12-12T11:00:00Z,9856.0,9856.0,False,False,False,
2023-12-12T12:00:00Z,10563.0,10563.0,False,False,False,
2023-12-12T13:00:00Z,10794.0,10794.0,False,False,False,
2023-12-12T14:00:00Z,10355.0,10355.0,False,False,False,
2023-12-12T15:00:00Z,9263.0,9263.0,False,False,False,
2023-12-12T16:00:00Z,8224.0,8224.0,False,False,False,
2023-12-12T17:00:00Z,7325.0,7325.0,False,False,False,
2023-12-12T18:00:00Z,6973.0,6973.0,False,False,False,
2023-12-12T19:00:00Z,6704.0,6704.0,False,False,False,
2023-12-12T20:00:00Z,6472.0,6472.0,False,False,False,
2023-12-12T21:00:00Z,6558.0,6558.0,False,False,False,
2023-12-12T22:00:00Z,7172.0,7172.0,False,False,False,
2023-12-12T23:00:00Z,8075.0,8075.0,False,False,False,
2023-12-13T00:00:00Z,8595.0,8595.0,False,False,False,
2023-12-13T01:00:00Z,8905.0,8905.0,False,False,False,
2023-12-13T02:00:00Z,9115.0,9115.0,False,False,False,
2023-12-13T03:00:00Z,9084.0,9084.0,False,False,False,
2023-12-13T04:00:00Z,8863.0,8863.0,False,False,False,
2023-12-13T05:00:00Z,8653.0,8653.0,False,False,False,
2023-12-13T06:00:00Z,8637.0,8637.0,False,False,False,
2023-12-13T07:00:00Z,8656.0,8656.0,False,False,False,
2023-12-13T08:00:00Z,8819.0,8819.0,False,False,False,
2023-12-13T09:00:00Z,8989.0,8989.0,False,False,False,
2023-12-13T10:00:00Z,9331.0,9331.0,False,False,False,
2023-12-13T11:00:00Z,9862.0,9862.0,False,False,False,
2023-12-13T12:00:00Z,10511.0,10511.0,False,False,False,
2023-12-13T13:00:00Z,10611.0,10611.0,False,False,False,
2023-12-13T14:00:00Z,10298.0,10298.0,False,False,False,
2023-12-13T15:00:00Z,9288.0,9288.0,False,False,False,
2023-12-13T16:00:00Z,8214.0,8214.0,False,False,False,
2023-12-13T17:00:00Z,7444.0,7444.0,False,False,False,
2023-12-13T18:00:00Z,6935.0,6935.0,False,False,False,
2023-12-13T19:00:00Z,6522.0,6522.0,False,False,False,
2023-12-13T20:00:00Z,6405.0,6405.0,False,False,False,
2023-12-13T21:00:00Z,6234.0,6234.0,False,False,False,
2023-12-13T22:00:00Z,6925.0,6925.0,False,False,False,
2023-12-13T23:00:00Z,7707.0,7707.0,False,False,False,
2023-12-14T00:00:00Z,8156.0,8156.0,False,False,False,
2023-12-14T01:00:00Z,8310.0,8310.0,False,False,False,
2023-12-14T02:00:00Z,8377.0,8377.0,False,False,False,
2023-12-14T03:00:00Z,8236.0,8236.0,False,False,False,
2023-12-14T04:00:00Z,7960.0,7960.0,False,False,False,
2023-12-14T05:00:00Z,7689.0,7689.0,False,False,False,
2023-12-14T06:00:00Z,7548.0,7548.0,False,False,False,
2023-12-14T07:00:00Z,7561.0,7561.0,False,False,False,
2023-12-14T08:00:00Z,7604.0,7604.0,False,False,False,
2023-12-14T09:00:00Z,7741.0,7741.0,False,False,False,
2023-12-14T10:00:00Z,8023.0,8023.0,False,False,False,
2023-12-14T11:00:00Z,8654.0,8654.0,False,False,False,
2023-12-14T12:00:00Z,9387.0,9387.0,False,False,False,
2023-12-14T13:00:00Z,9760.0,9760.0,False,False,False,
2023-12-14T14:00:00Z,9327.0,9327.0,False,False,False,
2023-12-14T15:00:00Z,8471.0,8471.0,False,False,False,
2023-12-14T16:00:00Z,7904.0,7904.0,False,False,False,
2023-12-14T17:00:00Z,7269.0,7269.0,False,False,False,
2023-12-14T18:00:00Z,6914.0,6914.0,False,False,False,
2023-12-14T19:00:00Z,6632.0,6632.0,False,False,False,
2023-12-14T20:00:00Z,6407.0,6407.0,False,False,False,
2023-12-14T21:00:00Z,6434.0,6434.0,False,False,False,
2023-12-14T22:00:00Z,7173.0,7173.0,False,False,False,
2023-12-14T23:00:00Z,8063.0,8063.0,False,False,False,
2023-12-15T00:00:00Z,8600.0,8600.0,False,False,False,
2023-12-15T01:00:00Z,8908.0,8908.0,False,False,False,
2023-12-15T02:00:00Z,9134.0,9134.0,False,False,False,
2023-12-15T03:00:00Z,9115.0,9115.0,False,False,False,
2023-12-15T04:00:00Z,8883.0,8883.0,False,False,False,
2023-12-15T05:00:00Z,8700.0,8700.0,False,False,False,
2023-12-15T06:00:00Z,8650.0,8650.0,False,False,False,
2023-12-15T07:00:00Z,8807.0,8807.0,False,False,False,
2023-12-15T08:00:00Z,8932.0,8932.0,False,False,False,
2023-12-15T09:00:00Z,9155.0,9155.0,False,False,False,
2023-12-15T10:00:00Z,9526.0,9526.0,False,False,False,
2023-12-15T11:00:00Z,10155.0,10155.0,False,False,False,
2023-12-15T12:00:00Z,10702.0,10702.0,False,False,False,
2023-12-15T13:00:00Z,10893.0,10893.0,False,False,False,
2023-12-15T14:00:00Z,10478.0,10478.0,False,False,False,
2023-12-15T15:00:00Z,9245.0,9245.0,False,False,False,
2023-12-15T16:00:00Z,8054.0,8054.0,False,False,False,
2023-12-15T17:00:00Z,7272.0,7272.0,False,False,False,
2023-12-15T18:00:00Z,6663.0,6663.0,False,False,False,
2023-12-15T19:00:00Z,6552.0,6552.0,False,False,False,
2023-12-15T20:00:00Z,6113.0,6113.0,False,False,False,
2023-12-15T21:00:00Z,6278.0,6278.0,False,False,False,
2023-12-15T22:00:00Z,6662.0,6662.0,False,False,False,
2023-12-15T23:00:00Z,7426.0,7426.0,False,False,False,
2023-12-16T00:00:00Z,7812.0,7812.0,False,False,False,
2023-12-16T01:00:00Z,8000.0,8000.0,False,False,False,
2023-12-16T02:00:00Z,8184.0,8184.0,False,False,False,
2023-12-16T03:00:00Z,8232.0,8232.0,False,False,False,
2023-12-16T04:00:00Z,8218.0,8218.0,False,False,False,
2023-12-16T05:00:00Z,8032.0,8032.0,False,False,False,
2023-12-16T06:00:00Z,7999.0,7999.0,False,False,False,
2023-12-16T07:00:00Z,8076.0,8076.0,False,False,False,
2023-12-16T08:00:00Z,8202.0,8202.0,False,False,False,
2023-12-16T09:00:00Z,8382.0,8382.0,False,False,False,
2023-12-16T10:00:00Z,8591.0,8591.0,False,False,False,
2023-12-16T11:00:00Z,8927.0,8927.0,False,False,False,
2023-12-16T12:00:00Z,9345.0,9345.0,False,False,False,
2023-12-16T13:00:00Z,9655.0,9655.0,False,False,False,
2023-12-16T14:00:00Z,9441.0,9441.0,False,False,False,
2023-12-16T15:00:00Z,8527.0,8527.0,False,False,False,
2023-12-16T16:00:00Z,7587.0,7587.0,False,False,False,
2023-12-16T17:00:00Z,6833.0,6833.0,False,False,False,
2023-12-16T18:00:00Z,6387.0,6387.0,False,False,False,
2023-12-16T19:00:00Z,5886.0,5886.0,False,False,False,
2023-12-16T20:00:00Z,5942.0,5942.0,False,False,False,
2023-12-16T21:00:00Z,6033.0,6033.0,False,False,False,
2023-12-16T22:00:00Z,6325.0,6325.0,False,False,False,
2023-12-16T23:00:00Z,6952.0,6952.0,False,False,False,
2023-12-17T00:00:00Z,7100.0,7100.0,False,False,False,
2023-12-17T01:00:00Z,7045.0,7045.0,False,False,False,
2023-12-17T02:00:00Z,7057.0,7057.0,False,False,False,
2023-12-17T03:00:00Z,6870.0,6870.0,False,False,False,
2023-12-17T04:00:00Z,6663.0,6663.0,False,False,False,
2023-12-17T05:00:00Z,6289.0,6289.0,False,False,False,
2023-12-17T06:00:00Z,5879.0,5879.0,False,False,False,
2023-12-17T07:00:00Z,5771.0,5771.0,False,False,False,
2023-12-17T08:00:00Z,5730.0,5730.0,False,False,False,
2023-12-17T09:00:00Z,5669.0,5669.0,False,False,False,
2023-12-17T10:00:00Z,5672.0,5672.0,False,False,False,
2023-12-17T11:00:00Z,5629.0,5629.0,False,False,False,
2023-12-17T12:00:00Z,6011.0,6011.0,False,False,False,
2023-12-17T13:00:00Z,6325.0,6325.0,False,False,False,
2023-12-17T14:00:00Z,6616.0,6616.0,False,False,False,
2023-12-17T15:00:00Z,6815.0,6815.0,False,False,False,
2023-12-17T16:00:00Z,6880.0,6880.0,False,False,False,
2023-12-17T17:00:00Z,6916.0,6916.0,False,False,False,
2023-12-17T18:00:00Z,7010.0,7010.0,False,False,False,
2023-12-17T19:00:00Z,6932.0,6932.0,False,False,False,
2023-12-17T20:00:00Z,6882.0,6882.0,False,False,False,
2023-12-17T21:00:00Z,6712.0,6712.0,False,False,False,
2023-12-17T22:00:00Z,6795.0,6795.0,False,False,False,
2023-12-17T23:00:00Z,7012.0,7012.0,False,False,False,
2023-12-18T00:00:00Z,6942.0,6942.0,False,False,False,
2023-12-18T01:00:00Z,6843.0,6843.0,False,False,False,
2023-12-18T02:00:00Z,6646.0,6646.0,False,False,False,
2023-12-18T03:00:00Z,6341.0,6341.0,False,False,False,
2023-12-18T04:00:00Z,5986.0,5986.0,False,False,False,
2023-12-18T05:00:00Z,5570.0,5570.0,False,False,False,
2023-12-18T06:00:00Z,5293.0,5293.0,False,False,False,
2023-12-18T07:00:00Z,5125.0,5125.0,False,False,False,
2023-12-18T08:00:00Z,5068.0,5068.0,False,False,False,
2023-12-18T09:00:00Z,5118.0,5118.0,False,False,False,
2023-12-18T10:00:00Z,5311.0,5311.0,False,False,False,
2023-12-18T11:00:00Z,5809.0,5809.0,False,False,False,
2023-12-18T12:00:00Z,6491.0,6491.0,False,False,False,
2023-12-18T13:00:00Z,6851.0,6851.0,False,False,False,
2023-12-18T14:00:00Z,6786.0,6786.0,False,False,False,
2023-12-18T15:00:00Z,6501.0,6501.0,False,False,False,
2023-12-18T16:00:00Z,6304.0,6304.0,False,False,False,
2023-12-18T17:00:00Z,6096.0,6096.0,False,False,False,
2023-12-18T18:00:00Z,5976.0,5976.0,False,False,False,
2023-12-18T19:00:00Z,5874.0,5874.0,False,False,False,
2023-12-18T20:00:00Z,5839.0,5839.0,False,False,False,
2023-12-18T21:00:00Z,5954.0,5954.0,False,False,False,
2023-12-18T22:00:00Z,6302.0,6302.0,False,False,False,
2023-12-18T23:00:00Z,6975.0,6975.0,False,False,False,
2023-12-19T00:00:00Z,7345.0,7345.0,False,False,False,
2023-12-19T01:00:00Z,7470.0,7470.0,False,False,False,
2023-12-19T02:00:00Z,7473.0,7473.0,False,False,False,
2023-12-19T03:00:00Z,7347.0,7347.0,False,False,False,
2023-12-19T04:00:00Z,7088.0,7088.0,False,False,False,
2023-12-19T05:00:00Z,6860.0,6860.0,False,False,False,
2023-12-19T06:00:00Z,6779.0,6779.0,False,False,False,
2023-12-19T07:00:00Z,6853.0,6853.0,False,False,False,
2023-12-19T08:00:00Z,7027.0,7027.0,False,False,False,
2023-12-19T09:00:00Z,7276.0,7276.0,False,False,False,
2023-12-19T10:00:00Z,7690.0,7690.0,False,False,False,
2023-12-19T11:00:00Z,8372.0,8372.0,False,False,False,
2023-12-19T12:00:00Z,9240.0,9240.0,False,False,False,
2023-12-19T13:00:00Z,9700.0,9700.0,False,False,False,
2023-12-19T14:00:00Z,9447.0,9447.0,False,False,False,
2023-12-19T15:00:00Z,8879.0,8879.0,False,False,False,
2023-12-19T16:00:00Z,8364.0,8364.0,False,False,False,
2023-12-19T17:00:00Z,7895.0,7895.0,False,False,False,
2023-12-19T18:00:00Z,7487.0,7487.0,False,False,False,
2023-12-19T19:00:00Z,7208.0,7208.0,False,False,False,
2023-12-19T20:00:00Z,7083.0,7083.0,False,False,False,
2023-12-19T21:00:00Z,7230.0,7230.0,False,False,False,
2023-12-19T22:00:00Z,7873.0,7873.0,False,False,False,
2023-12-19T23:00:00Z,8755.0,8755.0,False,False,False,
2023-12-20T00:00:00Z,9292.0,9292.0,False,False,False,
2023-12-20T01:00:00Z,9549.0,9549.0,False,False,False,
2023-12-20T02:00:00Z,9678.0,9678.0,False,False,False,
2023-12-20T03:00:00Z,9621.0,9621.0,False,False,False,
2023-12-20T04:00:00Z,9405.0,9405.0,False,False,False,
2023-12-20T05:00:00Z,9150.0,9150.0,False,False,False,
2023-12-20T06:00:00Z,8970.0,8970.0,False,False,False,
2023-12-20T07:00:00Z,9005.0,9005.0,False,False,False,
2023-12-20T08:00:00Z,9074.0,9074.0,False,False,False,
2023-12-20T09:00:00Z,9236.0,9236.0,False,False,False,
2023-12-20T10:00:00Z,9579.0,9579.0,False,False,False,
2023-12-20T11:00:00Z,10181.0,10181.0,False,False,False,
2023-12-20T12:00:00Z,10675.0,10675.0,False,False,False,
2023-12-20T13:00:00Z,10975.0,10975.0,False,False,False,
2023-12-20T14:00:00Z,10708.0,10708.0,False,False,False,
2023-12-20T15:00:00Z,9801.0,9801.0,False,False,False,
2023-12-20T16:00:00Z,8887.0,8887.0,False,False,False,
2023-12-20T17:00:00Z,8195.0,8195.0,False,False,False,
2023-12-20T18:00:00Z,7639.0,7639.0,False,False,False,
2023-12-20T19:00:00Z,7255.0,7255.0,False,False,False,
2023-12-20T20:00:00Z,7071.0,7071.0,False,False,False,
2023-12-20T21:00:00Z,7155.0,7155.0,False,False,False,
2023-12-20T22:00:00Z,7680.0,7680.0,False,False,False,
2023-12-20T23:00:00Z,8597.0,8597.0,False,False,False,
2023-12-21T00:00:00Z,9105.0,9105.0,False,False,False,
2023-12-21T01:00:00Z,9373.0,9373.0,False,False,False,
2023-12-21T02:00:00Z,9558.0,9558.0,False,False,False,
2023-12-21T03:00:00Z,9588.0,9588.0,False,False,False,
2023-12-21T04:00:00Z,9417.0,9417.0,False,False,False,
2023-12-21T05:00:00Z,9233.0,9233.0,False,False,False,
2023-12-21T06:00:00Z,9185.0,9185.0,False,False,False,
2023-12-21T07:00:00Z,9248.0,9248.0,False,False,False,
2023-12-21T08:00:00Z,9361.0,9361.0,False,False,False,
2023-12-21T09:00:00Z,9537.0,9537.0,False,False,False,
2023-12-21T10:00:00Z,9830.0,9830.0,False,False,False,
2023-12-21T11:00:00Z,10332.0,10332.0,False,False,False,
2023-12-21T12:00:00Z,10701.0,10701.0,False,False,False,
2023-12-21T13:00:00Z,10976.0,10976.0,False,False,False,
2023-12-21T14:00:00Z,10761.0,10761.0,False,False,False,
2023-12-21T15:00:00Z,9596.0,9596.0,False,False,False,
2023-12-21T16:00:00Z,8393.0,8393.0,False,False,False,
2023-12-21T17:00:00Z,7589.0,7589.0,False,False,False,
2023-12-21T18:00:00Z,6947.0,6947.0,False,False,False,
2023-12-21T19:00:00Z,6392.0,6392.0,False,False,False,
2023-12-21T20:00:00Z,6393.0,6393.0,False,False,False,
2023-12-21T21:00:00Z,6206.0,6206.0,False,False,False,
2023-12-21T22:00:00Z,6789.0,6789.0,False,False,False,
2023-12-21T23:00:00Z,7582.0,7582.0,False,False,False,
2023-12-22T00:00:00Z,8037.0,8037.0,False,False,False,
2023-12-22T01:00:00Z,8259.0,8259.0,False,False,False,
2023-12-22T02:00:00Z,8465.0,8465.0,False,False,False,
2023-12-22T03:00:00Z,8493.0,8493.0,False,False,False,
2023-12-22T04:00:00Z,8382.0,8382.0,False,False,False,
2023-12-22T05:00:00Z,8220.0,8220.0,False,False,False,
2023-12-22T06:00:00Z,8183.0,8183.0,False,False,False,
2023-12-22T07:00:00Z,8270.0,8270.0,False,False,False,
2023-12-22T08:00:00Z,8421.0,8421.0,False,False,False,
2023-12-22T09:00:00Z,8621.0,8621.0,False,False,False,
2023-12-22T10:00:00Z,8929.0,8929.0,False,False,False,
2023-12-22T11:00:00Z,9341.0,9341.0,False,False,False,
2023-12-22T12:00:00Z,9788.0,9788.0,False,False,False,
2023-12-22T13:00:00Z,10035.0,10035.0,False,False,False,
2023-12-22T14:00:00Z,9858.0,9858.0,False,False,False,
2023-12-22T15:00:00Z,9031.0,9031.0,False,False,False,
2023-12-22T16:00:00Z,8201.0,8201.0,False,False,False,
2023-12-22T17:00:00Z,7465.0,7465.0,False,False,False,
2023-12-22T18:00:00Z,6831.0,6831.0,False,False,False,
2023-12-22T19:00:00Z,6471.0,6471.0,False,False,False,
2023-12-22T20:00:00Z,6138.0,6138.0,False,False,False,
2023-12-22T21:00:00Z,6234.0,6234.0,False,False,False,
2023-12-22T22:00:00Z,6592.0,6592.0,False,False,False,
2023-12-22T23:00:00Z,7331.0,7331.0,False,False,False,
2023-12-23T00:00:00Z,7652.0,7652.0,False,False,False,
2023-12-23T01:00:00Z,7785.0,7785.0,False,False,False,
2023-12-23T02:00:00Z,7888.0,7888.0,False,False,False,
2023-12-23T03:00:00Z,7886.0,7886.0,False,False,False,
2023-12-23T04:00:00Z,7739.0,7739.0,False,False,False,
2023-12-23T05:00:00Z,7557.0,7557.0,False,False,False,
2023-12-23T06:00:00Z,7408.0,7408.0,False,False,False,
2023-12-23T07:00:00Z,7358.0,7358.0,False,False,False,
2023-12-23T08:00:00Z,7398.0,7398.0,False,False,False,
2023-12-23T09:00:00Z,7453.0,7453.0,False,False,False,
2023-12-23T10:00:00Z,7586.0,7586.0,False,False,False,
2023-12-23T11:00:00Z,7851.0,7851.0,False,False,False,
2023-12-23T12:00:00Z,8176.0,8176.0,False,False,False,
2023-12-23T13:00:00Z,8499.0,8499.0,False,False,False,
2023-12-23T14:00:00Z,8491.0,8491.0,False,False,False,
2023-12-23T15:00:00Z,7769.0,7769.0,False,False,False,
2023-12-23T16:00:00Z,6970.0,6970.0,False,False,False,
2023-12-23T17:00:00Z,6345.0,6345.0,False,False,False,
2023-12-23T18:00:00Z,5898.0,5898.0,False,False,False,
2023-12-23T19:00:00Z,5646.0,5646.0,False,False,False,
2023-12-23T20:00:00Z,5550.0,5550.0,False,False,False,
2023-12-23T21:00:00Z,5591.0,5591.0,False,False,False,
2023-12-23T22:00:00Z,5796.0,5796.0,False,False,False,
2023-12-23T23:00:00Z,6481.0,6481.0,False,False,False,
2023-12-24T00:00:00Z,6793.0,6793.0,False,False,False,
2023-12-24T01:00:00Z,6919.0,6919.0,False,False,False,
2023-12-24T02:00:00Z,7039.0,7039.0,False,False,False,
2023-12-24T03:00:00Z,7044.0,7044.0,False,False,False,
2023-12-24T04:00:00Z,6921.0,6921.0,False,False,False,
2023-12-24T05:00:00Z,6733.0,6733.0,False,False,False,
2023-12-24T06:00:00Z,6543.0,6543.0,False,False,False,
2023-12-24T07:00:00Z,6469.0,6469.0,False,False,False,
2023-12-24T08:00:00Z,6495.0,6495.0,False,False,False,
2023-12-24T09:00:00Z,6592.0,6592.0,False,False,False,
2023-12-24T10:00:00Z,6755.0,6755.0,False,False,False,
2023-12-24T11:00:00Z,7028.0,7028.0,False,False,False,
2023-12-24T12:00:00Z,7391.0,7391.0,False,False,False,
2023-12-24T13:00:00Z,7827.0,7827.0,False,False,False,
2023-12-24T14:00:00Z,7836.0,7836.0,False,False,False,
2023-12-24T15:00:00Z,7037.0,7037.0,False,False,False,
2023-12-24T16:00:00Z,6309.0,6309.0,False,False,False,
2023-12-24T17:00:00Z,5790.0,5790.0,False,False,False,
2023-12-24T18:00:00Z,5542.0,5542.0,False,False,False,
2023-12-24T19:00:00Z,5399.0,5399.0,False,False,False,
2023-12-24T20:00:00Z,5361.0,5361.0,False,False,False,
2023-12-24T21:00:00Z,5454.0,5454.0,False,False,False,
2023-12-24T22:00:00Z,5650.0,5650.0,False,False,False,
2023-12-24T23:00:00Z,6028.0,6028.0,False,False,False,
2023-12-25T00:00:00Z,6093.0,6093.0,False,False,False,
2023-12-25T01:00:00Z,6057.0,6057.0,False,False,False,
2023-12-25T02:00:00Z,6056.0,6056.0,False,False,False,
2023-12-25T03:00:00Z,6004.0,6004.0,False,False,False,
2023-12-25T04:00:00Z,5915.0,5915.0,False,False,False,
2023-12-25T05:00:00Z,5710.0,5710.0,False,False,False,
2023-12-25T06:00:00Z,5554.0,5554.0,False,False,False,
2023-12-25T07:00:00Z,5535.0,5535.0,False,False,False,
2023-12-25T08:00:00Z,5537.0,5537.0,False,False,False,
2023-12-25T09:00:00Z,5596.0,5596.0,False,False,False,
2023-12-25T10:00:00Z,5737.0,5737.0,False,False,False,
2023-12-25T11:00:00Z,5963.0,5963.0,False,False,False,
2023-12-25T12:00:00Z,6260.0,6260.0,False,False,False,
2023-12-25T13:00:00Z,6561.0,6561.0,False,False,False,
2023-12-25T14:00:00Z,6598.0,6598.0,False,False,False,
2023-12-25T15:00:00Z,6228.0,6228.0,False,False,False,
2023-12-25T16:00:00Z,5896.0,5896.0,False,False,False,
2023-12-25T17:00:00Z,5687.0,5687.0,False,False,False,
2023-12-25T18:00:00Z,5548.0,5548.0,False,False,False,
2023-12-25T19:00:00Z,5454.0,5454.0,False,False,False,
2023-12-25T20:00:00Z,5419.0,5419.0,False,False,False,
2023-12-25T21:00:00Z,5386.0,5386.0,False,False,False,
2023-12-25T22:00:00Z,5493.0,5493.0,False,False,False,
2023-12-25T23:00:00Z,5799.0,5799.0,False,False,False,
2023-12-26T00:00:00Z,5796.0,5796.0,False,False,False,
2023-12-26T01:00:00Z,5733.0,5733.0,False,False,False,
2023-12-26T02:00:00Z,5667.0,5667.0,False,False,False,
2023-12-26T03:00:00Z,5526.0,5526.0,False,False,False,
2023-12-26T04:00:00Z,5279.0,5279.0,False,False,False,
2023-12-26T05:00:00Z,4999.0,4999.0,False,False,False,
2023-12-26T06:00:00Z,4735.0,4735.0,False,False,False,
2023-12-26T07:00:00Z,4581.0,4581.0,False,False,False,
2023-12-26T08:00:00Z,4503.0,4503.0,False,False,False,
2023-12-26T09:00:00Z,4504.0,4504.0,False,False,False,
2023-12-26T10:00:00Z,4632.0,4632.0,False,False,False,
2023-12-26T11:00:00Z,4848.0,4848.0,False,False,False,
2023-12-26T12:00:00Z,5162.0,5162.0,False,False,False,
2023-12-26T13:00:00Z,5403.0,5403.0,False,False,False,
2023-12-26T14:00:00Z,5628.0,5628.0,False,False,False,
2023-12-26T15:00:00Z,5791.0,5791.0,False,False,False,
2023-12-26T16:00:00Z,5881.0,5881.0,False,False,False,
2023-12-26T17:00:00Z,5892.0,5892.0,False,False,False,
2023-12-26T18:00:00Z,5823.0,5823.0,False,False,False,
2023-12-26T19:00:00Z,5767.0,5767.0,False,False,False,
2023-12-26T20:00:00Z,5729.0,5729.0,False,False,False,
2023-12-26T21:00:00Z,5778.0,5778.0,False,False,False,
2023-12-26T22:00:00Z,5948.0,5948.0,False,False,False,
2023-12-26T23:00:00Z,6390.0,6390.0,False,False,False,
2023-12-27T00:00:00Z,6442.0,6442.0,False,False,False,
2023-12-27T01:00:00Z,6337.0,6337.0,False,False,False,
2023-12-27T02:00:00Z,6162.0,6162.0,False,False,False,
2023-12-27T03:00:00Z,5898.0,5898.0,False,False,False,
2023-12-27T04:00:00Z,5556.0,5556.0,False,False,False,
2023-12-27T05:00:00Z,5220.0,5220.0,False,False,False,
2023-12-27T06:00:00Z,4903.0,4903.0,False,False,False,
2023-12-27T07:00:00Z,4767.0,4767.0,False,False,False,
2023-12-27T08:00:00Z,4624.0,4624.0,False,False,False,
2023-12-27T09:00:00Z,4603.0,4603.0,False,False,False,
2023-12-27T10:00:00Z,4688.0,4688.0,False,False,False,
2023-12-27T11:00:00Z,4926.0,4926.0,False,False,False,
2023-12-27T12:00:00Z,5259.0,5259.0,False,False,False,
2023-12-27T13:00:00Z,5576.0,5576.0,False,False,False,
2023-12-27T14:00:00Z,5754.0,5754.0,False,False,False,
2023-12-27T15:00:00Z,5938.0,5938.0,False,False,False,
2023-12-27T16:00:00Z,6074.0,6074.0,False,False,False,
2023-12-27T17:00:00Z,6096.0,6096.0,False,False,False,
2023-12-27T18:00:00Z,6070.0,6070.0,False,False,False,
2023-12-27T19:00:00Z,6013.0,6013.0,False,False,False,
2023-12-27T20:00:00Z,5967.0,5967.0,False,False,False,
2023-12-27T21:00:00Z,5968.0,5968.0,False,False,False,
2023-12-27T22:00:00Z,6096.0,6096.0,False,False,False,
2023-12-27T23:00:00Z,6455.0,6455.0,False,False,False,
2023-12-28T00:00:00Z,6538.0,6538.0,False,False,False,
2023-12-28T01:00:00Z,6415.0,6415.0,False,False,False,
2023-12-28T02:00:00Z,6241.0,6241.0,False,False,False,
2023-12-28T03:00:00Z,5970.0,5970.0,False,False,False,
2023-12-28T04:00:00Z,5631.0,5631.0,False,False,False,
2023-12-28T05:00:00Z,5237.0,5237.0,False,False,False,
2023-12-28T06:00:00Z,4936.0,4936.0,False,False,False,
2023-12-28T07:00:00Z,4751.0,4751.0,False,False,False,
2023-12-28T08:00:00Z,4646.0,4646.0,False,False,False,
2023-12-28T09:00:00Z,4667.0,4667.0,False,False,False,
2023-12-28T10:00:00Z,4820.0,4820.0,False,False,False,
2023-12-28T11:00:00Z,5127.0,5127.0,False,False,False,
2023-12-28T12:00:00Z,5549.0,5549.0,False,False,False,
2023-12-28T13:00:00Z,5948.0,5948.0,False,False,False,
2023-12-28T14:00:00Z,6205.0,6205.0,False,False,False,
2023-12-28T15:00:00Z,6401.0,6401.0,False,False,False,
2023-12-28T16:00:00Z,6455.0,6455.0,False,False,False,
2023-12-28T17:00:00Z,6397.0,6397.0,False,False,False,
2023-12-28T18:00:00Z,6278.0,6278.0,False,False,False,
2023-12-28T19:00:00Z,6123.0,6123.0,False,False,False,
2023-12-28T20:00:00Z,5928.0,5928.0,False,False,False,
2023-12-28T21:00:00Z,5915.0,5915.0,False,False,False,
2023-12-28T22:00:00Z,6210.0,6210.0,False,False,False,
2023-12-28T23:00:00Z,6813.0,6813.0,False,False,False,
2023-12-29T00:00:00Z,7135.0,7135.0,False,False,False,
2023-12-29T01:00:00Z,7192.0,7192.0,False,False,False,
2023-12-29T02:00:00Z,7171.0,7171.0,False,False,False,
2023-12-29T03:00:00Z,7073.0,7073.0,False,False,False,
2023-12-29T04:00:00Z,6813.0,6813.0,False,False,False,
2023-12-29T05:00:00Z,6532.0,6532.0,False,False,False,
2023-12-29T06:00:00Z,6345.0,6345.0,False,False,False,
2023-12-29T07:00:00Z,6299.0,6299.0,False,False,False,
2023-12-29T08:00:00Z,6362.0,6362.0,False,False,False,
2023-12-29T09:00:00Z,6505.0,6505.0,False,False,False,
2023-12-29T10:00:00Z,6764.0,6764.0,False,False,False,
2023-12-29T11:00:00Z,7156.0,7156.0,False,False,False,
2023-12-29T12:00:00Z,7625.0,7625.0,False,False,False,
2023-12-29T13:00:00Z,7885.0,7885.0,False,False,False,
2023-12-29T14:00:00Z,7822.0,7822.0,False,False,False,
2023-12-29T15:00:00Z,7318.0,7318.0,False,False,False,
2023-12-29T16:00:00Z,6791.0,6791.0,False,False,False,
2023-12-29T17:00:00Z,6424.0,6424.0,False,False,False,
2023-12-29T18:00:00Z,6199.0,6199.0,False,False,False,
2023-12-29T19:00:00Z,6063.0,6063.0,False,False,False,
2023-12-29T20:00:00Z,6095.0,6095.0,False,False,False,
2023-12-29T21:00:00Z,6288.0,6288.0,False,False,False,
2023-12-29T22:00:00Z,6666.0,6666.0,False,False,False,
2023-12-29T23:00:00Z,7379.0,7379.0,False,False,False,
2023-12-30T00:00:00Z,7685.0,7685.0,False,False,False,
2023-12-30T01:00:00Z,7732.0,7732.0,False,False,False,
2023-12-30T02:00:00Z,7755.0,7755.0,False,False,False,
2023-12-30T03:00:00Z,7648.0,7648.0,False,False,False,
2023-12-30T04:00:00Z,7510.0,7510.0,False,False,False,
2023-12-30T05:00:00Z,7340.0,7340.0,False,False,False,
2023-12-30T06:00:00Z,7187.0,7187.0,False,False,False,
2023-12-30T07:00:00Z,7185.0,7185.0,False,False,False,
2023-12-30T08:00:00Z,7266.0,7266.0,False,False,False,
2023-12-30T09:00:00Z,7413.0,7413.0,False,False,False,
2023-12-30T10:00:00Z,7603.0,7603.0,False,False,False,
2023-12-30T11:00:00Z,7930.0,7930.0,False,False,False,
2023-12-30T12:00:00Z,8327.0,8327.0,False,False,False,
2023-12-30T13:00:00Z,8545.0,8545.0,False,False,False,
2023-12-30T14:00:00Z,8624.0,8624.0,False,False,False,
2023-12-30T15:00:00Z,8375.0,8375.0,False,False,False,
2023-12-30T16:00:00Z,8044.0,8044.0,False,False,False,
2023-12-30T17:00:00Z,7618.0,7618.0,False,False,False,
2023-12-30T18:00:00Z,7263.0,7263.0,False,False,False,
2023-12-30T19:00:00Z,6962.0,6962.0,False,False,False,
2023-12-30T20:00:00Z,6770.0,6770.0,False,False,False,
2023-12-30T21:00:00Z,6715.0,6715.0,False,False,False,
2023-12-30T22:00:00Z,7073.0,7073.0,False,False,False,
2023-12-30T23:00:00Z,7707.0,7707.0,False,False,False,
2023-12-31T00:00:00Z,8108.0,8108.0,False,False,False,
2023-12-31T01:00:00Z,8235.0,8235.0,False,False,False,
2023-12-31T02:00:00Z,8308.0,8308.0,False,False,False,
2023-12-31T03:00:00Z,8195.0,8195.0,False,False,False,
2023-12-31T04:00:00Z,8035.0,8035.0,False,False,False,
2023-12-31T05:00:00Z,7827.0,7827.0,False,False,False,
2023-12-31T06:00:00Z,7721.0,7721.0,False,False,False,
2023-12-31T07:00:00Z,7690.0,7690.0,False,False,False,
2023-12-31T08:00:00Z,7793.0,7793.0,False,False,False,
2023-12-31T09:00:00Z,7992.0,7992.0,False,False,False,
2023-12-31T10:00:00Z,8449.0,8449.0,False,False,False,
2023-12-31T11:00:00Z,8784.0,8784.0,False,False,False,
2023-12-31T12:00:00Z,9083.0,9083.0,False,False,False,
2023-12-31T13:00:00Z,9505.0,9505.0,False,False,False,
2023-12-31T14:00:00Z,9387.0,9387.0,False,False,False,
2023-12-31T15:00:00Z,8425.0,8425.0,False,False,False,
2023-12-31T16:00:00Z,7425.0,7425.0,False,False,False,
2023-12-31T17:00:00Z,6790.0,6790.0,False,False,False,
2023-12-31T18:00:00Z,6404.0,6404.0,False,False,False,
2023-12-31T19:00:00Z,6115.0,6115.0,False,False,False,
2023-12-31T20:00:00Z,5935.0,5935.0,False,False,False,
2023-12-31T21:00:00Z,6019.0,6019.0,False,False,False,
2023-12-31T22:00:00Z,6416.0,6416.0,False,False,False,
2023-12-31T23:00:00Z,7150.0,7150.0,False,False,False,
