time_utc,load_actual_mw_raw,load_actual_mw_clean,load_clean_flag,load_flag_missing_nonpositive,load_flag_same_hour_7d_median_outlier,load_clean_reason
2023-01-01T00:00:00Z,11397.0,11397.0,False,False,False,
2023-01-01T01:00:00Z,11043.0,11043.0,False,False,False,
2023-01-01T02:00:00Z,10647.0,10647.0,False,False,False,
2023-01-01T03:00:00Z,10254.0,10254.0,False,False,False,
2023-01-01T04:00:00Z,9866.0,9866.0,False,False,False,
2023-01-01T05:00:00Z,9456.0,9456.0,False,False,False,
2023-01-01T06:00:00Z,9099.0,9099.0,False,False,False,
2023-01-01T07:00:00Z,8857.0,8857.0,False,False,False,
2023-01-01T08:00:00Z,8648.0,8648.0,False,False,False,
2023-01-01T09:00:00Z,8548.0,8548.0,False,False,False,
2023-01-01T10:00:00Z,8576.0,8576.0,False,False,False,
2023-01-01T11:00:00Z,8732.0,8732.0,False,False,False,
2023-01-01T12:00:00Z,9001.0,9001.0,False,False,False,
2023-01-01T13:00:00Z,9306.0,9306.0,False,False,False,
2023-01-01T14:00:00Z,9718.0,9718.0,False,False,False,
2023-01-01T15:00:00Z,10150.0,10150.0,False,False,False,
2023-01-01T16:00:00Z,10105.0,10105.0,False,False,False,
2023-01-01T17:00:00Z,10112.0,10112.0,False,False,False,
2023-01-01T18:00:00Z,10053.0,10053.0,False,False,False,
2023-01-01T19:00:00Z,9804.0,9804.0,False,False,False,
2023-01-01T20:00:00Z,9555.0,9555.0,False,False,False,
2023-01-01T21:00:00Z,9503.0,9503.0,False,False,False,
2023-01-01T22:00:00Z,9686.0,9686.0,False,False,False,
2023-01-01T23:00:00Z,10315.0,10315.0,False,False,False,
2023-01-02T00:00:00Z,10703.0,10703.0,False,False,False,
2023-01-02T01:00:00Z,10652.0,10652.0,False,False,False,
2023-01-02T02:00:00Z,10522.0,10522.0,False,False,False,
2023-01-02T03:00:00Z,10331.0,10331.0,False,False,False,
2023-01-02T04:00:00Z,10004.0,10004.0,False,False,False,
2023-01-02T05:00:00Z,9580.0,9580.0,False,False,False,
2023-01-02T06:00:00Z,9227.0,9227.0,False,False,False,
2023-01-02T07:00:00Z,8982.0,8982.0,False,False,False,
2023-01-02T08:00:00Z,8862.0,8862.0,False,False,False,
2023-01-02T09:00:00Z,8894.0,8894.0,False,False,False,
2023-01-02T10:00:00Z,9082.0,9082.0,False,False,False,
2023-01-02T11:00:00Z,9486.0,9486.0,False,False,False,
2023-01-02T12:00:00Z,10051.0,10051.0,False,False,False,
2023-01-02T13:00:00Z,10496.0,10496.0,False,False,False,
2023-01-02T14:00:00Z,10870.0,10870.0,False,False,False,
2023-01-02T15:00:00Z,11130.0,11130.0,False,False,False,
2023-01-02T16:00:00Z,11116.0,11116.0,False,False,False,
2023-01-02T17:00:00Z,10867.0,10867.0,False,False,False,
2023-01-02T18:00:00Z,10590.0,10590.0,False,False,False,
2023-01-02T19:00:00Z,10412.0,10412.0,False,False,False,
2023-01-02T20:00:00Z,10299.0,10299.0,False,False,False,
2023-01-02T21:00:00Z,10285.0,10285.0,False,False,False,
2023-01-02T22:00:00Z,10496.0,10496.0,False,False,False,
2023-01-02T23:00:00Z,11196.0,11196.0,False,False,False,
2023-01-03T00:00:00Z,11649.0,11649.0,False,False,False,
2023-01-03T01:00:00Z,11494.0,11494.0,False,False,False,
2023-01-03T02:00:00Z,11227.0,11227.0,False,False,False,
2023-01-03T03:00:00Z,10747.0,10747.0,False,False,False,
2023-01-03T04:00:00Z,10184.0,10184.0,False,False,False,
2023-01-03T05:00:00Z,9548.0,9548.0,False,False,False,
2023-01-03T06:00:00Z,9078.0,9078.0,False,False,False,
2023-01-03T07:00:00Z,8805.0,8805.0,False,False,False,
2023-01-03T08:00:00Z,8684.0,8684.0,False,False,False,
2023-01-03T09:00:00Z,8686.0,8686.0,False,False,False,
2023-01-03T10:00:00Z,8928.0,8928.0,False,False,False,
2023-01-03T11:00:00Z,9581.0,9581.0,False,False,False,
2023-01-03T12:00:00Z,10612.0,10612.0,False,False,False,
2023-01-03T13:00:00Z,11228.0,11228.0,False,False,False,
2023-01-03T14:00:00Z,11386.0,11386.0,False,False,False,
2023-01-03T15:00:00Z,11388.0,11388.0,False,False,False,
2023-01-03T16:00:00Z,11373.0,11373.0,False,False,False,
2023-01-03T17:00:00Z,11312.0,11312.0,False,False,False,
2023-01-03T18:00:00Z,11196.0,11196.0,False,False,False,
2023-01-03T19:00:00Z,11185.0,11185.0,False,False,False,
2023-01-03T20:00:00Z,11112.0,11112.0,False,False,False,
2023-01-03T21:00:00Z,11079.0,11079.0,False,False,False,
2023-01-03T22:00:00Z,11218.0,11218.0,False,False,False,
2023-01-03T23:00:00Z,11781.0,11781.0,False,False,False,
2023-01-04T00:00:00Z,12057.0,12057.0,False,False,False,
2023-01-04T01:00:00Z,11831.0,11831.0,False,False,False,
2023-01-04T02:00:00Z,11473.0,11473.0,False,False,False,
2023-01-04T03:00:00Z,10970.0,10970.0,False,False,False,
2023-01-04T04:00:00Z,10301.0,10301.0,False,False,False,
2023-01-04T05:00:00Z,9658.0,9658.0,False,False,False,
2023-01-04T06:00:00Z,9157.0,9157.0,False,False,False,
2023-01-04T07:00:00Z,8848.0,8848.0,False,False,False,
2023-01-04T08:00:00Z,8732.0,8732.0,False,False,False,
2023-01-04T09:00:00Z,8686.0,8686.0,False,False,False,
2023-01-04T10:00:00Z,8868.0,8868.0,False,False,False,
2023-01-04T11:00:00Z,9446.0,9446.0,False,False,False,
2023-01-04T12:00:00Z,10421.0,10421.0,False,False,False,
2023-01-04T13:00:00Z,11109.0,11109.0,False,False,False,
2023-01-04T14:00:00Z,11283.0,11283.0,False,False,False,
2023-01-04T15:00:00Z,11439.0,11439.0,False,False,False,
2023-01-04T16:00:00Z,11580.0,11580.0,False,False,False,
2023-01-04T17:00:00Z,11654.0,11654.0,False,False,False,
2023-01-04T18:00:00Z,11631.0,11631.0,False,False,False,
2023-01-04T19:00:00Z,11513.0,11513.0,False,False,False,
2023-01-04T20:00:00Z,11331.0,11331.0,False,False,False,
2023-01-04T21:00:00Z,11293.0,11293.0,False,False,False,
2023-01-04T22:00:00Z,11432.0,11432.0,False,False,False,
2023-01-04T23:00:00Z,11905.0,11905.0,False,False,False,
2023-01-05T00:00:00Z,12194.0,12194.0,False,False,False,
2023-01-05T01:00:00Z,11994.0,11994.0,False,False,False,
2023-01-05T02:00:00Z,11689.0,11689.0,False,False,False,
2023-01-05T03:00:00Z,11221.0,11221.0,False,False,False,
2023-01-05T04:00:00Z,10555.0,10555.0,False,False,False,
2023-01-05T05:00:00Z,9937.0,9937.0,False,False,False,
2023-01-05T06:00:00Z,9513.0,9513.0,False,False,False,
2023-01-05T07:00:00Z,9304.0,9304.0,False,False,False,
2023-01-05T08:00:00Z,9269.0,9269.0,False,False,False,
2023-01-05T09:00:00Z,9327.0,9327.0,False,False,False,
2023-01-05T10:00:00Z,9679.0,9679.0,False,False,False,
2023-01-05T11:00:00Z,10475.0,10475.0,False,False,False,
2023-01-05T12:00:00Z,11739.0,11739.0,False,False,False,
2023-01-05T13:00:00Z,12565.0,12565.0,False,False,False,
2023-01-05T14:00:00Z,12590.0,12590.0,False,False,False,
2023-01-05T15:00:00Z,12116.0,12116.0,False,False,False,
2023-01-05T16:00:00Z,11656.0,11656.0,False,False,False,
2023-01-05T17:00:00Z,11304.0,11304.0,False,False,False,
2023-01-05T18:00:00Z,11079.0,11079.0,False,False,False,
2023-01-05T19:00:00Z,10950.0,10950.0,False,False,False,
2023-01-05T20:00:00Z,10829.0,10829.0,False,False,False,
2023-01-05T21:00:00Z,10810.0,10810.0,False,False,False,
2023-01-05T22:00:00Z,11007.0,11007.0,False,False,False,
2023-01-05T23:00:00Z,11649.0,11649.0,False,False,False,
2023-01-06T00:00:00Z,12263.0,12263.0,False,False,False,
2023-01-06T01:00:00Z,12311.0,12311.0,False,False,False,
2023-01-06T02:00:00Z,12245.0,12245.0,False,False,False,
2023-01-06T03:00:00Z,11908.0,11908.0,False,False,False,
2023-01-06T04:00:00Z,11394.0,11394.0,False,False,False,
2023-01-06T05:00:00Z,10923.0,10923.0,False,False,False,
2023-01-06T06:00:00Z,10644.0,10644.0,False,False,False,
2023-01-06T07:00:00Z,10541.0,10541.0,False,False,False,
2023-01-06T08:00:00Z,10594.0,10594.0,False,False,False,
2023-01-06T09:00:00Z,10813.0,10813.0,False,False,False,
2023-01-06T10:00:00Z,11278.0,11278.0,False,False,False,
2023-01-06T11:00:00Z,12156.0,12156.0,False,False,False,
2023-01-06T12:00:00Z,13517.0,13517.0,False,False,False,
2023-01-06T13:00:00Z,14329.0,14329.0,False,False,False,
2023-01-06T14:00:00Z,14267.0,14267.0,False,False,False,
2023-01-06T15:00:00Z,13427.0,13427.0,False,False,False,
2023-01-06T16:00:00Z,12694.0,12694.0,False,False,False,
2023-01-06T17:00:00Z,12125.0,12125.0,False,False,False,
2023-01-06T18:00:00Z,11680.0,11680.0,False,False,False,
2023-01-06T19:00:00Z,11384.0,11384.0,False,False,False,
2023-01-06T20:00:00Z,11125.0,11125.0,False,False,False,
2023-01-06T21:00:00Z,11061.0,11061.0,False,False,False,
2023-01-06T22:00:00Z,11283.0,11283.0,False,False,False,
2023-01-06T23:00:00Z,11967.0,11967.0,False,False,False,
2023-01-07T00:00:00Z,12564.0,12564.0,False,False,False,
2023-01-07T01:00:00Z,12651.0,12651.0,False,False,False,
2023-01-07T02:00:00Z,12671.0,12671.0,False,False,False,
2023-01-07T03:00:00Z,12557.0,12557.0,False,False,False,
2023-01-07T04:00:00Z,12286.0,12286.0,False,False,False,
2023-01-07T05:00:00Z,11963.0,11963.0,False,False,False,
2023-01-07T06:00:00Z,11770.0,11770.0,False,False,False,
2023-01-07T07:00:00Z,11684.0,11684.0,False,False,False,
2023-01-07T08:00:00Z,11710.0,11710.0,False,False,False,
2023-01-07T09:00:00Z,11789.0,11789.0,False,False,False,
2023-01-07T10:00:00Z,11924.0,11924.0,False,False,False,
2023-01-07T11:00:00Z,12169.0,12169.0,False,False,False,
2023-01-07T12:00:00Z,12528.0,12528.0,False,False,False,
2023-01-07T13:00:00Z,12913.0,12913.0,False,False,False,
2023-01-07T14:00:00Z,13268.0,13268.0,False,False,False,
2023-01-07T15:00:00Z,13288.0,13288.0,False,False,False,
2023-01-07T16:00:00Z,12959.0,12959.0,False,False,False,
2023-01-07T17:00:00Z,12367.0,12367.0,False,False,False,
2023-01-07T18:00:00Z,11855.0,11855.0,False,False,False,
2023-01-07T19:00:00Z,11460.0,11460.0,False,False,False,
2023-01-07T20:00:00Z,11166.0,11166.0,False,False,False,
2023-01-07T21:00:00Z,11035.0,11035.0,False,False,False,
2023-01-07T22:00:00Z,11246.0,11246.0,False,False,False,
2023-01-07T23:00:00Z,11937.0,11937.0,False,False,False,
2023-01-08T00:00:00Z,12456.0,12456.0,False,False,False,
2023-01-08T01:00:00Z,12472.0,12472.0,False,False,False,
2023-01-08T02:00:00Z,12396.0,12396.0,False,False,False,
2023-01-08T03:00:00Z,12210.0,12210.0,False,False,False,
2023-01-08T04:00:00Z,11890.0,11890.0,False,False,False,
2023-01-08T05:00:00Z,11522.0,11522.0,False,False,False,
2023-01-08T06:00:00Z,11194.0,11194.0,False,False,False,
2023-01-08T07:00:00Z,10921.0,10921.0,False,False,False,
2023-01-08T08:00:00Z,10757.0,10757.0,False,False,False,
2023-01-08T09:00:00Z,10636.0,10636.0,False,False,False,
2023-01-08T10:00:00Z,10656.0,10656.0,False,False,False,
2023-01-08T11:00:00Z,10833.0,10833.0,False,False,False,
2023-01-08T12:00:00Z,11177.0,11177.0,False,False,False,
2023-01-08T13:00:00Z,11656.0,11656.0,False,False,False,
2023-01-08T14:00:00Z,12224.0,12224.0,False,False,False,
2023-01-08T15:00:00Z,12620.0,12620.0,False,False,False,
2023-01-08T16:00:00Z,12692.0,12692.0,False,False,False,
2023-01-08T17:00:00Z,12664.0,12664.0,False,False,False,
2023-01-08T18:00:00Z,12607.0,12607.0,False,False,False,
2023-01-08T19:00:00Z,12488.0,12488.0,False,False,False,
2023-01-08T20:00:00Z,12318.0,12318.0,False,False,False,
2023-01-08T21:00:00Z,12338.0,12338.0,False,False,False,
2023-01-08T22:00:00Z,12639.0,12639.0,False,False,False,
2023-01-08T23:00:00Z,13300.0,13300.0,False,False,False,
2023-01-09T00:00:00Z,13562.0,13562.0,False,False,False,
2023-01-09T01:00:00Z,13469.0,13469.0,False,False,False,
2023-01-09T02:00:00Z,13243.0,13243.0,False,False,False,
2023-01-09T03:00:00Z,12788.0,12788.0,False,False,False,
2023-01-09T04:00:00Z,12171.0,12171.0,False,False,False,
2023-01-09T05:00:00Z,11594.0,11594.0,False,False,False,
2023-01-09T06:00:00Z,11210.0,11210.0,False,False,False,
2023-01-09T07:00:00Z,11046.0,11046.0,False,False,False,
2023-01-09T08:00:00Z,11016.0,11016.0,False,False,False,
2023-01-09T09:00:00Z,11173.0,11173.0,False,False,False,
2023-01-09T10:00:00Z,11520.0,11520.0,False,False,False,
2023-01-09T11:00:00Z,12395.0,12395.0,False,False,False,
2023-01-09T12:00:00Z,13708.0,13708.0,False,False,False,
2023-01-09T13:00:00Z,14444.0,14444.0,False,False,False,
2023-01-09T14:00:00Z,14394.0,14394.0,False,False,False,
2023-01-09T15:00:00Z,13726.0,13726.0,False,False,False,
2023-01-09T16:00:00Z,13011.0,13011.0,False,False,False,
2023-01-09T17:00:00Z,12497.0,12497.0,False,False,False,
2023-01-09T18:00:00Z,12087.0,12087.0,False,False,False,
2023-01-09T19:00:00Z,11769.0,11769.0,False,False,False,
2023-01-09T20:00:00Z,11474.0,11474.0,False,False,False,
2023-01-09T21:00:00Z,11436.0,11436.0,False,False,False,
2023-01-09T22:00:00Z,11706.0,11706.0,False,False,False,
2023-01-09T23:00:00Z,12603.0,12603.0,False,False,False,
2023-01-10T00:00:00Z,13499.0,13499.0,False,False,False,
2023-01-10T01:00:00Z,13699.0,13699.0,False,False,False,
2023-01-10T02:00:00Z,13699.0,13699.0,False,False,False,
2023-01-10T03:00:00Z,13524.0,13524.0,False,False,False,
2023-01-10T04:00:00Z,13137.0,13137.0,False,False,False,
2023-01-10T05:00:00Z,12821.0,12821.0,False,False,False,
2023-01-10T06:00:00Z,12747.0,12747.0,False,False,False,
2023-01-10T07:00:00Z,12836.0,12836.0,False,False,False,
2023-01-10T08:00:00Z,13035.0,13035.0,False,False,False,
2023-01-10T09:00:00Z,13298.0,13298.0,False,False,False,
2023-01-10T10:00:00Z,13773.0,13773.0,False,False,False,
2023-01-10T11:00:00Z,14688.0,14688.0,False,False,False,
2023-01-10T12:00:00Z,16102.0,16102.0,False,False,False,
2023-01-10T13:00:00Z,16745.0,16745.0,False,False,False,
2023-01-10T14:00:00Z,16506.0,16506.0,False,False,False,
2023-01-10T15:00:00Z,15481.0,15481.0,False,False,False,
2023-01-10T16:00:00Z,14172.0,14172.0,False,False,False,
2023-01-10T17:00:00Z,13104.0,13104.0,False,False,False,
2023-01-10T18:00:00Z,12387.0,12387.0,False,False,False,
2023-01-10T19:00:00Z,11946.0,11946.0,False,False,False,
2023-01-10T20:00:00Z,11589.0,11589.0,False,False,False,
2023-01-10T21:00:00Z,11441.0,11441.0,False,False,False,
2023-01-10T22:00:00Z,11751.0,11751.0,False,False,False,
2023-01-10T23:00:00Z,12500.0,12500.0,False,False,False,
2023-01-11T00:00:00Z,13275.0,13275.0,False,False,False,
2023-01-11T01:00:00Z,13418.0,13418.0,False,False,False,
2023-01-11T02:00:00Z,13400.0,13400.0,False,False,False,
2023-01-11T03:00:00Z,13134.0,13134.0,False,False,False,
2023-01-11T04:00:00Z,12652.0,12652.0,False,False,False,
2023-01-11T05:00:00Z,12198.0,12198.0,False,False,False,
2023-01-11T06:00:00Z,11974.0,11974.0,False,False,False,
2023-01-11T07:00:00Z,11975.0,11975.0,False,False,False,
2023-01-11T08:00:00Z,12080.0,12080.0,False,False,False,
2023-01-11T09:00:00Z,12340.0,12340.0,False,False,False,
2023-01-11T10:00:00Z,12829.0,12829.0,False,False,False,
2023-01-11T11:00:00Z,13730.0,13730.0,False,False,False,
2023-01-11T12:00:00Z,15031.0,15031.0,False,False,False,
2023-01-11T13:00:00Z,15651.0,15651.0,False,False,False,
2023-01-11T14:00:00Z,15416.0,15416.0,False,False,False,
2023-01-11T15:00:00Z,14702.0,14702.0,False,False,False,
2023-01-11T16:00:00Z,13850.0,13850.0,False,False,False,
2023-01-11T17:00:00Z,12964.0,12964.0,False,False,False,
2023-01-11T18:00:00Z,12232.0,12232.0,False,False,False,
2023-01-11T19:00:00Z,11912.0,11912.0,False,False,False,
2023-01-11T20:00:00Z,11725.0,11725.0,False,False,False,
2023-01-11T21:00:00Z,11736.0,11736.0,False,False,False,
2023-01-11T22:00:00Z,12072.0,12072.0,False,False,False,
2023-01-11T23:00:00Z,12664.0,12664.0,False,False,False,
2023-01-12T00:00:00Z,12971.0,12971.0,False,False,False,
2023-01-12T01:00:00Z,12796.0,12796.0,False,False,False,
2023-01-12T02:00:00Z,12492.0,12492.0,False,False,False,
2023-01-12T03:00:00Z,11959.0,11959.0,False,False,False,
2023-01-12T04:00:00Z,11217.0,11217.0,False,False,False,
2023-01-12T05:00:00Z,10546.0,10546.0,False,False,False,
2023-01-12T06:00:00Z,10115.0,10115.0,False,False,False,
2023-01-12T07:00:00Z,9872.0,9872.0,False,False,False,
2023-01-12T08:00:00Z,9759.0,9759.0,False,False,False,
2023-01-12T09:00:00Z,9808.0,9808.0,False,False,False,
2023-01-12T10:00:00Z,10052.0,10052.0,False,False,False,
2023-01-12T11:00:00Z,10741.0,10741.0,False,False,False,
2023-01-12T12:00:00Z,11823.0,11823.0,False,False,False,
2023-01-12T13:00:00Z,12395.0,12395.0,False,False,False,
2023-01-12T14:00:00Z,12393.0,12393.0,False,False,False,
2023-01-12T15:00:00Z,12344.0,12344.0,False,False,False,
2023-01-12T16:00:00Z,12266.0,12266.0,False,False,False,
2023-01-12T17:00:00Z,12072.0,12072.0,False,False,False,
2023-01-12T18:00:00Z,11894.0,11894.0,False,False,False,
2023-01-12T19:00:00Z,11750.0,11750.0,False,False,False,
2023-01-12T20:00:00Z,11552.0,11552.0,False,False,False,
2023-01-12T21:00:00Z,11519.0,11519.0,False,False,False,
2023-01-12T22:00:00Z,11696.0,11696.0,False,False,False,
2023-01-12T23:00:00Z,12162.0,12162.0,False,False,False,
2023-01-13T00:00:00Z,12311.0,12311.0,False,False,False,
2023-01-13T01:00:00Z,12146.0,12146.0,False,False,False,
2023-01-13T02:00:00Z,11941.0,11941.0,False,False,False,
2023-01-13T03:00:00Z,11460.0,11460.0,False,False,False,
2023-01-13T04:00:00Z,10825.0,10825.0,False,False,False,
2023-01-13T05:00:00Z,10206.0,10206.0,False,False,False,
2023-01-13T06:00:00Z,9781.0,9781.0,False,False,False,
2023-01-13T07:00:00Z,9534.0,9534.0,False,False,False,
2023-01-13T08:00:00Z,9424.0,9424.0,False,False,False,
2023-01-13T09:00:00Z,9497.0,9497.0,False,False,False,
2023-01-13T10:00:00Z,9831.0,9831.0,False,False,False,
2023-01-13T11:00:00Z,10600.0,10600.0,False,False,False,
2023-01-13T12:00:00Z,11796.0,11796.0,False,False,False,
2023-01-13T13:00:00Z,12622.0,12622.0,False,False,False,
2023-01-13T14:00:00Z,12737.0,12737.0,False,False,False,
2023-01-13T15:00:00Z,12444.0,12444.0,False,False,False,
2023-01-13T16:00:00Z,12188.0,12188.0,False,False,False,
2023-01-13T17:00:00Z,12020.0,12020.0,False,False,False,
2023-01-13T18:00:00Z,11973.0,11973.0,False,False,False,
2023-01-13T19:00:00Z,11978.0,11978.0,False,False,False,
2023-01-13T20:00:00Z,12021.0,12021.0,False,False,False,
2023-01-13T21:00:00Z,12142.0,12142.0,False,False,False,
2023-01-13T22:00:00Z,12577.0,12577.0,False,False,False,
2023-01-13T23:00:00Z,13276.0,13276.0,False,False,False,
2023-01-14T00:00:00Z,13765.0,13765.0,False,False,False,
2023-01-14T01:00:00Z,13706.0,13706.0,False,False,False,
2023-01-14T02:00:00Z,13617.0,13617.0,False,False,False,
2023-01-14T03:00:00Z,13395.0,13395.0,False,False,False,
2023-01-14T04:00:00Z,12991.0,12991.0,False,False,False,
2023-01-14T05:00:00Z,12551.0,12551.0,False,False,False,
2023-01-14T06:00:00Z,12279.0,12279.0,False,False,False,
2023-01-14T07:00:00Z,12156.0,12156.0,False,False,False,
2023-01-14T08:00:00Z,12199.0,12199.0,False,False,False,
2023-01-14T09:00:00Z,12315.0,12315.0,False,False,False,
2023-01-14T10:00:00Z,12562.0,12562.0,False,False,False,
2023-01-14T11:00:00Z,12955.0,12955.0,False,False,False,
2023-01-14T12:00:00Z,13550.0,13550.0,False,False,False,
2023-01-14T13:00:00Z,14128.0,14128.0,False,False,False,
2023-01-14T14:00:00Z,14569.0,14569.0,False,False,False,
2023-01-14T15:00:00Z,14495.0,14495.0,False,False,False,
2023-01-14T16:00:00Z,14047.0,14047.0,False,False,False,
2023-01-14T17:00:00Z,13507.0,13507.0,False,False,False,
2023-01-14T18:00:00Z,13035.0,13035.0,False,False,False,
2023-01-14T19:00:00Z,12530.0,12530.0,False,False,False,
2023-01-14T20:00:00Z,12186.0,12186.0,False,False,False,
2023-01-14T21:00:00Z,12124.0,12124.0,False,False,False,
2023-01-14T22:00:00Z,12572.0,12572.0,False,False,False,
2023-01-14T23:00:00Z,13564.0,13564.0,False,False,False,
2023-01-15T00:00:00Z,14440.0,14440.0,False,False,False,
2023-01-15T01:00:00Z,14609.0,14609.0,False,False,False,
2023-01-15T02:00:00Z,14689.0,14689.0,False,False,False,
2023-01-15T03:00:00Z,14556.0,14556.0,False,False,False,
2023-01-15T04:00:00Z,14348.0,14348.0,False,False,False,
2023-01-15T05:00:00Z,14062.0,14062.0,False,False,False,
2023-01-15T06:00:00Z,13913.0,13913.0,False,False,False,
2023-01-15T07:00:00Z,13912.0,13912.0,False,False,False,
2023-01-15T08:00:00Z,13998.0,13998.0,False,False,False,
2023-01-15T09:00:00Z,14150.0,14150.0,False,False,False,
2023-01-15T10:00:00Z,14449.0,14449.0,False,False,False,
2023-01-15T11:00:00Z,14868.0,14868.0,False,False,False,
2023-01-15T12:00:00Z,15409.0,15409.0,False,False,False,
2023-01-15T13:00:00Z,16027.0,16027.0,False,False,False,
2023-01-15T14:00:00Z,16217.0,16217.0,False,False,False,
2023-01-15T15:00:00Z,15165.0,15165.0,False,False,False,
2023-01-15T16:00:00Z,13866.0,13866.0,False,False,False,
2023-01-15T17:00:00Z,12855.0,12855.0,False,False,False,
2023-01-15T18:00:00Z,12181.0,12181.0,False,False,False,
2023-01-15T19:00:00Z,11568.0,11568.0,False,False,False,
2023-01-15T20:00:00Z,11126.0,11126.0,False,False,False,
2023-01-15T21:00:00Z,10949.0,10949.0,False,False,False,
2023-01-15T22:00:00Z,11174.0,11174.0,False,False,False,
2023-01-15T23:00:00Z,12026.0,12026.0,False,False,False,
2023-01-16T00:00:00Z,12925.0,12925.0,False,False,False,
2023-01-16T01:00:00Z,13146.0,13146.0,False,False,False,
2023-01-16T02:00:00Z,13323.0,13323.0,False,False,False,
2023-01-16T03:00:00Z,13289.0,13289.0,False,False,False,
2023-01-16T04:00:00Z,13073.0,13073.0,False,False,False,
2023-01-16T05:00:00Z,12898.0,12898.0,False,False,False,
2023-01-16T06:00:00Z,12848.0,12848.0,False,False,False,
2023-01-16T07:00:00Z,12922.0,12922.0,False,False,False,
2023-01-16T08:00:00Z,13127.0,13127.0,False,False,False,
2023-01-16T09:00:00Z,13413.0,13413.0,False,False,False,
2023-01-16T10:00:00Z,13912.0,13912.0,False,False,False,
2023-01-16T11:00:00Z,14710.0,14710.0,False,False,False,
2023-01-16T12:00:00Z,15708.0,15708.0,False,False,False,
2023-01-16T13:00:00Z,16442.0,16442.0,False,False,False,
2023-01-16T14:00:00Z,16544.0,16544.0,False,False,False,
2023-01-16T15:00:00Z,15831.0,15831.0,False,False,False,
2023-01-16T16:00:00Z,14618.0,14618.0,False,False,False,
2023-01-16T17:00:00Z,13496.0,13496.0,False,False,False,
2023-01-16T18:00:00Z,12703.0,12703.0,False,False,False,
2023-01-16T19:00:00Z,12339.0,12339.0,False,False,False,
2023-01-16T20:00:00Z,12220.0,12220.0,False,False,False,
2023-01-16T21:00:00Z,12231.0,12231.0,False,False,False,
2023-01-16T22:00:00Z,12433.0,12433.0,False,False,False,
2023-01-16T23:00:00Z,13064.0,13064.0,False,False,False,
2023-01-17T00:00:00Z,13635.0,13635.0,False,False,False,
2023-01-17T01:00:00Z,13563.0,13563.0,False,False,False,
2023-01-17T02:00:00Z,13340.0,13340.0,False,False,False,
2023-01-17T03:00:00Z,12877.0,12877.0,False,False,False,
2023-01-17T04:00:00Z,12165.0,12165.0,False,False,False,
2023-01-17T05:00:00Z,11527.0,11527.0,False,False,False,
2023-01-17T06:00:00Z,11063.0,11063.0,False,False,False,
2023-01-17T07:00:00Z,10808.0,10808.0,False,False,False,
2023-01-17T08:00:00Z,10697.0,10697.0,False,False,False,
2023-01-17T09:00:00Z,10722.0,10722.0,False,False,False,
2023-01-17T10:00:00Z,10948.0,10948.0,False,False,False,
2023-01-17T11:00:00Z,11620.0,11620.0,False,False,False,
2023-01-17T12:00:00Z,12725.0,12725.0,False,False,False,
2023-01-17T13:00:00Z,13383.0,13383.0,False,False,False,
2023-01-17T14:00:00Z,13361.0,13361.0,False,False,False,
2023-01-17T15:00:00Z,13339.0,13339.0,False,False,False,
2023-01-17T16:00:00Z,13363.0,13363.0,False,False,False,
2023-01-17T17:00:00Z,13287.0,13287.0,False,False,False,
2023-01-17T18:00:00Z,13144.0,13144.0,False,False,False,
2023-01-17T19:00:00Z,13012.0,13012.0,False,False,False,
2023-01-17T20:00:00Z,12723.0,12723.0,False,False,False,
2023-01-17T21:00:00Z,12508.0,12508.0,False,False,False,
2023-01-17T22:00:00Z,12546.0,12546.0,False,False,False,
2023-01-17T23:00:00Z,12955.0,12955.0,False,False,False,
2023-01-18T00:00:00Z,13328.0,13328.0,False,False,False,
2023-01-18T01:00:00Z,13114.0,13114.0,False,False,False,
2023-01-18T02:00:00Z,12761.0,12761.0,False,False,False,
2023-01-18T03:00:00Z,12180.0,12180.0,False,False,False,
2023-01-18T04:00:00Z,11426.0,11426.0,False,False,False,
2023-01-18T05:00:00Z,10757.0,10757.0,False,False,False,
2023-01-18T06:00:00Z,10321.0,10321.0,False,False,False,
2023-01-18T07:00:00Z,10067.0,10067.0,False,False,False,
2023-01-18T08:00:00Z,9975.0,9975.0,False,False,False,
2023-01-18T09:00:00Z,10016.0,10016.0,False,False,False,
2023-01-18T10:00:00Z,10304.0,10304.0,False,False,False,
2023-01-18T11:00:00Z,11007.0,11007.0,False,False,False,
2023-01-18T12:00:00Z,12180.0,12180.0,False,False,False,
2023-01-18T13:00:00Z,12813.0,12813.0,False,False,False,
2023-01-18T14:00:00Z,12770.0,12770.0,False,False,False,
2023-01-18T15:00:00Z,12482.0,12482.0,False,False,False,
2023-01-18T16:00:00Z,12008.0,12008.0,False,False,False,
2023-01-18T17:00:00Z,11684.0,11684.0,False,False,False,
2023-01-18T18:00:00Z,11410.0,11410.0,False,False,False,
2023-01-18T19:00:00Z,11234.0,11234.0,False,False,False,
2023-01-18T20:00:00Z,11046.0,11046.0,False,False,False,
2023-01-18T21:00:00Z,11001.0,11001.0,False,False,False,
2023-01-18T22:00:00Z,11167.0,11167.0,False,False,False,
2023-01-18T23:00:00Z,11711.0,11711.0,False,False,False,
2023-01-19T00:00:00Z,12271.0,12271.0,False,False,False,
2023-01-19T01:00:00Z,12183.0,12183.0,False,False,False,
2023-01-19T02:00:00Z,11971.0,11971.0,False,False,False,
2023-01-19T03:00:00Z,11505.0,11505.0,False,False,False,
2023-01-19T04:00:00Z,10848.0,10848.0,False,False,False,
2023-01-19T05:00:00Z,10186.0,10186.0,False,False,False,
2023-01-19T06:00:00Z,9732.0,9732.0,False,False,False,
2023-01-19T07:00:00Z,9444.0,9444.0,False,False,False,
2023-01-19T08:00:00Z,9291.0,9291.0,False,False,False,
2023-01-19T09:00:00Z,9224.0,9224.0,False,False,False,
2023-01-19T10:00:00Z,9412.0,9412.0,False,False,False,
2023-01-19T11:00:00Z,9982.0,9982.0,False,False,False,
2023-01-19T12:00:00Z,11057.0,11057.0,False,False,False,
2023-01-19T13:00:00Z,11625.0,11625.0,False,False,False,
2023-01-19T14:00:00Z,11634.0,11634.0,False,False,False,
2023-01-19T15:00:00Z,11641.0,11641.0,False,False,False,
2023-01-19T16:00:00Z,11643.0,11643.0,False,False,False,
2023-01-19T17:00:00Z,11543.0,11543.0,False,False,False,
2023-01-19T18:00:00Z,11450.0,11450.0,False,False,False,
2023-01-19T19:00:00Z,11378.0,11378.0,False,False,False,
2023-01-19T20:00:00Z,11169.0,11169.0,False,False,False,
2023-01-19T21:00:00Z,11027.0,11027.0,False,False,False,
2023-01-19T22:00:00Z,11065.0,11065.0,False,False,False,
2023-01-19T23:00:00Z,11373.0,11373.0,False,False,False,
2023-01-20T00:00:00Z,11919.0,11919.0,False,False,False,
2023-01-20T01:00:00Z,11839.0,11839.0,False,False,False,
2023-01-20T02:00:00Z,11620.0,11620.0,False,False,False,
2023-01-20T03:00:00Z,11171.0,11171.0,False,False,False,
2023-01-20T04:00:00Z,10558.0,10558.0,False,False,False,
2023-01-20T05:00:00Z,9978.0,9978.0,False,False,False,
2023-01-20T06:00:00Z,9568.0,9568.0,False,False,False,
2023-01-20T07:00:00Z,9425.0,9425.0,False,False,False,
2023-01-20T08:00:00Z,9411.0,9411.0,False,False,False,
2023-01-20T09:00:00Z,9526.0,9526.0,False,False,False,
2023-01-20T10:00:00Z,9891.0,9891.0,False,False,False,
2023-01-20T11:00:00Z,10731.0,10731.0,False,False,False,
2023-01-20T12:00:00Z,12010.0,12010.0,False,False,False,
2023-01-20T13:00:00Z,12788.0,12788.0,False,False,False,
2023-01-20T14:00:00Z,12799.0,12799.0,False,False,False,
2023-01-20T15:00:00Z,12306.0,12306.0,False,False,False,
2023-01-20T16:00:00Z,11919.0,11919.0,False,False,False,
2023-01-20T17:00:00Z,11507.0,11507.0,False,False,False,
2023-01-20T18:00:00Z,11161.0,11161.0,False,False,False,
2023-01-20T19:00:00Z,10907.0,10907.0,False,False,False,
2023-01-20T20:00:00Z,10647.0,10647.0,False,False,False,
2023-01-20T21:00:00Z,10551.0,10551.0,False,False,False,
2023-01-20T22:00:00Z,10773.0,10773.0,False,False,False,
2023-01-20T23:00:00Z,11345.0,11345.0,False,False,False,
2023-01-21T00:00:00Z,12012.0,12012.0,False,False,False,
2023-01-21T01:00:00Z,12055.0,12055.0,False,False,False,
2023-01-21T02:00:00Z,12058.0,12058.0,False,False,False,
2023-01-21T03:00:00Z,11921.0,11921.0,False,False,False,
2023-01-21T04:00:00Z,11588.0,11588.0,False,False,False,
2023-01-21T05:00:00Z,11222.0,11222.0,False,False,False,
2023-01-21T06:00:00Z,10948.0,10948.0,False,False,False,
2023-01-21T07:00:00Z,10877.0,10877.0,False,False,False,
2023-01-21T08:00:00Z,10961.0,10961.0,False,False,False,
2023-01-21T09:00:00Z,11130.0,11130.0,False,False,False,
2023-01-21T10:00:00Z,11487.0,11487.0,False,False,False,
2023-01-21T11:00:00Z,12091.0,12091.0,False,False,False,
2023-01-21T12:00:00Z,12892.0,12892.0,False,False,False,
2023-01-21T13:00:00Z,13686.0,13686.0,False,False,False,
2023-01-21T14:00:00Z,14119.0,14119.0,False,False,False,
2023-01-21T15:00:00Z,13700.0,13700.0,False,False,False,
2023-01-21T16:00:00Z,13066.0,13066.0,False,False,False,
2023-01-21T17:00:00Z,12449.0,12449.0,False,False,False,
2023-01-21T18:00:00Z,11873.0,11873.0,False,False,False,
2023-01-21T19:00:00Z,11375.0,11375.0,False,False,False,
2023-01-21T20:00:00Z,11092.0,11092.0,False,False,False,
2023-01-21T21:00:00Z,11058.0,11058.0,False,False,False,
2023-01-21T22:00:00Z,11327.0,11327.0,False,False,False,
2023-01-21T23:00:00Z,12064.0,12064.0,False,False,False,
2023-01-22T00:00:00Z,12752.0,12752.0,False,False,False,
2023-01-22T01:00:00Z,12762.0,12762.0,False,False,False,
2023-01-22T02:00:00Z,12719.0,12719.0,False,False,False,
2023-01-22T03:00:00Z,12470.0,12470.0,False,False,False,
2023-01-22T04:00:00Z,12107.0,12107.0,False,False,False,
2023-01-22T05:00:00Z,11651.0,11651.0,False,False,False,
2023-01-22T06:00:00Z,11289.0,11289.0,False,False,False,
2023-01-22T07:00:00Z,11047.0,11047.0,False,False,False,
2023-01-22T08:00:00Z,10911.0,10911.0,False,False,False,
2023-01-22T09:00:00Z,10847.0,10847.0,False,False,False,
2023-01-22T10:00:00Z,10939.0,10939.0,False,False,False,
2023-01-22T11:00:00Z,11241.0,11241.0,False,False,False,
2023-01-22T12:00:00Z,11669.0,11669.0,False,False,False,
2023-01-22T13:00:00Z,12274.0,12274.0,False,False,False,
2023-01-22T14:00:00Z,12891.0,12891.0,False,False,False,
2023-01-22T15:00:00Z,13338.0,13338.0,False,False,False,
2023-01-22T16:00:00Z,13454.0,13454.0,False,False,False,
2023-01-22T17:00:00Z,13491.0,13491.0,False,False,False,
2023-01-22T18:00:00Z,13484.0,13484.0,False,False,False,
2023-01-22T19:00:00Z,13355.0,13355.0,False,False,False,
2023-01-22T20:00:00Z,13247.0,13247.0,False,False,False,
2023-01-22T21:00:00Z,13157.0,13157.0,False,False,False,
2023-01-22T22:00:00Z,13308.0,13308.0,False,False,False,
2023-01-22T23:00:00Z,13763.0,13763.0,False,False,False,
2023-01-23T00:00:00Z,13941.0,13941.0,False,False,False,
2023-01-23T01:00:00Z,13733.0,13733.0,False,False,False,
2023-01-23T02:00:00Z,13456.0,13456.0,False,False,False,
2023-01-23T03:00:00Z,12922.0,12922.0,False,False,False,
2023-01-23T04:00:00Z,12307.0,12307.0,False,False,False,
2023-01-23T05:00:00Z,11684.0,11684.0,False,False,False,
2023-01-23T06:00:00Z,11267.0,11267.0,False,False,False,
2023-01-23T07:00:00Z,11019.0,11019.0,False,False,False,
2023-01-23T08:00:00Z,10935.0,10935.0,False,False,False,
2023-01-23T09:00:00Z,10973.0,10973.0,False,False,False,
2023-01-23T10:00:00Z,11312.0,11312.0,False,False,False,
2023-01-23T11:00:00Z,12116.0,12116.0,False,False,False,
2023-01-23T12:00:00Z,13414.0,13414.0,False,False,False,
2023-01-23T13:00:00Z,14169.0,14169.0,False,False,False,
2023-01-23T14:00:00Z,14124.0,14124.0,False,False,False,
2023-01-23T15:00:00Z,13554.0,13554.0,False,False,False,
2023-01-23T16:00:00Z,13067.0,13067.0,False,False,False,
2023-01-23T17:00:00Z,12810.0,12810.0,False,False,False,
2023-01-23T18:00:00Z,12632.0,12632.0,False,False,False,
2023-01-23T19:00:00Z,12605.0,12605.0,False,False,False,
2023-01-23T20:00:00Z,12511.0,12511.0,False,False,False,
2023-01-23T21:00:00Z,12514.0,12514.0,False,False,False,
2023-01-23T22:00:00Z,12803.0,12803.0,False,False,False,
2023-01-23T23:00:00Z,13644.0,13644.0,False,False,False,
2023-01-24T00:00:00Z,14603.0,14603.0,False,False,False,
2023-01-24T01:00:00Z,14793.0,14793.0,False,False,False,
2023-01-24T02:00:00Z,14728.0,14728.0,False,False,False,
2023-01-24T03:00:00Z,14428.0,14428.0,False,False,False,
2023-01-24T04:00:00Z,13964.0,13964.0,False,False,False,
2023-01-24T05:00:00Z,13677.0,13677.0,False,False,False,
2023-01-24T06:00:00Z,13607.0,13607.0,False,False,False,
2023-01-24T07:00:00Z,13737.0,13737.0,False,False,False,
2023-01-24T08:00:00Z,13988.0,13988.0,False,False,False,
2023-01-24T09:00:00Z,14315.0,14315.0,False,False,False,
2023-01-24T10:00:00Z,14903.0,14903.0,False,False,False,
2023-01-24T11:00:00Z,15953.0,15953.0,False,False,False,
2023-01-24T12:00:00Z,17452.0,17452.0,False,False,False,
2023-01-24T13:00:00Z,18119.0,18119.0,False,False,False,
2023-01-24T14:00:00Z,17659.0,17659.0,False,False,False,
2023-01-24T15:00:00Z,16172.0,16172.0,False,False,False,
2023-01-24T16:00:00Z,14701.0,14701.0,False,False,False,
2023-01-24T17:00:00Z,13528.0,13528.0,False,False,False,
2023-01-24T18:00:00Z,12714.0,12714.0,False,False,False,
2023-01-24T19:00:00Z,12206.0,12206.0,False,False,False,
2023-01-24T20:00:00Z,11777.0,11777.0,False,False,False,
2023-01-24T21:00:00Z,11597.0,11597.0,False,False,False,
2023-01-24T22:00:00Z,11798.0,11798.0,False,False,False,
2023-01-24T23:00:00Z,12564.0,12564.0,False,False,False,
2023-01-25T00:00:00Z,13593.0,13593.0,False,False,False,
2023-01-25T01:00:00Z,13863.0,13863.0,False,False,False,
2023-01-25T02:00:00Z,13926.0,13926.0,False,False,False,
2023-01-25T03:00:00Z,13681.0,13681.0,False,False,False,
2023-01-25T04:00:00Z,13107.0,13107.0,False,False,False,
2023-01-25T05:00:00Z,12528.0,12528.0,False,False,False,
2023-01-25T06:00:00Z,12177.0,12177.0,False,False,False,
2023-01-25T07:00:00Z,11957.0,11957.0,False,False,False,
2023-01-25T08:00:00Z,11819.0,11819.0,False,False,False,
2023-01-25T09:00:00Z,11796.0,11796.0,False,False,False,
2023-01-25T10:00:00Z,11976.0,11976.0,False,False,False,
2023-01-25T11:00:00Z,12630.0,12630.0,False,False,False,
2023-01-25T12:00:00Z,13788.0,13788.0,False,False,False,
2023-01-25T13:00:00Z,14438.0,14438.0,False,False,False,
2023-01-25T14:00:00Z,14474.0,14474.0,False,False,False,
2023-01-25T15:00:00Z,14508.0,14508.0,False,False,False,
2023-01-25T16:00:00Z,14461.0,14461.0,False,False,False,
2023-01-25T17:00:00Z,14206.0,14206.0,False,False,False,
2023-01-25T18:00:00Z,13973.0,13973.0,False,False,False,
2023-01-25T19:00:00Z,13787.0,13787.0,False,False,False,
2023-01-25T20:00:00Z,13580.0,13580.0,False,False,False,
2023-01-25T21:00:00Z,13492.0,13492.0,False,False,False,
2023-01-25T22:00:00Z,13615.0,13615.0,False,False,False,
2023-01-25T23:00:00Z,13927.0,13927.0,False,False,False,
2023-01-26T00:00:00Z,14079.0,14079.0,False,False,False,
2023-01-26T01:00:00Z,13827.0,13827.0,False,False,False,
2023-01-26T02:00:00Z,13480.0,13480.0,False,False,False,
2023-01-26T03:00:00Z,12927.0,12927.0,False,False,False,
2023-01-26T04:00:00Z,12182.0,12182.0,False,False,False,
2023-01-26T05:00:00Z,11575.0,11575.0,False,False,False,
2023-01-26T06:00:00Z,11216.0,11216.0,False,False,False,
2023-01-26T07:00:00Z,11103.0,11103.0,False,False,False,
2023-01-26T08:00:00Z,11158.0,11158.0,False,False,False,
2023-01-26T09:00:00Z,11383.0,11383.0,False,False,False,
2023-01-26T10:00:00Z,11935.0,11935.0,False,False,False,
2023-01-26T11:00:00Z,12940.0,12940.0,False,False,False,
2023-01-26T12:00:00Z,14444.0,14444.0,False,False,False,
2023-01-26T13:00:00Z,15224.0,15224.0,False,False,False,
2023-01-26T14:00:00Z,15058.0,15058.0,False,False,False,
2023-01-26T15:00:00Z,14219.0,14219.0,False,False,False,
2023-01-26T16:00:00Z,13518.0,13518.0,False,False,False,
2023-01-26T17:00:00Z,12979.0,12979.0,False,False,False,
2023-01-26T18:00:00Z,12571.0,12571.0,False,False,False,
2023-01-26T19:00:00Z,12387.0,12387.0,False,False,False,
2023-01-26T20:00:00Z,12136.0,12136.0,False,False,False,
2023-01-26T21:00:00Z,12023.0,12023.0,False,False,False,
2023-01-26T22:00:00Z,12317.0,12317.0,False,False,False,
2023-01-26T23:00:00Z,13101.0,13101.0,False,False,False,
2023-01-27T00:00:00Z,14087.0,14087.0,False,False,False,
2023-01-27T01:00:00Z,14366.0,14366.0,False,False,False,
2023-01-27T02:00:00Z,14419.0,14419.0,False,False,False,
2023-01-27T03:00:00Z,14169.0,14169.0,False,False,False,
2023-01-27T04:00:00Z,13690.0,13690.0,False,False,False,
2023-01-27T05:00:00Z,13288.0,13288.0,False,False,False,
2023-01-27T06:00:00Z,13135.0,13135.0,False,False,False,
2023-01-27T07:00:00Z,13232.0,13232.0,False,False,False,
2023-01-27T08:00:00Z,13416.0,13416.0,False,False,False,
2023-01-27T09:00:00Z,13695.0,13695.0,False,False,False,
2023-01-27T10:00:00Z,14230.0,14230.0,False,False,False,
2023-01-27T11:00:00Z,15198.0,15198.0,False,False,False,
2023-01-27T12:00:00Z,16588.0,16588.0,False,False,False,
2023-01-27T13:00:00Z,17340.0,17340.0,False,False,False,
2023-01-27T14:00:00Z,16993.0,16993.0,False,False,False,
2023-01-27T15:00:00Z,15677.0,15677.0,False,False,False,
2023-01-27T16:00:00Z,14493.0,14493.0,False,False,False,
2023-01-27T17:00:00Z,13661.0,13661.0,False,False,False,
2023-01-27T18:00:00Z,13020.0,13020.0,False,False,False,
2023-01-27T19:00:00Z,12489.0,12489.0,False,False,False,
2023-01-27T20:00:00Z,12122.0,12122.0,False,False,False,
2023-01-27T21:00:00Z,11905.0,11905.0,False,False,False,
2023-01-27T22:00:00Z,12124.0,12124.0,False,False,False,
2023-01-27T23:00:00Z,12862.0,12862.0,False,False,False,
2023-01-28T00:00:00Z,13795.0,13795.0,False,False,False,
2023-01-28T01:00:00Z,14043.0,14043.0,False,False,False,
2023-01-28T02:00:00Z,14168.0,14168.0,False,False,False,
2023-01-28T03:00:00Z,14110.0,14110.0,False,False,False,
2023-01-28T04:00:00Z,13780.0,13780.0,False,False,False,
2023-01-28T05:00:00Z,13410.0,13410.0,False,False,False,
2023-01-28T06:00:00Z,13139.0,13139.0,False,False,False,
2023-01-28T07:00:00Z,13085.0,13085.0,False,False,False,
2023-01-28T08:00:00Z,13180.0,13180.0,False,False,False,
2023-01-28T09:00:00Z,13421.0,13421.0,False,False,False,
2023-01-28T10:00:00Z,13800.0,13800.0,False,False,False,
2023-01-28T11:00:00Z,14345.0,14345.0,False,False,False,
2023-01-28T12:00:00Z,15061.0,15061.0,False,False,False,
2023-01-28T13:00:00Z,15707.0,15707.0,False,False,False,
2023-01-28T14:00:00Z,15775.0,15775.0,False,False,False,
2023-01-28T15:00:00Z,14627.0,14627.0,False,False,False,
2023-01-28T16:00:00Z,13335.0,13335.0,False,False,False,
2023-01-28T17:00:00Z,12262.0,12262.0,False,False,False,
2023-01-28T18:00:00Z,11495.0,11495.0,False,False,False,
2023-01-28T19:00:00Z,10922.0,10922.0,False,False,False,
2023-01-28T20:00:00Z,10566.0,10566.0,False,False,False,
2023-01-28T21:00:00Z,10463.0,10463.0,False,False,False,
2023-01-28T22:00:00Z,10637.0,10637.0,False,False,False,
2023-01-28T23:00:00Z,11254.0,11254.0,False,False,False,
2023-01-29T00:00:00Z,12051.0,12051.0,False,False,False,
2023-01-29T01:00:00Z,12233.0,12233.0,False,False,False,
2023-01-29T02:00:00Z,12270.0,12270.0,False,False,False,
2023-01-29T03:00:00Z,12192.0,12192.0,False,False,False,
2023-01-29T04:00:00Z,11936.0,11936.0,False,False,False,
2023-01-29T05:00:00Z,11668.0,11668.0,False,False,False,
2023-01-29T06:00:00Z,11486.0,11486.0,False,False,False,
2023-01-29T07:00:00Z,11440.0,11440.0,False,False,False,
2023-01-29T08:00:00Z,11518.0,11518.0,False,False,False,
2023-01-29T09:00:00Z,11583.0,11583.0,False,False,False,
2023-01-29T10:00:00Z,11726.0,11726.0,False,False,False,
2023-01-29T11:00:00Z,11943.0,11943.0,False,False,False,
2023-01-29T12:00:00Z,12318.0,12318.0,False,False,False,
2023-01-29T13:00:00Z,12697.0,12697.0,False,False,False,
2023-01-29T14:00:00Z,13059.0,13059.0,False,False,False,
2023-01-29T15:00:00Z,12878.0,12878.0,False,False,False,
2023-01-29T16:00:00Z,12407.0,12407.0,False,False,False,
2023-01-29T17:00:00Z,12044.0,12044.0,False,False,False,
2023-01-29T18:00:00Z,11847.0,11847.0,False,False,False,
2023-01-29T19:00:00Z,11714.0,11714.0,False,False,False,
2023-01-29T20:00:00Z,11567.0,11567.0,False,False,False,
2023-01-29T21:00:00Z,11501.0,11501.0,False,False,False,
2023-01-29T22:00:00Z,11657.0,11657.0,False,False,False,
2023-01-29T23:00:00Z,12119.0,12119.0,False,False,False,
2023-01-30T00:00:00Z,12539.0,12539.0,False,False,False,
2023-01-30T01:00:00Z,12443.0,12443.0,False,False,False,
2023-01-30T02:00:00Z,12244.0,12244.0,False,False,False,
2023-01-30T03:00:00Z,11763.0,11763.0,False,False,False,
2023-01-30T04:00:00Z,11249.0,11249.0,False,False,False,
2023-01-30T05:00:00Z,10668.0,10668.0,False,False,False,
2023-01-30T06:00:00Z,10272.0,10272.0,False,False,False,
2023-01-30T07:00:00Z,10069.0,10069.0,False,False,False,
2023-01-30T08:00:00Z,9998.0,9998.0,False,False,False,
2023-01-30T09:00:00Z,10056.0,10056.0,False,False,False,
2023-01-30T10:00:00Z,10382.0,10382.0,False,False,False,
2023-01-30T11:00:00Z,11172.0,11172.0,False,False,False,
2023-01-30T12:00:00Z,12470.0,12470.0,False,False,False,
2023-01-30T13:00:00Z,13135.0,13135.0,False,False,False,
2023-01-30T14:00:00Z,13139.0,13139.0,False,False,False,
2023-01-30T15:00:00Z,12865.0,12865.0,False,False,False,
2023-01-30T16:00:00Z,12470.0,12470.0,False,False,False,
2023-01-30T17:00:00Z,12000.0,12000.0,False,False,False,
2023-01-30T18:00:00Z,11600.0,11600.0,False,False,False,
2023-01-30T19:00:00Z,11287.0,11287.0,False,False,False,
2023-01-30T20:00:00Z,11030.0,11030.0,False,False,False,
2023-01-30T21:00:00Z,10871.0,10871.0,False,False,False,
2023-01-30T22:00:00Z,11022.0,11022.0,False,False,False,
2023-01-30T23:00:00Z,11468.0,11468.0,False,False,False,
2023-01-31T00:00:00Z,12128.0,12128.0,False,False,False,
2023-01-31T01:00:00Z,12139.0,12139.0,False,False,False,
2023-01-31T02:00:00Z,11893.0,11893.0,False,False,False,
2023-01-31T03:00:00Z,11442.0,11442.0,False,False,False,
2023-01-31T04:00:00Z,10773.0,10773.0,False,False,False,
2023-01-31T05:00:00Z,10198.0,10198.0,False,False,False,
2023-01-31T06:00:00Z,9801.0,9801.0,False,False,False,
2023-01-31T07:00:00Z,9583.0,9583.0,False,False,False,
2023-01-31T08:00:00Z,9498.0,9498.0,False,False,False,
2023-01-31T09:00:00Z,9510.0,9510.0,False,False,False,
2023-01-31T10:00:00Z,9760.0,9760.0,False,False,False,
2023-01-31T11:00:00Z,10456.0,10456.0,False,False,False,
2023-01-31T12:00:00Z,11589.0,11589.0,False,False,False,
2023-01-31T13:00:00Z,12185.0,12185.0,False,False,False,
2023-01-31T14:00:00Z,12170.0,12170.0,False,False,False,
2023-01-31T15:00:00Z,12150.0,12150.0,False,False,False,
2023-01-31T16:00:00Z,12117.0,12117.0,False,False,False,
2023-01-31T17:00:00Z,12024.0,12024.0,False,False,False,
2023-01-31T18:00:00Z,11929.0,11929.0,False,False,False,
2023-01-31T19:00:00Z,11839.0,11839.0,False,False,False,
2023-01-31T20:00:00Z,11643.0,11643.0,False,False,False,
2023-01-31T21:00:00Z,11565.0,11565.0,False,False,False,
2023-01-31T22:00:00Z,11728.0,11728.0,False,False,False,
2023-01-31T23:00:00Z,12099.0,12099.0,False,False,False,
2023-02-01T00:00:00Z,12518.0,12518.0,False,False,False,
2023-02-01T01:00:00Z,12381.0,12381.0,False,False,False,
2023-02-01T02:00:00Z,12058.0,12058.0,False,False,False,
2023-02-01T03:00:00Z,11536.0,11536.0,False,False,False,
2023-02-01T04:00:00Z,10796.0,10796.0,False,False,False,
2023-02-01T05:00:00Z,10136.0,10136.0,False,False,False,
2023-02-01T06:00:00Z,9659.0,9659.0,False,False,False,
2023-02-01T07:00:00Z,9439.0,9439.0,False,False,False,
2023-02-01T08:00:00Z,9348.0,9348.0,False,False,False,
2023-02-01T09:00:00Z,9403.0,9403.0,False,False,False,
2023-02-01T10:00:00Z,9686.0,9686.0,False,False,False,
2023-02-01T11:00:00Z,10440.0,10440.0,False,False,False,
2023-02-01T12:00:00Z,11680.0,11680.0,False,False,False,
2023-02-01T13:00:00Z,12372.0,12372.0,False,False,False,
2023-02-01T14:00:00Z,12529.0,12529.0,False,False,False,
2023-02-01T15:00:00Z,12656.0,12656.0,False,False,False,
2023-02-01T16:00:00Z,12701.0,12701.0,False,False,False,
2023-02-01T17:00:00Z,12713.0,12713.0,False,False,False,
2023-02-01T18:00:00Z,12665.0,12665.0,False,False,False,
2023-02-01T19:00:00Z,12688.0,12688.0,False,False,False,
2023-02-01T20:00:00Z,12646.0,12646.0,False,False,False,
2023-02-01T21:00:00Z,12720.0,12720.0,False,False,False,
2023-02-01T22:00:00Z,12990.0,12990.0,False,False,False,
2023-02-01T23:00:00Z,13494.0,13494.0,False,False,False,
2023-02-02T00:00:00Z,13931.0,13931.0,False,False,False,
2023-02-02T01:00:00Z,13795.0,13795.0,False,False,False,
2023-02-02T02:00:00Z,13509.0,13509.0,False,False,False,
2023-02-02T03:00:00Z,13012.0,13012.0,False,False,False,
2023-02-02T04:00:00Z,12300.0,12300.0,False,False,False,
2023-02-02T05:00:00Z,11644.0,11644.0,False,False,False,
2023-02-02T06:00:00Z,11216.0,11216.0,False,False,False,
2023-02-02T07:00:00Z,11030.0,11030.0,False,False,False,
2023-02-02T08:00:00Z,10969.0,10969.0,False,False,False,
2023-02-02T09:00:00Z,10993.0,10993.0,False,False,False,
2023-02-02T10:00:00Z,11336.0,11336.0,False,False,False,
2023-02-02T11:00:00Z,12094.0,12094.0,False,False,False,
2023-02-02T12:00:00Z,13347.0,13347.0,False,False,False,
2023-02-02T13:00:00Z,14027.0,14027.0,False,False,False,
2023-02-02T14:00:00Z,14096.0,14096.0,False,False,False,
2023-02-02T15:00:00Z,14111.0,14111.0,False,False,False,
2023-02-02T16:00:00Z,14112.0,14112.0,False,False,False,
2023-02-02T17:00:00Z,13926.0,13926.0,False,False,False,
2023-02-02T18:00:00Z,13723.0,13723.0,False,False,False,
2023-02-02T19:00:00Z,13636.0,13636.0,False,False,False,
2023-02-02T20:00:00Z,13455.0,13455.0,False,False,False,
2023-02-02T21:00:00Z,13437.0,13437.0,False,False,False,
2023-02-02T22:00:00Z,13523.0,13523.0,False,False,False,
2023-02-02T23:00:00Z,13887.0,13887.0,False,False,False,
2023-02-03T00:00:00Z,14183.0,14183.0,False,False,False,
2023-02-03T01:00:00Z,13984.0,13984.0,False,False,False,
2023-02-03T02:00:00Z,13664.0,13664.0,False,False,False,
2023-02-03T03:00:00Z,13115.0,13115.0,False,False,False,
2023-02-03T04:00:00Z,12364.0,12364.0,False,False,False,
2023-02-03T05:00:00Z,11645.0,11645.0,False,False,False,
2023-02-03T06:00:00Z,11169.0,11169.0,False,False,False,
2023-02-03T07:00:00Z,10924.0,10924.0,False,False,False,
2023-02-03T08:00:00Z,10856.0,10856.0,False,False,False,
2023-02-03T09:00:00Z,10930.0,10930.0,False,False,False,
2023-02-03T10:00:00Z,11306.0,11306.0,False,False,False,
2023-02-03T11:00:00Z,12131.0,12131.0,False,False,False,
2023-02-03T12:00:00Z,13439.0,13439.0,False,False,False,
2023-02-03T13:00:00Z,14204.0,14204.0,False,False,False,
2023-02-03T14:00:00Z,14340.0,14340.0,False,False,False,
2023-02-03T15:00:00Z,14153.0,14153.0,False,False,False,
2023-02-03T16:00:00Z,13667.0,13667.0,False,False,False,
2023-02-03T17:00:00Z,13049.0,13049.0,False,False,False,
2023-02-03T18:00:00Z,12491.0,12491.0,False,False,False,
2023-02-03T19:00:00Z,12139.0,12139.0,False,False,False,
2023-02-03T20:00:00Z,11868.0,11868.0,False,False,False,
2023-02-03T21:00:00Z,11783.0,11783.0,False,False,False,
2023-02-03T22:00:00Z,12103.0,12103.0,False,False,False,
2023-02-03T23:00:00Z,12936.0,12936.0,False,False,False,
2023-02-04T00:00:00Z,14013.0,14013.0,False,False,False,
2023-02-04T01:00:00Z,14355.0,14355.0,False,False,False,
2023-02-04T02:00:00Z,14492.0,14492.0,False,False,False,
2023-02-04T03:00:00Z,14440.0,14440.0,False,False,False,
2023-02-04T04:00:00Z,14207.0,14207.0,False,False,False,
2023-02-04T05:00:00Z,13910.0,13910.0,False,False,False,
2023-02-04T06:00:00Z,13771.0,13771.0,False,False,False,
2023-02-04T07:00:00Z,13826.0,13826.0,False,False,False,
2023-02-04T08:00:00Z,13953.0,13953.0,False,False,False,
2023-02-04T09:00:00Z,14165.0,14165.0,False,False,False,
2023-02-04T10:00:00Z,14489.0,14489.0,False,False,False,
2023-02-04T11:00:00Z,14986.0,14986.0,False,False,False,
2023-02-04T12:00:00Z,15631.0,15631.0,False,False,False,
2023-02-04T13:00:00Z,16242.0,16242.0,False,False,False,
2023-02-04T14:00:00Z,16333.0,16333.0,False,False,False,
2023-02-04T15:00:00Z,15645.0,15645.0,False,False,False,
2023-02-04T16:00:00Z,14856.0,14856.0,False,False,False,
2023-02-04T17:00:00Z,14000.0,14000.0,False,False,False,
2023-02-04T18:00:00Z,13233.0,13233.0,False,False,False,
2023-02-04T19:00:00Z,12593.0,12593.0,False,False,False,
2023-02-04T20:00:00Z,12105.0,12105.0,False,False,False,
2023-02-04T21:00:00Z,11920.0,11920.0,False,False,False,
2023-02-04T22:00:00Z,12295.0,12295.0,False,False,False,
2023-02-04T23:00:00Z,13132.0,13132.0,False,False,False,
2023-02-05T00:00:00Z,14045.0,14045.0,False,False,False,
2023-02-05T01:00:00Z,14264.0,14264.0,False,False,False,
2023-02-05T02:00:00Z,14231.0,14231.0,False,False,False,
2023-02-05T03:00:00Z,14084.0,14084.0,False,False,False,
2023-02-05T04:00:00Z,13709.0,13709.0,False,False,False,
2023-02-05T05:00:00Z,13289.0,13289.0,False,False,False,
2023-02-05T06:00:00Z,13028.0,13028.0,False,False,False,
2023-02-05T07:00:00Z,12872.0,12872.0,False,False,False,
2023-02-05T08:00:00Z,12855.0,12855.0,False,False,False,
2023-02-05T09:00:00Z,12956.0,12956.0,False,False,False,
2023-02-05T10:00:00Z,13171.0,13171.0,False,False,False,
2023-02-05T11:00:00Z,13570.0,13570.0,False,False,False,
2023-02-05T12:00:00Z,14132.0,14132.0,False,False,False,
2023-02-05T13:00:00Z,14692.0,14692.0,False,False,False,
2023-02-05T14:00:00Z,14944.0,14944.0,False,False,False,
2023-02-05T15:00:00Z,14394.0,14394.0,False,False,False,
2023-02-05T16:00:00Z,13618.0,13618.0,False,False,False,
2023-02-05T17:00:00Z,12885.0,12885.0,False,False,False,
2023-02-05T18:00:00Z,12275.0,12275.0,False,False,False,
2023-02-05T19:00:00Z,11678.0,11678.0,False,False,False,
2023-02-05T20:00:00Z,11115.0,11115.0,False,False,False,
2023-02-05T21:00:00Z,10792.0,10792.0,False,False,False,
2023-02-05T22:00:00Z,10925.0,10925.0,False,False,False,
2023-02-05T23:00:00Z,11454.0,11454.0,False,False,False,
2023-02-06T00:00:00Z,12348.0,12348.0,False,False,False,
2023-02-06T01:00:00Z,12605.0,12605.0,False,False,False,
2023-02-06T02:00:00Z,12571.0,12571.0,False,False,False,
2023-02-06T03:00:00Z,12295.0,12295.0,False,False,False,
2023-02-06T04:00:00Z,11814.0,11814.0,False,False,False,
2023-02-06T05:00:00Z,11410.0,11410.0,False,False,False,
2023-02-06T06:00:00Z,11242.0,11242.0,False,False,False,
2023-02-06T07:00:00Z,11251.0,11251.0,False,False,False,
2023-02-06T08:00:00Z,11389.0,11389.0,False,False,False,
2023-02-06T09:00:00Z,11667.0,11667.0,False,False,False,
2023-02-06T10:00:00Z,12226.0,12226.0,False,False,False,
2023-02-06T11:00:00Z,13224.0,13224.0,False,False,False,
2023-02-06T12:00:00Z,14525.0,14525.0,False,False,False,
2023-02-06T13:00:00Z,15106.0,15106.0,False,False,False,
2023-02-06T14:00:00Z,14595.0,14595.0,False,False,False,
2023-02-06T15:00:00Z,13432.0,13432.0,False,False,False,
2023-02-06T16:00:00Z,12573.0,12573.0,False,False,False,
2023-02-06T17:00:00Z,11998.0,11998.0,False,False,False,
2023-02-06T18:00:00Z,11561.0,11561.0,False,False,False,
2023-02-06T19:00:00Z,11234.0,11234.0,False,False,False,
2023-02-06T20:00:00Z,10935.0,10935.0,False,False,False,
2023-02-06T21:00:00Z,10888.0,10888.0,False,False,False,
2023-02-06T22:00:00Z,11034.0,11034.0,False,False,False,
2023-02-06T23:00:00Z,11537.0,11537.0,False,False,False,
2023-02-07T00:00:00Z,12382.0,12382.0,False,False,False,
2023-02-07T01:00:00Z,12664.0,12664.0,False,False,False,
2023-02-07T02:00:00Z,12646.0,12646.0,False,False,False,
2023-02-07T03:00:00Z,12467.0,12467.0,False,False,False,
2023-02-07T04:00:00Z,11971.0,11971.0,False,False,False,
2023-02-07T05:00:00Z,11538.0,11538.0,False,False,False,
2023-02-07T06:00:00Z,11409.0,11409.0,False,False,False,
2023-02-07T07:00:00Z,11460.0,11460.0,False,False,False,
2023-02-07T08:00:00Z,11642.0,11642.0,False,False,False,
2023-02-07T09:00:00Z,11952.0,11952.0,False,False,False,
2023-02-07T10:00:00Z,12461.0,12461.0,False,False,False,
2023-02-07T11:00:00Z,13556.0,13556.0,False,False,False,
2023-02-07T12:00:00Z,15054.0,15054.0,False,False,False,
2023-02-07T13:00:00Z,15827.0,15827.0,False,False,False,
2023-02-07T14:00:00Z,15374.0,15374.0,False,False,False,
2023-02-07T15:00:00Z,14142.0,14142.0,False,False,False,
2023-02-07T16:00:00Z,13027.0,13027.0,False,False,False,
2023-02-07T17:00:00Z,12183.0,12183.0,False,False,False,
2023-02-07T18:00:00Z,11655.0,11655.0,False,False,False,
2023-02-07T19:00:00Z,11280.0,11280.0,False,False,False,
2023-02-07T20:00:00Z,11010.0,11010.0,False,False,False,
2023-02-07T21:00:00Z,10929.0,10929.0,False,False,False,
2023-02-07T22:00:00Z,11064.0,11064.0,False,False,False,
2023-02-07T23:00:00Z,11479.0,11479.0,False,False,False,
2023-02-08T00:00:00Z,12279.0,12279.0,False,False,False,
2023-02-08T01:00:00Z,12466.0,12466.0,False,False,False,
2023-02-08T02:00:00Z,12345.0,12345.0,False,False,False,
2023-02-08T03:00:00Z,11989.0,11989.0,False,False,False,
2023-02-08T04:00:00Z,11467.0,11467.0,False,False,False,
2023-02-08T05:00:00Z,10941.0,10941.0,False,False,False,
2023-02-08T06:00:00Z,10697.0,10697.0,False,False,False,
2023-02-08T07:00:00Z,10639.0,10639.0,False,False,False,
2023-02-08T08:00:00Z,10693.0,10693.0,False,False,False,
2023-02-08T09:00:00Z,10842.0,10842.0,False,False,False,
2023-02-08T10:00:00Z,11263.0,11263.0,False,False,False,
2023-02-08T11:00:00Z,12111.0,12111.0,False,False,False,
2023-02-08T12:00:00Z,13383.0,13383.0,False,False,False,
2023-02-08T13:00:00Z,13894.0,13894.0,False,False,False,
2023-02-08T14:00:00Z,13603.0,13603.0,False,False,False,
2023-02-08T15:00:00Z,12979.0,12979.0,False,False,False,
2023-02-08T16:00:00Z,12387.0,12387.0,False,False,False,
2023-02-08T17:00:00Z,11855.0,11855.0,False,False,False,
2023-02-08T18:00:00Z,11441.0,11441.0,False,False,False,
2023-02-08T19:00:00Z,11250.0,11250.0,False,False,False,
2023-02-08T20:00:00Z,11107.0,11107.0,False,False,False,
2023-02-08T21:00:00Z,11023.0,11023.0,False,False,False,
2023-02-08T22:00:00Z,11130.0,11130.0,False,False,False,
2023-02-08T23:00:00Z,11391.0,11391.0,False,False,False,
2023-02-09T00:00:00Z,11959.0,11959.0,False,False,False,
2023-02-09T01:00:00Z,11930.0,11930.0,False,False,False,
2023-02-09T02:00:00Z,11705.0,11705.0,False,False,False,
2023-02-09T03:00:00Z,11213.0,11213.0,False,False,False,
2023-02-09T04:00:00Z,10552.0,10552.0,False,False,False,
2023-02-09T05:00:00Z,9956.0,9956.0,False,False,False,
2023-02-09T06:00:00Z,9579.0,9579.0,False,False,False,
2023-02-09T07:00:00Z,9383.0,9383.0,False,False,False,
2023-02-09T08:00:00Z,9337.0,9337.0,False,False,False,
2023-02-09T09:00:00Z,9398.0,9398.0,False,False,False,
2023-02-09T10:00:00Z,9706.0,9706.0,False,False,False,
2023-02-09T11:00:00Z,10434.0,10434.0,False,False,False,
2023-02-09T12:00:00Z,11641.0,11641.0,False,False,False,
2023-02-09T13:00:00Z,12122.0,12122.0,False,False,False,
2023-02-09T14:00:00Z,12078.0,12078.0,False,False,False,
2023-02-09T15:00:00Z,11918.0,11918.0,False,False,False,
2023-02-09T16:00:00Z,11725.0,11725.0,False,False,False,
2023-02-09T17:00:00Z,11478.0,11478.0,False,False,False,
2023-02-09T18:00:00Z,11347.0,11347.0,False,False,False,
2023-02-09T19:00:00Z,11241.0,11241.0,False,False,False,
2023-02-09T20:00:00Z,11109.0,11109.0,False,False,False,
2023-02-09T21:00:00Z,11053.0,11053.0,False,False,False,
2023-02-09T22:00:00Z,11135.0,11135.0,False,False,False,
2023-02-09T23:00:00Z,11388.0,11388.0,False,False,False,
2023-02-10T00:00:00Z,11885.0,11885.0,False,False,False,
2023-02-10T01:00:00Z,11831.0,11831.0,False,False,False,
2023-02-10T02:00:00Z,11513.0,11513.0,False,False,False,
2023-02-10T03:00:00Z,11006.0,11006.0,False,False,False,
2023-02-10T04:00:00Z,10309.0,10309.0,False,False,False,
2023-02-10T05:00:00Z,9590.0,9590.0,False,False,False,
2023-02-10T06:00:00Z,9105.0,9105.0,False,False,False,
2023-02-10T07:00:00Z,8876.0,8876.0,False,False,False,
2023-02-10T08:00:00Z,8740.0,8740.0,False,False,False,
2023-02-10T09:00:00Z,8712.0,8712.0,False,False,False,
2023-02-10T10:00:00Z,8926.0,8926.0,False,False,False,
2023-02-10T11:00:00Z,9528.0,9528.0,False,False,False,
2023-02-10T12:00:00Z,10567.0,10567.0,False,False,False,
2023-02-10T13:00:00Z,11188.0,11188.0,False,False,False,
2023-02-10T14:00:00Z,11267.0,11267.0,False,False,False,
2023-02-10T15:00:00Z,11142.0,11142.0,False,False,False,
2023-02-10T16:00:00Z,10989.0,10989.0,False,False,False,
2023-02-10T17:00:00Z,10820.0,10820.0,False,False,False,
2023-02-10T18:00:00Z,10654.0,10654.0,False,False,False,
2023-02-10T19:00:00Z,10584.0,10584.0,False,False,False,
2023-02-10T20:00:00Z,10478.0,10478.0,False,False,False,
2023-02-10T21:00:00Z,10422.0,10422.0,False,False,False,
2023-02-10T22:00:00Z,10496.0,10496.0,False,False,False,
2023-02-10T23:00:00Z,10689.0,10689.0,False,False,False,
2023-02-11T00:00:00Z,11117.0,11117.0,False,False,False,
2023-02-11T01:00:00Z,11051.0,11051.0,False,False,False,
2023-02-11T02:00:00Z,10801.0,10801.0,False,False,False,
2023-02-11T03:00:00Z,10528.0,10528.0,False,False,False,
2023-02-11T04:00:00Z,10097.0,10097.0,False,False,False,
2023-02-11T05:00:00Z,9611.0,9611.0,False,False,False,
2023-02-11T06:00:00Z,9234.0,9234.0,False,False,False,
2023-02-11T07:00:00Z,9019.0,9019.0,False,False,False,
2023-02-11T08:00:00Z,8946.0,8946.0,False,False,False,
2023-02-11T09:00:00Z,8986.0,8986.0,False,False,False,
2023-02-11T10:00:00Z,9152.0,9152.0,False,False,False,
2023-02-11T11:00:00Z,9476.0,9476.0,False,False,False,
2023-02-11T12:00:00Z,9972.0,9972.0,False,False,False,
2023-02-11T13:00:00Z,10571.0,10571.0,False,False,False,
2023-02-11T14:00:00Z,11147.0,11147.0,False,False,False,
2023-02-11T15:00:00Z,11400.0,11400.0,False,False,False,
2023-02-11T16:00:00Z,11374.0,11374.0,False,False,False,
2023-02-11T17:00:00Z,11176.0,11176.0,False,False,False,
2023-02-11T18:00:00Z,11011.0,11011.0,False,False,False,
2023-02-11T19:00:00Z,10879.0,10879.0,False,False,False,
2023-02-11T20:00:00Z,10850.0,10850.0,False,False,False,
2023-02-11T21:00:00Z,10884.0,10884.0,False,False,False,
2023-02-11T22:00:00Z,11078.0,11078.0,False,False,False,
2023-02-11T23:00:00Z,11521.0,11521.0,False,False,False,
2023-02-12T00:00:00Z,11930.0,11930.0,False,False,False,
2023-02-12T01:00:00Z,11929.0,11929.0,False,False,False,
2023-02-12T02:00:00Z,11805.0,11805.0,False,False,False,
2023-02-12T03:00:00Z,11608.0,11608.0,False,False,False,
2023-02-12T04:00:00Z,11302.0,11302.0,False,False,False,
2023-02-12T05:00:00Z,10943.0,10943.0,False,False,False,
2023-02-12T06:00:00Z,10729.0,10729.0,False,False,False,
2023-02-12T07:00:00Z,10653.0,10653.0,False,False,False,
2023-02-12T08:00:00Z,10655.0,10655.0,False,False,False,
2023-02-12T09:00:00Z,10788.0,10788.0,False,False,False,
2023-02-12T10:00:00Z,11032.0,11032.0,False,False,False,
2023-02-12T11:00:00Z,11407.0,11407.0,False,False,False,
2023-02-12T12:00:00Z,11895.0,11895.0,False,False,False,
2023-02-12T13:00:00Z,12497.0,12497.0,False,False,False,
2023-02-12T14:00:00Z,13173.0,13173.0,False,False,False,
2023-02-12T15:00:00Z,13552.0,13552.0,False,False,False,
2023-02-12T16:00:00Z,13556.0,13556.0,False,False,False,
2023-02-12T17:00:00Z,13444.0,13444.0,False,False,False,
2023-02-12T18:00:00Z,13466.0,13466.0,False,False,False,
2023-02-12T19:00:00Z,13339.0,13339.0,False,False,False,
2023-02-12T20:00:00Z,13092.0,13092.0,False,False,False,
2023-02-12T21:00:00Z,12971.0,12971.0,False,False,False,
2023-02-12T22:00:00Z,12982.0,12982.0,False,False,False,
2023-02-12T23:00:00Z,13151.0,13151.0,False,False,False,
2023-02-13T00:00:00Z,13316.0,13316.0,False,False,False,
2023-02-13T01:00:00Z,13096.0,13096.0,False,False,False,
2023-02-13T02:00:00Z,12693.0,12693.0,False,False,False,
2023-02-13T03:00:00Z,12421.0,12421.0,False,False,False,
2023-02-13T04:00:00Z,11945.0,11945.0,False,False,False,
2023-02-13T05:00:00Z,11533.0,11533.0,False,False,False,
2023-02-13T06:00:00Z,11441.0,11441.0,False,False,False,
2023-02-13T07:00:00Z,11331.0,11331.0,False,False,False,
2023-02-13T08:00:00Z,11441.0,11441.0,False,False,False,
2023-02-13T09:00:00Z,11712.0,11712.0,False,False,False,
2023-02-13T10:00:00Z,12261.0,12261.0,False,False,False,
2023-02-13T11:00:00Z,13299.0,13299.0,False,False,False,
2023-02-13T12:00:00Z,14749.0,14749.0,False,False,False,
2023-02-13T13:00:00Z,15395.0,15395.0,False,False,False,
2023-02-13T14:00:00Z,14873.0,14873.0,False,False,False,
2023-02-13T15:00:00Z,13801.0,13801.0,False,False,False,
2023-02-13T16:00:00Z,12890.0,12890.0,False,False,False,
2023-02-13T17:00:00Z,12235.0,12235.0,False,False,False,
2023-02-13T18:00:00Z,11750.0,11750.0,False,False,False,
2023-02-13T19:00:00Z,11371.0,11371.0,False,False,False,
2023-02-13T20:00:00Z,11055.0,11055.0,False,False,False,
2023-02-13T21:00:00Z,10885.0,10885.0,False,False,False,
2023-02-13T22:00:00Z,10949.0,10949.0,False,False,False,
2023-02-13T23:00:00Z,11311.0,11311.0,False,False,False,
2023-02-14T00:00:00Z,12162.0,12162.0,False,False,False,
2023-02-14T01:00:00Z,12429.0,12429.0,False,False,False,
2023-02-14T02:00:00Z,12384.0,12384.0,False,False,False,
2023-02-14T03:00:00Z,12100.0,12100.0,False,False,False,
2023-02-14T04:00:00Z,11577.0,11577.0,False,False,False,
2023-02-14T05:00:00Z,11141.0,11141.0,False,False,False,
2023-02-14T06:00:00Z,10887.0,10887.0,False,False,False,
2023-02-14T07:00:00Z,10873.0,10873.0,False,False,False,
2023-02-14T08:00:00Z,11013.0,11013.0,False,False,False,
2023-02-14T09:00:00Z,11303.0,11303.0,False,False,False,
2023-02-14T10:00:00Z,11866.0,11866.0,False,False,False,
2023-02-14T11:00:00Z,12921.0,12921.0,False,False,False,
2023-02-14T12:00:00Z,14485.0,14485.0,False,False,False,
2023-02-14T13:00:00Z,15130.0,15130.0,False,False,False,
2023-02-14T14:00:00Z,14529.0,14529.0,False,False,False,
2023-02-14T15:00:00Z,13247.0,13247.0,False,False,False,
2023-02-14T16:00:00Z,12232.0,12232.0,False,False,False,
2023-02-14T17:00:00Z,11550.0,11550.0,False,False,False,
2023-02-14T18:00:00Z,11121.0,11121.0,False,False,False,
2023-02-14T19:00:00Z,10916.0,10916.0,False,False,False,
2023-02-14T20:00:00Z,10734.0,10734.0,False,False,False,
2023-02-14T21:00:00Z,10648.0,10648.0,False,False,False,
2023-02-14T22:00:00Z,10800.0,10800.0,False,False,False,
2023-02-14T23:00:00Z,11082.0,11082.0,False,False,False,
2023-02-15T00:00:00Z,11793.0,11793.0,False,False,False,
2023-02-15T01:00:00Z,11930.0,11930.0,False,False,False,
2023-02-15T02:00:00Z,11760.0,11760.0,False,False,False,
2023-02-15T03:00:00Z,11382.0,11382.0,False,False,False,
2023-02-15T04:00:00Z,10829.0,10829.0,False,False,False,
2023-02-15T05:00:00Z,10273.0,10273.0,False,False,False,
2023-02-15T06:00:00Z,9926.0,9926.0,False,False,False,
2023-02-15T07:00:00Z,9753.0,9753.0,False,False,False,
2023-02-15T08:00:00Z,9714.0,9714.0,False,False,False,
2023-02-15T09:00:00Z,9798.0,9798.0,False,False,False,
2023-02-15T10:00:00Z,10158.0,10158.0,False,False,False,
2023-02-15T11:00:00Z,10968.0,10968.0,False,False,False,
2023-02-15T12:00:00Z,12270.0,12270.0,False,False,False,
2023-02-15T13:00:00Z,12790.0,12790.0,False,False,False,
2023-02-15T14:00:00Z,12593.0,12593.0,False,False,False,
2023-02-15T15:00:00Z,12258.0,12258.0,False,False,False,
2023-02-15T16:00:00Z,11923.0,11923.0,False,False,False,
2023-02-15T17:00:00Z,11684.0,11684.0,False,False,False,
2023-02-15T18:00:00Z,11460.0,11460.0,False,False,False,
2023-02-15T19:00:00Z,11333.0,11333.0,False,False,False,
2023-02-15T20:00:00Z,11161.0,11161.0,False,False,False,
2023-02-15T21:00:00Z,11128.0,11128.0,False,False,False,
2023-02-15T22:00:00Z,11265.0,11265.0,False,False,False,
2023-02-15T23:00:00Z,11498.0,11498.0,False,False,False,
2023-02-16T00:00:00Z,12069.0,12069.0,False,False,False,
2023-02-16T01:00:00Z,12042.0,12042.0,False,False,False,
2023-02-16T02:00:00Z,11726.0,11726.0,False,False,False,
2023-02-16T03:00:00Z,11232.0,11232.0,False,False,False,
2023-02-16T04:00:00Z,10518.0,10518.0,False,False,False,
2023-02-16T05:00:00Z,9857.0,9857.0,False,False,False,
2023-02-16T06:00:00Z,9430.0,9430.0,False,False,False,
2023-02-16T07:00:00Z,9210.0,9210.0,False,False,False,
2023-02-16T08:00:00Z,9175.0,9175.0,False,False,False,
2023-02-16T09:00:00Z,9241.0,9241.0,False,False,False,
2023-02-16T10:00:00Z,9508.0,9508.0,False,False,False,
2023-02-16T11:00:00Z,10245.0,10245.0,False,False,False,
2023-02-16T12:00:00Z,11378.0,11378.0,False,False,False,
2023-02-16T13:00:00Z,11877.0,11877.0,False,False,False,
2023-02-16T14:00:00Z,11841.0,11841.0,False,False,False,
2023-02-16T15:00:00Z,11639.0,11639.0,False,False,False,
2023-02-16T16:00:00Z,11420.0,11420.0,False,False,False,
2023-02-16T17:00:00Z,11182.0,11182.0,False,False,False,
2023-02-16T18:00:00Z,11083.0,11083.0,False,False,False,
2023-02-16T19:00:00Z,10974.0,10974.0,False,False,False,
2023-02-16T20:00:00Z,10853.0,10853.0,False,False,False,
2023-02-16T21:00:00Z,10821.0,10821.0,False,False,False,
2023-02-16T22:00:00Z,10901.0,10901.0,False,False,False,
2023-02-16T23:00:00Z,11165.0,11165.0,False,False,False,
2023-02-17T00:00:00Z,11646.0,11646.0,False,False,False,
2023-02-17T01:00:00Z,11646.0,11646.0,False,False,False,
2023-02-17T02:00:00Z,11381.0,11381.0,False,False,False,
2023-02-17T03:00:00Z,10884.0,10884.0,False,False,False,
2023-02-17T04:00:00Z,10190.0,10190.0,False,False,False,
2023-02-17T05:00:00Z,9519.0,9519.0,False,False,False,
2023-02-17T06:00:00Z,8999.0,8999.0,False,False,False,
2023-02-17T07:00:00Z,8705.0,8705.0,False,False,False,
2023-02-17T08:00:00Z,8555.0,8555.0,False,False,False,
2023-02-17T09:00:00Z,8457.0,8457.0,False,False,False,
2023-02-17T10:00:00Z,8609.0,8609.0,False,False,False,
2023-02-17T11:00:00Z,9162.0,9162.0,False,False,False,
2023-02-17T12:00:00Z,10118.0,10118.0,False,False,False,
2023-02-17T13:00:00Z,10770.0,10770.0,False,False,False,
2023-02-17T14:00:00Z,10961.0,10961.0,False,False,False,
2023-02-17T15:00:00Z,11132.0,11132.0,False,False,False,
2023-02-17T16:00:00Z,11264.0,11264.0,False,False,False,
2023-02-17T17:00:00Z,11181.0,11181.0,False,False,False,
2023-02-17T18:00:00Z,10998.0,10998.0,False,False,False,
2023-02-17T19:00:00Z,10864.0,10864.0,False,False,False,
2023-02-17T20:00:00Z,10755.0,10755.0,False,False,False,
2023-02-17T21:00:00Z,10617.0,10617.0,False,False,False,
2023-02-17T22:00:00Z,10717.0,10717.0,False,False,False,
2023-02-17T23:00:00Z,11109.0,11109.0,False,False,False,
2023-02-18T00:00:00Z,11851.0,11851.0,False,False,False,
2023-02-18T01:00:00Z,12243.0,12243.0,False,False,False,
2023-02-18T02:00:00Z,12349.0,12349.0,False,False,False,
2023-02-18T03:00:00Z,12347.0,12347.0,False,False,False,
2023-02-18T04:00:00Z,12174.0,12174.0,False,False,False,
2023-02-18T05:00:00Z,11936.0,11936.0,False,False,False,
2023-02-18T06:00:00Z,11763.0,11763.0,False,False,False,
2023-02-18T07:00:00Z,11783.0,11783.0,False,False,False,
2023-02-18T08:00:00Z,11930.0,11930.0,False,False,False,
2023-02-18T09:00:00Z,12258.0,12258.0,False,False,False,
2023-02-18T10:00:00Z,12666.0,12666.0,False,False,False,
2023-02-18T11:00:00Z,13323.0,13323.0,False,False,False,
2023-02-18T12:00:00Z,14166.0,14166.0,False,False,False,
2023-02-18T13:00:00Z,14896.0,14896.0,False,False,False,
2023-02-18T14:00:00Z,14784.0,14784.0,False,False,False,
2023-02-18T15:00:00Z,13873.0,13873.0,False,False,False,
2023-02-18T16:00:00Z,12994.0,12994.0,False,False,False,
2023-02-18T17:00:00Z,12190.0,12190.0,False,False,False,
2023-02-18T18:00:00Z,11420.0,11420.0,False,False,False,
2023-02-18T19:00:00Z,10809.0,10809.0,False,False,False,
2023-02-18T20:00:00Z,10336.0,10336.0,False,False,False,
2023-02-18T21:00:00Z,10147.0,10147.0,False,False,False,
2023-02-18T22:00:00Z,10161.0,10161.0,False,False,False,
2023-02-18T23:00:00Z,10767.0,10767.0,False,False,False,
2023-02-19T00:00:00Z,11576.0,11576.0,False,False,False,
2023-02-19T01:00:00Z,12020.0,12020.0,False,False,False,
2023-02-19T02:00:00Z,12228.0,12228.0,False,False,False,
2023-02-19T03:00:00Z,12254.0,12254.0,False,False,False,
2023-02-19T04:00:00Z,12147.0,12147.0,False,False,False,
2023-02-19T05:00:00Z,11990.0,11990.0,False,False,False,
2023-02-19T06:00:00Z,11828.0,11828.0,False,False,False,
2023-02-19T07:00:00Z,11673.0,11673.0,False,False,False,
2023-02-19T08:00:00Z,11540.0,11540.0,False,False,False,
2023-02-19T09:00:00Z,11435.0,11435.0,False,False,False,
2023-02-19T10:00:00Z,11454.0,11454.0,False,False,False,
2023-02-19T11:00:00Z,11612.0,11612.0,False,False,False,
2023-02-19T12:00:00Z,11942.0,11942.0,False,False,False,
2023-02-19T13:00:00Z,12375.0,12375.0,False,False,False,
2023-02-19T14:00:00Z,12570.0,12570.0,False,False,False,
2023-02-19T15:00:00Z,12153.0,12153.0,False,False,False,
2023-02-19T16:00:00Z,11497.0,11497.0,False,False,False,
2023-02-19T17:00:00Z,11111.0,11111.0,False,False,False,
2023-02-19T18:00:00Z,10862.0,10862.0,False,False,False,
2023-02-19T19:00:00Z,10577.0,10577.0,False,False,False,
2023-02-19T20:00:00Z,10252.0,10252.0,False,False,False,
2023-02-19T21:00:00Z,10140.0,10140.0,False,False,False,
2023-02-19T22:00:00Z,10342.0,10342.0,False,False,False,
2023-02-19T23:00:00Z,10798.0,10798.0,False,False,False,
2023-02-20T00:00:00Z,11434.0,11434.0,False,False,False,
2023-02-20T01:00:00Z,11715.0,11715.0,False,False,False,
2023-02-20T02:00:00Z,11570.0,11570.0,False,False,False,
2023-02-20T03:00:00Z,11239.0,11239.0,False,False,False,
2023-02-20T04:00:00Z,10801.0,10801.0,False,False,False,
2023-02-20T05:00:00Z,10327.0,10327.0,False,False,False,
2023-02-20T06:00:00Z,10040.0,10040.0,False,False,False,
2023-02-20T07:00:00Z,9894.0,9894.0,False,False,False,
2023-02-20T08:00:00Z,9854.0,9854.0,False,False,False,
2023-02-20T09:00:00Z,9944.0,9944.0,False,False,False,
2023-02-20T10:00:00Z,10289.0,10289.0,False,False,False,
2023-02-20T11:00:00Z,11022.0,11022.0,False,False,False,
2023-02-20T12:00:00Z,12138.0,12138.0,False,False,False,
2023-02-20T13:00:00Z,12752.0,12752.0,False,False,False,
2023-02-20T14:00:00Z,12723.0,12723.0,False,False,False,
2023-02-20T15:00:00Z,12403.0,12403.0,False,False,False,
2023-02-20T16:00:00Z,12073.0,12073.0,False,False,False,
2023-02-20T17:00:00Z,11702.0,11702.0,False,False,False,
2023-02-20T18:00:00Z,11468.0,11468.0,False,False,False,
2023-02-20T19:00:00Z,11358.0,11358.0,False,False,False,
2023-02-20T20:00:00Z,11205.0,11205.0,False,False,False,
2023-02-20T21:00:00Z,11100.0,11100.0,False,False,False,
2023-02-20T22:00:00Z,11169.0,11169.0,False,False,False,
2023-02-20T23:00:00Z,11440.0,11440.0,False,False,False,
2023-02-21T00:00:00Z,12081.0,12081.0,False,False,False,
2023-02-21T01:00:00Z,12152.0,12152.0,False,False,False,
2023-02-21T02:00:00Z,11813.0,11813.0,False,False,False,
2023-02-21T03:00:00Z,11234.0,11234.0,False,False,False,
2023-02-21T04:00:00Z,10540.0,10540.0,False,False,False,
2023-02-21T05:00:00Z,9869.0,9869.0,False,False,False,
2023-02-21T06:00:00Z,9425.0,9425.0,False,False,False,
2023-02-21T07:00:00Z,9211.0,9211.0,False,False,False,
2023-02-21T08:00:00Z,9095.0,9095.0,False,False,False,
2023-02-21T09:00:00Z,9102.0,9102.0,False,False,False,
2023-02-21T10:00:00Z,9338.0,9338.0,False,False,False,
2023-02-21T11:00:00Z,10014.0,10014.0,False,False,False,
2023-02-21T12:00:00Z,11177.0,11177.0,False,False,False,
2023-02-21T13:00:00Z,11679.0,11679.0,False,False,False,
2023-02-21T14:00:00Z,11520.0,11520.0,False,False,False,
2023-02-21T15:00:00Z,11158.0,11158.0,False,False,False,
2023-02-21T16:00:00Z,10965.0,10965.0,False,False,False,
2023-02-21T17:00:00Z,10850.0,10850.0,False,False,False,
2023-02-21T18:00:00Z,10809.0,10809.0,False,False,False,
2023-02-21T19:00:00Z,10822.0,10822.0,False,False,False,
2023-02-21T20:00:00Z,10780.0,10780.0,False,False,False,
2023-02-21T21:00:00Z,10782.0,10782.0,False,False,False,
2023-02-21T22:00:00Z,10879.0,10879.0,False,False,False,
2023-02-21T23:00:00Z,11089.0,11089.0,False,False,False,
2023-02-22T00:00:00Z,11646.0,11646.0,False,False,False,
2023-02-22T01:00:00Z,11756.0,11756.0,False,False,False,
2023-02-22T02:00:00Z,11412.0,11412.0,False,False,False,
2023-02-22T03:00:00Z,10924.0,10924.0,False,False,False,
2023-02-22T04:00:00Z,10221.0,10221.0,False,False,False,
2023-02-22T05:00:00Z,9567.0,9567.0,False,False,False,
2023-02-22T06:00:00Z,9145.0,9145.0,False,False,False,
2023-02-22T07:00:00Z,8969.0,8969.0,False,False,False,
2023-02-22T08:00:00Z,8906.0,8906.0,False,False,False,
2023-02-22T09:00:00Z,8966.0,8966.0,False,False,False,
2023-02-22T10:00:00Z,9236.0,9236.0,False,False,False,
2023-02-22T11:00:00Z,9923.0,9923.0,False,False,False,
2023-02-22T12:00:00Z,11085.0,11085.0,False,False,False,
2023-02-22T13:00:00Z,11538.0,11538.0,False,False,False,
2023-02-22T14:00:00Z,11547.0,11547.0,False,False,False,
2023-02-22T15:00:00Z,11412.0,11412.0,False,False,False,
2023-02-22T16:00:00Z,11269.0,11269.0,False,False,False,
2023-02-22T17:00:00Z,11173.0,11173.0,False,False,False,
2023-02-22T18:00:00Z,11082.0,11082.0,False,False,False,
2023-02-22T19:00:00Z,11076.0,11076.0,False,False,False,
2023-02-22T20:00:00Z,11038.0,11038.0,False,False,False,
2023-02-22T21:00:00Z,11094.0,11094.0,False,False,False,
2023-02-22T22:00:00Z,11228.0,11228.0,False,False,False,
2023-02-22T23:00:00Z,11486.0,11486.0,False,False,False,
2023-02-23T00:00:00Z,11895.0,11895.0,False,False,False,
2023-02-23T01:00:00Z,11962.0,11962.0,False,False,False,
2023-02-23T02:00:00Z,11624.0,11624.0,False,False,False,
2023-02-23T03:00:00Z,11095.0,11095.0,False,False,False,
2023-02-23T04:00:00Z,10412.0,10412.0,False,False,False,
2023-02-23T05:00:00Z,9641.0,9641.0,False,False,False,
2023-02-23T06:00:00Z,9110.0,9110.0,False,False,False,
2023-02-23T07:00:00Z,8795.0,8795.0,False,False,False,
2023-02-23T08:00:00Z,8558.0,8558.0,False,False,False,
2023-02-23T09:00:00Z,8497.0,8497.0,False,False,False,
2023-02-23T10:00:00Z,8660.0,8660.0,False,False,False,
2023-02-23T11:00:00Z,9244.0,9244.0,False,False,False,
2023-02-23T12:00:00Z,10301.0,10301.0,False,False,False,
2023-02-23T13:00:00Z,10781.0,10781.0,False,False,False,
2023-02-23T14:00:00Z,10942.0,10942.0,False,False,False,
2023-02-23T15:00:00Z,11126.0,11126.0,False,False,False,
2023-02-23T16:00:00Z,11364.0,11364.0,False,False,False,
2023-02-23T17:00:00Z,11572.0,11572.0,False,False,False,
2023-02-23T18:00:00Z,11711.0,11711.0,False,False,False,
2023-02-23T19:00:00Z,11933.0,11933.0,False,False,False,
2023-02-23T20:00:00Z,12049.0,12049.0,False,False,False,
2023-02-23T21:00:00Z,12046.0,12046.0,False,False,False,
2023-02-23T22:00:00Z,12057.0,12057.0,False,False,False,
2023-02-23T23:00:00Z,12084.0,12084.0,False,False,False,
2023-02-24T00:00:00Z,12435.0,12435.0,False,False,False,
2023-02-24T01:00:00Z,12476.0,12476.0,False,False,False,
2023-02-24T02:00:00Z,12138.0,12138.0,False,False,False,
2023-02-24T03:00:00Z,11606.0,11606.0,False,False,False,
2023-02-24T04:00:00Z,10748.0,10748.0,False,False,False,
2023-02-24T05:00:00Z,9948.0,9948.0,False,False,False,
2023-02-24T06:00:00Z,9298.0,9298.0,False,False,False,
2023-02-24T07:00:00Z,8911.0,8911.0,False,False,False,
2023-02-24T08:00:00Z,8662.0,8662.0,False,False,False,
2023-02-24T09:00:00Z,8542.0,8542.0,False,False,False,
2023-02-24T10:00:00Z,8683.0,8683.0,False,False,False,
2023-02-24T11:00:00Z,9180.0,9180.0,False,False,False,
2023-02-24T12:00:00Z,10134.0,10134.0,False,False,False,
2023-02-24T13:00:00Z,10630.0,10630.0,False,False,False,
2023-02-24T14:00:00Z,10764.0,10764.0,False,False,False,
2023-02-24T15:00:00Z,10859.0,10859.0,False,False,False,
2023-02-24T16:00:00Z,10930.0,10930.0,False,False,False,
2023-02-24T17:00:00Z,10882.0,10882.0,False,False,False,
2023-02-24T18:00:00Z,10962.0,10962.0,False,False,False,
2023-02-24T19:00:00Z,11061.0,11061.0,False,False,False,
2023-02-24T20:00:00Z,11089.0,11089.0,False,False,False,
2023-02-24T21:00:00Z,11087.0,11087.0,False,False,False,
2023-02-24T22:00:00Z,11068.0,11068.0,False,False,False,
2023-02-24T23:00:00Z,11027.0,11027.0,False,False,False,
2023-02-25T00:00:00Z,11244.0,11244.0,False,False,False,
2023-02-25T01:00:00Z,11118.0,11118.0,False,False,False,
2023-02-25T02:00:00Z,10805.0,10805.0,False,False,False,
2023-02-25T03:00:00Z,10347.0,10347.0,False,False,False,
2023-02-25T04:00:00Z,9816.0,9816.0,False,False,False,
2023-02-25T05:00:00Z,9246.0,9246.0,False,False,False,
2023-02-25T06:00:00Z,8776.0,8776.0,False,False,False,
2023-02-25T07:00:00Z,8513.0,8513.0,False,False,False,
2023-02-25T08:00:00Z,8357.0,8357.0,False,False,False,
2023-02-25T09:00:00Z,8333.0,8333.0,False,False,False,
2023-02-25T10:00:00Z,8418.0,8418.0,False,False,False,
2023-02-25T11:00:00Z,8682.0,8682.0,False,False,False,
2023-02-25T12:00:00Z,9110.0,9110.0,False,False,False,
2023-02-25T13:00:00Z,9595.0,9595.0,False,False,False,
2023-02-25T14:00:00Z,10299.0,10299.0,False,False,False,
2023-02-25T15:00:00Z,10842.0,10842.0,False,False,False,
2023-02-25T16:00:00Z,11131.0,11131.0,False,False,False,
2023-02-25T17:00:00Z,11208.0,11208.0,False,False,False,
2023-02-25T18:00:00Z,11193.0,11193.0,False,False,False,
2023-02-25T19:00:00Z,11100.0,11100.0,False,False,False,
2023-02-25T20:00:00Z,10966.0,10966.0,False,False,False,
2023-02-25T21:00:00Z,10923.0,10923.0,False,False,False,
2023-02-25T22:00:00Z,11012.0,11012.0,False,False,False,
2023-02-25T23:00:00Z,11188.0,11188.0,False,False,False,
2023-02-26T00:00:00Z,11458.0,11458.0,False,False,False,
2023-02-26T01:00:00Z,11407.0,11407.0,False,False,False,
2023-02-26T02:00:00Z,11128.0,11128.0,False,False,False,
2023-02-26T03:00:00Z,10761.0,10761.0,False,False,False,
2023-02-26T04:00:00Z,10286.0,10286.0,False,False,False,
2023-02-26T05:00:00Z,9778.0,9778.0,False,False,False,
2023-02-26T06:00:00Z,9345.0,9345.0,False,False,False,
2023-02-26T07:00:00Z,9068.0,9068.0,False,False,False,
2023-02-26T08:00:00Z,8886.0,8886.0,False,False,False,
2023-02-26T09:00:00Z,8821.0,8821.0,False,False,False,
2023-02-26T10:00:00Z,8867.0,8867.0,False,False,False,
2023-02-26T11:00:00Z,9059.0,9059.0,False,False,False,
2023-02-26T12:00:00Z,9402.0,9402.0,False,False,False,
2023-02-26T13:00:00Z,9832.0,9832.0,False,False,False,
2023-02-26T14:00:00Z,10399.0,10399.0,False,False,False,
2023-02-26T15:00:00Z,10635.0,10635.0,False,False,False,
2023-02-26T16:00:00Z,10611.0,10611.0,False,False,False,
2023-02-26T17:00:00Z,10519.0,10519.0,False,False,False,
2023-02-26T18:00:00Z,10459.0,10459.0,False,False,False,
2023-02-26T19:00:00Z,10276.0,10276.0,False,False,False,
2023-02-26T20:00:00Z,10064.0,10064.0,False,False,False,
2023-02-26T21:00:00Z,10004.0,10004.0,False,False,False,
2023-02-26T22:00:00Z,10120.0,10120.0,False,False,False,
2023-02-26T23:00:00Z,10414.0,10414.0,False,False,False,
2023-02-27T00:00:00Z,11105.0,11105.0,False,False,False,
2023-02-27T01:00:00Z,11348.0,11348.0,False,False,False,
2023-02-27T02:00:00Z,11174.0,11174.0,False,False,False,
2023-02-27T03:00:00Z,10725.0,10725.0,False,False,False,
2023-02-27T04:00:00Z,10144.0,10144.0,False,False,False,
2023-02-27T05:00:00Z,9595.0,9595.0,False,False,False,
2023-02-27T06:00:00Z,9219.0,9219.0,False,False,False,
2023-02-27T07:00:00Z,8999.0,8999.0,False,False,False,
2023-02-27T08:00:00Z,8970.0,8970.0,False,False,False,
2023-02-27T09:00:00Z,9017.0,9017.0,False,False,False,
2023-02-27T10:00:00Z,9289.0,9289.0,False,False,False,
2023-02-27T11:00:00Z,10009.0,10009.0,False,False,False,
2023-02-27T12:00:00Z,11203.0,11203.0,False,False,False,
2023-02-27T13:00:00Z,11735.0,11735.0,False,False,False,
2023-02-27T14:00:00Z,11762.0,11762.0,False,False,False,
2023-02-27T15:00:00Z,11627.0,11627.0,False,False,False,
2023-02-27T16:00:00Z,11417.0,11417.0,False,False,False,
2023-02-27T17:00:00Z,11288.0,11288.0,False,False,False,
2023-02-27T18:00:00Z,11226.0,11226.0,False,False,False,
2023-02-27T19:00:00Z,11158.0,11158.0,False,False,False,
2023-02-27T20:00:00Z,11088.0,11088.0,False,False,False,
2023-02-27T21:00:00Z,11105.0,11105.0,False,False,False,
2023-02-27T22:00:00Z,11306.0,11306.0,False,False,False,
2023-02-27T23:00:00Z,11614.0,11614.0,False,False,False,
2023-02-28T00:00:00Z,12053.0,12053.0,False,False,False,
2023-02-28T01:00:00Z,12052.0,12052.0,False,False,False,
2023-02-28T02:00:00Z,11720.0,11720.0,False,False,False,
2023-02-28T03:00:00Z,11161.0,11161.0,False,False,False,
2023-02-28T04:00:00Z,10435.0,10435.0,False,False,False,
2023-02-28T05:00:00Z,9733.0,9733.0,False,False,False,
2023-02-28T06:00:00Z,9224.0,9224.0,False,False,False,
2023-02-28T07:00:00Z,8916.0,8916.0,False,False,False,
2023-02-28T08:00:00Z,8770.0,8770.0,False,False,False,
2023-02-28T09:00:00Z,8738.0,8738.0,False,False,False,
2023-02-28T10:00:00Z,8945.0,8945.0,False,False,False,
2023-02-28T11:00:00Z,9585.0,9585.0,False,False,False,
2023-02-28T12:00:00Z,10668.0,10668.0,False,False,False,
2023-02-28T13:00:00Z,11193.0,11193.0,False,False,False,
2023-02-28T14:00:00Z,11149.0,11149.0,False,False,False,
2023-02-28T15:00:00Z,10898.0,10898.0,False,False,False,
2023-02-28T16:00:00Z,10727.0,10727.0,False,False,False,
2023-02-28T17:00:00Z,10800.0,10800.0,False,False,False,
2023-02-28T18:00:00Z,10822.0,10822.0,False,False,False,
2023-02-28T19:00:00Z,11004.0,11004.0,False,False,False,
2023-02-28T20:00:00Z,11142.0,11142.0,False,False,False,
2023-02-28T21:00:00Z,11278.0,11278.0,False,False,False,
2023-02-28T22:00:00Z,11407.0,11407.0,False,False,False,
2023-02-28T23:00:00Z,11548.0,11548.0,False,False,False,
2023-03-01T00:00:00Z,11829.0,11829.0,False,False,False,
2023-03-01T01:00:00Z,11944.0,11944.0,False,False,False,
2023-03-01T02:00:00Z,11547.0,11547.0,False,False,False,
2023-03-01T03:00:00Z,10909.0,10909.0,False,False,False,
2023-03-01T04:00:00Z,10143.0,10143.0,False,False,False,
2023-03-01T05:00:00Z,9410.0,9410.0,False,False,False,
2023-03-01T06:00:00Z,8941.0,8941.0,False,False,False,
2023-03-01T07:00:00Z,8708.0,8708.0,False,False,False,
2023-03-01T08:00:00Z,8656.0,8656.0,False,False,False,
2023-03-01T09:00:00Z,8726.0,8726.0,False,False,False,
2023-03-01T10:00:00Z,9020.0,9020.0,False,False,False,
2023-03-01T11:00:00Z,9776.0,9776.0,False,False,False,
2023-03-01T12:00:00Z,10998.0,10998.0,False,False,False,
2023-03-01T13:00:00Z,11580.0,11580.0,False,False,False,
2023-03-01T14:00:00Z,11562.0,11562.0,False,False,False,
2023-03-01T15:00:00Z,11372.0,11372.0,False,False,False,
2023-03-01T16:00:00Z,11151.0,11151.0,False,False,False,
2023-03-01T17:00:00Z,10902.0,10902.0,False,False,False,
2023-03-01T18:00:00Z,10745.0,10745.0,False,False,False,
2023-03-01T19:00:00Z,10791.0,10791.0,False,False,False,
2023-03-01T20:00:00Z,10784.0,10784.0,False,False,False,
2023-03-01T21:00:00Z,10843.0,10843.0,False,False,False,
2023-03-01T22:00:00Z,10975.0,10975.0,False,False,False,
2023-03-01T23:00:00Z,11140.0,11140.0,False,False,False,
2023-03-02T00:00:00Z,11590.0,11590.0,False,False,False,
2023-03-02T01:00:00Z,11744.0,11744.0,False,False,False,
2023-03-02T02:00:00Z,11525.0,11525.0,False,False,False,
2023-03-02T03:00:00Z,11020.0,11020.0,False,False,False,
2023-03-02T04:00:00Z,10297.0,10297.0,False,False,False,
2023-03-02T05:00:00Z,9591.0,9591.0,False,False,False,
2023-03-02T06:00:00Z,9119.0,9119.0,False,False,False,
2023-03-02T07:00:00Z,8828.0,8828.0,False,False,False,
2023-03-02T08:00:00Z,8667.0,8667.0,False,False,False,
2023-03-02T09:00:00Z,8651.0,8651.0,False,False,False,
2023-03-02T10:00:00Z,8831.0,8831.0,False,False,False,
2023-03-02T11:00:00Z,9437.0,9437.0,False,False,False,
2023-03-02T12:00:00Z,10497.0,10497.0,False,False,False,
2023-03-02T13:00:00Z,11077.0,11077.0,False,False,False,
2023-03-02T14:00:00Z,11155.0,11155.0,False,False,False,
2023-03-02T15:00:00Z,11215.0,11215.0,False,False,False,
2023-03-02T16:00:00Z,11243.0,11243.0,False,False,False,
2023-03-02T17:00:00Z,11242.0,11242.0,False,False,False,
2023-03-02T18:00:00Z,11208.0,11208.0,False,False,False,
2023-03-02T19:00:00Z,11209.0,11209.0,False,False,False,
2023-03-02T20:00:00Z,11108.0,11108.0,False,False,False,
2023-03-02T21:00:00Z,11066.0,11066.0,False,False,False,
2023-03-02T22:00:00Z,11122.0,11122.0,False,False,False,
2023-03-02T23:00:00Z,11318.0,11318.0,False,False,False,
2023-03-03T00:00:00Z,11710.0,11710.0,False,False,False,
2023-03-03T01:00:00Z,11710.0,11710.0,False,False,False,
2023-03-03T02:00:00Z,11472.0,11472.0,False,False,False,
2023-03-03T03:00:00Z,10963.0,10963.0,False,False,False,
2023-03-03T04:00:00Z,10257.0,10257.0,False,False,False,
2023-03-03T05:00:00Z,9580.0,9580.0,False,False,False,
2023-03-03T06:00:00Z,9089.0,9089.0,False,False,False,
2023-03-03T07:00:00Z,8804.0,8804.0,False,False,False,
2023-03-03T08:00:00Z,8654.0,8654.0,False,False,False,
2023-03-03T09:00:00Z,8623.0,8623.0,False,False,False,
2023-03-03T10:00:00Z,8776.0,8776.0,False,False,False,
2023-03-03T11:00:00Z,9326.0,9326.0,False,False,False,
2023-03-03T12:00:00Z,10341.0,10341.0,False,False,False,
2023-03-03T13:00:00Z,10871.0,10871.0,False,False,False,
2023-03-03T14:00:00Z,11131.0,11131.0,False,False,False,
2023-03-03T15:00:00Z,11237.0,11237.0,False,False,False,
2023-03-03T16:00:00Z,11337.0,11337.0,False,False,False,
2023-03-03T17:00:00Z,11336.0,11336.0,False,False,False,
2023-03-03T18:00:00Z,11156.0,11156.0,False,False,False,
2023-03-03T19:00:00Z,11160.0,11160.0,False,False,False,
2023-03-03T20:00:00Z,11037.0,11037.0,False,False,False,
2023-03-03T21:00:00Z,11025.0,11025.0,False,False,False,
2023-03-03T22:00:00Z,11116.0,11116.0,False,False,False,
2023-03-03T23:00:00Z,11363.0,11363.0,False,False,False,
2023-03-04T00:00:00Z,11610.0,11610.0,False,False,False,
2023-03-04T01:00:00Z,11414.0,11414.0,False,False,False,
2023-03-04T02:00:00Z,11073.0,11073.0,False,False,False,
2023-03-04T03:00:00Z,10631.0,10631.0,False,False,False,
2023-03-04T04:00:00Z,10092.0,10092.0,False,False,False,
2023-03-04T05:00:00Z,9486.0,9486.0,False,False,False,
2023-03-04T06:00:00Z,8976.0,8976.0,False,False,False,
2023-03-04T07:00:00Z,8678.0,8678.0,False,False,False,
2023-03-04T08:00:00Z,8474.0,8474.0,False,False,False,
2023-03-04T09:00:00Z,8406.0,8406.0,False,False,False,
2023-03-04T10:00:00Z,8484.0,8484.0,False,False,False,
2023-03-04T11:00:00Z,8732.0,8732.0,False,False,False,
2023-03-04T12:00:00Z,9133.0,9133.0,False,False,False,
2023-03-04T13:00:00Z,9570.0,9570.0,False,False,False,
2023-03-04T14:00:00Z,9916.0,9916.0,False,False,False,
2023-03-04T15:00:00Z,9994.0,9994.0,False,False,False,
2023-03-04T16:00:00Z,9993.0,9993.0,False,False,False,
2023-03-04T17:00:00Z,9849.0,9849.0,False,False,False,
2023-03-04T18:00:00Z,9722.0,9722.0,False,False,False,
2023-03-04T19:00:00Z,9603.0,9603.0,False,False,False,
2023-03-04T20:00:00Z,9570.0,9570.0,False,False,False,
2023-03-04T21:00:00Z,9657.0,9657.0,False,False,False,
2023-03-04T22:00:00Z,9832.0,9832.0,False,False,False,
2023-03-04T23:00:00Z,10020.0,10020.0,False,False,False,
2023-03-05T00:00:00Z,10280.0,10280.0,False,False,False,
2023-03-05T01:00:00Z,10448.0,10448.0,False,False,False,
2023-03-05T02:00:00Z,10266.0,10266.0,False,False,False,
2023-03-05T03:00:00Z,10038.0,10038.0,False,False,False,
2023-03-05T04:00:00Z,9697.0,9697.0,False,False,False,
2023-03-05T05:00:00Z,9303.0,9303.0,False,False,False,
2023-03-05T06:00:00Z,9030.0,9030.0,False,False,False,
2023-03-05T07:00:00Z,8902.0,8902.0,False,False,False,
2023-03-05T08:00:00Z,8935.0,8935.0,False,False,False,
2023-03-05T09:00:00Z,9039.0,9039.0,False,False,False,
2023-03-05T10:00:00Z,9277.0,9277.0,False,False,False,
2023-03-05T11:00:00Z,9668.0,9668.0,False,False,False,
2023-03-05T12:00:00Z,10229.0,10229.0,False,False,False,
2023-03-05T13:00:00Z,10823.0,10823.0,False,False,False,
2023-03-05T14:00:00Z,10842.0,10842.0,False,False,False,
2023-03-05T15:00:00Z,10435.0,10435.0,False,False,False,
2023-03-05T16:00:00Z,9952.0,9952.0,False,False,False,
2023-03-05T17:00:00Z,9638.0,9638.0,False,False,False,
2023-03-05T18:00:00Z,9517.0,9517.0,False,False,False,
2023-03-05T19:00:00Z,9396.0,9396.0,False,False,False,
2023-03-05T20:00:00Z,9328.0,9328.0,False,False,False,
2023-03-05T21:00:00Z,9407.0,9407.0,False,False,False,
2023-03-05T22:00:00Z,9653.0,9653.0,False,False,False,
2023-03-05T23:00:00Z,10015.0,10015.0,False,False,False,
2023-03-06T00:00:00Z,10450.0,10450.0,False,False,False,
2023-03-06T01:00:00Z,10864.0,10864.0,False,False,False,
2023-03-06T02:00:00Z,10745.0,10745.0,False,False,False,
2023-03-06T03:00:00Z,10356.0,10356.0,False,False,False,
2023-03-06T04:00:00Z,9863.0,9863.0,False,False,False,
2023-03-06T05:00:00Z,9418.0,9418.0,False,False,False,
2023-03-06T06:00:00Z,9156.0,9156.0,False,False,False,
2023-03-06T07:00:00Z,9115.0,9115.0,False,False,False,
2023-03-06T08:00:00Z,9201.0,9201.0,False,False,False,
2023-03-06T09:00:00Z,9393.0,9393.0,False,False,False,
2023-03-06T10:00:00Z,9829.0,9829.0,False,False,False,
2023-03-06T11:00:00Z,10741.0,10741.0,False,False,False,
2023-03-06T12:00:00Z,12126.0,12126.0,False,False,False,
2023-03-06T13:00:00Z,12712.0,12712.0,False,False,False,
2023-03-06T14:00:00Z,12236.0,12236.0,False,False,False,
2023-03-06T15:00:00Z,11587.0,11587.0,False,False,False,
2023-03-06T16:00:00Z,11199.0,11199.0,False,False,False,
2023-03-06T17:00:00Z,10948.0,10948.0,False,False,False,
2023-03-06T18:00:00Z,10823.0,10823.0,False,False,False,
2023-03-06T19:00:00Z,10819.0,10819.0,False,False,False,
2023-03-06T20:00:00Z,10803.0,10803.0,False,False,False,
2023-03-06T21:00:00Z,10816.0,10816.0,False,False,False,
2023-03-06T22:00:00Z,10946.0,10946.0,False,False,False,
2023-03-06T23:00:00Z,11141.0,11141.0,False,False,False,
2023-03-07T00:00:00Z,11575.0,11575.0,False,False,False,
2023-03-07T01:00:00Z,11805.0,11805.0,False,False,False,
2023-03-07T02:00:00Z,11484.0,11484.0,False,False,False,
2023-03-07T03:00:00Z,10870.0,10870.0,False,False,False,
2023-03-07T04:00:00Z,10096.0,10096.0,False,False,False,
2023-03-07T05:00:00Z,9369.0,9369.0,False,False,False,
2023-03-07T06:00:00Z,8895.0,8895.0,False,False,False,
2023-03-07T07:00:00Z,8642.0,8642.0,False,False,False,
2023-03-07T08:00:00Z,8523.0,8523.0,False,False,False,
2023-03-07T09:00:00Z,8572.0,8572.0,False,False,False,
2023-03-07T10:00:00Z,8809.0,8809.0,False,False,False,
2023-03-07T11:00:00Z,9477.0,9477.0,False,False,False,
2023-03-07T12:00:00Z,10565.0,10565.0,False,False,False,
2023-03-07T13:00:00Z,11023.0,11023.0,False,False,False,
2023-03-07T14:00:00Z,10885.0,10885.0,False,False,False,
2023-03-07T15:00:00Z,10745.0,10745.0,False,False,False,
2023-03-07T16:00:00Z,10736.0,10736.0,False,False,False,
2023-03-07T17:00:00Z,10751.0,10751.0,False,False,False,
2023-03-07T18:00:00Z,10851.0,10851.0,False,False,False,
2023-03-07T19:00:00Z,11019.0,11019.0,False,False,False,
2023-03-07T20:00:00Z,11060.0,11060.0,False,False,False,
2023-03-07T21:00:00Z,11161.0,11161.0,False,False,False,
2023-03-07T22:00:00Z,11264.0,11264.0,False,False,False,
2023-03-07T23:00:00Z,11331.0,11331.0,False,False,False,
2023-03-08T00:00:00Z,11578.0,11578.0,False,False,False,
2023-03-08T01:00:00Z,11804.0,11804.0,False,False,False,
2023-03-08T02:00:00Z,11506.0,11506.0,False,False,False,
2023-03-08T03:00:00Z,10959.0,10959.0,False,False,False,
2023-03-08T04:00:00Z,10277.0,10277.0,False,False,False,
2023-03-08T05:00:00Z,9686.0,9686.0,False,False,False,
2023-03-08T06:00:00Z,9337.0,9337.0,False,False,False,
2023-03-08T07:00:00Z,9244.0,9244.0,False,False,False,
2023-03-08T08:00:00Z,9288.0,9288.0,False,False,False,
2023-03-08T09:00:00Z,9517.0,9517.0,False,False,False,
2023-03-08T10:00:00Z,9988.0,9988.0,False,False,False,
2023-03-08T11:00:00Z,10911.0,10911.0,False,False,False,
2023-03-08T12:00:00Z,12278.0,12278.0,False,False,False,
2023-03-08T13:00:00Z,12901.0,12901.0,False,False,False,
2023-03-08T14:00:00Z,12547.0,12547.0,False,False,False,
2023-03-08T15:00:00Z,12028.0,12028.0,False,False,False,
2023-03-08T16:00:00Z,11672.0,11672.0,False,False,False,
2023-03-08T17:00:00Z,11276.0,11276.0,False,False,False,
2023-03-08T18:00:00Z,10958.0,10958.0,False,False,False,
2023-03-08T19:00:00Z,10811.0,10811.0,False,False,False,
2023-03-08T20:00:00Z,10622.0,10622.0,False,False,False,
2023-03-08T21:00:00Z,10611.0,10611.0,False,False,False,
2023-03-08T22:00:00Z,10751.0,10751.0,False,False,False,
2023-03-08T23:00:00Z,10997.0,10997.0,False,False,False,
2023-03-09T00:00:00Z,11574.0,11574.0,False,False,False,
2023-03-09T01:00:00Z,11907.0,11907.0,False,False,False,
2023-03-09T02:00:00Z,11805.0,11805.0,False,False,False,
2023-03-09T03:00:00Z,11469.0,11469.0,False,False,False,
2023-03-09T04:00:00Z,10875.0,10875.0,False,False,False,
2023-03-09T05:00:00Z,10409.0,10409.0,False,False,False,
2023-03-09T06:00:00Z,10093.0,10093.0,False,False,False,
2023-03-09T07:00:00Z,9958.0,9958.0,False,False,False,
2023-03-09T08:00:00Z,10000.0,10000.0,False,False,False,
2023-03-09T09:00:00Z,10114.0,10114.0,False,False,False,
2023-03-09T10:00:00Z,10488.0,10488.0,False,False,False,
2023-03-09T11:00:00Z,11324.0,11324.0,False,False,False,
2023-03-09T12:00:00Z,12597.0,12597.0,False,False,False,
2023-03-09T13:00:00Z,13053.0,13053.0,False,False,False,
2023-03-09T14:00:00Z,12571.0,12571.0,False,False,False,
2023-03-09T15:00:00Z,11830.0,11830.0,False,False,False,
2023-03-09T16:00:00Z,11197.0,11197.0,False,False,False,
2023-03-09T17:00:00Z,11060.0,11060.0,False,False,False,
2023-03-09T18:00:00Z,10814.0,10814.0,False,False,False,
2023-03-09T19:00:00Z,10710.0,10710.0,False,False,False,
2023-03-09T20:00:00Z,10633.0,10633.0,False,False,False,
2023-03-09T21:00:00Z,10610.0,10610.0,False,False,False,
2023-03-09T22:00:00Z,10695.0,10695.0,False,False,False,
2023-03-09T23:00:00Z,10938.0,10938.0,False,False,False,
2023-03-10T00:00:00Z,11483.0,11483.0,False,False,False,
2023-03-10T01:00:00Z,11742.0,11742.0,False,False,False,
2023-03-10T02:00:00Z,11539.0,11539.0,False,False,False,
2023-03-10T03:00:00Z,11084.0,11084.0,False,False,False,
2023-03-10T04:00:00Z,10421.0,10421.0,False,False,False,
2023-03-10T05:00:00Z,9820.0,9820.0,False,False,False,
2023-03-10T06:00:00Z,9391.0,9391.0,False,False,False,
2023-03-10T07:00:00Z,9179.0,9179.0,False,False,False,
2023-03-10T08:00:00Z,9091.0,9091.0,False,False,False,
2023-03-10T09:00:00Z,9084.0,9084.0,False,False,False,
2023-03-10T10:00:00Z,9330.0,9330.0,False,False,False,
2023-03-10T11:00:00Z,9933.0,9933.0,False,False,False,
2023-03-10T12:00:00Z,10999.0,10999.0,False,False,False,
2023-03-10T13:00:00Z,11605.0,11605.0,False,False,False,
2023-03-10T14:00:00Z,11829.0,11829.0,False,False,False,
2023-03-10T15:00:00Z,11963.0,11963.0,False,False,False,
2023-03-10T16:00:00Z,11957.0,11957.0,False,False,False,
2023-03-10T17:00:00Z,11819.0,11819.0,False,False,False,
2023-03-10T18:00:00Z,11623.0,11623.0,False,False,False,
2023-03-10T19:00:00Z,11414.0,11414.0,False,False,False,
2023-03-10T20:00:00Z,11116.0,11116.0,False,False,False,
2023-03-10T21:00:00Z,10765.0,10765.0,False,False,False,
2023-03-10T22:00:00Z,10651.0,10651.0,False,False,False,
2023-03-10T23:00:00Z,10740.0,10740.0,False,False,False,
2023-03-11T00:00:00Z,11143.0,11143.0,False,False,False,
2023-03-11T01:00:00Z,11415.0,11415.0,False,False,False,
2023-03-11T02:00:00Z,11294.0,11294.0,False,False,False,
2023-03-11T03:00:00Z,11103.0,11103.0,False,False,False,
2023-03-11T04:00:00Z,10771.0,10771.0,False,False,False,
2023-03-11T05:00:00Z,10403.0,10403.0,False,False,False,
2023-03-11T06:00:00Z,10144.0,10144.0,False,False,False,
2023-03-11T07:00:00Z,10022.0,10022.0,False,False,False,
2023-03-11T08:00:00Z,10035.0,10035.0,False,False,False,
2023-03-11T09:00:00Z,10097.0,10097.0,False,False,False,
2023-03-11T10:00:00Z,10349.0,10349.0,False,False,False,
2023-03-11T11:00:00Z,10823.0,10823.0,False,False,False,
2023-03-11T12:00:00Z,11374.0,11374.0,False,False,False,
2023-03-11T13:00:00Z,11843.0,11843.0,False,False,False,
2023-03-11T14:00:00Z,11825.0,11825.0,False,False,False,
2023-03-11T15:00:00Z,11545.0,11545.0,False,False,False,
2023-03-11T16:00:00Z,11151.0,11151.0,False,False,False,
2023-03-11T17:00:00Z,10676.0,10676.0,False,False,False,
2023-03-11T18:00:00Z,10256.0,10256.0,False,False,False,
2023-03-11T19:00:00Z,9924.0,9924.0,False,False,False,
2023-03-11T20:00:00Z,9736.0,9736.0,False,False,False,
2023-03-11T21:00:00Z,9676.0,9676.0,False,False,False,
2023-03-11T22:00:00Z,9790.0,9790.0,False,False,False,
2023-03-11T23:00:00Z,10156.0,10156.0,False,False,False,
2023-03-12T00:00:00Z,10718.0,10718.0,False,False,False,
2023-03-12T01:00:00Z,11120.0,11120.0,False,False,False,
2023-03-12T02:00:00Z,11124.0,11124.0,False,False,False,
2023-03-12T03:00:00Z,10966.0,10966.0,False,False,False,
2023-03-12T04:00:00Z,10708.0,10708.0,False,False,False,
2023-03-12T05:00:00Z,10399.0,10399.0,False,False,False,
2023-03-12T06:00:00Z,10148.0,10148.0,False,False,False,
2023-03-12T07:00:00Z,10029.0,10029.0,False,False,False,
2023-03-12T08:00:00Z,9987.0,9987.0,False,False,False,
2023-03-12T09:00:00Z,10046.0,10046.0,False,False,False,
2023-03-12T10:00:00Z,10293.0,10293.0,False,False,False,
2023-03-12T11:00:00Z,10716.0,10716.0,False,False,False,
2023-03-12T12:00:00Z,11322.0,11322.0,False,False,False,
2023-03-12T13:00:00Z,11997.0,11997.0,False,False,False,
2023-03-12T14:00:00Z,12599.0,12599.0,False,False,False,
2023-03-12T15:00:00Z,12920.0,12920.0,False,False,False,
2023-03-12T16:00:00Z,13164.0,13164.0,False,False,False,
2023-03-12T17:00:00Z,13334.0,13334.0,False,False,False,
2023-03-12T18:00:00Z,13327.0,13327.0,False,False,False,
2023-03-12T19:00:00Z,13197.0,13197.0,False,False,False,
2023-03-12T20:00:00Z,13129.0,13129.0,False,False,False,
2023-03-12T21:00:00Z,13151.0,13151.0,False,False,False,
2023-03-12T22:00:00Z,13299.0,13299.0,False,False,False,
2023-03-12T23:00:00Z,13382.0,13382.0,False,False,False,
2023-03-13T00:00:00Z,13692.0,13692.0,False,False,False,
2023-03-13T01:00:00Z,13675.0,13675.0,False,False,False,
2023-03-13T02:00:00Z,13256.0,13256.0,False,False,False,
2023-03-13T03:00:00Z,12598.0,12598.0,False,False,False,
2023-03-13T04:00:00Z,11926.0,11926.0,False,False,False,
2023-03-13T05:00:00Z,11442.0,11442.0,False,False,False,
2023-03-13T06:00:00Z,11203.0,11203.0,False,False,False,
2023-03-13T07:00:00Z,11085.0,11085.0,False,False,False,
2023-03-13T08:00:00Z,11126.0,11126.0,False,False,False,
2023-03-13T09:00:00Z,11420.0,11420.0,False,False,False,
2023-03-13T10:00:00Z,12113.0,12113.0,False,False,False,
2023-03-13T11:00:00Z,13247.0,13247.0,False,False,False,
2023-03-13T12:00:00Z,14030.0,14030.0,False,False,False,
2023-03-13T13:00:00Z,14150.0,14150.0,False,False,False,
2023-03-13T14:00:00Z,13966.0,13966.0,False,False,False,
2023-03-13T15:00:00Z,13549.0,13549.0,False,False,False,
2023-03-13T16:00:00Z,12839.0,12839.0,False,False,False,
2023-03-13T17:00:00Z,12257.0,12257.0,False,False,False,
2023-03-13T18:00:00Z,11950.0,11950.0,False,False,False,
2023-03-13T19:00:00Z,11585.0,11585.0,False,False,False,
2023-03-13T20:00:00Z,11386.0,11386.0,False,False,False,
2023-03-13T21:00:00Z,11383.0,11383.0,False,False,False,
2023-03-13T22:00:00Z,11571.0,11571.0,False,False,False,
2023-03-13T23:00:00Z,11985.0,11985.0,False,False,False,
2023-03-14T00:00:00Z,12626.0,12626.0,False,False,False,
2023-03-14T01:00:00Z,13062.0,13062.0,False,False,False,
2023-03-14T02:00:00Z,12849.0,12849.0,False,False,False,
2023-03-14T03:00:00Z,12383.0,12383.0,False,False,False,
2023-03-14T04:00:00Z,11904.0,11904.0,False,False,False,
2023-03-14T05:00:00Z,11677.0,11677.0,False,False,False,
2023-03-14T06:00:00Z,11713.0,11713.0,False,False,False,
2023-03-14T07:00:00Z,11910.0,11910.0,False,False,False,
2023-03-14T08:00:00Z,12222.0,12222.0,False,False,False,
2023-03-14T09:00:00Z,12763.0,12763.0,False,False,False,
2023-03-14T10:00:00Z,13751.0,13751.0,False,False,False,
2023-03-14T11:00:00Z,15142.0,15142.0,False,False,False,
2023-03-14T12:00:00Z,16073.0,16073.0,False,False,False,
2023-03-14T13:00:00Z,15896.0,15896.0,False,False,False,
2023-03-14T14:00:00Z,14962.0,14962.0,False,False,False,
2023-03-14T15:00:00Z,14240.0,14240.0,False,False,False,
2023-03-14T16:00:00Z,13560.0,13560.0,False,False,False,
2023-03-14T17:00:00Z,12982.0,12982.0,False,False,False,
2023-03-14T18:00:00Z,12580.0,12580.0,False,False,False,
2023-03-14T19:00:00Z,12144.0,12144.0,False,False,False,
2023-03-14T20:00:00Z,11892.0,11892.0,False,False,False,
2023-03-14T21:00:00Z,11840.0,11840.0,False,False,False,
2023-03-14T22:00:00Z,12122.0,12122.0,False,False,False,
2023-03-14T23:00:00Z,12711.0,12711.0,False,False,False,
2023-03-15T00:00:00Z,13732.0,13732.0,False,False,False,
2023-03-15T01:00:00Z,14457.0,14457.0,False,False,False,
2023-03-15T02:00:00Z,14313.0,14313.0,False,False,False,
2023-03-15T03:00:00Z,13848.0,13848.0,False,False,False,
2023-03-15T04:00:00Z,13354.0,13354.0,False,False,False,
2023-03-15T05:00:00Z,13105.0,13105.0,False,False,False,
2023-03-15T06:00:00Z,13084.0,13084.0,False,False,False,
2023-03-15T07:00:00Z,13172.0,13172.0,False,False,False,
2023-03-15T08:00:00Z,13437.0,13437.0,False,False,False,
2023-03-15T09:00:00Z,13883.0,13883.0,False,False,False,
2023-03-15T10:00:00Z,14818.0,14818.0,False,False,False,
2023-03-15T11:00:00Z,16190.0,16190.0,False,False,False,
2023-03-15T12:00:00Z,16905.0,16905.0,False,False,False,
2023-03-15T13:00:00Z,16565.0,16565.0,False,False,False,
2023-03-15T14:00:00Z,15524.0,15524.0,False,False,False,
2023-03-15T15:00:00Z,14461.0,14461.0,False,False,False,
2023-03-15T16:00:00Z,13509.0,13509.0,False,False,False,
2023-03-15T17:00:00Z,12786.0,12786.0,False,False,False,
2023-03-15T18:00:00Z,12242.0,12242.0,False,False,False,
2023-03-15T19:00:00Z,11716.0,11716.0,False,False,False,
2023-03-15T20:00:00Z,11322.0,11322.0,False,False,False,
2023-03-15T21:00:00Z,11193.0,11193.0,False,False,False,
2023-03-15T22:00:00Z,11219.0,11219.0,False,False,False,
2023-03-15T23:00:00Z,11536.0,11536.0,False,False,False,
2023-03-16T00:00:00Z,12127.0,12127.0,False,False,False,
2023-03-16T01:00:00Z,12759.0,12759.0,False,False,False,
2023-03-16T02:00:00Z,12676.0,12676.0,False,False,False,
2023-03-16T03:00:00Z,12346.0,12346.0,False,False,False,
2023-03-16T04:00:00Z,11953.0,11953.0,False,False,False,
2023-03-16T05:00:00Z,11804.0,11804.0,False,False,False,
2023-03-16T06:00:00Z,11876.0,11876.0,False,False,False,
2023-03-16T07:00:00Z,12083.0,12083.0,False,False,False,
2023-03-16T08:00:00Z,12409.0,12409.0,False,False,False,
2023-03-16T09:00:00Z,13009.0,13009.0,False,False,False,
2023-03-16T10:00:00Z,14010.0,14010.0,False,False,False,
2023-03-16T11:00:00Z,15502.0,15502.0,False,False,False,
2023-03-16T12:00:00Z,16376.0,16376.0,False,False,False,
2023-03-16T13:00:00Z,16086.0,16086.0,False,False,False,
2023-03-16T14:00:00Z,14721.0,14721.0,False,False,False,
2023-03-16T15:00:00Z,13354.0,13354.0,False,False,False,
2023-03-16T16:00:00Z,12348.0,12348.0,False,False,False,
2023-03-16T17:00:00Z,11691.0,11691.0,False,False,False,
2023-03-16T18:00:00Z,11270.0,11270.0,False,False,False,
2023-03-16T19:00:00Z,10867.0,10867.0,False,False,False,
2023-03-16T20:00:00Z,10654.0,10654.0,False,False,False,
2023-03-16T21:00:00Z,10631.0,10631.0,False,False,False,
2023-03-16T22:00:00Z,10791.0,10791.0,False,False,False,
2023-03-16T23:00:00Z,10930.0,10930.0,False,False,False,
2023-03-17T00:00:00Z,11351.0,11351.0,False,False,False,
2023-03-17T01:00:00Z,11673.0,11673.0,False,False,False,
2023-03-17T02:00:00Z,11332.0,11332.0,False,False,False,
2023-03-17T03:00:00Z,10724.0,10724.0,False,False,False,
2023-03-17T04:00:00Z,10091.0,10091.0,False,False,False,
2023-03-17T05:00:00Z,9678.0,9678.0,False,False,False,
2023-03-17T06:00:00Z,9460.0,9460.0,False,False,False,
2023-03-17T07:00:00Z,9403.0,9403.0,False,False,False,
2023-03-17T08:00:00Z,9469.0,9469.0,False,False,False,
2023-03-17T09:00:00Z,9692.0,9692.0,False,False,False,
2023-03-17T10:00:00Z,10296.0,10296.0,False,False,False,
2023-03-17T11:00:00Z,11283.0,11283.0,False,False,False,
2023-03-17T12:00:00Z,11931.0,11931.0,False,False,False,
2023-03-17T13:00:00Z,12140.0,12140.0,False,False,False,
2023-03-17T14:00:00Z,12090.0,12090.0,False,False,False,
2023-03-17T15:00:00Z,12016.0,12016.0,False,False,False,
2023-03-17T16:00:00Z,11894.0,11894.0,False,False,False,
2023-03-17T17:00:00Z,11705.0,11705.0,False,False,False,
2023-03-17T18:00:00Z,11604.0,11604.0,False,False,False,
2023-03-17T19:00:00Z,11416.0,11416.0,False,False,False,
2023-03-17T20:00:00Z,11286.0,11286.0,False,False,False,
2023-03-17T21:00:00Z,11270.0,11270.0,False,False,False,
2023-03-17T22:00:00Z,11316.0,11316.0,False,False,False,
2023-03-17T23:00:00Z,11292.0,11292.0,False,False,False,
2023-03-18T00:00:00Z,11385.0,11385.0,False,False,False,
2023-03-18T01:00:00Z,11242.0,11242.0,False,False,False,
2023-03-18T02:00:00Z,10833.0,10833.0,False,False,False,
2023-03-18T03:00:00Z,10317.0,10317.0,False,False,False,
2023-03-18T04:00:00Z,9728.0,9728.0,False,False,False,
2023-03-18T05:00:00Z,9233.0,9233.0,False,False,False,
2023-03-18T06:00:00Z,8991.0,8991.0,False,False,False,
2023-03-18T07:00:00Z,8905.0,8905.0,False,False,False,
2023-03-18T08:00:00Z,8954.0,8954.0,False,False,False,
2023-03-18T09:00:00Z,9164.0,9164.0,False,False,False,
2023-03-18T10:00:00Z,9562.0,9562.0,False,False,False,
2023-03-18T11:00:00Z,10144.0,10144.0,False,False,False,
2023-03-18T12:00:00Z,10769.0,10769.0,False,False,False,
2023-03-18T13:00:00Z,11397.0,11397.0,False,False,False,
2023-03-18T14:00:00Z,11558.0,11558.0,False,False,False,
2023-03-18T15:00:00Z,11395.0,11395.0,False,False,False,
2023-03-18T16:00:00Z,10965.0,10965.0,False,False,False,
2023-03-18T17:00:00Z,10531.0,10531.0,False,False,False,
2023-03-18T18:00:00Z,10130.0,10130.0,False,False,False,
2023-03-18T19:00:00Z,9802.0,9802.0,False,False,False,
2023-03-18T20:00:00Z,9605.0,9605.0,False,False,False,
2023-03-18T21:00:00Z,9623.0,9623.0,False,False,False,
2023-03-18T22:00:00Z,9809.0,9809.0,False,False,False,
2023-03-18T23:00:00Z,10114.0,10114.0,False,False,False,
2023-03-19T00:00:00Z,10633.0,10633.0,False,False,False,
2023-03-19T01:00:00Z,11086.0,11086.0,False,False,False,
2023-03-19T02:00:00Z,11029.0,11029.0,False,False,False,
2023-03-19T03:00:00Z,10763.0,10763.0,False,False,False,
2023-03-19T04:00:00Z,10451.0,10451.0,False,False,False,
2023-03-19T05:00:00Z,10213.0,10213.0,False,False,False,
2023-03-19T06:00:00Z,10106.0,10106.0,False,False,False,
2023-03-19T07:00:00Z,10139.0,10139.0,False,False,False,
2023-03-19T08:00:00Z,10323.0,10323.0,False,False,False,
2023-03-19T09:00:00Z,10603.0,10603.0,False,False,False,
2023-03-19T10:00:00Z,11079.0,11079.0,False,False,False,
2023-03-19T11:00:00Z,11793.0,11793.0,False,False,False,
2023-03-19T12:00:00Z,12610.0,12610.0,False,False,False,
2023-03-19T13:00:00Z,13106.0,13106.0,False,False,False,
2023-03-19T14:00:00Z,12895.0,12895.0,False,False,False,
2023-03-19T15:00:00Z,12465.0,12465.0,False,False,False,
2023-03-19T16:00:00Z,11857.0,11857.0,False,False,False,
2023-03-19T17:00:00Z,11474.0,11474.0,False,False,False,
2023-03-19T18:00:00Z,11039.0,11039.0,False,False,False,
2023-03-19T19:00:00Z,10643.0,10643.0,False,False,False,
2023-03-19T20:00:00Z,10373.0,10373.0,False,False,False,
2023-03-19T21:00:00Z,10358.0,10358.0,False,False,False,
2023-03-19T22:00:00Z,10590.0,10590.0,False,False,False,
2023-03-19T23:00:00Z,11040.0,11040.0,False,False,False,
2023-03-20T00:00:00Z,11920.0,11920.0,False,False,False,
2023-03-20T01:00:00Z,12792.0,12792.0,False,False,False,
2023-03-20T02:00:00Z,12817.0,12817.0,False,False,False,
2023-03-20T03:00:00Z,12479.0,12479.0,False,False,False,
2023-03-20T04:00:00Z,12116.0,12116.0,False,False,False,
2023-03-20T05:00:00Z,11898.0,11898.0,False,False,False,
2023-03-20T06:00:00Z,11989.0,11989.0,False,False,False,
2023-03-20T07:00:00Z,12235.0,12235.0,False,False,False,
2023-03-20T08:00:00Z,12580.0,12580.0,False,False,False,
2023-03-20T09:00:00Z,13217.0,13217.0,False,False,False,
2023-03-20T10:00:00Z,14264.0,14264.0,False,False,False,
2023-03-20T11:00:00Z,15794.0,15794.0,False,False,False,
2023-03-20T12:00:00Z,16657.0,16657.0,False,False,False,
2023-03-20T13:00:00Z,16442.0,16442.0,False,False,False,
2023-03-20T14:00:00Z,15478.0,15478.0,False,False,False,
2023-03-20T15:00:00Z,14425.0,14425.0,False,False,False,
2023-03-20T16:00:00Z,13562.0,13562.0,False,False,False,
2023-03-20T17:00:00Z,12818.0,12818.0,False,False,False,
2023-03-20T18:00:00Z,12281.0,12281.0,False,False,False,
2023-03-20T19:00:00Z,11759.0,11759.0,False,False,False,
2023-03-20T20:00:00Z,11380.0,11380.0,False,False,False,
2023-03-20T21:00:00Z,11223.0,11223.0,False,False,False,
2023-03-20T22:00:00Z,11334.0,11334.0,False,False,False,
2023-03-20T23:00:00Z,11663.0,11663.0,False,False,False,
2023-03-21T00:00:00Z,12311.0,12311.0,False,False,False,
2023-03-21T01:00:00Z,12948.0,12948.0,False,False,False,
2023-03-21T02:00:00Z,12918.0,12918.0,False,False,False,
2023-03-21T03:00:00Z,12538.0,12538.0,False,False,False,
2023-03-21T04:00:00Z,12154.0,12154.0,False,False,False,
2023-03-21T05:00:00Z,12063.0,12063.0,False,False,False,
2023-03-21T06:00:00Z,12138.0,12138.0,False,False,False,
2023-03-21T07:00:00Z,12328.0,12328.0,False,False,False,
2023-03-21T08:00:00Z,12658.0,12658.0,False,False,False,
2023-03-21T09:00:00Z,13298.0,13298.0,False,False,False,
2023-03-21T10:00:00Z,14362.0,14362.0,False,False,False,
2023-03-21T11:00:00Z,15917.0,15917.0,False,False,False,
2023-03-21T12:00:00Z,16801.0,16801.0,False,False,False,
2023-03-21T13:00:00Z,16398.0,16398.0,False,False,False,
2023-03-21T14:00:00Z,14903.0,14903.0,False,False,False,
2023-03-21T15:00:00Z,13461.0,13461.0,False,False,False,
2023-03-21T16:00:00Z,12447.0,12447.0,False,False,False,
2023-03-21T17:00:00Z,11799.0,11799.0,False,False,False,
2023-03-21T18:00:00Z,11377.0,11377.0,False,False,False,
2023-03-21T19:00:00Z,10993.0,10993.0,False,False,False,
2023-03-21T20:00:00Z,10802.0,10802.0,False,False,False,
2023-03-21T21:00:00Z,10777.0,10777.0,False,False,False,
2023-03-21T22:00:00Z,10842.0,10842.0,False,False,False,
2023-03-21T23:00:00Z,11076.0,11076.0,False,False,False,
2023-03-22T00:00:00Z,11554.0,11554.0,False,False,False,
2023-03-22T01:00:00Z,12094.0,12094.0,False,False,False,
2023-03-22T02:00:00Z,11806.0,11806.0,False,False,False,
2023-03-22T03:00:00Z,11246.0,11246.0,False,False,False,
2023-03-22T04:00:00Z,10682.0,10682.0,False,False,False,
2023-03-22T05:00:00Z,10317.0,10317.0,False,False,False,
2023-03-22T06:00:00Z,10187.0,10187.0,False,False,False,
2023-03-22T07:00:00Z,10157.0,10157.0,False,False,False,
2023-03-22T08:00:00Z,10210.0,10210.0,False,False,False,
2023-03-22T09:00:00Z,10494.0,10494.0,False,False,False,
2023-03-22T10:00:00Z,11167.0,11167.0,False,False,False,
2023-03-22T11:00:00Z,12284.0,12284.0,False,False,False,
2023-03-22T12:00:00Z,12940.0,12940.0,False,False,False,
2023-03-22T13:00:00Z,12888.0,12888.0,False,False,False,
2023-03-22T14:00:00Z,12794.0,12794.0,False,False,False,
2023-03-22T15:00:00Z,12720.0,12720.0,False,False,False,
2023-03-22T16:00:00Z,12546.0,12546.0,False,False,False,
2023-03-22T17:00:00Z,12398.0,12398.0,False,False,False,
2023-03-22T18:00:00Z,12322.0,12322.0,False,False,False,
2023-03-22T19:00:00Z,12111.0,12111.0,False,False,False,
2023-03-22T20:00:00Z,11899.0,11899.0,False,False,False,
2023-03-22T21:00:00Z,11810.0,11810.0,False,False,False,
2023-03-22T22:00:00Z,11900.0,11900.0,False,False,False,
2023-03-22T23:00:00Z,11915.0,11915.0,False,False,False,
2023-03-23T00:00:00Z,12156.0,12156.0,False,False,False,
2023-03-23T01:00:00Z,12294.0,12294.0,False,False,False,
2023-03-23T02:00:00Z,11866.0,11866.0,False,False,False,
2023-03-23T03:00:00Z,11145.0,11145.0,False,False,False,
2023-03-23T04:00:00Z,10442.0,10442.0,False,False,False,
2023-03-23T05:00:00Z,9919.0,9919.0,False,False,False,
2023-03-23T06:00:00Z,9663.0,9663.0,False,False,False,
2023-03-23T07:00:00Z,9511.0,9511.0,False,False,False,
2023-03-23T08:00:00Z,9506.0,9506.0,False,False,False,
2023-03-23T09:00:00Z,9695.0,9695.0,False,False,False,
2023-03-23T10:00:00Z,10323.0,10323.0,False,False,False,
2023-03-23T11:00:00Z,11368.0,11368.0,False,False,False,
2023-03-23T12:00:00Z,11947.0,11947.0,False,False,False,
2023-03-23T13:00:00Z,11897.0,11897.0,False,False,False,
2023-03-23T14:00:00Z,11752.0,11752.0,False,False,False,
2023-03-23T15:00:00Z,11371.0,11371.0,False,False,False,
2023-03-23T16:00:00Z,11032.0,11032.0,False,False,False,
2023-03-23T17:00:00Z,10817.0,10817.0,False,False,False,
2023-03-23T18:00:00Z,10787.0,10787.0,False,False,False,
2023-03-23T19:00:00Z,10800.0,10800.0,False,False,False,
2023-03-23T20:00:00Z,10888.0,10888.0,False,False,False,
2023-03-23T21:00:00Z,11102.0,11102.0,False,False,False,
2023-03-23T22:00:00Z,11320.0,11320.0,False,False,False,
2023-03-23T23:00:00Z,11520.0,11520.0,False,False,False,
2023-03-24T00:00:00Z,11631.0,11631.0,False,False,False,
2023-03-24T01:00:00Z,11925.0,11925.0,False,False,False,
2023-03-24T02:00:00Z,11449.0,11449.0,False,False,False,
2023-03-24T03:00:00Z,10648.0,10648.0,False,False,False,
2023-03-24T04:00:00Z,9776.0,9776.0,False,False,False,
2023-03-24T05:00:00Z,9059.0,9059.0,False,False,False,
2023-03-24T06:00:00Z,8633.0,8633.0,False,False,False,
2023-03-24T07:00:00Z,8394.0,8394.0,False,False,False,
2023-03-24T08:00:00Z,8272.0,8272.0,False,False,False,
2023-03-24T09:00:00Z,8369.0,8369.0,False,False,False,
2023-03-24T10:00:00Z,8885.0,8885.0,False,False,False,
2023-03-24T11:00:00Z,9867.0,9867.0,False,False,False,
2023-03-24T12:00:00Z,10440.0,10440.0,False,False,False,
2023-03-24T13:00:00Z,10586.0,10586.0,False,False,False,
2023-03-24T14:00:00Z,10645.0,10645.0,False,False,False,
2023-03-24T15:00:00Z,10758.0,10758.0,False,False,False,
2023-03-24T16:00:00Z,10952.0,10952.0,False,False,False,
2023-03-24T17:00:00Z,11251.0,11251.0,False,False,False,
2023-03-24T18:00:00Z,11619.0,11619.0,False,False,False,
2023-03-24T19:00:00Z,11902.0,11902.0,False,False,False,
2023-03-24T20:00:00Z,12260.0,12260.0,False,False,False,
2023-03-24T21:00:00Z,12600.0,12600.0,False,False,False,
2023-03-24T22:00:00Z,12764.0,12764.0,False,False,False,
2023-03-24T23:00:00Z,12657.0,12657.0,False,False,False,
2023-03-25T00:00:00Z,12378.0,12378.0,False,False,False,
2023-03-25T01:00:00Z,12272.0,12272.0,False,False,False,
2023-03-25T02:00:00Z,11730.0,11730.0,False,False,False,
2023-03-25T03:00:00Z,10977.0,10977.0,False,False,False,
2023-03-25T04:00:00Z,10109.0,10109.0,False,False,False,
2023-03-25T05:00:00Z,9338.0,9338.0,False,False,False,
2023-03-25T06:00:00Z,8773.0,8773.0,False,False,False,
2023-03-25T07:00:00Z,8421.0,8421.0,False,False,False,
2023-03-25T08:00:00Z,8192.0,8192.0,False,False,False,
2023-03-25T09:00:00Z,8123.0,8123.0,False,False,False,
2023-03-25T10:00:00Z,8208.0,8208.0,False,False,False,
2023-03-25T11:00:00Z,8500.0,8500.0,False,False,False,
2023-03-25T12:00:00Z,8819.0,8819.0,False,False,False,
2023-03-25T13:00:00Z,9328.0,9328.0,False,False,False,
2023-03-25T14:00:00Z,9786.0,9786.0,False,False,False,
2023-03-25T15:00:00Z,10111.0,10111.0,False,False,False,
2023-03-25T16:00:00Z,10212.0,10212.0,False,False,False,
2023-03-25T17:00:00Z,10150.0,10150.0,False,False,False,
2023-03-25T18:00:00Z,10123.0,10123.0,False,False,False,
2023-03-25T19:00:00Z,10229.0,10229.0,False,False,False,
2023-03-25T20:00:00Z,10478.0,10478.0,False,False,False,
2023-03-25T21:00:00Z,10876.0,10876.0,False,False,False,
2023-03-25T22:00:00Z,11156.0,11156.0,False,False,False,
2023-03-25T23:00:00Z,11153.0,11153.0,False,False,False,
2023-03-26T00:00:00Z,10958.0,10958.0,False,False,False,
2023-03-26T01:00:00Z,11008.0,11008.0,False,False,False,
2023-03-26T02:00:00Z,10613.0,10613.0,False,False,False,
2023-03-26T03:00:00Z,10021.0,10021.0,False,False,False,
2023-03-26T04:00:00Z,9349.0,9349.0,False,False,False,
2023-03-26T05:00:00Z,8759.0,8759.0,False,False,False,
2023-03-26T06:00:00Z,8330.0,8330.0,False,False,False,
2023-03-26T07:00:00Z,8087.0,8087.0,False,False,False,
2023-03-26T08:00:00Z,7921.0,7921.0,False,False,False,
2023-03-26T09:00:00Z,7877.0,7877.0,False,False,False,
2023-03-26T10:00:00Z,7972.0,7972.0,False,False,False,
2023-03-26T11:00:00Z,8206.0,8206.0,False,False,False,
2023-03-26T12:00:00Z,8512.0,8512.0,False,False,False,
2023-03-26T13:00:00Z,9094.0,9094.0,False,False,False,
2023-03-26T14:00:00Z,9488.0,9488.0,False,False,False,
2023-03-26T15:00:00Z,9678.0,9678.0,False,False,False,
2023-03-26T16:00:00Z,9756.0,9756.0,False,False,False,
2023-03-26T17:00:00Z,9880.0,9880.0,False,False,False,
2023-03-26T18:00:00Z,9789.0,9789.0,False,False,False,
2023-03-26T19:00:00Z,9740.0,9740.0,False,False,False,
2023-03-26T20:00:00Z,9748.0,9748.0,False,False,False,
2023-03-26T21:00:00Z,9906.0,9906.0,False,False,False,
2023-03-26T22:00:00Z,10261.0,10261.0,False,False,False,
2023-03-26T23:00:00Z,10505.0,10505.0,False,False,False,
2023-03-27T00:00:00Z,10663.0,10663.0,False,False,False,
2023-03-27T01:00:00Z,11012.0,11012.0,False,False,False,
2023-03-27T02:00:00Z,10594.0,10594.0,False,False,False,
2023-03-27T03:00:00Z,9923.0,9923.0,False,False,False,
2023-03-27T04:00:00Z,9190.0,9190.0,False,False,False,
2023-03-27T05:00:00Z,8651.0,8651.0,False,False,False,
2023-03-27T06:00:00Z,8321.0,8321.0,False,False,False,
2023-03-27T07:00:00Z,8169.0,8169.0,False,False,False,
2023-03-27T08:00:00Z,8138.0,8138.0,False,False,False,
2023-03-27T09:00:00Z,8320.0,8320.0,False,False,False,
2023-03-27T10:00:00Z,8896.0,8896.0,False,False,False,
2023-03-27T11:00:00Z,9878.0,9878.0,False,False,False,
2023-03-27T12:00:00Z,10577.0,10577.0,False,False,False,
2023-03-27T13:00:00Z,10772.0,10772.0,False,False,False,
2023-03-27T14:00:00Z,10964.0,10964.0,False,False,False,
2023-03-27T15:00:00Z,11085.0,11085.0,False,False,False,
2023-03-27T16:00:00Z,11111.0,11111.0,False,False,False,
2023-03-27T17:00:00Z,11325.0,11325.0,False,False,False,
2023-03-27T18:00:00Z,11627.0,11627.0,False,False,False,
2023-03-27T19:00:00Z,11918.0,11918.0,False,False,False,
2023-03-27T20:00:00Z,12152.0,12152.0,False,False,False,
2023-03-27T21:00:00Z,12466.0,12466.0,False,False,False,
2023-03-27T22:00:00Z,12641.0,12641.0,False,False,False,
2023-03-27T23:00:00Z,12710.0,12710.0,False,False,False,
2023-03-28T00:00:00Z,12582.0,12582.0,False,False,False,
2023-03-28T01:00:00Z,12622.0,12622.0,False,False,False,
2023-03-28T02:00:00Z,11926.0,11926.0,False,False,False,
2023-03-28T03:00:00Z,10939.0,10939.0,False,False,False,
2023-03-28T04:00:00Z,9859.0,9859.0,False,False,False,
2023-03-28T05:00:00Z,9076.0,9076.0,False,False,False,
2023-03-28T06:00:00Z,8584.0,8584.0,False,False,False,
2023-03-28T07:00:00Z,8341.0,8341.0,False,False,False,
2023-03-28T08:00:00Z,8269.0,8269.0,False,False,False,
2023-03-28T09:00:00Z,8410.0,8410.0,False,False,False,
2023-03-28T10:00:00Z,9027.0,9027.0,False,False,False,
2023-03-28T11:00:00Z,10123.0,10123.0,False,False,False,
2023-03-28T12:00:00Z,10759.0,10759.0,False,False,False,
2023-03-28T13:00:00Z,10903.0,10903.0,False,False,False,
2023-03-28T14:00:00Z,10915.0,10915.0,False,False,False,
2023-03-28T15:00:00Z,10921.0,10921.0,False,False,False,
2023-03-28T16:00:00Z,10831.0,10831.0,False,False,False,
2023-03-28T17:00:00Z,10703.0,10703.0,False,False,False,
2023-03-28T18:00:00Z,10777.0,10777.0,False,False,False,
2023-03-28T19:00:00Z,10786.0,10786.0,False,False,False,
2023-03-28T20:00:00Z,10863.0,10863.0,False,False,False,
2023-03-28T21:00:00Z,10999.0,10999.0,False,False,False,
2023-03-28T22:00:00Z,11170.0,11170.0,False,False,False,
2023-03-28T23:00:00Z,11328.0,11328.0,False,False,False,
2023-03-29T00:00:00Z,11518.0,11518.0,False,False,False,
2023-03-29T01:00:00Z,11623.0,11623.0,False,False,False,
2023-03-29T02:00:00Z,11082.0,11082.0,False,False,False,
2023-03-29T03:00:00Z,10296.0,10296.0,False,False,False,
2023-03-29T04:00:00Z,9570.0,9570.0,False,False,False,
2023-03-29T05:00:00Z,9067.0,9067.0,False,False,False,
2023-03-29T06:00:00Z,8817.0,8817.0,False,False,False,
2023-03-29T07:00:00Z,8725.0,8725.0,False,False,False,
2023-03-29T08:00:00Z,8808.0,8808.0,False,False,False,
2023-03-29T09:00:00Z,9114.0,9114.0,False,False,False,
2023-03-29T10:00:00Z,9878.0,9878.0,False,False,False,
2023-03-29T11:00:00Z,11201.0,11201.0,False,False,False,
2023-03-29T12:00:00Z,11984.0,11984.0,False,False,False,
2023-03-29T13:00:00Z,11980.0,11980.0,False,False,False,
2023-03-29T14:00:00Z,11631.0,11631.0,False,False,False,
2023-03-29T15:00:00Z,11367.0,11367.0,False,False,False,
2023-03-29T16:00:00Z,11103.0,11103.0,False,False,False,
2023-03-29T17:00:00Z,10840.0,10840.0,False,False,False,
2023-03-29T18:00:00Z,10683.0,10683.0,False,False,False,
2023-03-29T19:00:00Z,10506.0,10506.0,False,False,False,
2023-03-29T20:00:00Z,10412.0,10412.0,False,False,False,
2023-03-29T21:00:00Z,10486.0,10486.0,False,False,False,
2023-03-29T22:00:00Z,10627.0,10627.0,False,False,False,
2023-03-29T23:00:00Z,10812.0,10812.0,False,False,False,
2023-03-30T00:00:00Z,11061.0,11061.0,False,False,False,
2023-03-30T01:00:00Z,11552.0,11552.0,False,False,False,
2023-03-30T02:00:00Z,11262.0,11262.0,False,False,False,
2023-03-30T03:00:00Z,10625.0,10625.0,False,False,False,
2023-03-30T04:00:00Z,10011.0,10011.0,False,False,False,
2023-03-30T05:00:00Z,9634.0,9634.0,False,False,False,
2023-03-30T06:00:00Z,9511.0,9511.0,False,False,False,
2023-03-30T07:00:00Z,9547.0,9547.0,False,False,False,
2023-03-30T08:00:00Z,9679.0,9679.0,False,False,False,
2023-03-30T09:00:00Z,10091.0,10091.0,False,False,False,
2023-03-30T10:00:00Z,10980.0,10980.0,False,False,False,
2023-03-30T11:00:00Z,12398.0,12398.0,False,False,False,
2023-03-30T12:00:00Z,13202.0,13202.0,False,False,False,
2023-03-30T13:00:00Z,12976.0,12976.0,False,False,False,
2023-03-30T14:00:00Z,12195.0,12195.0,False,False,False,
2023-03-30T15:00:00Z,11553.0,11553.0,False,False,False,
2023-03-30T16:00:00Z,11081.0,11081.0,False,False,False,
2023-03-30T17:00:00Z,10771.0,10771.0,False,False,False,
2023-03-30T18:00:00Z,10609.0,10609.0,False,False,False,
2023-03-30T19:00:00Z,10438.0,10438.0,False,False,False,
2023-03-30T20:00:00Z,10422.0,10422.0,False,False,False,
2023-03-30T21:00:00Z,10500.0,10500.0,False,False,False,
2023-03-30T22:00:00Z,10646.0,10646.0,False,False,False,
2023-03-30T23:00:00Z,10804.0,10804.0,False,False,False,
2023-03-31T00:00:00Z,10995.0,10995.0,False,False,False,
2023-03-31T01:00:00Z,11322.0,11322.0,False,False,False,
2023-03-31T02:00:00Z,10999.0,10999.0,False,False,False,
2023-03-31T03:00:00Z,10291.0,10291.0,False,False,False,
2023-03-31T04:00:00Z,9609.0,9609.0,False,False,False,
2023-03-31T05:00:00Z,9150.0,9150.0,False,False,False,
2023-03-31T06:00:00Z,8925.0,8925.0,False,False,False,
2023-03-31T07:00:00Z,8853.0,8853.0,False,False,False,
2023-03-31T08:00:00Z,8926.0,8926.0,False,False,False,
2023-03-31T09:00:00Z,9176.0,9176.0,False,False,False,
2023-03-31T10:00:00Z,9780.0,9780.0,False,False,False,
2023-03-31T11:00:00Z,10858.0,10858.0,False,False,False,
2023-03-31T12:00:00Z,11438.0,11438.0,False,False,False,
2023-03-31T13:00:00Z,11538.0,11538.0,False,False,False,
2023-03-31T14:00:00Z,11493.0,11493.0,False,False,False,
2023-03-31T15:00:00Z,11362.0,11362.0,False,False,False,
2023-03-31T16:00:00Z,11168.0,11168.0,False,False,False,
2023-03-31T17:00:00Z,10989.0,10989.0,False,False,False,
2023-03-31T18:00:00Z,10828.0,10828.0,False,False,False,
2023-03-31T19:00:00Z,10674.0,10674.0,False,False,False,
2023-03-31T20:00:00Z,10588.0,10588.0,False,False,False,
2023-03-31T21:00:00Z,10610.0,10610.0,False,False,False,
2023-03-31T22:00:00Z,10686.0,10686.0,False,False,False,
2023-03-31T23:00:00Z,10666.0,10666.0,False,False,False,
2023-04-01T00:00:00Z,10753.0,10753.0,False,False,False,
2023-04-01T01:00:00Z,10908.0,10908.0,False,False,False,
2023-04-01T02:00:00Z,10569.0,10569.0,False,False,False,
2023-04-01T03:00:00Z,10036.0,10036.0,False,False,False,
2023-04-01T04:00:00Z,9436.0,9436.0,False,False,False,
2023-04-01T05:00:00Z,8897.0,8897.0,False,False,False,
2023-04-01T06:00:00Z,8527.0,8527.0,False,False,False,
2023-04-01T07:00:00Z,8291.0,8291.0,False,False,False,
2023-04-01T08:00:00Z,8173.0,8173.0,False,False,False,
2023-04-01T09:00:00Z,8173.0,8173.0,False,False,False,
2023-04-01T10:00:00Z,8330.0,8330.0,False,False,False,
2023-04-01T11:00:00Z,8613.0,8613.0,False,False,False,
2023-04-01T12:00:00Z,8951.0,8951.0,False,False,False,
2023-04-01T13:00:00Z,9442.0,9442.0,False,False,False,
2023-04-01T14:00:00Z,9981.0,9981.0,False,False,False,
2023-04-01T15:00:00Z,10232.0,10232.0,False,False,False,
2023-04-01T16:00:00Z,10269.0,10269.0,False,False,False,
2023-04-01T17:00:00Z,10155.0,10155.0,False,False,False,
2023-04-01T18:00:00Z,10073.0,10073.0,False,False,False,
2023-04-01T19:00:00Z,10070.0,10070.0,False,False,False,
2023-04-01T20:00:00Z,10185.0,10185.0,False,False,False,
2023-04-01T21:00:00Z,10400.0,10400.0,False,False,False,
2023-04-01T22:00:00Z,10610.0,10610.0,False,False,False,
2023-04-01T23:00:00Z,10618.0,10618.0,False,False,False,
2023-04-02T00:00:00Z,10470.0,10470.0,False,False,False,
2023-04-02T01:00:00Z,10604.0,10604.0,False,False,False,
2023-04-02T02:00:00Z,10254.0,10254.0,False,False,False,
2023-04-02T03:00:00Z,9712.0,9712.0,False,False,False,
2023-04-02T04:00:00Z,9048.0,9048.0,False,False,False,
2023-04-02T05:00:00Z,8465.0,8465.0,False,False,False,
2023-04-02T06:00:00Z,8078.0,8078.0,False,False,False,
2023-04-02T07:00:00Z,7851.0,7851.0,False,False,False,
2023-04-02T08:00:00Z,7795.0,7795.0,False,False,False,
2023-04-02T09:00:00Z,7866.0,7866.0,False,False,False,
2023-04-02T10:00:00Z,8097.0,8097.0,False,False,False,
2023-04-02T11:00:00Z,8566.0,8566.0,False,False,False,
2023-04-02T12:00:00Z,9115.0,9115.0,False,False,False,
2023-04-02T13:00:00Z,9696.0,9696.0,False,False,False,
2023-04-02T14:00:00Z,9763.0,9763.0,False,False,False,
2023-04-02T15:00:00Z,9570.0,9570.0,False,False,False,
2023-04-02T16:00:00Z,9420.0,9420.0,False,False,False,
2023-04-02T17:00:00Z,9332.0,9332.0,False,False,False,
2023-04-02T18:00:00Z,9284.0,9284.0,False,False,False,
2023-04-02T19:00:00Z,9266.0,9266.0,False,False,False,
2023-04-02T20:00:00Z,9365.0,9365.0,False,False,False,
2023-04-02T21:00:00Z,9618.0,9618.0,False,False,False,
2023-04-02T22:00:00Z,9967.0,9967.0,False,False,False,
2023-04-02T23:00:00Z,10223.0,10223.0,False,False,False,
2023-04-03T00:00:00Z,10352.0,10352.0,False,False,False,
2023-04-03T01:00:00Z,10637.0,10637.0,False,False,False,
2023-04-03T02:00:00Z,10297.0,10297.0,False,False,False,
2023-04-03T03:00:00Z,9665.0,9665.0,False,False,False,
2023-04-03T04:00:00Z,9040.0,9040.0,False,False,False,
2023-04-03T05:00:00Z,8632.0,8632.0,False,False,False,
2023-04-03T06:00:00Z,8423.0,8423.0,False,False,False,
2023-04-03T07:00:00Z,8384.0,8384.0,False,False,False,
2023-04-03T08:00:00Z,8512.0,8512.0,False,False,False,
2023-04-03T09:00:00Z,8813.0,8813.0,False,False,False,
2023-04-03T10:00:00Z,9612.0,9612.0,False,False,False,
2023-04-03T11:00:00Z,10756.0,10756.0,False,False,False,
2023-04-03T12:00:00Z,11483.0,11483.0,False,False,False,
2023-04-03T13:00:00Z,11678.0,11678.0,False,False,False,
2023-04-03T14:00:00Z,11514.0,11514.0,False,False,False,
2023-04-03T15:00:00Z,11357.0,11357.0,False,False,False,
2023-04-03T16:00:00Z,11147.0,11147.0,False,False,False,
2023-04-03T17:00:00Z,11006.0,11006.0,False,False,False,
2023-04-03T18:00:00Z,10974.0,10974.0,False,False,False,
2023-04-03T19:00:00Z,10850.0,10850.0,False,False,False,
2023-04-03T20:00:00Z,10752.0,10752.0,False,False,False,
2023-04-03T21:00:00Z,10879.0,10879.0,False,False,False,
2023-04-03T22:00:00Z,11021.0,11021.0,False,False,False,
2023-04-03T23:00:00Z,11152.0,11152.0,False,False,False,
2023-04-04T00:00:00Z,11298.0,11298.0,False,False,False,
2023-04-04T01:00:00Z,11409.0,11409.0,False,False,False,
2023-04-04T02:00:00Z,10935.0,10935.0,False,False,False,
2023-04-04T03:00:00Z,10221.0,10221.0,False,False,False,
2023-04-04T04:00:00Z,9491.0,9491.0,False,False,False,
2023-04-04T05:00:00Z,8962.0,8962.0,False,False,False,
2023-04-04T06:00:00Z,8655.0,8655.0,False,False,False,
2023-04-04T07:00:00Z,8503.0,8503.0,False,False,False,
2023-04-04T08:00:00Z,8475.0,8475.0,False,False,False,
2023-04-04T09:00:00Z,8659.0,8659.0,False,False,False,
2023-04-04T10:00:00Z,9279.0,9279.0,False,False,False,
2023-04-04T11:00:00Z,10273.0,10273.0,False,False,False,
2023-04-04T12:00:00Z,10822.0,10822.0,False,False,False,
2023-04-04T13:00:00Z,10874.0,10874.0,False,False,False,
2023-04-04T14:00:00Z,10706.0,10706.0,False,False,False,
2023-04-04T15:00:00Z,10717.0,10717.0,False,False,False,
2023-04-04T16:00:00Z,10779.0,10779.0,False,False,False,
2023-04-04T17:00:00Z,10968.0,10968.0,False,False,False,
2023-04-04T18:00:00Z,11309.0,11309.0,False,False,False,
2023-04-04T19:00:00Z,11646.0,11646.0,False,False,False,
2023-04-04T20:00:00Z,12076.0,12076.0,False,False,False,
2023-04-04T21:00:00Z,12467.0,12467.0,False,False,False,
2023-04-04T22:00:00Z,12804.0,12804.0,False,False,False,
2023-04-04T23:00:00Z,12928.0,12928.0,False,False,False,
2023-04-05T00:00:00Z,12837.0,12837.0,False,False,False,
2023-04-05T01:00:00Z,12926.0,12926.0,False,False,False,
2023-04-05T02:00:00Z,12312.0,12312.0,False,False,False,
2023-04-05T03:00:00Z,11342.0,11342.0,False,False,False,
2023-04-05T04:00:00Z,10285.0,10285.0,False,False,False,
2023-04-05T05:00:00Z,9497.0,9497.0,False,False,False,
2023-04-05T06:00:00Z,8978.0,8978.0,False,False,False,
2023-04-05T07:00:00Z,8673.0,8673.0,False,False,False,
2023-04-05T08:00:00Z,8499.0,8499.0,False,False,False,
2023-04-05T09:00:00Z,8579.0,8579.0,False,False,False,
2023-04-05T10:00:00Z,9072.0,9072.0,False,False,False,
2023-04-05T11:00:00Z,9987.0,9987.0,False,False,False,
2023-04-05T12:00:00Z,10518.0,10518.0,False,False,False,
2023-04-05T13:00:00Z,10843.0,10843.0,False,False,False,
2023-04-05T14:00:00Z,11130.0,11130.0,False,False,False,
2023-04-05T15:00:00Z,11592.0,11592.0,False,False,False,
2023-04-05T16:00:00Z,12034.0,12034.0,False,False,False,
2023-04-05T17:00:00Z,12490.0,12490.0,False,False,False,
2023-04-05T18:00:00Z,13002.0,13002.0,False,False,False,
2023-04-05T19:00:00Z,13449.0,13449.0,False,False,False,
2023-04-05T20:00:00Z,13824.0,13824.0,False,False,False,
2023-04-05T21:00:00Z,13991.0,13991.0,False,False,False,
2023-04-05T22:00:00Z,14125.0,14125.0,False,False,False,
2023-04-05T23:00:00Z,14152.0,14152.0,False,False,False,
2023-04-06T00:00:00Z,13914.0,13914.0,False,False,False,
2023-04-06T01:00:00Z,13796.0,13796.0,False,False,False,
2023-04-06T02:00:00Z,13128.0,13128.0,False,False,False,
2023-04-06T03:00:00Z,12052.0,12052.0,False,False,False,
2023-04-06T04:00:00Z,10976.0,10976.0,False,False,False,
2023-04-06T05:00:00Z,10142.0,10142.0,False,False,False,
2023-04-06T06:00:00Z,9595.0,9595.0,False,False,False,
2023-04-06T07:00:00Z,9243.0,9243.0,False,False,False,
2023-04-06T08:00:00Z,9038.0,9038.0,False,False,False,
2023-04-06T09:00:00Z,9063.0,9063.0,False,False,False,
2023-04-06T10:00:00Z,9482.0,9482.0,False,False,False,
2023-04-06T11:00:00Z,10363.0,10363.0,False,False,False,
2023-04-06T12:00:00Z,10867.0,10867.0,False,False,False,
2023-04-06T13:00:00Z,11179.0,11179.0,False,False,False,
2023-04-06T14:00:00Z,11473.0,11473.0,False,False,False,
2023-04-06T15:00:00Z,11842.0,11842.0,False,False,False,
2023-04-06T16:00:00Z,12338.0,12338.0,False,False,False,
2023-04-06T17:00:00Z,12899.0,12899.0,False,False,False,
2023-04-06T18:00:00Z,13540.0,13540.0,False,False,False,
2023-04-06T19:00:00Z,14030.0,14030.0,False,False,False,
2023-04-06T20:00:00Z,14259.0,14259.0,False,False,False,
2023-04-06T21:00:00Z,14086.0,14086.0,False,False,False,
2023-04-06T22:00:00Z,13868.0,13868.0,False,False,False,
2023-04-06T23:00:00Z,13467.0,13467.0,False,False,False,
2023-04-07T00:00:00Z,13156.0,13156.0,False,False,False,
2023-04-07T01:00:00Z,12988.0,12988.0,False,False,False,
2023-04-07T02:00:00Z,12365.0,12365.0,False,False,False,
2023-04-07T03:00:00Z,11488.0,11488.0,False,False,False,
2023-04-07T04:00:00Z,10545.0,10545.0,False,False,False,
2023-04-07T05:00:00Z,9726.0,9726.0,False,False,False,
2023-04-07T06:00:00Z,9199.0,9199.0,False,False,False,
2023-04-07T07:00:00Z,8873.0,8873.0,False,False,False,
2023-04-07T08:00:00Z,8651.0,8651.0,False,False,False,
2023-04-07T09:00:00Z,8605.0,8605.0,False,False,False,
2023-04-07T10:00:00Z,8807.0,8807.0,False,False,False,
2023-04-07T11:00:00Z,9184.0,9184.0,False,False,False,
2023-04-07T12:00:00Z,9491.0,9491.0,False,False,False,
2023-04-07T13:00:00Z,9888.0,9888.0,False,False,False,
2023-04-07T14:00:00Z,10214.0,10214.0,False,False,False,
2023-04-07T15:00:00Z,10458.0,10458.0,False,False,False,
2023-04-07T16:00:00Z,10510.0,10510.0,False,False,False,
2023-04-07T17:00:00Z,10463.0,10463.0,False,False,False,
2023-04-07T18:00:00Z,10413.0,10413.0,False,False,False,
2023-04-07T19:00:00Z,10288.0,10288.0,False,False,False,
2023-04-07T20:00:00Z,10261.0,10261.0,False,False,False,
2023-04-07T21:00:00Z,10351.0,10351.0,False,False,False,
2023-04-07T22:00:00Z,10547.0,10547.0,False,False,False,
2023-04-07T23:00:00Z,10580.0,10580.0,False,False,False,
2023-04-08T00:00:00Z,10675.0,10675.0,False,False,False,
2023-04-08T01:00:00Z,10803.0,10803.0,False,False,False,
2023-04-08T02:00:00Z,10538.0,10538.0,False,False,False,
2023-04-08T03:00:00Z,10119.0,10119.0,False,False,False,
2023-04-08T04:00:00Z,9665.0,9665.0,False,False,False,
2023-04-08T05:00:00Z,9244.0,9244.0,False,False,False,
2023-04-08T06:00:00Z,8974.0,8974.0,False,False,False,
2023-04-08T07:00:00Z,8832.0,8832.0,False,False,False,
2023-04-08T08:00:00Z,8793.0,8793.0,False,False,False,
2023-04-08T09:00:00Z,8889.0,8889.0,False,False,False,
2023-04-08T10:00:00Z,9141.0,9141.0,False,False,False,
2023-04-08T11:00:00Z,9548.0,9548.0,False,False,False,
2023-04-08T12:00:00Z,10061.0,10061.0,False,False,False,
2023-04-08T13:00:00Z,10739.0,10739.0,False,False,False,
2023-04-08T14:00:00Z,11371.0,11371.0,False,False,False,
2023-04-08T15:00:00Z,11739.0,11739.0,False,False,False,
2023-04-08T16:00:00Z,11885.0,11885.0,False,False,False,
2023-04-08T17:00:00Z,11843.0,11843.0,False,False,False,
2023-04-08T18:00:00Z,11730.0,11730.0,False,False,False,
2023-04-08T19:00:00Z,11734.0,11734.0,False,False,False,
2023-04-08T20:00:00Z,11759.0,11759.0,False,False,False,
2023-04-08T21:00:00Z,11856.0,11856.0,False,False,False,
2023-04-08T22:00:00Z,12028.0,12028.0,False,False,False,
2023-04-08T23:00:00Z,12098.0,12098.0,False,False,False,
2023-04-09T00:00:00Z,12190.0,12190.0,False,False,False,
2023-04-09T01:00:00Z,12270.0,12270.0,False,False,False,
2023-04-09T02:00:00Z,11968.0,11968.0,False,False,False,
2023-04-09T03:00:00Z,11467.0,11467.0,False,False,False,
2023-04-09T04:00:00Z,10944.0,10944.0,False,False,False,
2023-04-09T05:00:00Z,10452.0,10452.0,False,False,False,
2023-04-09T06:00:00Z,10171.0,10171.0,False,False,False,
2023-04-09T07:00:00Z,9982.0,9982.0,False,False,False,
2023-04-09T08:00:00Z,9929.0,9929.0,False,False,False,
2023-04-09T09:00:00Z,10016.0,10016.0,False,False,False,
2023-04-09T10:00:00Z,10335.0,10335.0,False,False,False,
2023-04-09T11:00:00Z,10791.0,10791.0,False,False,False,
2023-04-09T12:00:00Z,11222.0,11222.0,False,False,False,
2023-04-09T13:00:00Z,11461.0,11461.0,False,False,False,
2023-04-09T14:00:00Z,11134.0,11134.0,False,False,False,
2023-04-09T15:00:00Z,10634.0,10634.0,False,False,False,
2023-04-09T16:00:00Z,10202.0,10202.0,False,False,False,
2023-04-09T17:00:00Z,9897.0,9897.0,False,False,False,
2023-04-09T18:00:00Z,9499.0,9499.0,False,False,False,
2023-04-09T19:00:00Z,9143.0,9143.0,False,False,False,
2023-04-09T20:00:00Z,8945.0,8945.0,False,False,False,
2023-04-09T21:00:00Z,8926.0,8926.0,False,False,False,
2023-04-09T22:00:00Z,9023.0,9023.0,False,False,False,
2023-04-09T23:00:00Z,9258.0,9258.0,False,False,False,
2023-04-10T00:00:00Z,9590.0,9590.0,False,False,False,
2023-04-10T01:00:00Z,10236.0,10236.0,False,False,False,
2023-04-10T02:00:00Z,10214.0,10214.0,False,False,False,
2023-04-10T03:00:00Z,9892.0,9892.0,False,False,False,
2023-04-10T04:00:00Z,9178.0,9178.0,False,False,False,
2023-04-10T05:00:00Z,9286.0,9286.0,False,False,False,
2023-04-10T06:00:00Z,9258.0,9258.0,False,False,False,
2023-04-10T07:00:00Z,9370.0,9370.0,False,False,False,
2023-04-10T08:00:00Z,9659.0,9659.0,False,False,False,
2023-04-10T09:00:00Z,10200.0,10200.0,False,False,False,
2023-04-10T10:00:00Z,11101.0,11101.0,False,False,False,
2023-04-10T11:00:00Z,12343.0,12343.0,False,False,False,
2023-04-10T12:00:00Z,13180.0,13180.0,False,False,False,
2023-04-10T13:00:00Z,13034.0,13034.0,False,False,False,
2023-04-10T14:00:00Z,12376.0,12376.0,False,False,False,
2023-04-10T15:00:00Z,11817.0,11817.0,False,False,False,
2023-04-10T16:00:00Z,11322.0,11322.0,False,False,False,
2023-04-10T17:00:00Z,10963.0,10963.0,False,False,False,
2023-04-10T18:00:00Z,10716.0,10716.0,False,False,False,
2023-04-10T19:00:00Z,10509.0,10509.0,False,False,False,
2023-04-10T20:00:00Z,10305.0,10305.0,False,False,False,
2023-04-10T21:00:00Z,10294.0,10294.0,False,False,False,
2023-04-10T22:00:00Z,10398.0,10398.0,False,False,False,
2023-04-10T23:00:00Z,10583.0,10583.0,False,False,False,
2023-04-11T00:00:00Z,10790.0,10790.0,False,False,False,
2023-04-11T01:00:00Z,11215.0,11215.0,False,False,False,
2023-04-11T02:00:00Z,10955.0,10955.0,False,False,False,
2023-04-11T03:00:00Z,10445.0,10445.0,False,False,False,
2023-04-11T04:00:00Z,9883.0,9883.0,False,False,False,
2023-04-11T05:00:00Z,9603.0,9603.0,False,False,False,
2023-04-11T06:00:00Z,9543.0,9543.0,False,False,False,
2023-04-11T07:00:00Z,9661.0,9661.0,False,False,False,
2023-04-11T08:00:00Z,9896.0,9896.0,False,False,False,
2023-04-11T09:00:00Z,10397.0,10397.0,False,False,False,
2023-04-11T10:00:00Z,11320.0,11320.0,False,False,False,
2023-04-11T11:00:00Z,12630.0,12630.0,False,False,False,
2023-04-11T12:00:00Z,13352.0,13352.0,False,False,False,
2023-04-11T13:00:00Z,12985.0,12985.0,False,False,False,
2023-04-11T14:00:00Z,12074.0,12074.0,False,False,False,
2023-04-11T15:00:00Z,11401.0,11401.0,False,False,False,
2023-04-11T16:00:00Z,10956.0,10956.0,False,False,False,
2023-04-11T17:00:00Z,10681.0,10681.0,False,False,False,
2023-04-11T18:00:00Z,10600.0,10600.0,False,False,False,
2023-04-11T19:00:00Z,10560.0,10560.0,False,False,False,
2023-04-11T20:00:00Z,10605.0,10605.0,False,False,False,
2023-04-11T21:00:00Z,10773.0,10773.0,False,False,False,
2023-04-11T22:00:00Z,11007.0,11007.0,False,False,False,
2023-04-11T23:00:00Z,11149.0,11149.0,False,False,False,
2023-04-12T00:00:00Z,11146.0,11146.0,False,False,False,
2023-04-12T01:00:00Z,11344.0,11344.0,False,False,False,
2023-04-12T02:00:00Z,10921.0,10921.0,False,False,False,
2023-04-12T03:00:00Z,10161.0,10161.0,False,False,False,
2023-04-12T04:00:00Z,9436.0,9436.0,False,False,False,
2023-04-12T05:00:00Z,8921.0,8921.0,False,False,False,
2023-04-12T06:00:00Z,8674.0,8674.0,False,False,False,
2023-04-12T07:00:00Z,8654.0,8654.0,False,False,False,
2023-04-12T08:00:00Z,8755.0,8755.0,False,False,False,
2023-04-12T09:00:00Z,9087.0,9087.0,False,False,False,
2023-04-12T10:00:00Z,9870.0,9870.0,False,False,False,
2023-04-12T11:00:00Z,10993.0,10993.0,False,False,False,
2023-04-12T12:00:00Z,11681.0,11681.0,False,False,False,
2023-04-12T13:00:00Z,11596.0,11596.0,False,False,False,
2023-04-12T14:00:00Z,11185.0,11185.0,False,False,False,
2023-04-12T15:00:00Z,10909.0,10909.0,False,False,False,
2023-04-12T16:00:00Z,10746.0,10746.0,False,False,False,
2023-04-12T17:00:00Z,10762.0,10762.0,False,False,False,
2023-04-12T18:00:00Z,10920.0,10920.0,False,False,False,
2023-04-12T19:00:00Z,11067.0,11067.0,False,False,False,
2023-04-12T20:00:00Z,11302.0,11302.0,False,False,False,
2023-04-12T21:00:00Z,11626.0,11626.0,False,False,False,
2023-04-12T22:00:00Z,11913.0,11913.0,False,False,False,
2023-04-12T23:00:00Z,12009.0,12009.0,False,False,False,
2023-04-13T00:00:00Z,11829.0,11829.0,False,False,False,
2023-04-13T01:00:00Z,11778.0,11778.0,False,False,False,
2023-04-13T02:00:00Z,11272.0,11272.0,False,False,False,
2023-04-13T03:00:00Z,10412.0,10412.0,False,False,False,
2023-04-13T04:00:00Z,9529.0,9529.0,False,False,False,
2023-04-13T05:00:00Z,8877.0,8877.0,False,False,False,
2023-04-13T06:00:00Z,8509.0,8509.0,False,False,False,
2023-04-13T07:00:00Z,8339.0,8339.0,False,False,False,
2023-04-13T08:00:00Z,8319.0,8319.0,False,False,False,
2023-04-13T09:00:00Z,8558.0,8558.0,False,False,False,
2023-04-13T10:00:00Z,9178.0,9178.0,False,False,False,
2023-04-13T11:00:00Z,10150.0,10150.0,False,False,False,
2023-04-13T12:00:00Z,10811.0,10811.0,False,False,False,
2023-04-13T13:00:00Z,10903.0,10903.0,False,False,False,
2023-04-13T14:00:00Z,10737.0,10737.0,False,False,False,
2023-04-13T15:00:00Z,10701.0,10701.0,False,False,False,
2023-04-13T16:00:00Z,10744.0,10744.0,False,False,False,
2023-04-13T17:00:00Z,10906.0,10906.0,False,False,False,
2023-04-13T18:00:00Z,11203.0,11203.0,False,False,False,
2023-04-13T19:00:00Z,11434.0,11434.0,False,False,False,
2023-04-13T20:00:00Z,11702.0,11702.0,False,False,False,
2023-04-13T21:00:00Z,11923.0,11923.0,False,False,False,
2023-04-13T22:00:00Z,11952.0,11952.0,False,False,False,
2023-04-13T23:00:00Z,11867.0,11867.0,False,False,False,
2023-04-14T00:00:00Z,11769.0,11769.0,False,False,False,
2023-04-14T01:00:00Z,11836.0,11836.0,False,False,False,
2023-04-14T02:00:00Z,11337.0,11337.0,False,False,False,
2023-04-14T03:00:00Z,10536.0,10536.0,False,False,False,
2023-04-14T04:00:00Z,9712.0,9712.0,False,False,False,
2023-04-14T05:00:00Z,9078.0,9078.0,False,False,False,
2023-04-14T06:00:00Z,8677.0,8677.0,False,False,False,
2023-04-14T07:00:00Z,8442.0,8442.0,False,False,False,
2023-04-14T08:00:00Z,8358.0,8358.0,False,False,False,
2023-04-14T09:00:00Z,8477.0,8477.0,False,False,False,
2023-04-14T10:00:00Z,8887.0,8887.0,False,False,False,
2023-04-14T11:00:00Z,9655.0,9655.0,False,False,False,
2023-04-14T12:00:00Z,10206.0,10206.0,False,False,False,
2023-04-14T13:00:00Z,10556.0,10556.0,False,False,False,
2023-04-14T14:00:00Z,10855.0,10855.0,False,False,False,
2023-04-14T15:00:00Z,11019.0,11019.0,False,False,False,
2023-04-14T16:00:00Z,11114.0,11114.0,False,False,False,
2023-04-14T17:00:00Z,11176.0,11176.0,False,False,False,
2023-04-14T18:00:00Z,11388.0,11388.0,False,False,False,
2023-04-14T19:00:00Z,11564.0,11564.0,False,False,False,
2023-04-14T20:00:00Z,11698.0,11698.0,False,False,False,
2023-04-14T21:00:00Z,11711.0,11711.0,False,False,False,
2023-04-14T22:00:00Z,11638.0,11638.0,False,False,False,
2023-04-14T23:00:00Z,11403.0,11403.0,False,False,False,
2023-04-15T00:00:00Z,11194.0,11194.0,False,False,False,
2023-04-15T01:00:00Z,11225.0,11225.0,False,False,False,
2023-04-15T02:00:00Z,10869.0,10869.0,False,False,False,
2023-04-15T03:00:00Z,10307.0,10307.0,False,False,False,
2023-04-15T04:00:00Z,9595.0,9595.0,False,False,False,
2023-04-15T05:00:00Z,8990.0,8990.0,False,False,False,
2023-04-15T06:00:00Z,8567.0,8567.0,False,False,False,
2023-04-15T07:00:00Z,8309.0,8309.0,False,False,False,
2023-04-15T08:00:00Z,8165.0,8165.0,False,False,False,
2023-04-15T09:00:00Z,8159.0,8159.0,False,False,False,
2023-04-15T10:00:00Z,8316.0,8316.0,False,False,False,
2023-04-15T11:00:00Z,8602.0,8602.0,False,False,False,
2023-04-15T12:00:00Z,8867.0,8867.0,False,False,False,
2023-04-15T13:00:00Z,9380.0,9380.0,False,False,False,
2023-04-15T14:00:00Z,9741.0,9741.0,False,False,False,
2023-04-15T15:00:00Z,10003.0,10003.0,False,False,False,
2023-04-15T16:00:00Z,10240.0,10240.0,False,False,False,
2023-04-15T17:00:00Z,10533.0,10533.0,False,False,False,
2023-04-15T18:00:00Z,10692.0,10692.0,False,False,False,
2023-04-15T19:00:00Z,10869.0,10869.0,False,False,False,
2023-04-15T20:00:00Z,11104.0,11104.0,False,False,False,
2023-04-15T21:00:00Z,11397.0,11397.0,False,False,False,
2023-04-15T22:00:00Z,11697.0,11697.0,False,False,False,
2023-04-15T23:00:00Z,11746.0,11746.0,False,False,False,
2023-04-16T00:00:00Z,11417.0,11417.0,False,False,False,
2023-04-16T01:00:00Z,11299.0,11299.0,False,False,False,
2023-04-16T02:00:00Z,10840.0,10840.0,False,False,False,
2023-04-16T03:00:00Z,10184.0,10184.0,False,False,False,
2023-04-16T04:00:00Z,9410.0,9410.0,False,False,False,
2023-04-16T05:00:00Z,8766.0,8766.0,False,False,False,
2023-04-16T06:00:00Z,8296.0,8296.0,False,False,False,
2023-04-16T07:00:00Z,8012.0,8012.0,False,False,False,
2023-04-16T08:00:00Z,7787.0,7787.0,False,False,False,
2023-04-16T09:00:00Z,7762.0,7762.0,False,False,False,
2023-04-16T10:00:00Z,7865.0,7865.0,False,False,False,
2023-04-16T11:00:00Z,8063.0,8063.0,False,False,False,
2023-04-16T12:00:00Z,8357.0,8357.0,False,False,False,
2023-04-16T13:00:00Z,8942.0,8942.0,False,False,False,
2023-04-16T14:00:00Z,9398.0,9398.0,False,False,False,
2023-04-16T15:00:00Z,9611.0,9611.0,False,False,False,
2023-04-16T16:00:00Z,9820.0,9820.0,False,False,False,
2023-04-16T17:00:00Z,10062.0,10062.0,False,False,False,
2023-04-16T18:00:00Z,10256.0,10256.0,False,False,False,
2023-04-16T19:00:00Z,10394.0,10394.0,False,False,False,
2023-04-16T20:00:00Z,10663.0,10663.0,False,False,False,
2023-04-16T21:00:00Z,11034.0,11034.0,False,False,False,
2023-04-16T22:00:00Z,11413.0,11413.0,False,False,False,
2023-04-16T23:00:00Z,11587.0,11587.0,False,False,False,
2023-04-17T00:00:00Z,11553.0,11553.0,False,False,False,
2023-04-17T01:00:00Z,11673.0,11673.0,False,False,False,
2023-04-17T02:00:00Z,11276.0,11276.0,False,False,False,
2023-04-17T03:00:00Z,10441.0,10441.0,False,False,False,
2023-04-17T04:00:00Z,9563.0,9563.0,False,False,False,
2023-04-17T05:00:00Z,8834.0,8834.0,False,False,False,
2023-04-17T06:00:00Z,8345.0,8345.0,False,False,False,
2023-04-17T07:00:00Z,8103.0,8103.0,False,False,False,
2023-04-17T08:00:00Z,8007.0,8007.0,False,False,False,
2023-04-17T09:00:00Z,8201.0,8201.0,False,False,False,
2023-04-17T10:00:00Z,8823.0,8823.0,False,False,False,
2023-04-17T11:00:00Z,9881.0,9881.0,False,False,False,
2023-04-17T12:00:00Z,10554.0,10554.0,False,False,False,
2023-04-17T13:00:00Z,10696.0,10696.0,False,False,False,
2023-04-17T14:00:00Z,10671.0,10671.0,False,False,False,
2023-04-17T15:00:00Z,10695.0,10695.0,False,False,False,
2023-04-17T16:00:00Z,10658.0,10658.0,False,False,False,
2023-04-17T17:00:00Z,10640.0,10640.0,False,False,False,
2023-04-17T18:00:00Z,10677.0,10677.0,False,False,False,
2023-04-17T19:00:00Z,10690.0,10690.0,False,False,False,
2023-04-17T20:00:00Z,10780.0,10780.0,False,False,False,
2023-04-17T21:00:00Z,11018.0,11018.0,False,False,False,
2023-04-17T22:00:00Z,11257.0,11257.0,False,False,False,
2023-04-17T23:00:00Z,11383.0,11383.0,False,False,False,
2023-04-18T00:00:00Z,11379.0,11379.0,False,False,False,
2023-04-18T01:00:00Z,11519.0,11519.0,False,False,False,
2023-04-18T02:00:00Z,11106.0,11106.0,False,False,False,
2023-04-18T03:00:00Z,10257.0,10257.0,False,False,False,
2023-04-18T04:00:00Z,9443.0,9443.0,False,False,False,
2023-04-18T05:00:00Z,8934.0,8934.0,False,False,False,
2023-04-18T06:00:00Z,8655.0,8655.0,False,False,False,
2023-04-18T07:00:00Z,8577.0,8577.0,False,False,False,
2023-04-18T08:00:00Z,8584.0,8584.0,False,False,False,
2023-04-18T09:00:00Z,8891.0,8891.0,False,False,False,
2023-04-18T10:00:00Z,9665.0,9665.0,False,False,False,
2023-04-18T11:00:00Z,10885.0,10885.0,False,False,False,
2023-04-18T12:00:00Z,11537.0,11537.0,False,False,False,
2023-04-18T13:00:00Z,11384.0,11384.0,False,False,False,
2023-04-18T14:00:00Z,11023.0,11023.0,False,False,False,
2023-04-18T15:00:00Z,10814.0,10814.0,False,False,False,
2023-04-18T16:00:00Z,10637.0,10637.0,False,False,False,
2023-04-18T17:00:00Z,10601.0,10601.0,False,False,False,
2023-04-18T18:00:00Z,10723.0,10723.0,False,False,False,
2023-04-18T19:00:00Z,10823.0,10823.0,False,False,False,
2023-04-18T20:00:00Z,11046.0,11046.0,False,False,False,
2023-04-18T21:00:00Z,11391.0,11391.0,False,False,False,
2023-04-18T22:00:00Z,11693.0,11693.0,False,False,False,
2023-04-18T23:00:00Z,11842.0,11842.0,False,False,False,
2023-04-19T00:00:00Z,11747.0,11747.0,False,False,False,
2023-04-19T01:00:00Z,11830.0,11830.0,False,False,False,
2023-04-19T02:00:00Z,11328.0,11328.0,False,False,False,
2023-04-19T03:00:00Z,10386.0,10386.0,False,False,False,
2023-04-19T04:00:00Z,9443.0,9443.0,False,False,False,
2023-04-19T05:00:00Z,8812.0,8812.0,False,False,False,
2023-04-19T06:00:00Z,8408.0,8408.0,False,False,False,
2023-04-19T07:00:00Z,8215.0,8215.0,False,False,False,
2023-04-19T08:00:00Z,8185.0,8185.0,False,False,False,
2023-04-19T09:00:00Z,8392.0,8392.0,False,False,False,
2023-04-19T10:00:00Z,9009.0,9009.0,False,False,False,
2023-04-19T11:00:00Z,10131.0,10131.0,False,False,False,
2023-04-19T12:00:00Z,10721.0,10721.0,False,False,False,
2023-04-19T13:00:00Z,10822.0,10822.0,False,False,False,
2023-04-19T14:00:00Z,10773.0,10773.0,False,False,False,
2023-04-19T15:00:00Z,10919.0,10919.0,False,False,False,
2023-04-19T16:00:00Z,11139.0,11139.0,False,False,False,
2023-04-19T17:00:00Z,11420.0,11420.0,False,False,False,
2023-04-19T18:00:00Z,11865.0,11865.0,False,False,False,
2023-04-19T19:00:00Z,12300.0,12300.0,False,False,False,
2023-04-19T20:00:00Z,12778.0,12778.0,False,False,False,
2023-04-19T21:00:00Z,13265.0,13265.0,False,False,False,
2023-04-19T22:00:00Z,13563.0,13563.0,False,False,False,
2023-04-19T23:00:00Z,13529.0,13529.0,False,False,False,
2023-04-20T00:00:00Z,13118.0,13118.0,False,False,False,
2023-04-20T01:00:00Z,12882.0,12882.0,False,False,False,
2023-04-20T02:00:00Z,12185.0,12185.0,False,False,False,
2023-04-20T03:00:00Z,11090.0,11090.0,False,False,False,
2023-04-20T04:00:00Z,9984.0,9984.0,False,False,False,
2023-04-20T05:00:00Z,9217.0,9217.0,False,False,False,
2023-04-20T06:00:00Z,8749.0,8749.0,False,False,False,
2023-04-20T07:00:00Z,8448.0,8448.0,False,False,False,
2023-04-20T08:00:00Z,8331.0,8331.0,False,False,False,
2023-04-20T09:00:00Z,8459.0,8459.0,False,False,False,
2023-04-20T10:00:00Z,8989.0,8989.0,False,False,False,
2023-04-20T11:00:00Z,9952.0,9952.0,False,False,False,
2023-04-20T12:00:00Z,10534.0,10534.0,False,False,False,
2023-04-20T13:00:00Z,10705.0,10705.0,False,False,False,
2023-04-20T14:00:00Z,10826.0,10826.0,False,False,False,
2023-04-20T15:00:00Z,11071.0,11071.0,False,False,False,
2023-04-20T16:00:00Z,11380.0,11380.0,False,False,False,
2023-04-20T17:00:00Z,11893.0,11893.0,False,False,False,
2023-04-20T18:00:00Z,12499.0,12499.0,False,False,False,
2023-04-20T19:00:00Z,13053.0,13053.0,False,False,False,
2023-04-20T20:00:00Z,13574.0,13574.0,False,False,False,
2023-04-20T21:00:00Z,14065.0,14065.0,False,False,False,
2023-04-20T22:00:00Z,14248.0,14248.0,False,False,False,
2023-04-20T23:00:00Z,14089.0,14089.0,False,False,False,
2023-04-21T00:00:00Z,13608.0,13608.0,False,False,False,
2023-04-21T01:00:00Z,13291.0,13291.0,False,False,False,
2023-04-21T02:00:00Z,12533.0,12533.0,False,False,False,
2023-04-21T03:00:00Z,11355.0,11355.0,False,False,False,
2023-04-21T04:00:00Z,10273.0,10273.0,False,False,False,
2023-04-21T05:00:00Z,9464.0,9464.0,False,False,False,
2023-04-21T06:00:00Z,8911.0,8911.0,False,False,False,
2023-04-21T07:00:00Z,8574.0,8574.0,False,False,False,
2023-04-21T08:00:00Z,8427.0,8427.0,False,False,False,
2023-04-21T09:00:00Z,8465.0,8465.0,False,False,False,
2023-04-21T10:00:00Z,8904.0,8904.0,False,False,False,
2023-04-21T11:00:00Z,9750.0,9750.0,False,False,False,
2023-04-21T12:00:00Z,10265.0,10265.0,False,False,False,
2023-04-21T13:00:00Z,10533.0,10533.0,False,False,False,
2023-04-21T14:00:00Z,10753.0,10753.0,False,False,False,
2023-04-21T15:00:00Z,11068.0,11068.0,False,False,False,
2023-04-21T16:00:00Z,11403.0,11403.0,False,False,False,
2023-04-21T17:00:00Z,11799.0,11799.0,False,False,False,
2023-04-21T18:00:00Z,12300.0,12300.0,False,False,False,
2023-04-21T19:00:00Z,12740.0,12740.0,False,False,False,
2023-04-21T20:00:00Z,13091.0,13091.0,False,False,False,
2023-04-21T21:00:00Z,13328.0,13328.0,False,False,False,
2023-04-21T22:00:00Z,13338.0,13338.0,False,False,False,
2023-04-21T23:00:00Z,12995.0,12995.0,False,False,False,
2023-04-22T00:00:00Z,12444.0,12444.0,False,False,False,
2023-04-22T01:00:00Z,12253.0,12253.0,False,False,False,
2023-04-22T02:00:00Z,11689.0,11689.0,False,False,False,
2023-04-22T03:00:00Z,10901.0,10901.0,False,False,False,
2023-04-22T04:00:00Z,10013.0,10013.0,False,False,False,
2023-04-22T05:00:00Z,9277.0,9277.0,False,False,False,
2023-04-22T06:00:00Z,8760.0,8760.0,False,False,False,
2023-04-22T07:00:00Z,8409.0,8409.0,False,False,False,
2023-04-22T08:00:00Z,8241.0,8241.0,False,False,False,
2023-04-22T09:00:00Z,8205.0,8205.0,False,False,False,
2023-04-22T10:00:00Z,8322.0,8322.0,False,False,False,
2023-04-22T11:00:00Z,8536.0,8536.0,False,False,False,
2023-04-22T12:00:00Z,8854.0,8854.0,False,False,False,
2023-04-22T13:00:00Z,9371.0,9371.0,False,False,False,
2023-04-22T14:00:00Z,9815.0,9815.0,False,False,False,
2023-04-22T15:00:00Z,10184.0,10184.0,False,False,False,
2023-04-22T16:00:00Z,10318.0,10318.0,False,False,False,
2023-04-22T17:00:00Z,10384.0,10384.0,False,False,False,
2023-04-22T18:00:00Z,10443.0,10443.0,False,False,False,
2023-04-22T19:00:00Z,10542.0,10542.0,False,False,False,
2023-04-22T20:00:00Z,10640.0,10640.0,False,False,False,
2023-04-22T21:00:00Z,10627.0,10627.0,False,False,False,
2023-04-22T22:00:00Z,10678.0,10678.0,False,False,False,
2023-04-22T23:00:00Z,10580.0,10580.0,False,False,False,
2023-04-23T00:00:00Z,10312.0,10312.0,False,False,False,
2023-04-23T01:00:00Z,10338.0,10338.0,False,False,False,
2023-04-23T02:00:00Z,10041.0,10041.0,False,False,False,
2023-04-23T03:00:00Z,9500.0,9500.0,False,False,False,
2023-04-23T04:00:00Z,8912.0,8912.0,False,False,False,
2023-04-23T05:00:00Z,8419.0,8419.0,False,False,False,
2023-04-23T06:00:00Z,8110.0,8110.0,False,False,False,
2023-04-23T07:00:00Z,7956.0,7956.0,False,False,False,
2023-04-23T08:00:00Z,7905.0,7905.0,False,False,False,
2023-04-23T09:00:00Z,7974.0,7974.0,False,False,False,
2023-04-23T10:00:00Z,8195.0,8195.0,False,False,False,
2023-04-23T11:00:00Z,8527.0,8527.0,False,False,False,
2023-04-23T12:00:00Z,9036.0,9036.0,False,False,False,
2023-04-23T13:00:00Z,9473.0,9473.0,False,False,False,
2023-04-23T14:00:00Z,9518.0,9518.0,False,False,False,
2023-04-23T15:00:00Z,9387.0,9387.0,False,False,False,
2023-04-23T16:00:00Z,9322.0,9322.0,False,False,False,
2023-04-23T17:00:00Z,9367.0,9367.0,False,False,False,
2023-04-23T18:00:00Z,9437.0,9437.0,False,False,False,
2023-04-23T19:00:00Z,9545.0,9545.0,False,False,False,
2023-04-23T20:00:00Z,9714.0,9714.0,False,False,False,
2023-04-23T21:00:00Z,9949.0,9949.0,False,False,False,
2023-04-23T22:00:00Z,10282.0,10282.0,False,False,False,
2023-04-23T23:00:00Z,10375.0,10375.0,False,False,False,
2023-04-24T00:00:00Z,10474.0,10474.0,False,False,False,
2023-04-24T01:00:00Z,10751.0,10751.0,False,False,False,
2023-04-24T02:00:00Z,10464.0,10464.0,False,False,False,
2023-04-24T03:00:00Z,9757.0,9757.0,False,False,False,
2023-04-24T04:00:00Z,9035.0,9035.0,False,False,False,
2023-04-24T05:00:00Z,8543.0,8543.0,False,False,False,
2023-04-24T06:00:00Z,8242.0,8242.0,False,False,False,
2023-04-24T07:00:00Z,8140.0,8140.0,False,False,False,
2023-04-24T08:00:00Z,8163.0,8163.0,False,False,False,
2023-04-24T09:00:00Z,8413.0,8413.0,False,False,False,
2023-04-24T10:00:00Z,9095.0,9095.0,False,False,False,
2023-04-24T11:00:00Z,10238.0,10238.0,False,False,False,
2023-04-24T12:00:00Z,10894.0,10894.0,False,False,False,
2023-04-24T13:00:00Z,10970.0,10970.0,False,False,False,
2023-04-24T14:00:00Z,10854.0,10854.0,False,False,False,
2023-04-24T15:00:00Z,10744.0,10744.0,False,False,False,
2023-04-24T16:00:00Z,10622.0,10622.0,False,False,False,
2023-04-24T17:00:00Z,10555.0,10555.0,False,False,False,
2023-04-24T18:00:00Z,10559.0,10559.0,False,False,False,
2023-04-24T19:00:00Z,10503.0,10503.0,False,False,False,
2023-04-24T20:00:00Z,10611.0,10611.0,False,False,False,
2023-04-24T21:00:00Z,10807.0,10807.0,False,False,False,
2023-04-24T22:00:00Z,11021.0,11021.0,False,False,False,
2023-04-24T23:00:00Z,11159.0,11159.0,False,False,False,
2023-04-25T00:00:00Z,11176.0,11176.0,False,False,False,
2023-04-25T01:00:00Z,11410.0,11410.0,False,False,False,
2023-04-25T02:00:00Z,11055.0,11055.0,False,False,False,
2023-04-25T03:00:00Z,10289.0,10289.0,False,False,False,
2023-04-25T04:00:00Z,9546.0,9546.0,False,False,False,
2023-04-25T05:00:00Z,9043.0,9043.0,False,False,False,
2023-04-25T06:00:00Z,8829.0,8829.0,False,False,False,
2023-04-25T07:00:00Z,8766.0,8766.0,False,False,False,
2023-04-25T08:00:00Z,8856.0,8856.0,False,False,False,
2023-04-25T09:00:00Z,9143.0,9143.0,False,False,False,
2023-04-25T10:00:00Z,9903.0,9903.0,False,False,False,
2023-04-25T11:00:00Z,11120.0,11120.0,False,False,False,
2023-04-25T12:00:00Z,11744.0,11744.0,False,False,False,
2023-04-25T13:00:00Z,11539.0,11539.0,False,False,False,
2023-04-25T14:00:00Z,11223.0,11223.0,False,False,False,
2023-04-25T15:00:00Z,10993.0,10993.0,False,False,False,
2023-04-25T16:00:00Z,10784.0,10784.0,False,False,False,
2023-04-25T17:00:00Z,10655.0,10655.0,False,False,False,
2023-04-25T18:00:00Z,10687.0,10687.0,False,False,False,
2023-04-25T19:00:00Z,10675.0,10675.0,False,False,False,
2023-04-25T20:00:00Z,10669.0,10669.0,False,False,False,
2023-04-25T21:00:00Z,10755.0,10755.0,False,False,False,
2023-04-25T22:00:00Z,10888.0,10888.0,False,False,False,
2023-04-25T23:00:00Z,10987.0,10987.0,False,False,False,
2023-04-26T00:00:00Z,11102.0,11102.0,False,False,False,
2023-04-26T01:00:00Z,11390.0,11390.0,False,False,False,
2023-04-26T02:00:00Z,11017.0,11017.0,False,False,False,
2023-04-26T03:00:00Z,10276.0,10276.0,False,False,False,
2023-04-26T04:00:00Z,9535.0,9535.0,False,False,False,
2023-04-26T05:00:00Z,9059.0,9059.0,False,False,False,
2023-04-26T06:00:00Z,8799.0,8799.0,False,False,False,
2023-04-26T07:00:00Z,8699.0,8699.0,False,False,False,
2023-04-26T08:00:00Z,8703.0,8703.0,False,False,False,
2023-04-26T09:00:00Z,8942.0,8942.0,False,False,False,
2023-04-26T10:00:00Z,9612.0,9612.0,False,False,False,
2023-04-26T11:00:00Z,10703.0,10703.0,False,False,False,
2023-04-26T12:00:00Z,11245.0,11245.0,False,False,False,
2023-04-26T13:00:00Z,11285.0,11285.0,False,False,False,
2023-04-26T14:00:00Z,11250.0,11250.0,False,False,False,
2023-04-26T15:00:00Z,11256.0,11256.0,False,False,False,
2023-04-26T16:00:00Z,11204.0,11204.0,False,False,False,
2023-04-26T17:00:00Z,11170.0,11170.0,False,False,False,
2023-04-26T18:00:00Z,11155.0,11155.0,False,False,False,
2023-04-26T19:00:00Z,11084.0,11084.0,False,False,False,
2023-04-26T20:00:00Z,11034.0,11034.0,False,False,False,
2023-04-26T21:00:00Z,11056.0,11056.0,False,False,False,
2023-04-26T22:00:00Z,11189.0,11189.0,False,False,False,
2023-04-26T23:00:00Z,11278.0,11278.0,False,False,False,
2023-04-27T00:00:00Z,11296.0,11296.0,False,False,False,
2023-04-27T01:00:00Z,11481.0,11481.0,False,False,False,
2023-04-27T02:00:00Z,11101.0,11101.0,False,False,False,
2023-04-27T03:00:00Z,10406.0,10406.0,False,False,False,
2023-04-27T04:00:00Z,9654.0,9654.0,False,False,False,
2023-04-27T05:00:00Z,9127.0,9127.0,False,False,False,
2023-04-27T06:00:00Z,8873.0,8873.0,False,False,False,
2023-04-27T07:00:00Z,8717.0,8717.0,False,False,False,
2023-04-27T08:00:00Z,8651.0,8651.0,False,False,False,
2023-04-27T09:00:00Z,8815.0,8815.0,False,False,False,
2023-04-27T10:00:00Z,9444.0,9444.0,False,False,False,
2023-04-27T11:00:00Z,10459.0,10459.0,False,False,False,
2023-04-27T12:00:00Z,11032.0,11032.0,False,False,False,
2023-04-27T13:00:00Z,11197.0,11197.0,False,False,False,
2023-04-27T14:00:00Z,11297.0,11297.0,False,False,False,
2023-04-27T15:00:00Z,11366.0,11366.0,False,False,False,
2023-04-27T16:00:00Z,11396.0,11396.0,False,False,False,
2023-04-27T17:00:00Z,11379.0,11379.0,False,False,False,
2023-04-27T18:00:00Z,11392.0,11392.0,False,False,False,
2023-04-27T19:00:00Z,11324.0,11324.0,False,False,False,
2023-04-27T20:00:00Z,11284.0,11284.0,False,False,False,
2023-04-27T21:00:00Z,11335.0,11335.0,False,False,False,
2023-04-27T22:00:00Z,11455.0,11455.0,False,False,False,
2023-04-27T23:00:00Z,11457.0,11457.0,False,False,False,
2023-04-28T00:00:00Z,11487.0,11487.0,False,False,False,
2023-04-28T01:00:00Z,11489.0,11489.0,False,False,False,
2023-04-28T02:00:00Z,11086.0,11086.0,False,False,False,
2023-04-28T03:00:00Z,10384.0,10384.0,False,False,False,
2023-04-28T04:00:00Z,9703.0,9703.0,False,False,False,
2023-04-28T05:00:00Z,9184.0,9184.0,False,False,False,
2023-04-28T06:00:00Z,8843.0,8843.0,False,False,False,
2023-04-28T07:00:00Z,8634.0,8634.0,False,False,False,
2023-04-28T08:00:00Z,8575.0,8575.0,False,False,False,
2023-04-28T09:00:00Z,8709.0,8709.0,False,False,False,
2023-04-28T10:00:00Z,9191.0,9191.0,False,False,False,
2023-04-28T11:00:00Z,10109.0,10109.0,False,False,False,
2023-04-28T12:00:00Z,10584.0,10584.0,False,False,False,
2023-04-28T13:00:00Z,10737.0,10737.0,False,False,False,
2023-04-28T14:00:00Z,10821.0,10821.0,False,False,False,
2023-04-28T15:00:00Z,10923.0,10923.0,False,False,False,
2023-04-28T16:00:00Z,10973.0,10973.0,False,False,False,
2023-04-28T17:00:00Z,11033.0,11033.0,False,False,False,
2023-04-28T18:00:00Z,11148.0,11148.0,False,False,False,
2023-04-28T19:00:00Z,11217.0,11217.0,False,False,False,
2023-04-28T20:00:00Z,11423.0,11423.0,False,False,False,
2023-04-28T21:00:00Z,11681.0,11681.0,False,False,False,
2023-04-28T22:00:00Z,11850.0,11850.0,False,False,False,
2023-04-28T23:00:00Z,11732.0,11732.0,False,False,False,
2023-04-29T00:00:00Z,11481.0,11481.0,False,False,False,
2023-04-29T01:00:00Z,11432.0,11432.0,False,False,False,
2023-04-29T02:00:00Z,11082.0,11082.0,False,False,False,
2023-04-29T03:00:00Z,10434.0,10434.0,False,False,False,
2023-04-29T04:00:00Z,9674.0,9674.0,False,False,False,
2023-04-29T05:00:00Z,9012.0,9012.0,False,False,False,
2023-04-29T06:00:00Z,8543.0,8543.0,False,False,False,
2023-04-29T07:00:00Z,8262.0,8262.0,False,False,False,
2023-04-29T08:00:00Z,8100.0,8100.0,False,False,False,
2023-04-29T09:00:00Z,8090.0,8090.0,False,False,False,
2023-04-29T10:00:00Z,8231.0,8231.0,False,False,False,
2023-04-29T11:00:00Z,8486.0,8486.0,False,False,False,
2023-04-29T12:00:00Z,8831.0,8831.0,False,False,False,
2023-04-29T13:00:00Z,9359.0,9359.0,False,False,False,
2023-04-29T14:00:00Z,9703.0,9703.0,False,False,False,
2023-04-29T15:00:00Z,9877.0,9877.0,False,False,False,
2023-04-29T16:00:00Z,9963.0,9963.0,False,False,False,
2023-04-29T17:00:00Z,10062.0,10062.0,False,False,False,
2023-04-29T18:00:00Z,10241.0,10241.0,False,False,False,
2023-04-29T19:00:00Z,10489.0,10489.0,False,False,False,
2023-04-29T20:00:00Z,10741.0,10741.0,False,False,False,
2023-04-29T21:00:00Z,10955.0,10955.0,False,False,False,
2023-04-29T22:00:00Z,11023.0,11023.0,False,False,False,
2023-04-29T23:00:00Z,10941.0,10941.0,False,False,False,
2023-04-30T00:00:00Z,10788.0,10788.0,False,False,False,
2023-04-30T01:00:00Z,10898.0,10898.0,False,False,False,
2023-04-30T02:00:00Z,10586.0,10586.0,False,False,False,
2023-04-30T03:00:00Z,10049.0,10049.0,False,False,False,
2023-04-30T04:00:00Z,9424.0,9424.0,False,False,False,
2023-04-30T05:00:00Z,8837.0,8837.0,False,False,False,
2023-04-30T06:00:00Z,8398.0,8398.0,False,False,False,
2023-04-30T07:00:00Z,8128.0,8128.0,False,False,False,
2023-04-30T08:00:00Z,7960.0,7960.0,False,False,False,
2023-04-30T09:00:00Z,7880.0,7880.0,False,False,False,
2023-04-30T10:00:00Z,7934.0,7934.0,False,False,False,
2023-04-30T11:00:00Z,8103.0,8103.0,False,False,False,
2023-04-30T12:00:00Z,8400.0,8400.0,False,False,False,
2023-04-30T13:00:00Z,9033.0,9033.0,False,False,False,
2023-04-30T14:00:00Z,9499.0,9499.0,False,False,False,
2023-04-30T15:00:00Z,9739.0,9739.0,False,False,False,
2023-04-30T16:00:00Z,9892.0,9892.0,False,False,False,
2023-04-30T17:00:00Z,10027.0,10027.0,False,False,False,
2023-04-30T18:00:00Z,10077.0,10077.0,False,False,False,
2023-04-30T19:00:00Z,10074.0,10074.0,False,False,False,
2023-04-30T20:00:00Z,10183.0,10183.0,False,False,False,
2023-04-30T21:00:00Z,10395.0,10395.0,False,False,False,
2023-04-30T22:00:00Z,10693.0,10693.0,False,False,False,
2023-04-30T23:00:00Z,10833.0,10833.0,False,False,False,
2023-05-01T00:00:00Z,10748.0,10748.0,False,False,False,
2023-05-01T01:00:00Z,10851.0,10851.0,False,False,False,
2023-05-01T02:00:00Z,10546.0,10546.0,False,False,False,
2023-05-01T03:00:00Z,9796.0,9796.0,False,False,False,
2023-05-01T04:00:00Z,9082.0,9082.0,False,False,False,
2023-05-01T05:00:00Z,8560.0,8560.0,False,False,False,
2023-05-01T06:00:00Z,8304.0,8304.0,False,False,False,
2023-05-01T07:00:00Z,8200.0,8200.0,False,False,False,
2023-05-01T08:00:00Z,8257.0,8257.0,False,False,False,
2023-05-01T09:00:00Z,8569.0,8569.0,False,False,False,
2023-05-01T10:00:00Z,9320.0,9320.0,False,False,False,
2023-05-01T11:00:00Z,10510.0,10510.0,False,False,False,
2023-05-01T12:00:00Z,11213.0,11213.0,False,False,False,
2023-05-01T13:00:00Z,11219.0,11219.0,False,False,False,
2023-05-01T14:00:00Z,11027.0,11027.0,False,False,False,
2023-05-01T15:00:00Z,10954.0,10954.0,False,False,False,
2023-05-01T16:00:00Z,10833.0,10833.0,False,False,False,
2023-05-01T17:00:00Z,10764.0,10764.0,False,False,False,
2023-05-01T18:00:00Z,10711.0,10711.0,False,False,False,
2023-05-01T19:00:00Z,10602.0,10602.0,False,False,False,
2023-05-01T20:00:00Z,10572.0,10572.0,False,False,False,
2023-05-01T21:00:00Z,10712.0,10712.0,False,False,False,
2023-05-01T22:00:00Z,10838.0,10838.0,False,False,False,
2023-05-01T23:00:00Z,11003.0,11003.0,False,False,False,
2023-05-02T00:00:00Z,11062.0,11062.0,False,False,False,
2023-05-02T01:00:00Z,11318.0,11318.0,False,False,False,
2023-05-02T02:00:00Z,11049.0,11049.0,False,False,False,
2023-05-02T03:00:00Z,10342.0,10342.0,False,False,False,
2023-05-02T04:00:00Z,9607.0,9607.0,False,False,False,
2023-05-02T05:00:00Z,9148.0,9148.0,False,False,False,
2023-05-02T06:00:00Z,8893.0,8893.0,False,False,False,
2023-05-02T07:00:00Z,8796.0,8796.0,False,False,False,
2023-05-02T08:00:00Z,8818.0,8818.0,False,False,False,
2023-05-02T09:00:00Z,9062.0,9062.0,False,False,False,
2023-05-02T10:00:00Z,9749.0,9749.0,False,False,False,
2023-05-02T11:00:00Z,10852.0,10852.0,False,False,False,
2023-05-02T12:00:00Z,11387.0,11387.0,False,False,False,
2023-05-02T13:00:00Z,11260.0,11260.0,False,False,False,
2023-05-02T14:00:00Z,11016.0,11016.0,False,False,False,
2023-05-02T15:00:00Z,10861.0,10861.0,False,False,False,
2023-05-02T16:00:00Z,10723.0,10723.0,False,False,False,
2023-05-02T17:00:00Z,10630.0,10630.0,False,False,False,
2023-05-02T18:00:00Z,10615.0,10615.0,False,False,False,
2023-05-02T19:00:00Z,10567.0,10567.0,False,False,False,
2023-05-02T20:00:00Z,10713.0,10713.0,False,False,False,
2023-05-02T21:00:00Z,10829.0,10829.0,False,False,False,
2023-05-02T22:00:00Z,10845.0,10845.0,False,False,False,
2023-05-02T23:00:00Z,10900.0,10900.0,False,False,False,
2023-05-03T00:00:00Z,11014.0,11014.0,False,False,False,
2023-05-03T01:00:00Z,11278.0,11278.0,False,False,False,
2023-05-03T02:00:00Z,11071.0,11071.0,False,False,False,
2023-05-03T03:00:00Z,10313.0,10313.0,False,False,False,
2023-05-03T04:00:00Z,9612.0,9612.0,False,False,False,
2023-05-03T05:00:00Z,9126.0,9126.0,False,False,False,
2023-05-03T06:00:00Z,8914.0,8914.0,False,False,False,
2023-05-03T07:00:00Z,8821.0,8821.0,False,False,False,
2023-05-03T08:00:00Z,8879.0,8879.0,False,False,False,
2023-05-03T09:00:00Z,9194.0,9194.0,False,False,False,
2023-05-03T10:00:00Z,9898.0,9898.0,False,False,False,
2023-05-03T11:00:00Z,11026.0,11026.0,False,False,False,
2023-05-03T12:00:00Z,11539.0,11539.0,False,False,False,
2023-05-03T13:00:00Z,11518.0,11518.0,False,False,False,
2023-05-03T14:00:00Z,11244.0,11244.0,False,False,False,
2023-05-03T15:00:00Z,11002.0,11002.0,False,False,False,
2023-05-03T16:00:00Z,10878.0,10878.0,False,False,False,
2023-05-03T17:00:00Z,10799.0,10799.0,False,False,False,
2023-05-03T18:00:00Z,10717.0,10717.0,False,False,False,
2023-05-03T19:00:00Z,10605.0,10605.0,False,False,False,
2023-05-03T20:00:00Z,10579.0,10579.0,False,False,False,
2023-05-03T21:00:00Z,10696.0,10696.0,False,False,False,
2023-05-03T22:00:00Z,10848.0,10848.0,False,False,False,
2023-05-03T23:00:00Z,10992.0,10992.0,False,False,False,
2023-05-04T00:00:00Z,11045.0,11045.0,False,False,False,
2023-05-04T01:00:00Z,11287.0,11287.0,False,False,False,
2023-05-04T02:00:00Z,11105.0,11105.0,False,False,False,
2023-05-04T03:00:00Z,10359.0,10359.0,False,False,False,
2023-05-04T04:00:00Z,9678.0,9678.0,False,False,False,
2023-05-04T05:00:00Z,9214.0,9214.0,False,False,False,
2023-05-04T06:00:00Z,9034.0,9034.0,False,False,False,
2023-05-04T07:00:00Z,8991.0,8991.0,False,False,False,
2023-05-04T08:00:00Z,9112.0,9112.0,False,False,False,
2023-05-04T09:00:00Z,9402.0,9402.0,False,False,False,
2023-05-04T10:00:00Z,10193.0,10193.0,False,False,False,
2023-05-04T11:00:00Z,11375.0,11375.0,False,False,False,
2023-05-04T12:00:00Z,11898.0,11898.0,False,False,False,
2023-05-04T13:00:00Z,11624.0,11624.0,False,False,False,
2023-05-04T14:00:00Z,11245.0,11245.0,False,False,False,
2023-05-04T15:00:00Z,11019.0,11019.0,False,False,False,
2023-05-04T16:00:00Z,10760.0,10760.0,False,False,False,
2023-05-04T17:00:00Z,10654.0,10654.0,False,False,False,
2023-05-04T18:00:00Z,10650.0,10650.0,False,False,False,
2023-05-04T19:00:00Z,10667.0,10667.0,False,False,False,
2023-05-04T20:00:00Z,10784.0,10784.0,False,False,False,
2023-05-04T21:00:00Z,10977.0,10977.0,False,False,False,
2023-05-04T22:00:00Z,11138.0,11138.0,False,False,False,
2023-05-04T23:00:00Z,11244.0,11244.0,False,False,False,
2023-05-05T00:00:00Z,11198.0,11198.0,False,False,False,
2023-05-05T01:00:00Z,11358.0,11358.0,False,False,False,
2023-05-05T02:00:00Z,11066.0,11066.0,False,False,False,
2023-05-05T03:00:00Z,10298.0,10298.0,False,False,False,
2023-05-05T04:00:00Z,9512.0,9512.0,False,False,False,
2023-05-05T05:00:00Z,8963.0,8963.0,False,False,False,
2023-05-05T06:00:00Z,8670.0,8670.0,False,False,False,
2023-05-05T07:00:00Z,8546.0,8546.0,False,False,False,
2023-05-05T08:00:00Z,8545.0,8545.0,False,False,False,
2023-05-05T09:00:00Z,8820.0,8820.0,False,False,False,
2023-05-05T10:00:00Z,9456.0,9456.0,False,False,False,
2023-05-05T11:00:00Z,10443.0,10443.0,False,False,False,
2023-05-05T12:00:00Z,10957.0,10957.0,False,False,False,
2023-05-05T13:00:00Z,10996.0,10996.0,False,False,False,
2023-05-05T14:00:00Z,10836.0,10836.0,False,False,False,
2023-05-05T15:00:00Z,10688.0,10688.0,False,False,False,
2023-05-05T16:00:00Z,10558.0,10558.0,False,False,False,
2023-05-05T17:00:00Z,10515.0,10515.0,False,False,False,
2023-05-05T18:00:00Z,10553.0,10553.0,False,False,False,
2023-05-05T19:00:00Z,10647.0,10647.0,False,False,False,
2023-05-05T20:00:00Z,10744.0,10744.0,False,False,False,
2023-05-05T21:00:00Z,10972.0,10972.0,False,False,False,
2023-05-05T22:00:00Z,11080.0,11080.0,False,False,False,
2023-05-05T23:00:00Z,11010.0,11010.0,False,False,False,
2023-05-06T00:00:00Z,10825.0,10825.0,False,False,False,
2023-05-06T01:00:00Z,10855.0,10855.0,False,False,False,
2023-05-06T02:00:00Z,10623.0,10623.0,False,False,False,
2023-05-06T03:00:00Z,9976.0,9976.0,False,False,False,
2023-05-06T04:00:00Z,9284.0,9284.0,False,False,False,
2023-05-06T05:00:00Z,8713.0,8713.0,False,False,False,
2023-05-06T06:00:00Z,8301.0,8301.0,False,False,False,
2023-05-06T07:00:00Z,8167.0,8167.0,False,False,False,
2023-05-06T08:00:00Z,8083.0,8083.0,False,False,False,
2023-05-06T09:00:00Z,8103.0,8103.0,False,False,False,
2023-05-06T10:00:00Z,8303.0,8303.0,False,False,False,
2023-05-06T11:00:00Z,8581.0,8581.0,False,False,False,
2023-05-06T12:00:00Z,8981.0,8981.0,False,False,False,
2023-05-06T13:00:00Z,9393.0,9393.0,False,False,False,
2023-05-06T14:00:00Z,9627.0,9627.0,False,False,False,
2023-05-06T15:00:00Z,9852.0,9852.0,False,False,False,
2023-05-06T16:00:00Z,10047.0,10047.0,False,False,False,
2023-05-06T17:00:00Z,10200.0,10200.0,False,False,False,
2023-05-06T18:00:00Z,10380.0,10380.0,False,False,False,
2023-05-06T19:00:00Z,10628.0,10628.0,False,False,False,
2023-05-06T20:00:00Z,10896.0,10896.0,False,False,False,
2023-05-06T21:00:00Z,11206.0,11206.0,False,False,False,
2023-05-06T22:00:00Z,11457.0,11457.0,False,False,False,
2023-05-06T23:00:00Z,11477.0,11477.0,False,False,False,
2023-05-07T00:00:00Z,11191.0,11191.0,False,False,False,
2023-05-07T01:00:00Z,11001.0,11001.0,False,False,False,
2023-05-07T02:00:00Z,10646.0,10646.0,False,False,False,
2023-05-07T03:00:00Z,9997.0,9997.0,False,False,False,
2023-05-07T04:00:00Z,9280.0,9280.0,False,False,False,
2023-05-07T05:00:00Z,8630.0,8630.0,False,False,False,
2023-05-07T06:00:00Z,8179.0,8179.0,False,False,False,
2023-05-07T07:00:00Z,7939.0,7939.0,False,False,False,
2023-05-07T08:00:00Z,7787.0,7787.0,False,False,False,
2023-05-07T09:00:00Z,7778.0,7778.0,False,False,False,
2023-05-07T10:00:00Z,7885.0,7885.0,False,False,False,
2023-05-07T11:00:00Z,8014.0,8014.0,False,False,False,
2023-05-07T12:00:00Z,8419.0,8419.0,False,False,False,
2023-05-07T13:00:00Z,8996.0,8996.0,False,False,False,
2023-05-07T14:00:00Z,9441.0,9441.0,False,False,False,
2023-05-07T15:00:00Z,9748.0,9748.0,False,False,False,
2023-05-07T16:00:00Z,10135.0,10135.0,False,False,False,
2023-05-07T17:00:00Z,10631.0,10631.0,False,False,False,
2023-05-07T18:00:00Z,11107.0,11107.0,False,False,False,
2023-05-07T19:00:00Z,11500.0,11500.0,False,False,False,
2023-05-07T20:00:00Z,11879.0,11879.0,False,False,False,
2023-05-07T21:00:00Z,12152.0,12152.0,False,False,False,
2023-05-07T22:00:00Z,12383.0,12383.0,False,False,False,
2023-05-07T23:00:00Z,12350.0,12350.0,False,False,False,
2023-05-08T00:00:00Z,12201.0,12201.0,False,False,False,
2023-05-08T01:00:00Z,12274.0,12274.0,False,False,False,
2023-05-08T02:00:00Z,11852.0,11852.0,False,False,False,
2023-05-08T03:00:00Z,10958.0,10958.0,False,False,False,
2023-05-08T04:00:00Z,10029.0,10029.0,False,False,False,
2023-05-08T05:00:00Z,9320.0,9320.0,False,False,False,
2023-05-08T06:00:00Z,8824.0,8824.0,False,False,False,
2023-05-08T07:00:00Z,8545.0,8545.0,False,False,False,
2023-05-08T08:00:00Z,8421.0,8421.0,False,False,False,
2023-05-08T09:00:00Z,8562.0,8562.0,False,False,False,
2023-05-08T10:00:00Z,9110.0,9110.0,False,False,False,
2023-05-08T11:00:00Z,10020.0,10020.0,False,False,False,
2023-05-08T12:00:00Z,10614.0,10614.0,False,False,False,
2023-05-08T13:00:00Z,10897.0,10897.0,False,False,False,
2023-05-08T14:00:00Z,11169.0,11169.0,False,False,False,
2023-05-08T15:00:00Z,11489.0,11489.0,False,False,False,
2023-05-08T16:00:00Z,11764.0,11764.0,False,False,False,
2023-05-08T17:00:00Z,12225.0,12225.0,False,False,False,
2023-05-08T18:00:00Z,12736.0,12736.0,False,False,False,
2023-05-08T19:00:00Z,13269.0,13269.0,False,False,False,
2023-05-08T20:00:00Z,13825.0,13825.0,False,False,False,
2023-05-08T21:00:00Z,14276.0,14276.0,False,False,False,
2023-05-08T22:00:00Z,14544.0,14544.0,False,False,False,
2023-05-08T23:00:00Z,14625.0,14625.0,False,False,False,
2023-05-09T00:00:00Z,14272.0,14272.0,False,False,False,
2023-05-09T01:00:00Z,13926.0,13926.0,False,False,False,
2023-05-09T02:00:00Z,13302.0,13302.0,False,False,False,
2023-05-09T03:00:00Z,12189.0,12189.0,False,False,False,
2023-05-09T04:00:00Z,11015.0,11015.0,False,False,False,
2023-05-09T05:00:00Z,10135.0,10135.0,False,False,False,
2023-05-09T06:00:00Z,9537.0,9537.0,False,False,False,
2023-05-09T07:00:00Z,9126.0,9126.0,False,False,False,
2023-05-09T08:00:00Z,8870.0,8870.0,False,False,False,
2023-05-09T09:00:00Z,8920.0,8920.0,False,False,False,
2023-05-09T10:00:00Z,9418.0,9418.0,False,False,False,
2023-05-09T11:00:00Z,10226.0,10226.0,False,False,False,
2023-05-09T12:00:00Z,10886.0,10886.0,False,False,False,
2023-05-09T13:00:00Z,11282.0,11282.0,False,False,False,
2023-05-09T14:00:00Z,11593.0,11593.0,False,False,False,
2023-05-09T15:00:00Z,11984.0,11984.0,False,False,False,
2023-05-09T16:00:00Z,12513.0,12513.0,False,False,False,
2023-05-09T17:00:00Z,13281.0,13281.0,False,False,False,
2023-05-09T18:00:00Z,14116.0,14116.0,False,False,False,
2023-05-09T19:00:00Z,14764.0,14764.0,False,False,False,
2023-05-09T20:00:00Z,15308.0,15308.0,False,False,False,
2023-05-09T21:00:00Z,15770.0,15770.0,False,False,False,
2023-05-09T22:00:00Z,15858.0,15858.0,False,False,False,
2023-05-09T23:00:00Z,15582.0,15582.0,False,False,False,
2023-05-10T00:00:00Z,15014.0,15014.0,False,False,False,
2023-05-10T01:00:00Z,14442.0,14442.0,False,False,False,
2023-05-10T02:00:00Z,13748.0,13748.0,False,False,False,
2023-05-10T03:00:00Z,12477.0,12477.0,False,False,False,
2023-05-10T04:00:00Z,11182.0,11182.0,False,False,False,
2023-05-10T05:00:00Z,10205.0,10205.0,False,False,False,
2023-05-10T06:00:00Z,9552.0,9552.0,False,False,False,
2023-05-10T07:00:00Z,9102.0,9102.0,False,False,False,
2023-05-10T08:00:00Z,8844.0,8844.0,False,False,False,
2023-05-10T09:00:00Z,8856.0,8856.0,False,False,False,
2023-05-10T10:00:00Z,9320.0,9320.0,False,False,False,
2023-05-10T11:00:00Z,10140.0,10140.0,False,False,False,
2023-05-10T12:00:00Z,10649.0,10649.0,False,False,False,
2023-05-10T13:00:00Z,10913.0,10913.0,False,False,False,
2023-05-10T14:00:00Z,11186.0,11186.0,False,False,False,
2023-05-10T15:00:00Z,11556.0,11556.0,False,False,False,
2023-05-10T16:00:00Z,11918.0,11918.0,False,False,False,
2023-05-10T17:00:00Z,12306.0,12306.0,False,False,False,
2023-05-10T18:00:00Z,12778.0,12778.0,False,False,False,
2023-05-10T19:00:00Z,13203.0,13203.0,False,False,False,
2023-05-10T20:00:00Z,13640.0,13640.0,False,False,False,
2023-05-10T21:00:00Z,14071.0,14071.0,False,False,False,
2023-05-10T22:00:00Z,14258.0,14258.0,False,False,False,
2023-05-10T23:00:00Z,14124.0,14124.0,False,False,False,
2023-05-11T00:00:00Z,13573.0,13573.0,False,False,False,
2023-05-11T01:00:00Z,13105.0,13105.0,False,False,False,
2023-05-11T02:00:00Z,12499.0,12499.0,False,False,False,
2023-05-11T03:00:00Z,11381.0,11381.0,False,False,False,
2023-05-11T04:00:00Z,10261.0,10261.0,False,False,False,
2023-05-11T05:00:00Z,9457.0,9457.0,False,False,False,
2023-05-11T06:00:00Z,8952.0,8952.0,False,False,False,
2023-05-11T07:00:00Z,8659.0,8659.0,False,False,False,
2023-05-11T08:00:00Z,8507.0,8507.0,False,False,False,
2023-05-11T09:00:00Z,8595.0,8595.0,False,False,False,
2023-05-11T10:00:00Z,9068.0,9068.0,False,False,False,
2023-05-11T11:00:00Z,9888.0,9888.0,False,False,False,
2023-05-11T12:00:00Z,10499.0,10499.0,False,False,False,
2023-05-11T13:00:00Z,10780.0,10780.0,False,False,False,
2023-05-11T14:00:00Z,11063.0,11063.0,False,False,False,
2023-05-11T15:00:00Z,11432.0,11432.0,False,False,False,
2023-05-11T16:00:00Z,11818.0,11818.0,False,False,False,
2023-05-11T17:00:00Z,12293.0,12293.0,False,False,False,
2023-05-11T18:00:00Z,12825.0,12825.0,False,False,False,
2023-05-11T19:00:00Z,13324.0,13324.0,False,False,False,
2023-05-11T20:00:00Z,13824.0,13824.0,False,False,False,
2023-05-11T21:00:00Z,14252.0,14252.0,False,False,False,
2023-05-11T22:00:00Z,14419.0,14419.0,False,False,False,
2023-05-11T23:00:00Z,14216.0,14216.0,False,False,False,
2023-05-12T00:00:00Z,13754.0,13754.0,False,False,False,
2023-05-12T01:00:00Z,13422.0,13422.0,False,False,False,
2023-05-12T02:00:00Z,12790.0,12790.0,False,False,False,
2023-05-12T03:00:00Z,11639.0,11639.0,False,False,False,
2023-05-12T04:00:00Z,10533.0,10533.0,False,False,False,
2023-05-12T05:00:00Z,9693.0,9693.0,False,False,False,
2023-05-12T06:00:00Z,9189.0,9189.0,False,False,False,
2023-05-12T07:00:00Z,8864.0,8864.0,False,False,False,
2023-05-12T08:00:00Z,8670.0,8670.0,False,False,False,
2023-05-12T09:00:00Z,8731.0,8731.0,False,False,False,
2023-05-12T10:00:00Z,9180.0,9180.0,False,False,False,
2023-05-12T11:00:00Z,9979.0,9979.0,False,False,False,
2023-05-12T12:00:00Z,10565.0,10565.0,False,False,False,
2023-05-12T13:00:00Z,10911.0,10911.0,False,False,False,
2023-05-12T14:00:00Z,11271.0,11271.0,False,False,False,
2023-05-12T15:00:00Z,11728.0,11728.0,False,False,False,
2023-05-12T16:00:00Z,12257.0,12257.0,False,False,False,
2023-05-12T17:00:00Z,12757.0,12757.0,False,False,False,
2023-05-12T18:00:00Z,13285.0,13285.0,False,False,False,
2023-05-12T19:00:00Z,13638.0,13638.0,False,False,False,
2023-05-12T20:00:00Z,14007.0,14007.0,False,False,False,
2023-05-12T21:00:00Z,14386.0,14386.0,False,False,False,
2023-05-12T22:00:00Z,14416.0,14416.0,False,False,False,
2023-05-12T23:00:00Z,13980.0,13980.0,False,False,False,
2023-05-13T00:00:00Z,13463.0,13463.0,False,False,False,
2023-05-13T01:00:00Z,13145.0,13145.0,False,False,False,
2023-05-13T02:00:00Z,12695.0,12695.0,False,False,False,
2023-05-13T03:00:00Z,11827.0,11827.0,False,False,False,
2023-05-13T04:00:00Z,10907.0,10907.0,False,False,False,
2023-05-13T05:00:00Z,10043.0,10043.0,False,False,False,
2023-05-13T06:00:00Z,9461.0,9461.0,False,False,False,
2023-05-13T07:00:00Z,9078.0,9078.0,False,False,False,
2023-05-13T08:00:00Z,8821.0,8821.0,False,False,False,
2023-05-13T09:00:00Z,8755.0,8755.0,False,False,False,
2023-05-13T10:00:00Z,8833.0,8833.0,False,False,False,
2023-05-13T11:00:00Z,8990.0,8990.0,False,False,False,
2023-05-13T12:00:00Z,9404.0,9404.0,False,False,False,
2023-05-13T13:00:00Z,10077.0,10077.0,False,False,False,
2023-05-13T14:00:00Z,10676.0,10676.0,False,False,False,
2023-05-13T15:00:00Z,11241.0,11241.0,False,False,False,
2023-05-13T16:00:00Z,11694.0,11694.0,False,False,False,
2023-05-13T17:00:00Z,12249.0,12249.0,False,False,False,
2023-05-13T18:00:00Z,12857.0,12857.0,False,False,False,
2023-05-13T19:00:00Z,13498.0,13498.0,False,False,False,
2023-05-13T20:00:00Z,14003.0,14003.0,False,False,False,
2023-05-13T21:00:00Z,14431.0,14431.0,False,False,False,
2023-05-13T22:00:00Z,14508.0,14508.0,False,False,False,
2023-05-13T23:00:00Z,14247.0,14247.0,False,False,False,
2023-05-14T00:00:00Z,13748.0,13748.0,False,False,False,
2023-05-14T01:00:00Z,13442.0,13442.0,False,False,False,
2023-05-14T02:00:00Z,12910.0,12910.0,False,False,False,
2023-05-14T03:00:00Z,12033.0,12033.0,False,False,False,
2023-05-14T04:00:00Z,11063.0,11063.0,False,False,False,
2023-05-14T05:00:00Z,10185.0,10185.0,False,False,False,
2023-05-14T06:00:00Z,9516.0,9516.0,False,False,False,
2023-05-14T07:00:00Z,9065.0,9065.0,False,False,False,
2023-05-14T08:00:00Z,8811.0,8811.0,False,False,False,
2023-05-14T09:00:00Z,8654.0,8654.0,False,False,False,
2023-05-14T10:00:00Z,8628.0,8628.0,False,False,False,
2023-05-14T11:00:00Z,8662.0,8662.0,False,False,False,
2023-05-14T12:00:00Z,9061.0,9061.0,False,False,False,
2023-05-14T13:00:00Z,9814.0,9814.0,False,False,False,
2023-05-14T14:00:00Z,10444.0,10444.0,False,False,False,
2023-05-14T15:00:00Z,10935.0,10935.0,False,False,False,
2023-05-14T16:00:00Z,11460.0,11460.0,False,False,False,
2023-05-14T17:00:00Z,11944.0,11944.0,False,False,False,
2023-05-14T18:00:00Z,12338.0,12338.0,False,False,False,
2023-05-14T19:00:00Z,12690.0,12690.0,False,False,False,
2023-05-14T20:00:00Z,12896.0,12896.0,False,False,False,
2023-05-14T21:00:00Z,13017.0,13017.0,False,False,False,
2023-05-14T22:00:00Z,13109.0,13109.0,False,False,False,
2023-05-14T23:00:00Z,13039.0,13039.0,False,False,False,
2023-05-15T00:00:00Z,12734.0,12734.0,False,False,False,
2023-05-15T01:00:00Z,12648.0,12648.0,False,False,False,
2023-05-15T02:00:00Z,12304.0,12304.0,False,False,False,
2023-05-15T03:00:00Z,11428.0,11428.0,False,False,False,
2023-05-15T04:00:00Z,10441.0,10441.0,False,False,False,
2023-05-15T05:00:00Z,9623.0,9623.0,False,False,False,
2023-05-15T06:00:00Z,9106.0,9106.0,False,False,False,
2023-05-15T07:00:00Z,8833.0,8833.0,False,False,False,
2023-05-15T08:00:00Z,8711.0,8711.0,False,False,False,
2023-05-15T09:00:00Z,8803.0,8803.0,False,False,False,
2023-05-15T10:00:00Z,9335.0,9335.0,False,False,False,
2023-05-15T11:00:00Z,10185.0,10185.0,False,False,False,
2023-05-15T12:00:00Z,10792.0,10792.0,False,False,False,
2023-05-15T13:00:00Z,11192.0,11192.0,False,False,False,
2023-05-15T14:00:00Z,11484.0,11484.0,False,False,False,
2023-05-15T15:00:00Z,11848.0,11848.0,False,False,False,
2023-05-15T16:00:00Z,12251.0,12251.0,False,False,False,
2023-05-15T17:00:00Z,12767.0,12767.0,False,False,False,
2023-05-15T18:00:00Z,13304.0,13304.0,False,False,False,
2023-05-15T19:00:00Z,13652.0,13652.0,False,False,False,
2023-05-15T20:00:00Z,13874.0,13874.0,False,False,False,
2023-05-15T21:00:00Z,13978.0,13978.0,False,False,False,
2023-05-15T22:00:00Z,13926.0,13926.0,False,False,False,
2023-05-15T23:00:00Z,13716.0,13716.0,False,False,False,
2023-05-16T00:00:00Z,13401.0,13401.0,False,False,False,
2023-05-16T01:00:00Z,13322.0,13322.0,False,False,False,
2023-05-16T02:00:00Z,12816.0,12816.0,False,False,False,
2023-05-16T03:00:00Z,11784.0,11784.0,False,False,False,
2023-05-16T04:00:00Z,10741.0,10741.0,False,False,False,
2023-05-16T05:00:00Z,9939.0,9939.0,False,False,False,
2023-05-16T06:00:00Z,9422.0,9422.0,False,False,False,
2023-05-16T07:00:00Z,9112.0,9112.0,False,False,False,
2023-05-16T08:00:00Z,8952.0,8952.0,False,False,False,
2023-05-16T09:00:00Z,9034.0,9034.0,False,False,False,
2023-05-16T10:00:00Z,9509.0,9509.0,False,False,False,
2023-05-16T11:00:00Z,10385.0,10385.0,False,False,False,
2023-05-16T12:00:00Z,10947.0,10947.0,False,False,False,
2023-05-16T13:00:00Z,11247.0,11247.0,False,False,False,
2023-05-16T14:00:00Z,11562.0,11562.0,False,False,False,
2023-05-16T15:00:00Z,12090.0,12090.0,False,False,False,
2023-05-16T16:00:00Z,12684.0,12684.0,False,False,False,
2023-05-16T17:00:00Z,13439.0,13439.0,False,False,False,
2023-05-16T18:00:00Z,14304.0,14304.0,False,False,False,
2023-05-16T19:00:00Z,15051.0,15051.0,False,False,False,
2023-05-16T20:00:00Z,15706.0,15706.0,False,False,False,
2023-05-16T21:00:00Z,16211.0,16211.0,False,False,False,
2023-05-16T22:00:00Z,16288.0,16288.0,False,False,False,
2023-05-16T23:00:00Z,15931.0,15931.0,False,False,False,
2023-05-17T00:00:00Z,15293.0,15293.0,False,False,False,
2023-05-17T01:00:00Z,14786.0,14786.0,False,False,False,
2023-05-17T02:00:00Z,13955.0,13955.0,False,False,False,
2023-05-17T03:00:00Z,12535.0,12535.0,False,False,False,
2023-05-17T04:00:00Z,11261.0,11261.0,False,False,False,
2023-05-17T05:00:00Z,10329.0,10329.0,False,False,False,
2023-05-17T06:00:00Z,9739.0,9739.0,False,False,False,
2023-05-17T07:00:00Z,9449.0,9449.0,False,False,False,
2023-05-17T08:00:00Z,9223.0,9223.0,False,False,False,
2023-05-17T09:00:00Z,9261.0,9261.0,False,False,False,
2023-05-17T10:00:00Z,9733.0,9733.0,False,False,False,
2023-05-17T11:00:00Z,10493.0,10493.0,False,False,False,
2023-05-17T12:00:00Z,11106.0,11106.0,False,False,False,
2023-05-17T13:00:00Z,11495.0,11495.0,False,False,False,
2023-05-17T14:00:00Z,11857.0,11857.0,False,False,False,
2023-05-17T15:00:00Z,12296.0,12296.0,False,False,False,
2023-05-17T16:00:00Z,12818.0,12818.0,False,False,False,
2023-05-17T17:00:00Z,13292.0,13292.0,False,False,False,
2023-05-17T18:00:00Z,13779.0,13779.0,False,False,False,
2023-05-17T19:00:00Z,14165.0,14165.0,False,False,False,
2023-05-17T20:00:00Z,14606.0,14606.0,False,False,False,
2023-05-17T21:00:00Z,15021.0,15021.0,False,False,False,
2023-05-17T22:00:00Z,15138.0,15138.0,False,False,False,
2023-05-17T23:00:00Z,14818.0,14818.0,False,False,False,
2023-05-18T00:00:00Z,14165.0,14165.0,False,False,False,
2023-05-18T01:00:00Z,13620.0,13620.0,False,False,False,
2023-05-18T02:00:00Z,13075.0,13075.0,False,False,False,
2023-05-18T03:00:00Z,11942.0,11942.0,False,False,False,
2023-05-18T04:00:00Z,10814.0,10814.0,False,False,False,
2023-05-18T05:00:00Z,9928.0,9928.0,False,False,False,
2023-05-18T06:00:00Z,9308.0,9308.0,False,False,False,
2023-05-18T07:00:00Z,8966.0,8966.0,False,False,False,
2023-05-18T08:00:00Z,8782.0,8782.0,False,False,False,
2023-05-18T09:00:00Z,8824.0,8824.0,False,False,False,
2023-05-18T10:00:00Z,9300.0,9300.0,False,False,False,
2023-05-18T11:00:00Z,9929.0,9929.0,False,False,False,
2023-05-18T12:00:00Z,10637.0,10637.0,False,False,False,
2023-05-18T13:00:00Z,10921.0,10921.0,False,False,False,
2023-05-18T14:00:00Z,11092.0,11092.0,False,False,False,
2023-05-18T15:00:00Z,11342.0,11342.0,False,False,False,
2023-05-18T16:00:00Z,11510.0,11510.0,False,False,False,
2023-05-18T17:00:00Z,11681.0,11681.0,False,False,False,
2023-05-18T18:00:00Z,11837.0,11837.0,False,False,False,
2023-05-18T19:00:00Z,11842.0,11842.0,False,False,False,
2023-05-18T20:00:00Z,11808.0,11808.0,False,False,False,
2023-05-18T21:00:00Z,11795.0,11795.0,False,False,False,
2023-05-18T22:00:00Z,11713.0,11713.0,False,False,False,
2023-05-18T23:00:00Z,11623.0,11623.0,False,False,False,
2023-05-19T00:00:00Z,11488.0,11488.0,False,False,False,
2023-05-19T01:00:00Z,11566.0,11566.0,False,False,False,
2023-05-19T02:00:00Z,11280.0,11280.0,False,False,False,
2023-05-19T03:00:00Z,10538.0,10538.0,False,False,False,
2023-05-19T04:00:00Z,9720.0,9720.0,False,False,False,
2023-05-19T05:00:00Z,9079.0,9079.0,False,False,False,
2023-05-19T06:00:00Z,8681.0,8681.0,False,False,False,
2023-05-19T07:00:00Z,8471.0,8471.0,False,False,False,
2023-05-19T08:00:00Z,8355.0,8355.0,False,False,False,
2023-05-19T09:00:00Z,8465.0,8465.0,False,False,False,
2023-05-19T10:00:00Z,8908.0,8908.0,False,False,False,
2023-05-19T11:00:00Z,9727.0,9727.0,False,False,False,
2023-05-19T12:00:00Z,10204.0,10204.0,False,False,False,
2023-05-19T13:00:00Z,10485.0,10485.0,False,False,False,
2023-05-19T14:00:00Z,10676.0,10676.0,False,False,False,
2023-05-19T15:00:00Z,10824.0,10824.0,False,False,False,
2023-05-19T16:00:00Z,10950.0,10950.0,False,False,False,
2023-05-19T17:00:00Z,11082.0,11082.0,False,False,False,
2023-05-19T18:00:00Z,11201.0,11201.0,False,False,False,
2023-05-19T19:00:00Z,11284.0,11284.0,False,False,False,
2023-05-19T20:00:00Z,11364.0,11364.0,False,False,False,
2023-05-19T21:00:00Z,11412.0,11412.0,False,False,False,
2023-05-19T22:00:00Z,11425.0,11425.0,False,False,False,
2023-05-19T23:00:00Z,11309.0,11309.0,False,False,False,
2023-05-20T00:00:00Z,11193.0,11193.0,False,False,False,
2023-05-20T01:00:00Z,11206.0,11206.0,False,False,False,
2023-05-20T02:00:00Z,11061.0,11061.0,False,False,False,
2023-05-20T03:00:00Z,10466.0,10466.0,False,False,False,
2023-05-20T04:00:00Z,9742.0,9742.0,False,False,False,
2023-05-20T05:00:00Z,9088.0,9088.0,False,False,False,
2023-05-20T06:00:00Z,8656.0,8656.0,False,False,False,
2023-05-20T07:00:00Z,8413.0,8413.0,False,False,False,
2023-05-20T08:00:00Z,8273.0,8273.0,False,False,False,
2023-05-20T09:00:00Z,8252.0,8252.0,False,False,False,
2023-05-20T10:00:00Z,8372.0,8372.0,False,False,False,
2023-05-20T11:00:00Z,8550.0,8550.0,False,False,False,
2023-05-20T12:00:00Z,8961.0,8961.0,False,False,False,
2023-05-20T13:00:00Z,9531.0,9531.0,False,False,False,
2023-05-20T14:00:00Z,9993.0,9993.0,False,False,False,
2023-05-20T15:00:00Z,10352.0,10352.0,False,False,False,
2023-05-20T16:00:00Z,10611.0,10611.0,False,False,False,
2023-05-20T17:00:00Z,10814.0,10814.0,False,False,False,
2023-05-20T18:00:00Z,10971.0,10971.0,False,False,False,
2023-05-20T19:00:00Z,11171.0,11171.0,False,False,False,
2023-05-20T20:00:00Z,11435.0,11435.0,False,False,False,
2023-05-20T21:00:00Z,11751.0,11751.0,False,False,False,
2023-05-20T22:00:00Z,11920.0,11920.0,False,False,False,
2023-05-20T23:00:00Z,11810.0,11810.0,False,False,False,
2023-05-21T00:00:00Z,11619.0,11619.0,False,False,False,
2023-05-21T01:00:00Z,11545.0,11545.0,False,False,False,
2023-05-21T02:00:00Z,11300.0,11300.0,False,False,False,
2023-05-21T03:00:00Z,10716.0,10716.0,False,False,False,
2023-05-21T04:00:00Z,10016.0,10016.0,False,False,False,
2023-05-21T05:00:00Z,9334.0,9334.0,False,False,False,
2023-05-21T06:00:00Z,8821.0,8821.0,False,False,False,
2023-05-21T07:00:00Z,8510.0,8510.0,False,False,False,
2023-05-21T08:00:00Z,8338.0,8338.0,False,False,False,
2023-05-21T09:00:00Z,8263.0,8263.0,False,False,False,
2023-05-21T10:00:00Z,8290.0,8290.0,False,False,False,
2023-05-21T11:00:00Z,8325.0,8325.0,False,False,False,
2023-05-21T12:00:00Z,8679.0,8679.0,False,False,False,
2023-05-21T13:00:00Z,9285.0,9285.0,False,False,False,
2023-05-21T14:00:00Z,9753.0,9753.0,False,False,False,
2023-05-21T15:00:00Z,10124.0,10124.0,False,False,False,
2023-05-21T16:00:00Z,10501.0,10501.0,False,False,False,
2023-05-21T17:00:00Z,10981.0,10981.0,False,False,False,
2023-05-21T18:00:00Z,11453.0,11453.0,False,False,False,
2023-05-21T19:00:00Z,11919.0,11919.0,False,False,False,
2023-05-21T20:00:00Z,12424.0,12424.0,False,False,False,
2023-05-21T21:00:00Z,12951.0,12951.0,False,False,False,
2023-05-21T22:00:00Z,13274.0,13274.0,False,False,False,
2023-05-21T23:00:00Z,13255.0,13255.0,False,False,False,
2023-05-22T00:00:00Z,12857.0,12857.0,False,False,False,
2023-05-22T01:00:00Z,12444.0,12444.0,False,False,False,
2023-05-22T02:00:00Z,12006.0,12006.0,False,False,False,
2023-05-22T03:00:00Z,10942.0,10942.0,False,False,False,
2023-05-22T04:00:00Z,9926.0,9926.0,False,False,False,
2023-05-22T05:00:00Z,9119.0,9119.0,False,False,False,
2023-05-22T06:00:00Z,8609.0,8609.0,False,False,False,
2023-05-22T07:00:00Z,8311.0,8311.0,False,False,False,
2023-05-22T08:00:00Z,8198.0,8198.0,False,False,False,
2023-05-22T09:00:00Z,8302.0,8302.0,False,False,False,
2023-05-22T10:00:00Z,8821.0,8821.0,False,False,False,
2023-05-22T11:00:00Z,9656.0,9656.0,False,False,False,
2023-05-22T12:00:00Z,10270.0,10270.0,False,False,False,
2023-05-22T13:00:00Z,10650.0,10650.0,False,False,False,
2023-05-22T14:00:00Z,10990.0,10990.0,False,False,False,
2023-05-22T15:00:00Z,11400.0,11400.0,False,False,False,
2023-05-22T16:00:00Z,11801.0,11801.0,False,False,False,
2023-05-22T17:00:00Z,12187.0,12187.0,False,False,False,
2023-05-22T18:00:00Z,12671.0,12671.0,False,False,False,
2023-05-22T19:00:00Z,13106.0,13106.0,False,False,False,
2023-05-22T20:00:00Z,13539.0,13539.0,False,False,False,
2023-05-22T21:00:00Z,13907.0,13907.0,False,False,False,
2023-05-22T22:00:00Z,13995.0,13995.0,False,False,False,
2023-05-22T23:00:00Z,13823.0,13823.0,False,False,False,
2023-05-23T00:00:00Z,13358.0,13358.0,False,False,False,
2023-05-23T01:00:00Z,13031.0,13031.0,False,False,False,
2023-05-23T02:00:00Z,12508.0,12508.0,False,False,False,
2023-05-23T03:00:00Z,11416.0,11416.0,False,False,False,
2023-05-23T04:00:00Z,10380.0,10380.0,False,False,False,
2023-05-23T05:00:00Z,9595.0,9595.0,False,False,False,
2023-05-23T06:00:00Z,9084.0,9084.0,False,False,False,
2023-05-23T07:00:00Z,8766.0,8766.0,False,False,False,
2023-05-23T08:00:00Z,8601.0,8601.0,False,False,False,
2023-05-23T09:00:00Z,8674.0,8674.0,False,False,False,
2023-05-23T10:00:00Z,9151.0,9151.0,False,False,False,
2023-05-23T11:00:00Z,9949.0,9949.0,False,False,False,
2023-05-23T12:00:00Z,10488.0,10488.0,False,False,False,
2023-05-23T13:00:00Z,10756.0,10756.0,False,False,False,
2023-05-23T14:00:00Z,10932.0,10932.0,False,False,False,
2023-05-23T15:00:00Z,11185.0,11185.0,False,False,False,
2023-05-23T16:00:00Z,11472.0,11472.0,False,False,False,
2023-05-23T17:00:00Z,11784.0,11784.0,False,False,False,
2023-05-23T18:00:00Z,12152.0,12152.0,False,False,False,
2023-05-23T19:00:00Z,12376.0,12376.0,False,False,False,
2023-05-23T20:00:00Z,12637.0,12637.0,False,False,False,
2023-05-23T21:00:00Z,12860.0,12860.0,False,False,False,
2023-05-23T22:00:00Z,12964.0,12964.0,False,False,False,
2023-05-23T23:00:00Z,12793.0,12793.0,False,False,False,
2023-05-24T00:00:00Z,12538.0,12538.0,False,False,False,
2023-05-24T01:00:00Z,12319.0,12319.0,False,False,False,
2023-05-24T02:00:00Z,11972.0,11972.0,False,False,False,
2023-05-24T03:00:00Z,11044.0,11044.0,False,False,False,
2023-05-24T04:00:00Z,10000.0,10000.0,False,False,False,
2023-05-24T05:00:00Z,9264.0,9264.0,False,False,False,
2023-05-24T06:00:00Z,8803.0,8803.0,False,False,False,
2023-05-24T07:00:00Z,8525.0,8525.0,False,False,False,
2023-05-24T08:00:00Z,8410.0,8410.0,False,False,False,
2023-05-24T09:00:00Z,8509.0,8509.0,False,False,False,
2023-05-24T10:00:00Z,8978.0,8978.0,False,False,False,
2023-05-24T11:00:00Z,9798.0,9798.0,False,False,False,
2023-05-24T12:00:00Z,10351.0,10351.0,False,False,False,
2023-05-24T13:00:00Z,10582.0,10582.0,False,False,False,
2023-05-24T14:00:00Z,10734.0,10734.0,False,False,False,
2023-05-24T15:00:00Z,10963.0,10963.0,False,False,False,
2023-05-24T16:00:00Z,11211.0,11211.0,False,False,False,
2023-05-24T17:00:00Z,11489.0,11489.0,False,False,False,
2023-05-24T18:00:00Z,11834.0,11834.0,False,False,False,
2023-05-24T19:00:00Z,12165.0,12165.0,False,False,False,
2023-05-24T20:00:00Z,12595.0,12595.0,False,False,False,
2023-05-24T21:00:00Z,13049.0,13049.0,False,False,False,
2023-05-24T22:00:00Z,13345.0,13345.0,False,False,False,
2023-05-24T23:00:00Z,13262.0,13262.0,False,False,False,
2023-05-25T00:00:00Z,12834.0,12834.0,False,False,False,
2023-05-25T01:00:00Z,12407.0,12407.0,False,False,False,
2023-05-25T02:00:00Z,11954.0,11954.0,False,False,False,
2023-05-25T03:00:00Z,10926.0,10926.0,False,False,False,
2023-05-25T04:00:00Z,9912.0,9912.0,False,False,False,
2023-05-25T05:00:00Z,9154.0,9154.0,False,False,False,
2023-05-25T06:00:00Z,8698.0,8698.0,False,False,False,
2023-05-25T07:00:00Z,8464.0,8464.0,False,False,False,
2023-05-25T08:00:00Z,8394.0,8394.0,False,False,False,
2023-05-25T09:00:00Z,8501.0,8501.0,False,False,False,
2023-05-25T10:00:00Z,9016.0,9016.0,False,False,False,
2023-05-25T11:00:00Z,9824.0,9824.0,False,False,False,
2023-05-25T12:00:00Z,10404.0,10404.0,False,False,False,
2023-05-25T13:00:00Z,10653.0,10653.0,False,False,False,
2023-05-25T14:00:00Z,10766.0,10766.0,False,False,False,
2023-05-25T15:00:00Z,11072.0,11072.0,False,False,False,
2023-05-25T16:00:00Z,11364.0,11364.0,False,False,False,
2023-05-25T17:00:00Z,11694.0,11694.0,False,False,False,
2023-05-25T18:00:00Z,12084.0,12084.0,False,False,False,
2023-05-25T19:00:00Z,12427.0,12427.0,False,False,False,
2023-05-25T20:00:00Z,12727.0,12727.0,False,False,False,
2023-05-25T21:00:00Z,12984.0,12984.0,False,False,False,
2023-05-25T22:00:00Z,12953.0,12953.0,False,False,False,
2023-05-25T23:00:00Z,12789.0,12789.0,False,False,False,
2023-05-26T00:00:00Z,12488.0,12488.0,False,False,False,
2023-05-26T01:00:00Z,12288.0,12288.0,False,False,False,
2023-05-26T02:00:00Z,11988.0,11988.0,False,False,False,
2023-05-26T03:00:00Z,11076.0,11076.0,False,False,False,
2023-05-26T04:00:00Z,10103.0,10103.0,False,False,False,
2023-05-26T05:00:00Z,9367.0,9367.0,False,False,False,
2023-05-26T06:00:00Z,8831.0,8831.0,False,False,False,
2023-05-26T07:00:00Z,8550.0,8550.0,False,False,False,
2023-05-26T08:00:00Z,8401.0,8401.0,False,False,False,
2023-05-26T09:00:00Z,8431.0,8431.0,False,False,False,
2023-05-26T10:00:00Z,8831.0,8831.0,False,False,False,
2023-05-26T11:00:00Z,9464.0,9464.0,False,False,False,
2023-05-26T12:00:00Z,10007.0,10007.0,False,False,False,
2023-05-26T13:00:00Z,10265.0,10265.0,False,False,False,
2023-05-26T14:00:00Z,10458.0,10458.0,False,False,False,
2023-05-26T15:00:00Z,10561.0,10561.0,False,False,False,
2023-05-26T16:00:00Z,10651.0,10651.0,False,False,False,
2023-05-26T17:00:00Z,10743.0,10743.0,False,False,False,
2023-05-26T18:00:00Z,10916.0,10916.0,False,False,False,
2023-05-26T19:00:00Z,11037.0,11037.0,False,False,False,
2023-05-26T20:00:00Z,11124.0,11124.0,False,False,False,
2023-05-26T21:00:00Z,11200.0,11200.0,False,False,False,
2023-05-26T22:00:00Z,11173.0,11173.0,False,False,False,
2023-05-26T23:00:00Z,11005.0,11005.0,False,False,False,
2023-05-27T00:00:00Z,10726.0,10726.0,False,False,False,
2023-05-27T01:00:00Z,10697.0,10697.0,False,False,False,
2023-05-27T02:00:00Z,10566.0,10566.0,False,False,False,
2023-05-27T03:00:00Z,9954.0,9954.0,False,False,False,
2023-05-27T04:00:00Z,9233.0,9233.0,False,False,False,
2023-05-27T05:00:00Z,8611.0,8611.0,False,False,False,
2023-05-27T06:00:00Z,8218.0,8218.0,False,False,False,
2023-05-27T07:00:00Z,7982.0,7982.0,False,False,False,
2023-05-27T08:00:00Z,7865.0,7865.0,False,False,False,
2023-05-27T09:00:00Z,7864.0,7864.0,False,False,False,
2023-05-27T10:00:00Z,7982.0,7982.0,False,False,False,
2023-05-27T11:00:00Z,8093.0,8093.0,False,False,False,
2023-05-27T12:00:00Z,8437.0,8437.0,False,False,False,
2023-05-27T13:00:00Z,8937.0,8937.0,False,False,False,
2023-05-27T14:00:00Z,9296.0,9296.0,False,False,False,
2023-05-27T15:00:00Z,9538.0,9538.0,False,False,False,
2023-05-27T16:00:00Z,9641.0,9641.0,False,False,False,
2023-05-27T17:00:00Z,9630.0,9630.0,False,False,False,
2023-05-27T18:00:00Z,9612.0,9612.0,False,False,False,
2023-05-27T19:00:00Z,9574.0,9574.0,False,False,False,
2023-05-27T20:00:00Z,9602.0,9602.0,False,False,False,
2023-05-27T21:00:00Z,9658.0,9658.0,False,False,False,
2023-05-27T22:00:00Z,9779.0,9779.0,False,False,False,
2023-05-27T23:00:00Z,9821.0,9821.0,False,False,False,
2023-05-28T00:00:00Z,9795.0,9795.0,False,False,False,
2023-05-28T01:00:00Z,9896.0,9896.0,False,False,False,
2023-05-28T02:00:00Z,9704.0,9704.0,False,False,False,
2023-05-28T03:00:00Z,9271.0,9271.0,False,False,False,
2023-05-28T04:00:00Z,8765.0,8765.0,False,False,False,
2023-05-28T05:00:00Z,8331.0,8331.0,False,False,False,
2023-05-28T06:00:00Z,8023.0,8023.0,False,False,False,
2023-05-28T07:00:00Z,7828.0,7828.0,False,False,False,
2023-05-28T08:00:00Z,7727.0,7727.0,False,False,False,
2023-05-28T09:00:00Z,7734.0,7734.0,False,False,False,
2023-05-28T10:00:00Z,7829.0,7829.0,False,False,False,
2023-05-28T11:00:00Z,7995.0,7995.0,False,False,False,
2023-05-28T12:00:00Z,8372.0,8372.0,False,False,False,
2023-05-28T13:00:00Z,8945.0,8945.0,False,False,False,
2023-05-28T14:00:00Z,9351.0,9351.0,False,False,False,
2023-05-28T15:00:00Z,9550.0,9550.0,False,False,False,
2023-05-28T16:00:00Z,9670.0,9670.0,False,False,False,
2023-05-28T17:00:00Z,9784.0,9784.0,False,False,False,
2023-05-28T18:00:00Z,9750.0,9750.0,False,False,False,
2023-05-28T19:00:00Z,9654.0,9654.0,False,False,False,
2023-05-28T20:00:00Z,9587.0,9587.0,False,False,False,
2023-05-28T21:00:00Z,9636.0,9636.0,False,False,False,
2023-05-28T22:00:00Z,9744.0,9744.0,False,False,False,
2023-05-28T23:00:00Z,9744.0,9744.0,False,False,False,
2023-05-29T00:00:00Z,9682.0,9682.0,False,False,False,
2023-05-29T01:00:00Z,9767.0,9767.0,False,False,False,
2023-05-29T02:00:00Z,9692.0,9692.0,False,False,False,
2023-05-29T03:00:00Z,9280.0,9280.0,False,False,False,
2023-05-29T04:00:00Z,8768.0,8768.0,False,False,False,
2023-05-29T05:00:00Z,8309.0,8309.0,False,False,False,
2023-05-29T06:00:00Z,7996.0,7996.0,False,False,False,
2023-05-29T07:00:00Z,7807.0,7807.0,False,False,False,
2023-05-29T08:00:00Z,7685.0,7685.0,False,False,False,
2023-05-29T09:00:00Z,7734.0,7734.0,False,False,False,
2023-05-29T10:00:00Z,7910.0,7910.0,False,False,False,
2023-05-29T11:00:00Z,8066.0,8066.0,False,False,False,
2023-05-29T12:00:00Z,8357.0,8357.0,False,False,False,
2023-05-29T13:00:00Z,8816.0,8816.0,False,False,False,
2023-05-29T14:00:00Z,9320.0,9320.0,False,False,False,
2023-05-29T15:00:00Z,9746.0,9746.0,False,False,False,
2023-05-29T16:00:00Z,10027.0,10027.0,False,False,False,
2023-05-29T17:00:00Z,10182.0,10182.0,False,False,False,
2023-05-29T18:00:00Z,10331.0,10331.0,False,False,False,
2023-05-29T19:00:00Z,10468.0,10468.0,False,False,False,
2023-05-29T20:00:00Z,10677.0,10677.0,False,False,False,
2023-05-29T21:00:00Z,10941.0,10941.0,False,False,False,
2023-05-29T22:00:00Z,11188.0,11188.0,False,False,False,
2023-05-29T23:00:00Z,11248.0,11248.0,False,False,False,
2023-05-30T00:00:00Z,11184.0,11184.0,False,False,False,
2023-05-30T01:00:00Z,11157.0,11157.0,False,False,False,
2023-05-30T02:00:00Z,11043.0,11043.0,False,False,False,
2023-05-30T03:00:00Z,10338.0,10338.0,False,False,False,
2023-05-30T04:00:00Z,9509.0,9509.0,False,False,False,
2023-05-30T05:00:00Z,8831.0,8831.0,False,False,False,
2023-05-30T06:00:00Z,8411.0,8411.0,False,False,False,
2023-05-30T07:00:00Z,8154.0,8154.0,False,False,False,
2023-05-30T08:00:00Z,8062.0,8062.0,False,False,False,
2023-05-30T09:00:00Z,8244.0,8244.0,False,False,False,
2023-05-30T10:00:00Z,8846.0,8846.0,False,False,False,
2023-05-30T11:00:00Z,9675.0,9675.0,False,False,False,
2023-05-30T12:00:00Z,10408.0,10408.0,False,False,False,
2023-05-30T13:00:00Z,10805.0,10805.0,False,False,False,
2023-05-30T14:00:00Z,11118.0,11118.0,False,False,False,
2023-05-30T15:00:00Z,11428.0,11428.0,False,False,False,
2023-05-30T16:00:00Z,11746.0,11746.0,False,False,False,
2023-05-30T17:00:00Z,12063.0,12063.0,False,False,False,
2023-05-30T18:00:00Z,12410.0,12410.0,False,False,False,
2023-05-30T19:00:00Z,12605.0,12605.0,False,False,False,
2023-05-30T20:00:00Z,12776.0,12776.0,False,False,False,
2023-05-30T21:00:00Z,13003.0,13003.0,False,False,False,
2023-05-30T22:00:00Z,13131.0,13131.0,False,False,False,
2023-05-30T23:00:00Z,12992.0,12992.0,False,False,False,
2023-05-31T00:00:00Z,12674.0,12674.0,False,False,False,
2023-05-31T01:00:00Z,12470.0,12470.0,False,False,False,
2023-05-31T02:00:00Z,12184.0,12184.0,False,False,False,
2023-05-31T03:00:00Z,11278.0,11278.0,False,False,False,
2023-05-31T04:00:00Z,10312.0,10312.0,False,False,False,
2023-05-31T05:00:00Z,9589.0,9589.0,False,False,False,
2023-05-31T06:00:00Z,9124.0,9124.0,False,False,False,
2023-05-31T07:00:00Z,8828.0,8828.0,False,False,False,
2023-05-31T08:00:00Z,8685.0,8685.0,False,False,False,
2023-05-31T09:00:00Z,8788.0,8788.0,False,False,False,
2023-05-31T10:00:00Z,9264.0,9264.0,False,False,False,
2023-05-31T11:00:00Z,10020.0,10020.0,False,False,False,
2023-05-31T12:00:00Z,10637.0,10637.0,False,False,False,
2023-05-31T13:00:00Z,10932.0,10932.0,False,False,False,
2023-05-31T14:00:00Z,11162.0,11162.0,False,False,False,
2023-05-31T15:00:00Z,11423.0,11423.0,False,False,False,
2023-05-31T16:00:00Z,11669.0,11669.0,False,False,False,
2023-05-31T17:00:00Z,11912.0,11912.0,False,False,False,
2023-05-31T18:00:00Z,12184.0,12184.0,False,False,False,
2023-05-31T19:00:00Z,12388.0,12388.0,False,False,False,
2023-05-31T20:00:00Z,12678.0,12678.0,False,False,False,
2023-05-31T21:00:00Z,12978.0,12978.0,False,False,False,
2023-05-31T22:00:00Z,13295.0,13295.0,False,False,False,
2023-05-31T23:00:00Z,13353.0,13353.0,False,False,False,
2023-06-01T00:00:00Z,13136.0,13136.0,False,False,False,
2023-06-01T01:00:00Z,12839.0,12839.0,False,False,False,
2023-06-01T02:00:00Z,12510.0,12510.0,False,False,False,
2023-06-01T03:00:00Z,11577.0,11577.0,False,False,False,
2023-06-01T04:00:00Z,10485.0,10485.0,False,False,False,
2023-06-01T05:00:00Z,9713.0,9713.0,False,False,False,
2023-06-01T06:00:00Z,9184.0,9184.0,False,False,False,
2023-06-01T07:00:00Z,8844.0,8844.0,False,False,False,
2023-06-01T08:00:00Z,8678.0,8678.0,False,False,False,
2023-06-01T09:00:00Z,8731.0,8731.0,False,False,False,
2023-06-01T10:00:00Z,9175.0,9175.0,False,False,False,
2023-06-01T11:00:00Z,9889.0,9889.0,False,False,False,
2023-06-01T12:00:00Z,10543.0,10543.0,False,False,False,
2023-06-01T13:00:00Z,10932.0,10932.0,False,False,False,
2023-06-01T14:00:00Z,11312.0,11312.0,False,False,False,
2023-06-01T15:00:00Z,11827.0,11827.0,False,False,False,
2023-06-01T16:00:00Z,12315.0,12315.0,False,False,False,
2023-06-01T17:00:00Z,12832.0,12832.0,False,False,False,
2023-06-01T18:00:00Z,13392.0,13392.0,False,False,False,
2023-06-01T19:00:00Z,13858.0,13858.0,False,False,False,
2023-06-01T20:00:00Z,14278.0,14278.0,False,False,False,
2023-06-01T21:00:00Z,14652.0,14652.0,False,False,False,
2023-06-01T22:00:00Z,14768.0,14768.0,False,False,False,
2023-06-01T23:00:00Z,14552.0,14552.0,False,False,False,
2023-06-02T00:00:00Z,14147.0,14147.0,False,False,False,
2023-06-02T01:00:00Z,13611.0,13611.0,False,False,False,
2023-06-02T02:00:00Z,13166.0,13166.0,False,False,False,
2023-06-02T03:00:00Z,12125.0,12125.0,False,False,False,
2023-06-02T04:00:00Z,11020.0,11020.0,False,False,False,
2023-06-02T05:00:00Z,10099.0,10099.0,False,False,False,
2023-06-02T06:00:00Z,9507.0,9507.0,False,False,False,
2023-06-02T07:00:00Z,9126.0,9126.0,False,False,False,
2023-06-02T08:00:00Z,8927.0,8927.0,False,False,False,
2023-06-02T09:00:00Z,8966.0,8966.0,False,False,False,
2023-06-02T10:00:00Z,9372.0,9372.0,False,False,False,
2023-06-02T11:00:00Z,9974.0,9974.0,False,False,False,
2023-06-02T12:00:00Z,10657.0,10657.0,False,False,False,
2023-06-02T13:00:00Z,11228.0,11228.0,False,False,False,
2023-06-02T14:00:00Z,11837.0,11837.0,False,False,False,
2023-06-02T15:00:00Z,12475.0,12475.0,False,False,False,
2023-06-02T16:00:00Z,13052.0,13052.0,False,False,False,
2023-06-02T17:00:00Z,13599.0,13599.0,False,False,False,
2023-06-02T18:00:00Z,14140.0,14140.0,False,False,False,
2023-06-02T19:00:00Z,14639.0,14639.0,False,False,False,
2023-06-02T20:00:00Z,15066.0,15066.0,False,False,False,
2023-06-02T21:00:00Z,15459.0,15459.0,False,False,False,
2023-06-02T22:00:00Z,15537.0,15537.0,False,False,False,
2023-06-02T23:00:00Z,15242.0,15242.0,False,False,False,
2023-06-03T00:00:00Z,14558.0,14558.0,False,False,False,
2023-06-03T01:00:00Z,13614.0,13614.0,False,False,False,
2023-06-03T02:00:00Z,13008.0,13008.0,False,False,False,
2023-06-03T03:00:00Z,11928.0,11928.0,False,False,False,
2023-06-03T04:00:00Z,10818.0,10818.0,False,False,False,
2023-06-03T05:00:00Z,9871.0,9871.0,False,False,False,
2023-06-03T06:00:00Z,9214.0,9214.0,False,False,False,
2023-06-03T07:00:00Z,8770.0,8770.0,False,False,False,
2023-06-03T08:00:00Z,8510.0,8510.0,False,False,False,
2023-06-03T09:00:00Z,8409.0,8409.0,False,False,False,
2023-06-03T10:00:00Z,8464.0,8464.0,False,False,False,
2023-06-03T11:00:00Z,8521.0,8521.0,False,False,False,
2023-06-03T12:00:00Z,8955.0,8955.0,False,False,False,
2023-06-03T13:00:00Z,9642.0,9642.0,False,False,False,
2023-06-03T14:00:00Z,10408.0,10408.0,False,False,False,
2023-06-03T15:00:00Z,11277.0,11277.0,False,False,False,
2023-06-03T16:00:00Z,12152.0,12152.0,False,False,False,
2023-06-03T17:00:00Z,13002.0,13002.0,False,False,False,
2023-06-03T18:00:00Z,13826.0,13826.0,False,False,False,
2023-06-03T19:00:00Z,14585.0,14585.0,False,False,False,
2023-06-03T20:00:00Z,15247.0,15247.0,False,False,False,
2023-06-03T21:00:00Z,15697.0,15697.0,False,False,False,
2023-06-03T22:00:00Z,15869.0,15869.0,False,False,False,
2023-06-03T23:00:00Z,15593.0,15593.0,False,False,False,
2023-06-04T00:00:00Z,14748.0,14748.0,False,False,False,
2023-06-04T01:00:00Z,13872.0,13872.0,False,False,False,
2023-06-04T02:00:00Z,13157.0,13157.0,False,False,False,
2023-06-04T03:00:00Z,12164.0,12164.0,False,False,False,
2023-06-04T04:00:00Z,11069.0,11069.0,False,False,False,
2023-06-04T05:00:00Z,10160.0,10160.0,False,False,False,
2023-06-04T06:00:00Z,9502.0,9502.0,False,False,False,
2023-06-04T07:00:00Z,9015.0,9015.0,False,False,False,
2023-06-04T08:00:00Z,8716.0,8716.0,False,False,False,
2023-06-04T09:00:00Z,8562.0,8562.0,False,False,False,
2023-06-04T10:00:00Z,8534.0,8534.0,False,False,False,
2023-06-04T11:00:00Z,8536.0,8536.0,False,False,False,
2023-06-04T12:00:00Z,8877.0,8877.0,False,False,False,
2023-06-04T13:00:00Z,9483.0,9483.0,False,False,False,
2023-06-04T14:00:00Z,9982.0,9982.0,False,False,False,
2023-06-04T15:00:00Z,10335.0,10335.0,False,False,False,
2023-06-04T16:00:00Z,10603.0,10603.0,False,False,False,
2023-06-04T17:00:00Z,10851.0,10851.0,False,False,False,
2023-06-04T18:00:00Z,11016.0,11016.0,False,False,False,
2023-06-04T19:00:00Z,11138.0,11138.0,False,False,False,
2023-06-04T20:00:00Z,11362.0,11362.0,False,False,False,
2023-06-04T21:00:00Z,11612.0,11612.0,False,False,False,
2023-06-04T22:00:00Z,11868.0,11868.0,False,False,False,
2023-06-04T23:00:00Z,11921.0,11921.0,False,False,False,
2023-06-05T00:00:00Z,11767.0,11767.0,False,False,False,
2023-06-05T01:00:00Z,11601.0,11601.0,False,False,False,
2023-06-05T02:00:00Z,11451.0,11451.0,False,False,False,
2023-06-05T03:00:00Z,10710.0,10710.0,False,False,False,
2023-06-05T04:00:00Z,9834.0,9834.0,False,False,False,
2023-06-05T05:00:00Z,9150.0,9150.0,False,False,False,
2023-06-05T06:00:00Z,8662.0,8662.0,False,False,False,
2023-06-05T07:00:00Z,8438.0,8438.0,False,False,False,
2023-06-05T08:00:00Z,8371.0,8371.0,False,False,False,
2023-06-05T09:00:00Z,8492.0,8492.0,False,False,False,
2023-06-05T10:00:00Z,9003.0,9003.0,False,False,False,
2023-06-05T11:00:00Z,9723.0,9723.0,False,False,False,
2023-06-05T12:00:00Z,10404.0,10404.0,False,False,False,
2023-06-05T13:00:00Z,10836.0,10836.0,False,False,False,
2023-06-05T14:00:00Z,11110.0,11110.0,False,False,False,
2023-06-05T15:00:00Z,11444.0,11444.0,False,False,False,
2023-06-05T16:00:00Z,11783.0,11783.0,False,False,False,
2023-06-05T17:00:00Z,12115.0,12115.0,False,False,False,
2023-06-05T18:00:00Z,12460.0,12460.0,False,False,False,
2023-06-05T19:00:00Z,12761.0,12761.0,False,False,False,
2023-06-05T20:00:00Z,13087.0,13087.0,False,False,False,
2023-06-05T21:00:00Z,13428.0,13428.0,False,False,False,
2023-06-05T22:00:00Z,13694.0,13694.0,False,False,False,
2023-06-05T23:00:00Z,13775.0,13775.0,False,False,False,
2023-06-06T00:00:00Z,13512.0,13512.0,False,False,False,
2023-06-06T01:00:00Z,13163.0,13163.0,False,False,False,
2023-06-06T02:00:00Z,12838.0,12838.0,False,False,False,
2023-06-06T03:00:00Z,11860.0,11860.0,False,False,False,
2023-06-06T04:00:00Z,10820.0,10820.0,False,False,False,
2023-06-06T05:00:00Z,10008.0,10008.0,False,False,False,
2023-06-06T06:00:00Z,9469.0,9469.0,False,False,False,
2023-06-06T07:00:00Z,9126.0,9126.0,False,False,False,
2023-06-06T08:00:00Z,8958.0,8958.0,False,False,False,
2023-06-06T09:00:00Z,9023.0,9023.0,False,False,False,
2023-06-06T10:00:00Z,9500.0,9500.0,False,False,False,
2023-06-06T11:00:00Z,10137.0,10137.0,False,False,False,
2023-06-06T12:00:00Z,10812.0,10812.0,False,False,False,
2023-06-06T13:00:00Z,11251.0,11251.0,False,False,False,
2023-06-06T14:00:00Z,11744.0,11744.0,False,False,False,
2023-06-06T15:00:00Z,12374.0,12374.0,False,False,False,
2023-06-06T16:00:00Z,13140.0,13140.0,False,False,False,
2023-06-06T17:00:00Z,13886.0,13886.0,False,False,False,
2023-06-06T18:00:00Z,14610.0,14610.0,False,False,False,
2023-06-06T19:00:00Z,15157.0,15157.0,False,False,False,
2023-06-06T20:00:00Z,15558.0,15558.0,False,False,False,
2023-06-06T21:00:00Z,15797.0,15797.0,False,False,False,
2023-06-06T22:00:00Z,15726.0,15726.0,False,False,False,
2023-06-06T23:00:00Z,15435.0,15435.0,False,False,False,
2023-06-07T00:00:00Z,14815.0,14815.0,False,False,False,
2023-06-07T01:00:00Z,14134.0,14134.0,False,False,False,
2023-06-07T02:00:00Z,13484.0,13484.0,False,False,False,
2023-06-07T03:00:00Z,12307.0,12307.0,False,False,False,
2023-06-07T04:00:00Z,11065.0,11065.0,False,False,False,
2023-06-07T05:00:00Z,10104.0,10104.0,False,False,False,
2023-06-07T06:00:00Z,9481.0,9481.0,False,False,False,
2023-06-07T07:00:00Z,9088.0,9088.0,False,False,False,
2023-06-07T08:00:00Z,8858.0,8858.0,False,False,False,
2023-06-07T09:00:00Z,8865.0,8865.0,False,False,False,
2023-06-07T10:00:00Z,9290.0,9290.0,False,False,False,
2023-06-07T11:00:00Z,9909.0,9909.0,False,False,False,
2023-06-07T12:00:00Z,10547.0,10547.0,False,False,False,
2023-06-07T13:00:00Z,11052.0,11052.0,False,False,False,
2023-06-07T14:00:00Z,11479.0,11479.0,False,False,False,
2023-06-07T15:00:00Z,12013.0,12013.0,False,False,False,
2023-06-07T16:00:00Z,12524.0,12524.0,False,False,False,
2023-06-07T17:00:00Z,12969.0,12969.0,False,False,False,
2023-06-07T18:00:00Z,13319.0,13319.0,False,False,False,
2023-06-07T19:00:00Z,13434.0,13434.0,False,False,False,
2023-06-07T20:00:00Z,13430.0,13430.0,False,False,False,
2023-06-07T21:00:00Z,13292.0,13292.0,False,False,False,
2023-06-07T22:00:00Z,13036.0,13036.0,False,False,False,
2023-06-07T23:00:00Z,12786.0,12786.0,False,False,False,
2023-06-08T00:00:00Z,12457.0,12457.0,False,False,False,
2023-06-08T01:00:00Z,12266.0,12266.0,False,False,False,
2023-06-08T02:00:00Z,12005.0,12005.0,False,False,False,
2023-06-08T03:00:00Z,11272.0,11272.0,False,False,False,
2023-06-08T04:00:00Z,10404.0,10404.0,False,False,False,
2023-06-08T05:00:00Z,9714.0,9714.0,False,False,False,
2023-06-08T06:00:00Z,9238.0,9238.0,False,False,False,
2023-06-08T07:00:00Z,8941.0,8941.0,False,False,False,
2023-06-08T08:00:00Z,8778.0,8778.0,False,False,False,
2023-06-08T09:00:00Z,8858.0,8858.0,False,False,False,
2023-06-08T10:00:00Z,9309.0,9309.0,False,False,False,
2023-06-08T11:00:00Z,9983.0,9983.0,False,False,False,
2023-06-08T12:00:00Z,10580.0,10580.0,False,False,False,
2023-06-08T13:00:00Z,10909.0,10909.0,False,False,False,
2023-06-08T14:00:00Z,11188.0,11188.0,False,False,False,
2023-06-08T15:00:00Z,11509.0,11509.0,False,False,False,
2023-06-08T16:00:00Z,11840.0,11840.0,False,False,False,
2023-06-08T17:00:00Z,12181.0,12181.0,False,False,False,
2023-06-08T18:00:00Z,12602.0,12602.0,False,False,False,
2023-06-08T19:00:00Z,12977.0,12977.0,False,False,False,
2023-06-08T20:00:00Z,13294.0,13294.0,False,False,False,
2023-06-08T21:00:00Z,13593.0,13593.0,False,False,False,
2023-06-08T22:00:00Z,13537.0,13537.0,False,False,False,
2023-06-08T23:00:00Z,13466.0,13466.0,False,False,False,
2023-06-09T00:00:00Z,12978.0,12978.0,False,False,False,
2023-06-09T01:00:00Z,12473.0,12473.0,False,False,False,
2023-06-09T02:00:00Z,12134.0,12134.0,False,False,False,
2023-06-09T03:00:00Z,11225.0,11225.0,False,False,False,
2023-06-09T04:00:00Z,10223.0,10223.0,False,False,False,
2023-06-09T05:00:00Z,9406.0,9406.0,False,False,False,
2023-06-09T06:00:00Z,8874.0,8874.0,False,False,False,
2023-06-09T07:00:00Z,8565.0,8565.0,False,False,False,
2023-06-09T08:00:00Z,8390.0,8390.0,False,False,False,
2023-06-09T09:00:00Z,8457.0,8457.0,False,False,False,
2023-06-09T10:00:00Z,8878.0,8878.0,False,False,False,
2023-06-09T11:00:00Z,9449.0,9449.0,False,False,False,
2023-06-09T12:00:00Z,10029.0,10029.0,False,False,False,
2023-06-09T13:00:00Z,10387.0,10387.0,False,False,False,
2023-06-09T14:00:00Z,10699.0,10699.0,False,False,False,
2023-06-09T15:00:00Z,11017.0,11017.0,False,False,False,
2023-06-09T16:00:00Z,11343.0,11343.0,False,False,False,
2023-06-09T17:00:00Z,11692.0,11692.0,False,False,False,
2023-06-09T18:00:00Z,12072.0,12072.0,False,False,False,
2023-06-09T19:00:00Z,12522.0,12522.0,False,False,False,
2023-06-09T20:00:00Z,12947.0,12947.0,False,False,False,
2023-06-09T21:00:00Z,13386.0,13386.0,False,False,False,
2023-06-09T22:00:00Z,13599.0,13599.0,False,False,False,
2023-06-09T23:00:00Z,13465.0,13465.0,False,False,False,
2023-06-10T00:00:00Z,12942.0,12942.0,False,False,False,
2023-06-10T01:00:00Z,12261.0,12261.0,False,False,False,
2023-06-10T02:00:00Z,11816.0,11816.0,False,False,False,
2023-06-10T03:00:00Z,11005.0,11005.0,False,False,False,
2023-06-10T04:00:00Z,10051.0,10051.0,False,False,False,
2023-06-10T05:00:00Z,9252.0,9252.0,False,False,False,
2023-06-10T06:00:00Z,8688.0,8688.0,False,False,False,
2023-06-10T07:00:00Z,8344.0,8344.0,False,False,False,
2023-06-10T08:00:00Z,8149.0,8149.0,False,False,False,
2023-06-10T09:00:00Z,8093.0,8093.0,False,False,False,
2023-06-10T10:00:00Z,8209.0,8209.0,False,False,False,
2023-06-10T11:00:00Z,8313.0,8313.0,False,False,False,
2023-06-10T12:00:00Z,8703.0,8703.0,False,False,False,
2023-06-10T13:00:00Z,9228.0,9228.0,False,False,False,
2023-06-10T14:00:00Z,9790.0,9790.0,False,False,False,
2023-06-10T15:00:00Z,10341.0,10341.0,False,False,False,
2023-06-10T16:00:00Z,10897.0,10897.0,False,False,False,
2023-06-10T17:00:00Z,11452.0,11452.0,False,False,False,
2023-06-10T18:00:00Z,12034.0,12034.0,False,False,False,
2023-06-10T19:00:00Z,12617.0,12617.0,False,False,False,
2023-06-10T20:00:00Z,13208.0,13208.0,False,False,False,
2023-06-10T21:00:00Z,13685.0,13685.0,False,False,False,
2023-06-10T22:00:00Z,13972.0,13972.0,False,False,False,
2023-06-10T23:00:00Z,13854.0,13854.0,False,False,False,
2023-06-11T00:00:00Z,13260.0,13260.0,False,False,False,
2023-06-11T01:00:00Z,12606.0,12606.0,False,False,False,
2023-06-11T02:00:00Z,12104.0,12104.0,False,False,False,
2023-06-11T03:00:00Z,11203.0,11203.0,False,False,False,
2023-06-11T04:00:00Z,10286.0,10286.0,False,False,False,
2023-06-11T05:00:00Z,9422.0,9422.0,False,False,False,
2023-06-11T06:00:00Z,8806.0,8806.0,False,False,False,
2023-06-11T07:00:00Z,8419.0,8419.0,False,False,False,
2023-06-11T08:00:00Z,8203.0,8203.0,False,False,False,
2023-06-11T09:00:00Z,8112.0,8112.0,False,False,False,
2023-06-11T10:00:00Z,8127.0,8127.0,False,False,False,
2023-06-11T11:00:00Z,8167.0,8167.0,False,False,False,
2023-06-11T12:00:00Z,8587.0,8587.0,False,False,False,
2023-06-11T13:00:00Z,9292.0,9292.0,False,False,False,
2023-06-11T14:00:00Z,10028.0,10028.0,False,False,False,
2023-06-11T15:00:00Z,10753.0,10753.0,False,False,False,
2023-06-11T16:00:00Z,11533.0,11533.0,False,False,False,
2023-06-11T17:00:00Z,12268.0,12268.0,False,False,False,
2023-06-11T18:00:00Z,12717.0,12717.0,False,False,False,
2023-06-11T19:00:00Z,12719.0,12719.0,False,False,False,
2023-06-11T20:00:00Z,12445.0,12445.0,False,False,False,
2023-06-11T21:00:00Z,12240.0,12240.0,False,False,False,
2023-06-11T22:00:00Z,12217.0,12217.0,False,False,False,
2023-06-11T23:00:00Z,12172.0,12172.0,False,False,False,
2023-06-12T00:00:00Z,11983.0,11983.0,False,False,False,
2023-06-12T01:00:00Z,11989.0,11989.0,False,False,False,
2023-06-12T02:00:00Z,11874.0,11874.0,False,False,False,
2023-06-12T03:00:00Z,11236.0,11236.0,False,False,False,
2023-06-12T04:00:00Z,10453.0,10453.0,False,False,False,
2023-06-12T05:00:00Z,9730.0,9730.0,False,False,False,
2023-06-12T06:00:00Z,9241.0,9241.0,False,False,False,
2023-06-12T07:00:00Z,8994.0,8994.0,False,False,False,
2023-06-12T08:00:00Z,8861.0,8861.0,False,False,False,
2023-06-12T09:00:00Z,8993.0,8993.0,False,False,False,
2023-06-12T10:00:00Z,9475.0,9475.0,False,False,False,
2023-06-12T11:00:00Z,10153.0,10153.0,False,False,False,
2023-06-12T12:00:00Z,10873.0,10873.0,False,False,False,
2023-06-12T13:00:00Z,11452.0,11452.0,False,False,False,
2023-06-12T14:00:00Z,12035.0,12035.0,False,False,False,
2023-06-12T15:00:00Z,12650.0,12650.0,False,False,False,
2023-06-12T16:00:00Z,13360.0,13360.0,False,False,False,
2023-06-12T17:00:00Z,14084.0,14084.0,False,False,False,
2023-06-12T18:00:00Z,14711.0,14711.0,False,False,False,
2023-06-12T19:00:00Z,15060.0,15060.0,False,False,False,
2023-06-12T20:00:00Z,15189.0,15189.0,False,False,False,
2023-06-12T21:00:00Z,15216.0,15216.0,False,False,False,
2023-06-12T22:00:00Z,15293.0,15293.0,False,False,False,
2023-06-12T23:00:00Z,15142.0,15142.0,False,False,False,
2023-06-13T00:00:00Z,14603.0,14603.0,False,False,False,
2023-06-13T01:00:00Z,13861.0,13861.0,False,False,False,
2023-06-13T02:00:00Z,13250.0,13250.0,False,False,False,
2023-06-13T03:00:00Z,12114.0,12114.0,False,False,False,
2023-06-13T04:00:00Z,10922.0,10922.0,False,False,False,
2023-06-13T05:00:00Z,9953.0,9953.0,False,False,False,
2023-06-13T06:00:00Z,9304.0,9304.0,False,False,False,
2023-06-13T07:00:00Z,8939.0,8939.0,False,False,False,
2023-06-13T08:00:00Z,8726.0,8726.0,False,False,False,
2023-06-13T09:00:00Z,8786.0,8786.0,False,False,False,
2023-06-13T10:00:00Z,9175.0,9175.0,False,False,False,
2023-06-13T11:00:00Z,9751.0,9751.0,False,False,False,
2023-06-13T12:00:00Z,10441.0,10441.0,False,False,False,
2023-06-13T13:00:00Z,10937.0,10937.0,False,False,False,
2023-06-13T14:00:00Z,11387.0,11387.0,False,False,False,
2023-06-13T15:00:00Z,11925.0,11925.0,False,False,False,
2023-06-13T16:00:00Z,12464.0,12464.0,False,False,False,
2023-06-13T17:00:00Z,13023.0,13023.0,False,False,False,
2023-06-13T18:00:00Z,13527.0,13527.0,False,False,False,
2023-06-13T19:00:00Z,13921.0,13921.0,False,False,False,
2023-06-13T20:00:00Z,14252.0,14252.0,False,False,False,
2023-06-13T21:00:00Z,14521.0,14521.0,False,False,False,
2023-06-13T22:00:00Z,14637.0,14637.0,False,False,False,
2023-06-13T23:00:00Z,14547.0,14547.0,False,False,False,
2023-06-14T00:00:00Z,14055.0,14055.0,False,False,False,
2023-06-14T01:00:00Z,13395.0,13395.0,False,False,False,
2023-06-14T02:00:00Z,12874.0,12874.0,False,False,False,
2023-06-14T03:00:00Z,11879.0,11879.0,False,False,False,
2023-06-14T04:00:00Z,10727.0,10727.0,False,False,False,
2023-06-14T05:00:00Z,9831.0,9831.0,False,False,False,
2023-06-14T06:00:00Z,9208.0,9208.0,False,False,False,
2023-06-14T07:00:00Z,8853.0,8853.0,False,False,False,
2023-06-14T08:00:00Z,8666.0,8666.0,False,False,False,
2023-06-14T09:00:00Z,8729.0,8729.0,False,False,False,
2023-06-14T10:00:00Z,9110.0,9110.0,False,False,False,
2023-06-14T11:00:00Z,9680.0,9680.0,False,False,False,
2023-06-14T12:00:00Z,10365.0,10365.0,False,False,False,
2023-06-14T13:00:00Z,10879.0,10879.0,False,False,False,
2023-06-14T14:00:00Z,11444.0,11444.0,False,False,False,
2023-06-14T15:00:00Z,12109.0,12109.0,False,False,False,
2023-06-14T16:00:00Z,12669.0,12669.0,False,False,False,
2023-06-14T17:00:00Z,13212.0,13212.0,False,False,False,
2023-06-14T18:00:00Z,13758.0,13758.0,False,False,False,
2023-06-14T19:00:00Z,14206.0,14206.0,False,False,False,
2023-06-14T20:00:00Z,14634.0,14634.0,False,False,False,
2023-06-14T21:00:00Z,15044.0,15044.0,False,False,False,
2023-06-14T22:00:00Z,15004.0,15004.0,False,False,False,
2023-06-14T23:00:00Z,14712.0,14712.0,False,False,False,
2023-06-15T00:00:00Z,14243.0,14243.0,False,False,False,
2023-06-15T01:00:00Z,13822.0,13822.0,False,False,False,
2023-06-15T02:00:00Z,13580.0,13580.0,False,False,False,
2023-06-15T03:00:00Z,12602.0,12602.0,False,False,False,
2023-06-15T04:00:00Z,11525.0,11525.0,False,False,False,
2023-06-15T05:00:00Z,10630.0,10630.0,False,False,False,
2023-06-15T06:00:00Z,10012.0,10012.0,False,False,False,
2023-06-15T07:00:00Z,9601.0,9601.0,False,False,False,
2023-06-15T08:00:00Z,9377.0,9377.0,False,False,False,
2023-06-15T09:00:00Z,9359.0,9359.0,False,False,False,
2023-06-15T10:00:00Z,9729.0,9729.0,False,False,False,
2023-06-15T11:00:00Z,10289.0,10289.0,False,False,False,
2023-06-15T12:00:00Z,10973.0,10973.0,False,False,False,
2023-06-15T13:00:00Z,11598.0,11598.0,False,False,False,
2023-06-15T14:00:00Z,12231.0,12231.0,False,False,False,
2023-06-15T15:00:00Z,12984.0,12984.0,False,False,False,
2023-06-15T16:00:00Z,13782.0,13782.0,False,False,False,
2023-06-15T17:00:00Z,14565.0,14565.0,False,False,False,
2023-06-15T18:00:00Z,15337.0,15337.0,False,False,False,
2023-06-15T19:00:00Z,15917.0,15917.0,False,False,False,
2023-06-15T20:00:00Z,16285.0,16285.0,False,False,False,
2023-06-15T21:00:00Z,16380.0,16380.0,False,False,False,
2023-06-15T22:00:00Z,16133.0,16133.0,False,False,False,
2023-06-15T23:00:00Z,15592.0,15592.0,False,False,False,
2023-06-16T00:00:00Z,14880.0,14880.0,False,False,False,
2023-06-16T01:00:00Z,14337.0,14337.0,False,False,False,
2023-06-16T02:00:00Z,13867.0,13867.0,False,False,False,
2023-06-16T03:00:00Z,12838.0,12838.0,False,False,False,
2023-06-16T04:00:00Z,11710.0,11710.0,False,False,False,
2023-06-16T05:00:00Z,10786.0,10786.0,False,False,False,
2023-06-16T06:00:00Z,10121.0,10121.0,False,False,False,
2023-06-16T07:00:00Z,9680.0,9680.0,False,False,False,
2023-06-16T08:00:00Z,9426.0,9426.0,False,False,False,
2023-06-16T09:00:00Z,9365.0,9365.0,False,False,False,
2023-06-16T10:00:00Z,9703.0,9703.0,False,False,False,
2023-06-16T11:00:00Z,10157.0,10157.0,False,False,False,
2023-06-16T12:00:00Z,10816.0,10816.0,False,False,False,
2023-06-16T13:00:00Z,11520.0,11520.0,False,False,False,
2023-06-16T14:00:00Z,12357.0,12357.0,False,False,False,
2023-06-16T15:00:00Z,13355.0,13355.0,False,False,False,
2023-06-16T16:00:00Z,14374.0,14374.0,False,False,False,
2023-06-16T17:00:00Z,15245.0,15245.0,False,False,False,
2023-06-16T18:00:00Z,16037.0,16037.0,False,False,False,
2023-06-16T19:00:00Z,16552.0,16552.0,False,False,False,
2023-06-16T20:00:00Z,16818.0,16818.0,False,False,False,
2023-06-16T21:00:00Z,16738.0,16738.0,False,False,False,
2023-06-16T22:00:00Z,16819.0,16819.0,False,False,False,
2023-06-16T23:00:00Z,16539.0,16539.0,False,False,False,
2023-06-17T00:00:00Z,15833.0,15833.0,False,False,False,
2023-06-17T01:00:00Z,15016.0,15016.0,False,False,False,
2023-06-17T02:00:00Z,14374.0,14374.0,False,False,False,
2023-06-17T03:00:00Z,13247.0,13247.0,False,False,False,
2023-06-17T04:00:00Z,11962.0,11962.0,False,False,False,
2023-06-17T05:00:00Z,10868.0,10868.0,False,False,False,
2023-06-17T06:00:00Z,10016.0,10016.0,False,False,False,
2023-06-17T07:00:00Z,9397.0,9397.0,False,False,False,
2023-06-17T08:00:00Z,8982.0,8982.0,False,False,False,
2023-06-17T09:00:00Z,8765.0,8765.0,False,False,False,
2023-06-17T10:00:00Z,8739.0,8739.0,False,False,False,
2023-06-17T11:00:00Z,8735.0,8735.0,False,False,False,
2023-06-17T12:00:00Z,9084.0,9084.0,False,False,False,
2023-06-17T13:00:00Z,9777.0,9777.0,False,False,False,
2023-06-17T14:00:00Z,10502.0,10502.0,False,False,False,
2023-06-17T15:00:00Z,11220.0,11220.0,False,False,False,
2023-06-17T16:00:00Z,11912.0,11912.0,False,False,False,
2023-06-17T17:00:00Z,12567.0,12567.0,False,False,False,
2023-06-17T18:00:00Z,13260.0,13260.0,False,False,False,
2023-06-17T19:00:00Z,13934.0,13934.0,False,False,False,
2023-06-17T20:00:00Z,14570.0,14570.0,False,False,False,
2023-06-17T21:00:00Z,15100.0,15100.0,False,False,False,
2023-06-17T22:00:00Z,15374.0,15374.0,False,False,False,
2023-06-17T23:00:00Z,15178.0,15178.0,False,False,False,
2023-06-18T00:00:00Z,14526.0,14526.0,False,False,False,
2023-06-18T01:00:00Z,13648.0,13648.0,False,False,False,
2023-06-18T02:00:00Z,13049.0,13049.0,False,False,False,
2023-06-18T03:00:00Z,12040.0,12040.0,False,False,False,
2023-06-18T04:00:00Z,10979.0,10979.0,False,False,False,
2023-06-18T05:00:00Z,10025.0,10025.0,False,False,False,
2023-06-18T06:00:00Z,9350.0,9350.0,False,False,False,
2023-06-18T07:00:00Z,8868.0,8868.0,False,False,False,
2023-06-18T08:00:00Z,8570.0,8570.0,False,False,False,
2023-06-18T09:00:00Z,8376.0,8376.0,False,False,False,
2023-06-18T10:00:00Z,8333.0,8333.0,False,False,False,
2023-06-18T11:00:00Z,8293.0,8293.0,False,False,False,
2023-06-18T12:00:00Z,8696.0,8696.0,False,False,False,
2023-06-18T13:00:00Z,9442.0,9442.0,False,False,False,
2023-06-18T14:00:00Z,10171.0,10171.0,False,False,False,
2023-06-18T15:00:00Z,10891.0,10891.0,False,False,False,
2023-06-18T16:00:00Z,11733.0,11733.0,False,False,False,
2023-06-18T17:00:00Z,12606.0,12606.0,False,False,False,
2023-06-18T18:00:00Z,13491.0,13491.0,False,False,False,
2023-06-18T19:00:00Z,14253.0,14253.0,False,False,False,
2023-06-18T20:00:00Z,14905.0,14905.0,False,False,False,
2023-06-18T21:00:00Z,15443.0,15443.0,False,False,False,
2023-06-18T22:00:00Z,15698.0,15698.0,False,False,False,
2023-06-18T23:00:00Z,15586.0,15586.0,False,False,False,
2023-06-19T00:00:00Z,15107.0,15107.0,False,False,False,
2023-06-19T01:00:00Z,14429.0,14429.0,False,False,False,
2023-06-19T02:00:00Z,13845.0,13845.0,False,False,False,
2023-06-19T03:00:00Z,12872.0,12872.0,False,False,False,
2023-06-19T04:00:00Z,11744.0,11744.0,False,False,False,
2023-06-19T05:00:00Z,10841.0,10841.0,False,False,False,
2023-06-19T06:00:00Z,10144.0,10144.0,False,False,False,
2023-06-19T07:00:00Z,9757.0,9757.0,False,False,False,
2023-06-19T08:00:00Z,9503.0,9503.0,False,False,False,
2023-06-19T09:00:00Z,9544.0,9544.0,False,False,False,
2023-06-19T10:00:00Z,9954.0,9954.0,False,False,False,
2023-06-19T11:00:00Z,10533.0,10533.0,False,False,False,
2023-06-19T12:00:00Z,11227.0,11227.0,False,False,False,
2023-06-19T13:00:00Z,11904.0,11904.0,False,False,False,
2023-06-19T14:00:00Z,12557.0,12557.0,False,False,False,
2023-06-19T15:00:00Z,13120.0,13120.0,False,False,False,
2023-06-19T16:00:00Z,13474.0,13474.0,False,False,False,
2023-06-19T17:00:00Z,13789.0,13789.0,False,False,False,
2023-06-19T18:00:00Z,14058.0,14058.0,False,False,False,
2023-06-19T19:00:00Z,14220.0,14220.0,False,False,False,
2023-06-19T20:00:00Z,14198.0,14198.0,False,False,False,
2023-06-19T21:00:00Z,14162.0,14162.0,False,False,False,
2023-06-19T22:00:00Z,14229.0,14229.0,False,False,False,
2023-06-19T23:00:00Z,14127.0,14127.0,False,False,False,
2023-06-20T00:00:00Z,13771.0,13771.0,False,False,False,
2023-06-20T01:00:00Z,13439.0,13439.0,False,False,False,
2023-06-20T02:00:00Z,13038.0,13038.0,False,False,False,
2023-06-20T03:00:00Z,12256.0,12256.0,False,False,False,
2023-06-20T04:00:00Z,11396.0,11396.0,False,False,False,
2023-06-20T05:00:00Z,10676.0,10676.0,False,False,False,
2023-06-20T06:00:00Z,10134.0,10134.0,False,False,False,
2023-06-20T07:00:00Z,9812.0,9812.0,False,False,False,
2023-06-20T08:00:00Z,9636.0,9636.0,False,False,False,
2023-06-20T09:00:00Z,9721.0,9721.0,False,False,False,
2023-06-20T10:00:00Z,10142.0,10142.0,False,False,False,
2023-06-20T11:00:00Z,10840.0,10840.0,False,False,False,
2023-06-20T12:00:00Z,11459.0,11459.0,False,False,False,
2023-06-20T13:00:00Z,11922.0,11922.0,False,False,False,
2023-06-20T14:00:00Z,12289.0,12289.0,False,False,False,
2023-06-20T15:00:00Z,12729.0,12729.0,False,False,False,
2023-06-20T16:00:00Z,13033.0,13033.0,False,False,False,
2023-06-20T17:00:00Z,13303.0,13303.0,False,False,False,
2023-06-20T18:00:00Z,13540.0,13540.0,False,False,False,
2023-06-20T19:00:00Z,13658.0,13658.0,False,False,False,
2023-06-20T20:00:00Z,13698.0,13698.0,False,False,False,
2023-06-20T21:00:00Z,13684.0,13684.0,False,False,False,
2023-06-20T22:00:00Z,13617.0,13617.0,False,False,False,
2023-06-20T23:00:00Z,13442.0,13442.0,False,False,False,
2023-06-21T00:00:00Z,13124.0,13124.0,False,False,False,
2023-06-21T01:00:00Z,12906.0,12906.0,False,False,False,
2023-06-21T02:00:00Z,12636.0,12636.0,False,False,False,
2023-06-21T03:00:00Z,11923.0,11923.0,False,False,False,
2023-06-21T04:00:00Z,11022.0,11022.0,False,False,False,
2023-06-21T05:00:00Z,10289.0,10289.0,False,False,False,
2023-06-21T06:00:00Z,9811.0,9811.0,False,False,False,
2023-06-21T07:00:00Z,9521.0,9521.0,False,False,False,
2023-06-21T08:00:00Z,9339.0,9339.0,False,False,False,
2023-06-21T09:00:00Z,9390.0,9390.0,False,False,False,
2023-06-21T10:00:00Z,9801.0,9801.0,False,False,False,
2023-06-21T11:00:00Z,10446.0,10446.0,False,False,False,
2023-06-21T12:00:00Z,11073.0,11073.0,False,False,False,
2023-06-21T13:00:00Z,11430.0,11430.0,False,False,False,
2023-06-21T14:00:00Z,11673.0,11673.0,False,False,False,
2023-06-21T15:00:00Z,11886.0,11886.0,False,False,False,
2023-06-21T16:00:00Z,12028.0,12028.0,False,False,False,
2023-06-21T17:00:00Z,12027.0,12027.0,False,False,False,
2023-06-21T18:00:00Z,12063.0,12063.0,False,False,False,
2023-06-21T19:00:00Z,11987.0,11987.0,False,False,False,
2023-06-21T20:00:00Z,11903.0,11903.0,False,False,False,
2023-06-21T21:00:00Z,11887.0,11887.0,False,False,False,
2023-06-21T22:00:00Z,11868.0,11868.0,False,False,False,
2023-06-21T23:00:00Z,11797.0,11797.0,False,False,False,
2023-06-22T00:00:00Z,11622.0,11622.0,False,False,False,
2023-06-22T01:00:00Z,11575.0,11575.0,False,False,False,
2023-06-22T02:00:00Z,11439.0,11439.0,False,False,False,
2023-06-22T03:00:00Z,10860.0,10860.0,False,False,False,
2023-06-22T04:00:00Z,10078.0,10078.0,False,False,False,
2023-06-22T05:00:00Z,9420.0,9420.0,False,False,False,
2023-06-22T06:00:00Z,9038.0,9038.0,False,False,False,
2023-06-22T07:00:00Z,8839.0,8839.0,False,False,False,
2023-06-22T08:00:00Z,8697.0,8697.0,False,False,False,
2023-06-22T09:00:00Z,8794.0,8794.0,False,False,False,
2023-06-22T10:00:00Z,9237.0,9237.0,False,False,False,
2023-06-22T11:00:00Z,9910.0,9910.0,False,False,False,
2023-06-22T12:00:00Z,10507.0,10507.0,False,False,False,
2023-06-22T13:00:00Z,10891.0,10891.0,False,False,False,
2023-06-22T14:00:00Z,11149.0,11149.0,False,False,False,
2023-06-22T15:00:00Z,11430.0,11430.0,False,False,False,
2023-06-22T16:00:00Z,11585.0,11585.0,False,False,False,
2023-06-22T17:00:00Z,11661.0,11661.0,False,False,False,
2023-06-22T18:00:00Z,11723.0,11723.0,False,False,False,
2023-06-22T19:00:00Z,11778.0,11778.0,False,False,False,
2023-06-22T20:00:00Z,11857.0,11857.0,False,False,False,
2023-06-22T21:00:00Z,11966.0,11966.0,False,False,False,
2023-06-22T22:00:00Z,12119.0,12119.0,False,False,False,
2023-06-22T23:00:00Z,12147.0,12147.0,False,False,False,
2023-06-23T00:00:00Z,12073.0,12073.0,False,False,False,
2023-06-23T01:00:00Z,11998.0,11998.0,False,False,False,
2023-06-23T02:00:00Z,11900.0,11900.0,False,False,False,
2023-06-23T03:00:00Z,11331.0,11331.0,False,False,False,
2023-06-23T04:00:00Z,10542.0,10542.0,False,False,False,
2023-06-23T05:00:00Z,9911.0,9911.0,False,False,False,
2023-06-23T06:00:00Z,9451.0,9451.0,False,False,False,
2023-06-23T07:00:00Z,9174.0,9174.0,False,False,False,
2023-06-23T08:00:00Z,9035.0,9035.0,False,False,False,
2023-06-23T09:00:00Z,9088.0,9088.0,False,False,False,
2023-06-23T10:00:00Z,9472.0,9472.0,False,False,False,
2023-06-23T11:00:00Z,10024.0,10024.0,False,False,False,
2023-06-23T12:00:00Z,10628.0,10628.0,False,False,False,
2023-06-23T13:00:00Z,11128.0,11128.0,False,False,False,
2023-06-23T14:00:00Z,11571.0,11571.0,False,False,False,
2023-06-23T15:00:00Z,12085.0,12085.0,False,False,False,
2023-06-23T16:00:00Z,12568.0,12568.0,False,False,False,
2023-06-23T17:00:00Z,13122.0,13122.0,False,False,False,
2023-06-23T18:00:00Z,13671.0,13671.0,False,False,False,
2023-06-23T19:00:00Z,14225.0,14225.0,False,False,False,
2023-06-23T20:00:00Z,14738.0,14738.0,False,False,False,
2023-06-23T21:00:00Z,15168.0,15168.0,False,False,False,
2023-06-23T22:00:00Z,15271.0,15271.0,False,False,False,
2023-06-23T23:00:00Z,14945.0,14945.0,False,False,False,
2023-06-24T00:00:00Z,14322.0,14322.0,False,False,False,
2023-06-24T01:00:00Z,13735.0,13735.0,False,False,False,
2023-06-24T02:00:00Z,13304.0,13304.0,False,False,False,
2023-06-24T03:00:00Z,12423.0,12423.0,False,False,False,
2023-06-24T04:00:00Z,11429.0,11429.0,False,False,False,
2023-06-24T05:00:00Z,10551.0,10551.0,False,False,False,
2023-06-24T06:00:00Z,9910.0,9910.0,False,False,False,
2023-06-24T07:00:00Z,9441.0,9441.0,False,False,False,
2023-06-24T08:00:00Z,9124.0,9124.0,False,False,False,
2023-06-24T09:00:00Z,9003.0,9003.0,False,False,False,
2023-06-24T10:00:00Z,9002.0,9002.0,False,False,False,
2023-06-24T11:00:00Z,9068.0,9068.0,False,False,False,
2023-06-24T12:00:00Z,9472.0,9472.0,False,False,False,
2023-06-24T13:00:00Z,10202.0,10202.0,False,False,False,
2023-06-24T14:00:00Z,11030.0,11030.0,False,False,False,
2023-06-24T15:00:00Z,11969.0,11969.0,False,False,False,
2023-06-24T16:00:00Z,12858.0,12858.0,False,False,False,
2023-06-24T17:00:00Z,13577.0,13577.0,False,False,False,
2023-06-24T18:00:00Z,14044.0,14044.0,False,False,False,
2023-06-24T19:00:00Z,14307.0,14307.0,False,False,False,
2023-06-24T20:00:00Z,14569.0,14569.0,False,False,False,
2023-06-24T21:00:00Z,14841.0,14841.0,False,False,False,
2023-06-24T22:00:00Z,14990.0,14990.0,False,False,False,
2023-06-24T23:00:00Z,14951.0,14951.0,False,False,False,
2023-06-25T00:00:00Z,14558.0,14558.0,False,False,False,
2023-06-25T01:00:00Z,13784.0,13784.0,False,False,False,
2023-06-25T02:00:00Z,13305.0,13305.0,False,False,False,
2023-06-25T03:00:00Z,12420.0,12420.0,False,False,False,
2023-06-25T04:00:00Z,11337.0,11337.0,False,False,False,
2023-06-25T05:00:00Z,10450.0,10450.0,False,False,False,
2023-06-25T06:00:00Z,9778.0,9778.0,False,False,False,
2023-06-25T07:00:00Z,9294.0,9294.0,False,False,False,
2023-06-25T08:00:00Z,8984.0,8984.0,False,False,False,
2023-06-25T09:00:00Z,8823.0,8823.0,False,False,False,
2023-06-25T10:00:00Z,8753.0,8753.0,False,False,False,
2023-06-25T11:00:00Z,8706.0,8706.0,False,False,False,
2023-06-25T12:00:00Z,9161.0,9161.0,False,False,False,
2023-06-25T13:00:00Z,10090.0,10090.0,False,False,False,
2023-06-25T14:00:00Z,11156.0,11156.0,False,False,False,
2023-06-25T15:00:00Z,12237.0,12237.0,False,False,False,
2023-06-25T16:00:00Z,13309.0,13309.0,False,False,False,
2023-06-25T17:00:00Z,14339.0,14339.0,False,False,False,
2023-06-25T18:00:00Z,15203.0,15203.0,False,False,False,
2023-06-25T19:00:00Z,15872.0,15872.0,False,False,False,
2023-06-25T20:00:00Z,16309.0,16309.0,False,False,False,
2023-06-25T21:00:00Z,16583.0,16583.0,False,False,False,
2023-06-25T22:00:00Z,16519.0,16519.0,False,False,False,
2023-06-25T23:00:00Z,16165.0,16165.0,False,False,False,
2023-06-26T00:00:00Z,15479.0,15479.0,False,False,False,
2023-06-26T01:00:00Z,14814.0,14814.0,False,False,False,
2023-06-26T02:00:00Z,14316.0,14316.0,False,False,False,
2023-06-26T03:00:00Z,13262.0,13262.0,False,False,False,
2023-06-26T04:00:00Z,12086.0,12086.0,False,False,False,
2023-06-26T05:00:00Z,11138.0,11138.0,False,False,False,
2023-06-26T06:00:00Z,10398.0,10398.0,False,False,False,
2023-06-26T07:00:00Z,9914.0,9914.0,False,False,False,
2023-06-26T08:00:00Z,9578.0,9578.0,False,False,False,
2023-06-26T09:00:00Z,9582.0,9582.0,False,False,False,
2023-06-26T10:00:00Z,9980.0,9980.0,False,False,False,
2023-06-26T11:00:00Z,10577.0,10577.0,False,False,False,
2023-06-26T12:00:00Z,11240.0,11240.0,False,False,False,
2023-06-26T13:00:00Z,11789.0,11789.0,False,False,False,
2023-06-26T14:00:00Z,12403.0,12403.0,False,False,False,
2023-06-26T15:00:00Z,13369.0,13369.0,False,False,False,
2023-06-26T16:00:00Z,14350.0,14350.0,False,False,False,
2023-06-26T17:00:00Z,15364.0,15364.0,False,False,False,
2023-06-26T18:00:00Z,16369.0,16369.0,False,False,False,
2023-06-26T19:00:00Z,17216.0,17216.0,False,False,False,
2023-06-26T20:00:00Z,17840.0,17840.0,False,False,False,
2023-06-26T21:00:00Z,18327.0,18327.0,False,False,False,
2023-06-26T22:00:00Z,18554.0,18554.0,False,False,False,
2023-06-26T23:00:00Z,18268.0,18268.0,False,False,False,
2023-06-27T00:00:00Z,17646.0,17646.0,False,False,False,
2023-06-27T01:00:00Z,16710.0,16710.0,False,False,False,
2023-06-27T02:00:00Z,15716.0,15716.0,False,False,False,
2023-06-27T03:00:00Z,14311.0,14311.0,False,False,False,
2023-06-27T04:00:00Z,12881.0,12881.0,False,False,False,
2023-06-27T05:00:00Z,11729.0,11729.0,False,False,False,
2023-06-27T06:00:00Z,10891.0,10891.0,False,False,False,
2023-06-27T07:00:00Z,10371.0,10371.0,False,False,False,
2023-06-27T08:00:00Z,10020.0,10020.0,False,False,False,
2023-06-27T09:00:00Z,9936.0,9936.0,False,False,False,
2023-06-27T10:00:00Z,10267.0,10267.0,False,False,False,
2023-06-27T11:00:00Z,10722.0,10722.0,False,False,False,
2023-06-27T12:00:00Z,11463.0,11463.0,False,False,False,
2023-06-27T13:00:00Z,12213.0,12213.0,False,False,False,
2023-06-27T14:00:00Z,13014.0,13014.0,False,False,False,
2023-06-27T15:00:00Z,13955.0,13955.0,False,False,False,
2023-06-27T16:00:00Z,14858.0,14858.0,False,False,False,
2023-06-27T17:00:00Z,15647.0,15647.0,False,False,False,
2023-06-27T18:00:00Z,16282.0,16282.0,False,False,False,
2023-06-27T19:00:00Z,16736.0,16736.0,False,False,False,
2023-06-27T20:00:00Z,17045.0,17045.0,False,False,False,
2023-06-27T21:00:00Z,17327.0,17327.0,False,False,False,
2023-06-27T22:00:00Z,17426.0,17426.0,False,False,False,
2023-06-27T23:00:00Z,17249.0,17249.0,False,False,False,
2023-06-28T00:00:00Z,16667.0,16667.0,False,False,False,
2023-06-28T01:00:00Z,15790.0,15790.0,False,False,False,
2023-06-28T02:00:00Z,15129.0,15129.0,False,False,False,
2023-06-28T03:00:00Z,13913.0,13913.0,False,False,False,
2023-06-28T04:00:00Z,12552.0,12552.0,False,False,False,
2023-06-28T05:00:00Z,11448.0,11448.0,False,False,False,
2023-06-28T06:00:00Z,10691.0,10691.0,False,False,False,
2023-06-28T07:00:00Z,10121.0,10121.0,False,False,False,
2023-06-28T08:00:00Z,9758.0,9758.0,False,False,False,
2023-06-28T09:00:00Z,9655.0,9655.0,False,False,False,
2023-06-28T10:00:00Z,9960.0,9960.0,False,False,False,
2023-06-28T11:00:00Z,10495.0,10495.0,False,False,False,
2023-06-28T12:00:00Z,11249.0,11249.0,False,False,False,
2023-06-28T13:00:00Z,12046.0,12046.0,False,False,False,
2023-06-28T14:00:00Z,12864.0,12864.0,False,False,False,
2023-06-28T15:00:00Z,13838.0,13838.0,False,False,False,
2023-06-28T16:00:00Z,14782.0,14782.0,False,False,False,
2023-06-28T17:00:00Z,15677.0,15677.0,False,False,False,
2023-06-28T18:00:00Z,16499.0,16499.0,False,False,False,
2023-06-28T19:00:00Z,17105.0,17105.0,False,False,False,
2023-06-28T20:00:00Z,17601.0,17601.0,False,False,False,
2023-06-28T21:00:00Z,17930.0,17930.0,False,False,False,
2023-06-28T22:00:00Z,18064.0,18064.0,False,False,False,
2023-06-28T23:00:00Z,17832.0,17832.0,False,False,False,
2023-06-29T00:00:00Z,17173.0,17173.0,False,False,False,
2023-06-29T01:00:00Z,16230.0,16230.0,False,False,False,
2023-06-29T02:00:00Z,15512.0,15512.0,False,False,False,
2023-06-29T03:00:00Z,14228.0,14228.0,False,False,False,
2023-06-29T04:00:00Z,12811.0,12811.0,False,False,False,
2023-06-29T05:00:00Z,11702.0,11702.0,False,False,False,
2023-06-29T06:00:00Z,10911.0,10911.0,False,False,False,
2023-06-29T07:00:00Z,10376.0,10376.0,False,False,False,
2023-06-29T08:00:00Z,9997.0,9997.0,False,False,False,
2023-06-29T09:00:00Z,9934.0,9934.0,False,False,False,
2023-06-29T10:00:00Z,10260.0,10260.0,False,False,False,
2023-06-29T11:00:00Z,10728.0,10728.0,False,False,False,
2023-06-29T12:00:00Z,11430.0,11430.0,False,False,False,
2023-06-29T13:00:00Z,12161.0,12161.0,False,False,False,
2023-06-29T14:00:00Z,12937.0,12937.0,False,False,False,
2023-06-29T15:00:00Z,13936.0,13936.0,False,False,False,
2023-06-29T16:00:00Z,15005.0,15005.0,False,False,False,
2023-06-29T17:00:00Z,15982.0,15982.0,False,False,False,
2023-06-29T18:00:00Z,16848.0,16848.0,False,False,False,
2023-06-29T19:00:00Z,17503.0,17503.0,False,False,False,
2023-06-29T20:00:00Z,17931.0,17931.0,False,False,False,
2023-06-29T21:00:00Z,18040.0,18040.0,False,False,False,
2023-06-29T22:00:00Z,17965.0,17965.0,False,False,False,
2023-06-29T23:00:00Z,17721.0,17721.0,False,False,False,
2023-06-30T00:00:00Z,17109.0,17109.0,False,False,False,
2023-06-30T01:00:00Z,16448.0,16448.0,False,False,False,
2023-06-30T02:00:00Z,15854.0,15854.0,False,False,False,
2023-06-30T03:00:00Z,14635.0,14635.0,False,False,False,
2023-06-30T04:00:00Z,13376.0,13376.0,False,False,False,
2023-06-30T05:00:00Z,12263.0,12263.0,False,False,False,
2023-06-30T06:00:00Z,11471.0,11471.0,False,False,False,
2023-06-30T07:00:00Z,10862.0,10862.0,False,False,False,
2023-06-30T08:00:00Z,10432.0,10432.0,False,False,False,
2023-06-30T09:00:00Z,10285.0,10285.0,False,False,False,
2023-06-30T10:00:00Z,10557.0,10557.0,False,False,False,
2023-06-30T11:00:00Z,11002.0,11002.0,False,False,False,
2023-06-30T12:00:00Z,11589.0,11589.0,False,False,False,
2023-06-30T13:00:00Z,12105.0,12105.0,False,False,False,
2023-06-30T14:00:00Z,12542.0,12542.0,False,False,False,
2023-06-30T15:00:00Z,13179.0,13179.0,False,False,False,
2023-06-30T16:00:00Z,14015.0,14015.0,False,False,False,
2023-06-30T17:00:00Z,14952.0,14952.0,False,False,False,
2023-06-30T18:00:00Z,15687.0,15687.0,False,False,False,
2023-06-30T19:00:00Z,16538.0,16538.0,False,False,False,
2023-06-30T20:00:00Z,17212.0,17212.0,False,False,False,
2023-06-30T21:00:00Z,17667.0,17667.0,False,False,False,
2023-06-30T22:00:00Z,17700.0,17700.0,False,False,False,
2023-06-30T23:00:00Z,17687.0,17687.0,False,False,False,
2023-07-01T00:00:00Z,17099.0,17099.0,False,False,False,
2023-07-01T01:00:00Z,16275.0,16275.0,False,False,False,
2023-07-01T02:00:00Z,15579.0,15579.0,False,False,False,
2023-07-01T03:00:00Z,14444.0,14444.0,False,False,False,
2023-07-01T04:00:00Z,13216.0,13216.0,False,False,False,
2023-07-01T05:00:00Z,12136.0,12136.0,False,False,False,
2023-07-01T06:00:00Z,11410.0,11410.0,False,False,False,
2023-07-01T07:00:00Z,10693.0,10693.0,False,False,False,
2023-07-01T08:00:00Z,10223.0,10223.0,False,False,False,
2023-07-01T09:00:00Z,9983.0,9983.0,False,False,False,
2023-07-01T10:00:00Z,9955.0,9955.0,False,False,False,
2023-07-01T11:00:00Z,9911.0,9911.0,False,False,False,
2023-07-01T12:00:00Z,10280.0,10280.0,False,False,False,
2023-07-01T13:00:00Z,11081.0,11081.0,False,False,False,
2023-07-01T14:00:00Z,12217.0,12217.0,False,False,False,
2023-07-01T15:00:00Z,13480.0,13480.0,False,False,False,
2023-07-01T16:00:00Z,14736.0,14736.0,False,False,False,
2023-07-01T17:00:00Z,15890.0,15890.0,False,False,False,
2023-07-01T18:00:00Z,16755.0,16755.0,False,False,False,
2023-07-01T19:00:00Z,17406.0,17406.0,False,False,False,
2023-07-01T20:00:00Z,17834.0,17834.0,False,False,False,
2023-07-01T21:00:00Z,17962.0,17962.0,False,False,False,
2023-07-01T22:00:00Z,17559.0,17559.0,False,False,False,
2023-07-01T23:00:00Z,16689.0,16689.0,False,False,False,
2023-07-02T00:00:00Z,15712.0,15712.0,False,False,False,
2023-07-02T01:00:00Z,14850.0,14850.0,False,False,False,
2023-07-02T02:00:00Z,14298.0,14298.0,False,False,False,
2023-07-02T03:00:00Z,13440.0,13440.0,False,False,False,
2023-07-02T04:00:00Z,12487.0,12487.0,False,False,False,
2023-07-02T05:00:00Z,11593.0,11593.0,False,False,False,
2023-07-02T06:00:00Z,10849.0,10849.0,False,False,False,
2023-07-02T07:00:00Z,10337.0,10337.0,False,False,False,
2023-07-02T08:00:00Z,9979.0,9979.0,False,False,False,
2023-07-02T09:00:00Z,9741.0,9741.0,False,False,False,
2023-07-02T10:00:00Z,9694.0,9694.0,False,False,False,
2023-07-02T11:00:00Z,9656.0,9656.0,False,False,False,
2023-07-02T12:00:00Z,10039.0,10039.0,False,False,False,
2023-07-02T13:00:00Z,10945.0,10945.0,False,False,False,
2023-07-02T14:00:00Z,12079.0,12079.0,False,False,False,
2023-07-02T15:00:00Z,13282.0,13282.0,False,False,False,
2023-07-02T16:00:00Z,14502.0,14502.0,False,False,False,
2023-07-02T17:00:00Z,15719.0,15719.0,False,False,False,
2023-07-02T18:00:00Z,16703.0,16703.0,False,False,False,
2023-07-02T19:00:00Z,17422.0,17422.0,False,False,False,
2023-07-02T20:00:00Z,17971.0,17971.0,False,False,False,
2023-07-02T21:00:00Z,18388.0,18388.0,False,False,False,
2023-07-02T22:00:00Z,18556.0,18556.0,False,False,False,
2023-07-02T23:00:00Z,18399.0,18399.0,False,False,False,
2023-07-03T00:00:00Z,17875.0,17875.0,False,False,False,
2023-07-03T01:00:00Z,17129.0,17129.0,False,False,False,
2023-07-03T02:00:00Z,16335.0,16335.0,False,False,False,
2023-07-03T03:00:00Z,15193.0,15193.0,False,False,False,
2023-07-03T04:00:00Z,13998.0,13998.0,False,False,False,
2023-07-03T05:00:00Z,12881.0,12881.0,False,False,False,
2023-07-03T06:00:00Z,11975.0,11975.0,False,False,False,
2023-07-03T07:00:00Z,11376.0,11376.0,False,False,False,
2023-07-03T08:00:00Z,11032.0,11032.0,False,False,False,
2023-07-03T09:00:00Z,10893.0,10893.0,False,False,False,
2023-07-03T10:00:00Z,10982.0,10982.0,False,False,False,
2023-07-03T11:00:00Z,11099.0,11099.0,False,False,False,
2023-07-03T12:00:00Z,11525.0,11525.0,False,False,False,
2023-07-03T13:00:00Z,12167.0,12167.0,False,False,False,
2023-07-03T14:00:00Z,13089.0,13089.0,False,False,False,
2023-07-03T15:00:00Z,14193.0,14193.0,False,False,False,
2023-07-03T16:00:00Z,15388.0,15388.0,False,False,False,
2023-07-03T17:00:00Z,16333.0,16333.0,False,False,False,
2023-07-03T18:00:00Z,17067.0,17067.0,False,False,False,
2023-07-03T19:00:00Z,17597.0,17597.0,False,False,False,
2023-07-03T20:00:00Z,17904.0,17904.0,False,False,False,
2023-07-03T21:00:00Z,18121.0,18121.0,False,False,False,
2023-07-03T22:00:00Z,17938.0,17938.0,False,False,False,
2023-07-03T23:00:00Z,17471.0,17471.0,False,False,False,
2023-07-04T00:00:00Z,16823.0,16823.0,False,False,False,
2023-07-04T01:00:00Z,16058.0,16058.0,False,False,False,
2023-07-04T02:00:00Z,15404.0,15404.0,False,False,False,
2023-07-04T03:00:00Z,14402.0,14402.0,False,False,False,
2023-07-04T04:00:00Z,13305.0,13305.0,False,False,False,
2023-07-04T05:00:00Z,12285.0,12285.0,False,False,False,
2023-07-04T06:00:00Z,11506.0,11506.0,False,False,False,
2023-07-04T07:00:00Z,10937.0,10937.0,False,False,False,
2023-07-04T08:00:00Z,10511.0,10511.0,False,False,False,
2023-07-04T09:00:00Z,10290.0,10290.0,False,False,False,
2023-07-04T10:00:00Z,10262.0,10262.0,False,False,False,
2023-07-04T11:00:00Z,10167.0,10167.0,False,False,False,
2023-07-04T12:00:00Z,10518.0,10518.0,False,False,False,
2023-07-04T13:00:00Z,11401.0,11401.0,False,False,False,
2023-07-04T14:00:00Z,12629.0,12629.0,False,False,False,
2023-07-04T15:00:00Z,13903.0,13903.0,False,False,False,
2023-07-04T16:00:00Z,14994.0,14994.0,False,False,False,
2023-07-04T17:00:00Z,16026.0,16026.0,False,False,False,
2023-07-04T18:00:00Z,16682.0,16682.0,False,False,False,
2023-07-04T19:00:00Z,17148.0,17148.0,False,False,False,
2023-07-04T20:00:00Z,17467.0,17467.0,False,False,False,
2023-07-04T21:00:00Z,17803.0,17803.0,False,False,False,
2023-07-04T22:00:00Z,17858.0,17858.0,False,False,False,
2023-07-04T23:00:00Z,17467.0,17467.0,False,False,False,
2023-07-05T00:00:00Z,16682.0,16682.0,False,False,False,
2023-07-05T01:00:00Z,15675.0,15675.0,False,False,False,
2023-07-05T02:00:00Z,14889.0,14889.0,False,False,False,
2023-07-05T03:00:00Z,14078.0,14078.0,False,False,False,
2023-07-05T04:00:00Z,13132.0,13132.0,False,False,False,
2023-07-05T05:00:00Z,12166.0,12166.0,False,False,False,
2023-07-05T06:00:00Z,11396.0,11396.0,False,False,False,
2023-07-05T07:00:00Z,10830.0,10830.0,False,False,False,
2023-07-05T08:00:00Z,10430.0,10430.0,False,False,False,
2023-07-05T09:00:00Z,10300.0,10300.0,False,False,False,
2023-07-05T10:00:00Z,10582.0,10582.0,False,False,False,
2023-07-05T11:00:00Z,11021.0,11021.0,False,False,False,
2023-07-05T12:00:00Z,11726.0,11726.0,False,False,False,
2023-07-05T13:00:00Z,12575.0,12575.0,False,False,False,
2023-07-05T14:00:00Z,13465.0,13465.0,False,False,False,
2023-07-05T15:00:00Z,14319.0,14319.0,False,False,False,
2023-07-05T16:00:00Z,15297.0,15297.0,False,False,False,
2023-07-05T17:00:00Z,16073.0,16073.0,False,False,False,
2023-07-05T18:00:00Z,16806.0,16806.0,False,False,False,
2023-07-05T19:00:00Z,17473.0,17473.0,False,False,False,
2023-07-05T20:00:00Z,17851.0,17851.0,False,False,False,
2023-07-05T21:00:00Z,18067.0,18067.0,False,False,False,
2023-07-05T22:00:00Z,17968.0,17968.0,False,False,False,
2023-07-05T23:00:00Z,17773.0,17773.0,False,False,False,
2023-07-06T00:00:00Z,17243.0,17243.0,False,False,False,
2023-07-06T01:00:00Z,16382.0,16382.0,False,False,False,
2023-07-06T02:00:00Z,15652.0,15652.0,False,False,False,
2023-07-06T03:00:00Z,14429.0,14429.0,False,False,False,
2023-07-06T04:00:00Z,13171.0,13171.0,False,False,False,
2023-07-06T05:00:00Z,12205.0,12205.0,False,False,False,
2023-07-06T06:00:00Z,11380.0,11380.0,False,False,False,
2023-07-06T07:00:00Z,10887.0,10887.0,False,False,False,
2023-07-06T08:00:00Z,10563.0,10563.0,False,False,False,
2023-07-06T09:00:00Z,10497.0,10497.0,False,False,False,
2023-07-06T10:00:00Z,10765.0,10765.0,False,False,False,
2023-07-06T11:00:00Z,11198.0,11198.0,False,False,False,
2023-07-06T12:00:00Z,11846.0,11846.0,False,False,False,
2023-07-06T13:00:00Z,12646.0,12646.0,False,False,False,
2023-07-06T14:00:00Z,13503.0,13503.0,False,False,False,
2023-07-06T15:00:00Z,14648.0,14648.0,False,False,False,
2023-07-06T16:00:00Z,15825.0,15825.0,False,False,False,
2023-07-06T17:00:00Z,16902.0,16902.0,False,False,False,
2023-07-06T18:00:00Z,17738.0,17738.0,False,False,False,
2023-07-06T19:00:00Z,18310.0,18310.0,False,False,False,
2023-07-06T20:00:00Z,18755.0,18755.0,False,False,False,
2023-07-06T21:00:00Z,18874.0,18874.0,False,False,False,
2023-07-06T22:00:00Z,18738.0,18738.0,False,False,False,
2023-07-06T23:00:00Z,18312.0,18312.0,False,False,False,
2023-07-07T00:00:00Z,17713.0,17713.0,False,False,False,
2023-07-07T01:00:00Z,16876.0,16876.0,False,False,False,
2023-07-07T02:00:00Z,16250.0,16250.0,False,False,False,
2023-07-07T03:00:00Z,14976.0,14976.0,False,False,False,
2023-07-07T04:00:00Z,13664.0,13664.0,False,False,False,
2023-07-07T05:00:00Z,12545.0,12545.0,False,False,False,
2023-07-07T06:00:00Z,11722.0,11722.0,False,False,False,
2023-07-07T07:00:00Z,11145.0,11145.0,False,False,False,
2023-07-07T08:00:00Z,10724.0,10724.0,False,False,False,
2023-07-07T09:00:00Z,10583.0,10583.0,False,False,False,
2023-07-07T10:00:00Z,10817.0,10817.0,False,False,False,
2023-07-07T11:00:00Z,11191.0,11191.0,False,False,False,
2023-07-07T12:00:00Z,11937.0,11937.0,False,False,False,
2023-07-07T13:00:00Z,12988.0,12988.0,False,False,False,
2023-07-07T14:00:00Z,14157.0,14157.0,False,False,False,
2023-07-07T15:00:00Z,15505.0,15505.0,False,False,False,
2023-07-07T16:00:00Z,16756.0,16756.0,False,False,False,
2023-07-07T17:00:00Z,17829.0,17829.0,False,False,False,
2023-07-07T18:00:00Z,18600.0,18600.0,False,False,False,
2023-07-07T19:00:00Z,19054.0,19054.0,False,False,False,
2023-07-07T20:00:00Z,19119.0,19119.0,False,False,False,
2023-07-07T21:00:00Z,18697.0,18697.0,False,False,False,
2023-07-07T22:00:00Z,17954.0,17954.0,False,False,False,
2023-07-07T23:00:00Z,17102.0,17102.0,False,False,False,
2023-07-08T00:00:00Z,16408.0,16408.0,False,False,False,
2023-07-08T01:00:00Z,15751.0,15751.0,False,False,False,
2023-07-08T02:00:00Z,15237.0,15237.0,False,False,False,
2023-07-08T03:00:00Z,14288.0,14288.0,False,False,False,
2023-07-08T04:00:00Z,13120.0,13120.0,False,False,False,
2023-07-08T05:00:00Z,12161.0,12161.0,False,False,False,
2023-07-08T06:00:00Z,11381.0,11381.0,False,False,False,
2023-07-08T07:00:00Z,10817.0,10817.0,False,False,False,
2023-07-08T08:00:00Z,10380.0,10380.0,False,False,False,
2023-07-08T09:00:00Z,10190.0,10190.0,False,False,False,
2023-07-08T10:00:00Z,10110.0,10110.0,False,False,False,
2023-07-08T11:00:00Z,10087.0,10087.0,False,False,False,
2023-07-08T12:00:00Z,10512.0,10512.0,False,False,False,
2023-07-08T13:00:00Z,11494.0,11494.0,False,False,False,
2023-07-08T14:00:00Z,12703.0,12703.0,False,False,False,
2023-07-08T15:00:00Z,13898.0,13898.0,False,False,False,
2023-07-08T16:00:00Z,15102.0,15102.0,False,False,False,
2023-07-08T17:00:00Z,16211.0,16211.0,False,False,False,
2023-07-08T18:00:00Z,16752.0,16752.0,False,False,False,
2023-07-08T19:00:00Z,16854.0,16854.0,False,False,False,
2023-07-08T20:00:00Z,16978.0,16978.0,False,False,False,
2023-07-08T21:00:00Z,17360.0,17360.0,False,False,False,
2023-07-08T22:00:00Z,17524.0,17524.0,False,False,False,
2023-07-08T23:00:00Z,17391.0,17391.0,False,False,False,
2023-07-09T00:00:00Z,16900.0,16900.0,False,False,False,
2023-07-09T01:00:00Z,16015.0,16015.0,False,False,False,
2023-07-09T02:00:00Z,15379.0,15379.0,False,False,False,
2023-07-09T03:00:00Z,14321.0,14321.0,False,False,False,
2023-07-09T04:00:00Z,13129.0,13129.0,False,False,False,
2023-07-09T05:00:00Z,12097.0,12097.0,False,False,False,
2023-07-09T06:00:00Z,11281.0,11281.0,False,False,False,
2023-07-09T07:00:00Z,10713.0,10713.0,False,False,False,
2023-07-09T08:00:00Z,10282.0,10282.0,False,False,False,
2023-07-09T09:00:00Z,10055.0,10055.0,False,False,False,
2023-07-09T10:00:00Z,9988.0,9988.0,False,False,False,
2023-07-09T11:00:00Z,9972.0,9972.0,False,False,False,
2023-07-09T12:00:00Z,10323.0,10323.0,False,False,False,
2023-07-09T13:00:00Z,11146.0,11146.0,False,False,False,
2023-07-09T14:00:00Z,12069.0,12069.0,False,False,False,
2023-07-09T15:00:00Z,13064.0,13064.0,False,False,False,
2023-07-09T16:00:00Z,13945.0,13945.0,False,False,False,
2023-07-09T17:00:00Z,14370.0,14370.0,False,False,False,
2023-07-09T18:00:00Z,14505.0,14505.0,False,False,False,
2023-07-09T19:00:00Z,14855.0,14855.0,False,False,False,
2023-07-09T20:00:00Z,15575.0,15575.0,False,False,False,
2023-07-09T21:00:00Z,16251.0,16251.0,False,False,False,
2023-07-09T22:00:00Z,16674.0,16674.0,False,False,False,
2023-07-09T23:00:00Z,16598.0,16598.0,False,False,False,
2023-07-10T00:00:00Z,16030.0,16030.0,False,False,False,
2023-07-10T01:00:00Z,15380.0,15380.0,False,False,False,
2023-07-10T02:00:00Z,14849.0,14849.0,False,False,False,
2023-07-10T03:00:00Z,13809.0,13809.0,False,False,False,
2023-07-10T04:00:00Z,12681.0,12681.0,False,False,False,
2023-07-10T05:00:00Z,11709.0,11709.0,False,False,False,
2023-07-10T06:00:00Z,11032.0,11032.0,False,False,False,
2023-07-10T07:00:00Z,10585.0,10585.0,False,False,False,
2023-07-10T08:00:00Z,10292.0,10292.0,False,False,False,
2023-07-10T09:00:00Z,10282.0,10282.0,False,False,False,
2023-07-10T10:00:00Z,10682.0,10682.0,False,False,False,
2023-07-10T11:00:00Z,11284.0,11284.0,False,False,False,
2023-07-10T12:00:00Z,11880.0,11880.0,False,False,False,
2023-07-10T13:00:00Z,12347.0,12347.0,False,False,False,
2023-07-10T14:00:00Z,12767.0,12767.0,False,False,False,
2023-07-10T15:00:00Z,13233.0,13233.0,False,False,False,
2023-07-10T16:00:00Z,13766.0,13766.0,False,False,False,
2023-07-10T17:00:00Z,14458.0,14458.0,False,False,False,
2023-07-10T18:00:00Z,15273.0,15273.0,False,False,False,
2023-07-10T19:00:00Z,16077.0,16077.0,False,False,False,
2023-07-10T20:00:00Z,16738.0,16738.0,False,False,False,
2023-07-10T21:00:00Z,17213.0,17213.0,False,False,False,
2023-07-10T22:00:00Z,17463.0,17463.0,False,False,False,
2023-07-10T23:00:00Z,17413.0,17413.0,False,False,False,
2023-07-11T00:00:00Z,16834.0,16834.0,False,False,False,
2023-07-11T01:00:00Z,15958.0,15958.0,False,False,False,
2023-07-11T02:00:00Z,15231.0,15231.0,False,False,False,
2023-07-11T03:00:00Z,14013.0,14013.0,False,False,False,
2023-07-11T04:00:00Z,12680.0,12680.0,False,False,False,
2023-07-11T05:00:00Z,11626.0,11626.0,False,False,False,
2023-07-11T06:00:00Z,10895.0,10895.0,False,False,False,
2023-07-11T07:00:00Z,10366.0,10366.0,False,False,False,
2023-07-11T08:00:00Z,10053.0,10053.0,False,False,False,
2023-07-11T09:00:00Z,10003.0,10003.0,False,False,False,
2023-07-11T10:00:00Z,10320.0,10320.0,False,False,False,
2023-07-11T11:00:00Z,10803.0,10803.0,False,False,False,
2023-07-11T12:00:00Z,11496.0,11496.0,False,False,False,
2023-07-11T13:00:00Z,12225.0,12225.0,False,False,False,
2023-07-11T14:00:00Z,13017.0,13017.0,False,False,False,
2023-07-11T15:00:00Z,13942.0,13942.0,False,False,False,
2023-07-11T16:00:00Z,14938.0,14938.0,False,False,False,
2023-07-11T17:00:00Z,15888.0,15888.0,False,False,False,
2023-07-11T18:00:00Z,16816.0,16816.0,False,False,False,
2023-07-11T19:00:00Z,17584.0,17584.0,False,False,False,
2023-07-11T20:00:00Z,18121.0,18121.0,False,False,False,
2023-07-11T21:00:00Z,18495.0,18495.0,False,False,False,
2023-07-11T22:00:00Z,18680.0,18680.0,False,False,False,
2023-07-11T23:00:00Z,18550.0,18550.0,False,False,False,
2023-07-12T00:00:00Z,17868.0,17868.0,False,False,False,
2023-07-12T01:00:00Z,16877.0,16877.0,False,False,False,
2023-07-12T02:00:00Z,16049.0,16049.0,False,False,False,
2023-07-12T03:00:00Z,14688.0,14688.0,False,False,False,
2023-07-12T04:00:00Z,13268.0,13268.0,False,False,False,
2023-07-12T05:00:00Z,12101.0,12101.0,False,False,False,
2023-07-12T06:00:00Z,11280.0,11280.0,False,False,False,
2023-07-12T07:00:00Z,10663.0,10663.0,False,False,False,
2023-07-12T08:00:00Z,10269.0,10269.0,False,False,False,
2023-07-12T09:00:00Z,10178.0,10178.0,False,False,False,
2023-07-12T10:00:00Z,10471.0,10471.0,False,False,False,
2023-07-12T11:00:00Z,10939.0,10939.0,False,False,False,
2023-07-12T12:00:00Z,11692.0,11692.0,False,False,False,
2023-07-12T13:00:00Z,12554.0,12554.0,False,False,False,
2023-07-12T14:00:00Z,13568.0,13568.0,False,False,False,
2023-07-12T15:00:00Z,14856.0,14856.0,False,False,False,
2023-07-12T16:00:00Z,16087.0,16087.0,False,False,False,
2023-07-12T17:00:00Z,17140.0,17140.0,False,False,False,
2023-07-12T18:00:00Z,17929.0,17929.0,False,False,False,
2023-07-12T19:00:00Z,18541.0,18541.0,False,False,False,
2023-07-12T20:00:00Z,19026.0,19026.0,False,False,False,
2023-07-12T21:00:00Z,19354.0,19354.0,False,False,False,
2023-07-12T22:00:00Z,19422.0,19422.0,False,False,False,
2023-07-12T23:00:00Z,19119.0,19119.0,False,False,False,
2023-07-13T00:00:00Z,18542.0,18542.0,False,False,False,
2023-07-13T01:00:00Z,17434.0,17434.0,False,False,False,
2023-07-13T02:00:00Z,16527.0,16527.0,False,False,False,
2023-07-13T03:00:00Z,15108.0,15108.0,False,False,False,
2023-07-13T04:00:00Z,13650.0,13650.0,False,False,False,
2023-07-13T05:00:00Z,12556.0,12556.0,False,False,False,
2023-07-13T06:00:00Z,11718.0,11718.0,False,False,False,
2023-07-13T07:00:00Z,11183.0,11183.0,False,False,False,
2023-07-13T08:00:00Z,10780.0,10780.0,False,False,False,
2023-07-13T09:00:00Z,10715.0,10715.0,False,False,False,
2023-07-13T10:00:00Z,10993.0,10993.0,False,False,False,
2023-07-13T11:00:00Z,11491.0,11491.0,False,False,False,
2023-07-13T12:00:00Z,12312.0,12312.0,False,False,False,
2023-07-13T13:00:00Z,13254.0,13254.0,False,False,False,
2023-07-13T14:00:00Z,14409.0,14409.0,False,False,False,
2023-07-13T15:00:00Z,15803.0,15803.0,False,False,False,
2023-07-13T16:00:00Z,17145.0,17145.0,False,False,False,
2023-07-13T17:00:00Z,18354.0,18354.0,False,False,False,
2023-07-13T18:00:00Z,19255.0,19255.0,False,False,False,
2023-07-13T19:00:00Z,19868.0,19868.0,False,False,False,
2023-07-13T20:00:00Z,20199.0,20199.0,False,False,False,
2023-07-13T21:00:00Z,20346.0,20346.0,False,False,False,
2023-07-13T22:00:00Z,20180.0,20180.0,False,False,False,
2023-07-13T23:00:00Z,19738.0,19738.0,False,False,False,
2023-07-14T00:00:00Z,19049.0,19049.0,False,False,False,
2023-07-14T01:00:00Z,18338.0,18338.0,False,False,False,
2023-07-14T02:00:00Z,17618.0,17618.0,False,False,False,
2023-07-14T03:00:00Z,16355.0,16355.0,False,False,False,
2023-07-14T04:00:00Z,15024.0,15024.0,False,False,False,
2023-07-14T05:00:00Z,13857.0,13857.0,False,False,False,
2023-07-14T06:00:00Z,12880.0,12880.0,False,False,False,
2023-07-14T07:00:00Z,12162.0,12162.0,False,False,False,
2023-07-14T08:00:00Z,11648.0,11648.0,False,False,False,
2023-07-14T09:00:00Z,11513.0,11513.0,False,False,False,
2023-07-14T10:00:00Z,11677.0,11677.0,False,False,False,
2023-07-14T11:00:00Z,12021.0,12021.0,False,False,False,
2023-07-14T12:00:00Z,12551.0,12551.0,False,False,False,
2023-07-14T13:00:00Z,13223.0,13223.0,False,False,False,
2023-07-14T14:00:00Z,14109.0,14109.0,False,False,False,
2023-07-14T15:00:00Z,15255.0,15255.0,False,False,False,
2023-07-14T16:00:00Z,16363.0,16363.0,False,False,False,
2023-07-14T17:00:00Z,17366.0,17366.0,False,False,False,
2023-07-14T18:00:00Z,18262.0,18262.0,False,False,False,
2023-07-14T19:00:00Z,18844.0,18844.0,False,False,False,
2023-07-14T20:00:00Z,19152.0,19152.0,False,False,False,
2023-07-14T21:00:00Z,19156.0,19156.0,False,False,False,
2023-07-14T22:00:00Z,18868.0,18868.0,False,False,False,
2023-07-14T23:00:00Z,18506.0,18506.0,False,False,False,
2023-07-15T00:00:00Z,17755.0,17755.0,False,False,False,
2023-07-15T01:00:00Z,16944.0,16944.0,False,False,False,
2023-07-15T02:00:00Z,16304.0,16304.0,False,False,False,
2023-07-15T03:00:00Z,15178.0,15178.0,False,False,False,
2023-07-15T04:00:00Z,13960.0,13960.0,False,False,False,
2023-07-15T05:00:00Z,12899.0,12899.0,False,False,False,
2023-07-15T06:00:00Z,12060.0,12060.0,False,False,False,
2023-07-15T07:00:00Z,11466.0,11466.0,False,False,False,
2023-07-15T08:00:00Z,11015.0,11015.0,False,False,False,
2023-07-15T09:00:00Z,10806.0,10806.0,False,False,False,
2023-07-15T10:00:00Z,10771.0,10771.0,False,False,False,
2023-07-15T11:00:00Z,10817.0,10817.0,False,False,False,
2023-07-15T12:00:00Z,11202.0,11202.0,False,False,False,
2023-07-15T13:00:00Z,11960.0,11960.0,False,False,False,
2023-07-15T14:00:00Z,12947.0,12947.0,False,False,False,
2023-07-15T15:00:00Z,14061.0,14061.0,False,False,False,
2023-07-15T16:00:00Z,15283.0,15283.0,False,False,False,
2023-07-15T17:00:00Z,16383.0,16383.0,False,False,False,
2023-07-15T18:00:00Z,17281.0,17281.0,False,False,False,
2023-07-15T19:00:00Z,17992.0,17992.0,False,False,False,
2023-07-15T20:00:00Z,18391.0,18391.0,False,False,False,
2023-07-15T21:00:00Z,18455.0,18455.0,False,False,False,
2023-07-15T22:00:00Z,18355.0,18355.0,False,False,False,
2023-07-15T23:00:00Z,17704.0,17704.0,False,False,False,
2023-07-16T00:00:00Z,16856.0,16856.0,False,False,False,
2023-07-16T01:00:00Z,16153.0,16153.0,False,False,False,
2023-07-16T02:00:00Z,15576.0,15576.0,False,False,False,
2023-07-16T03:00:00Z,14569.0,14569.0,False,False,False,
2023-07-16T04:00:00Z,13533.0,13533.0,False,False,False,
2023-07-16T05:00:00Z,12742.0,12742.0,False,False,False,
2023-07-16T06:00:00Z,11909.0,11909.0,False,False,False,
2023-07-16T07:00:00Z,11422.0,11422.0,False,False,False,
2023-07-16T08:00:00Z,11042.0,11042.0,False,False,False,
2023-07-16T09:00:00Z,10804.0,10804.0,False,False,False,
2023-07-16T10:00:00Z,10705.0,10705.0,False,False,False,
2023-07-16T11:00:00Z,10655.0,10655.0,False,False,False,
2023-07-16T12:00:00Z,10993.0,10993.0,False,False,False,
2023-07-16T13:00:00Z,12001.0,12001.0,False,False,False,
2023-07-16T14:00:00Z,13207.0,13207.0,False,False,False,
2023-07-16T15:00:00Z,14329.0,14329.0,False,False,False,
2023-07-16T16:00:00Z,15415.0,15415.0,False,False,False,
2023-07-16T17:00:00Z,16382.0,16382.0,False,False,False,
2023-07-16T18:00:00Z,17017.0,17017.0,False,False,False,
2023-07-16T19:00:00Z,17524.0,17524.0,False,False,False,
2023-07-16T20:00:00Z,17954.0,17954.0,False,False,False,
2023-07-16T21:00:00Z,18300.0,18300.0,False,False,False,
2023-07-16T22:00:00Z,18425.0,18425.0,False,False,False,
2023-07-16T23:00:00Z,18205.0,18205.0,False,False,False,
2023-07-17T00:00:00Z,17550.0,17550.0,False,False,False,
2023-07-17T01:00:00Z,16663.0,16663.0,False,False,False,
2023-07-17T02:00:00Z,15868.0,15868.0,False,False,False,
2023-07-17T03:00:00Z,14634.0,14634.0,False,False,False,
2023-07-17T04:00:00Z,13316.0,13316.0,False,False,False,
2023-07-17T05:00:00Z,12234.0,12234.0,False,False,False,
2023-07-17T06:00:00Z,11343.0,11343.0,False,False,False,
2023-07-17T07:00:00Z,10766.0,10766.0,False,False,False,
2023-07-17T08:00:00Z,10377.0,10377.0,False,False,False,
2023-07-17T09:00:00Z,10289.0,10289.0,False,False,False,
2023-07-17T10:00:00Z,10619.0,10619.0,False,False,False,
2023-07-17T11:00:00Z,11111.0,11111.0,False,False,False,
2023-07-17T12:00:00Z,11711.0,11711.0,False,False,False,
2023-07-17T13:00:00Z,12437.0,12437.0,False,False,False,
2023-07-17T14:00:00Z,13203.0,13203.0,False,False,False,
2023-07-17T15:00:00Z,14193.0,14193.0,False,False,False,
2023-07-17T16:00:00Z,15194.0,15194.0,False,False,False,
2023-07-17T17:00:00Z,16129.0,16129.0,False,False,False,
2023-07-17T18:00:00Z,16918.0,16918.0,False,False,False,
2023-07-17T19:00:00Z,17525.0,17525.0,False,False,False,
2023-07-17T20:00:00Z,17805.0,17805.0,False,False,False,
2023-07-17T21:00:00Z,18022.0,18022.0,False,False,False,
2023-07-17T22:00:00Z,18030.0,18030.0,False,False,False,
2023-07-17T23:00:00Z,17776.0,17776.0,False,False,False,
2023-07-18T00:00:00Z,17181.0,17181.0,False,False,False,
2023-07-18T01:00:00Z,16378.0,16378.0,False,False,False,
2023-07-18T02:00:00Z,15580.0,15580.0,False,False,False,
2023-07-18T03:00:00Z,14323.0,14323.0,False,False,False,
2023-07-18T04:00:00Z,12914.0,12914.0,False,False,False,
2023-07-18T05:00:00Z,11856.0,11856.0,False,False,False,
2023-07-18T06:00:00Z,11038.0,11038.0,False,False,False,
2023-07-18T07:00:00Z,10528.0,10528.0,False,False,False,
2023-07-18T08:00:00Z,10190.0,10190.0,False,False,False,
2023-07-18T09:00:00Z,10168.0,10168.0,False,False,False,
2023-07-18T10:00:00Z,10482.0,10482.0,False,False,False,
2023-07-18T11:00:00Z,11017.0,11017.0,False,False,False,
2023-07-18T12:00:00Z,11677.0,11677.0,False,False,False,
2023-07-18T13:00:00Z,12451.0,12451.0,False,False,False,
2023-07-18T14:00:00Z,13418.0,13418.0,False,False,False,
2023-07-18T15:00:00Z,14644.0,14644.0,False,False,False,
2023-07-18T16:00:00Z,15925.0,15925.0,False,False,False,
2023-07-18T17:00:00Z,17045.0,17045.0,False,False,False,
2023-07-18T18:00:00Z,18044.0,18044.0,False,False,False,
2023-07-18T19:00:00Z,18888.0,18888.0,False,False,False,
2023-07-18T20:00:00Z,19406.0,19406.0,False,False,False,
2023-07-18T21:00:00Z,19659.0,19659.0,False,False,False,
2023-07-18T22:00:00Z,19661.0,19661.0,False,False,False,
2023-07-18T23:00:00Z,19004.0,19004.0,False,False,False,
2023-07-19T00:00:00Z,18352.0,18352.0,False,False,False,
2023-07-19T01:00:00Z,17563.0,17563.0,False,False,False,
2023-07-19T02:00:00Z,16760.0,16760.0,False,False,False,
2023-07-19T03:00:00Z,15461.0,15461.0,False,False,False,
2023-07-19T04:00:00Z,14202.0,14202.0,False,False,False,
2023-07-19T05:00:00Z,13165.0,13165.0,False,False,False,
2023-07-19T06:00:00Z,12453.0,12453.0,False,False,False,
2023-07-19T07:00:00Z,11947.0,11947.0,False,False,False,
2023-07-19T08:00:00Z,11561.0,11561.0,False,False,False,
2023-07-19T09:00:00Z,11524.0,11524.0,False,False,False,
2023-07-19T10:00:00Z,11823.0,11823.0,False,False,False,
2023-07-19T11:00:00Z,12304.0,12304.0,False,False,False,
2023-07-19T12:00:00Z,12877.0,12877.0,False,False,False,
2023-07-19T13:00:00Z,13579.0,13579.0,False,False,False,
2023-07-19T14:00:00Z,14262.0,14262.0,False,False,False,
2023-07-19T15:00:00Z,15158.0,15158.0,False,False,False,
2023-07-19T16:00:00Z,16137.0,16137.0,False,False,False,
2023-07-19T17:00:00Z,17168.0,17168.0,False,False,False,
2023-07-19T18:00:00Z,18025.0,18025.0,False,False,False,
2023-07-19T19:00:00Z,18563.0,18563.0,False,False,False,
2023-07-19T20:00:00Z,18616.0,18616.0,False,False,False,
2023-07-19T21:00:00Z,18433.0,18433.0,False,False,False,
2023-07-19T22:00:00Z,18259.0,18259.0,False,False,False,
2023-07-19T23:00:00Z,18129.0,18129.0,False,False,False,
2023-07-20T00:00:00Z,17602.0,17602.0,False,False,False,
2023-07-20T01:00:00Z,16758.0,16758.0,False,False,False,
2023-07-20T02:00:00Z,16155.0,16155.0,False,False,False,
2023-07-20T03:00:00Z,14878.0,14878.0,False,False,False,
2023-07-20T04:00:00Z,13616.0,13616.0,False,False,False,
2023-07-20T05:00:00Z,12592.0,12592.0,False,False,False,
2023-07-20T06:00:00Z,11706.0,11706.0,False,False,False,
2023-07-20T07:00:00Z,11156.0,11156.0,False,False,False,
2023-07-20T08:00:00Z,10735.0,10735.0,False,False,False,
2023-07-20T09:00:00Z,10681.0,10681.0,False,False,False,
2023-07-20T10:00:00Z,10985.0,10985.0,False,False,False,
2023-07-20T11:00:00Z,11474.0,11474.0,False,False,False,
2023-07-20T12:00:00Z,12183.0,12183.0,False,False,False,
2023-07-20T13:00:00Z,13043.0,13043.0,False,False,False,
2023-07-20T14:00:00Z,14046.0,14046.0,False,False,False,
2023-07-20T15:00:00Z,15201.0,15201.0,False,False,False,
2023-07-20T16:00:00Z,16215.0,16215.0,False,False,False,
2023-07-20T17:00:00Z,16806.0,16806.0,False,False,False,
2023-07-20T18:00:00Z,17183.0,17183.0,False,False,False,
2023-07-20T19:00:00Z,17357.0,17357.0,False,False,False,
2023-07-20T20:00:00Z,17292.0,17292.0,False,False,False,
2023-07-20T21:00:00Z,17276.0,17276.0,False,False,False,
2023-07-20T22:00:00Z,17110.0,17110.0,False,False,False,
2023-07-20T23:00:00Z,16853.0,16853.0,False,False,False,
2023-07-21T00:00:00Z,16299.0,16299.0,False,False,False,
2023-07-21T01:00:00Z,15759.0,15759.0,False,False,False,
2023-07-21T02:00:00Z,15185.0,15185.0,False,False,False,
2023-07-21T03:00:00Z,14173.0,14173.0,False,False,False,
2023-07-21T04:00:00Z,13033.0,13033.0,False,False,False,
2023-07-21T05:00:00Z,12089.0,12089.0,False,False,False,
2023-07-21T06:00:00Z,11394.0,11394.0,False,False,False,
2023-07-21T07:00:00Z,10920.0,10920.0,False,False,False,
2023-07-21T08:00:00Z,10593.0,10593.0,False,False,False,
2023-07-21T09:00:00Z,10523.0,10523.0,False,False,False,
2023-07-21T10:00:00Z,10784.0,10784.0,False,False,False,
2023-07-21T11:00:00Z,11202.0,11202.0,False,False,False,
2023-07-21T12:00:00Z,11898.0,11898.0,False,False,False,
2023-07-21T13:00:00Z,12802.0,12802.0,False,False,False,
2023-07-21T14:00:00Z,13771.0,13771.0,False,False,False,
2023-07-21T15:00:00Z,14932.0,14932.0,False,False,False,
2023-07-21T16:00:00Z,16145.0,16145.0,False,False,False,
2023-07-21T17:00:00Z,17164.0,17164.0,False,False,False,
2023-07-21T18:00:00Z,18047.0,18047.0,False,False,False,
2023-07-21T19:00:00Z,18731.0,18731.0,False,False,False,
2023-07-21T20:00:00Z,19079.0,19079.0,False,False,False,
2023-07-21T21:00:00Z,19244.0,19244.0,False,False,False,
2023-07-21T22:00:00Z,19304.0,19304.0,False,False,False,
2023-07-21T23:00:00Z,18861.0,18861.0,False,False,False,
2023-07-22T00:00:00Z,17900.0,17900.0,False,False,False,
2023-07-22T01:00:00Z,16778.0,16778.0,False,False,False,
2023-07-22T02:00:00Z,15933.0,15933.0,False,False,False,
2023-07-22T03:00:00Z,14697.0,14697.0,False,False,False,
2023-07-22T04:00:00Z,13433.0,13433.0,False,False,False,
2023-07-22T05:00:00Z,12353.0,12353.0,False,False,False,
2023-07-22T06:00:00Z,11509.0,11509.0,False,False,False,
2023-07-22T07:00:00Z,10932.0,10932.0,False,False,False,
2023-07-22T08:00:00Z,10496.0,10496.0,False,False,False,
2023-07-22T09:00:00Z,10339.0,10339.0,False,False,False,
2023-07-22T10:00:00Z,10342.0,10342.0,False,False,False,
2023-07-22T11:00:00Z,10425.0,10425.0,False,False,False,
2023-07-22T12:00:00Z,10611.0,10611.0,False,False,False,
2023-07-22T13:00:00Z,11147.0,11147.0,False,False,False,
2023-07-22T14:00:00Z,11736.0,11736.0,False,False,False,
2023-07-22T15:00:00Z,12488.0,12488.0,False,False,False,
2023-07-22T16:00:00Z,13248.0,13248.0,False,False,False,
2023-07-22T17:00:00Z,14133.0,14133.0,False,False,False,
2023-07-22T18:00:00Z,14904.0,14904.0,False,False,False,
2023-07-22T19:00:00Z,15482.0,15482.0,False,False,False,
2023-07-22T20:00:00Z,15865.0,15865.0,False,False,False,
2023-07-22T21:00:00Z,16132.0,16132.0,False,False,False,
2023-07-22T22:00:00Z,16254.0,16254.0,False,False,False,
2023-07-22T23:00:00Z,16022.0,16022.0,False,False,False,
2023-07-23T00:00:00Z,15446.0,15446.0,False,False,False,
2023-07-23T01:00:00Z,14724.0,14724.0,False,False,False,
2023-07-23T02:00:00Z,14159.0,14159.0,False,False,False,
2023-07-23T03:00:00Z,13196.0,13196.0,False,False,False,
2023-07-23T04:00:00Z,12177.0,12177.0,False,False,False,
2023-07-23T05:00:00Z,11262.0,11262.0,False,False,False,
2023-07-23T06:00:00Z,10559.0,10559.0,False,False,False,
2023-07-23T07:00:00Z,10054.0,10054.0,False,False,False,
2023-07-23T08:00:00Z,9684.0,9684.0,False,False,False,
2023-07-23T09:00:00Z,9477.0,9477.0,False,False,False,
2023-07-23T10:00:00Z,9439.0,9439.0,False,False,False,
2023-07-23T11:00:00Z,9439.0,9439.0,False,False,False,
2023-07-23T12:00:00Z,9801.0,9801.0,False,False,False,
2023-07-23T13:00:00Z,10708.0,10708.0,False,False,False,
2023-07-23T14:00:00Z,11781.0,11781.0,False,False,False,
2023-07-23T15:00:00Z,12709.0,12709.0,False,False,False,
2023-07-23T16:00:00Z,13679.0,13679.0,False,False,False,
2023-07-23T17:00:00Z,14594.0,14594.0,False,False,False,
2023-07-23T18:00:00Z,15219.0,15219.0,False,False,False,
2023-07-23T19:00:00Z,15682.0,15682.0,False,False,False,
2023-07-23T20:00:00Z,15938.0,15938.0,False,False,False,
2023-07-23T21:00:00Z,16313.0,16313.0,False,False,False,
2023-07-23T22:00:00Z,16519.0,16519.0,False,False,False,
2023-07-23T23:00:00Z,16217.0,16217.0,False,False,False,
2023-07-24T00:00:00Z,15466.0,15466.0,False,False,False,
2023-07-24T01:00:00Z,14742.0,14742.0,False,False,False,
2023-07-24T02:00:00Z,14165.0,14165.0,False,False,False,
2023-07-24T03:00:00Z,13152.0,13152.0,False,False,False,
2023-07-24T04:00:00Z,12048.0,12048.0,False,False,False,
2023-07-24T05:00:00Z,11175.0,11175.0,False,False,False,
2023-07-24T06:00:00Z,10566.0,10566.0,False,False,False,
2023-07-24T07:00:00Z,10179.0,10179.0,False,False,False,
2023-07-24T08:00:00Z,9933.0,9933.0,False,False,False,
2023-07-24T09:00:00Z,9956.0,9956.0,False,False,False,
2023-07-24T10:00:00Z,10413.0,10413.0,False,False,False,
2023-07-24T11:00:00Z,11031.0,11031.0,False,False,False,
2023-07-24T12:00:00Z,11677.0,11677.0,False,False,False,
2023-07-24T13:00:00Z,12387.0,12387.0,False,False,False,
2023-07-24T14:00:00Z,13087.0,13087.0,False,False,False,
2023-07-24T15:00:00Z,13965.0,13965.0,False,False,False,
2023-07-24T16:00:00Z,14921.0,14921.0,False,False,False,
2023-07-24T17:00:00Z,15915.0,15915.0,False,False,False,
2023-07-24T18:00:00Z,16927.0,16927.0,False,False,False,
2023-07-24T19:00:00Z,17608.0,17608.0,False,False,False,
2023-07-24T20:00:00Z,18258.0,18258.0,False,False,False,
2023-07-24T21:00:00Z,18672.0,18672.0,False,False,False,
2023-07-24T22:00:00Z,18821.0,18821.0,False,False,False,
2023-07-24T23:00:00Z,18570.0,18570.0,False,False,False,
2023-07-25T00:00:00Z,17834.0,17834.0,False,False,False,
2023-07-25T01:00:00Z,16874.0,16874.0,False,False,False,
2023-07-25T02:00:00Z,16043.0,16043.0,False,False,False,
2023-07-25T03:00:00Z,14643.0,14643.0,False,False,False,
2023-07-25T04:00:00Z,13285.0,13285.0,False,False,False,
2023-07-25T05:00:00Z,12161.0,12161.0,False,False,False,
2023-07-25T06:00:00Z,11298.0,11298.0,False,False,False,
2023-07-25T07:00:00Z,10764.0,10764.0,False,False,False,
2023-07-25T08:00:00Z,10413.0,10413.0,False,False,False,
2023-07-25T09:00:00Z,10377.0,10377.0,False,False,False,
2023-07-25T10:00:00Z,10693.0,10693.0,False,False,False,
2023-07-25T11:00:00Z,11239.0,11239.0,False,False,False,
2023-07-25T12:00:00Z,11874.0,11874.0,False,False,False,
2023-07-25T13:00:00Z,12709.0,12709.0,False,False,False,
2023-07-25T14:00:00Z,13772.0,13772.0,False,False,False,
2023-07-25T15:00:00Z,15085.0,15085.0,False,False,False,
2023-07-25T16:00:00Z,16362.0,16362.0,False,False,False,
2023-07-25T17:00:00Z,17507.0,17507.0,False,False,False,
2023-07-25T18:00:00Z,18404.0,18404.0,False,False,False,
2023-07-25T19:00:00Z,19051.0,19051.0,False,False,False,
2023-07-25T20:00:00Z,19498.0,19498.0,False,False,False,
2023-07-25T21:00:00Z,19703.0,19703.0,False,False,False,
2023-07-25T22:00:00Z,19585.0,19585.0,False,False,False,
2023-07-25T23:00:00Z,19185.0,19185.0,False,False,False,
2023-07-26T00:00:00Z,18382.0,18382.0,False,False,False,
2023-07-26T01:00:00Z,17438.0,17438.0,False,False,False,
2023-07-26T02:00:00Z,16654.0,16654.0,False,False,False,
2023-07-26T03:00:00Z,15281.0,15281.0,False,False,False,
2023-07-26T04:00:00Z,13786.0,13786.0,False,False,False,
2023-07-26T05:00:00Z,12661.0,12661.0,False,False,False,
2023-07-26T06:00:00Z,11800.0,11800.0,False,False,False,
2023-07-26T07:00:00Z,11217.0,11217.0,False,False,False,
2023-07-26T08:00:00Z,10826.0,10826.0,False,False,False,
2023-07-26T09:00:00Z,10747.0,10747.0,False,False,False,
2023-07-26T10:00:00Z,11045.0,11045.0,False,False,False,
2023-07-26T11:00:00Z,11588.0,11588.0,False,False,False,
2023-07-26T12:00:00Z,12240.0,12240.0,False,False,False,
2023-07-26T13:00:00Z,13160.0,13160.0,False,False,False,
2023-07-26T14:00:00Z,14327.0,14327.0,False,False,False,
2023-07-26T15:00:00Z,15738.0,15738.0,False,False,False,
2023-07-26T16:00:00Z,17114.0,17114.0,False,False,False,
2023-07-26T17:00:00Z,18320.0,18320.0,False,False,False,
2023-07-26T18:00:00Z,19243.0,19243.0,False,False,False,
2023-07-26T19:00:00Z,19897.0,19897.0,False,False,False,
2023-07-26T20:00:00Z,20334.0,20334.0,False,False,False,
2023-07-26T21:00:00Z,20502.0,20502.0,False,False,False,
2023-07-26T22:00:00Z,20502.0,20502.0,False,False,False,
2023-07-26T23:00:00Z,20180.0,20180.0,False,False,False,
2023-07-27T00:00:00Z,19444.0,19444.0,False,False,False,
2023-07-27T01:00:00Z,18440.0,18440.0,False,False,False,
2023-07-27T02:00:00Z,17507.0,17507.0,False,False,False,
2023-07-27T03:00:00Z,16098.0,16098.0,False,False,False,
2023-07-27T04:00:00Z,14651.0,14651.0,False,False,False,
2023-07-27T05:00:00Z,13490.0,13490.0,False,False,False,
2023-07-27T06:00:00Z,12610.0,12610.0,False,False,False,
2023-07-27T07:00:00Z,12050.0,12050.0,False,False,False,
2023-07-27T08:00:00Z,11522.0,11522.0,False,False,False,
2023-07-27T09:00:00Z,11374.0,11374.0,False,False,False,
2023-07-27T10:00:00Z,11651.0,11651.0,False,False,False,
2023-07-27T11:00:00Z,12146.0,12146.0,False,False,False,
2023-07-27T12:00:00Z,12718.0,12718.0,False,False,False,
2023-07-27T13:00:00Z,13721.0,13721.0,False,False,False,
2023-07-27T14:00:00Z,14927.0,14927.0,False,False,False,
2023-07-27T15:00:00Z,16371.0,16371.0,False,False,False,
2023-07-27T16:00:00Z,17807.0,17807.0,False,False,False,
2023-07-27T17:00:00Z,19077.0,19077.0,False,False,False,
2023-07-27T18:00:00Z,19974.0,19974.0,False,False,False,
2023-07-27T19:00:00Z,20622.0,20622.0,False,False,False,
2023-07-27T20:00:00Z,21011.0,21011.0,False,False,False,
2023-07-27T21:00:00Z,21133.0,21133.0,False,False,False,
2023-07-27T22:00:00Z,21128.0,21128.0,False,False,False,
2023-07-27T23:00:00Z,20809.0,20809.0,False,False,False,
2023-07-28T00:00:00Z,20125.0,20125.0,False,False,False,
2023-07-28T01:00:00Z,19225.0,19225.0,False,False,False,
2023-07-28T02:00:00Z,18368.0,18368.0,False,False,False,
2023-07-28T03:00:00Z,16925.0,16925.0,False,False,False,
2023-07-28T04:00:00Z,15525.0,15525.0,False,False,False,
2023-07-28T05:00:00Z,14287.0,14287.0,False,False,False,
2023-07-28T06:00:00Z,13386.0,13386.0,False,False,False,
2023-07-28T07:00:00Z,12720.0,12720.0,False,False,False,
2023-07-28T08:00:00Z,12249.0,12249.0,False,False,False,
2023-07-28T09:00:00Z,12057.0,12057.0,False,False,False,
2023-07-28T10:00:00Z,12247.0,12247.0,False,False,False,
2023-07-28T11:00:00Z,12610.0,12610.0,False,False,False,
2023-07-28T12:00:00Z,13109.0,13109.0,False,False,False,
2023-07-28T13:00:00Z,14145.0,14145.0,False,False,False,
2023-07-28T14:00:00Z,15367.0,15367.0,False,False,False,
2023-07-28T15:00:00Z,16801.0,16801.0,False,False,False,
2023-07-28T16:00:00Z,18169.0,18169.0,False,False,False,
2023-07-28T17:00:00Z,19306.0,19306.0,False,False,False,
2023-07-28T18:00:00Z,20101.0,20101.0,False,False,False,
2023-07-28T19:00:00Z,20626.0,20626.0,False,False,False,
2023-07-28T20:00:00Z,20832.0,20832.0,False,False,False,
2023-07-28T21:00:00Z,20789.0,20789.0,False,False,False,
2023-07-28T22:00:00Z,20340.0,20340.0,False,False,False,
2023-07-28T23:00:00Z,19363.0,19363.0,False,False,False,
2023-07-29T00:00:00Z,18228.0,18228.0,False,False,False,
2023-07-29T01:00:00Z,17417.0,17417.0,False,False,False,
2023-07-29T02:00:00Z,16666.0,16666.0,False,False,False,
2023-07-29T03:00:00Z,15517.0,15517.0,False,False,False,
2023-07-29T04:00:00Z,14333.0,14333.0,False,False,False,
2023-07-29T05:00:00Z,13312.0,13312.0,False,False,False,
2023-07-29T06:00:00Z,12539.0,12539.0,False,False,False,
2023-07-29T07:00:00Z,11923.0,11923.0,False,False,False,
2023-07-29T08:00:00Z,11465.0,11465.0,False,False,False,
2023-07-29T09:00:00Z,11230.0,11230.0,False,False,False,
2023-07-29T10:00:00Z,11232.0,11232.0,False,False,False,
2023-07-29T11:00:00Z,11302.0,11302.0,False,False,False,
2023-07-29T12:00:00Z,11587.0,11587.0,False,False,False,
2023-07-29T13:00:00Z,12318.0,12318.0,False,False,False,
2023-07-29T14:00:00Z,13130.0,13130.0,False,False,False,
2023-07-29T15:00:00Z,14066.0,14066.0,False,False,False,
2023-07-29T16:00:00Z,15089.0,15089.0,False,False,False,
2023-07-29T17:00:00Z,15923.0,15923.0,False,False,False,
2023-07-29T18:00:00Z,16705.0,16705.0,False,False,False,
2023-07-29T19:00:00Z,16942.0,16942.0,False,False,False,
2023-07-29T20:00:00Z,17398.0,17398.0,False,False,False,
2023-07-29T21:00:00Z,18251.0,18251.0,False,False,False,
2023-07-29T22:00:00Z,18733.0,18733.0,False,False,False,
2023-07-29T23:00:00Z,18485.0,18485.0,False,False,False,
2023-07-30T00:00:00Z,17435.0,17435.0,False,False,False,
2023-07-30T01:00:00Z,16161.0,16161.0,False,False,False,
2023-07-30T02:00:00Z,14993.0,14993.0,False,False,False,
2023-07-30T03:00:00Z,13812.0,13812.0,False,False,False,
2023-07-30T04:00:00Z,12733.0,12733.0,False,False,False,
2023-07-30T05:00:00Z,11816.0,11816.0,False,False,False,
2023-07-30T06:00:00Z,11102.0,11102.0,False,False,False,
2023-07-30T07:00:00Z,10568.0,10568.0,False,False,False,
2023-07-30T08:00:00Z,10167.0,10167.0,False,False,False,
2023-07-30T09:00:00Z,9954.0,9954.0,False,False,False,
2023-07-30T10:00:00Z,9921.0,9921.0,False,False,False,
2023-07-30T11:00:00Z,9966.0,9966.0,False,False,False,
2023-07-30T12:00:00Z,10317.0,10317.0,False,False,False,
2023-07-30T13:00:00Z,11308.0,11308.0,False,False,False,
2023-07-30T14:00:00Z,12310.0,12310.0,False,False,False,
2023-07-30T15:00:00Z,13294.0,13294.0,False,False,False,
2023-07-30T16:00:00Z,14248.0,14248.0,False,False,False,
2023-07-30T17:00:00Z,15185.0,15185.0,False,False,False,
2023-07-30T18:00:00Z,15906.0,15906.0,False,False,False,
2023-07-30T19:00:00Z,16201.0,16201.0,False,False,False,
2023-07-30T20:00:00Z,16223.0,16223.0,False,False,False,
2023-07-30T21:00:00Z,16084.0,16084.0,False,False,False,
2023-07-30T22:00:00Z,16084.0,16084.0,False,False,False,
2023-07-30T23:00:00Z,16053.0,16053.0,False,False,False,
2023-07-31T00:00:00Z,15775.0,15775.0,False,False,False,
2023-07-31T01:00:00Z,15209.0,15209.0,False,False,False,
2023-07-31T02:00:00Z,14602.0,14602.0,False,False,False,
2023-07-31T03:00:00Z,13522.0,13522.0,False,False,False,
2023-07-31T04:00:00Z,12391.0,12391.0,False,False,False,
2023-07-31T05:00:00Z,11481.0,11481.0,False,False,False,
2023-07-31T06:00:00Z,10792.0,10792.0,False,False,False,
2023-07-31T07:00:00Z,10351.0,10351.0,False,False,False,
2023-07-31T08:00:00Z,10118.0,10118.0,False,False,False,
2023-07-31T09:00:00Z,10155.0,10155.0,False,False,False,
2023-07-31T10:00:00Z,10575.0,10575.0,False,False,False,
2023-07-31T11:00:00Z,11243.0,11243.0,False,False,False,
2023-07-31T12:00:00Z,11928.0,11928.0,False,False,False,
2023-07-31T13:00:00Z,12817.0,12817.0,False,False,False,
2023-07-31T14:00:00Z,13839.0,13839.0,False,False,False,
2023-07-31T15:00:00Z,14967.0,14967.0,False,False,False,
2023-07-31T16:00:00Z,16071.0,16071.0,False,False,False,
2023-07-31T17:00:00Z,17038.0,17038.0,False,False,False,
2023-07-31T18:00:00Z,17811.0,17811.0,False,False,False,
2023-07-31T19:00:00Z,18446.0,18446.0,False,False,False,
2023-07-31T20:00:00Z,18906.0,18906.0,False,False,False,
2023-07-31T21:00:00Z,19088.0,19088.0,False,False,False,
2023-07-31T22:00:00Z,18977.0,18977.0,False,False,False,
2023-07-31T23:00:00Z,18626.0,18626.0,False,False,False,
2023-08-01T00:00:00Z,17809.0,17809.0,False,False,False,
2023-08-01T01:00:00Z,16886.0,16886.0,False,False,False,
2023-08-01T02:00:00Z,15992.0,15992.0,False,False,False,
2023-08-01T03:00:00Z,14759.0,14759.0,False,False,False,
2023-08-01T04:00:00Z,13276.0,13276.0,False,False,False,
2023-08-01T05:00:00Z,12214.0,12214.0,False,False,False,
2023-08-01T06:00:00Z,11484.0,11484.0,False,False,False,
2023-08-01T07:00:00Z,10933.0,10933.0,False,False,False,
2023-08-01T08:00:00Z,10579.0,10579.0,False,False,False,
2023-08-01T09:00:00Z,10535.0,10535.0,False,False,False,
2023-08-01T10:00:00Z,10863.0,10863.0,False,False,False,
2023-08-01T11:00:00Z,11431.0,11431.0,False,False,False,
2023-08-01T12:00:00Z,11990.0,11990.0,False,False,False,
2023-08-01T13:00:00Z,12625.0,12625.0,False,False,False,
2023-08-01T14:00:00Z,13406.0,13406.0,False,False,False,
2023-08-01T15:00:00Z,14303.0,14303.0,False,False,False,
2023-08-01T16:00:00Z,15280.0,15280.0,False,False,False,
2023-08-01T17:00:00Z,16150.0,16150.0,False,False,False,
2023-08-01T18:00:00Z,17055.0,17055.0,False,False,False,
2023-08-01T19:00:00Z,17651.0,17651.0,False,False,False,
2023-08-01T20:00:00Z,18039.0,18039.0,False,False,False,
2023-08-01T21:00:00Z,18409.0,18409.0,False,False,False,
2023-08-01T22:00:00Z,18384.0,18384.0,False,False,False,
2023-08-01T23:00:00Z,18025.0,18025.0,False,False,False,
2023-08-02T00:00:00Z,17221.0,17221.0,False,False,False,
2023-08-02T01:00:00Z,16350.0,16350.0,False,False,False,
2023-08-02T02:00:00Z,15553.0,15553.0,False,False,False,
2023-08-02T03:00:00Z,14258.0,14258.0,False,False,False,
2023-08-02T04:00:00Z,12947.0,12947.0,False,False,False,
2023-08-02T05:00:00Z,11846.0,11846.0,False,False,False,
2023-08-02T06:00:00Z,11101.0,11101.0,False,False,False,
2023-08-02T07:00:00Z,10572.0,10572.0,False,False,False,
2023-08-02T08:00:00Z,10217.0,10217.0,False,False,False,
2023-08-02T09:00:00Z,10144.0,10144.0,False,False,False,
2023-08-02T10:00:00Z,10484.0,10484.0,False,False,False,
2023-08-02T11:00:00Z,11001.0,11001.0,False,False,False,
2023-08-02T12:00:00Z,11531.0,11531.0,False,False,False,
2023-08-02T13:00:00Z,12108.0,12108.0,False,False,False,
2023-08-02T14:00:00Z,12689.0,12689.0,False,False,False,
2023-08-02T15:00:00Z,13465.0,13465.0,False,False,False,
2023-08-02T16:00:00Z,14383.0,14383.0,False,False,False,
2023-08-02T17:00:00Z,15239.0,15239.0,False,False,False,
2023-08-02T18:00:00Z,16003.0,16003.0,False,False,False,
2023-08-02T19:00:00Z,16482.0,16482.0,False,False,False,
2023-08-02T20:00:00Z,16861.0,16861.0,False,False,False,
2023-08-02T21:00:00Z,17149.0,17149.0,False,False,False,
2023-08-02T22:00:00Z,17135.0,17135.0,False,False,False,
2023-08-02T23:00:00Z,16808.0,16808.0,False,False,False,
2023-08-03T00:00:00Z,16108.0,16108.0,False,False,False,
2023-08-03T01:00:00Z,15595.0,15595.0,False,False,False,
2023-08-03T02:00:00Z,14975.0,14975.0,False,False,False,
2023-08-03T03:00:00Z,13907.0,13907.0,False,False,False,
2023-08-03T04:00:00Z,12762.0,12762.0,False,False,False,
2023-08-03T05:00:00Z,11840.0,11840.0,False,False,False,
2023-08-03T06:00:00Z,11181.0,11181.0,False,False,False,
2023-08-03T07:00:00Z,10749.0,10749.0,False,False,False,
2023-08-03T08:00:00Z,10490.0,10490.0,False,False,False,
2023-08-03T09:00:00Z,10522.0,10522.0,False,False,False,
2023-08-03T10:00:00Z,10883.0,10883.0,False,False,False,
2023-08-03T11:00:00Z,11554.0,11554.0,False,False,False,
2023-08-03T12:00:00Z,12070.0,12070.0,False,False,False,
2023-08-03T13:00:00Z,12450.0,12450.0,False,False,False,
2023-08-03T14:00:00Z,12709.0,12709.0,False,False,False,
2023-08-03T15:00:00Z,12998.0,12998.0,False,False,False,
2023-08-03T16:00:00Z,13164.0,13164.0,False,False,False,
2023-08-03T17:00:00Z,13264.0,13264.0,False,False,False,
2023-08-03T18:00:00Z,13335.0,13335.0,False,False,False,
2023-08-03T19:00:00Z,13292.0,13292.0,False,False,False,
2023-08-03T20:00:00Z,13333.0,13333.0,False,False,False,
2023-08-03T21:00:00Z,13324.0,13324.0,False,False,False,
2023-08-03T22:00:00Z,13314.0,13314.0,False,False,False,
2023-08-03T23:00:00Z,13271.0,13271.0,False,False,False,
2023-08-04T00:00:00Z,13113.0,13113.0,False,False,False,
2023-08-04T01:00:00Z,13132.0,13132.0,False,False,False,
2023-08-04T02:00:00Z,12908.0,12908.0,False,False,False,
2023-08-04T03:00:00Z,12206.0,12206.0,False,False,False,
2023-08-04T04:00:00Z,11391.0,11391.0,False,False,False,
2023-08-04T05:00:00Z,10699.0,10699.0,False,False,False,
2023-08-04T06:00:00Z,10216.0,10216.0,False,False,False,
2023-08-04T07:00:00Z,9949.0,9949.0,False,False,False,
2023-08-04T08:00:00Z,9813.0,9813.0,False,False,False,
2023-08-04T09:00:00Z,9937.0,9937.0,False,False,False,
2023-08-04T10:00:00Z,10339.0,10339.0,False,False,False,
2023-08-04T11:00:00Z,11002.0,11002.0,False,False,False,
2023-08-04T12:00:00Z,11554.0,11554.0,False,False,False,
2023-08-04T13:00:00Z,12050.0,12050.0,False,False,False,
2023-08-04T14:00:00Z,12552.0,12552.0,False,False,False,
2023-08-04T15:00:00Z,13195.0,13195.0,False,False,False,
2023-08-04T16:00:00Z,13856.0,13856.0,False,False,False,
2023-08-04T17:00:00Z,14565.0,14565.0,False,False,False,
2023-08-04T18:00:00Z,15068.0,15068.0,False,False,False,
2023-08-04T19:00:00Z,15638.0,15638.0,False,False,False,
2023-08-04T20:00:00Z,16085.0,16085.0,False,False,False,
2023-08-04T21:00:00Z,16486.0,16486.0,False,False,False,
2023-08-04T22:00:00Z,16672.0,16672.0,False,False,False,
2023-08-04T23:00:00Z,16472.0,16472.0,False,False,False,
2023-08-05T00:00:00Z,15819.0,15819.0,False,False,False,
2023-08-05T01:00:00Z,15174.0,15174.0,False,False,False,
2023-08-05T02:00:00Z,14532.0,14532.0,False,False,False,
2023-08-05T03:00:00Z,13471.0,13471.0,False,False,False,
2023-08-05T04:00:00Z,12367.0,12367.0,False,False,False,
2023-08-05T05:00:00Z,11386.0,11386.0,False,False,False,
2023-08-05T06:00:00Z,10684.0,10684.0,False,False,False,
2023-08-05T07:00:00Z,10161.0,10161.0,False,False,False,
2023-08-05T08:00:00Z,9806.0,9806.0,False,False,False,
2023-08-05T09:00:00Z,9626.0,9626.0,False,False,False,
2023-08-05T10:00:00Z,9619.0,9619.0,False,False,False,
2023-08-05T11:00:00Z,9676.0,9676.0,False,False,False,
2023-08-05T12:00:00Z,9974.0,9974.0,False,False,False,
2023-08-05T13:00:00Z,10817.0,10817.0,False,False,False,
2023-08-05T14:00:00Z,12006.0,12006.0,False,False,False,
2023-08-05T15:00:00Z,13285.0,13285.0,False,False,False,
2023-08-05T16:00:00Z,14592.0,14592.0,False,False,False,
2023-08-05T17:00:00Z,15715.0,15715.0,False,False,False,
2023-08-05T18:00:00Z,16683.0,16683.0,False,False,False,
2023-08-05T19:00:00Z,17341.0,17341.0,False,False,False,
2023-08-05T20:00:00Z,17848.0,17848.0,False,False,False,
2023-08-05T21:00:00Z,18171.0,18171.0,False,False,False,
2023-08-05T22:00:00Z,18287.0,18287.0,False,False,False,
2023-08-05T23:00:00Z,18061.0,18061.0,False,False,False,
2023-08-06T00:00:00Z,17374.0,17374.0,False,False,False,
2023-08-06T01:00:00Z,16475.0,16475.0,False,False,False,
2023-08-06T02:00:00Z,15642.0,15642.0,False,False,False,
2023-08-06T03:00:00Z,14465.0,14465.0,False,False,False,
2023-08-06T04:00:00Z,13245.0,13245.0,False,False,False,
2023-08-06T05:00:00Z,12246.0,12246.0,False,False,False,
2023-08-06T06:00:00Z,11451.0,11451.0,False,False,False,
2023-08-06T07:00:00Z,10884.0,10884.0,False,False,False,
2023-08-06T08:00:00Z,10447.0,10447.0,False,False,False,
2023-08-06T09:00:00Z,10209.0,10209.0,False,False,False,
2023-08-06T10:00:00Z,10084.0,10084.0,False,False,False,
2023-08-06T11:00:00Z,10033.0,10033.0,False,False,False,
2023-08-06T12:00:00Z,10316.0,10316.0,False,False,False,
2023-08-06T13:00:00Z,11415.0,11415.0,False,False,False,
2023-08-06T14:00:00Z,12725.0,12725.0,False,False,False,
2023-08-06T15:00:00Z,14134.0,14134.0,False,False,False,
2023-08-06T16:00:00Z,15492.0,15492.0,False,False,False,
2023-08-06T17:00:00Z,16546.0,16546.0,False,False,False,
2023-08-06T18:00:00Z,17424.0,17424.0,False,False,False,
2023-08-06T19:00:00Z,17694.0,17694.0,False,False,False,
2023-08-06T20:00:00Z,17383.0,17383.0,False,False,False,
2023-08-06T21:00:00Z,16494.0,16494.0,False,False,False,
2023-08-06T22:00:00Z,15949.0,15949.0,False,False,False,
2023-08-06T23:00:00Z,15433.0,15433.0,False,False,False,
2023-08-07T00:00:00Z,14888.0,14888.0,False,False,False,
2023-08-07T01:00:00Z,14577.0,14577.0,False,False,False,
2023-08-07T02:00:00Z,14050.0,14050.0,False,False,False,
2023-08-07T03:00:00Z,13288.0,13288.0,False,False,False,
2023-08-07T04:00:00Z,12239.0,12239.0,False,False,False,
2023-08-07T05:00:00Z,11515.0,11515.0,False,False,False,
2023-08-07T06:00:00Z,10990.0,10990.0,False,False,False,
2023-08-07T07:00:00Z,10649.0,10649.0,False,False,False,
2023-08-07T08:00:00Z,10474.0,10474.0,False,False,False,
2023-08-07T09:00:00Z,10595.0,10595.0,False,False,False,
2023-08-07T10:00:00Z,11073.0,11073.0,False,False,False,
2023-08-07T11:00:00Z,11809.0,11809.0,False,False,False,
2023-08-07T12:00:00Z,12389.0,12389.0,False,False,False,
2023-08-07T13:00:00Z,12998.0,12998.0,False,False,False,
2023-08-07T14:00:00Z,13734.0,13734.0,False,False,False,
2023-08-07T15:00:00Z,14735.0,14735.0,False,False,False,
2023-08-07T16:00:00Z,15845.0,15845.0,False,False,False,
2023-08-07T17:00:00Z,17046.0,17046.0,False,False,False,
2023-08-07T18:00:00Z,18153.0,18153.0,False,False,False,
2023-08-07T19:00:00Z,19037.0,19037.0,False,False,False,
2023-08-07T20:00:00Z,19363.0,19363.0,False,False,False,
2023-08-07T21:00:00Z,18874.0,18874.0,False,False,False,
2023-08-07T22:00:00Z,17196.0,17196.0,False,False,False,
2023-08-07T23:00:00Z,15682.0,15682.0,False,False,False,
2023-08-08T00:00:00Z,14821.0,14821.0,False,False,False,
2023-08-08T01:00:00Z,14284.0,14284.0,False,False,False,
2023-08-08T02:00:00Z,13834.0,13834.0,False,False,False,
2023-08-08T03:00:00Z,12898.0,12898.0,False,False,False,
2023-08-08T04:00:00Z,11995.0,11995.0,False,False,False,
2023-08-08T05:00:00Z,11234.0,11234.0,False,False,False,
2023-08-08T06:00:00Z,10719.0,10719.0,False,False,False,
2023-08-08T07:00:00Z,10399.0,10399.0,False,False,False,
2023-08-08T08:00:00Z,10190.0,10190.0,False,False,False,
2023-08-08T09:00:00Z,10210.0,10210.0,False,False,False,
2023-08-08T10:00:00Z,10628.0,10628.0,False,False,False,
2023-08-08T11:00:00Z,11291.0,11291.0,False,False,False,
2023-08-08T12:00:00Z,11847.0,11847.0,False,False,False,
2023-08-08T13:00:00Z,12501.0,12501.0,False,False,False,
2023-08-08T14:00:00Z,13286.0,13286.0,False,False,False,
2023-08-08T15:00:00Z,14267.0,14267.0,False,False,False,
2023-08-08T16:00:00Z,15158.0,15158.0,False,False,False,
2023-08-08T17:00:00Z,16082.0,16082.0,False,False,False,
2023-08-08T18:00:00Z,16881.0,16881.0,False,False,False,
2023-08-08T19:00:00Z,17268.0,17268.0,False,False,False,
2023-08-08T20:00:00Z,17558.0,17558.0,False,False,False,
2023-08-08T21:00:00Z,17641.0,17641.0,False,False,False,
2023-08-08T22:00:00Z,17353.0,17353.0,False,False,False,
2023-08-08T23:00:00Z,16817.0,16817.0,False,False,False,
2023-08-09T00:00:00Z,16092.0,16092.0,False,False,False,
2023-08-09T01:00:00Z,15587.0,15587.0,False,False,False,
2023-08-09T02:00:00Z,14906.0,14906.0,False,False,False,
2023-08-09T03:00:00Z,13775.0,13775.0,False,False,False,
2023-08-09T04:00:00Z,12584.0,12584.0,False,False,False,
2023-08-09T05:00:00Z,11592.0,11592.0,False,False,False,
2023-08-09T06:00:00Z,10885.0,10885.0,False,False,False,
2023-08-09T07:00:00Z,10365.0,10365.0,False,False,False,
2023-08-09T08:00:00Z,10050.0,10050.0,False,False,False,
2023-08-09T09:00:00Z,10008.0,10008.0,False,False,False,
2023-08-09T10:00:00Z,10332.0,10332.0,False,False,False,
2023-08-09T11:00:00Z,10957.0,10957.0,False,False,False,
2023-08-09T12:00:00Z,11496.0,11496.0,False,False,False,
2023-08-09T13:00:00Z,12222.0,12222.0,False,False,False,
2023-08-09T14:00:00Z,13044.0,13044.0,False,False,False,
2023-08-09T15:00:00Z,14045.0,14045.0,False,False,False,
2023-08-09T16:00:00Z,15015.0,15015.0,False,False,False,
2023-08-09T17:00:00Z,15955.0,15955.0,False,False,False,
2023-08-09T18:00:00Z,16799.0,16799.0,False,False,False,
2023-08-09T19:00:00Z,17459.0,17459.0,False,False,False,
2023-08-09T20:00:00Z,17993.0,17993.0,False,False,False,
2023-08-09T21:00:00Z,18305.0,18305.0,False,False,False,
2023-08-09T22:00:00Z,18307.0,18307.0,False,False,False,
2023-08-09T23:00:00Z,17933.0,17933.0,False,False,False,
2023-08-10T00:00:00Z,17161.0,17161.0,False,False,False,
2023-08-10T01:00:00Z,16397.0,16397.0,False,False,False,
2023-08-10T02:00:00Z,15567.0,15567.0,False,False,False,
2023-08-10T03:00:00Z,14327.0,14327.0,False,False,False,
2023-08-10T04:00:00Z,13060.0,13060.0,False,False,False,
2023-08-10T05:00:00Z,12151.0,12151.0,False,False,False,
2023-08-10T06:00:00Z,11525.0,11525.0,False,False,False,
2023-08-10T07:00:00Z,11074.0,11074.0,False,False,False,
2023-08-10T08:00:00Z,10758.0,10758.0,False,False,False,
2023-08-10T09:00:00Z,10740.0,10740.0,False,False,False,
2023-08-10T10:00:00Z,11135.0,11135.0,False,False,False,
2023-08-10T11:00:00Z,11888.0,11888.0,False,False,False,
2023-08-10T12:00:00Z,12442.0,12442.0,False,False,False,
2023-08-10T13:00:00Z,12743.0,12743.0,False,False,False,
2023-08-10T14:00:00Z,12973.0,12973.0,False,False,False,
2023-08-10T15:00:00Z,13255.0,13255.0,False,False,False,
2023-08-10T16:00:00Z,13755.0,13755.0,False,False,False,
2023-08-10T17:00:00Z,14480.0,14480.0,False,False,False,
2023-08-10T18:00:00Z,15301.0,15301.0,False,False,False,
2023-08-10T19:00:00Z,16026.0,16026.0,False,False,False,
2023-08-10T20:00:00Z,16666.0,16666.0,False,False,False,
2023-08-10T21:00:00Z,17233.0,17233.0,False,False,False,
2023-08-10T22:00:00Z,17545.0,17545.0,False,False,False,
2023-08-10T23:00:00Z,17408.0,17408.0,False,False,False,
2023-08-11T00:00:00Z,16832.0,16832.0,False,False,False,
2023-08-11T01:00:00Z,16145.0,16145.0,False,False,False,
2023-08-11T02:00:00Z,15389.0,15389.0,False,False,False,
2023-08-11T03:00:00Z,14181.0,14181.0,False,False,False,
2023-08-11T04:00:00Z,12928.0,12928.0,False,False,False,
2023-08-11T05:00:00Z,11846.0,11846.0,False,False,False,
2023-08-11T06:00:00Z,11087.0,11087.0,False,False,False,
2023-08-11T07:00:00Z,10549.0,10549.0,False,False,False,
2023-08-11T08:00:00Z,10206.0,10206.0,False,False,False,
2023-08-11T09:00:00Z,10131.0,10131.0,False,False,False,
2023-08-11T10:00:00Z,10418.0,10418.0,False,False,False,
2023-08-11T11:00:00Z,10978.0,10978.0,False,False,False,
2023-08-11T12:00:00Z,11498.0,11498.0,False,False,False,
2023-08-11T13:00:00Z,12232.0,12232.0,False,False,False,
2023-08-11T14:00:00Z,13061.0,13061.0,False,False,False,
2023-08-11T15:00:00Z,13926.0,13926.0,False,False,False,
2023-08-11T16:00:00Z,14666.0,14666.0,False,False,False,
2023-08-11T17:00:00Z,15225.0,15225.0,False,False,False,
2023-08-11T18:00:00Z,15737.0,15737.0,False,False,False,
2023-08-11T19:00:00Z,16190.0,16190.0,False,False,False,
2023-08-11T20:00:00Z,16525.0,16525.0,False,False,False,
2023-08-11T21:00:00Z,16860.0,16860.0,False,False,False,
2023-08-11T22:00:00Z,17090.0,17090.0,False,False,False,
2023-08-11T23:00:00Z,16795.0,16795.0,False,False,False,
2023-08-12T00:00:00Z,16178.0,16178.0,False,False,False,
2023-08-12T01:00:00Z,15583.0,15583.0,False,False,False,
2023-08-12T02:00:00Z,14901.0,14901.0,False,False,False,
2023-08-12T03:00:00Z,13896.0,13896.0,False,False,False,
2023-08-12T04:00:00Z,12861.0,12861.0,False,False,False,
2023-08-12T05:00:00Z,11820.0,11820.0,False,False,False,
2023-08-12T06:00:00Z,11097.0,11097.0,False,False,False,
2023-08-12T07:00:00Z,10620.0,10620.0,False,False,False,
2023-08-12T08:00:00Z,10269.0,10269.0,False,False,False,
2023-08-12T09:00:00Z,10098.0,10098.0,False,False,False,
2023-08-12T10:00:00Z,10084.0,10084.0,False,False,False,
2023-08-12T11:00:00Z,10196.0,10196.0,False,False,False,
2023-08-12T12:00:00Z,10475.0,10475.0,False,False,False,
2023-08-12T13:00:00Z,11368.0,11368.0,False,False,False,
2023-08-12T14:00:00Z,12548.0,12548.0,False,False,False,
2023-08-12T15:00:00Z,13942.0,13942.0,False,False,False,
2023-08-12T16:00:00Z,15386.0,15386.0,False,False,False,
2023-08-12T17:00:00Z,16606.0,16606.0,False,False,False,
2023-08-12T18:00:00Z,17522.0,17522.0,False,False,False,
2023-08-12T19:00:00Z,18221.0,18221.0,False,False,False,
2023-08-12T20:00:00Z,18731.0,18731.0,False,False,False,
2023-08-12T21:00:00Z,18908.0,18908.0,False,False,False,
2023-08-12T22:00:00Z,18629.0,18629.0,False,False,False,
2023-08-12T23:00:00Z,17651.0,17651.0,False,False,False,
2023-08-13T00:00:00Z,16686.0,16686.0,False,False,False,
2023-08-13T01:00:00Z,15931.0,15931.0,False,False,False,
2023-08-13T02:00:00Z,15049.0,15049.0,False,False,False,
2023-08-13T03:00:00Z,14006.0,14006.0,False,False,False,
2023-08-13T04:00:00Z,12926.0,12926.0,False,False,False,
2023-08-13T05:00:00Z,11971.0,11971.0,False,False,False,
2023-08-13T06:00:00Z,11197.0,11197.0,False,False,False,
2023-08-13T07:00:00Z,10633.0,10633.0,False,False,False,
2023-08-13T08:00:00Z,10215.0,10215.0,False,False,False,
2023-08-13T09:00:00Z,9987.0,9987.0,False,False,False,
2023-08-13T10:00:00Z,9890.0,9890.0,False,False,False,
2023-08-13T11:00:00Z,9867.0,9867.0,False,False,False,
2023-08-13T12:00:00Z,10149.0,10149.0,False,False,False,
2023-08-13T13:00:00Z,11081.0,11081.0,False,False,False,
2023-08-13T14:00:00Z,12197.0,12197.0,False,False,False,
2023-08-13T15:00:00Z,13337.0,13337.0,False,False,False,
2023-08-13T16:00:00Z,14584.0,14584.0,False,False,False,
2023-08-13T17:00:00Z,15813.0,15813.0,False,False,False,
2023-08-13T18:00:00Z,16980.0,16980.0,False,False,False,
2023-08-13T19:00:00Z,17924.0,17924.0,False,False,False,
2023-08-13T20:00:00Z,18574.0,18574.0,False,False,False,
2023-08-13T21:00:00Z,19118.0,19118.0,False,False,False,
2023-08-13T22:00:00Z,19466.0,19466.0,False,False,False,
2023-08-13T23:00:00Z,19307.0,19307.0,False,False,False,
2023-08-14T00:00:00Z,18684.0,18684.0,False,False,False,
2023-08-14T01:00:00Z,17949.0,17949.0,False,False,False,
2023-08-14T02:00:00Z,16976.0,16976.0,False,False,False,
2023-08-14T03:00:00Z,15642.0,15642.0,False,False,False,
2023-08-14T04:00:00Z,14328.0,14328.0,False,False,False,
2023-08-14T05:00:00Z,13243.0,13243.0,False,False,False,
2023-08-14T06:00:00Z,12425.0,12425.0,False,False,False,
2023-08-14T07:00:00Z,11862.0,11862.0,False,False,False,
2023-08-14T08:00:00Z,11465.0,11465.0,False,False,False,
2023-08-14T09:00:00Z,11395.0,11395.0,False,False,False,
2023-08-14T10:00:00Z,11776.0,11776.0,False,False,False,
2023-08-14T11:00:00Z,12444.0,12444.0,False,False,False,
2023-08-14T12:00:00Z,12996.0,12996.0,False,False,False,
2023-08-14T13:00:00Z,13893.0,13893.0,False,False,False,
2023-08-14T14:00:00Z,15076.0,15076.0,False,False,False,
2023-08-14T15:00:00Z,16545.0,16545.0,False,False,False,
2023-08-14T16:00:00Z,17991.0,17991.0,False,False,False,
2023-08-14T17:00:00Z,19243.0,19243.0,False,False,False,
2023-08-14T18:00:00Z,20087.0,20087.0,False,False,False,
2023-08-14T19:00:00Z,20658.0,20658.0,False,False,False,
2023-08-14T20:00:00Z,20965.0,20965.0,False,False,False,
2023-08-14T21:00:00Z,20896.0,20896.0,False,False,False,
2023-08-14T22:00:00Z,20718.0,20718.0,False,False,False,
2023-08-14T23:00:00Z,20423.0,20423.0,False,False,False,
2023-08-15T00:00:00Z,19791.0,19791.0,False,False,False,
2023-08-15T01:00:00Z,19142.0,19142.0,False,False,False,
2023-08-15T02:00:00Z,18207.0,18207.0,False,False,False,
2023-08-15T03:00:00Z,16844.0,16844.0,False,False,False,
2023-08-15T04:00:00Z,15549.0,15549.0,False,False,False,
2023-08-15T05:00:00Z,14535.0,14535.0,False,False,False,
2023-08-15T06:00:00Z,13784.0,13784.0,False,False,False,
2023-08-15T07:00:00Z,13201.0,13201.0,False,False,False,
2023-08-15T08:00:00Z,12798.0,12798.0,False,False,False,
2023-08-15T09:00:00Z,12728.0,12728.0,False,False,False,
2023-08-15T10:00:00Z,12958.0,12958.0,False,False,False,
2023-08-15T11:00:00Z,13561.0,13561.0,False,False,False,
2023-08-15T12:00:00Z,13965.0,13965.0,False,False,False,
2023-08-15T13:00:00Z,14679.0,14679.0,False,False,False,
2023-08-15T14:00:00Z,15741.0,15741.0,False,False,False,
2023-08-15T15:00:00Z,17046.0,17046.0,False,False,False,
2023-08-15T16:00:00Z,18353.0,18353.0,False,False,False,
2023-08-15T17:00:00Z,19433.0,19433.0,False,False,False,
2023-08-15T18:00:00Z,20178.0,20178.0,False,False,False,
2023-08-15T19:00:00Z,20361.0,20361.0,False,False,False,
2023-08-15T20:00:00Z,19769.0,19769.0,False,False,False,
2023-08-15T21:00:00Z,18664.0,18664.0,False,False,False,
2023-08-15T22:00:00Z,17781.0,17781.0,False,False,False,
2023-08-15T23:00:00Z,17359.0,17359.0,False,False,False,
2023-08-16T00:00:00Z,16756.0,16756.0,False,False,False,
2023-08-16T01:00:00Z,16295.0,16295.0,False,False,False,
2023-08-16T02:00:00Z,15679.0,15679.0,False,False,False,
2023-08-16T03:00:00Z,14486.0,14486.0,False,False,False,
2023-08-16T04:00:00Z,13291.0,13291.0,False,False,False,
2023-08-16T05:00:00Z,12243.0,12243.0,False,False,False,
2023-08-16T06:00:00Z,11434.0,11434.0,False,False,False,
2023-08-16T07:00:00Z,10909.0,10909.0,False,False,False,
2023-08-16T08:00:00Z,10536.0,10536.0,False,False,False,
2023-08-16T09:00:00Z,10389.0,10389.0,False,False,False,
2023-08-16T10:00:00Z,10716.0,10716.0,False,False,False,
2023-08-16T11:00:00Z,11378.0,11378.0,False,False,False,
2023-08-16T12:00:00Z,11779.0,11779.0,False,False,False,
2023-08-16T13:00:00Z,12389.0,12389.0,False,False,False,
2023-08-16T14:00:00Z,13121.0,13121.0,False,False,False,
2023-08-16T15:00:00Z,14003.0,14003.0,False,False,False,
2023-08-16T16:00:00Z,14882.0,14882.0,False,False,False,
2023-08-16T17:00:00Z,15789.0,15789.0,False,False,False,
2023-08-16T18:00:00Z,16669.0,16669.0,False,False,False,
2023-08-16T19:00:00Z,17394.0,17394.0,False,False,False,
2023-08-16T20:00:00Z,17924.0,17924.0,False,False,False,
2023-08-16T21:00:00Z,18231.0,18231.0,False,False,False,
2023-08-16T22:00:00Z,18337.0,18337.0,False,False,False,
2023-08-16T23:00:00Z,18098.0,18098.0,False,False,False,
2023-08-17T00:00:00Z,17315.0,17315.0,False,False,False,
2023-08-17T01:00:00Z,16510.0,16510.0,False,False,False,
2023-08-17T02:00:00Z,15587.0,15587.0,False,False,False,
2023-08-17T03:00:00Z,14220.0,14220.0,False,False,False,
2023-08-17T04:00:00Z,12935.0,12935.0,False,False,False,
2023-08-17T05:00:00Z,11897.0,11897.0,False,False,False,
2023-08-17T06:00:00Z,11151.0,11151.0,False,False,False,
2023-08-17T07:00:00Z,10731.0,10731.0,False,False,False,
2023-08-17T08:00:00Z,10431.0,10431.0,False,False,False,
2023-08-17T09:00:00Z,10413.0,10413.0,False,False,False,
2023-08-17T10:00:00Z,10764.0,10764.0,False,False,False,
2023-08-17T11:00:00Z,11541.0,11541.0,False,False,False,
2023-08-17T12:00:00Z,11995.0,11995.0,False,False,False,
2023-08-17T13:00:00Z,12563.0,12563.0,False,False,False,
2023-08-17T14:00:00Z,13319.0,13319.0,False,False,False,
2023-08-17T15:00:00Z,14230.0,14230.0,False,False,False,
2023-08-17T16:00:00Z,15327.0,15327.0,False,False,False,
2023-08-17T17:00:00Z,16403.0,16403.0,False,False,False,
2023-08-17T18:00:00Z,17349.0,17349.0,False,False,False,
2023-08-17T19:00:00Z,17980.0,17980.0,False,False,False,
2023-08-17T20:00:00Z,18471.0,18471.0,False,False,False,
2023-08-17T21:00:00Z,18753.0,18753.0,False,False,False,
2023-08-17T22:00:00Z,18790.0,18790.0,False,False,False,
2023-08-17T23:00:00Z,18405.0,18405.0,False,False,False,
2023-08-18T00:00:00Z,17604.0,17604.0,False,False,False,
2023-08-18T01:00:00Z,16725.0,16725.0,False,False,False,
2023-08-18T02:00:00Z,15770.0,15770.0,False,False,False,
2023-08-18T03:00:00Z,14499.0,14499.0,False,False,False,
2023-08-18T04:00:00Z,13119.0,13119.0,False,False,False,
2023-08-18T05:00:00Z,12022.0,12022.0,False,False,False,
2023-08-18T06:00:00Z,11249.0,11249.0,False,False,False,
2023-08-18T07:00:00Z,10675.0,10675.0,False,False,False,
2023-08-18T08:00:00Z,10322.0,10322.0,False,False,False,
2023-08-18T09:00:00Z,10215.0,10215.0,False,False,False,
2023-08-18T10:00:00Z,10507.0,10507.0,False,False,False,
2023-08-18T11:00:00Z,11151.0,11151.0,False,False,False,
2023-08-18T12:00:00Z,11594.0,11594.0,False,False,False,
2023-08-18T13:00:00Z,12261.0,12261.0,False,False,False,
2023-08-18T14:00:00Z,13126.0,13126.0,False,False,False,
2023-08-18T15:00:00Z,14148.0,14148.0,False,False,False,
2023-08-18T16:00:00Z,15155.0,15155.0,False,False,False,
2023-08-18T17:00:00Z,16040.0,16040.0,False,False,False,
2023-08-18T18:00:00Z,16865.0,16865.0,False,False,False,
2023-08-18T19:00:00Z,17399.0,17399.0,False,False,False,
2023-08-18T20:00:00Z,17808.0,17808.0,False,False,False,
2023-08-18T21:00:00Z,18099.0,18099.0,False,False,False,
2023-08-18T22:00:00Z,18086.0,18086.0,False,False,False,
2023-08-18T23:00:00Z,17581.0,17581.0,False,False,False,
2023-08-19T00:00:00Z,16537.0,16537.0,False,False,False,
2023-08-19T01:00:00Z,15610.0,15610.0,False,False,False,
2023-08-19T02:00:00Z,14640.0,14640.0,False,False,False,
2023-08-19T03:00:00Z,13438.0,13438.0,False,False,False,
2023-08-19T04:00:00Z,12204.0,12204.0,False,False,False,
2023-08-19T05:00:00Z,11178.0,11178.0,False,False,False,
2023-08-19T06:00:00Z,10390.0,10390.0,False,False,False,
2023-08-19T07:00:00Z,9847.0,9847.0,False,False,False,
2023-08-19T08:00:00Z,9453.0,9453.0,False,False,False,
2023-08-19T09:00:00Z,9251.0,9251.0,False,False,False,
2023-08-19T10:00:00Z,9261.0,9261.0,False,False,False,
2023-08-19T11:00:00Z,9343.0,9343.0,False,False,False,
2023-08-19T12:00:00Z,9580.0,9580.0,False,False,False,
2023-08-19T13:00:00Z,10202.0,10202.0,False,False,False,
2023-08-19T14:00:00Z,10936.0,10936.0,False,False,False,
2023-08-19T15:00:00Z,11714.0,11714.0,False,False,False,
2023-08-19T16:00:00Z,12498.0,12498.0,False,False,False,
2023-08-19T17:00:00Z,13294.0,13294.0,False,False,False,
2023-08-19T18:00:00Z,14125.0,14125.0,False,False,False,
2023-08-19T19:00:00Z,14963.0,14963.0,False,False,False,
2023-08-19T20:00:00Z,15725.0,15725.0,False,False,False,
2023-08-19T21:00:00Z,16364.0,16364.0,False,False,False,
2023-08-19T22:00:00Z,16615.0,16615.0,False,False,False,
2023-08-19T23:00:00Z,16372.0,16372.0,False,False,False,
2023-08-20T00:00:00Z,15548.0,15548.0,False,False,False,
2023-08-20T01:00:00Z,14738.0,14738.0,False,False,False,
2023-08-20T02:00:00Z,13825.0,13825.0,False,False,False,
2023-08-20T03:00:00Z,12714.0,12714.0,False,False,False,
2023-08-20T04:00:00Z,11636.0,11636.0,False,False,False,
2023-08-20T05:00:00Z,10747.0,10747.0,False,False,False,
2023-08-20T06:00:00Z,10070.0,10070.0,False,False,False,
2023-08-20T07:00:00Z,9567.0,9567.0,False,False,False,
2023-08-20T08:00:00Z,9247.0,9247.0,False,False,False,
2023-08-20T09:00:00Z,9055.0,9055.0,False,False,False,
2023-08-20T10:00:00Z,9002.0,9002.0,False,False,False,
2023-08-20T11:00:00Z,9059.0,9059.0,False,False,False,
2023-08-20T12:00:00Z,9293.0,9293.0,False,False,False,
2023-08-20T13:00:00Z,10079.0,10079.0,False,False,False,
2023-08-20T14:00:00Z,11067.0,11067.0,False,False,False,
2023-08-20T15:00:00Z,12206.0,12206.0,False,False,False,
2023-08-20T16:00:00Z,13504.0,13504.0,False,False,False,
2023-08-20T17:00:00Z,14859.0,14859.0,False,False,False,
2023-08-20T18:00:00Z,15970.0,15970.0,False,False,False,
2023-08-20T19:00:00Z,16857.0,16857.0,False,False,False,
2023-08-20T20:00:00Z,17556.0,17556.0,False,False,False,
2023-08-20T21:00:00Z,18124.0,18124.0,False,False,False,
2023-08-20T22:00:00Z,18399.0,18399.0,False,False,False,
2023-08-20T23:00:00Z,18302.0,18302.0,False,False,False,
2023-08-21T00:00:00Z,17527.0,17527.0,False,False,False,
2023-08-21T01:00:00Z,16710.0,16710.0,False,False,False,
2023-08-21T02:00:00Z,15626.0,15626.0,False,False,False,
2023-08-21T03:00:00Z,14245.0,14245.0,False,False,False,
2023-08-21T04:00:00Z,12966.0,12966.0,False,False,False,
2023-08-21T05:00:00Z,11922.0,11922.0,False,False,False,
2023-08-21T06:00:00Z,11191.0,11191.0,False,False,False,
2023-08-21T07:00:00Z,10696.0,10696.0,False,False,False,
2023-08-21T08:00:00Z,10388.0,10388.0,False,False,False,
2023-08-21T09:00:00Z,10369.0,10369.0,False,False,False,
2023-08-21T10:00:00Z,10799.0,10799.0,False,False,False,
2023-08-21T11:00:00Z,11570.0,11570.0,False,False,False,
2023-08-21T12:00:00Z,12092.0,12092.0,False,False,False,
2023-08-21T13:00:00Z,12851.0,12851.0,False,False,False,
2023-08-21T14:00:00Z,13897.0,13897.0,False,False,False,
2023-08-21T15:00:00Z,15402.0,15402.0,False,False,False,
2023-08-21T16:00:00Z,16800.0,16800.0,False,False,False,
2023-08-21T17:00:00Z,18003.0,18003.0,False,False,False,
2023-08-21T18:00:00Z,18969.0,18969.0,False,False,False,
2023-08-21T19:00:00Z,19543.0,19543.0,False,False,False,
2023-08-21T20:00:00Z,20029.0,20029.0,False,False,False,
2023-08-21T21:00:00Z,20211.0,20211.0,False,False,False,
2023-08-21T22:00:00Z,20138.0,20138.0,False,False,False,
2023-08-21T23:00:00Z,19748.0,19748.0,False,False,False,
2023-08-22T00:00:00Z,19055.0,19055.0,False,False,False,
2023-08-22T01:00:00Z,18326.0,18326.0,False,False,False,
2023-08-22T02:00:00Z,17125.0,17125.0,False,False,False,
2023-08-22T03:00:00Z,15623.0,15623.0,False,False,False,
2023-08-22T04:00:00Z,14194.0,14194.0,False,False,False,
2023-08-22T05:00:00Z,13120.0,13120.0,False,False,False,
2023-08-22T06:00:00Z,12270.0,12270.0,False,False,False,
2023-08-22T07:00:00Z,11741.0,11741.0,False,False,False,
2023-08-22T08:00:00Z,11331.0,11331.0,False,False,False,
2023-08-22T09:00:00Z,11306.0,11306.0,False,False,False,
2023-08-22T10:00:00Z,11678.0,11678.0,False,False,False,
2023-08-22T11:00:00Z,12405.0,12405.0,False,False,False,
2023-08-22T12:00:00Z,12794.0,12794.0,False,False,False,
2023-08-22T13:00:00Z,13409.0,13409.0,False,False,False,
2023-08-22T14:00:00Z,14550.0,14550.0,False,False,False,
2023-08-22T15:00:00Z,15844.0,15844.0,False,False,False,
2023-08-22T16:00:00Z,17130.0,17130.0,False,False,False,
2023-08-22T17:00:00Z,18308.0,18308.0,False,False,False,
2023-08-22T18:00:00Z,19224.0,19224.0,False,False,False,
2023-08-22T19:00:00Z,19903.0,19903.0,False,False,False,
2023-08-22T20:00:00Z,20364.0,20364.0,False,False,False,
2023-08-22T21:00:00Z,20576.0,20576.0,False,False,False,
2023-08-22T22:00:00Z,20509.0,20509.0,False,False,False,
2023-08-22T23:00:00Z,20145.0,20145.0,False,False,False,
2023-08-23T00:00:00Z,19441.0,19441.0,False,False,False,
2023-08-23T01:00:00Z,18774.0,18774.0,False,False,False,
2023-08-23T02:00:00Z,17712.0,17712.0,False,False,False,
2023-08-23T03:00:00Z,16213.0,16213.0,False,False,False,
2023-08-23T04:00:00Z,14823.0,14823.0,False,False,False,
2023-08-23T05:00:00Z,13704.0,13704.0,False,False,False,
2023-08-23T06:00:00Z,12924.0,12924.0,False,False,False,
2023-08-23T07:00:00Z,12276.0,12276.0,False,False,False,
2023-08-23T08:00:00Z,11766.0,11766.0,False,False,False,
2023-08-23T09:00:00Z,11534.0,11534.0,False,False,False,
2023-08-23T10:00:00Z,11740.0,11740.0,False,False,False,
2023-08-23T11:00:00Z,12298.0,12298.0,False,False,False,
2023-08-23T12:00:00Z,12543.0,12543.0,False,False,False,
2023-08-23T13:00:00Z,12943.0,12943.0,False,False,False,
2023-08-23T14:00:00Z,13529.0,13529.0,False,False,False,
2023-08-23T15:00:00Z,14274.0,14274.0,False,False,False,
2023-08-23T16:00:00Z,15000.0,15000.0,False,False,False,
2023-08-23T17:00:00Z,15723.0,15723.0,False,False,False,
2023-08-23T18:00:00Z,16531.0,16531.0,False,False,False,
2023-08-23T19:00:00Z,17289.0,17289.0,False,False,False,
2023-08-23T20:00:00Z,17939.0,17939.0,False,False,False,
2023-08-23T21:00:00Z,18380.0,18380.0,False,False,False,
2023-08-23T22:00:00Z,18499.0,18499.0,False,False,False,
2023-08-23T23:00:00Z,18149.0,18149.0,False,False,False,
2023-08-24T00:00:00Z,17289.0,17289.0,False,False,False,
2023-08-24T01:00:00Z,16494.0,16494.0,False,False,False,
2023-08-24T02:00:00Z,15408.0,15408.0,False,False,False,
2023-08-24T03:00:00Z,13988.0,13988.0,False,False,False,
2023-08-24T04:00:00Z,12785.0,12785.0,False,False,False,
2023-08-24T05:00:00Z,11713.0,11713.0,False,False,False,
2023-08-24T06:00:00Z,10962.0,10962.0,False,False,False,
2023-08-24T07:00:00Z,10467.0,10467.0,False,False,False,
2023-08-24T08:00:00Z,10207.0,10207.0,False,False,False,
2023-08-24T09:00:00Z,10174.0,10174.0,False,False,False,
2023-08-24T10:00:00Z,10499.0,10499.0,False,False,False,
2023-08-24T11:00:00Z,11253.0,11253.0,False,False,False,
2023-08-24T12:00:00Z,11720.0,11720.0,False,False,False,
2023-08-24T13:00:00Z,12336.0,12336.0,False,False,False,
2023-08-24T14:00:00Z,13115.0,13115.0,False,False,False,
2023-08-24T15:00:00Z,14116.0,14116.0,False,False,False,
2023-08-24T16:00:00Z,15393.0,15393.0,False,False,False,
2023-08-24T17:00:00Z,16727.0,16727.0,False,False,False,
2023-08-24T18:00:00Z,18088.0,18088.0,False,False,False,
2023-08-24T19:00:00Z,19247.0,19247.0,False,False,False,
2023-08-24T20:00:00Z,19945.0,19945.0,False,False,False,
2023-08-24T21:00:00Z,20192.0,20192.0,False,False,False,
2023-08-24T22:00:00Z,20090.0,20090.0,False,False,False,
2023-08-24T23:00:00Z,19634.0,19634.0,False,False,False,
2023-08-25T00:00:00Z,18742.0,18742.0,False,False,False,
2023-08-25T01:00:00Z,17981.0,17981.0,False,False,False,
2023-08-25T02:00:00Z,16733.0,16733.0,False,False,False,
2023-08-25T03:00:00Z,15172.0,15172.0,False,False,False,
2023-08-25T04:00:00Z,13895.0,13895.0,False,False,False,
2023-08-25T05:00:00Z,12858.0,12858.0,False,False,False,
2023-08-25T06:00:00Z,12126.0,12126.0,False,False,False,
2023-08-25T07:00:00Z,11615.0,11615.0,False,False,False,
2023-08-25T08:00:00Z,11252.0,11252.0,False,False,False,
2023-08-25T09:00:00Z,11134.0,11134.0,False,False,False,
2023-08-25T10:00:00Z,11453.0,11453.0,False,False,False,
2023-08-25T11:00:00Z,12077.0,12077.0,False,False,False,
2023-08-25T12:00:00Z,12472.0,12472.0,False,False,False,
2023-08-25T13:00:00Z,13096.0,13096.0,False,False,False,
2023-08-25T14:00:00Z,14005.0,14005.0,False,False,False,
2023-08-25T15:00:00Z,15284.0,15284.0,False,False,False,
2023-08-25T16:00:00Z,16597.0,16597.0,False,False,False,
2023-08-25T17:00:00Z,17721.0,17721.0,False,False,False,
2023-08-25T18:00:00Z,18704.0,18704.0,False,False,False,
2023-08-25T19:00:00Z,19390.0,19390.0,False,False,False,
2023-08-25T20:00:00Z,19833.0,19833.0,False,False,False,
2023-08-25T21:00:00Z,20015.0,20015.0,False,False,False,
2023-08-25T22:00:00Z,20133.0,20133.0,False,False,False,
2023-08-25T23:00:00Z,19714.0,19714.0,False,False,False,
2023-08-26T00:00:00Z,18958.0,18958.0,False,False,False,
2023-08-26T01:00:00Z,18207.0,18207.0,False,False,False,
2023-08-26T02:00:00Z,17228.0,17228.0,False,False,False,
2023-08-26T03:00:00Z,16017.0,16017.0,False,False,False,
2023-08-26T04:00:00Z,14868.0,14868.0,False,False,False,
2023-08-26T05:00:00Z,13754.0,13754.0,False,False,False,
2023-08-26T06:00:00Z,12864.0,12864.0,False,False,False,
2023-08-26T07:00:00Z,12233.0,12233.0,False,False,False,
2023-08-26T08:00:00Z,11782.0,11782.0,False,False,False,
2023-08-26T09:00:00Z,11488.0,11488.0,False,False,False,
2023-08-26T10:00:00Z,11388.0,11388.0,False,False,False,
2023-08-26T11:00:00Z,11465.0,11465.0,False,False,False,
2023-08-26T12:00:00Z,11648.0,11648.0,False,False,False,
2023-08-26T13:00:00Z,12459.0,12459.0,False,False,False,
2023-08-26T14:00:00Z,13565.0,13565.0,False,False,False,
2023-08-26T15:00:00Z,15042.0,15042.0,False,False,False,
2023-08-26T16:00:00Z,16606.0,16606.0,False,False,False,
2023-08-26T17:00:00Z,17899.0,17899.0,False,False,False,
2023-08-26T18:00:00Z,18786.0,18786.0,False,False,False,
2023-08-26T19:00:00Z,19349.0,19349.0,False,False,False,
2023-08-26T20:00:00Z,19805.0,19805.0,False,False,False,
2023-08-26T21:00:00Z,20027.0,20027.0,False,False,False,
2023-08-26T22:00:00Z,19967.0,19967.0,False,False,False,
2023-08-26T23:00:00Z,19620.0,19620.0,False,False,False,
2023-08-27T00:00:00Z,18798.0,18798.0,False,False,False,
2023-08-27T01:00:00Z,18046.0,18046.0,False,False,False,
2023-08-27T02:00:00Z,16902.0,16902.0,False,False,False,
2023-08-27T03:00:00Z,15572.0,15572.0,False,False,False,
2023-08-27T04:00:00Z,14242.0,14242.0,False,False,False,
2023-08-27T05:00:00Z,13137.0,13137.0,False,False,False,
2023-08-27T06:00:00Z,12341.0,12341.0,False,False,False,
2023-08-27T07:00:00Z,11710.0,11710.0,False,False,False,
2023-08-27T08:00:00Z,11224.0,11224.0,False,False,False,
2023-08-27T09:00:00Z,10896.0,10896.0,False,False,False,
2023-08-27T10:00:00Z,10813.0,10813.0,False,False,False,
2023-08-27T11:00:00Z,10816.0,10816.0,False,False,False,
2023-08-27T12:00:00Z,10966.0,10966.0,False,False,False,
2023-08-27T13:00:00Z,11856.0,11856.0,False,False,False,
2023-08-27T14:00:00Z,12971.0,12971.0,False,False,False,
2023-08-27T15:00:00Z,14131.0,14131.0,False,False,False,
2023-08-27T16:00:00Z,15319.0,15319.0,False,False,False,
2023-08-27T17:00:00Z,16462.0,16462.0,False,False,False,
2023-08-27T18:00:00Z,17468.0,17468.0,False,False,False,
2023-08-27T19:00:00Z,18199.0,18199.0,False,False,False,
2023-08-27T20:00:00Z,18666.0,18666.0,False,False,False,
2023-08-27T21:00:00Z,18759.0,18759.0,False,False,False,
2023-08-27T22:00:00Z,18205.0,18205.0,False,False,False,
2023-08-27T23:00:00Z,17294.0,17294.0,False,False,False,
2023-08-28T00:00:00Z,16375.0,16375.0,False,False,False,
2023-08-28T01:00:00Z,16091.0,16091.0,False,False,False,
2023-08-28T02:00:00Z,15164.0,15164.0,False,False,False,
2023-08-28T03:00:00Z,14094.0,14094.0,False,False,False,
2023-08-28T04:00:00Z,12764.0,12764.0,False,False,False,
2023-08-28T05:00:00Z,12193.0,12193.0,False,False,False,
2023-08-28T06:00:00Z,11531.0,11531.0,False,False,False,
2023-08-28T07:00:00Z,11168.0,11168.0,False,False,False,
2023-08-28T08:00:00Z,10925.0,10925.0,False,False,False,
2023-08-28T09:00:00Z,10983.0,10983.0,False,False,False,
2023-08-28T10:00:00Z,11536.0,11536.0,False,False,False,
2023-08-28T11:00:00Z,12539.0,12539.0,False,False,False,
2023-08-28T12:00:00Z,13000.0,13000.0,False,False,False,
2023-08-28T13:00:00Z,13382.0,13382.0,False,False,False,
2023-08-28T14:00:00Z,13845.0,13845.0,False,False,False,
2023-08-28T15:00:00Z,14520.0,14520.0,False,False,False,
2023-08-28T16:00:00Z,15279.0,15279.0,False,False,False,
2023-08-28T17:00:00Z,16036.0,16036.0,False,False,False,
2023-08-28T18:00:00Z,16689.0,16689.0,False,False,False,
2023-08-28T19:00:00Z,17217.0,17217.0,False,False,False,
2023-08-28T20:00:00Z,17525.0,17525.0,False,False,False,
2023-08-28T21:00:00Z,17656.0,17656.0,False,False,False,
2023-08-28T22:00:00Z,17651.0,17651.0,False,False,False,
2023-08-28T23:00:00Z,17487.0,17487.0,False,False,False,
2023-08-29T00:00:00Z,17002.0,17002.0,False,False,False,
2023-08-29T01:00:00Z,16547.0,16547.0,False,False,False,
2023-08-29T02:00:00Z,15625.0,15625.0,False,False,False,
2023-08-29T03:00:00Z,14418.0,14418.0,False,False,False,
2023-08-29T04:00:00Z,13205.0,13205.0,False,False,False,
2023-08-29T05:00:00Z,12244.0,12244.0,False,False,False,
2023-08-29T06:00:00Z,11582.0,11582.0,False,False,False,
2023-08-29T07:00:00Z,11159.0,11159.0,False,False,False,
2023-08-29T08:00:00Z,10896.0,10896.0,False,False,False,
2023-08-29T09:00:00Z,10884.0,10884.0,False,False,False,
2023-08-29T10:00:00Z,11349.0,11349.0,False,False,False,
2023-08-29T11:00:00Z,12282.0,12282.0,False,False,False,
2023-08-29T12:00:00Z,12786.0,12786.0,False,False,False,
2023-08-29T13:00:00Z,13115.0,13115.0,False,False,False,
2023-08-29T14:00:00Z,13494.0,13494.0,False,False,False,
2023-08-29T15:00:00Z,13876.0,13876.0,False,False,False,
2023-08-29T16:00:00Z,14276.0,14276.0,False,False,False,
2023-08-29T17:00:00Z,14850.0,14850.0,False,False,False,
2023-08-29T18:00:00Z,15622.0,15622.0,False,False,False,
2023-08-29T19:00:00Z,16398.0,16398.0,False,False,False,
2023-08-29T20:00:00Z,17117.0,17117.0,False,False,False,
2023-08-29T21:00:00Z,17697.0,17697.0,False,False,False,
2023-08-29T22:00:00Z,17826.0,17826.0,False,False,False,
2023-08-29T23:00:00Z,17411.0,17411.0,False,False,False,
2023-08-30T00:00:00Z,16752.0,16752.0,False,False,False,
2023-08-30T01:00:00Z,16192.0,16192.0,False,False,False,
2023-08-30T02:00:00Z,15219.0,15219.0,False,False,False,
2023-08-30T03:00:00Z,14043.0,14043.0,False,False,False,
2023-08-30T04:00:00Z,12916.0,12916.0,False,False,False,
2023-08-30T05:00:00Z,12025.0,12025.0,False,False,False,
2023-08-30T06:00:00Z,11407.0,11407.0,False,False,False,
2023-08-30T07:00:00Z,11013.0,11013.0,False,False,False,
2023-08-30T08:00:00Z,10719.0,10719.0,False,False,False,
2023-08-30T09:00:00Z,10766.0,10766.0,False,False,False,
2023-08-30T10:00:00Z,11206.0,11206.0,False,False,False,
2023-08-30T11:00:00Z,12159.0,12159.0,False,False,False,
2023-08-30T12:00:00Z,12606.0,12606.0,False,False,False,
2023-08-30T13:00:00Z,13051.0,13051.0,False,False,False,
2023-08-30T14:00:00Z,13625.0,13625.0,False,False,False,
2023-08-30T15:00:00Z,14207.0,14207.0,False,False,False,
2023-08-30T16:00:00Z,14825.0,14825.0,False,False,False,
2023-08-30T17:00:00Z,15205.0,15205.0,False,False,False,
2023-08-30T18:00:00Z,15442.0,15442.0,False,False,False,
2023-08-30T19:00:00Z,15527.0,15527.0,False,False,False,
2023-08-30T20:00:00Z,15422.0,15422.0,False,False,False,
2023-08-30T21:00:00Z,15262.0,15262.0,False,False,False,
2023-08-30T22:00:00Z,15131.0,15131.0,False,False,False,
2023-08-30T23:00:00Z,14947.0,14947.0,False,False,False,
2023-08-31T00:00:00Z,14694.0,14694.0,False,False,False,
2023-08-31T01:00:00Z,14547.0,14547.0,False,False,False,
2023-08-31T02:00:00Z,13946.0,13946.0,False,False,False,
2023-08-31T03:00:00Z,12978.0,12978.0,False,False,False,
2023-08-31T04:00:00Z,12016.0,12016.0,False,False,False,
2023-08-31T05:00:00Z,11277.0,11277.0,False,False,False,
2023-08-31T06:00:00Z,10689.0,10689.0,False,False,False,
2023-08-31T07:00:00Z,10314.0,10314.0,False,False,False,
2023-08-31T08:00:00Z,10016.0,10016.0,False,False,False,
2023-08-31T09:00:00Z,9953.0,9953.0,False,False,False,
2023-08-31T10:00:00Z,10327.0,10327.0,False,False,False,
2023-08-31T11:00:00Z,11108.0,11108.0,False,False,False,
2023-08-31T12:00:00Z,11440.0,11440.0,False,False,False,
2023-08-31T13:00:00Z,11879.0,11879.0,False,False,False,
2023-08-31T14:00:00Z,12360.0,12360.0,False,False,False,
2023-08-31T15:00:00Z,12972.0,12972.0,False,False,False,
2023-08-31T16:00:00Z,13572.0,13572.0,False,False,False,
2023-08-31T17:00:00Z,14237.0,14237.0,False,False,False,
2023-08-31T18:00:00Z,14951.0,14951.0,False,False,False,
2023-08-31T19:00:00Z,15600.0,15600.0,False,False,False,
2023-08-31T20:00:00Z,16091.0,16091.0,False,False,False,
2023-08-31T21:00:00Z,16540.0,16540.0,False,False,False,
2023-08-31T22:00:00Z,16615.0,16615.0,False,False,False,
2023-08-31T23:00:00Z,16271.0,16271.0,False,False,False,
2023-09-01T00:00:00Z,15443.0,15443.0,False,False,False,
2023-09-01T01:00:00Z,14876.0,14876.0,False,False,False,
2023-09-01T02:00:00Z,13878.0,13878.0,False,False,False,
2023-09-01T03:00:00Z,12697.0,12697.0,False,False,False,
2023-09-01T04:00:00Z,11510.0,11510.0,False,False,False,
2023-09-01T05:00:00Z,10573.0,10573.0,False,False,False,
2023-09-01T06:00:00Z,9956.0,9956.0,False,False,False,
2023-09-01T07:00:00Z,9522.0,9522.0,False,False,False,
2023-09-01T08:00:00Z,9268.0,9268.0,False,False,False,
2023-09-01T09:00:00Z,9258.0,9258.0,False,False,False,
2023-09-01T10:00:00Z,9579.0,9579.0,False,False,False,
2023-09-01T11:00:00Z,10327.0,10327.0,False,False,False,
2023-09-01T12:00:00Z,10647.0,10647.0,False,False,False,
2023-09-01T13:00:00Z,11067.0,11067.0,False,False,False,
2023-09-01T14:00:00Z,11571.0,11571.0,False,False,False,
2023-09-01T15:00:00Z,12163.0,12163.0,False,False,False,
2023-09-01T16:00:00Z,12708.0,12708.0,False,False,False,
2023-09-01T17:00:00Z,13234.0,13234.0,False,False,False,
2023-09-01T18:00:00Z,13825.0,13825.0,False,False,False,
2023-09-01T19:00:00Z,14429.0,14429.0,False,False,False,
2023-09-01T20:00:00Z,14948.0,14948.0,False,False,False,
2023-09-01T21:00:00Z,15334.0,15334.0,False,False,False,
2023-09-01T22:00:00Z,15428.0,15428.0,False,False,False,
2023-09-01T23:00:00Z,14976.0,14976.0,False,False,False,
2023-09-02T00:00:00Z,14062.0,14062.0,False,False,False,
2023-09-02T01:00:00Z,13459.0,13459.0,False,False,False,
2023-09-02T02:00:00Z,12747.0,12747.0,False,False,False,
2023-09-02T03:00:00Z,11727.0,11727.0,False,False,False,
2023-09-02T04:00:00Z,10784.0,10784.0,False,False,False,
2023-09-02T05:00:00Z,10002.0,10002.0,False,False,False,
2023-09-02T06:00:00Z,9419.0,9419.0,False,False,False,
2023-09-02T07:00:00Z,9025.0,9025.0,False,False,False,
2023-09-02T08:00:00Z,8771.0,8771.0,False,False,False,
2023-09-02T09:00:00Z,8660.0,8660.0,False,False,False,
2023-09-02T10:00:00Z,8683.0,8683.0,False,False,False,
2023-09-02T11:00:00Z,8824.0,8824.0,False,False,False,
2023-09-02T12:00:00Z,8939.0,8939.0,False,False,False,
2023-09-02T13:00:00Z,9457.0,9457.0,False,False,False,
2023-09-02T14:00:00Z,10114.0,10114.0,False,False,False,
2023-09-02T15:00:00Z,10757.0,10757.0,False,False,False,
2023-09-02T16:00:00Z,11573.0,11573.0,False,False,False,
2023-09-02T17:00:00Z,12289.0,12289.0,False,False,False,
2023-09-02T18:00:00Z,13037.0,13037.0,False,False,False,
2023-09-02T19:00:00Z,13799.0,13799.0,False,False,False,
2023-09-02T20:00:00Z,14512.0,14512.0,False,False,False,
2023-09-02T21:00:00Z,15076.0,15076.0,False,False,False,
2023-09-02T22:00:00Z,15313.0,15313.0,False,False,False,
2023-09-02T23:00:00Z,15015.0,15015.0,False,False,False,
2023-09-03T00:00:00Z,14099.0,14099.0,False,False,False,
2023-09-03T01:00:00Z,13378.0,13378.0,False,False,False,
2023-09-03T02:00:00Z,12437.0,12437.0,False,False,False,
2023-09-03T03:00:00Z,11463.0,11463.0,False,False,False,
2023-09-03T04:00:00Z,10543.0,10543.0,False,False,False,
2023-09-03T05:00:00Z,9737.0,9737.0,False,False,False,
2023-09-03T06:00:00Z,9170.0,9170.0,False,False,False,
2023-09-03T07:00:00Z,8764.0,8764.0,False,False,False,
2023-09-03T08:00:00Z,8525.0,8525.0,False,False,False,
2023-09-03T09:00:00Z,8378.0,8378.0,False,False,False,
2023-09-03T10:00:00Z,8385.0,8385.0,False,False,False,
2023-09-03T11:00:00Z,8512.0,8512.0,False,False,False,
2023-09-03T12:00:00Z,8691.0,8691.0,False,False,False,
2023-09-03T13:00:00Z,9422.0,9422.0,False,False,False,
2023-09-03T14:00:00Z,10279.0,10279.0,False,False,False,
2023-09-03T15:00:00Z,11262.0,11262.0,False,False,False,
2023-09-03T16:00:00Z,12424.0,12424.0,False,False,False,
2023-09-03T17:00:00Z,13670.0,13670.0,False,False,False,
2023-09-03T18:00:00Z,14760.0,14760.0,False,False,False,
2023-09-03T19:00:00Z,15628.0,15628.0,False,False,False,
2023-09-03T20:00:00Z,16339.0,16339.0,False,False,False,
2023-09-03T21:00:00Z,16851.0,16851.0,False,False,False,
2023-09-03T22:00:00Z,17052.0,17052.0,False,False,False,
2023-09-03T23:00:00Z,16710.0,16710.0,False,False,False,
2023-09-04T00:00:00Z,15799.0,15799.0,False,False,False,
2023-09-04T01:00:00Z,15087.0,15087.0,False,False,False,
2023-09-04T02:00:00Z,13820.0,13820.0,False,False,False,
2023-09-04T03:00:00Z,12717.0,12717.0,False,False,False,
2023-09-04T04:00:00Z,11642.0,11642.0,False,False,False,
2023-09-04T05:00:00Z,10724.0,10724.0,False,False,False,
2023-09-04T06:00:00Z,9979.0,9979.0,False,False,False,
2023-09-04T07:00:00Z,9507.0,9507.0,False,False,False,
2023-09-04T08:00:00Z,9193.0,9193.0,False,False,False,
2023-09-04T09:00:00Z,9078.0,9078.0,False,False,False,
2023-09-04T10:00:00Z,9125.0,9125.0,False,False,False,
2023-09-04T11:00:00Z,9259.0,9259.0,False,False,False,
2023-09-04T12:00:00Z,9349.0,9349.0,False,False,False,
2023-09-04T13:00:00Z,10119.0,10119.0,False,False,False,
2023-09-04T14:00:00Z,11295.0,11295.0,False,False,False,
2023-09-04T15:00:00Z,12743.0,12743.0,False,False,False,
2023-09-04T16:00:00Z,14184.0,14184.0,False,False,False,
2023-09-04T17:00:00Z,15527.0,15527.0,False,False,False,
2023-09-04T18:00:00Z,16591.0,16591.0,False,False,False,
2023-09-04T19:00:00Z,17365.0,17365.0,False,False,False,
2023-09-04T20:00:00Z,18118.0,18118.0,False,False,False,
2023-09-04T21:00:00Z,18625.0,18625.0,False,False,False,
2023-09-04T22:00:00Z,18873.0,18873.0,False,False,False,
2023-09-04T23:00:00Z,18524.0,18524.0,False,False,False,
2023-09-05T00:00:00Z,17695.0,17695.0,False,False,False,
2023-09-05T01:00:00Z,16893.0,16893.0,False,False,False,
2023-09-05T02:00:00Z,15641.0,15641.0,False,False,False,
2023-09-05T03:00:00Z,14168.0,14168.0,False,False,False,
2023-09-05T04:00:00Z,12826.0,12826.0,False,False,False,
2023-09-05T05:00:00Z,11886.0,11886.0,False,False,False,
2023-09-05T06:00:00Z,11135.0,11135.0,False,False,False,
2023-09-05T07:00:00Z,10592.0,10592.0,False,False,False,
2023-09-05T08:00:00Z,10210.0,10210.0,False,False,False,
2023-09-05T09:00:00Z,10152.0,10152.0,False,False,False,
2023-09-05T10:00:00Z,10599.0,10599.0,False,False,False,
2023-09-05T11:00:00Z,11447.0,11447.0,False,False,False,
2023-09-05T12:00:00Z,12010.0,12010.0,False,False,False,
2023-09-05T13:00:00Z,12683.0,12683.0,False,False,False,
2023-09-05T14:00:00Z,13724.0,13724.0,False,False,False,
2023-09-05T15:00:00Z,15035.0,15035.0,False,False,False,
2023-09-05T16:00:00Z,16394.0,16394.0,False,False,False,
2023-09-05T17:00:00Z,17732.0,17732.0,False,False,False,
2023-09-05T18:00:00Z,18811.0,18811.0,False,False,False,
2023-09-05T19:00:00Z,19606.0,19606.0,False,False,False,
2023-09-05T20:00:00Z,20087.0,20087.0,False,False,False,
2023-09-05T21:00:00Z,20340.0,20340.0,False,False,False,
2023-09-05T22:00:00Z,20290.0,20290.0,False,False,False,
2023-09-05T23:00:00Z,19904.0,19904.0,False,False,False,
2023-09-06T00:00:00Z,19060.0,19060.0,False,False,False,
2023-09-06T01:00:00Z,18315.0,18315.0,False,False,False,
2023-09-06T02:00:00Z,16994.0,16994.0,False,False,False,
2023-09-06T03:00:00Z,15489.0,15489.0,False,False,False,
2023-09-06T04:00:00Z,14142.0,14142.0,False,False,False,
2023-09-06T05:00:00Z,13057.0,13057.0,False,False,False,
2023-09-06T06:00:00Z,12253.0,12253.0,False,False,False,
2023-09-06T07:00:00Z,11678.0,11678.0,False,False,False,
2023-09-06T08:00:00Z,11253.0,11253.0,False,False,False,
2023-09-06T09:00:00Z,11155.0,11155.0,False,False,False,
2023-09-06T10:00:00Z,11514.0,11514.0,False,False,False,
2023-09-06T11:00:00Z,12353.0,12353.0,False,False,False,
2023-09-06T12:00:00Z,12696.0,12696.0,False,False,False,
2023-09-06T13:00:00Z,13294.0,13294.0,False,False,False,
2023-09-06T14:00:00Z,14325.0,14325.0,False,False,False,
2023-09-06T15:00:00Z,15686.0,15686.0,False,False,False,
2023-09-06T16:00:00Z,17171.0,17171.0,False,False,False,
2023-09-06T17:00:00Z,18562.0,18562.0,False,False,False,
2023-09-06T18:00:00Z,19589.0,19589.0,False,False,False,
2023-09-06T19:00:00Z,20196.0,20196.0,False,False,False,
2023-09-06T20:00:00Z,20641.0,20641.0,False,False,False,
2023-09-06T21:00:00Z,20745.0,20745.0,False,False,False,
2023-09-06T22:00:00Z,20657.0,20657.0,False,False,False,
2023-09-06T23:00:00Z,20268.0,20268.0,False,False,False,
2023-09-07T00:00:00Z,19394.0,19394.0,False,False,False,
2023-09-07T01:00:00Z,18600.0,18600.0,False,False,False,
2023-09-07T02:00:00Z,17284.0,17284.0,False,False,False,
2023-09-07T03:00:00Z,15747.0,15747.0,False,False,False,
2023-09-07T04:00:00Z,14316.0,14316.0,False,False,False,
2023-09-07T05:00:00Z,13274.0,13274.0,False,False,False,
2023-09-07T06:00:00Z,12451.0,12451.0,False,False,False,
2023-09-07T07:00:00Z,11870.0,11870.0,False,False,False,
2023-09-07T08:00:00Z,11455.0,11455.0,False,False,False,
2023-09-07T09:00:00Z,11330.0,11330.0,False,False,False,
2023-09-07T10:00:00Z,11677.0,11677.0,False,False,False,
2023-09-07T11:00:00Z,12419.0,12419.0,False,False,False,
2023-09-07T12:00:00Z,12805.0,12805.0,False,False,False,
2023-09-07T13:00:00Z,13242.0,13242.0,False,False,False,
2023-09-07T14:00:00Z,13942.0,13942.0,False,False,False,
2023-09-07T15:00:00Z,14988.0,14988.0,False,False,False,
2023-09-07T16:00:00Z,16262.0,16262.0,False,False,False,
2023-09-07T17:00:00Z,17583.0,17583.0,False,False,False,
2023-09-07T18:00:00Z,18743.0,18743.0,False,False,False,
2023-09-07T19:00:00Z,19463.0,19463.0,False,False,False,
2023-09-07T20:00:00Z,19862.0,19862.0,False,False,False,
2023-09-07T21:00:00Z,20013.0,20013.0,False,False,False,
2023-09-07T22:00:00Z,19737.0,19737.0,False,False,False,
2023-09-07T23:00:00Z,18821.0,18821.0,False,False,False,
2023-09-08T00:00:00Z,17749.0,17749.0,False,False,False,
2023-09-08T01:00:00Z,16823.0,16823.0,False,False,False,
2023-09-08T02:00:00Z,15559.0,15559.0,False,False,False,
2023-09-08T03:00:00Z,14196.0,14196.0,False,False,False,
2023-09-08T04:00:00Z,12967.0,12967.0,False,False,False,
2023-09-08T05:00:00Z,11904.0,11904.0,False,False,False,
2023-09-08T06:00:00Z,11168.0,11168.0,False,False,False,
2023-09-08T07:00:00Z,10621.0,10621.0,False,False,False,
2023-09-08T08:00:00Z,10276.0,10276.0,False,False,False,
2023-09-08T09:00:00Z,10177.0,10177.0,False,False,False,
2023-09-08T10:00:00Z,10528.0,10528.0,False,False,False,
2023-09-08T11:00:00Z,11295.0,11295.0,False,False,False,
2023-09-08T12:00:00Z,11644.0,11644.0,False,False,False,
2023-09-08T13:00:00Z,12122.0,12122.0,False,False,False,
2023-09-08T14:00:00Z,12800.0,12800.0,False,False,False,
2023-09-08T15:00:00Z,13681.0,13681.0,False,False,False,
2023-09-08T16:00:00Z,14562.0,14562.0,False,False,False,
2023-09-08T17:00:00Z,15439.0,15439.0,False,False,False,
2023-09-08T18:00:00Z,16356.0,16356.0,False,False,False,
2023-09-08T19:00:00Z,17116.0,17116.0,False,False,False,
2023-09-08T20:00:00Z,17499.0,17499.0,False,False,False,
2023-09-08T21:00:00Z,17590.0,17590.0,False,False,False,
2023-09-08T22:00:00Z,17312.0,17312.0,False,False,False,
2023-09-08T23:00:00Z,16717.0,16717.0,False,False,False,
2023-09-09T00:00:00Z,15819.0,15819.0,False,False,False,
2023-09-09T01:00:00Z,15213.0,15213.0,False,False,False,
2023-09-09T02:00:00Z,14329.0,14329.0,False,False,False,
2023-09-09T03:00:00Z,13258.0,13258.0,False,False,False,
2023-09-09T04:00:00Z,12181.0,12181.0,False,False,False,
2023-09-09T05:00:00Z,11317.0,11317.0,False,False,False,
2023-09-09T06:00:00Z,10641.0,10641.0,False,False,False,
2023-09-09T07:00:00Z,10181.0,10181.0,False,False,False,
2023-09-09T08:00:00Z,9859.0,9859.0,False,False,False,
2023-09-09T09:00:00Z,9726.0,9726.0,False,False,False,
2023-09-09T10:00:00Z,9776.0,9776.0,False,False,False,
2023-09-09T11:00:00Z,9969.0,9969.0,False,False,False,
2023-09-09T12:00:00Z,10159.0,10159.0,False,False,False,
2023-09-09T13:00:00Z,10797.0,10797.0,False,False,False,
2023-09-09T14:00:00Z,11503.0,11503.0,False,False,False,
2023-09-09T15:00:00Z,12173.0,12173.0,False,False,False,
2023-09-09T16:00:00Z,12723.0,12723.0,False,False,False,
2023-09-09T17:00:00Z,13184.0,13184.0,False,False,False,
2023-09-09T18:00:00Z,13583.0,13583.0,False,False,False,
2023-09-09T19:00:00Z,13987.0,13987.0,False,False,False,
2023-09-09T20:00:00Z,14148.0,14148.0,False,False,False,
2023-09-09T21:00:00Z,14171.0,14171.0,False,False,False,
2023-09-09T22:00:00Z,14060.0,14060.0,False,False,False,
2023-09-09T23:00:00Z,13736.0,13736.0,False,False,False,
2023-09-10T00:00:00Z,13396.0,13396.0,False,False,False,
2023-09-10T01:00:00Z,13141.0,13141.0,False,False,False,
2023-09-10T02:00:00Z,12553.0,12553.0,False,False,False,
2023-09-10T03:00:00Z,11821.0,11821.0,False,False,False,
2023-09-10T04:00:00Z,11061.0,11061.0,False,False,False,
2023-09-10T05:00:00Z,10378.0,10378.0,False,False,False,
2023-09-10T06:00:00Z,9864.0,9864.0,False,False,False,
2023-09-10T07:00:00Z,9529.0,9529.0,False,False,False,
2023-09-10T08:00:00Z,9302.0,9302.0,False,False,False,
2023-09-10T09:00:00Z,9206.0,9206.0,False,False,False,
2023-09-10T10:00:00Z,9270.0,9270.0,False,False,False,
2023-09-10T11:00:00Z,9477.0,9477.0,False,False,False,
2023-09-10T12:00:00Z,9709.0,9709.0,False,False,False,
2023-09-10T13:00:00Z,10335.0,10335.0,False,False,False,
2023-09-10T14:00:00Z,10930.0,10930.0,False,False,False,
2023-09-10T15:00:00Z,11501.0,11501.0,False,False,False,
2023-09-10T16:00:00Z,12157.0,12157.0,False,False,False,
2023-09-10T17:00:00Z,12978.0,12978.0,False,False,False,
2023-09-10T18:00:00Z,13786.0,13786.0,False,False,False,
2023-09-10T19:00:00Z,14484.0,14484.0,False,False,False,
2023-09-10T20:00:00Z,15069.0,15069.0,False,False,False,
2023-09-10T21:00:00Z,15581.0,15581.0,False,False,False,
2023-09-10T22:00:00Z,15765.0,15765.0,False,False,False,
2023-09-10T23:00:00Z,15374.0,15374.0,False,False,False,
2023-09-11T00:00:00Z,14758.0,14758.0,False,False,False,
2023-09-11T01:00:00Z,14335.0,14335.0,False,False,False,
2023-09-11T02:00:00Z,13369.0,13369.0,False,False,False,
2023-09-11T03:00:00Z,12289.0,12289.0,False,False,False,
2023-09-11T04:00:00Z,11274.0,11274.0,False,False,False,
2023-09-11T05:00:00Z,10495.0,10495.0,False,False,False,
2023-09-11T06:00:00Z,9932.0,9932.0,False,False,False,
2023-09-11T07:00:00Z,9543.0,9543.0,False,False,False,
2023-09-11T08:00:00Z,9367.0,9367.0,False,False,False,
2023-09-11T09:00:00Z,9434.0,9434.0,False,False,False,
2023-09-11T10:00:00Z,9949.0,9949.0,False,False,False,
2023-09-11T11:00:00Z,10873.0,10873.0,False,False,False,
2023-09-11T12:00:00Z,11335.0,11335.0,False,False,False,
2023-09-11T13:00:00Z,11805.0,11805.0,False,False,False,
2023-09-11T14:00:00Z,12493.0,12493.0,False,False,False,
2023-09-11T15:00:00Z,13329.0,13329.0,False,False,False,
2023-09-11T16:00:00Z,14283.0,14283.0,False,False,False,
2023-09-11T17:00:00Z,15217.0,15217.0,False,False,False,
2023-09-11T18:00:00Z,16269.0,16269.0,False,False,False,
2023-09-11T19:00:00Z,17069.0,17069.0,False,False,False,
2023-09-11T20:00:00Z,17638.0,17638.0,False,False,False,
2023-09-11T21:00:00Z,17846.0,17846.0,False,False,False,
2023-09-11T22:00:00Z,17810.0,17810.0,False,False,False,
2023-09-11T23:00:00Z,17464.0,17464.0,False,False,False,
2023-09-12T00:00:00Z,16690.0,16690.0,False,False,False,
2023-09-12T01:00:00Z,16044.0,16044.0,False,False,False,
2023-09-12T02:00:00Z,14908.0,14908.0,False,False,False,
2023-09-12T03:00:00Z,13623.0,13623.0,False,False,False,
2023-09-12T04:00:00Z,12453.0,12453.0,False,False,False,
2023-09-12T05:00:00Z,11520.0,11520.0,False,False,False,
2023-09-12T06:00:00Z,10838.0,10838.0,False,False,False,
2023-09-12T07:00:00Z,10415.0,10415.0,False,False,False,
2023-09-12T08:00:00Z,10153.0,10153.0,False,False,False,
2023-09-12T09:00:00Z,10178.0,10178.0,False,False,False,
2023-09-12T10:00:00Z,10607.0,10607.0,False,False,False,
2023-09-12T11:00:00Z,11551.0,11551.0,False,False,False,
2023-09-12T12:00:00Z,11941.0,11941.0,False,False,False,
2023-09-12T13:00:00Z,12421.0,12421.0,False,False,False,
2023-09-12T14:00:00Z,13097.0,13097.0,False,False,False,
2023-09-12T15:00:00Z,14133.0,14133.0,False,False,False,
2023-09-12T16:00:00Z,15329.0,15329.0,False,False,False,
2023-09-12T17:00:00Z,16491.0,16491.0,False,False,False,
2023-09-12T18:00:00Z,17405.0,17405.0,False,False,False,
2023-09-12T19:00:00Z,17778.0,17778.0,False,False,False,
2023-09-12T20:00:00Z,17552.0,17552.0,False,False,False,
2023-09-12T21:00:00Z,16969.0,16969.0,False,False,False,
2023-09-12T22:00:00Z,16371.0,16371.0,False,False,False,
2023-09-12T23:00:00Z,15752.0,15752.0,False,False,False,
2023-09-13T00:00:00Z,15272.0,15272.0,False,False,False,
2023-09-13T01:00:00Z,14822.0,14822.0,False,False,False,
2023-09-13T02:00:00Z,13855.0,13855.0,False,False,False,
2023-09-13T03:00:00Z,12768.0,12768.0,False,False,False,
2023-09-13T04:00:00Z,11737.0,11737.0,False,False,False,
2023-09-13T05:00:00Z,10906.0,10906.0,False,False,False,
2023-09-13T06:00:00Z,10365.0,10365.0,False,False,False,
2023-09-13T07:00:00Z,10007.0,10007.0,False,False,False,
2023-09-13T08:00:00Z,9803.0,9803.0,False,False,False,
2023-09-13T09:00:00Z,9860.0,9860.0,False,False,False,
2023-09-13T10:00:00Z,10338.0,10338.0,False,False,False,
2023-09-13T11:00:00Z,11331.0,11331.0,False,False,False,
2023-09-13T12:00:00Z,11811.0,11811.0,False,False,False,
2023-09-13T13:00:00Z,12081.0,12081.0,False,False,False,
2023-09-13T14:00:00Z,12492.0,12492.0,False,False,False,
2023-09-13T15:00:00Z,13042.0,13042.0,False,False,False,
2023-09-13T16:00:00Z,13687.0,13687.0,False,False,False,
2023-09-13T17:00:00Z,14490.0,14490.0,False,False,False,
2023-09-13T18:00:00Z,15093.0,15093.0,False,False,False,
2023-09-13T19:00:00Z,15651.0,15651.0,False,False,False,
2023-09-13T20:00:00Z,16141.0,16141.0,False,False,False,
2023-09-13T21:00:00Z,16399.0,16399.0,False,False,False,
2023-09-13T22:00:00Z,16294.0,16294.0,False,False,False,
2023-09-13T23:00:00Z,15909.0,15909.0,False,False,False,
2023-09-14T00:00:00Z,15421.0,15421.0,False,False,False,
2023-09-14T01:00:00Z,15042.0,15042.0,False,False,False,
2023-09-14T02:00:00Z,14249.0,14249.0,False,False,False,
2023-09-14T03:00:00Z,13014.0,13014.0,False,False,False,
2023-09-14T04:00:00Z,11911.0,11911.0,False,False,False,
2023-09-14T05:00:00Z,11036.0,11036.0,False,False,False,
2023-09-14T06:00:00Z,10412.0,10412.0,False,False,False,
2023-09-14T07:00:00Z,10002.0,10002.0,False,False,False,
2023-09-14T08:00:00Z,9768.0,9768.0,False,False,False,
2023-09-14T09:00:00Z,9815.0,9815.0,False,False,False,
2023-09-14T10:00:00Z,10228.0,10228.0,False,False,False,
2023-09-14T11:00:00Z,11133.0,11133.0,False,False,False,
2023-09-14T12:00:00Z,11557.0,11557.0,False,False,False,
2023-09-14T13:00:00Z,11882.0,11882.0,False,False,False,
2023-09-14T14:00:00Z,12296.0,12296.0,False,False,False,
2023-09-14T15:00:00Z,12890.0,12890.0,False,False,False,
2023-09-14T16:00:00Z,13560.0,13560.0,False,False,False,
2023-09-14T17:00:00Z,14287.0,14287.0,False,False,False,
2023-09-14T18:00:00Z,14902.0,14902.0,False,False,False,
2023-09-14T19:00:00Z,15342.0,15342.0,False,False,False,
2023-09-14T20:00:00Z,15685.0,15685.0,False,False,False,
2023-09-14T21:00:00Z,15784.0,15784.0,False,False,False,
2023-09-14T22:00:00Z,15834.0,15834.0,False,False,False,
2023-09-14T23:00:00Z,15297.0,15297.0,False,False,False,
2023-09-15T00:00:00Z,14662.0,14662.0,False,False,False,
2023-09-15T01:00:00Z,14312.0,14312.0,False,False,False,
2023-09-15T02:00:00Z,13412.0,13412.0,False,False,False,
2023-09-15T03:00:00Z,12369.0,12369.0,False,False,False,
2023-09-15T04:00:00Z,11281.0,11281.0,False,False,False,
2023-09-15T05:00:00Z,10463.0,10463.0,False,False,False,
2023-09-15T06:00:00Z,9841.0,9841.0,False,False,False,
2023-09-15T07:00:00Z,9487.0,9487.0,False,False,False,
2023-09-15T08:00:00Z,9256.0,9256.0,False,False,False,
2023-09-15T09:00:00Z,9246.0,9246.0,False,False,False,
2023-09-15T10:00:00Z,9596.0,9596.0,False,False,False,
2023-09-15T11:00:00Z,10423.0,10423.0,False,False,False,
2023-09-15T12:00:00Z,10747.0,10747.0,False,False,False,
2023-09-15T13:00:00Z,11010.0,11010.0,False,False,False,
2023-09-15T14:00:00Z,11324.0,11324.0,False,False,False,
2023-09-15T15:00:00Z,11688.0,11688.0,False,False,False,
2023-09-15T16:00:00Z,12040.0,12040.0,False,False,False,
2023-09-15T17:00:00Z,12447.0,12447.0,False,False,False,
2023-09-15T18:00:00Z,13004.0,13004.0,False,False,False,
2023-09-15T19:00:00Z,13560.0,13560.0,False,False,False,
2023-09-15T20:00:00Z,14029.0,14029.0,False,False,False,
2023-09-15T21:00:00Z,14337.0,14337.0,False,False,False,
2023-09-15T22:00:00Z,14498.0,14498.0,False,False,False,
2023-09-15T23:00:00Z,14069.0,14069.0,False,False,False,
2023-09-16T00:00:00Z,13297.0,13297.0,False,False,False,
2023-09-16T01:00:00Z,12794.0,12794.0,False,False,False,
2023-09-16T02:00:00Z,12021.0,12021.0,False,False,False,
2023-09-16T03:00:00Z,11222.0,11222.0,False,False,False,
2023-09-16T04:00:00Z,10411.0,10411.0,False,False,False,
2023-09-16T05:00:00Z,9666.0,9666.0,False,False,False,
2023-09-16T06:00:00Z,9144.0,9144.0,False,False,False,
2023-09-16T07:00:00Z,8801.0,8801.0,False,False,False,
2023-09-16T08:00:00Z,8586.0,8586.0,False,False,False,
2023-09-16T09:00:00Z,8514.0,8514.0,False,False,False,
2023-09-16T10:00:00Z,8593.0,8593.0,False,False,False,
2023-09-16T11:00:00Z,8821.0,8821.0,False,False,False,
2023-09-16T12:00:00Z,9018.0,9018.0,False,False,False,
2023-09-16T13:00:00Z,9558.0,9558.0,False,False,False,
2023-09-16T14:00:00Z,10162.0,10162.0,False,False,False,
2023-09-16T15:00:00Z,10773.0,10773.0,False,False,False,
2023-09-16T16:00:00Z,11462.0,11462.0,False,False,False,
2023-09-16T17:00:00Z,12149.0,12149.0,False,False,False,
2023-09-16T18:00:00Z,12858.0,12858.0,False,False,False,
2023-09-16T19:00:00Z,13524.0,13524.0,False,False,False,
2023-09-16T20:00:00Z,14035.0,14035.0,False,False,False,
2023-09-16T21:00:00Z,14280.0,14280.0,False,False,False,
2023-09-16T22:00:00Z,14313.0,14313.0,False,False,False,
2023-09-16T23:00:00Z,13900.0,13900.0,False,False,False,
2023-09-17T00:00:00Z,13451.0,13451.0,False,False,False,
2023-09-17T01:00:00Z,13006.0,13006.0,False,False,False,
2023-09-17T02:00:00Z,12314.0,12314.0,False,False,False,
2023-09-17T03:00:00Z,11529.0,11529.0,False,False,False,
2023-09-17T04:00:00Z,10699.0,10699.0,False,False,False,
2023-09-17T05:00:00Z,9965.0,9965.0,False,False,False,
2023-09-17T06:00:00Z,9405.0,9405.0,False,False,False,
2023-09-17T07:00:00Z,9041.0,9041.0,False,False,False,
2023-09-17T08:00:00Z,8814.0,8814.0,False,False,False,
2023-09-17T09:00:00Z,8701.0,8701.0,False,False,False,
2023-09-17T10:00:00Z,8725.0,8725.0,False,False,False,
2023-09-17T11:00:00Z,8923.0,8923.0,False,False,False,
2023-09-17T12:00:00Z,9154.0,9154.0,False,False,False,
2023-09-17T13:00:00Z,9732.0,9732.0,False,False,False,
2023-09-17T14:00:00Z,10174.0,10174.0,False,False,False,
2023-09-17T15:00:00Z,10414.0,10414.0,False,False,False,
2023-09-17T16:00:00Z,10610.0,10610.0,False,False,False,
2023-09-17T17:00:00Z,10754.0,10754.0,False,False,False,
2023-09-17T18:00:00Z,10837.0,10837.0,False,False,False,
2023-09-17T19:00:00Z,10974.0,10974.0,False,False,False,
2023-09-17T20:00:00Z,11133.0,11133.0,False,False,False,
2023-09-17T21:00:00Z,11403.0,11403.0,False,False,False,
2023-09-17T22:00:00Z,11702.0,11702.0,False,False,False,
2023-09-17T23:00:00Z,11764.0,11764.0,False,False,False,
2023-09-18T00:00:00Z,11818.0,11818.0,False,False,False,
2023-09-18T01:00:00Z,11852.0,11852.0,False,False,False,
2023-09-18T02:00:00Z,11303.0,11303.0,False,False,False,
2023-09-18T03:00:00Z,10572.0,10572.0,False,False,False,
2023-09-18T04:00:00Z,9835.0,9835.0,False,False,False,
2023-09-18T05:00:00Z,9231.0,9231.0,False,False,False,
2023-09-18T06:00:00Z,8831.0,8831.0,False,False,False,
2023-09-18T07:00:00Z,8597.0,8597.0,False,False,False,
2023-09-18T08:00:00Z,8500.0,8500.0,False,False,False,
2023-09-18T09:00:00Z,8619.0,8619.0,False,False,False,
2023-09-18T10:00:00Z,9118.0,9118.0,False,False,False,
2023-09-18T11:00:00Z,10053.0,10053.0,False,False,False,
2023-09-18T12:00:00Z,10493.0,10493.0,False,False,False,
2023-09-18T13:00:00Z,10816.0,10816.0,False,False,False,
2023-09-18T14:00:00Z,11132.0,11132.0,False,False,False,
2023-09-18T15:00:00Z,11574.0,11574.0,False,False,False,
2023-09-18T16:00:00Z,11995.0,11995.0,False,False,False,
2023-09-18T17:00:00Z,12473.0,12473.0,False,False,False,
2023-09-18T18:00:00Z,12996.0,12996.0,False,False,False,
2023-09-18T19:00:00Z,13380.0,13380.0,False,False,False,
2023-09-18T20:00:00Z,13725.0,13725.0,False,False,False,
2023-09-18T21:00:00Z,14003.0,14003.0,False,False,False,
2023-09-18T22:00:00Z,14062.0,14062.0,False,False,False,
2023-09-18T23:00:00Z,13784.0,13784.0,False,False,False,
2023-09-19T00:00:00Z,13363.0,13363.0,False,False,False,
2023-09-19T01:00:00Z,12995.0,12995.0,False,False,False,
2023-09-19T02:00:00Z,12205.0,12205.0,False,False,False,
2023-09-19T03:00:00Z,11132.0,11132.0,False,False,False,
2023-09-19T04:00:00Z,10191.0,10191.0,False,False,False,
2023-09-19T05:00:00Z,9468.0,9468.0,False,False,False,
2023-09-19T06:00:00Z,9009.0,9009.0,False,False,False,
2023-09-19T07:00:00Z,8730.0,8730.0,False,False,False,
2023-09-19T08:00:00Z,8573.0,8573.0,False,False,False,
2023-09-19T09:00:00Z,8713.0,8713.0,False,False,False,
2023-09-19T10:00:00Z,9166.0,9166.0,False,False,False,
2023-09-19T11:00:00Z,10105.0,10105.0,False,False,False,
2023-09-19T12:00:00Z,10532.0,10532.0,False,False,False,
2023-09-19T13:00:00Z,10779.0,10779.0,False,False,False,
2023-09-19T14:00:00Z,11001.0,11001.0,False,False,False,
2023-09-19T15:00:00Z,11376.0,11376.0,False,False,False,
2023-09-19T16:00:00Z,11814.0,11814.0,False,False,False,
2023-09-19T17:00:00Z,12305.0,12305.0,False,False,False,
2023-09-19T18:00:00Z,12888.0,12888.0,False,False,False,
2023-09-19T19:00:00Z,13327.0,13327.0,False,False,False,
2023-09-19T20:00:00Z,13649.0,13649.0,False,False,False,
2023-09-19T21:00:00Z,13953.0,13953.0,False,False,False,
2023-09-19T22:00:00Z,14049.0,14049.0,False,False,False,
2023-09-19T23:00:00Z,13842.0,13842.0,False,False,False,
2023-09-20T00:00:00Z,13479.0,13479.0,False,False,False,
2023-09-20T01:00:00Z,13200.0,13200.0,False,False,False,
2023-09-20T02:00:00Z,12372.0,12372.0,False,False,False,
2023-09-20T03:00:00Z,11382.0,11382.0,False,False,False,
2023-09-20T04:00:00Z,10423.0,10423.0,False,False,False,
2023-09-20T05:00:00Z,9724.0,9724.0,False,False,False,
2023-09-20T06:00:00Z,9288.0,9288.0,False,False,False,
2023-09-20T07:00:00Z,9028.0,9028.0,False,False,False,
2023-09-20T08:00:00Z,8899.0,8899.0,False,False,False,
2023-09-20T09:00:00Z,9012.0,9012.0,False,False,False,
2023-09-20T10:00:00Z,9485.0,9485.0,False,False,False,
2023-09-20T11:00:00Z,10447.0,10447.0,False,False,False,
2023-09-20T12:00:00Z,10874.0,10874.0,False,False,False,
2023-09-20T13:00:00Z,11146.0,11146.0,False,False,False,
2023-09-20T14:00:00Z,11423.0,11423.0,False,False,False,
2023-09-20T15:00:00Z,11867.0,11867.0,False,False,False,
2023-09-20T16:00:00Z,12404.0,12404.0,False,False,False,
2023-09-20T17:00:00Z,13005.0,13005.0,False,False,False,
2023-09-20T18:00:00Z,13486.0,13486.0,False,False,False,
2023-09-20T19:00:00Z,13886.0,13886.0,False,False,False,
2023-09-20T20:00:00Z,14299.0,14299.0,False,False,False,
2023-09-20T21:00:00Z,14585.0,14585.0,False,False,False,
2023-09-20T22:00:00Z,14609.0,14609.0,False,False,False,
2023-09-20T23:00:00Z,14248.0,14248.0,False,False,False,
2023-09-21T00:00:00Z,13830.0,13830.0,False,False,False,
2023-09-21T01:00:00Z,13436.0,13436.0,False,False,False,
2023-09-21T02:00:00Z,12596.0,12596.0,False,False,False,
2023-09-21T03:00:00Z,11588.0,11588.0,False,False,False,
2023-09-21T04:00:00Z,10592.0,10592.0,False,False,False,
2023-09-21T05:00:00Z,9871.0,9871.0,False,False,False,
2023-09-21T06:00:00Z,9399.0,9399.0,False,False,False,
2023-09-21T07:00:00Z,9095.0,9095.0,False,False,False,
2023-09-21T08:00:00Z,8958.0,8958.0,False,False,False,
2023-09-21T09:00:00Z,9040.0,9040.0,False,False,False,
2023-09-21T10:00:00Z,9508.0,9508.0,False,False,False,
2023-09-21T11:00:00Z,10460.0,10460.0,False,False,False,
2023-09-21T12:00:00Z,10888.0,10888.0,False,False,False,
2023-09-21T13:00:00Z,11090.0,11090.0,False,False,False,
2023-09-21T14:00:00Z,11379.0,11379.0,False,False,False,
2023-09-21T15:00:00Z,11838.0,11838.0,False,False,False,
2023-09-21T16:00:00Z,12321.0,12321.0,False,False,False,
2023-09-21T17:00:00Z,13098.0,13098.0,False,False,False,
2023-09-21T18:00:00Z,13609.0,13609.0,False,False,False,
2023-09-21T19:00:00Z,13923.0,13923.0,False,False,False,
2023-09-21T20:00:00Z,13996.0,13996.0,False,False,False,
2023-09-21T21:00:00Z,14028.0,14028.0,False,False,False,
2023-09-21T22:00:00Z,14088.0,14088.0,False,False,False,
2023-09-21T23:00:00Z,13816.0,13816.0,False,False,False,
2023-09-22T00:00:00Z,13507.0,13507.0,False,False,False,
2023-09-22T01:00:00Z,13175.0,13175.0,False,False,False,
2023-09-22T02:00:00Z,12407.0,12407.0,False,False,False,
2023-09-22T03:00:00Z,11403.0,11403.0,False,False,False,
2023-09-22T04:00:00Z,10455.0,10455.0,False,False,False,
2023-09-22T05:00:00Z,9727.0,9727.0,False,False,False,
2023-09-22T06:00:00Z,9258.0,9258.0,False,False,False,
2023-09-22T07:00:00Z,8975.0,8975.0,False,False,False,
2023-09-22T08:00:00Z,8832.0,8832.0,False,False,False,
2023-09-22T09:00:00Z,8906.0,8906.0,False,False,False,
2023-09-22T10:00:00Z,9351.0,9351.0,False,False,False,
2023-09-22T11:00:00Z,10225.0,10225.0,False,False,False,
2023-09-22T12:00:00Z,10669.0,10669.0,False,False,False,
2023-09-22T13:00:00Z,10923.0,10923.0,False,False,False,
2023-09-22T14:00:00Z,11166.0,11166.0,False,False,False,
2023-09-22T15:00:00Z,11529.0,11529.0,False,False,False,
2023-09-22T16:00:00Z,11809.0,11809.0,False,False,False,
2023-09-22T17:00:00Z,12049.0,12049.0,False,False,False,
2023-09-22T18:00:00Z,12338.0,12338.0,False,False,False,
2023-09-22T19:00:00Z,12592.0,12592.0,False,False,False,
2023-09-22T20:00:00Z,12810.0,12810.0,False,False,False,
2023-09-22T21:00:00Z,12873.0,12873.0,False,False,False,
2023-09-22T22:00:00Z,12770.0,12770.0,False,False,False,
2023-09-22T23:00:00Z,12419.0,12419.0,False,False,False,
2023-09-23T00:00:00Z,12097.0,12097.0,False,False,False,
2023-09-23T01:00:00Z,11818.0,11818.0,False,False,False,
2023-09-23T02:00:00Z,11301.0,11301.0,False,False,False,
2023-09-23T03:00:00Z,10623.0,10623.0,False,False,False,
2023-09-23T04:00:00Z,9903.0,9903.0,False,False,False,
2023-09-23T05:00:00Z,9264.0,9264.0,False,False,False,
2023-09-23T06:00:00Z,8790.0,8790.0,False,False,False,
2023-09-23T07:00:00Z,8512.0,8512.0,False,False,False,
2023-09-23T08:00:00Z,8332.0,8332.0,False,False,False,
2023-09-23T09:00:00Z,8284.0,8284.0,False,False,False,
2023-09-23T10:00:00Z,8361.0,8361.0,False,False,False,
2023-09-23T11:00:00Z,8642.0,8642.0,False,False,False,
2023-09-23T12:00:00Z,8935.0,8935.0,False,False,False,
2023-09-23T13:00:00Z,9373.0,9373.0,False,False,False,
2023-09-23T14:00:00Z,9828.0,9828.0,False,False,False,
2023-09-23T15:00:00Z,10170.0,10170.0,False,False,False,
2023-09-23T16:00:00Z,10406.0,10406.0,False,False,False,
2023-09-23T17:00:00Z,10628.0,10628.0,False,False,False,
2023-09-23T18:00:00Z,10810.0,10810.0,False,False,False,
2023-09-23T19:00:00Z,11039.0,11039.0,False,False,False,
2023-09-23T20:00:00Z,11185.0,11185.0,False,False,False,
2023-09-23T21:00:00Z,11372.0,11372.0,False,False,False,
2023-09-23T22:00:00Z,11392.0,11392.0,False,False,False,
2023-09-23T23:00:00Z,11333.0,11333.0,False,False,False,
2023-09-24T00:00:00Z,11340.0,11340.0,False,False,False,
2023-09-24T01:00:00Z,11200.0,11200.0,False,False,False,
2023-09-24T02:00:00Z,10755.0,10755.0,False,False,False,
2023-09-24T03:00:00Z,10181.0,10181.0,False,False,False,
2023-09-24T04:00:00Z,9537.0,9537.0,False,False,False,
2023-09-24T05:00:00Z,8954.0,8954.0,False,False,False,
2023-09-24T06:00:00Z,8531.0,8531.0,False,False,False,
2023-09-24T07:00:00Z,8272.0,8272.0,False,False,False,
2023-09-24T08:00:00Z,8084.0,8084.0,False,False,False,
2023-09-24T09:00:00Z,8026.0,8026.0,False,False,False,
2023-09-24T10:00:00Z,8083.0,8083.0,False,False,False,
2023-09-24T11:00:00Z,8294.0,8294.0,False,False,False,
2023-09-24T12:00:00Z,8532.0,8532.0,False,False,False,
2023-09-24T13:00:00Z,9125.0,9125.0,False,False,False,
2023-09-24T14:00:00Z,9663.0,9663.0,False,False,False,
2023-09-24T15:00:00Z,10157.0,10157.0,False,False,False,
2023-09-24T16:00:00Z,10733.0,10733.0,False,False,False,
2023-09-24T17:00:00Z,11414.0,11414.0,False,False,False,
2023-09-24T18:00:00Z,12045.0,12045.0,False,False,False,
2023-09-24T19:00:00Z,12584.0,12584.0,False,False,False,
2023-09-24T20:00:00Z,13095.0,13095.0,False,False,False,
2023-09-24T21:00:00Z,13513.0,13513.0,False,False,False,
2023-09-24T22:00:00Z,13725.0,13725.0,False,False,False,
2023-09-24T23:00:00Z,13568.0,13568.0,False,False,False,
2023-09-25T00:00:00Z,13285.0,13285.0,False,False,False,
2023-09-25T01:00:00Z,12954.0,12954.0,False,False,False,
2023-09-25T02:00:00Z,12238.0,12238.0,False,False,False,
2023-09-25T03:00:00Z,11348.0,11348.0,False,False,False,
2023-09-25T04:00:00Z,10470.0,10470.0,False,False,False,
2023-09-25T05:00:00Z,9790.0,9790.0,False,False,False,
2023-09-25T06:00:00Z,9232.0,9232.0,False,False,False,
2023-09-25T07:00:00Z,8918.0,8918.0,False,False,False,
2023-09-25T08:00:00Z,8747.0,8747.0,False,False,False,
2023-09-25T09:00:00Z,8830.0,8830.0,False,False,False,
2023-09-25T10:00:00Z,9306.0,9306.0,False,False,False,
2023-09-25T11:00:00Z,10218.0,10218.0,False,False,False,
2023-09-25T12:00:00Z,10690.0,10690.0,False,False,False,
2023-09-25T13:00:00Z,11056.0,11056.0,False,False,False,
2023-09-25T14:00:00Z,11474.0,11474.0,False,False,False,
2023-09-25T15:00:00Z,12028.0,12028.0,False,False,False,
2023-09-25T16:00:00Z,12688.0,12688.0,False,False,False,
2023-09-25T17:00:00Z,13438.0,13438.0,False,False,False,
2023-09-25T18:00:00Z,14215.0,14215.0,False,False,False,
2023-09-25T19:00:00Z,14741.0,14741.0,False,False,False,
2023-09-25T20:00:00Z,15078.0,15078.0,False,False,False,
2023-09-25T21:00:00Z,15304.0,15304.0,False,False,False,
2023-09-25T22:00:00Z,15333.0,15333.0,False,False,False,
2023-09-25T23:00:00Z,14965.0,14965.0,False,False,False,
2023-09-26T00:00:00Z,14614.0,14614.0,False,False,False,
2023-09-26T01:00:00Z,14169.0,14169.0,False,False,False,
2023-09-26T02:00:00Z,13216.0,13216.0,False,False,False,
2023-09-26T03:00:00Z,12179.0,12179.0,False,False,False,
2023-09-26T04:00:00Z,11141.0,11141.0,False,False,False,
2023-09-26T05:00:00Z,10359.0,10359.0,False,False,False,
2023-09-26T06:00:00Z,9774.0,9774.0,False,False,False,
2023-09-26T07:00:00Z,9437.0,9437.0,False,False,False,
2023-09-26T08:00:00Z,9229.0,9229.0,False,False,False,
2023-09-26T09:00:00Z,9295.0,9295.0,False,False,False,
2023-09-26T10:00:00Z,9781.0,9781.0,False,False,False,
2023-09-26T11:00:00Z,10780.0,10780.0,False,False,False,
2023-09-26T12:00:00Z,11236.0,11236.0,False,False,False,
2023-09-26T13:00:00Z,11427.0,11427.0,False,False,False,
2023-09-26T14:00:00Z,11663.0,11663.0,False,False,False,
2023-09-26T15:00:00Z,12019.0,12019.0,False,False,False,
2023-09-26T16:00:00Z,12350.0,12350.0,False,False,False,
2023-09-26T17:00:00Z,12757.0,12757.0,False,False,False,
2023-09-26T18:00:00Z,13126.0,13126.0,False,False,False,
2023-09-26T19:00:00Z,13314.0,13314.0,False,False,False,
2023-09-26T20:00:00Z,13503.0,13503.0,False,False,False,
2023-09-26T21:00:00Z,13599.0,13599.0,False,False,False,
2023-09-26T22:00:00Z,13567.0,13567.0,False,False,False,
2023-09-26T23:00:00Z,13411.0,13411.0,False,False,False,
2023-09-27T00:00:00Z,13444.0,13444.0,False,False,False,
2023-09-27T01:00:00Z,13199.0,13199.0,False,False,False,
2023-09-27T02:00:00Z,12486.0,12486.0,False,False,False,
2023-09-27T03:00:00Z,11539.0,11539.0,False,False,False,
2023-09-27T04:00:00Z,10617.0,10617.0,False,False,False,
2023-09-27T05:00:00Z,9882.0,9882.0,False,False,False,
2023-09-27T06:00:00Z,9440.0,9440.0,False,False,False,
2023-09-27T07:00:00Z,9156.0,9156.0,False,False,False,
2023-09-27T08:00:00Z,9014.0,9014.0,False,False,False,
2023-09-27T09:00:00Z,9117.0,9117.0,False,False,False,
2023-09-27T10:00:00Z,9629.0,9629.0,False,False,False,
2023-09-27T11:00:00Z,10583.0,10583.0,False,False,False,
2023-09-27T12:00:00Z,11127.0,11127.0,False,False,False,
2023-09-27T13:00:00Z,11222.0,11222.0,False,False,False,
2023-09-27T14:00:00Z,11392.0,11392.0,False,False,False,
2023-09-27T15:00:00Z,11550.0,11550.0,False,False,False,
2023-09-27T16:00:00Z,11664.0,11664.0,False,False,False,
2023-09-27T17:00:00Z,11719.0,11719.0,False,False,False,
2023-09-27T18:00:00Z,11773.0,11773.0,False,False,False,
2023-09-27T19:00:00Z,11760.0,11760.0,False,False,False,
2023-09-27T20:00:00Z,11734.0,11734.0,False,False,False,
2023-09-27T21:00:00Z,11707.0,11707.0,False,False,False,
2023-09-27T22:00:00Z,11788.0,11788.0,False,False,False,
2023-09-27T23:00:00Z,11838.0,11838.0,False,False,False,
2023-09-28T00:00:00Z,12044.0,12044.0,False,False,False,
2023-09-28T01:00:00Z,11900.0,11900.0,False,False,False,
2023-09-28T02:00:00Z,11398.0,11398.0,False,False,False,
2023-09-28T03:00:00Z,10602.0,10602.0,False,False,False,
2023-09-28T04:00:00Z,9847.0,9847.0,False,False,False,
2023-09-28T05:00:00Z,9254.0,9254.0,False,False,False,
2023-09-28T06:00:00Z,8922.0,8922.0,False,False,False,
2023-09-28T07:00:00Z,8667.0,8667.0,False,False,False,
2023-09-28T08:00:00Z,8595.0,8595.0,False,False,False,
2023-09-28T09:00:00Z,8705.0,8705.0,False,False,False,
2023-09-28T10:00:00Z,9219.0,9219.0,False,False,False,
2023-09-28T11:00:00Z,10189.0,10189.0,False,False,False,
2023-09-28T12:00:00Z,10748.0,10748.0,False,False,False,
2023-09-28T13:00:00Z,10856.0,10856.0,False,False,False,
2023-09-28T14:00:00Z,11011.0,11011.0,False,False,False,
2023-09-28T15:00:00Z,11160.0,11160.0,False,False,False,
2023-09-28T16:00:00Z,11227.0,11227.0,False,False,False,
2023-09-28T17:00:00Z,11363.0,11363.0,False,False,False,
2023-09-28T18:00:00Z,11632.0,11632.0,False,False,False,
2023-09-28T19:00:00Z,11974.0,11974.0,False,False,False,
2023-09-28T20:00:00Z,12450.0,12450.0,False,False,False,
2023-09-28T21:00:00Z,12855.0,12855.0,False,False,False,
2023-09-28T22:00:00Z,13050.0,13050.0,False,False,False,
2023-09-28T23:00:00Z,12854.0,12854.0,False,False,False,
2023-09-29T00:00:00Z,12766.0,12766.0,False,False,False,
2023-09-29T01:00:00Z,12508.0,12508.0,False,False,False,
2023-09-29T02:00:00Z,11820.0,11820.0,False,False,False,
2023-09-29T03:00:00Z,10940.0,10940.0,False,False,False,
2023-09-29T04:00:00Z,10102.0,10102.0,False,False,False,
2023-09-29T05:00:00Z,9428.0,9428.0,False,False,False,
2023-09-29T06:00:00Z,9001.0,9001.0,False,False,False,
2023-09-29T07:00:00Z,8756.0,8756.0,False,False,False,
2023-09-29T08:00:00Z,8658.0,8658.0,False,False,False,
2023-09-29T09:00:00Z,8738.0,8738.0,False,False,False,
2023-09-29T10:00:00Z,9198.0,9198.0,False,False,False,
2023-09-29T11:00:00Z,10084.0,10084.0,False,False,False,
2023-09-29T12:00:00Z,10582.0,10582.0,False,False,False,
2023-09-29T13:00:00Z,10804.0,10804.0,False,False,False,
2023-09-29T14:00:00Z,11002.0,11002.0,False,False,False,
2023-09-29T15:00:00Z,11275.0,11275.0,False,False,False,
2023-09-29T16:00:00Z,11613.0,11613.0,False,False,False,
2023-09-29T17:00:00Z,12022.0,12022.0,False,False,False,
2023-09-29T18:00:00Z,12599.0,12599.0,False,False,False,
2023-09-29T19:00:00Z,13169.0,13169.0,False,False,False,
2023-09-29T20:00:00Z,13709.0,13709.0,False,False,False,
2023-09-29T21:00:00Z,14135.0,14135.0,False,False,False,
2023-09-29T22:00:00Z,14177.0,14177.0,False,False,False,
2023-09-29T23:00:00Z,13696.0,13696.0,False,False,False,
2023-09-30T00:00:00Z,13126.0,13126.0,False,False,False,
2023-09-30T01:00:00Z,12641.0,12641.0,False,False,False,
2023-09-30T02:00:00Z,11941.0,11941.0,False,False,False,
2023-09-30T03:00:00Z,11175.0,11175.0,False,False,False,
2023-09-30T04:00:00Z,10356.0,10356.0,False,False,False,
2023-09-30T05:00:00Z,9612.0,9612.0,False,False,False,
2023-09-30T06:00:00Z,9062.0,9062.0,False,False,False,
2023-09-30T07:00:00Z,8722.0,8722.0,False,False,False,
2023-09-30T08:00:00Z,8519.0,8519.0,False,False,False,
2023-09-30T09:00:00Z,8444.0,8444.0,False,False,False,
2023-09-30T10:00:00Z,8528.0,8528.0,False,False,False,
2023-09-30T11:00:00Z,8790.0,8790.0,False,False,False,
2023-09-30T12:00:00Z,9040.0,9040.0,False,False,False,
2023-09-30T13:00:00Z,9532.0,9532.0,False,False,False,
2023-09-30T14:00:00Z,10078.0,10078.0,False,False,False,
2023-09-30T15:00:00Z,10609.0,10609.0,False,False,False,
2023-09-30T16:00:00Z,11106.0,11106.0,False,False,False,
2023-09-30T17:00:00Z,11740.0,11740.0,False,False,False,
2023-09-30T18:00:00Z,12330.0,12330.0,False,False,False,
2023-09-30T19:00:00Z,12861.0,12861.0,False,False,False,
2023-09-30T20:00:00Z,13229.0,13229.0,False,False,False,
2023-09-30T21:00:00Z,13589.0,13589.0,False,False,False,
2023-09-30T22:00:00Z,13635.0,13635.0,False,False,False,
2023-09-30T23:00:00Z,13211.0,13211.0,False,False,False,
2023-10-01T00:00:00Z,12747.0,12747.0,False,False,False,
2023-10-01T01:00:00Z,12231.0,12231.0,False,False,False,
2023-10-01T02:00:00Z,11538.0,11538.0,False,False,False,
2023-10-01T03:00:00Z,10790.0,10790.0,False,False,False,
2023-10-01T04:00:00Z,10080.0,10080.0,False,False,False,
2023-10-01T05:00:00Z,9408.0,9408.0,False,False,False,
2023-10-01T06:00:00Z,8910.0,8910.0,False,False,False,
2023-10-01T07:00:00Z,8597.0,8597.0,False,False,False,
2023-10-01T08:00:00Z,8401.0,8401.0,False,False,False,
2023-10-01T09:00:00Z,8336.0,8336.0,False,False,False,
2023-10-01T10:00:00Z,8398.0,8398.0,False,False,False,
2023-10-01T11:00:00Z,8577.0,8577.0,False,False,False,
2023-10-01T12:00:00Z,8809.0,8809.0,False,False,False,
2023-10-01T13:00:00Z,9391.0,9391.0,False,False,False,
2023-10-01T14:00:00Z,9976.0,9976.0,False,False,False,
2023-10-01T15:00:00Z,10584.0,10584.0,False,False,False,
2023-10-01T16:00:00Z,11143.0,11143.0,False,False,False,
2023-10-01T17:00:00Z,11820.0,11820.0,False,False,False,
2023-10-01T18:00:00Z,12429.0,12429.0,False,False,False,
2023-10-01T19:00:00Z,12918.0,12918.0,False,False,False,
2023-10-01T20:00:00Z,13356.0,13356.0,False,False,False,
2023-10-01T21:00:00Z,13684.0,13684.0,False,False,False,
2023-10-01T22:00:00Z,13860.0,13860.0,False,False,False,
2023-10-01T23:00:00Z,13508.0,13508.0,False,False,False,
2023-10-02T00:00:00Z,13152.0,13152.0,False,False,False,
2023-10-02T01:00:00Z,12665.0,12665.0,False,False,False,
2023-10-02T02:00:00Z,11791.0,11791.0,False,False,False,
2023-10-02T03:00:00Z,10837.0,10837.0,False,False,False,
2023-10-02T04:00:00Z,9940.0,9940.0,False,False,False,
2023-10-02T05:00:00Z,9267.0,9267.0,False,False,False,
2023-10-02T06:00:00Z,8819.0,8819.0,False,False,False,
2023-10-02T07:00:00Z,8500.0,8500.0,False,False,False,
2023-10-02T08:00:00Z,8394.0,8394.0,False,False,False,
2023-10-02T09:00:00Z,8520.0,8520.0,False,False,False,
2023-10-02T10:00:00Z,9043.0,9043.0,False,False,False,
2023-10-02T11:00:00Z,9959.0,9959.0,False,False,False,
2023-10-02T12:00:00Z,10508.0,10508.0,False,False,False,
2023-10-02T13:00:00Z,10773.0,10773.0,False,False,False,
2023-10-02T14:00:00Z,11138.0,11138.0,False,False,False,
2023-10-02T15:00:00Z,11579.0,11579.0,False,False,False,
2023-10-02T16:00:00Z,12131.0,12131.0,False,False,False,
2023-10-02T17:00:00Z,12708.0,12708.0,False,False,False,
2023-10-02T18:00:00Z,13417.0,13417.0,False,False,False,
2023-10-02T19:00:00Z,14006.0,14006.0,False,False,False,
2023-10-02T20:00:00Z,14552.0,14552.0,False,False,False,
2023-10-02T21:00:00Z,14942.0,14942.0,False,False,False,
2023-10-02T22:00:00Z,15062.0,15062.0,False,False,False,
2023-10-02T23:00:00Z,14642.0,14642.0,False,False,False,
2023-10-03T00:00:00Z,14201.0,14201.0,False,False,False,
2023-10-03T01:00:00Z,13574.0,13574.0,False,False,False,
2023-10-03T02:00:00Z,12600.0,12600.0,False,False,False,
2023-10-03T03:00:00Z,11482.0,11482.0,False,False,False,
2023-10-03T04:00:00Z,10454.0,10454.0,False,False,False,
2023-10-03T05:00:00Z,9739.0,9739.0,False,False,False,
2023-10-03T06:00:00Z,9239.0,9239.0,False,False,False,
2023-10-03T07:00:00Z,8932.0,8932.0,False,False,False,
2023-10-03T08:00:00Z,8784.0,8784.0,False,False,False,
2023-10-03T09:00:00Z,8858.0,8858.0,False,False,False,
2023-10-03T10:00:00Z,9323.0,9323.0,False,False,False,
2023-10-03T11:00:00Z,10219.0,10219.0,False,False,False,
2023-10-03T12:00:00Z,10722.0,10722.0,False,False,False,
2023-10-03T13:00:00Z,10893.0,10893.0,False,False,False,
2023-10-03T14:00:00Z,11223.0,11223.0,False,False,False,
2023-10-03T15:00:00Z,11636.0,11636.0,False,False,False,
2023-10-03T16:00:00Z,12140.0,12140.0,False,False,False,
2023-10-03T17:00:00Z,12773.0,12773.0,False,False,False,
2023-10-03T18:00:00Z,13561.0,13561.0,False,False,False,
2023-10-03T19:00:00Z,14128.0,14128.0,False,False,False,
2023-10-03T20:00:00Z,14679.0,14679.0,False,False,False,
2023-10-03T21:00:00Z,14949.0,14949.0,False,False,False,
2023-10-03T22:00:00Z,15038.0,15038.0,False,False,False,
2023-10-03T23:00:00Z,14702.0,14702.0,False,False,False,
2023-10-04T00:00:00Z,14360.0,14360.0,False,False,False,
2023-10-04T01:00:00Z,13744.0,13744.0,False,False,False,
2023-10-04T02:00:00Z,12774.0,12774.0,False,False,False,
2023-10-04T03:00:00Z,11804.0,11804.0,False,False,False,
2023-10-04T04:00:00Z,10626.0,10626.0,False,False,False,
2023-10-04T05:00:00Z,9879.0,9879.0,False,False,False,
2023-10-04T06:00:00Z,9404.0,9404.0,False,False,False,
2023-10-04T07:00:00Z,9043.0,9043.0,False,False,False,
2023-10-04T08:00:00Z,8894.0,8894.0,False,False,False,
2023-10-04T09:00:00Z,8931.0,8931.0,False,False,False,
2023-10-04T10:00:00Z,9398.0,9398.0,False,False,False,
2023-10-04T11:00:00Z,10300.0,10300.0,False,False,False,
2023-10-04T12:00:00Z,10793.0,10793.0,False,False,False,
2023-10-04T13:00:00Z,10990.0,10990.0,False,False,False,
2023-10-04T14:00:00Z,11251.0,11251.0,False,False,False,
2023-10-04T15:00:00Z,11822.0,11822.0,False,False,False,
2023-10-04T16:00:00Z,12426.0,12426.0,False,False,False,
2023-10-04T17:00:00Z,13038.0,13038.0,False,False,False,
2023-10-04T18:00:00Z,13778.0,13778.0,False,False,False,
2023-10-04T19:00:00Z,14241.0,14241.0,False,False,False,
2023-10-04T20:00:00Z,14721.0,14721.0,False,False,False,
2023-10-04T21:00:00Z,14865.0,14865.0,False,False,False,
2023-10-04T22:00:00Z,14820.0,14820.0,False,False,False,
2023-10-04T23:00:00Z,14437.0,14437.0,False,False,False,
2023-10-05T00:00:00Z,14054.0,14054.0,False,False,False,
2023-10-05T01:00:00Z,13387.0,13387.0,False,False,False,
2023-10-05T02:00:00Z,12449.0,12449.0,False,False,False,
2023-10-05T03:00:00Z,11376.0,11376.0,False,False,False,
2023-10-05T04:00:00Z,10389.0,10389.0,False,False,False,
2023-10-05T05:00:00Z,9647.0,9647.0,False,False,False,
2023-10-05T06:00:00Z,9143.0,9143.0,False,False,False,
2023-10-05T07:00:00Z,8855.0,8855.0,False,False,False,
2023-10-05T08:00:00Z,8709.0,8709.0,False,False,False,
2023-10-05T09:00:00Z,8788.0,8788.0,False,False,False,
2023-10-05T10:00:00Z,9236.0,9236.0,False,False,False,
2023-10-05T11:00:00Z,10144.0,10144.0,False,False,False,
2023-10-05T12:00:00Z,10609.0,10609.0,False,False,False,
2023-10-05T13:00:00Z,10815.0,10815.0,False,False,False,
2023-10-05T14:00:00Z,11072.0,11072.0,False,False,False,
2023-10-05T15:00:00Z,11425.0,11425.0,False,False,False,
2023-10-05T16:00:00Z,11894.0,11894.0,False,False,False,
2023-10-05T17:00:00Z,12383.0,12383.0,False,False,False,
2023-10-05T18:00:00Z,12827.0,12827.0,False,False,False,
2023-10-05T19:00:00Z,13206.0,13206.0,False,False,False,
2023-10-05T20:00:00Z,13537.0,13537.0,False,False,False,
2023-10-05T21:00:00Z,13834.0,13834.0,False,False,False,
2023-10-05T22:00:00Z,13838.0,13838.0,False,False,False,
2023-10-05T23:00:00Z,13496.0,13496.0,False,False,False,
2023-10-06T00:00:00Z,13444.0,13444.0,False,False,False,
2023-10-06T01:00:00Z,13056.0,13056.0,False,False,False,
2023-10-06T02:00:00Z,12319.0,12319.0,False,False,False,
2023-10-06T03:00:00Z,11393.0,11393.0,False,False,False,
2023-10-06T04:00:00Z,10471.0,10471.0,False,False,False,
2023-10-06T05:00:00Z,9771.0,9771.0,False,False,False,
2023-10-06T06:00:00Z,9306.0,9306.0,False,False,False,
2023-10-06T07:00:00Z,9056.0,9056.0,False,False,False,
2023-10-06T08:00:00Z,8904.0,8904.0,False,False,False,
2023-10-06T09:00:00Z,8985.0,8985.0,False,False,False,
2023-10-06T10:00:00Z,9438.0,9438.0,False,False,False,
2023-10-06T11:00:00Z,10310.0,10310.0,False,False,False,
2023-10-06T12:00:00Z,10821.0,10821.0,False,False,False,
2023-10-06T13:00:00Z,11051.0,11051.0,False,False,False,
2023-10-06T14:00:00Z,11305.0,11305.0,False,False,False,
2023-10-06T15:00:00Z,11601.0,11601.0,False,False,False,
2023-10-06T16:00:00Z,11976.0,11976.0,False,False,False,
2023-10-06T17:00:00Z,12491.0,12491.0,False,False,False,
2023-10-06T18:00:00Z,13241.0,13241.0,False,False,False,
2023-10-06T19:00:00Z,13748.0,13748.0,False,False,False,
2023-10-06T20:00:00Z,14085.0,14085.0,False,False,False,
2023-10-06T21:00:00Z,14213.0,14213.0,False,False,False,
2023-10-06T22:00:00Z,14117.0,14117.0,False,False,False,
2023-10-06T23:00:00Z,13662.0,13662.0,False,False,False,
2023-10-07T00:00:00Z,13369.0,13369.0,False,False,False,
2023-10-07T01:00:00Z,12854.0,12854.0,False,False,False,
2023-10-07T02:00:00Z,12195.0,12195.0,False,False,False,
2023-10-07T03:00:00Z,11422.0,11422.0,False,False,False,
2023-10-07T04:00:00Z,10657.0,10657.0,False,False,False,
2023-10-07T05:00:00Z,9853.0,9853.0,False,False,False,
2023-10-07T06:00:00Z,9351.0,9351.0,False,False,False,
2023-10-07T07:00:00Z,8974.0,8974.0,False,False,False,
2023-10-07T08:00:00Z,8750.0,8750.0,False,False,False,
2023-10-07T09:00:00Z,8644.0,8644.0,False,False,False,
2023-10-07T10:00:00Z,8687.0,8687.0,False,False,False,
2023-10-07T11:00:00Z,8930.0,8930.0,False,False,False,
2023-10-07T12:00:00Z,9168.0,9168.0,False,False,False,
2023-10-07T13:00:00Z,9584.0,9584.0,False,False,False,
2023-10-07T14:00:00Z,9978.0,9978.0,False,False,False,
2023-10-07T15:00:00Z,10227.0,10227.0,False,False,False,
2023-10-07T16:00:00Z,10454.0,10454.0,False,False,False,
2023-10-07T17:00:00Z,10576.0,10576.0,False,False,False,
2023-10-07T18:00:00Z,10714.0,10714.0,False,False,False,
2023-10-07T19:00:00Z,10835.0,10835.0,False,False,False,
2023-10-07T20:00:00Z,10929.0,10929.0,False,False,False,
2023-10-07T21:00:00Z,11029.0,11029.0,False,False,False,
2023-10-07T22:00:00Z,10954.0,10954.0,False,False,False,
2023-10-07T23:00:00Z,10636.0,10636.0,False,False,False,
2023-10-08T00:00:00Z,10637.0,10637.0,False,False,False,
2023-10-08T01:00:00Z,10363.0,10363.0,False,False,False,
2023-10-08T02:00:00Z,9949.0,9949.0,False,False,False,
2023-10-08T03:00:00Z,9389.0,9389.0,False,False,False,
2023-10-08T04:00:00Z,8833.0,8833.0,False,False,False,
2023-10-08T05:00:00Z,8387.0,8387.0,False,False,False,
2023-10-08T06:00:00Z,8068.0,8068.0,False,False,False,
2023-10-08T07:00:00Z,7913.0,7913.0,False,False,False,
2023-10-08T08:00:00Z,7854.0,7854.0,False,False,False,
2023-10-08T09:00:00Z,7888.0,7888.0,False,False,False,
2023-10-08T10:00:00Z,8085.0,8085.0,False,False,False,
2023-10-08T11:00:00Z,8440.0,8440.0,False,False,False,
2023-10-08T12:00:00Z,8965.0,8965.0,False,False,False,
2023-10-08T13:00:00Z,9565.0,9565.0,False,False,False,
2023-10-08T14:00:00Z,9708.0,9708.0,False,False,False,
2023-10-08T15:00:00Z,9546.0,9546.0,False,False,False,
2023-10-08T16:00:00Z,9490.0,9490.0,False,False,False,
2023-10-08T17:00:00Z,9493.0,9493.0,False,False,False,
2023-10-08T18:00:00Z,9497.0,9497.0,False,False,False,
2023-10-08T19:00:00Z,9498.0,9498.0,False,False,False,
2023-10-08T20:00:00Z,9593.0,9593.0,False,False,False,
2023-10-08T21:00:00Z,9825.0,9825.0,False,False,False,
2023-10-08T22:00:00Z,10098.0,10098.0,False,False,False,
2023-10-08T23:00:00Z,10306.0,10306.0,False,False,False,
2023-10-09T00:00:00Z,10744.0,10744.0,False,False,False,
2023-10-09T01:00:00Z,10652.0,10652.0,False,False,False,
2023-10-09T02:00:00Z,10185.0,10185.0,False,False,False,
2023-10-09T03:00:00Z,9645.0,9645.0,False,False,False,
2023-10-09T04:00:00Z,9103.0,9103.0,False,False,False,
2023-10-09T05:00:00Z,8741.0,8741.0,False,False,False,
2023-10-09T06:00:00Z,8550.0,8550.0,False,False,False,
2023-10-09T07:00:00Z,8515.0,8515.0,False,False,False,
2023-10-09T08:00:00Z,8558.0,8558.0,False,False,False,
2023-10-09T09:00:00Z,8838.0,8838.0,False,False,False,
2023-10-09T10:00:00Z,9542.0,9542.0,False,False,False,
2023-10-09T11:00:00Z,10694.0,10694.0,False,False,False,
2023-10-09T12:00:00Z,11390.0,11390.0,False,False,False,
2023-10-09T13:00:00Z,11596.0,11596.0,False,False,False,
2023-10-09T14:00:00Z,11380.0,11380.0,False,False,False,
2023-10-09T15:00:00Z,11169.0,11169.0,False,False,False,
2023-10-09T16:00:00Z,10971.0,10971.0,False,False,False,
2023-10-09T17:00:00Z,10819.0,10819.0,False,False,False,
2023-10-09T18:00:00Z,10874.0,10874.0,False,False,False,
2023-10-09T19:00:00Z,10881.0,10881.0,False,False,False,
2023-10-09T20:00:00Z,10905.0,10905.0,False,False,False,
2023-10-09T21:00:00Z,11065.0,11065.0,False,False,False,
2023-10-09T22:00:00Z,11222.0,11222.0,False,False,False,
2023-10-09T23:00:00Z,11438.0,11438.0,False,False,False,
2023-10-10T00:00:00Z,11814.0,11814.0,False,False,False,
2023-10-10T01:00:00Z,11527.0,11527.0,False,False,False,
2023-10-10T02:00:00Z,10897.0,10897.0,False,False,False,
2023-10-10T03:00:00Z,10147.0,10147.0,False,False,False,
2023-10-10T04:00:00Z,9446.0,9446.0,False,False,False,
2023-10-10T05:00:00Z,8953.0,8953.0,False,False,False,
2023-10-10T06:00:00Z,8684.0,8684.0,False,False,False,
2023-10-10T07:00:00Z,8529.0,8529.0,False,False,False,
2023-10-10T08:00:00Z,8498.0,8498.0,False,False,False,
2023-10-10T09:00:00Z,8695.0,8695.0,False,False,False,
2023-10-10T10:00:00Z,9285.0,9285.0,False,False,False,
2023-10-10T11:00:00Z,10248.0,10248.0,False,False,False,
2023-10-10T12:00:00Z,10871.0,10871.0,False,False,False,
2023-10-10T13:00:00Z,10906.0,10906.0,False,False,False,
2023-10-10T14:00:00Z,10837.0,10837.0,False,False,False,
2023-10-10T15:00:00Z,10729.0,10729.0,False,False,False,
2023-10-10T16:00:00Z,10817.0,10817.0,False,False,False,
2023-10-10T17:00:00Z,10903.0,10903.0,False,False,False,
2023-10-10T18:00:00Z,11126.0,11126.0,False,False,False,
2023-10-10T19:00:00Z,11302.0,11302.0,False,False,False,
2023-10-10T20:00:00Z,11548.0,11548.0,False,False,False,
2023-10-10T21:00:00Z,11791.0,11791.0,False,False,False,
2023-10-10T22:00:00Z,11935.0,11935.0,False,False,False,
2023-10-10T23:00:00Z,12011.0,12011.0,False,False,False,
2023-10-11T00:00:00Z,12291.0,12291.0,False,False,False,
2023-10-11T01:00:00Z,11995.0,11995.0,False,False,False,
2023-10-11T02:00:00Z,11345.0,11345.0,False,False,False,
2023-10-11T03:00:00Z,10436.0,10436.0,False,False,False,
2023-10-11T04:00:00Z,9671.0,9671.0,False,False,False,
2023-10-11T05:00:00Z,9135.0,9135.0,False,False,False,
2023-10-11T06:00:00Z,8775.0,8775.0,False,False,False,
2023-10-11T07:00:00Z,8539.0,8539.0,False,False,False,
2023-10-11T08:00:00Z,8487.0,8487.0,False,False,False,
2023-10-11T09:00:00Z,8602.0,8602.0,False,False,False,
2023-10-11T10:00:00Z,9128.0,9128.0,False,False,False,
2023-10-11T11:00:00Z,10069.0,10069.0,False,False,False,
2023-10-11T12:00:00Z,10675.0,10675.0,False,False,False,
2023-10-11T13:00:00Z,10742.0,10742.0,False,False,False,
2023-10-11T14:00:00Z,10827.0,10827.0,False,False,False,
2023-10-11T15:00:00Z,10891.0,10891.0,False,False,False,
2023-10-11T16:00:00Z,10904.0,10904.0,False,False,False,
2023-10-11T17:00:00Z,10957.0,10957.0,False,False,False,
2023-10-11T18:00:00Z,11140.0,11140.0,False,False,False,
2023-10-11T19:00:00Z,11139.0,11139.0,False,False,False,
2023-10-11T20:00:00Z,11128.0,11128.0,False,False,False,
2023-10-11T21:00:00Z,11194.0,11194.0,False,False,False,
2023-10-11T22:00:00Z,11278.0,11278.0,False,False,False,
2023-10-11T23:00:00Z,11530.0,11530.0,False,False,False,
2023-10-12T00:00:00Z,11806.0,11806.0,False,False,False,
2023-10-12T01:00:00Z,11554.0,11554.0,False,False,False,
2023-10-12T02:00:00Z,10995.0,10995.0,False,False,False,
2023-10-12T03:00:00Z,10259.0,10259.0,False,False,False,
2023-10-12T04:00:00Z,9550.0,9550.0,False,False,False,
2023-10-12T05:00:00Z,9083.0,9083.0,False,False,False,
2023-10-12T06:00:00Z,8779.0,8779.0,False,False,False,
2023-10-12T07:00:00Z,8608.0,8608.0,False,False,False,
2023-10-12T08:00:00Z,8547.0,8547.0,False,False,False,
2023-10-12T09:00:00Z,8698.0,8698.0,False,False,False,
2023-10-12T10:00:00Z,9210.0,9210.0,False,False,False,
2023-10-12T11:00:00Z,10131.0,10131.0,False,False,False,
2023-10-12T12:00:00Z,10825.0,10825.0,False,False,False,
2023-10-12T13:00:00Z,10916.0,10916.0,False,False,False,
2023-10-12T14:00:00Z,10981.0,10981.0,False,False,False,
2023-10-12T15:00:00Z,11052.0,11052.0,False,False,False,
2023-10-12T16:00:00Z,11039.0,11039.0,False,False,False,
2023-10-12T17:00:00Z,11135.0,11135.0,False,False,False,
2023-10-12T18:00:00Z,11336.0,11336.0,False,False,False,
2023-10-12T19:00:00Z,11480.0,11480.0,False,False,False,
2023-10-12T20:00:00Z,11611.0,11611.0,False,False,False,
2023-10-12T21:00:00Z,11807.0,11807.0,False,False,False,
2023-10-12T22:00:00Z,11977.0,11977.0,False,False,False,
2023-10-12T23:00:00Z,11968.0,11968.0,False,False,False,
2023-10-13T00:00:00Z,12125.0,12125.0,False,False,False,
2023-10-13T01:00:00Z,11837.0,11837.0,False,False,False,
2023-10-13T02:00:00Z,11240.0,11240.0,False,False,False,
2023-10-13T03:00:00Z,10446.0,10446.0,False,False,False,
2023-10-13T04:00:00Z,9676.0,9676.0,False,False,False,
2023-10-13T05:00:00Z,9071.0,9071.0,False,False,False,
2023-10-13T06:00:00Z,8719.0,8719.0,False,False,False,
2023-10-13T07:00:00Z,8522.0,8522.0,False,False,False,
2023-10-13T08:00:00Z,8460.0,8460.0,False,False,False,
2023-10-13T09:00:00Z,8604.0,8604.0,False,False,False,
2023-10-13T10:00:00Z,9075.0,9075.0,False,False,False,
2023-10-13T11:00:00Z,9954.0,9954.0,False,False,False,
2023-10-13T12:00:00Z,10536.0,10536.0,False,False,False,
2023-10-13T13:00:00Z,10682.0,10682.0,False,False,False,
2023-10-13T14:00:00Z,10736.0,10736.0,False,False,False,
2023-10-13T15:00:00Z,10874.0,10874.0,False,False,False,
2023-10-13T16:00:00Z,10973.0,10973.0,False,False,False,
2023-10-13T17:00:00Z,11175.0,11175.0,False,False,False,
2023-10-13T18:00:00Z,11543.0,11543.0,False,False,False,
2023-10-13T19:00:00Z,11840.0,11840.0,False,False,False,
2023-10-13T20:00:00Z,12065.0,12065.0,False,False,False,
2023-10-13T21:00:00Z,12212.0,12212.0,False,False,False,
2023-10-13T22:00:00Z,12188.0,12188.0,False,False,False,
2023-10-13T23:00:00Z,11944.0,11944.0,False,False,False,
2023-10-14T00:00:00Z,11887.0,11887.0,False,False,False,
2023-10-14T01:00:00Z,11540.0,11540.0,False,False,False,
2023-10-14T02:00:00Z,11047.0,11047.0,False,False,False,
2023-10-14T03:00:00Z,10442.0,10442.0,False,False,False,
2023-10-14T04:00:00Z,9763.0,9763.0,False,False,False,
2023-10-14T05:00:00Z,9143.0,9143.0,False,False,False,
2023-10-14T06:00:00Z,8694.0,8694.0,False,False,False,
2023-10-14T07:00:00Z,8433.0,8433.0,False,False,False,
2023-10-14T08:00:00Z,8271.0,8271.0,False,False,False,
2023-10-14T09:00:00Z,8282.0,8282.0,False,False,False,
2023-10-14T10:00:00Z,8408.0,8408.0,False,False,False,
2023-10-14T11:00:00Z,8647.0,8647.0,False,False,False,
2023-10-14T12:00:00Z,9058.0,9058.0,False,False,False,
2023-10-14T13:00:00Z,9470.0,9470.0,False,False,False,
2023-10-14T14:00:00Z,9902.0,9902.0,False,False,False,
2023-10-14T15:00:00Z,10197.0,10197.0,False,False,False,
2023-10-14T16:00:00Z,10352.0,10352.0,False,False,False,
2023-10-14T17:00:00Z,10428.0,10428.0,False,False,False,
2023-10-14T18:00:00Z,10416.0,10416.0,False,False,False,
2023-10-14T19:00:00Z,10377.0,10377.0,False,False,False,
2023-10-14T20:00:00Z,10526.0,10526.0,False,False,False,
2023-10-14T21:00:00Z,10724.0,10724.0,False,False,False,
2023-10-14T22:00:00Z,10909.0,10909.0,False,False,False,
2023-10-14T23:00:00Z,10861.0,10861.0,False,False,False,
2023-10-15T00:00:00Z,10990.0,10990.0,False,False,False,
2023-10-15T01:00:00Z,10737.0,10737.0,False,False,False,
2023-10-15T02:00:00Z,10302.0,10302.0,False,False,False,
2023-10-15T03:00:00Z,9729.0,9729.0,False,False,False,
2023-10-15T04:00:00Z,9091.0,9091.0,False,False,False,
2023-10-15T05:00:00Z,8544.0,8544.0,False,False,False,
2023-10-15T06:00:00Z,8154.0,8154.0,False,False,False,
2023-10-15T07:00:00Z,7924.0,7924.0,False,False,False,
2023-10-15T08:00:00Z,7815.0,7815.0,False,False,False,
2023-10-15T09:00:00Z,7817.0,7817.0,False,False,False,
2023-10-15T10:00:00Z,7958.0,7958.0,False,False,False,
2023-10-15T11:00:00Z,8246.0,8246.0,False,False,False,
2023-10-15T12:00:00Z,8613.0,8613.0,False,False,False,
2023-10-15T13:00:00Z,9138.0,9138.0,False,False,False,
2023-10-15T14:00:00Z,9419.0,9419.0,False,False,False,
2023-10-15T15:00:00Z,9470.0,9470.0,False,False,False,
2023-10-15T16:00:00Z,9580.0,9580.0,False,False,False,
2023-10-15T17:00:00Z,9708.0,9708.0,False,False,False,
2023-10-15T18:00:00Z,9756.0,9756.0,False,False,False,
2023-10-15T19:00:00Z,9723.0,9723.0,False,False,False,
2023-10-15T20:00:00Z,9726.0,9726.0,False,False,False,
2023-10-15T21:00:00Z,9862.0,9862.0,False,False,False,
2023-10-15T22:00:00Z,10095.0,10095.0,False,False,False,
2023-10-15T23:00:00Z,10454.0,10454.0,False,False,False,
2023-10-16T00:00:00Z,10847.0,10847.0,False,False,False,
2023-10-16T01:00:00Z,10680.0,10680.0,False,False,False,
2023-10-16T02:00:00Z,10234.0,10234.0,False,False,False,
2023-10-16T03:00:00Z,9670.0,9670.0,False,False,False,
2023-10-16T04:00:00Z,9091.0,9091.0,False,False,False,
2023-10-16T05:00:00Z,8709.0,8709.0,False,False,False,
2023-10-16T06:00:00Z,8507.0,8507.0,False,False,False,
2023-10-16T07:00:00Z,8392.0,8392.0,False,False,False,
2023-10-16T08:00:00Z,8431.0,8431.0,False,False,False,
2023-10-16T09:00:00Z,8679.0,8679.0,False,False,False,
2023-10-16T10:00:00Z,9381.0,9381.0,False,False,False,
2023-10-16T11:00:00Z,10536.0,10536.0,False,False,False,
2023-10-16T12:00:00Z,11227.0,11227.0,False,False,False,
2023-10-16T13:00:00Z,11369.0,11369.0,False,False,False,
2023-10-16T14:00:00Z,11265.0,11265.0,False,False,False,
2023-10-16T15:00:00Z,11143.0,11143.0,False,False,False,
2023-10-16T16:00:00Z,11026.0,11026.0,False,False,False,
2023-10-16T17:00:00Z,10990.0,10990.0,False,False,False,
2023-10-16T18:00:00Z,11045.0,11045.0,False,False,False,
2023-10-16T19:00:00Z,10995.0,10995.0,False,False,False,
2023-10-16T20:00:00Z,10951.0,10951.0,False,False,False,
2023-10-16T21:00:00Z,11036.0,11036.0,False,False,False,
2023-10-16T22:00:00Z,11240.0,11240.0,False,False,False,
2023-10-16T23:00:00Z,11604.0,11604.0,False,False,False,
2023-10-17T00:00:00Z,12027.0,12027.0,False,False,False,
2023-10-17T01:00:00Z,11840.0,11840.0,False,False,False,
2023-10-17T02:00:00Z,11302.0,11302.0,False,False,False,
2023-10-17T03:00:00Z,10585.0,10585.0,False,False,False,
2023-10-17T04:00:00Z,9938.0,9938.0,False,False,False,
2023-10-17T05:00:00Z,9516.0,9516.0,False,False,False,
2023-10-17T06:00:00Z,9326.0,9326.0,False,False,False,
2023-10-17T07:00:00Z,9240.0,9240.0,False,False,False,
2023-10-17T08:00:00Z,9271.0,9271.0,False,False,False,
2023-10-17T09:00:00Z,9527.0,9527.0,False,False,False,
2023-10-17T10:00:00Z,10213.0,10213.0,False,False,False,
2023-10-17T11:00:00Z,11367.0,11367.0,False,False,False,
2023-10-17T12:00:00Z,11982.0,11982.0,False,False,False,
2023-10-17T13:00:00Z,11907.0,11907.0,False,False,False,
2023-10-17T14:00:00Z,11616.0,11616.0,False,False,False,
2023-10-17T15:00:00Z,11319.0,11319.0,False,False,False,
2023-10-17T16:00:00Z,11056.0,11056.0,False,False,False,
2023-10-17T17:00:00Z,10941.0,10941.0,False,False,False,
2023-10-17T18:00:00Z,10965.0,10965.0,False,False,False,
2023-10-17T19:00:00Z,10901.0,10901.0,False,False,False,
2023-10-17T20:00:00Z,10854.0,10854.0,False,False,False,
2023-10-17T21:00:00Z,10953.0,10953.0,False,False,False,
2023-10-17T22:00:00Z,11102.0,11102.0,False,False,False,
2023-10-17T23:00:00Z,11420.0,11420.0,False,False,False,
2023-10-18T00:00:00Z,11804.0,11804.0,False,False,False,
2023-10-18T01:00:00Z,11621.0,11621.0,False,False,False,
2023-10-18T02:00:00Z,11050.0,11050.0,False,False,False,
2023-10-18T03:00:00Z,10311.0,10311.0,False,False,False,
2023-10-18T04:00:00Z,9638.0,9638.0,False,False,False,
2023-10-18T05:00:00Z,9196.0,9196.0,False,False,False,
2023-10-18T06:00:00Z,8953.0,8953.0,False,False,False,
2023-10-18T07:00:00Z,8845.0,8845.0,False,False,False,
2023-10-18T08:00:00Z,8856.0,8856.0,False,False,False,
2023-10-18T09:00:00Z,9130.0,9130.0,False,False,False,
2023-10-18T10:00:00Z,9769.0,9769.0,False,False,False,
2023-10-18T11:00:00Z,10887.0,10887.0,False,False,False,
2023-10-18T12:00:00Z,11488.0,11488.0,False,False,False,
2023-10-18T13:00:00Z,11496.0,11496.0,False,False,False,
2023-10-18T14:00:00Z,11274.0,11274.0,False,False,False,
2023-10-18T15:00:00Z,11087.0,11087.0,False,False,False,
2023-10-18T16:00:00Z,10936.0,10936.0,False,False,False,
2023-10-18T17:00:00Z,10861.0,10861.0,False,False,False,
2023-10-18T18:00:00Z,10954.0,10954.0,False,False,False,
2023-10-18T19:00:00Z,10943.0,10943.0,False,False,False,
2023-10-18T20:00:00Z,10988.0,10988.0,False,False,False,
2023-10-18T21:00:00Z,11112.0,11112.0,False,False,False,
2023-10-18T22:00:00Z,11255.0,11255.0,False,False,False,
2023-10-18T23:00:00Z,11430.0,11430.0,False,False,False,
2023-10-19T00:00:00Z,11736.0,11736.0,False,False,False,
2023-10-19T01:00:00Z,11510.0,11510.0,False,False,False,
2023-10-19T02:00:00Z,10987.0,10987.0,False,False,False,
2023-10-19T03:00:00Z,10264.0,10264.0,False,False,False,
2023-10-19T04:00:00Z,9621.0,9621.0,False,False,False,
2023-10-19T05:00:00Z,9189.0,9189.0,False,False,False,
2023-10-19T06:00:00Z,8964.0,8964.0,False,False,False,
2023-10-19T07:00:00Z,8897.0,8897.0,False,False,False,
2023-10-19T08:00:00Z,8952.0,8952.0,False,False,False,
2023-10-19T09:00:00Z,9225.0,9225.0,False,False,False,
2023-10-19T10:00:00Z,9886.0,9886.0,False,False,False,
2023-10-19T11:00:00Z,11071.0,11071.0,False,False,False,
2023-10-19T12:00:00Z,11729.0,11729.0,False,False,False,
2023-10-19T13:00:00Z,11771.0,11771.0,False,False,False,
2023-10-19T14:00:00Z,11465.0,11465.0,False,False,False,
2023-10-19T15:00:00Z,11209.0,11209.0,False,False,False,
2023-10-19T16:00:00Z,11019.0,11019.0,False,False,False,
2023-10-19T17:00:00Z,10944.0,10944.0,False,False,False,
2023-10-19T18:00:00Z,11017.0,11017.0,False,False,False,
2023-10-19T19:00:00Z,10929.0,10929.0,False,False,False,
2023-10-19T20:00:00Z,10926.0,10926.0,False,False,False,
2023-10-19T21:00:00Z,11007.0,11007.0,False,False,False,
2023-10-19T22:00:00Z,11111.0,11111.0,False,False,False,
2023-10-19T23:00:00Z,11336.0,11336.0,False,False,False,
2023-10-20T00:00:00Z,11658.0,11658.0,False,False,False,
2023-10-20T01:00:00Z,11424.0,11424.0,False,False,False,
2023-10-20T02:00:00Z,10884.0,10884.0,False,False,False,
2023-10-20T03:00:00Z,10222.0,10222.0,False,False,False,
2023-10-20T04:00:00Z,9566.0,9566.0,False,False,False,
2023-10-20T05:00:00Z,9059.0,9059.0,False,False,False,
2023-10-20T06:00:00Z,8791.0,8791.0,False,False,False,
2023-10-20T07:00:00Z,8632.0,8632.0,False,False,False,
2023-10-20T08:00:00Z,8604.0,8604.0,False,False,False,
2023-10-20T09:00:00Z,8771.0,8771.0,False,False,False,
2023-10-20T10:00:00Z,9302.0,9302.0,False,False,False,
2023-10-20T11:00:00Z,10220.0,10220.0,False,False,False,
2023-10-20T12:00:00Z,10805.0,10805.0,False,False,False,
2023-10-20T13:00:00Z,10958.0,10958.0,False,False,False,
2023-10-20T14:00:00Z,11020.0,11020.0,False,False,False,
2023-10-20T15:00:00Z,11103.0,11103.0,False,False,False,
2023-10-20T16:00:00Z,11107.0,11107.0,False,False,False,
2023-10-20T17:00:00Z,11016.0,11016.0,False,False,False,
2023-10-20T18:00:00Z,10978.0,10978.0,False,False,False,
2023-10-20T19:00:00Z,10841.0,10841.0,False,False,False,
2023-10-20T20:00:00Z,10770.0,10770.0,False,False,False,
2023-10-20T21:00:00Z,10726.0,10726.0,False,False,False,
2023-10-20T22:00:00Z,10808.0,10808.0,False,False,False,
2023-10-20T23:00:00Z,10917.0,10917.0,False,False,False,
2023-10-21T00:00:00Z,11091.0,11091.0,False,False,False,
2023-10-21T01:00:00Z,10884.0,10884.0,False,False,False,
2023-10-21T02:00:00Z,10542.0,10542.0,False,False,False,
2023-10-21T03:00:00Z,10061.0,10061.0,False,False,False,
2023-10-21T04:00:00Z,9548.0,9548.0,False,False,False,
2023-10-21T05:00:00Z,9117.0,9117.0,False,False,False,
2023-10-21T06:00:00Z,8872.0,8872.0,False,False,False,
2023-10-21T07:00:00Z,8755.0,8755.0,False,False,False,
2023-10-21T08:00:00Z,8741.0,8741.0,False,False,False,
2023-10-21T09:00:00Z,8866.0,8866.0,False,False,False,
2023-10-21T10:00:00Z,9115.0,9115.0,False,False,False,
2023-10-21T11:00:00Z,9574.0,9574.0,False,False,False,
2023-10-21T12:00:00Z,10076.0,10076.0,False,False,False,
2023-10-21T13:00:00Z,10489.0,10489.0,False,False,False,
2023-10-21T14:00:00Z,10498.0,10498.0,False,False,False,
2023-10-21T15:00:00Z,10325.0,10325.0,False,False,False,
2023-10-21T16:00:00Z,10101.0,10101.0,False,False,False,
2023-10-21T17:00:00Z,9879.0,9879.0,False,False,False,
2023-10-21T18:00:00Z,9738.0,9738.0,False,False,False,
2023-10-21T19:00:00Z,9687.0,9687.0,False,False,False,
2023-10-21T20:00:00Z,9717.0,9717.0,False,False,False,
2023-10-21T21:00:00Z,9922.0,9922.0,False,False,False,
2023-10-21T22:00:00Z,10091.0,10091.0,False,False,False,
2023-10-21T23:00:00Z,10184.0,10184.0,False,False,False,
2023-10-22T00:00:00Z,10426.0,10426.0,False,False,False,
2023-10-22T01:00:00Z,10246.0,10246.0,False,False,False,
2023-10-22T02:00:00Z,9930.0,9930.0,False,False,False,
2023-10-22T03:00:00Z,9535.0,9535.0,False,False,False,
2023-10-22T04:00:00Z,9055.0,9055.0,False,False,False,
2023-10-22T05:00:00Z,8665.0,8665.0,False,False,False,
2023-10-22T06:00:00Z,8393.0,8393.0,False,False,False,
2023-10-22T07:00:00Z,8253.0,8253.0,False,False,False,
2023-10-22T08:00:00Z,8208.0,8208.0,False,False,False,
2023-10-22T09:00:00Z,8243.0,8243.0,False,False,False,
2023-10-22T10:00:00Z,8428.0,8428.0,False,False,False,
2023-10-22T11:00:00Z,8810.0,8810.0,False,False,False,
2023-10-22T12:00:00Z,9246.0,9246.0,False,False,False,
2023-10-22T13:00:00Z,9728.0,9728.0,False,False,False,
2023-10-22T14:00:00Z,9854.0,9854.0,False,False,False,
2023-10-22T15:00:00Z,9718.0,9718.0,False,False,False,
2023-10-22T16:00:00Z,9653.0,9653.0,False,False,False,
2023-10-22T17:00:00Z,9723.0,9723.0,False,False,False,
2023-10-22T18:00:00Z,9794.0,9794.0,False,False,False,
2023-10-22T19:00:00Z,9840.0,9840.0,False,False,False,
2023-10-22T20:00:00Z,9994.0,9994.0,False,False,False,
2023-10-22T21:00:00Z,10258.0,10258.0,False,False,False,
2023-10-22T22:00:00Z,10519.0,10519.0,False,False,False,
2023-10-22T23:00:00Z,10691.0,10691.0,False,False,False,
2023-10-23T00:00:00Z,10996.0,10996.0,False,False,False,
2023-10-23T01:00:00Z,10756.0,10756.0,False,False,False,
2023-10-23T02:00:00Z,10281.0,10281.0,False,False,False,
2023-10-23T03:00:00Z,9686.0,9686.0,False,False,False,
2023-10-23T04:00:00Z,9104.0,9104.0,False,False,False,
2023-10-23T05:00:00Z,8726.0,8726.0,False,False,False,
2023-10-23T06:00:00Z,8575.0,8575.0,False,False,False,
2023-10-23T07:00:00Z,8554.0,8554.0,False,False,False,
2023-10-23T08:00:00Z,8661.0,8661.0,False,False,False,
2023-10-23T09:00:00Z,9016.0,9016.0,False,False,False,
2023-10-23T10:00:00Z,9817.0,9817.0,False,False,False,
2023-10-23T11:00:00Z,11117.0,11117.0,False,False,False,
2023-10-23T12:00:00Z,11942.0,11942.0,False,False,False,
2023-10-23T13:00:00Z,12075.0,12075.0,False,False,False,
2023-10-23T14:00:00Z,11800.0,11800.0,False,False,False,
2023-10-23T15:00:00Z,11434.0,11434.0,False,False,False,
2023-10-23T16:00:00Z,11147.0,11147.0,False,False,False,
2023-10-23T17:00:00Z,10978.0,10978.0,False,False,False,
2023-10-23T18:00:00Z,10954.0,10954.0,False,False,False,
2023-10-23T19:00:00Z,10898.0,10898.0,False,False,False,
2023-10-23T20:00:00Z,10928.0,10928.0,False,False,False,
2023-10-23T21:00:00Z,11104.0,11104.0,False,False,False,
2023-10-23T22:00:00Z,11288.0,11288.0,False,False,False,
2023-10-23T23:00:00Z,11521.0,11521.0,False,False,False,
2023-10-24T00:00:00Z,11855.0,11855.0,False,False,False,
2023-10-24T01:00:00Z,11570.0,11570.0,False,False,False,
2023-10-24T02:00:00Z,11040.0,11040.0,False,False,False,
2023-10-24T03:00:00Z,10358.0,10358.0,False,False,False,
2023-10-24T04:00:00Z,9752.0,9752.0,False,False,False,
2023-10-24T05:00:00Z,9449.0,9449.0,False,False,False,
2023-10-24T06:00:00Z,9290.0,9290.0,False,False,False,
2023-10-24T07:00:00Z,9299.0,9299.0,False,False,False,
2023-10-24T08:00:00Z,9415.0,9415.0,False,False,False,
2023-10-24T09:00:00Z,9808.0,9808.0,False,False,False,
2023-10-24T10:00:00Z,10591.0,10591.0,False,False,False,
2023-10-24T11:00:00Z,11883.0,11883.0,False,False,False,
2023-10-24T12:00:00Z,12609.0,12609.0,False,False,False,
2023-10-24T13:00:00Z,12584.0,12584.0,False,False,False,
2023-10-24T14:00:00Z,12117.0,12117.0,False,False,False,
2023-10-24T15:00:00Z,11611.0,11611.0,False,False,False,
2023-10-24T16:00:00Z,11240.0,11240.0,False,False,False,
2023-10-24T17:00:00Z,10958.0,10958.0,False,False,False,
2023-10-24T18:00:00Z,10942.0,10942.0,False,False,False,
2023-10-24T19:00:00Z,10875.0,10875.0,False,False,False,
2023-10-24T20:00:00Z,10948.0,10948.0,False,False,False,
2023-10-24T21:00:00Z,11109.0,11109.0,False,False,False,
2023-10-24T22:00:00Z,11304.0,11304.0,False,False,False,
2023-10-24T23:00:00Z,11501.0,11501.0,False,False,False,
2023-10-25T00:00:00Z,11866.0,11866.0,False,False,False,
2023-10-25T01:00:00Z,11614.0,11614.0,False,False,False,
2023-10-25T02:00:00Z,11094.0,11094.0,False,False,False,
2023-10-25T03:00:00Z,10345.0,10345.0,False,False,False,
2023-10-25T04:00:00Z,9762.0,9762.0,False,False,False,
2023-10-25T05:00:00Z,9377.0,9377.0,False,False,False,
2023-10-25T06:00:00Z,9230.0,9230.0,False,False,False,
2023-10-25T07:00:00Z,9206.0,9206.0,False,False,False,
2023-10-25T08:00:00Z,9293.0,9293.0,False,False,False,
2023-10-25T09:00:00Z,9637.0,9637.0,False,False,False,
2023-10-25T10:00:00Z,10344.0,10344.0,False,False,False,
2023-10-25T11:00:00Z,11587.0,11587.0,False,False,False,
2023-10-25T12:00:00Z,12293.0,12293.0,False,False,False,
2023-10-25T13:00:00Z,12302.0,12302.0,False,False,False,
2023-10-25T14:00:00Z,11866.0,11866.0,False,False,False,
2023-10-25T15:00:00Z,11488.0,11488.0,False,False,False,
2023-10-25T16:00:00Z,11164.0,11164.0,False,False,False,
2023-10-25T17:00:00Z,10977.0,10977.0,False,False,False,
2023-10-25T18:00:00Z,11096.0,11096.0,False,False,False,
2023-10-25T19:00:00Z,11147.0,11147.0,False,False,False,
2023-10-25T20:00:00Z,11316.0,11316.0,False,False,False,
2023-10-25T21:00:00Z,11560.0,11560.0,False,False,False,
2023-10-25T22:00:00Z,11724.0,11724.0,False,False,False,
2023-10-25T23:00:00Z,11837.0,11837.0,False,False,False,
2023-10-26T00:00:00Z,12013.0,12013.0,False,False,False,
2023-10-26T01:00:00Z,11707.0,11707.0,False,False,False,
2023-10-26T02:00:00Z,11126.0,11126.0,False,False,False,
2023-10-26T03:00:00Z,10347.0,10347.0,False,False,False,
2023-10-26T04:00:00Z,9592.0,9592.0,False,False,False,
2023-10-26T05:00:00Z,9120.0,9120.0,False,False,False,
2023-10-26T06:00:00Z,8827.0,8827.0,False,False,False,
2023-10-26T07:00:00Z,8704.0,8704.0,False,False,False,
2023-10-26T08:00:00Z,8685.0,8685.0,False,False,False,
2023-10-26T09:00:00Z,8906.0,8906.0,False,False,False,
2023-10-26T10:00:00Z,9518.0,9518.0,False,False,False,
2023-10-26T11:00:00Z,10594.0,10594.0,False,False,False,
2023-10-26T12:00:00Z,11251.0,11251.0,False,False,False,
2023-10-26T13:00:00Z,11278.0,11278.0,False,False,False,
2023-10-26T14:00:00Z,11180.0,11180.0,False,False,False,
2023-10-26T15:00:00Z,11188.0,11188.0,False,False,False,
2023-10-26T16:00:00Z,11189.0,11189.0,False,False,False,
2023-10-26T17:00:00Z,11315.0,11315.0,False,False,False,
2023-10-26T18:00:00Z,11629.0,11629.0,False,False,False,
2023-10-26T19:00:00Z,11820.0,11820.0,False,False,False,
2023-10-26T20:00:00Z,11991.0,11991.0,False,False,False,
2023-10-26T21:00:00Z,12169.0,12169.0,False,False,False,
2023-10-26T22:00:00Z,12209.0,12209.0,False,False,False,
2023-10-26T23:00:00Z,12151.0,12151.0,False,False,False,
2023-10-27T00:00:00Z,12305.0,12305.0,False,False,False,
2023-10-27T01:00:00Z,11917.0,11917.0,False,False,False,
2023-10-27T02:00:00Z,11297.0,11297.0,False,False,False,
2023-10-27T03:00:00Z,10497.0,10497.0,False,False,False,
2023-10-27T04:00:00Z,9711.0,9711.0,False,False,False,
2023-10-27T05:00:00Z,9143.0,9143.0,False,False,False,
2023-10-27T06:00:00Z,8772.0,8772.0,False,False,False,
2023-10-27T07:00:00Z,8585.0,8585.0,False,False,False,
2023-10-27T08:00:00Z,8488.0,8488.0,False,False,False,
2023-10-27T09:00:00Z,8670.0,8670.0,False,False,False,
2023-10-27T10:00:00Z,9103.0,9103.0,False,False,False,
2023-10-27T11:00:00Z,10016.0,10016.0,False,False,False,
2023-10-27T12:00:00Z,10639.0,10639.0,False,False,False,
2023-10-27T13:00:00Z,10739.0,10739.0,False,False,False,
2023-10-27T14:00:00Z,10872.0,10872.0,False,False,False,
2023-10-27T15:00:00Z,10997.0,10997.0,False,False,False,
2023-10-27T16:00:00Z,11146.0,11146.0,False,False,False,
2023-10-27T17:00:00Z,11357.0,11357.0,False,False,False,
2023-10-27T18:00:00Z,11705.0,11705.0,False,False,False,
2023-10-27T19:00:00Z,11868.0,11868.0,False,False,False,
2023-10-27T20:00:00Z,12066.0,12066.0,False,False,False,
2023-10-27T21:00:00Z,12153.0,12153.0,False,False,False,
2023-10-27T22:00:00Z,12166.0,12166.0,False,False,False,
2023-10-27T23:00:00Z,11972.0,11972.0,False,False,False,
2023-10-28T00:00:00Z,11863.0,11863.0,False,False,False,
2023-10-28T01:00:00Z,11437.0,11437.0,False,False,False,
2023-10-28T02:00:00Z,10933.0,10933.0,False,False,False,
2023-10-28T03:00:00Z,10307.0,10307.0,False,False,False,
2023-10-28T04:00:00Z,9648.0,9648.0,False,False,False,
2023-10-28T05:00:00Z,9028.0,9028.0,False,False,False,
2023-10-28T06:00:00Z,8578.0,8578.0,False,False,False,
2023-10-28T07:00:00Z,8294.0,8294.0,False,False,False,
2023-10-28T08:00:00Z,8151.0,8151.0,False,False,False,
2023-10-28T09:00:00Z,8151.0,8151.0,False,False,False,
2023-10-28T10:00:00Z,8283.0,8283.0,False,False,False,
2023-10-28T11:00:00Z,8606.0,8606.0,False,False,False,
2023-10-28T12:00:00Z,8983.0,8983.0,False,False,False,
2023-10-28T13:00:00Z,9437.0,9437.0,False,False,False,
2023-10-28T14:00:00Z,9813.0,9813.0,False,False,False,
2023-10-28T15:00:00Z,10115.0,10115.0,False,False,False,
2023-10-28T16:00:00Z,10449.0,10449.0,False,False,False,
2023-10-28T17:00:00Z,10850.0,10850.0,False,False,False,
2023-10-28T18:00:00Z,11292.0,11292.0,False,False,False,
2023-10-28T19:00:00Z,11752.0,11752.0,False,False,False,
2023-10-28T20:00:00Z,12152.0,12152.0,False,False,False,
2023-10-28T21:00:00Z,12424.0,12424.0,False,False,False,
2023-10-28T22:00:00Z,12492.0,12492.0,False,False,False,
2023-10-28T23:00:00Z,12164.0,12164.0,False,False,False,
2023-10-29T00:00:00Z,11926.0,11926.0,False,False,False,
2023-10-29T01:00:00Z,11370.0,11370.0,False,False,False,
2023-10-29T02:00:00Z,10806.0,10806.0,False,False,False,
2023-10-29T03:00:00Z,10185.0,10185.0,False,False,False,
2023-10-29T04:00:00Z,9535.0,9535.0,False,False,False,
2023-10-29T05:00:00Z,8959.0,8959.0,False,False,False,
2023-10-29T06:00:00Z,8523.0,8523.0,False,False,False,
2023-10-29T07:00:00Z,8234.0,8234.0,False,False,False,
2023-10-29T08:00:00Z,8031.0,8031.0,False,False,False,
2023-10-29T09:00:00Z,7978.0,7978.0,False,False,False,
2023-10-29T10:00:00Z,8049.0,8049.0,False,False,False,
2023-10-29T11:00:00Z,8259.0,8259.0,False,False,False,
2023-10-29T12:00:00Z,8614.0,8614.0,False,False,False,
2023-10-29T13:00:00Z,9103.0,9103.0,False,False,False,
2023-10-29T14:00:00Z,9499.0,9499.0,False,False,False,
2023-10-29T15:00:00Z,9820.0,9820.0,False,False,False,
2023-10-29T16:00:00Z,10255.0,10255.0,False,False,False,
2023-10-29T17:00:00Z,10771.0,10771.0,False,False,False,
2023-10-29T18:00:00Z,11286.0,11286.0,False,False,False,
2023-10-29T19:00:00Z,11754.0,11754.0,False,False,False,
2023-10-29T20:00:00Z,12171.0,12171.0,False,False,False,
2023-10-29T21:00:00Z,12521.0,12521.0,False,False,False,
2023-10-29T22:00:00Z,12607.0,12607.0,False,False,False,
2023-10-29T23:00:00Z,12416.0,12416.0,False,False,False,
2023-10-30T00:00:00Z,12331.0,12331.0,False,False,False,
2023-10-30T01:00:00Z,11847.0,11847.0,False,False,False,
2023-10-30T02:00:00Z,11171.0,11171.0,False,False,False,
2023-10-30T03:00:00Z,10347.0,10347.0,False,False,False,
2023-10-30T04:00:00Z,9536.0,9536.0,False,False,False,
2023-10-30T05:00:00Z,8911.0,8911.0,False,False,False,
2023-10-30T06:00:00Z,8525.0,8525.0,False,False,False,
2023-10-30T07:00:00Z,8304.0,8304.0,False,False,False,
2023-10-30T08:00:00Z,8201.0,8201.0,False,False,False,
2023-10-30T09:00:00Z,8352.0,8352.0,False,False,False,
2023-10-30T10:00:00Z,8916.0,8916.0,False,False,False,
2023-10-30T11:00:00Z,9901.0,9901.0,False,False,False,
2023-10-30T12:00:00Z,10563.0,10563.0,False,False,False,
2023-10-30T13:00:00Z,10749.0,10749.0,False,False,False,
2023-10-30T14:00:00Z,10960.0,10960.0,False,False,False,
2023-10-30T15:00:00Z,11293.0,11293.0,False,False,False,
2023-10-30T16:00:00Z,11692.0,11692.0,False,False,False,
2023-10-30T17:00:00Z,12175.0,12175.0,False,False,False,
2023-10-30T18:00:00Z,12788.0,12788.0,False,False,False,
2023-10-30T19:00:00Z,13289.0,13289.0,False,False,False,
2023-10-30T20:00:00Z,13654.0,13654.0,False,False,False,
2023-10-30T21:00:00Z,13912.0,13912.0,False,False,False,
2023-10-30T22:00:00Z,13882.0,13882.0,False,False,False,
2023-10-30T23:00:00Z,13707.0,13707.0,False,False,False,
2023-10-31T00:00:00Z,13612.0,13612.0,False,False,False,
2023-10-31T01:00:00Z,12945.0,12945.0,False,False,False,
2023-10-31T02:00:00Z,12080.0,12080.0,False,False,False,
2023-10-31T03:00:00Z,11028.0,11028.0,False,False,False,
2023-10-31T04:00:00Z,10086.0,10086.0,False,False,False,
2023-10-31T05:00:00Z,9366.0,9366.0,False,False,False,
2023-10-31T06:00:00Z,8903.0,8903.0,False,False,False,
2023-10-31T07:00:00Z,8596.0,8596.0,False,False,False,
2023-10-31T08:00:00Z,8449.0,8449.0,False,False,False,
2023-10-31T09:00:00Z,8604.0,8604.0,False,False,False,
2023-10-31T10:00:00Z,9062.0,9062.0,False,False,False,
2023-10-31T11:00:00Z,10001.0,10001.0,False,False,False,
2023-10-31T12:00:00Z,10705.0,10705.0,False,False,False,
2023-10-31T13:00:00Z,10836.0,10836.0,False,False,False,
2023-10-31T14:00:00Z,10954.0,10954.0,False,False,False,
2023-10-31T15:00:00Z,11080.0,11080.0,False,False,False,
2023-10-31T16:00:00Z,11149.0,11149.0,False,False,False,
2023-10-31T17:00:00Z,11311.0,11311.0,False,False,False,
2023-10-31T18:00:00Z,11417.0,11417.0,False,False,False,
2023-10-31T19:00:00Z,11371.0,11371.0,False,False,False,
2023-10-31T20:00:00Z,11358.0,11358.0,False,False,False,
2023-10-31T21:00:00Z,11430.0,11430.0,False,False,False,
2023-10-31T22:00:00Z,11487.0,11487.0,False,False,False,
2023-10-31T23:00:00Z,11607.0,11607.0,False,False,False,
2023-11-01T00:00:00Z,11720.0,11720.0,False,False,False,
2023-11-01T01:00:00Z,11715.0,11715.0,False,False,False,
2023-11-01T02:00:00Z,11478.0,11478.0,False,False,False,
2023-11-01T03:00:00Z,10930.0,10930.0,False,False,False,
2023-11-01T04:00:00Z,10367.0,10367.0,False,False,False,
2023-11-01T05:00:00Z,10027.0,10027.0,False,False,False,
2023-11-01T06:00:00Z,9889.0,9889.0,False,False,False,
2023-11-01T07:00:00Z,9925.0,9925.0,False,False,False,
2023-11-01T08:00:00Z,10019.0,10019.0,False,False,False,
2023-11-01T09:00:00Z,10458.0,10458.0,False,False,False,
2023-11-01T10:00:00Z,11280.0,11280.0,False,False,False,
2023-11-01T11:00:00Z,12619.0,12619.0,False,False,False,
2023-11-01T12:00:00Z,13513.0,13513.0,False,False,False,
2023-11-01T13:00:00Z,13668.0,13668.0,False,False,False,
2023-11-01T14:00:00Z,13434.0,13434.0,False,False,False,
2023-11-01T15:00:00Z,13058.0,13058.0,False,False,False,
2023-11-01T16:00:00Z,12581.0,12581.0,False,False,False,
2023-11-01T17:00:00Z,12195.0,12195.0,False,False,False,
2023-11-01T18:00:00Z,11883.0,11883.0,False,False,False,
2023-11-01T19:00:00Z,11628.0,11628.0,False,False,False,
2023-11-01T20:00:00Z,11515.0,11515.0,False,False,False,
2023-11-01T21:00:00Z,11668.0,11668.0,False,False,False,
2023-11-01T22:00:00Z,12089.0,12089.0,False,False,False,
2023-11-01T23:00:00Z,12899.0,12899.0,False,False,False,
2023-11-02T00:00:00Z,13562.0,13562.0,False,False,False,
2023-11-02T01:00:00Z,13605.0,13605.0,False,False,False,
2023-11-02T02:00:00Z,13358.0,13358.0,False,False,False,
2023-11-02T03:00:00Z,12844.0,12844.0,False,False,False,
2023-11-02T04:00:00Z,12415.0,12415.0,False,False,False,
2023-11-02T05:00:00Z,12200.0,12200.0,False,False,False,
2023-11-02T06:00:00Z,12227.0,12227.0,False,False,False,
2023-11-02T07:00:00Z,12387.0,12387.0,False,False,False,
2023-11-02T08:00:00Z,12608.0,12608.0,False,False,False,
2023-11-02T09:00:00Z,13125.0,13125.0,False,False,False,
2023-11-02T10:00:00Z,14114.0,14114.0,False,False,False,
2023-11-02T11:00:00Z,15498.0,15498.0,False,False,False,
2023-11-02T12:00:00Z,16193.0,16193.0,False,False,False,
2023-11-02T13:00:00Z,16166.0,16166.0,False,False,False,
2023-11-02T14:00:00Z,15339.0,15339.0,False,False,False,
2023-11-02T15:00:00Z,14130.0,14130.0,False,False,False,
2023-11-02T16:00:00Z,13141.0,13141.0,False,False,False,
2023-11-02T17:00:00Z,12446.0,12446.0,False,False,False,
2023-11-02T18:00:00Z,12017.0,12017.0,False,False,False,
2023-11-02T19:00:00Z,11591.0,11591.0,False,False,False,
2023-11-02T20:00:00Z,11402.0,11402.0,False,False,False,
2023-11-02T21:00:00Z,11496.0,11496.0,False,False,False,
2023-11-02T22:00:00Z,11830.0,11830.0,False,False,False,
2023-11-02T23:00:00Z,12556.0,12556.0,False,False,False,
2023-11-03T00:00:00Z,13232.0,13232.0,False,False,False,
2023-11-03T01:00:00Z,13319.0,13319.0,False,False,False,
2023-11-03T02:00:00Z,13105.0,13105.0,False,False,False,
2023-11-03T03:00:00Z,12675.0,12675.0,False,False,False,
2023-11-03T04:00:00Z,12333.0,12333.0,False,False,False,
2023-11-03T05:00:00Z,12189.0,12189.0,False,False,False,
2023-11-03T06:00:00Z,12256.0,12256.0,False,False,False,
2023-11-03T07:00:00Z,12430.0,12430.0,False,False,False,
2023-11-03T08:00:00Z,12699.0,12699.0,False,False,False,
2023-11-03T09:00:00Z,13201.0,13201.0,False,False,False,
2023-11-03T10:00:00Z,14102.0,14102.0,False,False,False,
2023-11-03T11:00:00Z,15419.0,15419.0,False,False,False,
2023-11-03T12:00:00Z,16182.0,16182.0,False,False,False,
2023-11-03T13:00:00Z,16145.0,16145.0,False,False,False,
2023-11-03T14:00:00Z,15155.0,15155.0,False,False,False,
2023-11-03T15:00:00Z,13776.0,13776.0,False,False,False,
2023-11-03T16:00:00Z,12633.0,12633.0,False,False,False,
2023-11-03T17:00:00Z,11866.0,11866.0,False,False,False,
2023-11-03T18:00:00Z,11408.0,11408.0,False,False,False,
2023-11-03T19:00:00Z,11058.0,11058.0,False,False,False,
2023-11-03T20:00:00Z,10816.0,10816.0,False,False,False,
2023-11-03T21:00:00Z,10865.0,10865.0,False,False,False,
2023-11-03T22:00:00Z,11086.0,11086.0,False,False,False,
2023-11-03T23:00:00Z,11484.0,11484.0,False,False,False,
2023-11-04T00:00:00Z,11866.0,11866.0,False,False,False,
2023-11-04T01:00:00Z,11871.0,11871.0,False,False,False,
2023-11-04T02:00:00Z,11772.0,11772.0,False,False,False,
2023-11-04T03:00:00Z,11525.0,11525.0,False,False,False,
2023-11-04T04:00:00Z,11195.0,11195.0,False,False,False,
2023-11-04T05:00:00Z,11026.0,11026.0,False,False,False,
2023-11-04T06:00:00Z,11046.0,11046.0,False,False,False,
2023-11-04T07:00:00Z,11159.0,11159.0,False,False,False,
2023-11-04T08:00:00Z,11405.0,11405.0,False,False,False,
2023-11-04T09:00:00Z,11783.0,11783.0,False,False,False,
2023-11-04T10:00:00Z,12257.0,12257.0,False,False,False,
2023-11-04T11:00:00Z,12940.0,12940.0,False,False,False,
2023-11-04T12:00:00Z,13602.0,13602.0,False,False,False,
2023-11-04T13:00:00Z,13995.0,13995.0,False,False,False,
2023-11-04T14:00:00Z,13400.0,13400.0,False,False,False,
2023-11-04T15:00:00Z,12248.0,12248.0,False,False,False,
2023-11-04T16:00:00Z,11300.0,11300.0,False,False,False,
2023-11-04T17:00:00Z,10603.0,10603.0,False,False,False,
2023-11-04T18:00:00Z,10158.0,10158.0,False,False,False,
2023-11-04T19:00:00Z,9908.0,9908.0,False,False,False,
2023-11-04T20:00:00Z,9839.0,9839.0,False,False,False,
2023-11-04T21:00:00Z,9946.0,9946.0,False,False,False,
2023-11-04T22:00:00Z,10121.0,10121.0,False,False,False,
2023-11-04T23:00:00Z,10417.0,10417.0,False,False,False,
2023-11-05T00:00:00Z,10707.0,10707.0,False,False,False,
2023-11-05T01:00:00Z,10585.0,10585.0,False,False,False,
2023-11-05T02:00:00Z,10400.0,10400.0,False,False,False,
2023-11-05T03:00:00Z,10112.0,10112.0,False,False,False,
2023-11-05T04:00:00Z,9788.0,9788.0,False,False,False,
2023-11-05T05:00:00Z,9543.0,9543.0,False,False,False,
2023-11-05T06:00:00Z,9470.0,9470.0,False,False,False,
2023-11-05T07:00:00Z,9454.0,9454.0,False,False,False,
2023-11-05T08:00:00Z,9546.0,9546.0,False,False,False,
2023-11-05T09:00:00Z,9709.0,9709.0,False,False,False,
2023-11-05T10:00:00Z,9916.0,9916.0,False,False,False,
2023-11-05T11:00:00Z,10244.0,10244.0,False,False,False,
2023-11-05T12:00:00Z,10667.0,10667.0,False,False,False,
2023-11-05T13:00:00Z,11116.0,11116.0,False,False,False,
2023-11-05T14:00:00Z,11357.0,11357.0,False,False,False,
2023-11-05T15:00:00Z,10929.0,10929.0,False,False,False,
2023-11-05T16:00:00Z,10358.0,10358.0,False,False,False,
2023-11-05T17:00:00Z,9967.0,9967.0,False,False,False,
2023-11-05T18:00:00Z,9837.0,9837.0,False,False,False,
2023-11-05T19:00:00Z,9804.0,9804.0,False,False,False,
2023-11-05T20:00:00Z,9850.0,9850.0,False,False,False,
2023-11-05T21:00:00Z,9994.0,9994.0,False,False,False,
2023-11-05T22:00:00Z,10260.0,10260.0,False,False,False,
2023-11-05T23:00:00Z,10703.0,10703.0,False,False,False,
2023-11-06T00:00:00Z,10996.0,10996.0,False,False,False,
2023-11-06T01:00:00Z,10782.0,10782.0,False,False,False,
2023-11-06T02:00:00Z,10527.0,10527.0,False,False,False,
2023-11-06T03:00:00Z,10073.0,10073.0,False,False,False,
2023-11-06T04:00:00Z,9535.0,9535.0,False,False,False,
2023-11-06T05:00:00Z,9101.0,9101.0,False,False,False,
2023-11-06T06:00:00Z,8870.0,8870.0,False,False,False,
2023-11-06T07:00:00Z,8811.0,8811.0,False,False,False,
2023-11-06T08:00:00Z,8842.0,8842.0,False,False,False,
2023-11-06T09:00:00Z,9038.0,9038.0,False,False,False,
2023-11-06T10:00:00Z,9492.0,9492.0,False,False,False,
2023-11-06T11:00:00Z,10365.0,10365.0,False,False,False,
2023-11-06T12:00:00Z,11666.0,11666.0,False,False,False,
2023-11-06T13:00:00Z,12244.0,12244.0,False,False,False,
2023-11-06T14:00:00Z,11941.0,11941.0,False,False,False,
2023-11-06T15:00:00Z,11506.0,11506.0,False,False,False,
2023-11-06T16:00:00Z,11213.0,11213.0,False,False,False,
2023-11-06T17:00:00Z,11026.0,11026.0,False,False,False,
2023-11-06T18:00:00Z,10927.0,10927.0,False,False,False,
2023-11-06T19:00:00Z,11029.0,11029.0,False,False,False,
2023-11-06T20:00:00Z,11083.0,11083.0,False,False,False,
2023-11-06T21:00:00Z,11149.0,11149.0,False,False,False,
2023-11-06T22:00:00Z,11295.0,11295.0,False,False,False,
2023-11-06T23:00:00Z,11670.0,11670.0,False,False,False,
2023-11-07T00:00:00Z,11971.0,11971.0,False,False,False,
2023-11-07T01:00:00Z,11702.0,11702.0,False,False,False,
2023-11-07T02:00:00Z,11308.0,11308.0,False,False,False,
2023-11-07T03:00:00Z,10731.0,10731.0,False,False,False,
2023-11-07T04:00:00Z,10062.0,10062.0,False,False,False,
2023-11-07T05:00:00Z,9500.0,9500.0,False,False,False,
2023-11-07T06:00:00Z,9161.0,9161.0,False,False,False,
2023-11-07T07:00:00Z,9008.0,9008.0,False,False,False,
2023-11-07T08:00:00Z,8957.0,8957.0,False,False,False,
2023-11-07T09:00:00Z,9029.0,9029.0,False,False,False,
2023-11-07T10:00:00Z,9349.0,9349.0,False,False,False,
2023-11-07T11:00:00Z,10070.0,10070.0,False,False,False,
2023-11-07T12:00:00Z,11193.0,11193.0,False,False,False,
2023-11-07T13:00:00Z,11646.0,11646.0,False,False,False,
2023-11-07T14:00:00Z,11441.0,11441.0,False,False,False,
2023-11-07T15:00:00Z,11143.0,11143.0,False,False,False,
2023-11-07T16:00:00Z,10937.0,10937.0,False,False,False,
2023-11-07T17:00:00Z,10898.0,10898.0,False,False,False,
2023-11-07T18:00:00Z,10996.0,10996.0,False,False,False,
2023-11-07T19:00:00Z,11225.0,11225.0,False,False,False,
2023-11-07T20:00:00Z,11412.0,11412.0,False,False,False,
2023-11-07T21:00:00Z,11576.0,11576.0,False,False,False,
2023-11-07T22:00:00Z,11701.0,11701.0,False,False,False,
2023-11-07T23:00:00Z,11946.0,11946.0,False,False,False,
2023-11-08T00:00:00Z,12186.0,12186.0,False,False,False,
2023-11-08T01:00:00Z,11869.0,11869.0,False,False,False,
2023-11-08T02:00:00Z,11411.0,11411.0,False,False,False,
2023-11-08T03:00:00Z,10783.0,10783.0,False,False,False,
2023-11-08T04:00:00Z,10036.0,10036.0,False,False,False,
2023-11-08T05:00:00Z,9362.0,9362.0,False,False,False,
2023-11-08T06:00:00Z,8910.0,8910.0,False,False,False,
2023-11-08T07:00:00Z,8657.0,8657.0,False,False,False,
2023-11-08T08:00:00Z,8551.0,8551.0,False,False,False,
2023-11-08T09:00:00Z,8567.0,8567.0,False,False,False,
2023-11-08T10:00:00Z,8835.0,8835.0,False,False,False,
2023-11-08T11:00:00Z,9526.0,9526.0,False,False,False,
2023-11-08T12:00:00Z,10666.0,10666.0,False,False,False,
2023-11-08T13:00:00Z,11152.0,11152.0,False,False,False,
2023-11-08T14:00:00Z,11163.0,11163.0,False,False,False,
2023-11-08T15:00:00Z,11041.0,11041.0,False,False,False,
2023-11-08T16:00:00Z,11013.0,11013.0,False,False,False,
2023-11-08T17:00:00Z,11150.0,11150.0,False,False,False,
2023-11-08T18:00:00Z,11336.0,11336.0,False,False,False,
2023-11-08T19:00:00Z,11653.0,11653.0,False,False,False,
2023-11-08T20:00:00Z,11867.0,11867.0,False,False,False,
2023-11-08T21:00:00Z,11986.0,11986.0,False,False,False,
2023-11-08T22:00:00Z,12038.0,12038.0,False,False,False,
2023-11-08T23:00:00Z,12233.0,12233.0,False,False,False,
2023-11-09T00:00:00Z,12349.0,12349.0,False,False,False,
2023-11-09T01:00:00Z,11997.0,11997.0,False,False,False,
2023-11-09T02:00:00Z,11538.0,11538.0,False,False,False,
2023-11-09T03:00:00Z,10912.0,10912.0,False,False,False,
2023-11-09T04:00:00Z,10202.0,10202.0,False,False,False,
2023-11-09T05:00:00Z,9463.0,9463.0,False,False,False,
2023-11-09T06:00:00Z,9079.0,9079.0,False,False,False,
2023-11-09T07:00:00Z,8793.0,8793.0,False,False,False,
2023-11-09T08:00:00Z,8554.0,8554.0,False,False,False,
2023-11-09T09:00:00Z,8529.0,8529.0,False,False,False,
2023-11-09T10:00:00Z,8763.0,8763.0,False,False,False,
2023-11-09T11:00:00Z,9332.0,9332.0,False,False,False,
2023-11-09T12:00:00Z,10364.0,10364.0,False,False,False,
2023-11-09T13:00:00Z,10832.0,10832.0,False,False,False,
2023-11-09T14:00:00Z,10942.0,10942.0,False,False,False,
2023-11-09T15:00:00Z,10920.0,10920.0,False,False,False,
2023-11-09T16:00:00Z,11057.0,11057.0,False,False,False,
2023-11-09T17:00:00Z,11306.0,11306.0,False,False,False,
2023-11-09T18:00:00Z,11649.0,11649.0,False,False,False,
2023-11-09T19:00:00Z,12082.0,12082.0,False,False,False,
2023-11-09T20:00:00Z,12345.0,12345.0,False,False,False,
2023-11-09T21:00:00Z,12474.0,12474.0,False,False,False,
2023-11-09T22:00:00Z,12491.0,12491.0,False,False,False,
2023-11-09T23:00:00Z,12610.0,12610.0,False,False,False,
2023-11-10T00:00:00Z,12647.0,12647.0,False,False,False,
2023-11-10T01:00:00Z,12262.0,12262.0,False,False,False,
2023-11-10T02:00:00Z,11811.0,11811.0,False,False,False,
2023-11-10T03:00:00Z,11242.0,11242.0,False,False,False,
2023-11-10T04:00:00Z,10508.0,10508.0,False,False,False,
2023-11-10T05:00:00Z,9823.0,9823.0,False,False,False,
2023-11-10T06:00:00Z,9234.0,9234.0,False,False,False,
2023-11-10T07:00:00Z,8853.0,8853.0,False,False,False,
2023-11-10T08:00:00Z,8622.0,8622.0,False,False,False,
2023-11-10T09:00:00Z,8500.0,8500.0,False,False,False,
2023-11-10T10:00:00Z,8594.0,8594.0,False,False,False,
2023-11-10T11:00:00Z,8985.0,8985.0,False,False,False,
2023-11-10T12:00:00Z,9700.0,9700.0,False,False,False,
2023-11-10T13:00:00Z,10234.0,10234.0,False,False,False,
2023-11-10T14:00:00Z,10597.0,10597.0,False,False,False,
2023-11-10T15:00:00Z,10917.0,10917.0,False,False,False,
2023-11-10T16:00:00Z,11095.0,11095.0,False,False,False,
2023-11-10T17:00:00Z,11185.0,11185.0,False,False,False,
2023-11-10T18:00:00Z,11188.0,11188.0,False,False,False,
2023-11-10T19:00:00Z,11115.0,11115.0,False,False,False,
2023-11-10T20:00:00Z,10969.0,10969.0,False,False,False,
2023-11-10T21:00:00Z,10869.0,10869.0,False,False,False,
2023-11-10T22:00:00Z,11003.0,11003.0,False,False,False,
2023-11-10T23:00:00Z,11443.0,11443.0,False,False,False,
2023-11-11T00:00:00Z,11472.0,11472.0,False,False,False,
2023-11-11T01:00:00Z,11179.0,11179.0,False,False,False,
2023-11-11T02:00:00Z,10915.0,10915.0,False,False,False,
2023-11-11T03:00:00Z,10519.0,10519.0,False,False,False,
2023-11-11T04:00:00Z,10009.0,10009.0,False,False,False,
2023-11-11T05:00:00Z,9481.0,9481.0,False,False,False,
2023-11-11T06:00:00Z,9057.0,9057.0,False,False,False,
2023-11-11T07:00:00Z,8830.0,8830.0,False,False,False,
2023-11-11T08:00:00Z,8697.0,8697.0,False,False,False,
2023-11-11T09:00:00Z,8667.0,8667.0,False,False,False,
2023-11-11T10:00:00Z,8783.0,8783.0,False,False,False,
2023-11-11T11:00:00Z,9074.0,9074.0,False,False,False,
2023-11-11T12:00:00Z,9526.0,9526.0,False,False,False,
2023-11-11T13:00:00Z,9979.0,9979.0,False,False,False,
2023-11-11T14:00:00Z,10520.0,10520.0,False,False,False,
2023-11-11T15:00:00Z,10897.0,10897.0,False,False,False,
2023-11-11T16:00:00Z,11021.0,11021.0,False,False,False,
2023-11-11T17:00:00Z,10959.0,10959.0,False,False,False,
2023-11-11T18:00:00Z,10790.0,10790.0,False,False,False,
2023-11-11T19:00:00Z,10613.0,10613.0,False,False,False,
2023-11-11T20:00:00Z,10516.0,10516.0,False,False,False,
2023-11-11T21:00:00Z,10505.0,10505.0,False,False,False,
2023-11-11T22:00:00Z,10712.0,10712.0,False,False,False,
2023-11-11T23:00:00Z,11251.0,11251.0,False,False,False,
2023-11-12T00:00:00Z,11323.0,11323.0,False,False,False,
2023-11-12T01:00:00Z,11133.0,11133.0,False,False,False,
2023-11-12T02:00:00Z,10858.0,10858.0,False,False,False,
2023-11-12T03:00:00Z,10612.0,10612.0,False,False,False,
2023-11-12T04:00:00Z,10159.0,10159.0,False,False,False,
2023-11-12T05:00:00Z,9715.0,9715.0,False,False,False,
2023-11-12T06:00:00Z,9323.0,9323.0,False,False,False,
2023-11-12T07:00:00Z,9102.0,9102.0,False,False,False,
2023-11-12T08:00:00Z,8948.0,8948.0,False,False,False,
2023-11-12T09:00:00Z,8892.0,8892.0,False,False,False,
2023-11-12T10:00:00Z,8956.0,8956.0,False,False,False,
2023-11-12T11:00:00Z,9170.0,9170.0,False,False,False,
2023-11-12T12:00:00Z,9562.0,9562.0,False,False,False,
2023-11-12T13:00:00Z,10007.0,10007.0,False,False,False,
2023-11-12T14:00:00Z,10450.0,10450.0,False,False,False,
2023-11-12T15:00:00Z,10506.0,10506.0,False,False,False,
2023-11-12T16:00:00Z,10273.0,10273.0,False,False,False,
2023-11-12T17:00:00Z,9948.0,9948.0,False,False,False,
2023-11-12T18:00:00Z,9729.0,9729.0,False,False,False,
2023-11-12T19:00:00Z,9638.0,9638.0,False,False,False,
2023-11-12T20:00:00Z,9575.0,9575.0,False,False,False,
2023-11-12T21:00:00Z,9738.0,9738.0,False,False,False,
2023-11-12T22:00:00Z,10156.0,10156.0,False,False,False,
2023-11-12T23:00:00Z,10953.0,10953.0,False,False,False,
2023-11-13T00:00:00Z,11383.0,11383.0,False,False,False,
2023-11-13T01:00:00Z,11393.0,11393.0,False,False,False,
2023-11-13T02:00:00Z,11295.0,11295.0,False,False,False,
2023-11-13T03:00:00Z,11000.0,11000.0,False,False,False,
2023-11-13T04:00:00Z,10581.0,10581.0,False,False,False,
2023-11-13T05:00:00Z,10205.0,10205.0,False,False,False,
2023-11-13T06:00:00Z,9964.0,9964.0,False,False,False,
2023-11-13T07:00:00Z,9941.0,9941.0,False,False,False,
2023-11-13T08:00:00Z,10035.0,10035.0,False,False,False,
2023-11-13T09:00:00Z,10246.0,10246.0,False,False,False,
2023-11-13T10:00:00Z,10717.0,10717.0,False,False,False,
2023-11-13T11:00:00Z,11667.0,11667.0,False,False,False,
2023-11-13T12:00:00Z,13108.0,13108.0,False,False,False,
2023-11-13T13:00:00Z,13698.0,13698.0,False,False,False,
2023-11-13T14:00:00Z,13346.0,13346.0,False,False,False,
2023-11-13T15:00:00Z,12517.0,12517.0,False,False,False,
2023-11-13T16:00:00Z,11907.0,11907.0,False,False,False,
2023-11-13T17:00:00Z,11454.0,11454.0,False,False,False,
2023-11-13T18:00:00Z,11119.0,11119.0,False,False,False,
2023-11-13T19:00:00Z,11056.0,11056.0,False,False,False,
2023-11-13T20:00:00Z,10941.0,10941.0,False,False,False,
2023-11-13T21:00:00Z,10989.0,10989.0,False,False,False,
2023-11-13T22:00:00Z,11219.0,11219.0,False,False,False,
2023-11-13T23:00:00Z,11833.0,11833.0,False,False,False,
2023-11-14T00:00:00Z,12270.0,12270.0,False,False,False,
2023-11-14T01:00:00Z,12234.0,12234.0,False,False,False,
2023-11-14T02:00:00Z,12005.0,12005.0,False,False,False,
2023-11-14T03:00:00Z,11546.0,11546.0,False,False,False,
2023-11-14T04:00:00Z,10968.0,10968.0,False,False,False,
2023-11-14T05:00:00Z,10432.0,10432.0,False,False,False,
2023-11-14T06:00:00Z,10162.0,10162.0,False,False,False,
2023-11-14T07:00:00Z,10073.0,10073.0,False,False,False,
2023-11-14T08:00:00Z,10091.0,10091.0,False,False,False,
2023-11-14T09:00:00Z,10224.0,10224.0,False,False,False,
2023-11-14T10:00:00Z,10649.0,10649.0,False,False,False,
2023-11-14T11:00:00Z,11512.0,11512.0,False,False,False,
2023-11-14T12:00:00Z,12868.0,12868.0,False,False,False,
2023-11-14T13:00:00Z,13375.0,13375.0,False,False,False,
2023-11-14T14:00:00Z,12959.0,12959.0,False,False,False,
2023-11-14T15:00:00Z,12159.0,12159.0,False,False,False,
2023-11-14T16:00:00Z,11548.0,11548.0,False,False,False,
2023-11-14T17:00:00Z,11199.0,11199.0,False,False,False,
2023-11-14T18:00:00Z,10817.0,10817.0,False,False,False,
2023-11-14T19:00:00Z,10697.0,10697.0,False,False,False,
2023-11-14T20:00:00Z,10698.0,10698.0,False,False,False,
2023-11-14T21:00:00Z,10828.0,10828.0,False,False,False,
2023-11-14T22:00:00Z,11107.0,11107.0,False,False,False,
2023-11-14T23:00:00Z,11839.0,11839.0,False,False,False,
2023-11-15T00:00:00Z,12234.0,12234.0,False,False,False,
2023-11-15T01:00:00Z,12255.0,12255.0,False,False,False,
2023-11-15T02:00:00Z,12066.0,12066.0,False,False,False,
2023-11-15T03:00:00Z,11661.0,11661.0,False,False,False,
2023-11-15T04:00:00Z,11045.0,11045.0,False,False,False,
2023-11-15T05:00:00Z,10495.0,10495.0,False,False,False,
2023-11-15T06:00:00Z,10163.0,10163.0,False,False,False,
2023-11-15T07:00:00Z,10040.0,10040.0,False,False,False,
2023-11-15T08:00:00Z,9993.0,9993.0,False,False,False,
2023-11-15T09:00:00Z,10034.0,10034.0,False,False,False,
2023-11-15T10:00:00Z,10360.0,10360.0,False,False,False,
2023-11-15T11:00:00Z,11116.0,11116.0,False,False,False,
2023-11-15T12:00:00Z,12349.0,12349.0,False,False,False,
2023-11-15T13:00:00Z,12848.0,12848.0,False,False,False,
2023-11-15T14:00:00Z,12823.0,12823.0,False,False,False,
2023-11-15T15:00:00Z,12554.0,12554.0,False,False,False,
2023-11-15T16:00:00Z,12219.0,12219.0,False,False,False,
2023-11-15T17:00:00Z,11857.0,11857.0,False,False,False,
2023-11-15T18:00:00Z,11640.0,11640.0,False,False,False,
2023-11-15T19:00:00Z,11595.0,11595.0,False,False,False,
2023-11-15T20:00:00Z,11506.0,11506.0,False,False,False,
2023-11-15T21:00:00Z,11463.0,11463.0,False,False,False,
2023-11-15T22:00:00Z,11716.0,11716.0,False,False,False,
2023-11-15T23:00:00Z,12412.0,12412.0,False,False,False,
2023-11-16T00:00:00Z,12740.0,12740.0,False,False,False,
2023-11-16T01:00:00Z,12611.0,12611.0,False,False,False,
2023-11-16T02:00:00Z,12386.0,12386.0,False,False,False,
2023-11-16T03:00:00Z,11915.0,11915.0,False,False,False,
2023-11-16T04:00:00Z,11250.0,11250.0,False,False,False,
2023-11-16T05:00:00Z,10678.0,10678.0,False,False,False,
2023-11-16T06:00:00Z,10317.0,10317.0,False,False,False,
2023-11-16T07:00:00Z,10146.0,10146.0,False,False,False,
2023-11-16T08:00:00Z,10047.0,10047.0,False,False,False,
2023-11-16T09:00:00Z,10097.0,10097.0,False,False,False,
2023-11-16T10:00:00Z,10372.0,10372.0,False,False,False,
2023-11-16T11:00:00Z,11108.0,11108.0,False,False,False,
2023-11-16T12:00:00Z,12225.0,12225.0,False,False,False,
2023-11-16T13:00:00Z,12663.0,12663.0,False,False,False,
2023-11-16T14:00:00Z,12404.0,12404.0,False,False,False,
2023-11-16T15:00:00Z,11913.0,11913.0,False,False,False,
2023-11-16T16:00:00Z,11451.0,11451.0,False,False,False,
2023-11-16T17:00:00Z,11101.0,11101.0,False,False,False,
2023-11-16T18:00:00Z,10955.0,10955.0,False,False,False,
2023-11-16T19:00:00Z,10990.0,10990.0,False,False,False,
2023-11-16T20:00:00Z,10950.0,10950.0,False,False,False,
2023-11-16T21:00:00Z,10916.0,10916.0,False,False,False,
2023-11-16T22:00:00Z,11075.0,11075.0,False,False,False,
2023-11-16T23:00:00Z,11541.0,11541.0,False,False,False,
2023-11-17T00:00:00Z,11846.0,11846.0,False,False,False,
2023-11-17T01:00:00Z,11718.0,11718.0,False,False,False,
2023-11-17T02:00:00Z,11482.0,11482.0,False,False,False,
2023-11-17T03:00:00Z,11040.0,11040.0,False,False,False,
2023-11-17T04:00:00Z,10398.0,10398.0,False,False,False,
2023-11-17T05:00:00Z,9787.0,9787.0,False,False,False,
2023-11-17T06:00:00Z,9355.0,9355.0,False,False,False,
2023-11-17T07:00:00Z,9157.0,9157.0,False,False,False,
2023-11-17T08:00:00Z,9082.0,9082.0,False,False,False,
2023-11-17T09:00:00Z,9062.0,9062.0,False,False,False,
2023-11-17T10:00:00Z,9288.0,9288.0,False,False,False,
2023-11-17T11:00:00Z,9922.0,9922.0,False,False,False,
2023-11-17T12:00:00Z,10928.0,10928.0,False,False,False,
2023-11-17T13:00:00Z,11346.0,11346.0,False,False,False,
2023-11-17T14:00:00Z,11320.0,11320.0,False,False,False,
2023-11-17T15:00:00Z,11221.0,11221.0,False,False,False,
2023-11-17T16:00:00Z,11082.0,11082.0,False,False,False,
2023-11-17T17:00:00Z,10965.0,10965.0,False,False,False,
2023-11-17T18:00:00Z,10925.0,10925.0,False,False,False,
2023-11-17T19:00:00Z,10916.0,10916.0,False,False,False,
2023-11-17T20:00:00Z,10886.0,10886.0,False,False,False,
2023-11-17T21:00:00Z,10819.0,10819.0,False,False,False,
2023-11-17T22:00:00Z,10969.0,10969.0,False,False,False,
2023-11-17T23:00:00Z,11415.0,11415.0,False,False,False,
2023-11-18T00:00:00Z,11433.0,11433.0,False,False,False,
2023-11-18T01:00:00Z,11164.0,11164.0,False,False,False,
2023-11-18T02:00:00Z,10873.0,10873.0,False,False,False,
2023-11-18T03:00:00Z,10480.0,10480.0,False,False,False,
2023-11-18T04:00:00Z,9921.0,9921.0,False,False,False,
2023-11-18T05:00:00Z,9321.0,9321.0,False,False,False,
2023-11-18T06:00:00Z,8892.0,8892.0,False,False,False,
2023-11-18T07:00:00Z,8587.0,8587.0,False,False,False,
2023-11-18T08:00:00Z,8421.0,8421.0,False,False,False,
2023-11-18T09:00:00Z,8343.0,8343.0,False,False,False,
2023-11-18T10:00:00Z,8415.0,8415.0,False,False,False,
2023-11-18T11:00:00Z,8680.0,8680.0,False,False,False,
2023-11-18T12:00:00Z,9089.0,9089.0,False,False,False,
2023-11-18T13:00:00Z,9402.0,9402.0,False,False,False,
2023-11-18T14:00:00Z,9884.0,9884.0,False,False,False,
2023-11-18T15:00:00Z,10005.0,10005.0,False,False,False,
2023-11-18T16:00:00Z,10081.0,10081.0,False,False,False,
2023-11-18T17:00:00Z,10093.0,10093.0,False,False,False,
2023-11-18T18:00:00Z,10099.0,10099.0,False,False,False,
2023-11-18T19:00:00Z,10115.0,10115.0,False,False,False,
2023-11-18T20:00:00Z,10191.0,10191.0,False,False,False,
2023-11-18T21:00:00Z,10269.0,10269.0,False,False,False,
2023-11-18T22:00:00Z,10342.0,10342.0,False,False,False,
2023-11-18T23:00:00Z,10639.0,10639.0,False,False,False,
2023-11-19T00:00:00Z,10716.0,10716.0,False,False,False,
2023-11-19T01:00:00Z,10498.0,10498.0,False,False,False,
2023-11-19T02:00:00Z,10258.0,10258.0,False,False,False,
2023-11-19T03:00:00Z,9970.0,9970.0,False,False,False,
2023-11-19T04:00:00Z,9575.0,9575.0,False,False,False,
2023-11-19T05:00:00Z,9185.0,9185.0,False,False,False,
2023-11-19T06:00:00Z,8911.0,8911.0,False,False,False,
2023-11-19T07:00:00Z,8781.0,8781.0,False,False,False,
2023-11-19T08:00:00Z,8808.0,8808.0,False,False,False,
2023-11-19T09:00:00Z,8892.0,8892.0,False,False,False,
2023-11-19T10:00:00Z,9131.0,9131.0,False,False,False,
2023-11-19T11:00:00Z,9539.0,9539.0,False,False,False,
2023-11-19T12:00:00Z,10143.0,10143.0,False,False,False,
2023-11-19T13:00:00Z,10823.0,10823.0,False,False,False,
2023-11-19T14:00:00Z,11160.0,11160.0,False,False,False,
2023-11-19T15:00:00Z,10831.0,10831.0,False,False,False,
2023-11-19T16:00:00Z,10360.0,10360.0,False,False,False,
2023-11-19T17:00:00Z,10049.0,10049.0,False,False,False,
2023-11-19T18:00:00Z,9893.0,9893.0,False,False,False,
2023-11-19T19:00:00Z,9786.0,9786.0,False,False,False,
2023-11-19T20:00:00Z,9727.0,9727.0,False,False,False,
2023-11-19T21:00:00Z,9809.0,9809.0,False,False,False,
2023-11-19T22:00:00Z,10139.0,10139.0,False,False,False,
2023-11-19T23:00:00Z,10837.0,10837.0,False,False,False,
2023-11-20T00:00:00Z,11261.0,11261.0,False,False,False,
2023-11-20T01:00:00Z,11284.0,11284.0,False,False,False,
2023-11-20T02:00:00Z,11222.0,11222.0,False,False,False,
2023-11-20T03:00:00Z,10919.0,10919.0,False,False,False,
2023-11-20T04:00:00Z,10475.0,10475.0,False,False,False,
2023-11-20T05:00:00Z,10058.0,10058.0,False,False,False,
2023-11-20T06:00:00Z,9822.0,9822.0,False,False,False,
2023-11-20T07:00:00Z,9718.0,9718.0,False,False,False,
2023-11-20T08:00:00Z,9742.0,9742.0,False,False,False,
2023-11-20T09:00:00Z,9839.0,9839.0,False,False,False,
2023-11-20T10:00:00Z,10206.0,10206.0,False,False,False,
2023-11-20T11:00:00Z,11021.0,11021.0,False,False,False,
2023-11-20T12:00:00Z,12246.0,12246.0,False,False,False,
2023-11-20T13:00:00Z,12815.0,12815.0,False,False,False,
2023-11-20T14:00:00Z,12710.0,12710.0,False,False,False,
2023-11-20T15:00:00Z,12321.0,12321.0,False,False,False,
2023-11-20T16:00:00Z,12053.0,12053.0,False,False,False,
2023-11-20T17:00:00Z,11675.0,11675.0,False,False,False,
2023-11-20T18:00:00Z,11345.0,11345.0,False,False,False,
2023-11-20T19:00:00Z,11306.0,11306.0,False,False,False,
2023-11-20T20:00:00Z,11245.0,11245.0,False,False,False,
2023-11-20T21:00:00Z,11249.0,11249.0,False,False,False,
2023-11-20T22:00:00Z,11488.0,11488.0,False,False,False,
2023-11-20T23:00:00Z,12177.0,12177.0,False,False,False,
2023-11-21T00:00:00Z,12461.0,12461.0,False,False,False,
2023-11-21T01:00:00Z,12315.0,12315.0,False,False,False,
2023-11-21T02:00:00Z,12054.0,12054.0,False,False,False,
2023-11-21T03:00:00Z,11539.0,11539.0,False,False,False,
2023-11-21T04:00:00Z,10856.0,10856.0,False,False,False,
2023-11-21T05:00:00Z,10157.0,10157.0,False,False,False,
2023-11-21T06:00:00Z,9693.0,9693.0,False,False,False,
2023-11-21T07:00:00Z,9466.0,9466.0,False,False,False,
2023-11-21T08:00:00Z,9400.0,9400.0,False,False,False,
2023-11-21T09:00:00Z,9463.0,9463.0,False,False,False,
2023-11-21T10:00:00Z,9743.0,9743.0,False,False,False,
2023-11-21T11:00:00Z,10442.0,10442.0,False,False,False,
2023-11-21T12:00:00Z,11487.0,11487.0,False,False,False,
2023-11-21T13:00:00Z,12186.0,12186.0,False,False,False,
2023-11-21T14:00:00Z,12385.0,12385.0,False,False,False,
2023-11-21T15:00:00Z,12578.0,12578.0,False,False,False,
2023-11-21T16:00:00Z,12740.0,12740.0,False,False,False,
2023-11-21T17:00:00Z,12728.0,12728.0,False,False,False,
2023-11-21T18:00:00Z,12677.0,12677.0,False,False,False,
2023-11-21T19:00:00Z,12642.0,12642.0,False,False,False,
2023-11-21T20:00:00Z,12560.0,12560.0,False,False,False,
2023-11-21T21:00:00Z,12541.0,12541.0,False,False,False,
2023-11-21T22:00:00Z,12669.0,12669.0,False,False,False,
2023-11-21T23:00:00Z,13026.0,13026.0,False,False,False,
2023-11-22T00:00:00Z,12953.0,12953.0,False,False,False,
2023-11-22T01:00:00Z,12632.0,12632.0,False,False,False,
2023-11-22T02:00:00Z,12172.0,12172.0,False,False,False,
2023-11-22T03:00:00Z,11600.0,11600.0,False,False,False,
2023-11-22T04:00:00Z,10935.0,10935.0,False,False,False,
2023-11-22T05:00:00Z,10289.0,10289.0,False,False,False,
2023-11-22T06:00:00Z,9779.0,9779.0,False,False,False,
2023-11-22T07:00:00Z,9475.0,9475.0,False,False,False,
2023-11-22T08:00:00Z,9331.0,9331.0,False,False,False,
2023-11-22T09:00:00Z,9289.0,9289.0,False,False,False,
2023-11-22T10:00:00Z,9474.0,9474.0,False,False,False,
2023-11-22T11:00:00Z,10001.0,10001.0,False,False,False,
2023-11-22T12:00:00Z,10741.0,10741.0,False,False,False,
2023-11-22T13:00:00Z,11329.0,11329.0,False,False,False,
2023-11-22T14:00:00Z,11598.0,11598.0,False,False,False,
2023-11-22T15:00:00Z,11647.0,11647.0,False,False,False,
2023-11-22T16:00:00Z,11502.0,11502.0,False,False,False,
2023-11-22T17:00:00Z,11324.0,11324.0,False,False,False,
2023-11-22T18:00:00Z,11134.0,11134.0,False,False,False,
2023-11-22T19:00:00Z,11110.0,11110.0,False,False,False,
2023-11-22T20:00:00Z,11061.0,11061.0,False,False,False,
2023-11-22T21:00:00Z,11059.0,11059.0,False,False,False,
2023-11-22T22:00:00Z,11224.0,11224.0,False,False,False,
2023-11-22T23:00:00Z,11796.0,11796.0,False,False,False,
2023-11-23T00:00:00Z,12087.0,12087.0,False,False,False,
2023-11-23T01:00:00Z,12057.0,12057.0,False,False,False,
2023-11-23T02:00:00Z,11966.0,11966.0,False,False,False,
2023-11-23T03:00:00Z,11734.0,11734.0,False,False,False,
2023-11-23T04:00:00Z,11315.0,11315.0,False,False,False,
2023-11-23T05:00:00Z,10834.0,10834.0,False,False,False,
2023-11-23T06:00:00Z,10488.0,10488.0,False,False,False,
2023-11-23T07:00:00Z,10340.0,10340.0,False,False,False,
2023-11-23T08:00:00Z,10344.0,10344.0,False,False,False,
2023-11-23T09:00:00Z,10450.0,10450.0,False,False,False,
2023-11-23T10:00:00Z,10739.0,10739.0,False,False,False,
2023-11-23T11:00:00Z,11218.0,11218.0,False,False,False,
2023-11-23T12:00:00Z,11849.0,11849.0,False,False,False,
2023-11-23T13:00:00Z,12498.0,12498.0,False,False,False,
2023-11-23T14:00:00Z,12661.0,12661.0,False,False,False,
2023-11-23T15:00:00Z,12203.0,12203.0,False,False,False,
2023-11-23T16:00:00Z,11826.0,11826.0,False,False,False,
2023-11-23T17:00:00Z,11399.0,11399.0,False,False,False,
2023-11-23T18:00:00Z,10823.0,10823.0,False,False,False,
2023-11-23T19:00:00Z,10281.0,10281.0,False,False,False,
2023-11-23T20:00:00Z,9911.0,9911.0,False,False,False,
2023-11-23T21:00:00Z,9689.0,9689.0,False,False,False,
2023-11-23T22:00:00Z,9687.0,9687.0,False,False,False,
2023-11-23T23:00:00Z,10045.0,10045.0,False,False,False,
2023-11-24T00:00:00Z,10213.0,10213.0,False,False,False,
2023-11-24T01:00:00Z,10269.0,10269.0,False,False,False,
2023-11-24T02:00:00Z,10366.0,10366.0,False,False,False,
2023-11-24T03:00:00Z,10318.0,10318.0,False,False,False,
2023-11-24T04:00:00Z,10129.0,10129.0,False,False,False,
2023-11-24T05:00:00Z,9832.0,9832.0,False,False,False,
2023-11-24T06:00:00Z,9620.0,9620.0,False,False,False,
2023-11-24T07:00:00Z,9482.0,9482.0,False,False,False,
2023-11-24T08:00:00Z,9524.0,9524.0,False,False,False,
2023-11-24T09:00:00Z,9606.0,9606.0,False,False,False,
2023-11-24T10:00:00Z,9935.0,9935.0,False,False,False,
2023-11-24T11:00:00Z,10374.0,10374.0,False,False,False,
2023-11-24T12:00:00Z,10893.0,10893.0,False,False,False,
2023-11-24T13:00:00Z,11327.0,11327.0,False,False,False,
2023-11-24T14:00:00Z,11441.0,11441.0,False,False,False,
2023-11-24T15:00:00Z,11278.0,11278.0,False,False,False,
2023-11-24T16:00:00Z,11038.0,11038.0,False,False,False,
2023-11-24T17:00:00Z,10803.0,10803.0,False,False,False,
2023-11-24T18:00:00Z,10395.0,10395.0,False,False,False,
2023-11-24T19:00:00Z,9971.0,9971.0,False,False,False,
2023-11-24T20:00:00Z,9688.0,9688.0,False,False,False,
2023-11-24T21:00:00Z,9690.0,9690.0,False,False,False,
2023-11-24T22:00:00Z,10038.0,10038.0,False,False,False,
2023-11-24T23:00:00Z,10729.0,10729.0,False,False,False,
2023-11-25T00:00:00Z,11130.0,11130.0,False,False,False,
2023-11-25T01:00:00Z,11207.0,11207.0,False,False,False,
2023-11-25T02:00:00Z,11244.0,11244.0,False,False,False,
2023-11-25T03:00:00Z,11122.0,11122.0,False,False,False,
2023-11-25T04:00:00Z,10755.0,10755.0,False,False,False,
2023-11-25T05:00:00Z,10356.0,10356.0,False,False,False,
2023-11-25T06:00:00Z,10017.0,10017.0,False,False,False,
2023-11-25T07:00:00Z,9786.0,9786.0,False,False,False,
2023-11-25T08:00:00Z,9721.0,9721.0,False,False,False,
2023-11-25T09:00:00Z,9751.0,9751.0,False,False,False,
2023-11-25T10:00:00Z,9939.0,9939.0,False,False,False,
2023-11-25T11:00:00Z,10315.0,10315.0,False,False,False,
2023-11-25T12:00:00Z,10831.0,10831.0,False,False,False,
2023-11-25T13:00:00Z,11315.0,11315.0,False,False,False,
2023-11-25T14:00:00Z,11664.0,11664.0,False,False,False,
2023-11-25T15:00:00Z,11603.0,11603.0,False,False,False,
2023-11-25T16:00:00Z,11350.0,11350.0,False,False,False,
2023-11-25T17:00:00Z,11029.0,11029.0,False,False,False,
2023-11-25T18:00:00Z,10647.0,10647.0,False,False,False,
2023-11-25T19:00:00Z,10354.0,10354.0,False,False,False,
2023-11-25T20:00:00Z,10195.0,10195.0,False,False,False,
2023-11-25T21:00:00Z,10295.0,10295.0,False,False,False,
2023-11-25T22:00:00Z,10740.0,10740.0,False,False,False,
2023-11-25T23:00:00Z,11632.0,11632.0,False,False,False,
2023-11-26T00:00:00Z,12028.0,12028.0,False,False,False,
2023-11-26T01:00:00Z,12124.0,12124.0,False,False,False,
2023-11-26T02:00:00Z,12131.0,12131.0,False,False,False,
2023-11-26T03:00:00Z,12038.0,12038.0,False,False,False,
2023-11-26T04:00:00Z,11814.0,11814.0,False,False,False,
2023-11-26T05:00:00Z,11595.0,11595.0,False,False,False,
2023-11-26T06:00:00Z,11462.0,11462.0,False,False,False,
2023-11-26T07:00:00Z,11495.0,11495.0,False,False,False,
2023-11-26T08:00:00Z,11612.0,11612.0,False,False,False,
2023-11-26T09:00:00Z,11792.0,11792.0,False,False,False,
2023-11-26T10:00:00Z,12097.0,12097.0,False,False,False,
2023-11-26T11:00:00Z,12510.0,12510.0,False,False,False,
2023-11-26T12:00:00Z,13050.0,13050.0,False,False,False,
2023-11-26T13:00:00Z,13531.0,13531.0,False,False,False,
2023-11-26T14:00:00Z,13634.0,13634.0,False,False,False,
2023-11-26T15:00:00Z,13067.0,13067.0,False,False,False,
2023-11-26T16:00:00Z,12444.0,12444.0,False,False,False,
2023-11-26T17:00:00Z,11938.0,11938.0,False,False,False,
2023-11-26T18:00:00Z,11652.0,11652.0,False,False,False,
2023-11-26T19:00:00Z,11577.0,11577.0,False,False,False,
2023-11-26T20:00:00Z,11624.0,11624.0,False,False,False,
2023-11-26T21:00:00Z,11819.0,11819.0,False,False,False,
2023-11-26T22:00:00Z,12162.0,12162.0,False,False,False,
2023-11-26T23:00:00Z,12860.0,12860.0,False,False,False,
2023-11-27T00:00:00Z,13042.0,13042.0,False,False,False,
2023-11-27T01:00:00Z,12913.0,12913.0,False,False,False,
2023-11-27T02:00:00Z,12684.0,12684.0,False,False,False,
2023-11-27T03:00:00Z,12185.0,12185.0,False,False,False,
2023-11-27T04:00:00Z,11532.0,11532.0,False,False,False,
2023-11-27T05:00:00Z,11019.0,11019.0,False,False,False,
2023-11-27T06:00:00Z,10746.0,10746.0,False,False,False,
2023-11-27T07:00:00Z,10643.0,10643.0,False,False,False,
2023-11-27T08:00:00Z,10671.0,10671.0,False,False,False,
2023-11-27T09:00:00Z,10813.0,10813.0,False,False,False,
2023-11-27T10:00:00Z,11230.0,11230.0,False,False,False,
2023-11-27T11:00:00Z,12094.0,12094.0,False,False,False,
2023-11-27T12:00:00Z,13437.0,13437.0,False,False,False,
2023-11-27T13:00:00Z,14174.0,14174.0,False,False,False,
2023-11-27T14:00:00Z,14019.0,14019.0,False,False,False,
2023-11-27T15:00:00Z,13308.0,13308.0,False,False,False,
2023-11-27T16:00:00Z,12733.0,12733.0,False,False,False,
2023-11-27T17:00:00Z,12278.0,12278.0,False,False,False,
2023-11-27T18:00:00Z,11946.0,11946.0,False,False,False,
2023-11-27T19:00:00Z,11721.0,11721.0,False,False,False,
2023-11-27T20:00:00Z,11569.0,11569.0,False,False,False,
2023-11-27T21:00:00Z,11614.0,11614.0,False,False,False,
2023-11-27T22:00:00Z,12061.0,12061.0,False,False,False,
2023-11-27T23:00:00Z,13128.0,13128.0,False,False,False,
2023-11-28T00:00:00Z,13844.0,13844.0,False,False,False,
2023-11-28T01:00:00Z,14033.0,14033.0,False,False,False,
2023-11-28T02:00:00Z,14068.0,14068.0,False,False,False,
2023-11-28T03:00:00Z,13792.0,13792.0,False,False,False,
2023-11-28T04:00:00Z,13296.0,13296.0,False,False,False,
2023-11-28T05:00:00Z,12862.0,12862.0,False,False,False,
2023-11-28T06:00:00Z,12618.0,12618.0,False,False,False,
2023-11-28T07:00:00Z,12636.0,12636.0,False,False,False,
2023-11-28T08:00:00Z,12758.0,12758.0,False,False,False,
2023-11-28T09:00:00Z,12959.0,12959.0,False,False,False,
2023-11-28T10:00:00Z,13396.0,13396.0,False,False,False,
2023-11-28T11:00:00Z,14258.0,14258.0,False,False,False,
2023-11-28T12:00:00Z,15617.0,15617.0,False,False,False,
2023-11-28T13:00:00Z,16265.0,16265.0,False,False,False,
2023-11-28T14:00:00Z,15906.0,15906.0,False,False,False,
2023-11-28T15:00:00Z,15053.0,15053.0,False,False,False,
2023-11-28T16:00:00Z,14023.0,14023.0,False,False,False,
2023-11-28T17:00:00Z,13258.0,13258.0,False,False,False,
2023-11-28T18:00:00Z,12785.0,12785.0,False,False,False,
2023-11-28T19:00:00Z,12472.0,12472.0,False,False,False,
2023-11-28T20:00:00Z,12286.0,12286.0,False,False,False,
2023-11-28T21:00:00Z,12413.0,12413.0,False,False,False,
2023-11-28T22:00:00Z,13022.0,13022.0,False,False,False,
2023-11-28T23:00:00Z,14217.0,14217.0,False,False,False,
2023-11-29T00:00:00Z,15021.0,15021.0,False,False,False,
2023-11-29T01:00:00Z,15262.0,15262.0,False,False,False,
2023-11-29T02:00:00Z,15356.0,15356.0,False,False,False,
2023-11-29T03:00:00Z,15157.0,15157.0,False,False,False,
2023-11-29T04:00:00Z,14679.0,14679.0,False,False,False,
2023-11-29T05:00:00Z,14261.0,14261.0,False,False,False,
2023-11-29T06:00:00Z,14143.0,14143.0,False,False,False,
2023-11-29T07:00:00Z,14238.0,14238.0,False,False,False,
2023-11-29T08:00:00Z,14501.0,14501.0,False,False,False,
2023-11-29T09:00:00Z,14854.0,14854.0,False,False,False,
2023-11-29T10:00:00Z,15514.0,15514.0,False,False,False,
2023-11-29T11:00:00Z,16600.0,16600.0,False,False,False,
2023-11-29T12:00:00Z,18125.0,18125.0,False,False,False,
2023-11-29T13:00:00Z,18690.0,18690.0,False,False,False,
2023-11-29T14:00:00Z,17951.0,17951.0,False,False,False,
2023-11-29T15:00:00Z,16520.0,16520.0,False,False,False,
2023-11-29T16:00:00Z,15241.0,15241.0,False,False,False,
2023-11-29T17:00:00Z,14299.0,14299.0,False,False,False,
2023-11-29T18:00:00Z,13593.0,13593.0,False,False,False,
2023-11-29T19:00:00Z,13155.0,13155.0,False,False,False,
2023-11-29T20:00:00Z,12824.0,12824.0,False,False,False,
2023-11-29T21:00:00Z,12786.0,12786.0,False,False,False,
2023-11-29T22:00:00Z,13331.0,13331.0,False,False,False,
2023-11-29T23:00:00Z,14516.0,14516.0,False,False,False,
2023-11-30T00:00:00Z,15159.0,15159.0,False,False,False,
2023-11-30T01:00:00Z,15300.0,15300.0,False,False,False,
2023-11-30T02:00:00Z,15268.0,15268.0,False,False,False,
2023-11-30T03:00:00Z,14962.0,14962.0,False,False,False,
2023-11-30T04:00:00Z,14356.0,14356.0,False,False,False,
2023-11-30T05:00:00Z,13839.0,13839.0,False,False,False,
2023-11-30T06:00:00Z,13579.0,13579.0,False,False,False,
2023-11-30T07:00:00Z,13500.0,13500.0,False,False,False,
2023-11-30T08:00:00Z,13563.0,13563.0,False,False,False,
2023-11-30T09:00:00Z,13751.0,13751.0,False,False,False,
2023-11-30T10:00:00Z,14298.0,14298.0,False,False,False,
2023-11-30T11:00:00Z,15266.0,15266.0,False,False,False,
2023-11-30T12:00:00Z,16619.0,16619.0,False,False,False,
2023-11-30T13:00:00Z,17108.0,17108.0,False,False,False,
2023-11-30T14:00:00Z,16515.0,16515.0,False,False,False,
2023-11-30T15:00:00Z,15068.0,15068.0,False,False,False,
2023-11-30T16:00:00Z,13843.0,13843.0,False,False,False,
2023-11-30T17:00:00Z,12781.0,12781.0,False,False,False,
2023-11-30T18:00:00Z,12138.0,12138.0,False,False,False,
2023-11-30T19:00:00Z,11796.0,11796.0,False,False,False,
2023-11-30T20:00:00Z,11602.0,11602.0,False,False,False,
2023-11-30T21:00:00Z,11600.0,11600.0,False,False,False,
2023-11-30T22:00:00Z,11956.0,11956.0,False,False,False,
2023-11-30T23:00:00Z,12875.0,12875.0,False,False,False,
2023-12-01T00:00:00Z,13448.0,13448.0,False,False,False,
2023-12-01T01:00:00Z,13612.0,13612.0,False,False,False,
2023-12-01T02:00:00Z,13617.0,13617.0,False,False,False,
2023-12-01T03:00:00Z,13361.0,13361.0,False,False,False,
2023-12-01T04:00:00Z,12889.0,12889.0,False,False,False,
2023-12-01T05:00:00Z,12431.0,12431.0,False,False,False,
2023-12-01T06:00:00Z,12201.0,12201.0,False,False,False,
2023-12-01T07:00:00Z,12113.0,12113.0,False,False,False,
2023-12-01T08:00:00Z,12157.0,12157.0,False,False,False,
2023-12-01T09:00:00Z,12211.0,12211.0,False,False,False,
2023-12-01T10:00:00Z,12453.0,12453.0,False,False,False,
2023-12-01T11:00:00Z,12974.0,12974.0,False,False,False,
2023-12-01T12:00:00Z,13938.0,13938.0,False,False,False,
2023-12-01T13:00:00Z,14271.0,14271.0,False,False,False,
2023-12-01T14:00:00Z,14081.0,14081.0,False,False,False,
2023-12-01T15:00:00Z,13795.0,13795.0,False,False,False,
2023-12-01T16:00:00Z,13536.0,13536.0,False,False,False,
2023-12-01T17:00:00Z,13225.0,13225.0,False,False,False,
2023-12-01T18:00:00Z,12911.0,12911.0,False,False,False,
2023-12-01T19:00:00Z,12685.0,12685.0,False,False,False,
2023-12-01T20:00:00Z,12450.0,12450.0,False,False,False,
2023-12-01T21:00:00Z,12365.0,12365.0,False,False,False,
2023-12-01T22:00:00Z,12538.0,12538.0,False,False,False,
2023-12-01T23:00:00Z,13010.0,13010.0,False,False,False,
2023-12-02T00:00:00Z,12876.0,12876.0,False,False,False,
2023-12-02T01:00:00Z,12568.0,12568.0,False,False,False,
2023-12-02T02:00:00Z,12262.0,12262.0,False,False,False,
2023-12-02T03:00:00Z,11828.0,11828.0,False,False,False,
2023-12-02T04:00:00Z,11258.0,11258.0,False,False,False,
2023-12-02T05:00:00Z,10623.0,10623.0,False,False,False,
2023-12-02T06:00:00Z,10126.0,10126.0,False,False,False,
2023-12-02T07:00:00Z,9811.0,9811.0,False,False,False,
2023-12-02T08:00:00Z,9648.0,9648.0,False,False,False,
2023-12-02T09:00:00Z,9556.0,9556.0,False,False,False,
2023-12-02T10:00:00Z,9591.0,9591.0,False,False,False,
2023-12-02T11:00:00Z,9789.0,9789.0,False,False,False,
2023-12-02T12:00:00Z,10130.0,10130.0,False,False,False,
2023-12-02T13:00:00Z,10509.0,10509.0,False,False,False,
2023-12-02T14:00:00Z,10919.0,10919.0,False,False,False,
2023-12-02T15:00:00Z,11232.0,11232.0,False,False,False,
2023-12-02T16:00:00Z,11329.0,11329.0,False,False,False,
2023-12-02T17:00:00Z,11224.0,11224.0,False,False,False,
2023-12-02T18:00:00Z,11053.0,11053.0,False,False,False,
2023-12-02T19:00:00Z,10922.0,10922.0,False,False,False,
2023-12-02T20:00:00Z,10795.0,10795.0,False,False,False,
2023-12-02T21:00:00Z,10800.0,10800.0,False,False,False,
2023-12-02T22:00:00Z,10966.0,10966.0,False,False,False,
2023-12-02T23:00:00Z,11443.0,11443.0,False,False,False,
2023-12-03T00:00:00Z,11432.0,11432.0,False,False,False,
2023-12-03T01:00:00Z,11197.0,11197.0,False,False,False,
2023-12-03T02:00:00Z,10987.0,10987.0,False,False,False,
2023-12-03T03:00:00Z,10665.0,10665.0,False,False,False,
2023-12-03T04:00:00Z,10187.0,10187.0,False,False,False,
2023-12-03T05:00:00Z,9607.0,9607.0,False,False,False,
2023-12-03T06:00:00Z,9151.0,9151.0,False,False,False,
2023-12-03T07:00:00Z,8775.0,8775.0,False,False,False,
2023-12-03T08:00:00Z,8571.0,8571.0,False,False,False,
2023-12-03T09:00:00Z,8429.0,8429.0,False,False,False,
2023-12-03T10:00:00Z,8411.0,8411.0,False,False,False,
2023-12-03T11:00:00Z,8541.0,8541.0,False,False,False,
2023-12-03T12:00:00Z,8809.0,8809.0,False,False,False,
2023-12-03T13:00:00Z,9216.0,9216.0,False,False,False,
2023-12-03T14:00:00Z,9742.0,9742.0,False,False,False,
2023-12-03T15:00:00Z,10143.0,10143.0,False,False,False,
2023-12-03T16:00:00Z,10306.0,10306.0,False,False,False,
2023-12-03T17:00:00Z,10381.0,10381.0,False,False,False,
2023-12-03T18:00:00Z,10436.0,10436.0,False,False,False,
2023-12-03T19:00:00Z,10389.0,10389.0,False,False,False,
2023-12-03T20:00:00Z,10306.0,10306.0,False,False,False,
2023-12-03T21:00:00Z,10329.0,10329.0,False,False,False,
2023-12-03T22:00:00Z,10530.0,10530.0,False,False,False,
2023-12-03T23:00:00Z,11252.0,11252.0,False,False,False,
2023-12-04T00:00:00Z,11514.0,11514.0,False,False,False,
2023-12-04T01:00:00Z,11438.0,11438.0,False,False,False,
2023-12-04T02:00:00Z,11257.0,11257.0,False,False,False,
2023-12-04T03:00:00Z,10843.0,10843.0,False,False,False,
2023-12-04T04:00:00Z,10222.0,10222.0,False,False,False,
2023-12-04T05:00:00Z,9676.0,9676.0,False,False,False,
2023-12-04T06:00:00Z,9329.0,9329.0,False,False,False,
2023-12-04T07:00:00Z,9178.0,9178.0,False,False,False,
2023-12-04T08:00:00Z,9201.0,9201.0,False,False,False,
2023-12-04T09:00:00Z,9358.0,9358.0,False,False,False,
2023-12-04T10:00:00Z,9801.0,9801.0,False,False,False,
2023-12-04T11:00:00Z,10766.0,10766.0,False,False,False,
2023-12-04T12:00:00Z,12173.0,12173.0,False,False,False,
2023-12-04T13:00:00Z,12953.0,12953.0,False,False,False,
2023-12-04T14:00:00Z,12986.0,12986.0,False,False,False,
2023-12-04T15:00:00Z,12473.0,12473.0,False,False,False,
2023-12-04T16:00:00Z,11938.0,11938.0,False,False,False,
2023-12-04T17:00:00Z,11515.0,11515.0,False,False,False,
2023-12-04T18:00:00Z,11260.0,11260.0,False,False,False,
2023-12-04T19:00:00Z,11137.0,11137.0,False,False,False,
2023-12-04T20:00:00Z,11033.0,11033.0,False,False,False,
2023-12-04T21:00:00Z,11010.0,11010.0,False,False,False,
2023-12-04T22:00:00Z,11347.0,11347.0,False,False,False,
2023-12-04T23:00:00Z,12167.0,12167.0,False,False,False,
2023-12-05T00:00:00Z,12610.0,12610.0,False,False,False,
2023-12-05T01:00:00Z,12625.0,12625.0,False,False,False,
2023-12-05T02:00:00Z,12504.0,12504.0,False,False,False,
2023-12-05T03:00:00Z,12134.0,12134.0,False,False,False,
2023-12-05T04:00:00Z,11538.0,11538.0,False,False,False,
2023-12-05T05:00:00Z,10967.0,10967.0,False,False,False,
2023-12-05T06:00:00Z,10623.0,10623.0,False,False,False,
2023-12-05T07:00:00Z,10639.0,10639.0,False,False,False,
2023-12-05T08:00:00Z,10768.0,10768.0,False,False,False,
2023-12-05T09:00:00Z,11060.0,11060.0,False,False,False,
2023-12-05T10:00:00Z,11623.0,11623.0,False,False,False,
2023-12-05T11:00:00Z,12649.0,12649.0,False,False,False,
2023-12-05T12:00:00Z,14187.0,14187.0,False,False,False,
2023-12-05T13:00:00Z,14953.0,14953.0,False,False,False,
2023-12-05T14:00:00Z,14548.0,14548.0,False,False,False,
2023-12-05T15:00:00Z,13432.0,13432.0,False,False,False,
2023-12-05T16:00:00Z,12541.0,12541.0,False,False,False,
2023-12-05T17:00:00Z,11938.0,11938.0,False,False,False,
2023-12-05T18:00:00Z,11556.0,11556.0,False,False,False,
2023-12-05T19:00:00Z,11441.0,11441.0,False,False,False,
2023-12-05T20:00:00Z,11392.0,11392.0,False,False,False,
2023-12-05T21:00:00Z,11456.0,11456.0,False,False,False,
2023-12-05T22:00:00Z,11800.0,11800.0,False,False,False,
2023-12-05T23:00:00Z,12721.0,12721.0,False,False,False,
2023-12-06T00:00:00Z,13268.0,13268.0,False,False,False,
2023-12-06T01:00:00Z,13360.0,13360.0,False,False,False,
2023-12-06T02:00:00Z,13261.0,13261.0,False,False,False,
2023-12-06T03:00:00Z,12833.0,12833.0,False,False,False,
2023-12-06T04:00:00Z,12217.0,12217.0,False,False,False,
2023-12-06T05:00:00Z,11649.0,11649.0,False,False,False,
2023-12-06T06:00:00Z,11356.0,11356.0,False,False,False,
2023-12-06T07:00:00Z,11247.0,11247.0,False,False,False,
2023-12-06T08:00:00Z,11269.0,11269.0,False,False,False,
2023-12-06T09:00:00Z,11474.0,11474.0,False,False,False,
2023-12-06T10:00:00Z,11940.0,11940.0,False,False,False,
2023-12-06T11:00:00Z,12822.0,12822.0,False,False,False,
2023-12-06T12:00:00Z,14138.0,14138.0,False,False,False,
2023-12-06T13:00:00Z,14672.0,14672.0,False,False,False,
2023-12-06T14:00:00Z,14279.0,14279.0,False,False,False,
2023-12-06T15:00:00Z,13511.0,13511.0,False,False,False,
2023-12-06T16:00:00Z,13024.0,13024.0,False,False,False,
2023-12-06T17:00:00Z,12629.0,12629.0,False,False,False,
2023-12-06T18:00:00Z,12320.0,12320.0,False,False,False,
2023-12-06T19:00:00Z,12117.0,12117.0,False,False,False,
2023-12-06T20:00:00Z,11983.0,11983.0,False,False,False,
2023-12-06T21:00:00Z,12105.0,12105.0,False,False,False,
2023-12-06T22:00:00Z,12695.0,12695.0,False,False,False,
2023-12-06T23:00:00Z,13842.0,13842.0,False,False,False,
2023-12-07T00:00:00Z,14465.0,14465.0,False,False,False,
2023-12-07T01:00:00Z,14588.0,14588.0,False,False,False,
2023-12-07T02:00:00Z,14548.0,14548.0,False,False,False,
2023-12-07T03:00:00Z,14192.0,14192.0,False,False,False,
2023-12-07T04:00:00Z,13658.0,13658.0,False,False,False,
2023-12-07T05:00:00Z,13239.0,13239.0,False,False,False,
2023-12-07T06:00:00Z,13034.0,13034.0,False,False,False,
2023-12-07T07:00:00Z,13085.0,13085.0,False,False,False,
2023-12-07T08:00:00Z,13248.0,13248.0,False,False,False,
2023-12-07T09:00:00Z,13529.0,13529.0,False,False,False,
2023-12-07T10:00:00Z,14028.0,14028.0,False,False,False,
2023-12-07T11:00:00Z,14976.0,14976.0,False,False,False,
2023-12-07T12:00:00Z,16391.0,16391.0,False,False,False,
2023-12-07T13:00:00Z,17060.0,17060.0,False,False,False,
2023-12-07T14:00:00Z,16590.0,16590.0,False,False,False,
2023-12-07T15:00:00Z,15189.0,15189.0,False,False,False,
2023-12-07T16:00:00Z,14047.0,14047.0,False,False,False,
2023-12-07T17:00:00Z,13214.0,13214.0,False,False,False,
2023-12-07T18:00:00Z,12633.0,12633.0,False,False,False,
2023-12-07T19:00:00Z,12239.0,12239.0,False,False,False,
2023-12-07T20:00:00Z,11971.0,11971.0,False,False,False,
2023-12-07T21:00:00Z,11958.0,11958.0,False,False,False,
2023-12-07T22:00:00Z,12384.0,12384.0,False,False,False,
2023-12-07T23:00:00Z,13373.0,13373.0,False,False,False,
2023-12-08T00:00:00Z,13876.0,13876.0,False,False,False,
2023-12-08T01:00:00Z,14016.0,14016.0,False,False,False,
2023-12-08T02:00:00Z,13973.0,13973.0,False,False,False,
2023-12-08T03:00:00Z,13666.0,13666.0,False,False,False,
2023-12-08T04:00:00Z,13082.0,13082.0,False,False,False,
2023-12-08T05:00:00Z,12512.0,12512.0,False,False,False,
2023-12-08T06:00:00Z,12368.0,12368.0,False,False,False,
2023-12-08T07:00:00Z,12022.0,12022.0,False,False,False,
2023-12-08T08:00:00Z,12044.0,12044.0,False,False,False,
2023-12-08T09:00:00Z,12223.0,12223.0,False,False,False,
2023-12-08T10:00:00Z,12618.0,12618.0,False,False,False,
2023-12-08T11:00:00Z,13426.0,13426.0,False,False,False,
2023-12-08T12:00:00Z,14685.0,14685.0,False,False,False,
2023-12-08T13:00:00Z,15325.0,15325.0,False,False,False,
2023-12-08T14:00:00Z,15045.0,15045.0,False,False,False,
2023-12-08T15:00:00Z,14143.0,14143.0,False,False,False,
2023-12-08T16:00:00Z,13280.0,13280.0,False,False,False,
2023-12-08T17:00:00Z,12425.0,12425.0,False,False,False,
2023-12-08T18:00:00Z,11801.0,11801.0,False,False,False,
2023-12-08T19:00:00Z,11503.0,11503.0,False,False,False,
2023-12-08T20:00:00Z,11280.0,11280.0,False,False,False,
2023-12-08T21:00:00Z,11272.0,11272.0,False,False,False,
2023-12-08T22:00:00Z,11631.0,11631.0,False,False,False,
2023-12-08T23:00:00Z,12427.0,12427.0,False,False,False,
2023-12-09T00:00:00Z,12611.0,12611.0,False,False,False,
2023-12-09T01:00:00Z,12500.0,12500.0,False,False,False,
2023-12-09T02:00:00Z,12357.0,12357.0,False,False,False,
2023-12-09T03:00:00Z,12094.0,12094.0,False,False,False,
2023-12-09T04:00:00Z,11670.0,11670.0,False,False,False,
2023-12-09T05:00:00Z,11151.0,11151.0,False,False,False,
2023-12-09T06:00:00Z,10721.0,10721.0,False,False,False,
2023-12-09T07:00:00Z,10501.0,10501.0,False,False,False,
2023-12-09T08:00:00Z,10324.0,10324.0,False,False,False,
2023-12-09T09:00:00Z,10385.0,10385.0,False,False,False,
2023-12-09T10:00:00Z,10488.0,10488.0,False,False,False,
2023-12-09T11:00:00Z,10756.0,10756.0,False,False,False,
2023-12-09T12:00:00Z,11087.0,11087.0,False,False,False,
2023-12-09T13:00:00Z,11417.0,11417.0,False,False,False,
2023-12-09T14:00:00Z,11678.0,11678.0,False,False,False,
2023-12-09T15:00:00Z,11673.0,11673.0,False,False,False,
2023-12-09T16:00:00Z,11694.0,11694.0,False,False,False,
2023-12-09T17:00:00Z,11613.0,11613.0,False,False,False,
2023-12-09T18:00:00Z,11443.0,11443.0,False,False,False,
2023-12-09T19:00:00Z,11240.0,11240.0,False,False,False,
2023-12-09T20:00:00Z,11047.0,11047.0,False,False,False,
2023-12-09T21:00:00Z,10993.0,10993.0,False,False,False,
2023-12-09T22:00:00Z,11139.0,11139.0,False,False,False,
2023-12-09T23:00:00Z,11624.0,11624.0,False,False,False,
2023-12-10T00:00:00Z,11627.0,11627.0,False,False,False,
2023-12-10T01:00:00Z,11422.0,11422.0,False,False,False,
2023-12-10T02:00:00Z,11194.0,11194.0,False,False,False,
2023-12-10T03:00:00Z,10854.0,10854.0,False,False,False,
2023-12-10T04:00:00Z,10409.0,10409.0,False,False,False,
2023-12-10T05:00:00Z,9856.0,9856.0,False,False,False,
2023-12-10T06:00:00Z,9388.0,9388.0,False,False,False,
2023-12-10T07:00:00Z,9072.0,9072.0,False,False,False,
2023-12-10T08:00:00Z,8833.0,8833.0,False,False,False,
2023-12-10T09:00:00Z,8718.0,8718.0,False,False,False,
2023-12-10T10:00:00Z,8714.0,8714.0,False,False,False,
2023-12-10T11:00:00Z,8832.0,8832.0,False,False,False,
2023-12-10T12:00:00Z,9102.0,9102.0,False,False,False,
2023-12-10T13:00:00Z,9529.0,9529.0,False,False,False,
2023-12-10T14:00:00Z,10049.0,10049.0,False,False,False,
2023-12-10T15:00:00Z,10412.0,10412.0,False,False,False,
2023-12-10T16:00:00Z,10618.0,10618.0,False,False,False,
2023-12-10T17:00:00Z,10733.0,10733.0,False,False,False,
2023-12-10T18:00:00Z,10885.0,10885.0,False,False,False,
2023-12-10T19:00:00Z,10905.0,10905.0,False,False,False,
2023-12-10T20:00:00Z,10852.0,10852.0,False,False,False,
2023-12-10T21:00:00Z,10889.0,10889.0,False,False,False,
2023-12-10T22:00:00Z,11129.0,11129.0,False,False,False,
2023-12-10T23:00:00Z,11777.0,11777.0,False,False,False,
2023-12-11T00:00:00Z,11874.0,11874.0,False,False,False,
2023-12-11T01:00:00Z,11840.0,11840.0,False,False,False,
2023-12-11T02:00:00Z,11746.0,11746.0,False,False,False,
2023-12-11T03:00:00Z,11454.0,11454.0,False,False,False,
2023-12-11T04:00:00Z,11006.0,11006.0,False,False,False,
2023-12-11T05:00:00Z,10576.0,10576.0,False,False,False,
2023-12-11T06:00:00Z,10387.0,10387.0,False,False,False,
2023-12-11T07:00:00Z,10377.0,10377.0,False,False,False,
2023-12-11T08:00:00Z,10560.0,10560.0,False,False,False,
2023-12-11T09:00:00Z,10869.0,10869.0,False,False,False,
2023-12-11T10:00:00Z,11512.0,11512.0,False,False,False,
2023-12-11T11:00:00Z,12632.0,12632.0,False,False,False,
2023-12-11T12:00:00Z,14147.0,14147.0,False,False,False,
2023-12-11T13:00:00Z,15092.0,15092.0,False,False,False,
2023-12-11T14:00:00Z,15020.0,15020.0,False,False,False,
2023-12-11T15:00:00Z,14424.0,14424.0,False,False,False,
2023-12-11T16:00:00Z,13840.0,13840.0,False,False,False,
2023-12-11T17:00:00Z,13312.0,13312.0,False,False,False,
2023-12-11T18:00:00Z,12821.0,12821.0,False,False,False,
2023-12-11T19:00:00Z,12510.0,12510.0,False,False,False,
2023-12-11T20:00:00Z,12263.0,12263.0,False,False,False,
2023-12-11T21:00:00Z,12322.0,12322.0,False,False,False,
2023-12-11T22:00:00Z,12793.0,12793.0,False,False,False,
2023-12-11T23:00:00Z,14051.0,14051.0,False,False,False,
2023-12-12T00:00:00Z,14830.0,14830.0,False,False,False,
2023-12-12T01:00:00Z,15060.0,15060.0,False,False,False,
2023-12-12T02:00:00Z,15132.0,15132.0,False,False,False,
2023-12-12T03:00:00Z,14901.0,14901.0,False,False,False,
2023-12-12T04:00:00Z,14451.0,14451.0,False,False,False,
2023-12-12T05:00:00Z,14031.0,14031.0,False,False,False,
2023-12-12T06:00:00Z,13845.0,13845.0,False,False,False,
2023-12-12T07:00:00Z,13921.0,13921.0,False,False,False,
2023-12-12T08:00:00Z,14081.0,14081.0,False,False,False,
2023-12-12T09:00:00Z,14412.0,14412.0,False,False,False,
2023-12-12T10:00:00Z,15009.0,15009.0,False,False,False,
2023-12-12T11:00:00Z,16063.0,16063.0,False,False,False,
2023-12-12T12:00:00Z,17470.0,17470.0,False,False,False,
2023-12-12T13:00:00Z,18092.0,18092.0,False,False,False,
2023-12-12T14:00:00Z,17615.0,17615.0,False,False,False,
2023-12-12T15:00:00Z,16271.0,16271.0,False,False,False,
2023-12-12T16:00:00Z,14853.0,14853.0,False,False,False,
2023-12-12T17:00:00Z,13771.0,13771.0,False,False,False,
2023-12-12T18:00:00Z,13051.0,13051.0,False,False,False,
2023-12-12T19:00:00Z,12622.0,12622.0,False,False,False,
2023-12-12T20:00:00Z,12311.0,12311.0,False,False,False,
2023-12-12T21:00:00Z,12301.0,12301.0,False,False,False,
2023-12-12T22:00:00Z,12784.0,12784.0,False,False,False,
2023-12-12T23:00:00Z,13909.0,13909.0,False,False,False,
2023-12-13T00:00:00Z,14629.0,14629.0,False,False,False,
2023-12-13T01:00:00Z,14910.0,14910.0,False,False,False,
2023-12-13T02:00:00Z,15043.0,15043.0,False,False,False,
2023-12-13T03:00:00Z,14861.0,14861.0,False,False,False,
2023-12-13T04:00:00Z,14404.0,14404.0,False,False,False,
2023-12-13T05:00:00Z,13942.0,13942.0,False,False,False,
2023-12-13T06:00:00Z,13714.0,13714.0,False,False,False,
2023-12-13T07:00:00Z,13684.0,13684.0,False,False,False,
2023-12-13T08:00:00Z,13767.0,13767.0,False,False,False,
2023-12-13T09:00:00Z,14008.0,14008.0,False,False,False,
2023-12-13T10:00:00Z,14471.0,14471.0,False,False,False,
2023-12-13T11:00:00Z,15396.0,15396.0,False,False,False,
2023-12-13T12:00:00Z,16703.0,16703.0,False,False,False,
2023-12-13T13:00:00Z,17308.0,17308.0,False,False,False,
2023-12-13T14:00:00Z,17002.0,17002.0,False,False,False,
2023-12-13T15:00:00Z,15871.0,15871.0,False,False,False,
2023-12-13T16:00:00Z,14439.0,14439.0,False,False,False,
2023-12-13T17:00:00Z,13315.0,13315.0,False,False,False,
2023-12-13T18:00:00Z,12569.0,12569.0,False,False,False,
2023-12-13T19:00:00Z,12160.0,12160.0,False,False,False,
2023-12-13T20:00:00Z,11894.0,11894.0,False,False,False,
2023-12-13T21:00:00Z,11878.0,11878.0,False,False,False,
2023-12-13T22:00:00Z,12241.0,12241.0,False,False,False,
2023-12-13T23:00:00Z,13245.0,13245.0,False,False,False,
2023-12-14T00:00:00Z,13774.0,13774.0,False,False,False,
2023-12-14T01:00:00Z,13915.0,13915.0,False,False,False,
2023-12-14T02:00:00Z,13923.0,13923.0,False,False,False,
2023-12-14T03:00:00Z,13664.0,13664.0,False,False,False,
2023-12-14T04:00:00Z,13114.0,13114.0,False,False,False,
2023-12-14T05:00:00Z,12587.0,12587.0,False,False,False,
2023-12-14T06:00:00Z,12308.0,12308.0,False,False,False,
2023-12-14T07:00:00Z,12262.0,12262.0,False,False,False,
2023-12-14T08:00:00Z,12430.0,12430.0,False,False,False,
2023-12-14T09:00:00Z,12618.0,12618.0,False,False,False,
2023-12-14T10:00:00Z,13218.0,13218.0,False,False,False,
2023-12-14T11:00:00Z,14221.0,14221.0,False,False,False,
2023-12-14T12:00:00Z,15682.0,15682.0,False,False,False,
2023-12-14T13:00:00Z,16469.0,16469.0,False,False,False,
2023-12-14T14:00:00Z,16086.0,16086.0,False,False,False,
2023-12-14T15:00:00Z,14898.0,14898.0,False,False,False,
2023-12-14T16:00:00Z,13898.0,13898.0,False,False,False,
2023-12-14T17:00:00Z,13091.0,13091.0,False,False,False,
2023-12-14T18:00:00Z,12506.0,12506.0,False,False,False,
2023-12-14T19:00:00Z,12161.0,12161.0,False,False,False,
2023-12-14T20:00:00Z,11982.0,11982.0,False,False,False,
2023-12-14T21:00:00Z,12011.0,12011.0,False,False,False,
2023-12-14T22:00:00Z,12416.0,12416.0,False,False,False,
2023-12-14T23:00:00Z,13444.0,13444.0,False,False,False,
2023-12-15T00:00:00Z,14165.0,14165.0,False,False,False,
2023-12-15T01:00:00Z,14495.0,14495.0,False,False,False,
2023-12-15T02:00:00Z,14681.0,14681.0,False,False,False,
2023-12-15T03:00:00Z,14556.0,14556.0,False,False,False,
2023-12-15T04:00:00Z,14132.0,14132.0,False,False,False,
2023-12-15T05:00:00Z,13763.0,13763.0,False,False,False,
2023-12-15T06:00:00Z,13588.0,13588.0,False,False,False,
2023-12-15T07:00:00Z,13663.0,13663.0,False,False,False,
2023-12-15T08:00:00Z,13862.0,13862.0,False,False,False,
2023-12-15T09:00:00Z,14133.0,14133.0,False,False,False,
2023-12-15T10:00:00Z,14690.0,14690.0,False,False,False,
2023-12-15T11:00:00Z,15597.0,15597.0,False,False,False,
2023-12-15T12:00:00Z,16850.0,16850.0,False,False,False,
2023-12-15T13:00:00Z,17588.0,17588.0,False,False,False,
2023-12-15T14:00:00Z,17174.0,17174.0,False,False,False,
2023-12-15T15:00:00Z,15702.0,15702.0,False,False,False,
2023-12-15T16:00:00Z,14186.0,14186.0,False,False,False,
2023-12-15T17:00:00Z,13026.0,13026.0,False,False,False,
2023-12-15T18:00:00Z,12263.0,12263.0,False,False,False,
2023-12-15T19:00:00Z,11789.0,11789.0,False,False,False,
2023-12-15T20:00:00Z,11443.0,11443.0,False,False,False,
2023-12-15T21:00:00Z,11413.0,11413.0,False,False,False,
2023-12-15T22:00:00Z,11730.0,11730.0,False,False,False,
2023-12-15T23:00:00Z,12669.0,12669.0,False,False,False,
2023-12-16T00:00:00Z,13155.0,13155.0,False,False,False,
2023-12-16T01:00:00Z,13315.0,13315.0,False,False,False,
2023-12-16T02:00:00Z,13458.0,13458.0,False,False,False,
2023-12-16T03:00:00Z,13446.0,13446.0,False,False,False,
2023-12-16T04:00:00Z,13234.0,13234.0,False,False,False,
2023-12-16T05:00:00Z,12979.0,12979.0,False,False,False,
2023-12-16T06:00:00Z,12790.0,12790.0,False,False,False,
2023-12-16T07:00:00Z,12801.0,12801.0,False,False,False,
2023-12-16T08:00:00Z,12955.0,12955.0,False,False,False,
2023-12-16T09:00:00Z,13184.0,13184.0,False,False,False,
2023-12-16T10:00:00Z,13544.0,13544.0,False,False,False,
2023-12-16T11:00:00Z,14037.0,14037.0,False,False,False,
2023-12-16T12:00:00Z,14697.0,14697.0,False,False,False,
2023-12-16T13:00:00Z,15205.0,15205.0,False,False,False,
2023-12-16T14:00:00Z,15345.0,15345.0,False,False,False,
2023-12-16T15:00:00Z,14583.0,14583.0,False,False,False,
2023-12-16T16:00:00Z,13556.0,13556.0,False,False,False,
2023-12-16T17:00:00Z,12679.0,12679.0,False,False,False,
2023-12-16T18:00:00Z,12040.0,12040.0,False,False,False,
2023-12-16T19:00:00Z,11596.0,11596.0,False,False,False,
2023-12-16T20:00:00Z,11362.0,11362.0,False,False,False,
2023-12-16T21:00:00Z,11370.0,11370.0,False,False,False,
2023-12-16T22:00:00Z,11665.0,11665.0,False,False,False,
2023-12-16T23:00:00Z,12409.0,12409.0,False,False,False,
2023-12-17T00:00:00Z,12555.0,12555.0,False,False,False,
2023-12-17T01:00:00Z,12421.0,12421.0,False,False,False,
2023-12-17T02:00:00Z,12258.0,12258.0,False,False,False,
2023-12-17T03:00:00Z,11994.0,11994.0,False,False,False,
2023-12-17T04:00:00Z,11542.0,11542.0,False,False,False,
2023-12-17T05:00:00Z,11010.0,11010.0,False,False,False,
2023-12-17T06:00:00Z,10558.0,10558.0,False,False,False,
2023-12-17T07:00:00Z,10280.0,10280.0,False,False,False,
2023-12-17T08:00:00Z,10122.0,10122.0,False,False,False,
2023-12-17T09:00:00Z,10046.0,10046.0,False,False,False,
2023-12-17T10:00:00Z,10125.0,10125.0,False,False,False,
2023-12-17T11:00:00Z,10367.0,10367.0,False,False,False,
2023-12-17T12:00:00Z,10803.0,10803.0,False,False,False,
2023-12-17T13:00:00Z,11364.0,11364.0,False,False,False,
2023-12-17T14:00:00Z,11915.0,11915.0,False,False,False,
2023-12-17T15:00:00Z,12329.0,12329.0,False,False,False,
2023-12-17T16:00:00Z,12497.0,12497.0,False,False,False,
2023-12-17T17:00:00Z,12575.0,12575.0,False,False,False,
2023-12-17T18:00:00Z,12671.0,12671.0,False,False,False,
2023-12-17T19:00:00Z,12645.0,12645.0,False,False,False,
2023-12-17T20:00:00Z,12540.0,12540.0,False,False,False,
2023-12-17T21:00:00Z,12457.0,12457.0,False,False,False,
2023-12-17T22:00:00Z,12520.0,12520.0,False,False,False,
2023-12-17T23:00:00Z,12900.0,12900.0,False,False,False,
2023-12-18T00:00:00Z,12931.0,12931.0,False,False,False,
2023-12-18T01:00:00Z,12730.0,12730.0,False,False,False,
2023-12-18T02:00:00Z,12416.0,12416.0,False,False,False,
2023-12-18T03:00:00Z,11950.0,11950.0,False,False,False,
2023-12-18T04:00:00Z,11312.0,11312.0,False,False,False,
2023-12-18T05:00:00Z,10683.0,10683.0,False,False,False,
2023-12-18T06:00:00Z,10295.0,10295.0,False,False,False,
2023-12-18T07:00:00Z,10084.0,10084.0,False,False,False,
2023-12-18T08:00:00Z,10043.0,10043.0,False,False,False,
2023-12-18T09:00:00Z,10150.0,10150.0,False,False,False,
2023-12-18T10:00:00Z,10573.0,10573.0,False,False,False,
2023-12-18T11:00:00Z,11383.0,11383.0,False,False,False,
2023-12-18T12:00:00Z,12584.0,12584.0,False,False,False,
2023-12-18T13:00:00Z,13331.0,13331.0,False,False,False,
2023-12-18T14:00:00Z,13331.0,13331.0,False,False,False,
2023-12-18T15:00:00Z,12912.0,12912.0,False,False,False,
2023-12-18T16:00:00Z,12530.0,12530.0,False,False,False,
2023-12-18T17:00:00Z,12153.0,12153.0,False,False,False,
2023-12-18T18:00:00Z,11858.0,11858.0,False,False,False,
2023-12-18T19:00:00Z,11692.0,11692.0,False,False,False,
2023-12-18T20:00:00Z,11557.0,11557.0,False,False,False,
2023-12-18T21:00:00Z,11580.0,11580.0,False,False,False,
2023-12-18T22:00:00Z,11982.0,11982.0,False,False,False,
2023-12-18T23:00:00Z,13003.0,13003.0,False,False,False,
2023-12-19T00:00:00Z,13641.0,13641.0,False,False,False,
2023-12-19T01:00:00Z,13845.0,13845.0,False,False,False,
2023-12-19T02:00:00Z,14015.0,14015.0,False,False,False,
2023-12-19T03:00:00Z,13915.0,13915.0,False,False,False,
2023-12-19T04:00:00Z,13521.0,13521.0,False,False,False,
2023-12-19T05:00:00Z,13153.0,13153.0,False,False,False,
2023-12-19T06:00:00Z,12994.0,12994.0,False,False,False,
2023-12-19T07:00:00Z,13042.0,13042.0,False,False,False,
2023-12-19T08:00:00Z,13187.0,13187.0,False,False,False,
2023-12-19T09:00:00Z,13474.0,13474.0,False,False,False,
2023-12-19T10:00:00Z,14038.0,14038.0,False,False,False,
2023-12-19T11:00:00Z,14981.0,14981.0,False,False,False,
2023-12-19T12:00:00Z,16295.0,16295.0,False,False,False,
2023-12-19T13:00:00Z,17053.0,17053.0,False,False,False,
2023-12-19T14:00:00Z,16854.0,16854.0,False,False,False,
2023-12-19T15:00:00Z,16036.0,16036.0,False,False,False,
2023-12-19T16:00:00Z,15274.0,15274.0,False,False,False,
2023-12-19T17:00:00Z,14499.0,14499.0,False,False,False,
2023-12-19T18:00:00Z,13861.0,13861.0,False,False,False,
2023-12-19T19:00:00Z,13446.0,13446.0,False,False,False,
2023-12-19T20:00:00Z,13142.0,13142.0,False,False,False,
2023-12-19T21:00:00Z,13135.0,13135.0,False,False,False,
2023-12-19T22:00:00Z,13591.0,13591.0,False,False,False,
2023-12-19T23:00:00Z,14851.0,14851.0,False,False,False,
2023-12-20T00:00:00Z,15709.0,15709.0,False,False,False,
2023-12-20T01:00:00Z,15986.0,15986.0,False,False,False,
2023-12-20T02:00:00Z,16088.0,16088.0,False,False,False,
2023-12-20T03:00:00Z,15879.0,15879.0,False,False,False,
2023-12-20T04:00:00Z,15382.0,15382.0,False,False,False,
2023-12-20T05:00:00Z,14979.0,14979.0,False,False,False,
2023-12-20T06:00:00Z,14794.0,14794.0,False,False,False,
2023-12-20T07:00:00Z,14830.0,14830.0,False,False,False,
2023-12-20T08:00:00Z,15039.0,15039.0,False,False,False,
2023-12-20T09:00:00Z,15339.0,15339.0,False,False,False,
2023-12-20T10:00:00Z,15932.0,15932.0,False,False,False,
2023-12-20T11:00:00Z,16872.0,16872.0,False,False,False,
2023-12-20T12:00:00Z,17972.0,17972.0,False,False,False,
2023-12-20T13:00:00Z,18593.0,18593.0,False,False,False,
2023-12-20T14:00:00Z,18347.0,18347.0,False,False,False,
2023-12-20T15:00:00Z,17085.0,17085.0,False,False,False,
2023-12-20T16:00:00Z,15715.0,15715.0,False,False,False,
2023-12-20T17:00:00Z,14669.0,14669.0,False,False,False,
2023-12-20T18:00:00Z,13837.0,13837.0,False,False,False,
2023-12-20T19:00:00Z,13237.0,13237.0,False,False,False,
2023-12-20T20:00:00Z,12860.0,12860.0,False,False,False,
2023-12-20T21:00:00Z,12723.0,12723.0,False,False,False,
2023-12-20T22:00:00Z,13132.0,13132.0,False,False,False,
2023-12-20T23:00:00Z,14271.0,14271.0,False,False,False,
2023-12-21T00:00:00Z,14983.0,14983.0,False,False,False,
2023-12-21T01:00:00Z,15242.0,15242.0,False,False,False,
2023-12-21T02:00:00Z,15395.0,15395.0,False,False,False,
2023-12-21T03:00:00Z,15264.0,15264.0,False,False,False,
2023-12-21T04:00:00Z,14850.0,14850.0,False,False,False,
2023-12-21T05:00:00Z,14467.0,14467.0,False,False,False,
2023-12-21T06:00:00Z,14277.0,14277.0,False,False,False,
2023-12-21T07:00:00Z,14272.0,14272.0,False,False,False,
2023-12-21T08:00:00Z,14394.0,14394.0,False,False,False,
2023-12-21T09:00:00Z,14642.0,14642.0,False,False,False,
2023-12-21T10:00:00Z,15106.0,15106.0,False,False,False,
2023-12-21T11:00:00Z,15887.0,15887.0,False,False,False,
2023-12-21T12:00:00Z,16945.0,16945.0,False,False,False,
2023-12-21T13:00:00Z,17571.0,17571.0,False,False,False,
2023-12-21T14:00:00Z,17421.0,17421.0,False,False,False,
2023-12-21T15:00:00Z,16226.0,16226.0,False,False,False,
2023-12-21T16:00:00Z,14749.0,14749.0,False,False,False,
2023-12-21T17:00:00Z,13587.0,13587.0,False,False,False,
2023-12-21T18:00:00Z,12783.0,12783.0,False,False,False,
2023-12-21T19:00:00Z,12324.0,12324.0,False,False,False,
2023-12-21T20:00:00Z,11951.0,11951.0,False,False,False,
2023-12-21T21:00:00Z,11803.0,11803.0,False,False,False,
2023-12-21T22:00:00Z,12039.0,12039.0,False,False,False,
2023-12-21T23:00:00Z,12978.0,12978.0,False,False,False,
2023-12-22T00:00:00Z,13559.0,13559.0,False,False,False,
2023-12-22T01:00:00Z,13747.0,13747.0,False,False,False,
2023-12-22T02:00:00Z,13832.0,13832.0,False,False,False,
2023-12-22T03:00:00Z,13725.0,13725.0,False,False,False,
2023-12-22T04:00:00Z,13360.0,13360.0,False,False,False,
2023-12-22T05:00:00Z,12921.0,12921.0,False,False,False,
2023-12-22T06:00:00Z,12639.0,12639.0,False,False,False,
2023-12-22T07:00:00Z,12546.0,12546.0,False,False,False,
2023-12-22T08:00:00Z,12537.0,12537.0,False,False,False,
2023-12-22T09:00:00Z,12587.0,12587.0,False,False,False,
2023-12-22T10:00:00Z,12822.0,12822.0,False,False,False,
2023-12-22T11:00:00Z,13307.0,13307.0,False,False,False,
2023-12-22T12:00:00Z,14081.0,14081.0,False,False,False,
2023-12-22T13:00:00Z,14690.0,14690.0,False,False,False,
2023-12-22T14:00:00Z,14893.0,14893.0,False,False,False,
2023-12-22T15:00:00Z,14355.0,14355.0,False,False,False,
2023-12-22T16:00:00Z,13450.0,13450.0,False,False,False,
2023-12-22T17:00:00Z,12570.0,12570.0,False,False,False,
2023-12-22T18:00:00Z,11819.0,11819.0,False,False,False,
2023-12-22T19:00:00Z,11340.0,11340.0,False,False,False,
2023-12-22T20:00:00Z,11023.0,11023.0,False,False,False,
2023-12-22T21:00:00Z,10941.0,10941.0,False,False,False,
2023-12-22T22:00:00Z,11249.0,11249.0,False,False,False,
2023-12-22T23:00:00Z,12107.0,12107.0,False,False,False,
2023-12-23T00:00:00Z,12616.0,12616.0,False,False,False,
2023-12-23T01:00:00Z,12721.0,12721.0,False,False,False,
2023-12-23T02:00:00Z,12804.0,12804.0,False,False,False,
2023-12-23T03:00:00Z,12745.0,12745.0,False,False,False,
2023-12-23T04:00:00Z,12517.0,12517.0,False,False,False,
2023-12-23T05:00:00Z,12158.0,12158.0,False,False,False,
2023-12-23T06:00:00Z,11885.0,11885.0,False,False,False,
2023-12-23T07:00:00Z,11691.0,11691.0,False,False,False,
2023-12-23T08:00:00Z,11666.0,11666.0,False,False,False,
2023-12-23T09:00:00Z,11673.0,11673.0,False,False,False,
2023-12-23T10:00:00Z,11817.0,11817.0,False,False,False,
2023-12-23T11:00:00Z,12087.0,12087.0,False,False,False,
2023-12-23T12:00:00Z,12580.0,12580.0,False,False,False,
2023-12-23T13:00:00Z,13153.0,13153.0,False,False,False,
2023-12-23T14:00:00Z,13493.0,13493.0,False,False,False,
2023-12-23T15:00:00Z,12909.0,12909.0,False,False,False,
2023-12-23T16:00:00Z,12035.0,12035.0,False,False,False,
2023-12-23T17:00:00Z,11363.0,11363.0,False,False,False,
2023-12-23T18:00:00Z,10803.0,10803.0,False,False,False,
2023-12-23T19:00:00Z,10336.0,10336.0,False,False,False,
2023-12-23T20:00:00Z,10042.0,10042.0,False,False,False,
2023-12-23T21:00:00Z,9996.0,9996.0,False,False,False,
2023-12-23T22:00:00Z,10234.0,10234.0,False,False,False,
2023-12-23T23:00:00Z,10948.0,10948.0,False,False,False,
2023-12-24T00:00:00Z,11342.0,11342.0,False,False,False,
2023-12-24T01:00:00Z,11393.0,11393.0,False,False,False,
2023-12-24T02:00:00Z,11409.0,11409.0,False,False,False,
2023-12-24T03:00:00Z,11276.0,11276.0,False,False,False,
2023-12-24T04:00:00Z,10972.0,10972.0,False,False,False,
2023-12-24T05:00:00Z,10505.0,10505.0,False,False,False,
2023-12-24T06:00:00Z,10179.0,10179.0,False,False,False,
2023-12-24T07:00:00Z,9995.0,9995.0,False,False,False,
2023-12-24T08:00:00Z,10011.0,10011.0,False,False,False,
2023-12-24T09:00:00Z,10111.0,10111.0,False,False,False,
2023-12-24T10:00:00Z,10370.0,10370.0,False,False,False,
2023-12-24T11:00:00Z,10762.0,10762.0,False,False,False,
2023-12-24T12:00:00Z,11363.0,11363.0,False,False,False,
2023-12-24T13:00:00Z,12041.0,12041.0,False,False,False,
2023-12-24T14:00:00Z,12476.0,12476.0,False,False,False,
2023-12-24T15:00:00Z,11877.0,11877.0,False,False,False,
2023-12-24T16:00:00Z,10922.0,10922.0,False,False,False,
2023-12-24T17:00:00Z,10278.0,10278.0,False,False,False,
2023-12-24T18:00:00Z,9955.0,9955.0,False,False,False,
2023-12-24T19:00:00Z,9727.0,9727.0,False,False,False,
2023-12-24T20:00:00Z,9611.0,9611.0,False,False,False,
2023-12-24T21:00:00Z,9633.0,9633.0,False,False,False,
2023-12-24T22:00:00Z,9826.0,9826.0,False,False,False,
2023-12-24T23:00:00Z,10335.0,10335.0,False,False,False,
2023-12-25T00:00:00Z,10480.0,10480.0,False,False,False,
2023-12-25T01:00:00Z,10327.0,10327.0,False,False,False,
2023-12-25T02:00:00Z,10267.0,10267.0,False,False,False,
2023-12-25T03:00:00Z,10130.0,10130.0,False,False,False,
2023-12-25T04:00:00Z,9842.0,9842.0,False,False,False,
2023-12-25T05:00:00Z,9458.0,9458.0,False,False,False,
2023-12-25T06:00:00Z,9140.0,9140.0,False,False,False,
2023-12-25T07:00:00Z,8971.0,8971.0,False,False,False,
2023-12-25T08:00:00Z,8825.0,8825.0,False,False,False,
2023-12-25T09:00:00Z,8828.0,8828.0,False,False,False,
2023-12-25T10:00:00Z,8964.0,8964.0,False,False,False,
2023-12-25T11:00:00Z,9274.0,9274.0,False,False,False,
2023-12-25T12:00:00Z,9676.0,9676.0,False,False,False,
2023-12-25T13:00:00Z,10151.0,10151.0,False,False,False,
2023-12-25T14:00:00Z,10525.0,10525.0,False,False,False,
2023-12-25T15:00:00Z,10596.0,10596.0,False,False,False,
2023-12-25T16:00:00Z,10486.0,10486.0,False,False,False,
2023-12-25T17:00:00Z,10412.0,10412.0,False,False,False,
2023-12-25T18:00:00Z,10306.0,10306.0,False,False,False,
2023-12-25T19:00:00Z,10139.0,10139.0,False,False,False,
2023-12-25T20:00:00Z,9999.0,9999.0,False,False,False,
2023-12-25T21:00:00Z,9961.0,9961.0,False,False,False,
2023-12-25T22:00:00Z,10053.0,10053.0,False,False,False,
2023-12-25T23:00:00Z,10401.0,10401.0,False,False,False,
2023-12-26T00:00:00Z,10402.0,10402.0,False,False,False,
2023-12-26T01:00:00Z,10247.0,10247.0,False,False,False,
2023-12-26T02:00:00Z,10115.0,10115.0,False,False,False,
2023-12-26T03:00:00Z,9858.0,9858.0,False,False,False,
2023-12-26T04:00:00Z,9482.0,9482.0,False,False,False,
2023-12-26T05:00:00Z,8898.0,8898.0,False,False,False,
2023-12-26T06:00:00Z,8580.0,8580.0,False,False,False,
2023-12-26T07:00:00Z,8306.0,8306.0,False,False,False,
2023-12-26T08:00:00Z,8182.0,8182.0,False,False,False,
2023-12-26T09:00:00Z,8175.0,8175.0,False,False,False,
2023-12-26T10:00:00Z,8313.0,8313.0,False,False,False,
2023-12-26T11:00:00Z,8673.0,8673.0,False,False,False,
2023-12-26T12:00:00Z,9161.0,9161.0,False,False,False,
2023-12-26T13:00:00Z,9649.0,9649.0,False,False,False,
2023-12-26T14:00:00Z,10054.0,10054.0,False,False,False,
2023-12-26T15:00:00Z,10473.0,10473.0,False,False,False,
2023-12-26T16:00:00Z,10802.0,10802.0,False,False,False,
2023-12-26T17:00:00Z,10973.0,10973.0,False,False,False,
2023-12-26T18:00:00Z,11051.0,11051.0,False,False,False,
2023-12-26T19:00:00Z,11052.0,11052.0,False,False,False,
2023-12-26T20:00:00Z,11028.0,11028.0,False,False,False,
2023-12-26T21:00:00Z,11019.0,11019.0,False,False,False,
2023-12-26T22:00:00Z,11199.0,11199.0,False,False,False,
2023-12-26T23:00:00Z,11705.0,11705.0,False,False,False,
2023-12-27T00:00:00Z,11727.0,11727.0,False,False,False,
2023-12-27T01:00:00Z,11476.0,11476.0,False,False,False,
2023-12-27T02:00:00Z,11152.0,11152.0,False,False,False,
2023-12-27T03:00:00Z,10696.0,10696.0,False,False,False,
2023-12-27T04:00:00Z,10104.0,10104.0,False,False,False,
2023-12-27T05:00:00Z,9504.0,9504.0,False,False,False,
2023-12-27T06:00:00Z,8994.0,8994.0,False,False,False,
2023-12-27T07:00:00Z,8691.0,8691.0,False,False,False,
2023-12-27T08:00:00Z,8510.0,8510.0,False,False,False,
2023-12-27T09:00:00Z,8455.0,8455.0,False,False,False,
2023-12-27T10:00:00Z,8591.0,8591.0,False,False,False,
2023-12-27T11:00:00Z,9014.0,9014.0,False,False,False,
2023-12-27T12:00:00Z,9622.0,9622.0,False,False,False,
2023-12-27T13:00:00Z,10185.0,10185.0,False,False,False,
2023-12-27T14:00:00Z,10476.0,10476.0,False,False,False,
2023-12-27T15:00:00Z,10752.0,10752.0,False,False,False,
2023-12-27T16:00:00Z,10884.0,10884.0,False,False,False,
2023-12-27T17:00:00Z,10903.0,10903.0,False,False,False,
2023-12-27T18:00:00Z,10818.0,10818.0,False,False,False,
2023-12-27T19:00:00Z,10733.0,10733.0,False,False,False,
2023-12-27T20:00:00Z,10650.0,10650.0,False,False,False,
2023-12-27T21:00:00Z,10605.0,10605.0,False,False,False,
2023-12-27T22:00:00Z,10713.0,10713.0,False,False,False,
2023-12-27T23:00:00Z,11368.0,11368.0,False,False,False,
2023-12-28T00:00:00Z,11574.0,11574.0,False,False,False,
2023-12-28T01:00:00Z,11411.0,11411.0,False,False,False,
2023-12-28T02:00:00Z,11201.0,11201.0,False,False,False,
2023-12-28T03:00:00Z,10838.0,10838.0,False,False,False,
2023-12-28T04:00:00Z,10315.0,10315.0,False,False,False,
2023-12-28T05:00:00Z,9803.0,9803.0,False,False,False,
2023-12-28T06:00:00Z,9438.0,9438.0,False,False,False,
2023-12-28T07:00:00Z,9224.0,9224.0,False,False,False,
2023-12-28T08:00:00Z,9217.0,9217.0,False,False,False,
2023-12-28T09:00:00Z,9256.0,9256.0,False,False,False,
2023-12-28T10:00:00Z,9531.0,9531.0,False,False,False,
2023-12-28T11:00:00Z,10072.0,10072.0,False,False,False,
2023-12-28T12:00:00Z,10844.0,10844.0,False,False,False,
2023-12-28T13:00:00Z,11565.0,11565.0,False,False,False,
2023-12-28T14:00:00Z,11924.0,11924.0,False,False,False,
2023-12-28T15:00:00Z,11878.0,11878.0,False,False,False,
2023-12-28T16:00:00Z,11562.0,11562.0,False,False,False,
2023-12-28T17:00:00Z,11195.0,11195.0,False,False,False,
2023-12-28T18:00:00Z,10827.0,10827.0,False,False,False,
2023-12-28T19:00:00Z,10576.0,10576.0,False,False,False,
2023-12-28T20:00:00Z,10423.0,10423.0,False,False,False,
2023-12-28T21:00:00Z,10419.0,10419.0,False,False,False,
2023-12-28T22:00:00Z,10773.0,10773.0,False,False,False,
2023-12-28T23:00:00Z,11633.0,11633.0,False,False,False,
2023-12-29T00:00:00Z,12236.0,12236.0,False,False,False,
2023-12-29T01:00:00Z,12305.0,12305.0,False,False,False,
2023-12-29T02:00:00Z,12315.0,12315.0,False,False,False,
2023-12-29T03:00:00Z,12126.0,12126.0,False,False,False,
2023-12-29T04:00:00Z,11753.0,11753.0,False,False,False,
2023-12-29T05:00:00Z,11371.0,11371.0,False,False,False,
2023-12-29T06:00:00Z,11165.0,11165.0,False,False,False,
2023-12-29T07:00:00Z,11144.0,11144.0,False,False,False,
2023-12-29T08:00:00Z,11321.0,11321.0,False,False,False,
2023-12-29T09:00:00Z,11584.0,11584.0,False,False,False,
2023-12-29T10:00:00Z,12053.0,12053.0,False,False,False,
2023-12-29T11:00:00Z,12761.0,12761.0,False,False,False,
2023-12-29T12:00:00Z,13629.0,13629.0,False,False,False,
2023-12-29T13:00:00Z,14309.0,14309.0,False,False,False,
2023-12-29T14:00:00Z,14443.0,14443.0,False,False,False,
2023-12-29T15:00:00Z,13821.0,13821.0,False,False,False,
2023-12-29T16:00:00Z,13205.0,13205.0,False,False,False,
2023-12-29T17:00:00Z,12789.0,12789.0,False,False,False,
2023-12-29T18:00:00Z,12481.0,12481.0,False,False,False,
2023-12-29T19:00:00Z,12378.0,12378.0,False,False,False,
2023-12-29T20:00:00Z,12318.0,12318.0,False,False,False,
2023-12-29T21:00:00Z,12380.0,12380.0,False,False,False,
2023-12-29T22:00:00Z,12674.0,12674.0,False,False,False,
2023-12-29T23:00:00Z,13472.0,13472.0,False,False,False,
2023-12-30T00:00:00Z,13847.0,13847.0,False,False,False,
2023-12-30T01:00:00Z,13792.0,13792.0,False,False,False,
2023-12-30T02:00:00Z,13670.0,13670.0,False,False,False,
2023-12-30T03:00:00Z,13395.0,13395.0,False,False,False,
2023-12-30T04:00:00Z,12962.0,12962.0,False,False,False,
2023-12-30T05:00:00Z,12515.0,12515.0,False,False,False,
2023-12-30T06:00:00Z,12209.0,12209.0,False,False,False,
2023-12-30T07:00:00Z,12027.0,12027.0,False,False,False,
2023-12-30T08:00:00Z,12022.0,12022.0,False,False,False,
2023-12-30T09:00:00Z,12024.0,12024.0,False,False,False,
2023-12-30T10:00:00Z,12202.0,12202.0,False,False,False,
2023-12-30T11:00:00Z,12418.0,12418.0,False,False,False,
2023-12-30T12:00:00Z,12796.0,12796.0,False,False,False,
2023-12-30T13:00:00Z,13196.0,13196.0,False,False,False,
2023-12-30T14:00:00Z,13476.0,13476.0,False,False,False,
2023-12-30T15:00:00Z,13532.0,13532.0,False,False,False,
2023-12-30T16:00:00Z,13197.0,13197.0,False,False,False,
2023-12-30T17:00:00Z,12540.0,12540.0,False,False,False,
2023-12-30T18:00:00Z,11982.0,11982.0,False,False,False,
2023-12-30T19:00:00Z,11620.0,11620.0,False,False,False,
2023-12-30T20:00:00Z,11402.0,11402.0,False,False,False,
2023-12-30T21:00:00Z,11350.0,11350.0,False,False,False,
2023-12-30T22:00:00Z,11615.0,11615.0,False,False,False,
2023-12-30T23:00:00Z,12492.0,12492.0,False,False,False,
2023-12-31T00:00:00Z,13055.0,13055.0,False,False,False,
2023-12-31T01:00:00Z,13185.0,13185.0,False,False,False,
2023-12-31T02:00:00Z,13239.0,13239.0,False,False,False,
2023-12-31T03:00:00Z,13126.0,13126.0,False,False,False,
2023-12-31T04:00:00Z,12896.0,12896.0,False,False,False,
2023-12-31T05:00:00Z,12671.0,12671.0,False,False,False,
2023-12-31T06:00:00Z,12529.0,12529.0,False,False,False,
2023-12-31T07:00:00Z,12602.0,12602.0,False,False,False,
2023-12-31T08:00:00Z,12767.0,12767.0,False,False,False,
2023-12-31T09:00:00Z,12995.0,12995.0,False,False,False,
2023-12-31T10:00:00Z,13380.0,13380.0,False,False,False,
2023-12-31T11:00:00Z,13826.0,13826.0,False,False,False,
2023-12-31T12:00:00Z,14434.0,14434.0,False,False,False,
2023-12-31T13:00:00Z,15052.0,15052.0,False,False,False,
2023-12-31T14:00:00Z,15296.0,15296.0,False,False,False,
2023-12-31T15:00:00Z,14330.0,14330.0,False,False,False,
2023-12-31T16:00:00Z,12922.0,12922.0,False,False,False,
2023-12-31T17:00:00Z,11985.0,11985.0,False,False,False,
2023-12-31T18:00:00Z,11420.0,11420.0,False,False,False,
2023-12-31T19:00:00Z,10984.0,10984.0,False,False,False,
2023-12-31T20:00:00Z,10684.0,10684.0,False,False,False,
2023-12-31T21:00:00Z,10658.0,10658.0,False,False,False,
2023-12-31T22:00:00Z,11063.0,11063.0,False,False,False,
2023-12-31T23:00:00Z,11963.0,11963.0,False,False,False,
