time_utc,load_actual_mw_raw,load_actual_mw_clean,load_clean_flag,load_flag_missing_nonpositive,load_flag_same_hour_7d_median_outlier,load_clean_reason
2023-01-01T00:00:00Z,16623.0,16623.0,False,False,False,
2023-01-01T01:00:00Z,15133.0,15133.0,False,False,False,
2023-01-01T02:00:00Z,14053.0,14053.0,False,False,False,
2023-01-01T03:00:00Z,13123.0,13123.0,False,False,False,
2023-01-01T04:00:00Z,12495.0,12495.0,False,False,False,
2023-01-01T05:00:00Z,11518.0,11518.0,False,False,False,
2023-01-01T06:00:00Z,11606.0,11606.0,False,False,False,
2023-01-01T07:00:00Z,11141.0,11141.0,False,False,False,
2023-01-01T08:00:00Z,10485.0,10485.0,False,False,False,
2023-01-01T09:00:00Z,9905.0,9905.0,False,False,False,
2023-01-01T10:00:00Z,9561.0,9561.0,False,False,False,
2023-01-01T11:00:00Z,9473.0,9473.0,False,False,False,
2023-01-01T12:00:00Z,9695.0,9695.0,False,False,False,
2023-01-01T13:00:00Z,10068.0,10068.0,False,False,False,
2023-01-01T14:00:00Z,11279.0,11279.0,False,False,False,
2023-01-01T15:00:00Z,12816.0,12816.0,False,False,False,
2023-01-01T16:00:00Z,14136.0,14136.0,False,False,False,
2023-01-01T17:00:00Z,15203.0,15203.0,False,False,False,
2023-01-01T18:00:00Z,16197.0,16197.0,False,False,False,
2023-01-01T19:00:00Z,16845.0,16845.0,False,False,False,
2023-01-01T20:00:00Z,17342.0,17342.0,False,False,False,
2023-01-01T21:00:00Z,17411.0,17411.0,False,False,False,
2023-01-01T22:00:00Z,17066.0,17066.0,False,False,False,
2023-01-01T23:00:00Z,16576.0,16576.0,False,False,False,
2023-01-02T00:00:00Z,16564.0,16564.0,False,False,False,
2023-01-02T01:00:00Z,15860.0,15860.0,False,False,False,
2023-01-02T02:00:00Z,14968.0,14968.0,False,False,False,
2023-01-02T03:00:00Z,14150.0,14150.0,False,False,False,
2023-01-02T04:00:00Z,13221.0,13221.0,False,False,False,
2023-01-02T05:00:00Z,11925.0,11925.0,False,False,False,
2023-01-02T06:00:00Z,11102.0,11102.0,False,False,False,
2023-01-02T07:00:00Z,10320.0,10320.0,False,False,False,
2023-01-02T08:00:00Z,9820.0,9820.0,False,False,False,
2023-01-02T09:00:00Z,9544.0,9544.0,False,False,False,
2023-01-02T10:00:00Z,9475.0,9475.0,False,False,False,
2023-01-02T11:00:00Z,9712.0,9712.0,False,False,False,
2023-01-02T12:00:00Z,10162.0,10162.0,False,False,False,
2023-01-02T13:00:00Z,10809.0,10809.0,False,False,False,
2023-01-02T14:00:00Z,12144.0,12144.0,False,False,False,
2023-01-02T15:00:00Z,13701.0,13701.0,False,False,False,
2023-01-02T16:00:00Z,14931.0,14931.0,False,False,False,
2023-01-02T17:00:00Z,15959.0,15959.0,False,False,False,
2023-01-02T18:00:00Z,16734.0,16734.0,False,False,False,
2023-01-02T19:00:00Z,17227.0,17227.0,False,False,False,
2023-01-02T20:00:00Z,17544.0,17544.0,False,False,False,
2023-01-02T21:00:00Z,17612.0,17612.0,False,False,False,
2023-01-02T22:00:00Z,17420.0,17420.0,False,False,False,
2023-01-02T23:00:00Z,17140.0,17140.0,False,False,False,
2023-01-03T00:00:00Z,17322.0,17322.0,False,False,False,
2023-01-03T01:00:00Z,16620.0,16620.0,False,False,False,
2023-01-03T02:00:00Z,15744.0,15744.0,False,False,False,
2023-01-03T03:00:00Z,14823.0,14823.0,False,False,False,
2023-01-03T04:00:00Z,13841.0,13841.0,False,False,False,
2023-01-03T05:00:00Z,12679.0,12679.0,False,False,False,
2023-01-03T06:00:00Z,11524.0,11524.0,False,False,False,
2023-01-03T07:00:00Z,10698.0,10698.0,False,False,False,
2023-01-03T08:00:00Z,10208.0,10208.0,False,False,False,
2023-01-03T09:00:00Z,9964.0,9964.0,False,False,False,
2023-01-03T10:00:00Z,9943.0,9943.0,False,False,False,
2023-01-03T11:00:00Z,10403.0,10403.0,False,False,False,
2023-01-03T12:00:00Z,11274.0,11274.0,False,False,False,
2023-01-03T13:00:00Z,12170.0,12170.0,False,False,False,
2023-01-03T14:00:00Z,13324.0,13324.0,False,False,False,
2023-01-03T15:00:00Z,14506.0,14506.0,False,False,False,
2023-01-03T16:00:00Z,15557.0,15557.0,False,False,False,
2023-01-03T17:00:00Z,16399.0,16399.0,False,False,False,
2023-01-03T18:00:00Z,17163.0,17163.0,False,False,False,
2023-01-03T19:00:00Z,17642.0,17642.0,False,False,False,
2023-01-03T20:00:00Z,17964.0,17964.0,False,False,False,
2023-01-03T21:00:00Z,18041.0,18041.0,False,False,False,
2023-01-03T22:00:00Z,17897.0,17897.0,False,False,False,
2023-01-03T23:00:00Z,17653.0,17653.0,False,False,False,
2023-01-04T00:00:00Z,17953.0,17953.0,False,False,False,
2023-01-04T01:00:00Z,17352.0,17352.0,False,False,False,
2023-01-04T02:00:00Z,16468.0,16468.0,False,False,False,
2023-01-04T03:00:00Z,15530.0,15530.0,False,False,False,
2023-01-04T04:00:00Z,14463.0,14463.0,False,False,False,
2023-01-04T05:00:00Z,13193.0,13193.0,False,False,False,
2023-01-04T06:00:00Z,12044.0,12044.0,False,False,False,
2023-01-04T07:00:00Z,11215.0,11215.0,False,False,False,
2023-01-04T08:00:00Z,10619.0,10619.0,False,False,False,
2023-01-04T09:00:00Z,10364.0,10364.0,False,False,False,
2023-01-04T10:00:00Z,10351.0,10351.0,False,False,False,
2023-01-04T11:00:00Z,10813.0,10813.0,False,False,False,
2023-01-04T12:00:00Z,11742.0,11742.0,False,False,False,
2023-01-04T13:00:00Z,12569.0,12569.0,False,False,False,
2023-01-04T14:00:00Z,13721.0,13721.0,False,False,False,
2023-01-04T15:00:00Z,14998.0,14998.0,False,False,False,
2023-01-04T16:00:00Z,16014.0,16014.0,False,False,False,
2023-01-04T17:00:00Z,16937.0,16937.0,False,False,False,
2023-01-04T18:00:00Z,17719.0,17719.0,False,False,False,
2023-01-04T19:00:00Z,18222.0,18222.0,False,False,False,
2023-01-04T20:00:00Z,18585.0,18585.0,False,False,False,
2023-01-04T21:00:00Z,18769.0,18769.0,False,False,False,
2023-01-04T22:00:00Z,18585.0,18585.0,False,False,False,
2023-01-04T23:00:00Z,18195.0,18195.0,False,False,False,
2023-01-05T00:00:00Z,18301.0,18301.0,False,False,False,
2023-01-05T01:00:00Z,17609.0,17609.0,False,False,False,
2023-01-05T02:00:00Z,16656.0,16656.0,False,False,False,
2023-01-05T03:00:00Z,15681.0,15681.0,False,False,False,
2023-01-05T04:00:00Z,14531.0,14531.0,False,False,False,
2023-01-05T05:00:00Z,13232.0,13232.0,False,False,False,
2023-01-05T06:00:00Z,11943.0,11943.0,False,False,False,
2023-01-05T07:00:00Z,11069.0,11069.0,False,False,False,
2023-01-05T08:00:00Z,10505.0,10505.0,False,False,False,
2023-01-05T09:00:00Z,10185.0,10185.0,False,False,False,
2023-01-05T10:00:00Z,10165.0,10165.0,False,False,False,
2023-01-05T11:00:00Z,10624.0,10624.0,False,False,False,
2023-01-05T12:00:00Z,11549.0,11549.0,False,False,False,
2023-01-05T13:00:00Z,12389.0,12389.0,False,False,False,
2023-01-05T14:00:00Z,13545.0,13545.0,False,False,False,
2023-01-05T15:00:00Z,14720.0,14720.0,False,False,False,
2023-01-05T16:00:00Z,15659.0,15659.0,False,False,False,
2023-01-05T17:00:00Z,16511.0,16511.0,False,False,False,
2023-01-05T18:00:00Z,17135.0,17135.0,False,False,False,
2023-01-05T19:00:00Z,17565.0,17565.0,False,False,False,
2023-01-05T20:00:00Z,17605.0,17605.0,False,False,False,
2023-01-05T21:00:00Z,17500.0,17500.0,False,False,False,
2023-01-05T22:00:00Z,17177.0,17177.0,False,False,False,
2023-01-05T23:00:00Z,17010.0,17010.0,False,False,False,
2023-01-06T00:00:00Z,17294.0,17294.0,False,False,False,
2023-01-06T01:00:00Z,16683.0,16683.0,False,False,False,
2023-01-06T02:00:00Z,15830.0,15830.0,False,False,False,
2023-01-06T03:00:00Z,14848.0,14848.0,False,False,False,
2023-01-06T04:00:00Z,13743.0,13743.0,False,False,False,
2023-01-06T05:00:00Z,12409.0,12409.0,False,False,False,
2023-01-06T06:00:00Z,11221.0,11221.0,False,False,False,
2023-01-06T07:00:00Z,10362.0,10362.0,False,False,False,
2023-01-06T08:00:00Z,9847.0,9847.0,False,False,False,
2023-01-06T09:00:00Z,9572.0,9572.0,False,False,False,
2023-01-06T10:00:00Z,9570.0,9570.0,False,False,False,
2023-01-06T11:00:00Z,10061.0,10061.0,False,False,False,
2023-01-06T12:00:00Z,11040.0,11040.0,False,False,False,
2023-01-06T13:00:00Z,11986.0,11986.0,False,False,False,
2023-01-06T14:00:00Z,12918.0,12918.0,False,False,False,
2023-01-06T15:00:00Z,13471.0,13471.0,False,False,False,
2023-01-06T16:00:00Z,13812.0,13812.0,False,False,False,
2023-01-06T17:00:00Z,14017.0,14017.0,False,False,False,
2023-01-06T18:00:00Z,14219.0,14219.0,False,False,False,
2023-01-06T19:00:00Z,14444.0,14444.0,False,False,False,
2023-01-06T20:00:00Z,14622.0,14622.0,False,False,False,
2023-01-06T21:00:00Z,14770.0,14770.0,False,False,False,
2023-01-06T22:00:00Z,14758.0,14758.0,False,False,False,
2023-01-06T23:00:00Z,14612.0,14612.0,False,False,False,
2023-01-07T00:00:00Z,14856.0,14856.0,False,False,False,
2023-01-07T01:00:00Z,14394.0,14394.0,False,False,False,
2023-01-07T02:00:00Z,13744.0,13744.0,False,False,False,
2023-01-07T03:00:00Z,13144.0,13144.0,False,False,False,
2023-01-07T04:00:00Z,12347.0,12347.0,False,False,False,
2023-01-07T05:00:00Z,11438.0,11438.0,False,False,False,
2023-01-07T06:00:00Z,10781.0,10781.0,False,False,False,
2023-01-07T07:00:00Z,10209.0,10209.0,False,False,False,
2023-01-07T08:00:00Z,9944.0,9944.0,False,False,False,
2023-01-07T09:00:00Z,9907.0,9907.0,False,False,False,
2023-01-07T10:00:00Z,9996.0,9996.0,False,False,False,
2023-01-07T11:00:00Z,10355.0,10355.0,False,False,False,
2023-01-07T12:00:00Z,11072.0,11072.0,False,False,False,
2023-01-07T13:00:00Z,12091.0,12091.0,False,False,False,
2023-01-07T14:00:00Z,13226.0,13226.0,False,False,False,
2023-01-07T15:00:00Z,13762.0,13762.0,False,False,False,
2023-01-07T16:00:00Z,13964.0,13964.0,False,False,False,
2023-01-07T17:00:00Z,14017.0,14017.0,False,False,False,
2023-01-07T18:00:00Z,14101.0,14101.0,False,False,False,
2023-01-07T19:00:00Z,14204.0,14204.0,False,False,False,
2023-01-07T20:00:00Z,14372.0,14372.0,False,False,False,
2023-01-07T21:00:00Z,14495.0,14495.0,False,False,False,
2023-01-07T22:00:00Z,14513.0,14513.0,False,False,False,
2023-01-07T23:00:00Z,14460.0,14460.0,False,False,False,
2023-01-08T00:00:00Z,14824.0,14824.0,False,False,False,
2023-01-08T01:00:00Z,14375.0,14375.0,False,False,False,
2023-01-08T02:00:00Z,13778.0,13778.0,False,False,False,
2023-01-08T03:00:00Z,13180.0,13180.0,False,False,False,
2023-01-08T04:00:00Z,12511.0,12511.0,False,False,False,
2023-01-08T05:00:00Z,11535.0,11535.0,False,False,False,
2023-01-08T06:00:00Z,11022.0,11022.0,False,False,False,
2023-01-08T07:00:00Z,10442.0,10442.0,False,False,False,
2023-01-08T08:00:00Z,10082.0,10082.0,False,False,False,
2023-01-08T09:00:00Z,9909.0,9909.0,False,False,False,
2023-01-08T10:00:00Z,9894.0,9894.0,False,False,False,
2023-01-08T11:00:00Z,10095.0,10095.0,False,False,False,
2023-01-08T12:00:00Z,10597.0,10597.0,False,False,False,
2023-01-08T13:00:00Z,11370.0,11370.0,False,False,False,
2023-01-08T14:00:00Z,12544.0,12544.0,False,False,False,
2023-01-08T15:00:00Z,13318.0,13318.0,False,False,False,
2023-01-08T16:00:00Z,13748.0,13748.0,False,False,False,
2023-01-08T17:00:00Z,14121.0,14121.0,False,False,False,
2023-01-08T18:00:00Z,14480.0,14480.0,False,False,False,
2023-01-08T19:00:00Z,14723.0,14723.0,False,False,False,
2023-01-08T20:00:00Z,14984.0,14984.0,False,False,False,
2023-01-08T21:00:00Z,15154.0,15154.0,False,False,False,
2023-01-08T22:00:00Z,15286.0,15286.0,False,False,False,
2023-01-08T23:00:00Z,15299.0,15299.0,False,False,False,
2023-01-09T00:00:00Z,15719.0,15719.0,False,False,False,
2023-01-09T01:00:00Z,15276.0,15276.0,False,False,False,
2023-01-09T02:00:00Z,14519.0,14519.0,False,False,False,
2023-01-09T03:00:00Z,13671.0,13671.0,False,False,False,
2023-01-09T04:00:00Z,12557.0,12557.0,False,False,False,
2023-01-09T05:00:00Z,11368.0,11368.0,False,False,False,
2023-01-09T06:00:00Z,10319.0,10319.0,False,False,False,
2023-01-09T07:00:00Z,9705.0,9705.0,False,False,False,
2023-01-09T08:00:00Z,9394.0,9394.0,False,False,False,
2023-01-09T09:00:00Z,9312.0,9312.0,False,False,False,
2023-01-09T10:00:00Z,9468.0,9468.0,False,False,False,
2023-01-09T11:00:00Z,10194.0,10194.0,False,False,False,
2023-01-09T12:00:00Z,11521.0,11521.0,False,False,False,
2023-01-09T13:00:00Z,12495.0,12495.0,False,False,False,
2023-01-09T14:00:00Z,13218.0,13218.0,False,False,False,
2023-01-09T15:00:00Z,13756.0,13756.0,False,False,False,
2023-01-09T16:00:00Z,14186.0,14186.0,False,False,False,
2023-01-09T17:00:00Z,14560.0,14560.0,False,False,False,
2023-01-09T18:00:00Z,14927.0,14927.0,False,False,False,
2023-01-09T19:00:00Z,15259.0,15259.0,False,False,False,
2023-01-09T20:00:00Z,15572.0,15572.0,False,False,False,
2023-01-09T21:00:00Z,15888.0,15888.0,False,False,False,
2023-01-09T22:00:00Z,15969.0,15969.0,False,False,False,
2023-01-09T23:00:00Z,15897.0,15897.0,False,False,False,
2023-01-10T00:00:00Z,16218.0,16218.0,False,False,False,
2023-01-10T01:00:00Z,15847.0,15847.0,False,False,False,
2023-01-10T02:00:00Z,15000.0,15000.0,False,False,False,
2023-01-10T03:00:00Z,14008.0,14008.0,False,False,False,
2023-01-10T04:00:00Z,12890.0,12890.0,False,False,False,
2023-01-10T05:00:00Z,11574.0,11574.0,False,False,False,
2023-01-10T06:00:00Z,10580.0,10580.0,False,False,False,
2023-01-10T07:00:00Z,9958.0,9958.0,False,False,False,
2023-01-10T08:00:00Z,9634.0,9634.0,False,False,False,
2023-01-10T09:00:00Z,9532.0,9532.0,False,False,False,
2023-01-10T10:00:00Z,9692.0,9692.0,False,False,False,
2023-01-10T11:00:00Z,10529.0,10529.0,False,False,False,
2023-01-10T12:00:00Z,11942.0,11942.0,False,False,False,
2023-01-10T13:00:00Z,12889.0,12889.0,False,False,False,
2023-01-10T14:00:00Z,13666.0,13666.0,False,False,False,
2023-01-10T15:00:00Z,13872.0,13872.0,False,False,False,
2023-01-10T16:00:00Z,14063.0,14063.0,False,False,False,
2023-01-10T17:00:00Z,14194.0,14194.0,False,False,False,
2023-01-10T18:00:00Z,14373.0,14373.0,False,False,False,
2023-01-10T19:00:00Z,14567.0,14567.0,False,False,False,
2023-01-10T20:00:00Z,14703.0,14703.0,False,False,False,
2023-01-10T21:00:00Z,14963.0,14963.0,False,False,False,
2023-01-10T22:00:00Z,15133.0,15133.0,False,False,False,
2023-01-10T23:00:00Z,15197.0,15197.0,False,False,False,
2023-01-11T00:00:00Z,15602.0,15602.0,False,False,False,
2023-01-11T01:00:00Z,15375.0,15375.0,False,False,False,
2023-01-11T02:00:00Z,14676.0,14676.0,False,False,False,
2023-01-11T03:00:00Z,13772.0,13772.0,False,False,False,
2023-01-11T04:00:00Z,12663.0,12663.0,False,False,False,
2023-01-11T05:00:00Z,11405.0,11405.0,False,False,False,
2023-01-11T06:00:00Z,10532.0,10532.0,False,False,False,
2023-01-11T07:00:00Z,10007.0,10007.0,False,False,False,
2023-01-11T08:00:00Z,9809.0,9809.0,False,False,False,
2023-01-11T09:00:00Z,9800.0,9800.0,False,False,False,
2023-01-11T10:00:00Z,10063.0,10063.0,False,False,False,
2023-01-11T11:00:00Z,10944.0,10944.0,False,False,False,
2023-01-11T12:00:00Z,12579.0,12579.0,False,False,False,
2023-01-11T13:00:00Z,13822.0,13822.0,False,False,False,
2023-01-11T14:00:00Z,14196.0,14196.0,False,False,False,
2023-01-11T15:00:00Z,14088.0,14088.0,False,False,False,
2023-01-11T16:00:00Z,13840.0,13840.0,False,False,False,
2023-01-11T17:00:00Z,13641.0,13641.0,False,False,False,
2023-01-11T18:00:00Z,13663.0,13663.0,False,False,False,
2023-01-11T19:00:00Z,13812.0,13812.0,False,False,False,
2023-01-11T20:00:00Z,13940.0,13940.0,False,False,False,
2023-01-11T21:00:00Z,14104.0,14104.0,False,False,False,
2023-01-11T22:00:00Z,14485.0,14485.0,False,False,False,
2023-01-11T23:00:00Z,14665.0,14665.0,False,False,False,
2023-01-12T00:00:00Z,15265.0,15265.0,False,False,False,
2023-01-12T01:00:00Z,15002.0,15002.0,False,False,False,
2023-01-12T02:00:00Z,14419.0,14419.0,False,False,False,
2023-01-12T03:00:00Z,13606.0,13606.0,False,False,False,
2023-01-12T04:00:00Z,12476.0,12476.0,False,False,False,
2023-01-12T05:00:00Z,11336.0,11336.0,False,False,False,
2023-01-12T06:00:00Z,10322.0,10322.0,False,False,False,
2023-01-12T07:00:00Z,9800.0,9800.0,False,False,False,
2023-01-12T08:00:00Z,9591.0,9591.0,False,False,False,
2023-01-12T09:00:00Z,9555.0,9555.0,False,False,False,
2023-01-12T10:00:00Z,9841.0,9841.0,False,False,False,
2023-01-12T11:00:00Z,10734.0,10734.0,False,False,False,
2023-01-12T12:00:00Z,12261.0,12261.0,False,False,False,
2023-01-12T13:00:00Z,13395.0,13395.0,False,False,False,
2023-01-12T14:00:00Z,13812.0,13812.0,False,False,False,
2023-01-12T15:00:00Z,13847.0,13847.0,False,False,False,
2023-01-12T16:00:00Z,13926.0,13926.0,False,False,False,
2023-01-12T17:00:00Z,14007.0,14007.0,False,False,False,
2023-01-12T18:00:00Z,14219.0,14219.0,False,False,False,
2023-01-12T19:00:00Z,14498.0,14498.0,False,False,False,
2023-01-12T20:00:00Z,14637.0,14637.0,False,False,False,
2023-01-12T21:00:00Z,15029.0,15029.0,False,False,False,
2023-01-12T22:00:00Z,15218.0,15218.0,False,False,False,
2023-01-12T23:00:00Z,15236.0,15236.0,False,False,False,
2023-01-13T00:00:00Z,15702.0,15702.0,False,False,False,
2023-01-13T01:00:00Z,15290.0,15290.0,False,False,False,
2023-01-13T02:00:00Z,14556.0,14556.0,False,False,False,
2023-01-13T03:00:00Z,13622.0,13622.0,False,False,False,
2023-01-13T04:00:00Z,12459.0,12459.0,False,False,False,
2023-01-13T05:00:00Z,11238.0,11238.0,False,False,False,
2023-01-13T06:00:00Z,10108.0,10108.0,False,False,False,
2023-01-13T07:00:00Z,9462.0,9462.0,False,False,False,
2023-01-13T08:00:00Z,9124.0,9124.0,False,False,False,
2023-01-13T09:00:00Z,9017.0,9017.0,False,False,False,
2023-01-13T10:00:00Z,9137.0,9137.0,False,False,False,
2023-01-13T11:00:00Z,9809.0,9809.0,False,False,False,
2023-01-13T12:00:00Z,11137.0,11137.0,False,False,False,
2023-01-13T13:00:00Z,12231.0,12231.0,False,False,False,
2023-01-13T14:00:00Z,13218.0,13218.0,False,False,False,
2023-01-13T15:00:00Z,13963.0,13963.0,False,False,False,
2023-01-13T16:00:00Z,14537.0,14537.0,False,False,False,
2023-01-13T17:00:00Z,14659.0,14659.0,False,False,False,
2023-01-13T18:00:00Z,14787.0,14787.0,False,False,False,
2023-01-13T19:00:00Z,14702.0,14702.0,False,False,False,
2023-01-13T20:00:00Z,14282.0,14282.0,False,False,False,
2023-01-13T21:00:00Z,14115.0,14115.0,False,False,False,
2023-01-13T22:00:00Z,14202.0,14202.0,False,False,False,
2023-01-13T23:00:00Z,14445.0,14445.0,False,False,False,
2023-01-14T00:00:00Z,15071.0,15071.0,False,False,False,
2023-01-14T01:00:00Z,14855.0,14855.0,False,False,False,
2023-01-14T02:00:00Z,14291.0,14291.0,False,False,False,
2023-01-14T03:00:00Z,13790.0,13790.0,False,False,False,
2023-01-14T04:00:00Z,13144.0,13144.0,False,False,False,
2023-01-14T05:00:00Z,12206.0,12206.0,False,False,False,
2023-01-14T06:00:00Z,11724.0,11724.0,False,False,False,
2023-01-14T07:00:00Z,11385.0,11385.0,False,False,False,
2023-01-14T08:00:00Z,11299.0,11299.0,False,False,False,
2023-01-14T09:00:00Z,11422.0,11422.0,False,False,False,
2023-01-14T10:00:00Z,11747.0,11747.0,False,False,False,
2023-01-14T11:00:00Z,12385.0,12385.0,False,False,False,
2023-01-14T12:00:00Z,13427.0,13427.0,False,False,False,
2023-01-14T13:00:00Z,14887.0,14887.0,False,False,False,
2023-01-14T14:00:00Z,16254.0,16254.0,False,False,False,
2023-01-14T15:00:00Z,16690.0,16690.0,False,False,False,
2023-01-14T16:00:00Z,16445.0,16445.0,False,False,False,
2023-01-14T17:00:00Z,15926.0,15926.0,False,False,False,
2023-01-14T18:00:00Z,15309.0,15309.0,False,False,False,
2023-01-14T19:00:00Z,14648.0,14648.0,False,False,False,
2023-01-14T20:00:00Z,14158.0,14158.0,False,False,False,
2023-01-14T21:00:00Z,13950.0,13950.0,False,False,False,
2023-01-14T22:00:00Z,14187.0,14187.0,False,False,False,
2023-01-14T23:00:00Z,15095.0,15095.0,False,False,False,
2023-01-15T00:00:00Z,16415.0,16415.0,False,False,False,
2023-01-15T01:00:00Z,16546.0,16546.0,False,False,False,
2023-01-15T02:00:00Z,16417.0,16417.0,False,False,False,
2023-01-15T03:00:00Z,16165.0,16165.0,False,False,False,
2023-01-15T04:00:00Z,15736.0,15736.0,False,False,False,
2023-01-15T05:00:00Z,15241.0,15241.0,False,False,False,
2023-01-15T06:00:00Z,14842.0,14842.0,False,False,False,
2023-01-15T07:00:00Z,14660.0,14660.0,False,False,False,
2023-01-15T08:00:00Z,14735.0,14735.0,False,False,False,
2023-01-15T09:00:00Z,14976.0,14976.0,False,False,False,
2023-01-15T10:00:00Z,15361.0,15361.0,False,False,False,
2023-01-15T11:00:00Z,16088.0,16088.0,False,False,False,
2023-01-15T12:00:00Z,17136.0,17136.0,False,False,False,
2023-01-15T13:00:00Z,18490.0,18490.0,False,False,False,
2023-01-15T14:00:00Z,19318.0,19318.0,False,False,False,
2023-01-15T15:00:00Z,19105.0,19105.0,False,False,False,
2023-01-15T16:00:00Z,18047.0,18047.0,False,False,False,
2023-01-15T17:00:00Z,16736.0,16736.0,False,False,False,
2023-01-15T18:00:00Z,15591.0,15591.0,False,False,False,
2023-01-15T19:00:00Z,14617.0,14617.0,False,False,False,
2023-01-15T20:00:00Z,13847.0,13847.0,False,False,False,
2023-01-15T21:00:00Z,13561.0,13561.0,False,False,False,
2023-01-15T22:00:00Z,13589.0,13589.0,False,False,False,
2023-01-15T23:00:00Z,14525.0,14525.0,False,False,False,
2023-01-16T00:00:00Z,15844.0,15844.0,False,False,False,
2023-01-16T01:00:00Z,16119.0,16119.0,False,False,False,
2023-01-16T02:00:00Z,16171.0,16171.0,False,False,False,
2023-01-16T03:00:00Z,15954.0,15954.0,False,False,False,
2023-01-16T04:00:00Z,15442.0,15442.0,False,False,False,
2023-01-16T05:00:00Z,14932.0,14932.0,False,False,False,
2023-01-16T06:00:00Z,14633.0,14633.0,False,False,False,
2023-01-16T07:00:00Z,14608.0,14608.0,False,False,False,
2023-01-16T08:00:00Z,14756.0,14756.0,False,False,False,
2023-01-16T09:00:00Z,15107.0,15107.0,False,False,False,
2023-01-16T10:00:00Z,15666.0,15666.0,False,False,False,
2023-01-16T11:00:00Z,16707.0,16707.0,False,False,False,
2023-01-16T12:00:00Z,18132.0,18132.0,False,False,False,
2023-01-16T13:00:00Z,19589.0,19589.0,False,False,False,
2023-01-16T14:00:00Z,19747.0,19747.0,False,False,False,
2023-01-16T15:00:00Z,18582.0,18582.0,False,False,False,
2023-01-16T16:00:00Z,17071.0,17071.0,False,False,False,
2023-01-16T17:00:00Z,15630.0,15630.0,False,False,False,
2023-01-16T18:00:00Z,14626.0,14626.0,False,False,False,
2023-01-16T19:00:00Z,13968.0,13968.0,False,False,False,
2023-01-16T20:00:00Z,13518.0,13518.0,False,False,False,
2023-01-16T21:00:00Z,13424.0,13424.0,False,False,False,
2023-01-16T22:00:00Z,13594.0,13594.0,False,False,False,
2023-01-16T23:00:00Z,14194.0,14194.0,False,False,False,
2023-01-17T00:00:00Z,15378.0,15378.0,False,False,False,
2023-01-17T01:00:00Z,15446.0,15446.0,False,False,False,
2023-01-17T02:00:00Z,14968.0,14968.0,False,False,False,
2023-01-17T03:00:00Z,14286.0,14286.0,False,False,False,
2023-01-17T04:00:00Z,13342.0,13342.0,False,False,False,
2023-01-17T05:00:00Z,12735.0,12735.0,False,False,False,
2023-01-17T06:00:00Z,11862.0,11862.0,False,False,False,
2023-01-17T07:00:00Z,11641.0,11641.0,False,False,False,
2023-01-17T08:00:00Z,11678.0,11678.0,False,False,False,
2023-01-17T09:00:00Z,11870.0,11870.0,False,False,False,
2023-01-17T10:00:00Z,12355.0,12355.0,False,False,False,
2023-01-17T11:00:00Z,13594.0,13594.0,False,False,False,
2023-01-17T12:00:00Z,15369.0,15369.0,False,False,False,
2023-01-17T13:00:00Z,16725.0,16725.0,False,False,False,
2023-01-17T14:00:00Z,16321.0,16321.0,False,False,False,
2023-01-17T15:00:00Z,15234.0,15234.0,False,False,False,
2023-01-17T16:00:00Z,14257.0,14257.0,False,False,False,
2023-01-17T17:00:00Z,13635.0,13635.0,False,False,False,
2023-01-17T18:00:00Z,13313.0,13313.0,False,False,False,
2023-01-17T19:00:00Z,13211.0,13211.0,False,False,False,
2023-01-17T20:00:00Z,13162.0,13162.0,False,False,False,
2023-01-17T21:00:00Z,13252.0,13252.0,False,False,False,
2023-01-17T22:00:00Z,13522.0,13522.0,False,False,False,
2023-01-17T23:00:00Z,13943.0,13943.0,False,False,False,
2023-01-18T00:00:00Z,14766.0,14766.0,False,False,False,
2023-01-18T01:00:00Z,14628.0,14628.0,False,False,False,
2023-01-18T02:00:00Z,13947.0,13947.0,False,False,False,
2023-01-18T03:00:00Z,13043.0,13043.0,False,False,False,
2023-01-18T04:00:00Z,11971.0,11971.0,False,False,False,
2023-01-18T05:00:00Z,11038.0,11038.0,False,False,False,
2023-01-18T06:00:00Z,10109.0,10109.0,False,False,False,
2023-01-18T07:00:00Z,9661.0,9661.0,False,False,False,
2023-01-18T08:00:00Z,9402.0,9402.0,False,False,False,
2023-01-18T09:00:00Z,9339.0,9339.0,False,False,False,
2023-01-18T10:00:00Z,9659.0,9659.0,False,False,False,
2023-01-18T11:00:00Z,10592.0,10592.0,False,False,False,
2023-01-18T12:00:00Z,12288.0,12288.0,False,False,False,
2023-01-18T13:00:00Z,13393.0,13393.0,False,False,False,
2023-01-18T14:00:00Z,13616.0,13616.0,False,False,False,
2023-01-18T15:00:00Z,13418.0,13418.0,False,False,False,
2023-01-18T16:00:00Z,13319.0,13319.0,False,False,False,
2023-01-18T17:00:00Z,13375.0,13375.0,False,False,False,
2023-01-18T18:00:00Z,13489.0,13489.0,False,False,False,
2023-01-18T19:00:00Z,13696.0,13696.0,False,False,False,
2023-01-18T20:00:00Z,13922.0,13922.0,False,False,False,
2023-01-18T21:00:00Z,14204.0,14204.0,False,False,False,
2023-01-18T22:00:00Z,14430.0,14430.0,False,False,False,
2023-01-18T23:00:00Z,14597.0,14597.0,False,False,False,
2023-01-19T00:00:00Z,15250.0,15250.0,False,False,False,
2023-01-19T01:00:00Z,15012.0,15012.0,False,False,False,
2023-01-19T02:00:00Z,14280.0,14280.0,False,False,False,
2023-01-19T03:00:00Z,13376.0,13376.0,False,False,False,
2023-01-19T04:00:00Z,12272.0,12272.0,False,False,False,
2023-01-19T05:00:00Z,11028.0,11028.0,False,False,False,
2023-01-19T06:00:00Z,10028.0,10028.0,False,False,False,
2023-01-19T07:00:00Z,9394.0,9394.0,False,False,False,
2023-01-19T08:00:00Z,9062.0,9062.0,False,False,False,
2023-01-19T09:00:00Z,8932.0,8932.0,False,False,False,
2023-01-19T10:00:00Z,9042.0,9042.0,False,False,False,
2023-01-19T11:00:00Z,9834.0,9834.0,False,False,False,
2023-01-19T12:00:00Z,11278.0,11278.0,False,False,False,
2023-01-19T13:00:00Z,12262.0,12262.0,False,False,False,
2023-01-19T14:00:00Z,12825.0,12825.0,False,False,False,
2023-01-19T15:00:00Z,13284.0,13284.0,False,False,False,
2023-01-19T16:00:00Z,13685.0,13685.0,False,False,False,
2023-01-19T17:00:00Z,14069.0,14069.0,False,False,False,
2023-01-19T18:00:00Z,14560.0,14560.0,False,False,False,
2023-01-19T19:00:00Z,15038.0,15038.0,False,False,False,
2023-01-19T20:00:00Z,15503.0,15503.0,False,False,False,
2023-01-19T21:00:00Z,15804.0,15804.0,False,False,False,
2023-01-19T22:00:00Z,15876.0,15876.0,False,False,False,
2023-01-19T23:00:00Z,15834.0,15834.0,False,False,False,
2023-01-20T00:00:00Z,16262.0,16262.0,False,False,False,
2023-01-20T01:00:00Z,15918.0,15918.0,False,False,False,
2023-01-20T02:00:00Z,15126.0,15126.0,False,False,False,
2023-01-20T03:00:00Z,14188.0,14188.0,False,False,False,
2023-01-20T04:00:00Z,13044.0,13044.0,False,False,False,
2023-01-20T05:00:00Z,11725.0,11725.0,False,False,False,
2023-01-20T06:00:00Z,10537.0,10537.0,False,False,False,
2023-01-20T07:00:00Z,9735.0,9735.0,False,False,False,
2023-01-20T08:00:00Z,9307.0,9307.0,False,False,False,
2023-01-20T09:00:00Z,9109.0,9109.0,False,False,False,
2023-01-20T10:00:00Z,9179.0,9179.0,False,False,False,
2023-01-20T11:00:00Z,9869.0,9869.0,False,False,False,
2023-01-20T12:00:00Z,11191.0,11191.0,False,False,False,
2023-01-20T13:00:00Z,12184.0,12184.0,False,False,False,
2023-01-20T14:00:00Z,13033.0,13033.0,False,False,False,
2023-01-20T15:00:00Z,13823.0,13823.0,False,False,False,
2023-01-20T16:00:00Z,14457.0,14457.0,False,False,False,
2023-01-20T17:00:00Z,14924.0,14924.0,False,False,False,
2023-01-20T18:00:00Z,15317.0,15317.0,False,False,False,
2023-01-20T19:00:00Z,15614.0,15614.0,False,False,False,
2023-01-20T20:00:00Z,15759.0,15759.0,False,False,False,
2023-01-20T21:00:00Z,15831.0,15831.0,False,False,False,
2023-01-20T22:00:00Z,15833.0,15833.0,False,False,False,
2023-01-20T23:00:00Z,15694.0,15694.0,False,False,False,
2023-01-21T00:00:00Z,15962.0,15962.0,False,False,False,
2023-01-21T01:00:00Z,15402.0,15402.0,False,False,False,
2023-01-21T02:00:00Z,14606.0,14606.0,False,False,False,
2023-01-21T03:00:00Z,13785.0,13785.0,False,False,False,
2023-01-21T04:00:00Z,12965.0,12965.0,False,False,False,
2023-01-21T05:00:00Z,11949.0,11949.0,False,False,False,
2023-01-21T06:00:00Z,10965.0,10965.0,False,False,False,
2023-01-21T07:00:00Z,10258.0,10258.0,False,False,False,
2023-01-21T08:00:00Z,9775.0,9775.0,False,False,False,
2023-01-21T09:00:00Z,9488.0,9488.0,False,False,False,
2023-01-21T10:00:00Z,9396.0,9396.0,False,False,False,
2023-01-21T11:00:00Z,9619.0,9619.0,False,False,False,
2023-01-21T12:00:00Z,10112.0,10112.0,False,False,False,
2023-01-21T13:00:00Z,10915.0,10915.0,False,False,False,
2023-01-21T14:00:00Z,12243.0,12243.0,False,False,False,
2023-01-21T15:00:00Z,13558.0,13558.0,False,False,False,
2023-01-21T16:00:00Z,14484.0,14484.0,False,False,False,
2023-01-21T17:00:00Z,15031.0,15031.0,False,False,False,
2023-01-21T18:00:00Z,15574.0,15574.0,False,False,False,
2023-01-21T19:00:00Z,15930.0,15930.0,False,False,False,
2023-01-21T20:00:00Z,16126.0,16126.0,False,False,False,
2023-01-21T21:00:00Z,16201.0,16201.0,False,False,False,
2023-01-21T22:00:00Z,16088.0,16088.0,False,False,False,
2023-01-21T23:00:00Z,15737.0,15737.0,False,False,False,
2023-01-22T00:00:00Z,15873.0,15873.0,False,False,False,
2023-01-22T01:00:00Z,15315.0,15315.0,False,False,False,
2023-01-22T02:00:00Z,14597.0,14597.0,False,False,False,
2023-01-22T03:00:00Z,13774.0,13774.0,False,False,False,
2023-01-22T04:00:00Z,12942.0,12942.0,False,False,False,
2023-01-22T05:00:00Z,11975.0,11975.0,False,False,False,
2023-01-22T06:00:00Z,11026.0,11026.0,False,False,False,
2023-01-22T07:00:00Z,10316.0,10316.0,False,False,False,
2023-01-22T08:00:00Z,9873.0,9873.0,False,False,False,
2023-01-22T09:00:00Z,9605.0,9605.0,False,False,False,
2023-01-22T10:00:00Z,9380.0,9380.0,False,False,False,
2023-01-22T11:00:00Z,9609.0,9609.0,False,False,False,
2023-01-22T12:00:00Z,10012.0,10012.0,False,False,False,
2023-01-22T13:00:00Z,10700.0,10700.0,False,False,False,
2023-01-22T14:00:00Z,12198.0,12198.0,False,False,False,
2023-01-22T15:00:00Z,13695.0,13695.0,False,False,False,
2023-01-22T16:00:00Z,14767.0,14767.0,False,False,False,
2023-01-22T17:00:00Z,15572.0,15572.0,False,False,False,
2023-01-22T18:00:00Z,16172.0,16172.0,False,False,False,
2023-01-22T19:00:00Z,16586.0,16586.0,False,False,False,
2023-01-22T20:00:00Z,16800.0,16800.0,False,False,False,
2023-01-22T21:00:00Z,16930.0,16930.0,False,False,False,
2023-01-22T22:00:00Z,16883.0,16883.0,False,False,False,
2023-01-22T23:00:00Z,16592.0,16592.0,False,False,False,
2023-01-23T00:00:00Z,16752.0,16752.0,False,False,False,
2023-01-23T01:00:00Z,16332.0,16332.0,False,False,False,
2023-01-23T02:00:00Z,15565.0,15565.0,False,False,False,
2023-01-23T03:00:00Z,14568.0,14568.0,False,False,False,
2023-01-23T04:00:00Z,13467.0,13467.0,False,False,False,
2023-01-23T05:00:00Z,12132.0,12132.0,False,False,False,
2023-01-23T06:00:00Z,11052.0,11052.0,False,False,False,
2023-01-23T07:00:00Z,10385.0,10385.0,False,False,False,
2023-01-23T08:00:00Z,10002.0,10002.0,False,False,False,
2023-01-23T09:00:00Z,9828.0,9828.0,False,False,False,
2023-01-23T10:00:00Z,9981.0,9981.0,False,False,False,
2023-01-23T11:00:00Z,10647.0,10647.0,False,False,False,
2023-01-23T12:00:00Z,11904.0,11904.0,False,False,False,
2023-01-23T13:00:00Z,12921.0,12921.0,False,False,False,
2023-01-23T14:00:00Z,14022.0,14022.0,False,False,False,
2023-01-23T15:00:00Z,14777.0,14777.0,False,False,False,
2023-01-23T16:00:00Z,15277.0,15277.0,False,False,False,
2023-01-23T17:00:00Z,15933.0,15933.0,False,False,False,
2023-01-23T18:00:00Z,16072.0,16072.0,False,False,False,
2023-01-23T19:00:00Z,16040.0,16040.0,False,False,False,
2023-01-23T20:00:00Z,15879.0,15879.0,False,False,False,
2023-01-23T21:00:00Z,15824.0,15824.0,False,False,False,
2023-01-23T22:00:00Z,15743.0,15743.0,False,False,False,
2023-01-23T23:00:00Z,15698.0,15698.0,False,False,False,
2023-01-24T00:00:00Z,16296.0,16296.0,False,False,False,
2023-01-24T01:00:00Z,16013.0,16013.0,False,False,False,
2023-01-24T02:00:00Z,15149.0,15149.0,False,False,False,
2023-01-24T03:00:00Z,14247.0,14247.0,False,False,False,
2023-01-24T04:00:00Z,13238.0,13238.0,False,False,False,
2023-01-24T05:00:00Z,11996.0,11996.0,False,False,False,
2023-01-24T06:00:00Z,11012.0,11012.0,False,False,False,
2023-01-24T07:00:00Z,10419.0,10419.0,False,False,False,
2023-01-24T08:00:00Z,10144.0,10144.0,False,False,False,
2023-01-24T09:00:00Z,10098.0,10098.0,False,False,False,
2023-01-24T10:00:00Z,10354.0,10354.0,False,False,False,
2023-01-24T11:00:00Z,11226.0,11226.0,False,False,False,
2023-01-24T12:00:00Z,12819.0,12819.0,False,False,False,
2023-01-24T13:00:00Z,13880.0,13880.0,False,False,False,
2023-01-24T14:00:00Z,14346.0,14346.0,False,False,False,
2023-01-24T15:00:00Z,14433.0,14433.0,False,False,False,
2023-01-24T16:00:00Z,14581.0,14581.0,False,False,False,
2023-01-24T17:00:00Z,14633.0,14633.0,False,False,False,
2023-01-24T18:00:00Z,14729.0,14729.0,False,False,False,
2023-01-24T19:00:00Z,14908.0,14908.0,False,False,False,
2023-01-24T20:00:00Z,14945.0,14945.0,False,False,False,
2023-01-24T21:00:00Z,15123.0,15123.0,False,False,False,
2023-01-24T22:00:00Z,15255.0,15255.0,False,False,False,
2023-01-24T23:00:00Z,15543.0,15543.0,False,False,False,
2023-01-25T00:00:00Z,16255.0,16255.0,False,False,False,
2023-01-25T01:00:00Z,16114.0,16114.0,False,False,False,
2023-01-25T02:00:00Z,15454.0,15454.0,False,False,False,
2023-01-25T03:00:00Z,14676.0,14676.0,False,False,False,
2023-01-25T04:00:00Z,13601.0,13601.0,False,False,False,
2023-01-25T05:00:00Z,12386.0,12386.0,False,False,False,
2023-01-25T06:00:00Z,11312.0,11312.0,False,False,False,
2023-01-25T07:00:00Z,10594.0,10594.0,False,False,False,
2023-01-25T08:00:00Z,10206.0,10206.0,False,False,False,
2023-01-25T09:00:00Z,10012.0,10012.0,False,False,False,
2023-01-25T10:00:00Z,10058.0,10058.0,False,False,False,
2023-01-25T11:00:00Z,10710.0,10710.0,False,False,False,
2023-01-25T12:00:00Z,12011.0,12011.0,False,False,False,
2023-01-25T13:00:00Z,12897.0,12897.0,False,False,False,
2023-01-25T14:00:00Z,13728.0,13728.0,False,False,False,
2023-01-25T15:00:00Z,14608.0,14608.0,False,False,False,
2023-01-25T16:00:00Z,15464.0,15464.0,False,False,False,
2023-01-25T17:00:00Z,16207.0,16207.0,False,False,False,
2023-01-25T18:00:00Z,16737.0,16737.0,False,False,False,
2023-01-25T19:00:00Z,17149.0,17149.0,False,False,False,
2023-01-25T20:00:00Z,17415.0,17415.0,False,False,False,
2023-01-25T21:00:00Z,17637.0,17637.0,False,False,False,
2023-01-25T22:00:00Z,17755.0,17755.0,False,False,False,
2023-01-25T23:00:00Z,17551.0,17551.0,False,False,False,
2023-01-26T00:00:00Z,17773.0,17773.0,False,False,False,
2023-01-26T01:00:00Z,17520.0,17520.0,False,False,False,
2023-01-26T02:00:00Z,16706.0,16706.0,False,False,False,
2023-01-26T03:00:00Z,15634.0,15634.0,False,False,False,
2023-01-26T04:00:00Z,14329.0,14329.0,False,False,False,
2023-01-26T05:00:00Z,12937.0,12937.0,False,False,False,
2023-01-26T06:00:00Z,11625.0,11625.0,False,False,False,
2023-01-26T07:00:00Z,10807.0,10807.0,False,False,False,
2023-01-26T08:00:00Z,10362.0,10362.0,False,False,False,
2023-01-26T09:00:00Z,10139.0,10139.0,False,False,False,
2023-01-26T10:00:00Z,10240.0,10240.0,False,False,False,
2023-01-26T11:00:00Z,9985.0,9985.0,False,False,False,
2023-01-26T12:00:00Z,12326.0,12326.0,False,False,False,
2023-01-26T13:00:00Z,13287.0,13287.0,False,False,False,
2023-01-26T14:00:00Z,14101.0,14101.0,False,False,False,
2023-01-26T15:00:00Z,14466.0,14466.0,False,False,False,
2023-01-26T16:00:00Z,14533.0,14533.0,False,False,False,
2023-01-26T17:00:00Z,14743.0,14743.0,False,False,False,
2023-01-26T18:00:00Z,15070.0,15070.0,False,False,False,
2023-01-26T19:00:00Z,15183.0,15183.0,False,False,False,
2023-01-26T20:00:00Z,15190.0,15190.0,False,False,False,
2023-01-26T21:00:00Z,15265.0,15265.0,False,False,False,
2023-01-26T22:00:00Z,15123.0,15123.0,False,False,False,
2023-01-26T23:00:00Z,15252.0,15252.0,False,False,False,
2023-01-27T00:00:00Z,15954.0,15954.0,False,False,False,
2023-01-27T01:00:00Z,15849.0,15849.0,False,False,False,
2023-01-27T02:00:00Z,15294.0,15294.0,False,False,False,
2023-01-27T03:00:00Z,14510.0,14510.0,False,False,False,
2023-01-27T04:00:00Z,13456.0,13456.0,False,False,False,
2023-01-27T05:00:00Z,12054.0,12054.0,False,False,False,
2023-01-27T06:00:00Z,11327.0,11327.0,False,False,False,
2023-01-27T07:00:00Z,10750.0,10750.0,False,False,False,
2023-01-27T08:00:00Z,10469.0,10469.0,False,False,False,
2023-01-27T09:00:00Z,10445.0,10445.0,False,False,False,
2023-01-27T10:00:00Z,10750.0,10750.0,False,False,False,
2023-01-27T11:00:00Z,11665.0,11665.0,False,False,False,
2023-01-27T12:00:00Z,13294.0,13294.0,False,False,False,
2023-01-27T13:00:00Z,14541.0,14541.0,False,False,False,
2023-01-27T14:00:00Z,15108.0,15108.0,False,False,False,
2023-01-27T15:00:00Z,14981.0,14981.0,False,False,False,
2023-01-27T16:00:00Z,14727.0,14727.0,False,False,False,
2023-01-27T17:00:00Z,14306.0,14306.0,False,False,False,
2023-01-27T18:00:00Z,13962.0,13962.0,False,False,False,
2023-01-27T19:00:00Z,13633.0,13633.0,False,False,False,
2023-01-27T20:00:00Z,13433.0,13433.0,False,False,False,
2023-01-27T21:00:00Z,13422.0,13422.0,False,False,False,
2023-01-27T22:00:00Z,13625.0,13625.0,False,False,False,
2023-01-27T23:00:00Z,14177.0,14177.0,False,False,False,
2023-01-28T00:00:00Z,14903.0,14903.0,False,False,False,
2023-01-28T01:00:00Z,14777.0,14777.0,False,False,False,
2023-01-28T02:00:00Z,14309.0,14309.0,False,False,False,
2023-01-28T03:00:00Z,13572.0,13572.0,False,False,False,
2023-01-28T04:00:00Z,12920.0,12920.0,False,False,False,
2023-01-28T05:00:00Z,12360.0,12360.0,False,False,False,
2023-01-28T06:00:00Z,11463.0,11463.0,False,False,False,
2023-01-28T07:00:00Z,10977.0,10977.0,False,False,False,
2023-01-28T08:00:00Z,10775.0,10775.0,False,False,False,
2023-01-28T09:00:00Z,10736.0,10736.0,False,False,False,
2023-01-28T10:00:00Z,10847.0,10847.0,False,False,False,
2023-01-28T11:00:00Z,11236.0,11236.0,False,False,False,
2023-01-28T12:00:00Z,11957.0,11957.0,False,False,False,
2023-01-28T13:00:00Z,12955.0,12955.0,False,False,False,
2023-01-28T14:00:00Z,14013.0,14013.0,False,False,False,
2023-01-28T15:00:00Z,14462.0,14462.0,False,False,False,
2023-01-28T16:00:00Z,14485.0,14485.0,False,False,False,
2023-01-28T17:00:00Z,14420.0,14420.0,False,False,False,
2023-01-28T18:00:00Z,14283.0,14283.0,False,False,False,
2023-01-28T19:00:00Z,14095.0,14095.0,False,False,False,
2023-01-28T20:00:00Z,13917.0,13917.0,False,False,False,
2023-01-28T21:00:00Z,13770.0,13770.0,False,False,False,
2023-01-28T22:00:00Z,13793.0,13793.0,False,False,False,
2023-01-28T23:00:00Z,13936.0,13936.0,False,False,False,
2023-01-29T00:00:00Z,14449.0,14449.0,False,False,False,
2023-01-29T01:00:00Z,14306.0,14306.0,False,False,False,
2023-01-29T02:00:00Z,13801.0,13801.0,False,False,False,
2023-01-29T03:00:00Z,13263.0,13263.0,False,False,False,
2023-01-29T04:00:00Z,12621.0,12621.0,False,False,False,
2023-01-29T05:00:00Z,11786.0,11786.0,False,False,False,
2023-01-29T06:00:00Z,11006.0,11006.0,False,False,False,
2023-01-29T07:00:00Z,10388.0,10388.0,False,False,False,
2023-01-29T08:00:00Z,9971.0,9971.0,False,False,False,
2023-01-29T09:00:00Z,9724.0,9724.0,False,False,False,
2023-01-29T10:00:00Z,9593.0,9593.0,False,False,False,
2023-01-29T11:00:00Z,9770.0,9770.0,False,False,False,
2023-01-29T12:00:00Z,10192.0,10192.0,False,False,False,
2023-01-29T13:00:00Z,10935.0,10935.0,False,False,False,
2023-01-29T14:00:00Z,12301.0,12301.0,False,False,False,
2023-01-29T15:00:00Z,13532.0,13532.0,False,False,False,
2023-01-29T16:00:00Z,14362.0,14362.0,False,False,False,
2023-01-29T17:00:00Z,14936.0,14936.0,False,False,False,
2023-01-29T18:00:00Z,15528.0,15528.0,False,False,False,
2023-01-29T19:00:00Z,16039.0,16039.0,False,False,False,
2023-01-29T20:00:00Z,16472.0,16472.0,False,False,False,
2023-01-29T21:00:00Z,16709.0,16709.0,False,False,False,
2023-01-29T22:00:00Z,16546.0,16546.0,False,False,False,
2023-01-29T23:00:00Z,16405.0,16405.0,False,False,False,
2023-01-30T00:00:00Z,16723.0,16723.0,False,False,False,
2023-01-30T01:00:00Z,16399.0,16399.0,False,False,False,
2023-01-30T02:00:00Z,15703.0,15703.0,False,False,False,
2023-01-30T03:00:00Z,14785.0,14785.0,False,False,False,
2023-01-30T04:00:00Z,13793.0,13793.0,False,False,False,
2023-01-30T05:00:00Z,12346.0,12346.0,False,False,False,
2023-01-30T06:00:00Z,11093.0,11093.0,False,False,False,
2023-01-30T07:00:00Z,10373.0,10373.0,False,False,False,
2023-01-30T08:00:00Z,9895.0,9895.0,False,False,False,
2023-01-30T09:00:00Z,9666.0,9666.0,False,False,False,
2023-01-30T10:00:00Z,9733.0,9733.0,False,False,False,
2023-01-30T11:00:00Z,10398.0,10398.0,False,False,False,
2023-01-30T12:00:00Z,11597.0,11597.0,False,False,False,
2023-01-30T13:00:00Z,12497.0,12497.0,False,False,False,
2023-01-30T14:00:00Z,13411.0,13411.0,False,False,False,
2023-01-30T15:00:00Z,14422.0,14422.0,False,False,False,
2023-01-30T16:00:00Z,15418.0,15418.0,False,False,False,
2023-01-30T17:00:00Z,16227.0,16227.0,False,False,False,
2023-01-30T18:00:00Z,16995.0,16995.0,False,False,False,
2023-01-30T19:00:00Z,17571.0,17571.0,False,False,False,
2023-01-30T20:00:00Z,18025.0,18025.0,False,False,False,
2023-01-30T21:00:00Z,18375.0,18375.0,False,False,False,
2023-01-30T22:00:00Z,18499.0,18499.0,False,False,False,
2023-01-30T23:00:00Z,18189.0,18189.0,False,False,False,
2023-01-31T00:00:00Z,18124.0,18124.0,False,False,False,
2023-01-31T01:00:00Z,17676.0,17676.0,False,False,False,
2023-01-31T02:00:00Z,16634.0,16634.0,False,False,False,
2023-01-31T03:00:00Z,15464.0,15464.0,False,False,False,
2023-01-31T04:00:00Z,14156.0,14156.0,False,False,False,
2023-01-31T05:00:00Z,12655.0,12655.0,False,False,False,
2023-01-31T06:00:00Z,11454.0,11454.0,False,False,False,
2023-01-31T07:00:00Z,10592.0,10592.0,False,False,False,
2023-01-31T08:00:00Z,10101.0,10101.0,False,False,False,
2023-01-31T09:00:00Z,9873.0,9873.0,False,False,False,
2023-01-31T10:00:00Z,9910.0,9910.0,False,False,False,
2023-01-31T11:00:00Z,10503.0,10503.0,False,False,False,
2023-01-31T12:00:00Z,11670.0,11670.0,False,False,False,
2023-01-31T13:00:00Z,12495.0,12495.0,False,False,False,
2023-01-31T14:00:00Z,13418.0,13418.0,False,False,False,
2023-01-31T15:00:00Z,14600.0,14600.0,False,False,False,
2023-01-31T16:00:00Z,15578.0,15578.0,False,False,False,
2023-01-31T17:00:00Z,16228.0,16228.0,False,False,False,
2023-01-31T18:00:00Z,16833.0,16833.0,False,False,False,
2023-01-31T19:00:00Z,17416.0,17416.0,False,False,False,
2023-01-31T20:00:00Z,17857.0,17857.0,False,False,False,
2023-01-31T21:00:00Z,18228.0,18228.0,False,False,False,
2023-01-31T22:00:00Z,18362.0,18362.0,False,False,False,
2023-01-31T23:00:00Z,18065.0,18065.0,False,False,False,
2023-02-01T00:00:00Z,18115.0,18115.0,False,False,False,
2023-02-01T01:00:00Z,17694.0,17694.0,False,False,False,
2023-02-01T02:00:00Z,16812.0,16812.0,False,False,False,
2023-02-01T03:00:00Z,15644.0,15644.0,False,False,False,
2023-02-01T04:00:00Z,14297.0,14297.0,False,False,False,
2023-02-01T05:00:00Z,12894.0,12894.0,False,False,False,
2023-02-01T06:00:00Z,11544.0,11544.0,False,False,False,
2023-02-01T07:00:00Z,10660.0,10660.0,False,False,False,
2023-02-01T08:00:00Z,10117.0,10117.0,False,False,False,
2023-02-01T09:00:00Z,9801.0,9801.0,False,False,False,
2023-02-01T10:00:00Z,9843.0,9843.0,False,False,False,
2023-02-01T11:00:00Z,10442.0,10442.0,False,False,False,
2023-02-01T12:00:00Z,11666.0,11666.0,False,False,False,
2023-02-01T13:00:00Z,12486.0,12486.0,False,False,False,
2023-02-01T14:00:00Z,13373.0,13373.0,False,False,False,
2023-02-01T15:00:00Z,14396.0,14396.0,False,False,False,
2023-02-01T16:00:00Z,15349.0,15349.0,False,False,False,
2023-02-01T17:00:00Z,16191.0,16191.0,False,False,False,
2023-02-01T18:00:00Z,16983.0,16983.0,False,False,False,
2023-02-01T19:00:00Z,17630.0,17630.0,False,False,False,
2023-02-01T20:00:00Z,18133.0,18133.0,False,False,False,
2023-02-01T21:00:00Z,18508.0,18508.0,False,False,False,
2023-02-01T22:00:00Z,18655.0,18655.0,False,False,False,
2023-02-01T23:00:00Z,18345.0,18345.0,False,False,False,
2023-02-02T00:00:00Z,18243.0,18243.0,False,False,False,
2023-02-02T01:00:00Z,17852.0,17852.0,False,False,False,
2023-02-02T02:00:00Z,16824.0,16824.0,False,False,False,
2023-02-02T03:00:00Z,15718.0,15718.0,False,False,False,
2023-02-02T04:00:00Z,14360.0,14360.0,False,False,False,
2023-02-02T05:00:00Z,12788.0,12788.0,False,False,False,
2023-02-02T06:00:00Z,11589.0,11589.0,False,False,False,
2023-02-02T07:00:00Z,10709.0,10709.0,False,False,False,
2023-02-02T08:00:00Z,10185.0,10185.0,False,False,False,
2023-02-02T09:00:00Z,9923.0,9923.0,False,False,False,
2023-02-02T10:00:00Z,9940.0,9940.0,False,False,False,
2023-02-02T11:00:00Z,10512.0,10512.0,False,False,False,
2023-02-02T12:00:00Z,11648.0,11648.0,False,False,False,
2023-02-02T13:00:00Z,12507.0,12507.0,False,False,False,
2023-02-02T14:00:00Z,13453.0,13453.0,False,False,False,
2023-02-02T15:00:00Z,14483.0,14483.0,False,False,False,
2023-02-02T16:00:00Z,15438.0,15438.0,False,False,False,
2023-02-02T17:00:00Z,16309.0,16309.0,False,False,False,
2023-02-02T18:00:00Z,17160.0,17160.0,False,False,False,
2023-02-02T19:00:00Z,17878.0,17878.0,False,False,False,
2023-02-02T20:00:00Z,18399.0,18399.0,False,False,False,
2023-02-02T21:00:00Z,18764.0,18764.0,False,False,False,
2023-02-02T22:00:00Z,18806.0,18806.0,False,False,False,
2023-02-02T23:00:00Z,18458.0,18458.0,False,False,False,
2023-02-03T00:00:00Z,18292.0,18292.0,False,False,False,
2023-02-03T01:00:00Z,17871.0,17871.0,False,False,False,
2023-02-03T02:00:00Z,16915.0,16915.0,False,False,False,
2023-02-03T03:00:00Z,15849.0,15849.0,False,False,False,
2023-02-03T04:00:00Z,14549.0,14549.0,False,False,False,
2023-02-03T05:00:00Z,12995.0,12995.0,False,False,False,
2023-02-03T06:00:00Z,11770.0,11770.0,False,False,False,
2023-02-03T07:00:00Z,10969.0,10969.0,False,False,False,
2023-02-03T08:00:00Z,10339.0,10339.0,False,False,False,
2023-02-03T09:00:00Z,10018.0,10018.0,False,False,False,
2023-02-03T10:00:00Z,10018.0,10018.0,False,False,False,
2023-02-03T11:00:00Z,10594.0,10594.0,False,False,False,
2023-02-03T12:00:00Z,11772.0,11772.0,False,False,False,
2023-02-03T13:00:00Z,12702.0,12702.0,False,False,False,
2023-02-03T14:00:00Z,13852.0,13852.0,False,False,False,
2023-02-03T15:00:00Z,15080.0,15080.0,False,False,False,
2023-02-03T16:00:00Z,15956.0,15956.0,False,False,False,
2023-02-03T17:00:00Z,16671.0,16671.0,False,False,False,
2023-02-03T18:00:00Z,17325.0,17325.0,False,False,False,
2023-02-03T19:00:00Z,17838.0,17838.0,False,False,False,
2023-02-03T20:00:00Z,18078.0,18078.0,False,False,False,
2023-02-03T21:00:00Z,18040.0,18040.0,False,False,False,
2023-02-03T22:00:00Z,17782.0,17782.0,False,False,False,
2023-02-03T23:00:00Z,17288.0,17288.0,False,False,False,
2023-02-04T00:00:00Z,17021.0,17021.0,False,False,False,
2023-02-04T01:00:00Z,16356.0,16356.0,False,False,False,
2023-02-04T02:00:00Z,15415.0,15415.0,False,False,False,
2023-02-04T03:00:00Z,14528.0,14528.0,False,False,False,
2023-02-04T04:00:00Z,13630.0,13630.0,False,False,False,
2023-02-04T05:00:00Z,12583.0,12583.0,False,False,False,
2023-02-04T06:00:00Z,11678.0,11678.0,False,False,False,
2023-02-04T07:00:00Z,10986.0,10986.0,False,False,False,
2023-02-04T08:00:00Z,10520.0,10520.0,False,False,False,
2023-02-04T09:00:00Z,10251.0,10251.0,False,False,False,
2023-02-04T10:00:00Z,10218.0,10218.0,False,False,False,
2023-02-04T11:00:00Z,10531.0,10531.0,False,False,False,
2023-02-04T12:00:00Z,11195.0,11195.0,False,False,False,
2023-02-04T13:00:00Z,12191.0,12191.0,False,False,False,
2023-02-04T14:00:00Z,13439.0,13439.0,False,False,False,
2023-02-04T15:00:00Z,14259.0,14259.0,False,False,False,
2023-02-04T16:00:00Z,14555.0,14555.0,False,False,False,
2023-02-04T17:00:00Z,14545.0,14545.0,False,False,False,
2023-02-04T18:00:00Z,14376.0,14376.0,False,False,False,
2023-02-04T19:00:00Z,14289.0,14289.0,False,False,False,
2023-02-04T20:00:00Z,14128.0,14128.0,False,False,False,
2023-02-04T21:00:00Z,14031.0,14031.0,False,False,False,
2023-02-04T22:00:00Z,13887.0,13887.0,False,False,False,
2023-02-04T23:00:00Z,13931.0,13931.0,False,False,False,
2023-02-05T00:00:00Z,14384.0,14384.0,False,False,False,
2023-02-05T01:00:00Z,14299.0,14299.0,False,False,False,
2023-02-05T02:00:00Z,13796.0,13796.0,False,False,False,
2023-02-05T03:00:00Z,13263.0,13263.0,False,False,False,
2023-02-05T04:00:00Z,12676.0,12676.0,False,False,False,
2023-02-05T05:00:00Z,11885.0,11885.0,False,False,False,
2023-02-05T06:00:00Z,11062.0,11062.0,False,False,False,
2023-02-05T07:00:00Z,10429.0,10429.0,False,False,False,
2023-02-05T08:00:00Z,10011.0,10011.0,False,False,False,
2023-02-05T09:00:00Z,9809.0,9809.0,False,False,False,
2023-02-05T10:00:00Z,9735.0,9735.0,False,False,False,
2023-02-05T11:00:00Z,9922.0,9922.0,False,False,False,
2023-02-05T12:00:00Z,10341.0,10341.0,False,False,False,
2023-02-05T13:00:00Z,11123.0,11123.0,False,False,False,
2023-02-05T14:00:00Z,12393.0,12393.0,False,False,False,
2023-02-05T15:00:00Z,13550.0,13550.0,False,False,False,
2023-02-05T16:00:00Z,14298.0,14298.0,False,False,False,
2023-02-05T17:00:00Z,14777.0,14777.0,False,False,False,
2023-02-05T18:00:00Z,15166.0,15166.0,False,False,False,
2023-02-05T19:00:00Z,15458.0,15458.0,False,False,False,
2023-02-05T20:00:00Z,15644.0,15644.0,False,False,False,
2023-02-05T21:00:00Z,15420.0,15420.0,False,False,False,
2023-02-05T22:00:00Z,15238.0,15238.0,False,False,False,
2023-02-05T23:00:00Z,15190.0,15190.0,False,False,False,
2023-02-06T00:00:00Z,15600.0,15600.0,False,False,False,
2023-02-06T01:00:00Z,15470.0,15470.0,False,False,False,
2023-02-06T02:00:00Z,14768.0,14768.0,False,False,False,
2023-02-06T03:00:00Z,13952.0,13952.0,False,False,False,
2023-02-06T04:00:00Z,12876.0,12876.0,False,False,False,
2023-02-06T05:00:00Z,11658.0,11658.0,False,False,False,
2023-02-06T06:00:00Z,10527.0,10527.0,False,False,False,
2023-02-06T07:00:00Z,9818.0,9818.0,False,False,False,
2023-02-06T08:00:00Z,9372.0,9372.0,False,False,False,
2023-02-06T09:00:00Z,9240.0,9240.0,False,False,False,
2023-02-06T10:00:00Z,9446.0,9446.0,False,False,False,
2023-02-06T11:00:00Z,10213.0,10213.0,False,False,False,
2023-02-06T12:00:00Z,11602.0,11602.0,False,False,False,
2023-02-06T13:00:00Z,12580.0,12580.0,False,False,False,
2023-02-06T14:00:00Z,13292.0,13292.0,False,False,False,
2023-02-06T15:00:00Z,13884.0,13884.0,False,False,False,
2023-02-06T16:00:00Z,14345.0,14345.0,False,False,False,
2023-02-06T17:00:00Z,14686.0,14686.0,False,False,False,
2023-02-06T18:00:00Z,15028.0,15028.0,False,False,False,
2023-02-06T19:00:00Z,15291.0,15291.0,False,False,False,
2023-02-06T20:00:00Z,15440.0,15440.0,False,False,False,
2023-02-06T21:00:00Z,15758.0,15758.0,False,False,False,
2023-02-06T22:00:00Z,15864.0,15864.0,False,False,False,
2023-02-06T23:00:00Z,15730.0,15730.0,False,False,False,
2023-02-07T00:00:00Z,16116.0,16116.0,False,False,False,
2023-02-07T01:00:00Z,15997.0,15997.0,False,False,False,
2023-02-07T02:00:00Z,15227.0,15227.0,False,False,False,
2023-02-07T03:00:00Z,14238.0,14238.0,False,False,False,
2023-02-07T04:00:00Z,13067.0,13067.0,False,False,False,
2023-02-07T05:00:00Z,11666.0,11666.0,False,False,False,
2023-02-07T06:00:00Z,10722.0,10722.0,False,False,False,
2023-02-07T07:00:00Z,9991.0,9991.0,False,False,False,
2023-02-07T08:00:00Z,9593.0,9593.0,False,False,False,
2023-02-07T09:00:00Z,9447.0,9447.0,False,False,False,
2023-02-07T10:00:00Z,9630.0,9630.0,False,False,False,
2023-02-07T11:00:00Z,10362.0,10362.0,False,False,False,
2023-02-07T12:00:00Z,11725.0,11725.0,False,False,False,
2023-02-07T13:00:00Z,12709.0,12709.0,False,False,False,
2023-02-07T14:00:00Z,13446.0,13446.0,False,False,False,
2023-02-07T15:00:00Z,13827.0,13827.0,False,False,False,
2023-02-07T16:00:00Z,14079.0,14079.0,False,False,False,
2023-02-07T17:00:00Z,14349.0,14349.0,False,False,False,
2023-02-07T18:00:00Z,14732.0,14732.0,False,False,False,
2023-02-07T19:00:00Z,15088.0,15088.0,False,False,False,
2023-02-07T20:00:00Z,15374.0,15374.0,False,False,False,
2023-02-07T21:00:00Z,15642.0,15642.0,False,False,False,
2023-02-07T22:00:00Z,15790.0,15790.0,False,False,False,
2023-02-07T23:00:00Z,15678.0,15678.0,False,False,False,
2023-02-08T00:00:00Z,15956.0,15956.0,False,False,False,
2023-02-08T01:00:00Z,15848.0,15848.0,False,False,False,
2023-02-08T02:00:00Z,15151.0,15151.0,False,False,False,
2023-02-08T03:00:00Z,14167.0,14167.0,False,False,False,
2023-02-08T04:00:00Z,67725.0,,True,False,True,same_hour_7d_median_outlier|same_hour_7d_median_outlier
2023-02-08T05:00:00Z,67327.0,,True,False,True,same_hour_7d_median_outlier|same_hour_7d_median_outlier
2023-02-08T06:00:00Z,10589.0,10589.0,False,False,False,
2023-02-08T07:00:00Z,9904.0,9904.0,False,False,False,
2023-02-08T08:00:00Z,9455.0,9455.0,False,False,False,
2023-02-08T09:00:00Z,9252.0,9252.0,False,False,False,
2023-02-08T10:00:00Z,9363.0,9363.0,False,False,False,
2023-02-08T11:00:00Z,10050.0,10050.0,False,False,False,
2023-02-08T12:00:00Z,11361.0,11361.0,False,False,False,
2023-02-08T13:00:00Z,12305.0,12305.0,False,False,False,
2023-02-08T14:00:00Z,12988.0,12988.0,False,False,False,
2023-02-08T15:00:00Z,13620.0,13620.0,False,False,False,
2023-02-08T16:00:00Z,14132.0,14132.0,False,False,False,
2023-02-08T17:00:00Z,14593.0,14593.0,False,False,False,
2023-02-08T18:00:00Z,15100.0,15100.0,False,False,False,
2023-02-08T19:00:00Z,15517.0,15517.0,False,False,False,
2023-02-08T20:00:00Z,15903.0,15903.0,False,False,False,
2023-02-08T21:00:00Z,16204.0,16204.0,False,False,False,
2023-02-08T22:00:00Z,16331.0,16331.0,False,False,False,
2023-02-08T23:00:00Z,16160.0,16160.0,False,False,False,
2023-02-09T00:00:00Z,16326.0,16326.0,False,False,False,
2023-02-09T01:00:00Z,16231.0,16231.0,False,False,False,
2023-02-09T02:00:00Z,15511.0,15511.0,False,False,False,
2023-02-09T03:00:00Z,14656.0,14656.0,False,False,False,
2023-02-09T04:00:00Z,13397.0,13397.0,False,False,False,
2023-02-09T05:00:00Z,12082.0,12082.0,False,False,False,
2023-02-09T06:00:00Z,10935.0,10935.0,False,False,False,
2023-02-09T07:00:00Z,10168.0,10168.0,False,False,False,
2023-02-09T08:00:00Z,9769.0,9769.0,False,False,False,
2023-02-09T09:00:00Z,9564.0,9564.0,False,False,False,
2023-02-09T10:00:00Z,9636.0,9636.0,False,False,False,
2023-02-09T11:00:00Z,10329.0,10329.0,False,False,False,
2023-02-09T12:00:00Z,11620.0,11620.0,False,False,False,
2023-02-09T13:00:00Z,12542.0,12542.0,False,False,False,
2023-02-09T14:00:00Z,13509.0,13509.0,False,False,False,
2023-02-09T15:00:00Z,14474.0,14474.0,False,False,False,
2023-02-09T16:00:00Z,15336.0,15336.0,False,False,False,
2023-02-09T17:00:00Z,16089.0,16089.0,False,False,False,
2023-02-09T18:00:00Z,16734.0,16734.0,False,False,False,
2023-02-09T19:00:00Z,17221.0,17221.0,False,False,False,
2023-02-09T20:00:00Z,17483.0,17483.0,False,False,False,
2023-02-09T21:00:00Z,17642.0,17642.0,False,False,False,
2023-02-09T22:00:00Z,17650.0,17650.0,False,False,False,
2023-02-09T23:00:00Z,17350.0,17350.0,False,False,False,
2023-02-10T00:00:00Z,17399.0,17399.0,False,False,False,
2023-02-10T01:00:00Z,17235.0,17235.0,False,False,False,
2023-02-10T02:00:00Z,16500.0,16500.0,False,False,False,
2023-02-10T03:00:00Z,15591.0,15591.0,False,False,False,
2023-02-10T04:00:00Z,14457.0,14457.0,False,False,False,
2023-02-10T05:00:00Z,12963.0,12963.0,False,False,False,
2023-02-10T06:00:00Z,11762.0,11762.0,False,False,False,
2023-02-10T07:00:00Z,10902.0,10902.0,False,False,False,
2023-02-10T08:00:00Z,10335.0,10335.0,False,False,False,
2023-02-10T09:00:00Z,10043.0,10043.0,False,False,False,
2023-02-10T10:00:00Z,10016.0,10016.0,False,False,False,
2023-02-10T11:00:00Z,10589.0,10589.0,False,False,False,
2023-02-10T12:00:00Z,11737.0,11737.0,False,False,False,
2023-02-10T13:00:00Z,12625.0,12625.0,False,False,False,
2023-02-10T14:00:00Z,13735.0,13735.0,False,False,False,
2023-02-10T15:00:00Z,14838.0,14838.0,False,False,False,
2023-02-10T16:00:00Z,15860.0,15860.0,False,False,False,
2023-02-10T17:00:00Z,16735.0,16735.0,False,False,False,
2023-02-10T18:00:00Z,17371.0,17371.0,False,False,False,
2023-02-10T19:00:00Z,17940.0,17940.0,False,False,False,
2023-02-10T20:00:00Z,18376.0,18376.0,False,False,False,
2023-02-10T21:00:00Z,18683.0,18683.0,False,False,False,
2023-02-10T22:00:00Z,18613.0,18613.0,False,False,False,
2023-02-10T23:00:00Z,18005.0,18005.0,False,False,False,
2023-02-11T00:00:00Z,17618.0,17618.0,False,False,False,
2023-02-11T01:00:00Z,17078.0,17078.0,False,False,False,
2023-02-11T02:00:00Z,16132.0,16132.0,False,False,False,
2023-02-11T03:00:00Z,15206.0,15206.0,False,False,False,
2023-02-11T04:00:00Z,14267.0,14267.0,False,False,False,
2023-02-11T05:00:00Z,13056.0,13056.0,False,False,False,
2023-02-11T06:00:00Z,11901.0,11901.0,False,False,False,
2023-02-11T07:00:00Z,10997.0,10997.0,False,False,False,
2023-02-11T08:00:00Z,10426.0,10426.0,False,False,False,
2023-02-11T09:00:00Z,10056.0,10056.0,False,False,False,
2023-02-11T10:00:00Z,9922.0,9922.0,False,False,False,
2023-02-11T11:00:00Z,10054.0,10054.0,False,False,False,
2023-02-11T12:00:00Z,10517.0,10517.0,False,False,False,
2023-02-11T13:00:00Z,11399.0,11399.0,False,False,False,
2023-02-11T14:00:00Z,13202.0,13202.0,False,False,False,
2023-02-11T15:00:00Z,14946.0,14946.0,False,False,False,
2023-02-11T16:00:00Z,16250.0,16250.0,False,False,False,
2023-02-11T17:00:00Z,17256.0,17256.0,False,False,False,
2023-02-11T18:00:00Z,18040.0,18040.0,False,False,False,
2023-02-11T19:00:00Z,18442.0,18442.0,False,False,False,
2023-02-11T20:00:00Z,18679.0,18679.0,False,False,False,
2023-02-11T21:00:00Z,18716.0,18716.0,False,False,False,
2023-02-11T22:00:00Z,18591.0,18591.0,False,False,False,
2023-02-11T23:00:00Z,17982.0,17982.0,False,False,False,
2023-02-12T00:00:00Z,17688.0,17688.0,False,False,False,
2023-02-12T01:00:00Z,17316.0,17316.0,False,False,False,
2023-02-12T02:00:00Z,16446.0,16446.0,False,False,False,
2023-02-12T03:00:00Z,15623.0,15623.0,False,False,False,
2023-02-12T04:00:00Z,14840.0,14840.0,False,False,False,
2023-02-12T05:00:00Z,13759.0,13759.0,False,False,False,
2023-02-12T06:00:00Z,12677.0,12677.0,False,False,False,
2023-02-12T07:00:00Z,11836.0,11836.0,False,False,False,
2023-02-12T08:00:00Z,11152.0,11152.0,False,False,False,
2023-02-12T09:00:00Z,10688.0,10688.0,False,False,False,
2023-02-12T10:00:00Z,10401.0,10401.0,False,False,False,
2023-02-12T11:00:00Z,10381.0,10381.0,False,False,False,
2023-02-12T12:00:00Z,10670.0,10670.0,False,False,False,
2023-02-12T13:00:00Z,11212.0,11212.0,False,False,False,
2023-02-12T14:00:00Z,12500.0,12500.0,False,False,False,
2023-02-12T15:00:00Z,13846.0,13846.0,False,False,False,
2023-02-12T16:00:00Z,14652.0,14652.0,False,False,False,
2023-02-12T17:00:00Z,15055.0,15055.0,False,False,False,
2023-02-12T18:00:00Z,15144.0,15144.0,False,False,False,
2023-02-12T19:00:00Z,15111.0,15111.0,False,False,False,
2023-02-12T20:00:00Z,14925.0,14925.0,False,False,False,
2023-02-12T21:00:00Z,14788.0,14788.0,False,False,False,
2023-02-12T22:00:00Z,14780.0,14780.0,False,False,False,
2023-02-12T23:00:00Z,14705.0,14705.0,False,False,False,
2023-02-13T00:00:00Z,14593.0,14593.0,False,False,False,
2023-02-13T01:00:00Z,14148.0,14148.0,False,False,False,
2023-02-13T02:00:00Z,13481.0,13481.0,False,False,False,
2023-02-13T03:00:00Z,13024.0,13024.0,False,False,False,
2023-02-13T04:00:00Z,12451.0,12451.0,False,False,False,
2023-02-13T05:00:00Z,11530.0,11530.0,False,False,False,
2023-02-13T06:00:00Z,10358.0,10358.0,False,False,False,
2023-02-13T07:00:00Z,9701.0,9701.0,False,False,False,
2023-02-13T08:00:00Z,9398.0,9398.0,False,False,False,
2023-02-13T09:00:00Z,9259.0,9259.0,False,False,False,
2023-02-13T10:00:00Z,9466.0,9466.0,False,False,False,
2023-02-13T11:00:00Z,10301.0,10301.0,False,False,False,
2023-02-13T12:00:00Z,11798.0,11798.0,False,False,False,
2023-02-13T13:00:00Z,12935.0,12935.0,False,False,False,
2023-02-13T14:00:00Z,13568.0,13568.0,False,False,False,
2023-02-13T15:00:00Z,13716.0,13716.0,False,False,False,
2023-02-13T16:00:00Z,13565.0,13565.0,False,False,False,
2023-02-13T17:00:00Z,13454.0,13454.0,False,False,False,
2023-02-13T18:00:00Z,13422.0,13422.0,False,False,False,
2023-02-13T19:00:00Z,13385.0,13385.0,False,False,False,
2023-02-13T20:00:00Z,13459.0,13459.0,False,False,False,
2023-02-13T21:00:00Z,13683.0,13683.0,False,False,False,
2023-02-13T22:00:00Z,13876.0,13876.0,False,False,False,
2023-02-13T23:00:00Z,13983.0,13983.0,False,False,False,
2023-02-14T00:00:00Z,14541.0,14541.0,False,False,False,
2023-02-14T01:00:00Z,14700.0,14700.0,False,False,False,
2023-02-14T02:00:00Z,14088.0,14088.0,False,False,False,
2023-02-14T03:00:00Z,13204.0,13204.0,False,False,False,
2023-02-14T04:00:00Z,12151.0,12151.0,False,False,False,
2023-02-14T05:00:00Z,11017.0,11017.0,False,False,False,
2023-02-14T06:00:00Z,10146.0,10146.0,False,False,False,
2023-02-14T07:00:00Z,9690.0,9690.0,False,False,False,
2023-02-14T08:00:00Z,9492.0,9492.0,False,False,False,
2023-02-14T09:00:00Z,9500.0,9500.0,False,False,False,
2023-02-14T10:00:00Z,9805.0,9805.0,False,False,False,
2023-02-14T11:00:00Z,10710.0,10710.0,False,False,False,
2023-02-14T12:00:00Z,12458.0,12458.0,False,False,False,
2023-02-14T13:00:00Z,13703.0,13703.0,False,False,False,
2023-02-14T14:00:00Z,14051.0,14051.0,False,False,False,
2023-02-14T15:00:00Z,13825.0,13825.0,False,False,False,
2023-02-14T16:00:00Z,13566.0,13566.0,False,False,False,
2023-02-14T17:00:00Z,13463.0,13463.0,False,False,False,
2023-02-14T18:00:00Z,13501.0,13501.0,False,False,False,
2023-02-14T19:00:00Z,13696.0,13696.0,False,False,False,
2023-02-14T20:00:00Z,13914.0,13914.0,False,False,False,
2023-02-14T21:00:00Z,14338.0,14338.0,False,False,False,
2023-02-14T22:00:00Z,14665.0,14665.0,False,False,False,
2023-02-14T23:00:00Z,14770.0,14770.0,False,False,False,
2023-02-15T00:00:00Z,15079.0,15079.0,False,False,False,
2023-02-15T01:00:00Z,15046.0,15046.0,False,False,False,
2023-02-15T02:00:00Z,14334.0,14334.0,False,False,False,
2023-02-15T03:00:00Z,13444.0,13444.0,False,False,False,
2023-02-15T04:00:00Z,12370.0,12370.0,False,False,False,
2023-02-15T05:00:00Z,11153.0,11153.0,False,False,False,
2023-02-15T06:00:00Z,10146.0,10146.0,False,False,False,
2023-02-15T07:00:00Z,9520.0,9520.0,False,False,False,
2023-02-15T08:00:00Z,9236.0,9236.0,False,False,False,
2023-02-15T09:00:00Z,9145.0,9145.0,False,False,False,
2023-02-15T10:00:00Z,9324.0,9324.0,False,False,False,
2023-02-15T11:00:00Z,10042.0,10042.0,False,False,False,
2023-02-15T12:00:00Z,11451.0,11451.0,False,False,False,
2023-02-15T13:00:00Z,12468.0,12468.0,False,False,False,
2023-02-15T14:00:00Z,13162.0,13162.0,False,False,False,
2023-02-15T15:00:00Z,13721.0,13721.0,False,False,False,
2023-02-15T16:00:00Z,14288.0,14288.0,False,False,False,
2023-02-15T17:00:00Z,14755.0,14755.0,False,False,False,
2023-02-15T18:00:00Z,15245.0,15245.0,False,False,False,
2023-02-15T19:00:00Z,15741.0,15741.0,False,False,False,
2023-02-15T20:00:00Z,16165.0,16165.0,False,False,False,
2023-02-15T21:00:00Z,16562.0,16562.0,False,False,False,
2023-02-15T22:00:00Z,16773.0,16773.0,False,False,False,
2023-02-15T23:00:00Z,16627.0,16627.0,False,False,False,
2023-02-16T00:00:00Z,16683.0,16683.0,False,False,False,
2023-02-16T01:00:00Z,16548.0,16548.0,False,False,False,
2023-02-16T02:00:00Z,15693.0,15693.0,False,False,False,
2023-02-16T03:00:00Z,14682.0,14682.0,False,False,False,
2023-02-16T04:00:00Z,13494.0,13494.0,False,False,False,
2023-02-16T05:00:00Z,12152.0,12152.0,False,False,False,
2023-02-16T06:00:00Z,10986.0,10986.0,False,False,False,
2023-02-16T07:00:00Z,10185.0,10185.0,False,False,False,
2023-02-16T08:00:00Z,9754.0,9754.0,False,False,False,
2023-02-16T09:00:00Z,9580.0,9580.0,False,False,False,
2023-02-16T10:00:00Z,9662.0,9662.0,False,False,False,
2023-02-16T11:00:00Z,10347.0,10347.0,False,False,False,
2023-02-16T12:00:00Z,11630.0,11630.0,False,False,False,
2023-02-16T13:00:00Z,12586.0,12586.0,False,False,False,
2023-02-16T14:00:00Z,13568.0,13568.0,False,False,False,
2023-02-16T15:00:00Z,14540.0,14540.0,False,False,False,
2023-02-16T16:00:00Z,15397.0,15397.0,False,False,False,
2023-02-16T17:00:00Z,16135.0,16135.0,False,False,False,
2023-02-16T18:00:00Z,16848.0,16848.0,False,False,False,
2023-02-16T19:00:00Z,17398.0,17398.0,False,False,False,
2023-02-16T20:00:00Z,17861.0,17861.0,False,False,False,
2023-02-16T21:00:00Z,18266.0,18266.0,False,False,False,
2023-02-16T22:00:00Z,18442.0,18442.0,False,False,False,
2023-02-16T23:00:00Z,18211.0,18211.0,False,False,False,
2023-02-17T00:00:00Z,17968.0,17968.0,False,False,False,
2023-02-17T01:00:00Z,17630.0,17630.0,False,False,False,
2023-02-17T02:00:00Z,16689.0,16689.0,False,False,False,
2023-02-17T03:00:00Z,15670.0,15670.0,False,False,False,
2023-02-17T04:00:00Z,14447.0,14447.0,False,False,False,
2023-02-17T05:00:00Z,12843.0,12843.0,False,False,False,
2023-02-17T06:00:00Z,11789.0,11789.0,False,False,False,
2023-02-17T07:00:00Z,11028.0,11028.0,False,False,False,
2023-02-17T08:00:00Z,10566.0,10566.0,False,False,False,
2023-02-17T09:00:00Z,10307.0,10307.0,False,False,False,
2023-02-17T10:00:00Z,10326.0,10326.0,False,False,False,
2023-02-17T11:00:00Z,10940.0,10940.0,False,False,False,
2023-02-17T12:00:00Z,12104.0,12104.0,False,False,False,
2023-02-17T13:00:00Z,13051.0,13051.0,False,False,False,
2023-02-17T14:00:00Z,14386.0,14386.0,False,False,False,
2023-02-17T15:00:00Z,15631.0,15631.0,False,False,False,
2023-02-17T16:00:00Z,16752.0,16752.0,False,False,False,
2023-02-17T17:00:00Z,17574.0,17574.0,False,False,False,
2023-02-17T18:00:00Z,18043.0,18043.0,False,False,False,
2023-02-17T19:00:00Z,18242.0,18242.0,False,False,False,
2023-02-17T20:00:00Z,18241.0,18241.0,False,False,False,
2023-02-17T21:00:00Z,18183.0,18183.0,False,False,False,
2023-02-17T22:00:00Z,18067.0,18067.0,False,False,False,
2023-02-17T23:00:00Z,17818.0,17818.0,False,False,False,
2023-02-18T00:00:00Z,17695.0,17695.0,False,False,False,
2023-02-18T01:00:00Z,17273.0,17273.0,False,False,False,
2023-02-18T02:00:00Z,16397.0,16397.0,False,False,False,
2023-02-18T03:00:00Z,15487.0,15487.0,False,False,False,
2023-02-18T04:00:00Z,14556.0,14556.0,False,False,False,
2023-02-18T05:00:00Z,13469.0,13469.0,False,False,False,
2023-02-18T06:00:00Z,12253.0,12253.0,False,False,False,
2023-02-18T07:00:00Z,11349.0,11349.0,False,False,False,
2023-02-18T08:00:00Z,10791.0,10791.0,False,False,False,
2023-02-18T09:00:00Z,10493.0,10493.0,False,False,False,
2023-02-18T10:00:00Z,10445.0,10445.0,False,False,False,
2023-02-18T11:00:00Z,10691.0,10691.0,False,False,False,
2023-02-18T12:00:00Z,11335.0,11335.0,False,False,False,
2023-02-18T13:00:00Z,12315.0,12315.0,False,False,False,
2023-02-18T14:00:00Z,13697.0,13697.0,False,False,False,
2023-02-18T15:00:00Z,14843.0,14843.0,False,False,False,
2023-02-18T16:00:00Z,15434.0,15434.0,False,False,False,
2023-02-18T17:00:00Z,15670.0,15670.0,False,False,False,
2023-02-18T18:00:00Z,15786.0,15786.0,False,False,False,
2023-02-18T19:00:00Z,15843.0,15843.0,False,False,False,
2023-02-18T20:00:00Z,15867.0,15867.0,False,False,False,
2023-02-18T21:00:00Z,15809.0,15809.0,False,False,False,
2023-02-18T22:00:00Z,15714.0,15714.0,False,False,False,
2023-02-18T23:00:00Z,15511.0,15511.0,False,False,False,
2023-02-19T00:00:00Z,15641.0,15641.0,False,False,False,
2023-02-19T01:00:00Z,15542.0,15542.0,False,False,False,
2023-02-19T02:00:00Z,14976.0,14976.0,False,False,False,
2023-02-19T03:00:00Z,14362.0,14362.0,False,False,False,
2023-02-19T04:00:00Z,13624.0,13624.0,False,False,False,
2023-02-19T05:00:00Z,12718.0,12718.0,False,False,False,
2023-02-19T06:00:00Z,11812.0,11812.0,False,False,False,
2023-02-19T07:00:00Z,11083.0,11083.0,False,False,False,
2023-02-19T08:00:00Z,10612.0,10612.0,False,False,False,
2023-02-19T09:00:00Z,10335.0,10335.0,False,False,False,
2023-02-19T10:00:00Z,10215.0,10215.0,False,False,False,
2023-02-19T11:00:00Z,10306.0,10306.0,False,False,False,
2023-02-19T12:00:00Z,10729.0,10729.0,False,False,False,
2023-02-19T13:00:00Z,11593.0,11593.0,False,False,False,
2023-02-19T14:00:00Z,13256.0,13256.0,False,False,False,
2023-02-19T15:00:00Z,14689.0,14689.0,False,False,False,
2023-02-19T16:00:00Z,15665.0,15665.0,False,False,False,
2023-02-19T17:00:00Z,16447.0,16447.0,False,False,False,
2023-02-19T18:00:00Z,17122.0,17122.0,False,False,False,
2023-02-19T19:00:00Z,17622.0,17622.0,False,False,False,
2023-02-19T20:00:00Z,18002.0,18002.0,False,False,False,
2023-02-19T21:00:00Z,18236.0,18236.0,False,False,False,
2023-02-19T22:00:00Z,18229.0,18229.0,False,False,False,
2023-02-19T23:00:00Z,17880.0,17880.0,False,False,False,
2023-02-20T00:00:00Z,17542.0,17542.0,False,False,False,
2023-02-20T01:00:00Z,17277.0,17277.0,False,False,False,
2023-02-20T02:00:00Z,16364.0,16364.0,False,False,False,
2023-02-20T03:00:00Z,15411.0,15411.0,False,False,False,
2023-02-20T04:00:00Z,14291.0,14291.0,False,False,False,
2023-02-20T05:00:00Z,13044.0,13044.0,False,False,False,
2023-02-20T06:00:00Z,11768.0,11768.0,False,False,False,
2023-02-20T07:00:00Z,10946.0,10946.0,False,False,False,
2023-02-20T08:00:00Z,10430.0,10430.0,False,False,False,
2023-02-20T09:00:00Z,10140.0,10140.0,False,False,False,
2023-02-20T10:00:00Z,10160.0,10160.0,False,False,False,
2023-02-20T11:00:00Z,10609.0,10609.0,False,False,False,
2023-02-20T12:00:00Z,11446.0,11446.0,False,False,False,
2023-02-20T13:00:00Z,12384.0,12384.0,False,False,False,
2023-02-20T14:00:00Z,13832.0,13832.0,False,False,False,
2023-02-20T15:00:00Z,15041.0,15041.0,False,False,False,
2023-02-20T16:00:00Z,16118.0,16118.0,False,False,False,
2023-02-20T17:00:00Z,17145.0,17145.0,False,False,False,
2023-02-20T18:00:00Z,18020.0,18020.0,False,False,False,
2023-02-20T19:00:00Z,18629.0,18629.0,False,False,False,
2023-02-20T20:00:00Z,19071.0,19071.0,False,False,False,
2023-02-20T21:00:00Z,19340.0,19340.0,False,False,False,
2023-02-20T22:00:00Z,19368.0,19368.0,False,False,False,
2023-02-20T23:00:00Z,18995.0,18995.0,False,False,False,
2023-02-21T00:00:00Z,18717.0,18717.0,False,False,False,
2023-02-21T01:00:00Z,18429.0,18429.0,False,False,False,
2023-02-21T02:00:00Z,17412.0,17412.0,False,False,False,
2023-02-21T03:00:00Z,16319.0,16319.0,False,False,False,
2023-02-21T04:00:00Z,14934.0,14934.0,False,False,False,
2023-02-21T05:00:00Z,13290.0,13290.0,False,False,False,
2023-02-21T06:00:00Z,11915.0,11915.0,False,False,False,
2023-02-21T07:00:00Z,10975.0,10975.0,False,False,False,
2023-02-21T08:00:00Z,10387.0,10387.0,False,False,False,
2023-02-21T09:00:00Z,10068.0,10068.0,False,False,False,
2023-02-21T10:00:00Z,10100.0,10100.0,False,False,False,
2023-02-21T11:00:00Z,10714.0,10714.0,False,False,False,
2023-02-21T12:00:00Z,11875.0,11875.0,False,False,False,
2023-02-21T13:00:00Z,12794.0,12794.0,False,False,False,
2023-02-21T14:00:00Z,13900.0,13900.0,False,False,False,
2023-02-21T15:00:00Z,15049.0,15049.0,False,False,False,
2023-02-21T16:00:00Z,16025.0,16025.0,False,False,False,
2023-02-21T17:00:00Z,16924.0,16924.0,False,False,False,
2023-02-21T18:00:00Z,17840.0,17840.0,False,False,False,
2023-02-21T19:00:00Z,18595.0,18595.0,False,False,False,
2023-02-21T20:00:00Z,19143.0,19143.0,False,False,False,
2023-02-21T21:00:00Z,19579.0,19579.0,False,False,False,
2023-02-21T22:00:00Z,19720.0,19720.0,False,False,False,
2023-02-21T23:00:00Z,19411.0,19411.0,False,False,False,
2023-02-22T00:00:00Z,19052.0,19052.0,False,False,False,
2023-02-22T01:00:00Z,18661.0,18661.0,False,False,False,
2023-02-22T02:00:00Z,17544.0,17544.0,False,False,False,
2023-02-22T03:00:00Z,16233.0,16233.0,False,False,False,
2023-02-22T04:00:00Z,14808.0,14808.0,False,False,False,
2023-02-22T05:00:00Z,13300.0,13300.0,False,False,False,
2023-02-22T06:00:00Z,11878.0,11878.0,False,False,False,
2023-02-22T07:00:00Z,10930.0,10930.0,False,False,False,
2023-02-22T08:00:00Z,10363.0,10363.0,False,False,False,
2023-02-22T09:00:00Z,10019.0,10019.0,False,False,False,
2023-02-22T10:00:00Z,10022.0,10022.0,False,False,False,
2023-02-22T11:00:00Z,9653.0,9653.0,False,False,False,
2023-02-22T12:00:00Z,11797.0,11797.0,False,False,False,
2023-02-22T13:00:00Z,12725.0,12725.0,False,False,False,
2023-02-22T14:00:00Z,13892.0,13892.0,False,False,False,
2023-02-22T15:00:00Z,15073.0,15073.0,False,False,False,
2023-02-22T16:00:00Z,16170.0,16170.0,False,False,False,
2023-02-22T17:00:00Z,17279.0,17279.0,False,False,False,
2023-02-22T18:00:00Z,18210.0,18210.0,False,False,False,
2023-02-22T19:00:00Z,19026.0,19026.0,False,False,False,
2023-02-22T20:00:00Z,19621.0,19621.0,False,False,False,
2023-02-22T21:00:00Z,20077.0,20077.0,False,False,False,
2023-02-22T22:00:00Z,20297.0,20297.0,False,False,False,
2023-02-22T23:00:00Z,19930.0,19930.0,False,False,False,
2023-02-23T00:00:00Z,19455.0,19455.0,False,False,False,
2023-02-23T01:00:00Z,19017.0,19017.0,False,False,False,
2023-02-23T02:00:00Z,18025.0,18025.0,False,False,False,
2023-02-23T03:00:00Z,16824.0,16824.0,False,False,False,
2023-02-23T04:00:00Z,15411.0,15411.0,False,False,False,
2023-02-23T05:00:00Z,13850.0,13850.0,False,False,False,
2023-02-23T06:00:00Z,12490.0,12490.0,False,False,False,
2023-02-23T07:00:00Z,11539.0,11539.0,False,False,False,
2023-02-23T08:00:00Z,11012.0,11012.0,False,False,False,
2023-02-23T09:00:00Z,10671.0,10671.0,False,False,False,
2023-02-23T10:00:00Z,10644.0,10644.0,False,False,False,
2023-02-23T11:00:00Z,11223.0,11223.0,False,False,False,
2023-02-23T12:00:00Z,12369.0,12369.0,False,False,False,
2023-02-23T13:00:00Z,13304.0,13304.0,False,False,False,
2023-02-23T14:00:00Z,14655.0,14655.0,False,False,False,
2023-02-23T15:00:00Z,16044.0,16044.0,False,False,False,
2023-02-23T16:00:00Z,17245.0,17245.0,False,False,False,
2023-02-23T17:00:00Z,18252.0,18252.0,False,False,False,
2023-02-23T18:00:00Z,19102.0,19102.0,False,False,False,
2023-02-23T19:00:00Z,19812.0,19812.0,False,False,False,
2023-02-23T20:00:00Z,20383.0,20383.0,False,False,False,
2023-02-23T21:00:00Z,20777.0,20777.0,False,False,False,
2023-02-23T22:00:00Z,20815.0,20815.0,False,False,False,
2023-02-23T23:00:00Z,20307.0,20307.0,False,False,False,
2023-02-24T00:00:00Z,19696.0,19696.0,False,False,False,
2023-02-24T01:00:00Z,19284.0,19284.0,False,False,False,
2023-02-24T02:00:00Z,18192.0,18192.0,False,False,False,
2023-02-24T03:00:00Z,16958.0,16958.0,False,False,False,
2023-02-24T04:00:00Z,15609.0,15609.0,False,False,False,
2023-02-24T05:00:00Z,13954.0,13954.0,False,False,False,
2023-02-24T06:00:00Z,12576.0,12576.0,False,False,False,
2023-02-24T07:00:00Z,11537.0,11537.0,False,False,False,
2023-02-24T08:00:00Z,10900.0,10900.0,False,False,False,
2023-02-24T09:00:00Z,10527.0,10527.0,False,False,False,
2023-02-24T10:00:00Z,10495.0,10495.0,False,False,False,
2023-02-24T11:00:00Z,11016.0,11016.0,False,False,False,
2023-02-24T12:00:00Z,12110.0,12110.0,False,False,False,
2023-02-24T13:00:00Z,13061.0,13061.0,False,False,False,
2023-02-24T14:00:00Z,14390.0,14390.0,False,False,False,
2023-02-24T15:00:00Z,15784.0,15784.0,False,False,False,
2023-02-24T16:00:00Z,16968.0,16968.0,False,False,False,
2023-02-24T17:00:00Z,18073.0,18073.0,False,False,False,
2023-02-24T18:00:00Z,19037.0,19037.0,False,False,False,
2023-02-24T19:00:00Z,19852.0,19852.0,False,False,False,
2023-02-24T20:00:00Z,20452.0,20452.0,False,False,False,
2023-02-24T21:00:00Z,20836.0,20836.0,False,False,False,
2023-02-24T22:00:00Z,20783.0,20783.0,False,False,False,
2023-02-24T23:00:00Z,20116.0,20116.0,False,False,False,
2023-02-25T00:00:00Z,19248.0,19248.0,False,False,False,
2023-02-25T01:00:00Z,18586.0,18586.0,False,False,False,
2023-02-25T02:00:00Z,17406.0,17406.0,False,False,False,
2023-02-25T03:00:00Z,16250.0,16250.0,False,False,False,
2023-02-25T04:00:00Z,15073.0,15073.0,False,False,False,
2023-02-25T05:00:00Z,13859.0,13859.0,False,False,False,
2023-02-25T06:00:00Z,12406.0,12406.0,False,False,False,
2023-02-25T07:00:00Z,11452.0,11452.0,False,False,False,
2023-02-25T08:00:00Z,10779.0,10779.0,False,False,False,
2023-02-25T09:00:00Z,10336.0,10336.0,False,False,False,
2023-02-25T10:00:00Z,10127.0,10127.0,False,False,False,
2023-02-25T11:00:00Z,10179.0,10179.0,False,False,False,
2023-02-25T12:00:00Z,10604.0,10604.0,False,False,False,
2023-02-25T13:00:00Z,11415.0,11415.0,False,False,False,
2023-02-25T14:00:00Z,13219.0,13219.0,False,False,False,
2023-02-25T15:00:00Z,14944.0,14944.0,False,False,False,
2023-02-25T16:00:00Z,16259.0,16259.0,False,False,False,
2023-02-25T17:00:00Z,17459.0,17459.0,False,False,False,
2023-02-25T18:00:00Z,18416.0,18416.0,False,False,False,
2023-02-25T19:00:00Z,19260.0,19260.0,False,False,False,
2023-02-25T20:00:00Z,19829.0,19829.0,False,False,False,
2023-02-25T21:00:00Z,20087.0,20087.0,False,False,False,
2023-02-25T22:00:00Z,20012.0,20012.0,False,False,False,
2023-02-25T23:00:00Z,19341.0,19341.0,False,False,False,
2023-02-26T00:00:00Z,18330.0,18330.0,False,False,False,
2023-02-26T01:00:00Z,17655.0,17655.0,False,False,False,
2023-02-26T02:00:00Z,16506.0,16506.0,False,False,False,
2023-02-26T03:00:00Z,15501.0,15501.0,False,False,False,
2023-02-26T04:00:00Z,14396.0,14396.0,False,False,False,
2023-02-26T05:00:00Z,13208.0,13208.0,False,False,False,
2023-02-26T06:00:00Z,11990.0,11990.0,False,False,False,
2023-02-26T07:00:00Z,11064.0,11064.0,False,False,False,
2023-02-26T08:00:00Z,10417.0,10417.0,False,False,False,
2023-02-26T09:00:00Z,9994.0,9994.0,False,False,False,
2023-02-26T10:00:00Z,9774.0,9774.0,False,False,False,
2023-02-26T11:00:00Z,9783.0,9783.0,False,False,False,
2023-02-26T12:00:00Z,10026.0,10026.0,False,False,False,
2023-02-26T13:00:00Z,10819.0,10819.0,False,False,False,
2023-02-26T14:00:00Z,12562.0,12562.0,False,False,False,
2023-02-26T15:00:00Z,14150.0,14150.0,False,False,False,
2023-02-26T16:00:00Z,15527.0,15527.0,False,False,False,
2023-02-26T17:00:00Z,16768.0,16768.0,False,False,False,
2023-02-26T18:00:00Z,17932.0,17932.0,False,False,False,
2023-02-26T19:00:00Z,18922.0,18922.0,False,False,False,
2023-02-26T20:00:00Z,19533.0,19533.0,False,False,False,
2023-02-26T21:00:00Z,19896.0,19896.0,False,False,False,
2023-02-26T22:00:00Z,19844.0,19844.0,False,False,False,
2023-02-26T23:00:00Z,19313.0,19313.0,False,False,False,
2023-02-27T00:00:00Z,18531.0,18531.0,False,False,False,
2023-02-27T01:00:00Z,18107.0,18107.0,False,False,False,
2023-02-27T02:00:00Z,17021.0,17021.0,False,False,False,
2023-02-27T03:00:00Z,15875.0,15875.0,False,False,False,
2023-02-27T04:00:00Z,14495.0,14495.0,False,False,False,
2023-02-27T05:00:00Z,12749.0,12749.0,False,False,False,
2023-02-27T06:00:00Z,11578.0,11578.0,False,False,False,
2023-02-27T07:00:00Z,10638.0,10638.0,False,False,False,
2023-02-27T08:00:00Z,10072.0,10072.0,False,False,False,
2023-02-27T09:00:00Z,9764.0,9764.0,False,False,False,
2023-02-27T10:00:00Z,9812.0,9812.0,False,False,False,
2023-02-27T11:00:00Z,10357.0,10357.0,False,False,False,
2023-02-27T12:00:00Z,11484.0,11484.0,False,False,False,
2023-02-27T13:00:00Z,12447.0,12447.0,False,False,False,
2023-02-27T14:00:00Z,13542.0,13542.0,False,False,False,
2023-02-27T15:00:00Z,14626.0,14626.0,False,False,False,
2023-02-27T16:00:00Z,15684.0,15684.0,False,False,False,
2023-02-27T17:00:00Z,16644.0,16644.0,False,False,False,
2023-02-27T18:00:00Z,17582.0,17582.0,False,False,False,
2023-02-27T19:00:00Z,18456.0,18456.0,False,False,False,
2023-02-27T20:00:00Z,19176.0,19176.0,False,False,False,
2023-02-27T21:00:00Z,19765.0,19765.0,False,False,False,
2023-02-27T22:00:00Z,20002.0,20002.0,False,False,False,
2023-02-27T23:00:00Z,19655.0,19655.0,False,False,False,
2023-02-28T00:00:00Z,19141.0,19141.0,False,False,False,
2023-02-28T01:00:00Z,18697.0,18697.0,False,False,False,
2023-02-28T02:00:00Z,17543.0,17543.0,False,False,False,
2023-02-28T03:00:00Z,16208.0,16208.0,False,False,False,
2023-02-28T04:00:00Z,14798.0,14798.0,False,False,False,
2023-02-28T05:00:00Z,13128.0,13128.0,False,False,False,
2023-02-28T06:00:00Z,11780.0,11780.0,False,False,False,
2023-02-28T07:00:00Z,10845.0,10845.0,False,False,False,
2023-02-28T08:00:00Z,10274.0,10274.0,False,False,False,
2023-02-28T09:00:00Z,9920.0,9920.0,False,False,False,
2023-02-28T10:00:00Z,9926.0,9926.0,False,False,False,
2023-02-28T11:00:00Z,10551.0,10551.0,False,False,False,
2023-02-28T12:00:00Z,11733.0,11733.0,False,False,False,
2023-02-28T13:00:00Z,12667.0,12667.0,False,False,False,
2023-02-28T14:00:00Z,13804.0,13804.0,False,False,False,
2023-02-28T15:00:00Z,14877.0,14877.0,False,False,False,
2023-02-28T16:00:00Z,15926.0,15926.0,False,False,False,
2023-02-28T17:00:00Z,16858.0,16858.0,False,False,False,
2023-02-28T18:00:00Z,17877.0,17877.0,False,False,False,
2023-02-28T19:00:00Z,18828.0,18828.0,False,False,False,
2023-02-28T20:00:00Z,19684.0,19684.0,False,False,False,
2023-02-28T21:00:00Z,20348.0,20348.0,False,False,False,
2023-02-28T22:00:00Z,20603.0,20603.0,False,False,False,
2023-02-28T23:00:00Z,20257.0,20257.0,False,False,False,
2023-03-01T00:00:00Z,19555.0,19555.0,False,False,False,
2023-03-01T01:00:00Z,19013.0,19013.0,False,False,False,
2023-03-01T02:00:00Z,17777.0,17777.0,False,False,False,
2023-03-01T03:00:00Z,16427.0,16427.0,False,False,False,
2023-03-01T04:00:00Z,14826.0,14826.0,False,False,False,
2023-03-01T05:00:00Z,13198.0,13198.0,False,False,False,
2023-03-01T06:00:00Z,11845.0,11845.0,False,False,False,
2023-03-01T07:00:00Z,10886.0,10886.0,False,False,False,
2023-03-01T08:00:00Z,10294.0,10294.0,False,False,False,
2023-03-01T09:00:00Z,9955.0,9955.0,False,False,False,
2023-03-01T10:00:00Z,9936.0,9936.0,False,False,False,
2023-03-01T11:00:00Z,10484.0,10484.0,False,False,False,
2023-03-01T12:00:00Z,11600.0,11600.0,False,False,False,
2023-03-01T13:00:00Z,12482.0,12482.0,False,False,False,
2023-03-01T14:00:00Z,13593.0,13593.0,False,False,False,
2023-03-01T15:00:00Z,14690.0,14690.0,False,False,False,
2023-03-01T16:00:00Z,15680.0,15680.0,False,False,False,
2023-03-01T17:00:00Z,16686.0,16686.0,False,False,False,
2023-03-01T18:00:00Z,17790.0,17790.0,False,False,False,
2023-03-01T19:00:00Z,18790.0,18790.0,False,False,False,
2023-03-01T20:00:00Z,19645.0,19645.0,False,False,False,
2023-03-01T21:00:00Z,20273.0,20273.0,False,False,False,
2023-03-01T22:00:00Z,20280.0,20280.0,False,False,False,
2023-03-01T23:00:00Z,19718.0,19718.0,False,False,False,
2023-03-02T00:00:00Z,19014.0,19014.0,False,False,False,
2023-03-02T01:00:00Z,18548.0,18548.0,False,False,False,
2023-03-02T02:00:00Z,17432.0,17432.0,False,False,False,
2023-03-02T03:00:00Z,16183.0,16183.0,False,False,False,
2023-03-02T04:00:00Z,14711.0,14711.0,False,False,False,
2023-03-02T05:00:00Z,13151.0,13151.0,False,False,False,
2023-03-02T06:00:00Z,11826.0,11826.0,False,False,False,
2023-03-02T07:00:00Z,10889.0,10889.0,False,False,False,
2023-03-02T08:00:00Z,10340.0,10340.0,False,False,False,
2023-03-02T09:00:00Z,10013.0,10013.0,False,False,False,
2023-03-02T10:00:00Z,9987.0,9987.0,False,False,False,
2023-03-02T11:00:00Z,10538.0,10538.0,False,False,False,
2023-03-02T12:00:00Z,11697.0,11697.0,False,False,False,
2023-03-02T13:00:00Z,12589.0,12589.0,False,False,False,
2023-03-02T14:00:00Z,13736.0,13736.0,False,False,False,
2023-03-02T15:00:00Z,14943.0,14943.0,False,False,False,
2023-03-02T16:00:00Z,16083.0,16083.0,False,False,False,
2023-03-02T17:00:00Z,17071.0,17071.0,False,False,False,
2023-03-02T18:00:00Z,18010.0,18010.0,False,False,False,
2023-03-02T19:00:00Z,18869.0,18869.0,False,False,False,
2023-03-02T20:00:00Z,19422.0,19422.0,False,False,False,
2023-03-02T21:00:00Z,19865.0,19865.0,False,False,False,
2023-03-02T22:00:00Z,19991.0,19991.0,False,False,False,
2023-03-02T23:00:00Z,19499.0,19499.0,False,False,False,
2023-03-03T00:00:00Z,18996.0,18996.0,False,False,False,
2023-03-03T01:00:00Z,18607.0,18607.0,False,False,False,
2023-03-03T02:00:00Z,17583.0,17583.0,False,False,False,
2023-03-03T03:00:00Z,16435.0,16435.0,False,False,False,
2023-03-03T04:00:00Z,15049.0,15049.0,False,False,False,
2023-03-03T05:00:00Z,13503.0,13503.0,False,False,False,
2023-03-03T06:00:00Z,12196.0,12196.0,False,False,False,
2023-03-03T07:00:00Z,11363.0,11363.0,False,False,False,
2023-03-03T08:00:00Z,10885.0,10885.0,False,False,False,
2023-03-03T09:00:00Z,10632.0,10632.0,False,False,False,
2023-03-03T10:00:00Z,10703.0,10703.0,False,False,False,
2023-03-03T11:00:00Z,11298.0,11298.0,False,False,False,
2023-03-03T12:00:00Z,12444.0,12444.0,False,False,False,
2023-03-03T13:00:00Z,13411.0,13411.0,False,False,False,
2023-03-03T14:00:00Z,14826.0,14826.0,False,False,False,
2023-03-03T15:00:00Z,16325.0,16325.0,False,False,False,
2023-03-03T16:00:00Z,17589.0,17589.0,False,False,False,
2023-03-03T17:00:00Z,18610.0,18610.0,False,False,False,
2023-03-03T18:00:00Z,19473.0,19473.0,False,False,False,
2023-03-03T19:00:00Z,20141.0,20141.0,False,False,False,
2023-03-03T20:00:00Z,20623.0,20623.0,False,False,False,
2023-03-03T21:00:00Z,20962.0,20962.0,False,False,False,
2023-03-03T22:00:00Z,20947.0,20947.0,False,False,False,
2023-03-03T23:00:00Z,20266.0,20266.0,False,False,False,
2023-03-04T00:00:00Z,19400.0,19400.0,False,False,False,
2023-03-04T01:00:00Z,18845.0,18845.0,False,False,False,
2023-03-04T02:00:00Z,17771.0,17771.0,False,False,False,
2023-03-04T03:00:00Z,16768.0,16768.0,False,False,False,
2023-03-04T04:00:00Z,15771.0,15771.0,False,False,False,
2023-03-04T05:00:00Z,14523.0,14523.0,False,False,False,
2023-03-04T06:00:00Z,13525.0,13525.0,False,False,False,
2023-03-04T07:00:00Z,12651.0,12651.0,False,False,False,
2023-03-04T08:00:00Z,12040.0,12040.0,False,False,False,
2023-03-04T09:00:00Z,11646.0,11646.0,False,False,False,
2023-03-04T10:00:00Z,11446.0,11446.0,False,False,False,
2023-03-04T11:00:00Z,11508.0,11508.0,False,False,False,
2023-03-04T12:00:00Z,11827.0,11827.0,False,False,False,
2023-03-04T13:00:00Z,12709.0,12709.0,False,False,False,
2023-03-04T14:00:00Z,14583.0,14583.0,False,False,False,
2023-03-04T15:00:00Z,16287.0,16287.0,False,False,False,
2023-03-04T16:00:00Z,17651.0,17651.0,False,False,False,
2023-03-04T17:00:00Z,18711.0,18711.0,False,False,False,
2023-03-04T18:00:00Z,19600.0,19600.0,False,False,False,
2023-03-04T19:00:00Z,20204.0,20204.0,False,False,False,
2023-03-04T20:00:00Z,20528.0,20528.0,False,False,False,
2023-03-04T21:00:00Z,20810.0,20810.0,False,False,False,
2023-03-04T22:00:00Z,20866.0,20866.0,False,False,False,
2023-03-04T23:00:00Z,20353.0,20353.0,False,False,False,
2023-03-05T00:00:00Z,19337.0,19337.0,False,False,False,
2023-03-05T01:00:00Z,18644.0,18644.0,False,False,False,
2023-03-05T02:00:00Z,17429.0,17429.0,False,False,False,
2023-03-05T03:00:00Z,16278.0,16278.0,False,False,False,
2023-03-05T04:00:00Z,15125.0,15125.0,False,False,False,
2023-03-05T05:00:00Z,13859.0,13859.0,False,False,False,
2023-03-05T06:00:00Z,12653.0,12653.0,False,False,False,
2023-03-05T07:00:00Z,11635.0,11635.0,False,False,False,
2023-03-05T08:00:00Z,10912.0,10912.0,False,False,False,
2023-03-05T09:00:00Z,10485.0,10485.0,False,False,False,
2023-03-05T10:00:00Z,10252.0,10252.0,False,False,False,
2023-03-05T11:00:00Z,10259.0,10259.0,False,False,False,
2023-03-05T12:00:00Z,10468.0,10468.0,False,False,False,
2023-03-05T13:00:00Z,11281.0,11281.0,False,False,False,
2023-03-05T14:00:00Z,13189.0,13189.0,False,False,False,
2023-03-05T15:00:00Z,15159.0,15159.0,False,False,False,
2023-03-05T16:00:00Z,16704.0,16704.0,False,False,False,
2023-03-05T17:00:00Z,18046.0,18046.0,False,False,False,
2023-03-05T18:00:00Z,19166.0,19166.0,False,False,False,
2023-03-05T19:00:00Z,20017.0,20017.0,False,False,False,
2023-03-05T20:00:00Z,20605.0,20605.0,False,False,False,
2023-03-05T21:00:00Z,20912.0,20912.0,False,False,False,
2023-03-05T22:00:00Z,20903.0,20903.0,False,False,False,
2023-03-05T23:00:00Z,20378.0,20378.0,False,False,False,
2023-03-06T00:00:00Z,19596.0,19596.0,False,False,False,
2023-03-06T01:00:00Z,19219.0,19219.0,False,False,False,
2023-03-06T02:00:00Z,18140.0,18140.0,False,False,False,
2023-03-06T03:00:00Z,16985.0,16985.0,False,False,False,
2023-03-06T04:00:00Z,15613.0,15613.0,False,False,False,
2023-03-06T05:00:00Z,14094.0,14094.0,False,False,False,
2023-03-06T06:00:00Z,12760.0,12760.0,False,False,False,
2023-03-06T07:00:00Z,11786.0,11786.0,False,False,False,
2023-03-06T08:00:00Z,11153.0,11153.0,False,False,False,
2023-03-06T09:00:00Z,10825.0,10825.0,False,False,False,
2023-03-06T10:00:00Z,10837.0,10837.0,False,False,False,
2023-03-06T11:00:00Z,11425.0,11425.0,False,False,False,
2023-03-06T12:00:00Z,12480.0,12480.0,False,False,False,
2023-03-06T13:00:00Z,13409.0,13409.0,False,False,False,
2023-03-06T14:00:00Z,14746.0,14746.0,False,False,False,
2023-03-06T15:00:00Z,16222.0,16222.0,False,False,False,
2023-03-06T16:00:00Z,17717.0,17717.0,False,False,False,
2023-03-06T17:00:00Z,19087.0,19087.0,False,False,False,
2023-03-06T18:00:00Z,20285.0,20285.0,False,False,False,
2023-03-06T19:00:00Z,20993.0,20993.0,False,False,False,
2023-03-06T20:00:00Z,21434.0,21434.0,False,False,False,
2023-03-06T21:00:00Z,21782.0,21782.0,False,False,False,
2023-03-06T22:00:00Z,21687.0,21687.0,False,False,False,
2023-03-06T23:00:00Z,21189.0,21189.0,False,False,False,
2023-03-07T00:00:00Z,20594.0,20594.0,False,False,False,
2023-03-07T01:00:00Z,20161.0,20161.0,False,False,False,
2023-03-07T02:00:00Z,19060.0,19060.0,False,False,False,
2023-03-07T03:00:00Z,17783.0,17783.0,False,False,False,
2023-03-07T04:00:00Z,16310.0,16310.0,False,False,False,
2023-03-07T05:00:00Z,14726.0,14726.0,False,False,False,
2023-03-07T06:00:00Z,13250.0,13250.0,False,False,False,
2023-03-07T07:00:00Z,12215.0,12215.0,False,False,False,
2023-03-07T08:00:00Z,11524.0,11524.0,False,False,False,
2023-03-07T09:00:00Z,11145.0,11145.0,False,False,False,
2023-03-07T10:00:00Z,11073.0,11073.0,False,False,False,
2023-03-07T11:00:00Z,11495.0,11495.0,False,False,False,
2023-03-07T12:00:00Z,12580.0,12580.0,False,False,False,
2023-03-07T13:00:00Z,13459.0,13459.0,False,False,False,
2023-03-07T14:00:00Z,14671.0,14671.0,False,False,False,
2023-03-07T15:00:00Z,16055.0,16055.0,False,False,False,
2023-03-07T16:00:00Z,17657.0,17657.0,False,False,False,
2023-03-07T17:00:00Z,19076.0,19076.0,False,False,False,
2023-03-07T18:00:00Z,20417.0,20417.0,False,False,False,
2023-03-07T19:00:00Z,21027.0,21027.0,False,False,False,
2023-03-07T20:00:00Z,21272.0,21272.0,False,False,False,
2023-03-07T21:00:00Z,21607.0,21607.0,False,False,False,
2023-03-07T22:00:00Z,21581.0,21581.0,False,False,False,
2023-03-07T23:00:00Z,21121.0,21121.0,False,False,False,
2023-03-08T00:00:00Z,20492.0,20492.0,False,False,False,
2023-03-08T01:00:00Z,20155.0,20155.0,False,False,False,
2023-03-08T02:00:00Z,19021.0,19021.0,False,False,False,
2023-03-08T03:00:00Z,17696.0,17696.0,False,False,False,
2023-03-08T04:00:00Z,16250.0,16250.0,False,False,False,
2023-03-08T05:00:00Z,14644.0,14644.0,False,False,False,
2023-03-08T06:00:00Z,13250.0,13250.0,False,False,False,
2023-03-08T07:00:00Z,12239.0,12239.0,False,False,False,
2023-03-08T08:00:00Z,11552.0,11552.0,False,False,False,
2023-03-08T09:00:00Z,11157.0,11157.0,False,False,False,
2023-03-08T10:00:00Z,11081.0,11081.0,False,False,False,
2023-03-08T11:00:00Z,11546.0,11546.0,False,False,False,
2023-03-08T12:00:00Z,12578.0,12578.0,False,False,False,
2023-03-08T13:00:00Z,13406.0,13406.0,False,False,False,
2023-03-08T14:00:00Z,14554.0,14554.0,False,False,False,
2023-03-08T15:00:00Z,15751.0,15751.0,False,False,False,
2023-03-08T16:00:00Z,17003.0,17003.0,False,False,False,
2023-03-08T17:00:00Z,18304.0,18304.0,False,False,False,
2023-03-08T18:00:00Z,19362.0,19362.0,False,False,False,
2023-03-08T19:00:00Z,20116.0,20116.0,False,False,False,
2023-03-08T20:00:00Z,20458.0,20458.0,False,False,False,
2023-03-08T21:00:00Z,20577.0,20577.0,False,False,False,
2023-03-08T22:00:00Z,20140.0,20140.0,False,False,False,
2023-03-08T23:00:00Z,19453.0,19453.0,False,False,False,
2023-03-09T00:00:00Z,19242.0,19242.0,False,False,False,
2023-03-09T01:00:00Z,19004.0,19004.0,False,False,False,
2023-03-09T02:00:00Z,18016.0,18016.0,False,False,False,
2023-03-09T03:00:00Z,16870.0,16870.0,False,False,False,
2023-03-09T04:00:00Z,15485.0,15485.0,False,False,False,
2023-03-09T05:00:00Z,13852.0,13852.0,False,False,False,
2023-03-09T06:00:00Z,12658.0,12658.0,False,False,False,
2023-03-09T07:00:00Z,11725.0,11725.0,False,False,False,
2023-03-09T08:00:00Z,11103.0,11103.0,False,False,False,
2023-03-09T09:00:00Z,10747.0,10747.0,False,False,False,
2023-03-09T10:00:00Z,10657.0,10657.0,False,False,False,
2023-03-09T11:00:00Z,11133.0,11133.0,False,False,False,
2023-03-09T12:00:00Z,12168.0,12168.0,False,False,False,
2023-03-09T13:00:00Z,13034.0,13034.0,False,False,False,
2023-03-09T14:00:00Z,14283.0,14283.0,False,False,False,
2023-03-09T15:00:00Z,15252.0,15252.0,False,False,False,
2023-03-09T16:00:00Z,16061.0,16061.0,False,False,False,
2023-03-09T17:00:00Z,16638.0,16638.0,False,False,False,
2023-03-09T18:00:00Z,17286.0,17286.0,False,False,False,
2023-03-09T19:00:00Z,17687.0,17687.0,False,False,False,
2023-03-09T20:00:00Z,17854.0,17854.0,False,False,False,
2023-03-09T21:00:00Z,18118.0,18118.0,False,False,False,
2023-03-09T22:00:00Z,18135.0,18135.0,False,False,False,
2023-03-09T23:00:00Z,17806.0,17806.0,False,False,False,
2023-03-10T00:00:00Z,17371.0,17371.0,False,False,False,
2023-03-10T01:00:00Z,17268.0,17268.0,False,False,False,
2023-03-10T02:00:00Z,16413.0,16413.0,False,False,False,
2023-03-10T03:00:00Z,15298.0,15298.0,False,False,False,
2023-03-10T04:00:00Z,14032.0,14032.0,False,False,False,
2023-03-10T05:00:00Z,12489.0,12489.0,False,False,False,
2023-03-10T06:00:00Z,11268.0,11268.0,False,False,False,
2023-03-10T07:00:00Z,10427.0,10427.0,False,False,False,
2023-03-10T08:00:00Z,9911.0,9911.0,False,False,False,
2023-03-10T09:00:00Z,9621.0,9621.0,False,False,False,
2023-03-10T10:00:00Z,9639.0,9639.0,False,False,False,
2023-03-10T11:00:00Z,10152.0,10152.0,False,False,False,
2023-03-10T12:00:00Z,11240.0,11240.0,False,False,False,
2023-03-10T13:00:00Z,12195.0,12195.0,False,False,False,
2023-03-10T14:00:00Z,13378.0,13378.0,False,False,False,
2023-03-10T15:00:00Z,14497.0,14497.0,False,False,False,
2023-03-10T16:00:00Z,15482.0,15482.0,False,False,False,
2023-03-10T17:00:00Z,16386.0,16386.0,False,False,False,
2023-03-10T18:00:00Z,17296.0,17296.0,False,False,False,
2023-03-10T19:00:00Z,17981.0,17981.0,False,False,False,
2023-03-10T20:00:00Z,18518.0,18518.0,False,False,False,
2023-03-10T21:00:00Z,18759.0,18759.0,False,False,False,
2023-03-10T22:00:00Z,18731.0,18731.0,False,False,False,
2023-03-10T23:00:00Z,18309.0,18309.0,False,False,False,
2023-03-11T00:00:00Z,17580.0,17580.0,False,False,False,
2023-03-11T01:00:00Z,17154.0,17154.0,False,False,False,
2023-03-11T02:00:00Z,16223.0,16223.0,False,False,False,
2023-03-11T03:00:00Z,15527.0,15527.0,False,False,False,
2023-03-11T04:00:00Z,14391.0,14391.0,False,False,False,
2023-03-11T05:00:00Z,13077.0,13077.0,False,False,False,
2023-03-11T06:00:00Z,11894.0,11894.0,False,False,False,
2023-03-11T07:00:00Z,10993.0,10993.0,False,False,False,
2023-03-11T08:00:00Z,10431.0,10431.0,False,False,False,
2023-03-11T09:00:00Z,10075.0,10075.0,False,False,False,
2023-03-11T10:00:00Z,9985.0,9985.0,False,False,False,
2023-03-11T11:00:00Z,10142.0,10142.0,False,False,False,
2023-03-11T12:00:00Z,10611.0,10611.0,False,False,False,
2023-03-11T13:00:00Z,11490.0,11490.0,False,False,False,
2023-03-11T14:00:00Z,13159.0,13159.0,False,False,False,
2023-03-11T15:00:00Z,14700.0,14700.0,False,False,False,
2023-03-11T16:00:00Z,15858.0,15858.0,False,False,False,
2023-03-11T17:00:00Z,16965.0,16965.0,False,False,False,
2023-03-11T18:00:00Z,17467.0,17467.0,False,False,False,
2023-03-11T19:00:00Z,17998.0,17998.0,False,False,False,
2023-03-11T20:00:00Z,18434.0,18434.0,False,False,False,
2023-03-11T21:00:00Z,18549.0,18549.0,False,False,False,
2023-03-11T22:00:00Z,18469.0,18469.0,False,False,False,
2023-03-11T23:00:00Z,18012.0,18012.0,False,False,False,
2023-03-12T00:00:00Z,17325.0,17325.0,False,False,False,
2023-03-12T01:00:00Z,16909.0,16909.0,False,False,False,
2023-03-12T02:00:00Z,15994.0,15994.0,False,False,False,
2023-03-12T03:00:00Z,15039.0,15039.0,False,False,False,
2023-03-12T04:00:00Z,13882.0,13882.0,False,False,False,
2023-03-12T05:00:00Z,12881.0,12881.0,False,False,False,
2023-03-12T06:00:00Z,11677.0,11677.0,False,False,False,
2023-03-12T07:00:00Z,,,True,True,False,missing_or_nonpositive
2023-03-12T08:00:00Z,10773.0,10773.0,False,False,False,
2023-03-12T09:00:00Z,10231.0,10231.0,False,False,False,
2023-03-12T10:00:00Z,9887.0,9887.0,False,False,False,
2023-03-12T11:00:00Z,9834.0,9834.0,False,False,False,
2023-03-12T12:00:00Z,9995.0,9995.0,False,False,False,
2023-03-12T13:00:00Z,10349.0,10349.0,False,False,False,
2023-03-12T14:00:00Z,11334.0,11334.0,False,False,False,
2023-03-12T15:00:00Z,12958.0,12958.0,False,False,False,
2023-03-12T16:00:00Z,14458.0,14458.0,False,False,False,
2023-03-12T17:00:00Z,15627.0,15627.0,False,False,False,
2023-03-12T18:00:00Z,16701.0,16701.0,False,False,False,
2023-03-12T19:00:00Z,17709.0,17709.0,False,False,False,
2023-03-12T20:00:00Z,18498.0,18498.0,False,False,False,
2023-03-12T21:00:00Z,19085.0,19085.0,False,False,False,
2023-03-12T22:00:00Z,19558.0,19558.0,False,False,False,
2023-03-12T23:00:00Z,19653.0,19653.0,False,False,False,
2023-03-13T00:00:00Z,19150.0,19150.0,False,False,False,
2023-03-13T01:00:00Z,18455.0,18455.0,False,False,False,
2023-03-13T02:00:00Z,18095.0,18095.0,False,False,False,
2023-03-13T03:00:00Z,17047.0,17047.0,False,False,False,
2023-03-13T04:00:00Z,15702.0,15702.0,False,False,False,
2023-03-13T05:00:00Z,12781.0,12781.0,False,False,False,
2023-03-13T06:00:00Z,11727.0,11727.0,False,False,False,
2023-03-13T07:00:00Z,11125.0,11125.0,False,False,False,
2023-03-13T08:00:00Z,10791.0,10791.0,False,False,False,
2023-03-13T09:00:00Z,10798.0,10798.0,False,False,False,
2023-03-13T10:00:00Z,11303.0,11303.0,False,False,False,
2023-03-13T11:00:00Z,12221.0,12221.0,False,False,False,
2023-03-13T12:00:00Z,12952.0,12952.0,False,False,False,
2023-03-13T13:00:00Z,13784.0,13784.0,False,False,False,
2023-03-13T14:00:00Z,15261.0,15261.0,False,False,False,
2023-03-13T15:00:00Z,16633.0,16633.0,False,False,False,
2023-03-13T16:00:00Z,17690.0,17690.0,False,False,False,
2023-03-13T17:00:00Z,18557.0,18557.0,False,False,False,
2023-03-13T18:00:00Z,19085.0,19085.0,False,False,False,
2023-03-13T19:00:00Z,19506.0,19506.0,False,False,False,
2023-03-13T20:00:00Z,19848.0,19848.0,False,False,False,
2023-03-13T21:00:00Z,20042.0,20042.0,False,False,False,
2023-03-13T22:00:00Z,19938.0,19938.0,False,False,False,
2023-03-13T23:00:00Z,19368.0,19368.0,False,False,False,
2023-03-14T00:00:00Z,18763.0,18763.0,False,False,False,
2023-03-14T01:00:00Z,18482.0,18482.0,False,False,False,
2023-03-14T02:00:00Z,17400.0,17400.0,False,False,False,
2023-03-14T03:00:00Z,16038.0,16038.0,False,False,False,
2023-03-14T04:00:00Z,14481.0,14481.0,False,False,False,
2023-03-14T05:00:00Z,12970.0,12970.0,False,False,False,
2023-03-14T06:00:00Z,11936.0,11936.0,False,False,False,
2023-03-14T07:00:00Z,11287.0,11287.0,False,False,False,
2023-03-14T08:00:00Z,10833.0,10833.0,False,False,False,
2023-03-14T09:00:00Z,10712.0,10712.0,False,False,False,
2023-03-14T10:00:00Z,11098.0,11098.0,False,False,False,
2023-03-14T11:00:00Z,12072.0,12072.0,False,False,False,
2023-03-14T12:00:00Z,12852.0,12852.0,False,False,False,
2023-03-14T13:00:00Z,13479.0,13479.0,False,False,False,
2023-03-14T14:00:00Z,14407.0,14407.0,False,False,False,
2023-03-14T15:00:00Z,15166.0,15166.0,False,False,False,
2023-03-14T16:00:00Z,15752.0,15752.0,False,False,False,
2023-03-14T17:00:00Z,16163.0,16163.0,False,False,False,
2023-03-14T18:00:00Z,16411.0,16411.0,False,False,False,
2023-03-14T19:00:00Z,16729.0,16729.0,False,False,False,
2023-03-14T20:00:00Z,17054.0,17054.0,False,False,False,
2023-03-14T21:00:00Z,17312.0,17312.0,False,False,False,
2023-03-14T22:00:00Z,17440.0,17440.0,False,False,False,
2023-03-14T23:00:00Z,17081.0,17081.0,False,False,False,
2023-03-15T00:00:00Z,16627.0,16627.0,False,False,False,
2023-03-15T01:00:00Z,16514.0,16514.0,False,False,False,
2023-03-15T02:00:00Z,15596.0,15596.0,False,False,False,
2023-03-15T03:00:00Z,14404.0,14404.0,False,False,False,
2023-03-15T04:00:00Z,12864.0,12864.0,False,False,False,
2023-03-15T05:00:00Z,11557.0,11557.0,False,False,False,
2023-03-15T06:00:00Z,10681.0,10681.0,False,False,False,
2023-03-15T07:00:00Z,10190.0,10190.0,False,False,False,
2023-03-15T08:00:00Z,9929.0,9929.0,False,False,False,
2023-03-15T09:00:00Z,9966.0,9966.0,False,False,False,
2023-03-15T10:00:00Z,10539.0,10539.0,False,False,False,
2023-03-15T11:00:00Z,11707.0,11707.0,False,False,False,
2023-03-15T12:00:00Z,12596.0,12596.0,False,False,False,
2023-03-15T13:00:00Z,13246.0,13246.0,False,False,False,
2023-03-15T14:00:00Z,13956.0,13956.0,False,False,False,
2023-03-15T15:00:00Z,14466.0,14466.0,False,False,False,
2023-03-15T16:00:00Z,14618.0,14618.0,False,False,False,
2023-03-15T17:00:00Z,14629.0,14629.0,False,False,False,
2023-03-15T18:00:00Z,14422.0,14422.0,False,False,False,
2023-03-15T19:00:00Z,14104.0,14104.0,False,False,False,
2023-03-15T20:00:00Z,13857.0,13857.0,False,False,False,
2023-03-15T21:00:00Z,13795.0,13795.0,False,False,False,
2023-03-15T22:00:00Z,13949.0,13949.0,False,False,False,
2023-03-15T23:00:00Z,14121.0,14121.0,False,False,False,
2023-03-16T00:00:00Z,14302.0,14302.0,False,False,False,
2023-03-16T01:00:00Z,14504.0,14504.0,False,False,False,
2023-03-16T02:00:00Z,13885.0,13885.0,False,False,False,
2023-03-16T03:00:00Z,12926.0,12926.0,False,False,False,
2023-03-16T04:00:00Z,11665.0,11665.0,False,False,False,
2023-03-16T05:00:00Z,10618.0,10618.0,False,False,False,
2023-03-16T06:00:00Z,9982.0,9982.0,False,False,False,
2023-03-16T07:00:00Z,9665.0,9665.0,False,False,False,
2023-03-16T08:00:00Z,9564.0,9564.0,False,False,False,
2023-03-16T09:00:00Z,9728.0,9728.0,False,False,False,
2023-03-16T10:00:00Z,10443.0,10443.0,False,False,False,
2023-03-16T11:00:00Z,11689.0,11689.0,False,False,False,
2023-03-16T12:00:00Z,12730.0,12730.0,False,False,False,
2023-03-16T13:00:00Z,13367.0,13367.0,False,False,False,
2023-03-16T14:00:00Z,13669.0,13669.0,False,False,False,
2023-03-16T15:00:00Z,13833.0,13833.0,False,False,False,
2023-03-16T16:00:00Z,13833.0,13833.0,False,False,False,
2023-03-16T17:00:00Z,13915.0,13915.0,False,False,False,
2023-03-16T18:00:00Z,14110.0,14110.0,False,False,False,
2023-03-16T19:00:00Z,14394.0,14394.0,False,False,False,
2023-03-16T20:00:00Z,14719.0,14719.0,False,False,False,
2023-03-16T21:00:00Z,15205.0,15205.0,False,False,False,
2023-03-16T22:00:00Z,15545.0,15545.0,False,False,False,
2023-03-16T23:00:00Z,15461.0,15461.0,False,False,False,
2023-03-17T00:00:00Z,15234.0,15234.0,False,False,False,
2023-03-17T01:00:00Z,15169.0,15169.0,False,False,False,
2023-03-17T02:00:00Z,14367.0,14367.0,False,False,False,
2023-03-17T03:00:00Z,13319.0,13319.0,False,False,False,
2023-03-17T04:00:00Z,11988.0,11988.0,False,False,False,
2023-03-17T05:00:00Z,10773.0,10773.0,False,False,False,
2023-03-17T06:00:00Z,9986.0,9986.0,False,False,False,
2023-03-17T07:00:00Z,9542.0,9542.0,False,False,False,
2023-03-17T08:00:00Z,9352.0,9352.0,False,False,False,
2023-03-17T09:00:00Z,9388.0,9388.0,False,False,False,
2023-03-17T10:00:00Z,9902.0,9902.0,False,False,False,
2023-03-17T11:00:00Z,10852.0,10852.0,False,False,False,
2023-03-17T12:00:00Z,11762.0,11762.0,False,False,False,
2023-03-17T13:00:00Z,12633.0,12633.0,False,False,False,
2023-03-17T14:00:00Z,13599.0,13599.0,False,False,False,
2023-03-17T15:00:00Z,14333.0,14333.0,False,False,False,
2023-03-17T16:00:00Z,14908.0,14908.0,False,False,False,
2023-03-17T17:00:00Z,15418.0,15418.0,False,False,False,
2023-03-17T18:00:00Z,15929.0,15929.0,False,False,False,
2023-03-17T19:00:00Z,16468.0,16468.0,False,False,False,
2023-03-17T20:00:00Z,17129.0,17129.0,False,False,False,
2023-03-17T21:00:00Z,17592.0,17592.0,False,False,False,
2023-03-17T22:00:00Z,17697.0,17697.0,False,False,False,
2023-03-17T23:00:00Z,17218.0,17218.0,False,False,False,
2023-03-18T00:00:00Z,16384.0,16384.0,False,False,False,
2023-03-18T01:00:00Z,16030.0,16030.0,False,False,False,
2023-03-18T02:00:00Z,15154.0,15154.0,False,False,False,
2023-03-18T03:00:00Z,14196.0,14196.0,False,False,False,
2023-03-18T04:00:00Z,12980.0,12980.0,False,False,False,
2023-03-18T05:00:00Z,11763.0,11763.0,False,False,False,
2023-03-18T06:00:00Z,10813.0,10813.0,False,False,False,
2023-03-18T07:00:00Z,10177.0,10177.0,False,False,False,
2023-03-18T08:00:00Z,9816.0,9816.0,False,False,False,
2023-03-18T09:00:00Z,9659.0,9659.0,False,False,False,
2023-03-18T10:00:00Z,9778.0,9778.0,False,False,False,
2023-03-18T11:00:00Z,10124.0,10124.0,False,False,False,
2023-03-18T12:00:00Z,10706.0,10706.0,False,False,False,
2023-03-18T13:00:00Z,12034.0,12034.0,False,False,False,
2023-03-18T14:00:00Z,13747.0,13747.0,False,False,False,
2023-03-18T15:00:00Z,15146.0,15146.0,False,False,False,
2023-03-18T16:00:00Z,16169.0,16169.0,False,False,False,
2023-03-18T17:00:00Z,17058.0,17058.0,False,False,False,
2023-03-18T18:00:00Z,17694.0,17694.0,False,False,False,
2023-03-18T19:00:00Z,18329.0,18329.0,False,False,False,
2023-03-18T20:00:00Z,18795.0,18795.0,False,False,False,
2023-03-18T21:00:00Z,19073.0,19073.0,False,False,False,
2023-03-18T22:00:00Z,18911.0,18911.0,False,False,False,
2023-03-18T23:00:00Z,18212.0,18212.0,False,False,False,
2023-03-19T00:00:00Z,17433.0,17433.0,False,False,False,
2023-03-19T01:00:00Z,17090.0,17090.0,False,False,False,
2023-03-19T02:00:00Z,16099.0,16099.0,False,False,False,
2023-03-19T03:00:00Z,15066.0,15066.0,False,False,False,
2023-03-19T04:00:00Z,13907.0,13907.0,False,False,False,
2023-03-19T05:00:00Z,12652.0,12652.0,False,False,False,
2023-03-19T06:00:00Z,11683.0,11683.0,False,False,False,
2023-03-19T07:00:00Z,11065.0,11065.0,False,False,False,
2023-03-19T08:00:00Z,10647.0,10647.0,False,False,False,
2023-03-19T09:00:00Z,10426.0,10426.0,False,False,False,
2023-03-19T10:00:00Z,10456.0,10456.0,False,False,False,
2023-03-19T11:00:00Z,10720.0,10720.0,False,False,False,
2023-03-19T12:00:00Z,11231.0,11231.0,False,False,False,
2023-03-19T13:00:00Z,12423.0,12423.0,False,False,False,
2023-03-19T14:00:00Z,13841.0,13841.0,False,False,False,
2023-03-19T15:00:00Z,14681.0,14681.0,False,False,False,
2023-03-19T16:00:00Z,15084.0,15084.0,False,False,False,
2023-03-19T17:00:00Z,15350.0,15350.0,False,False,False,
2023-03-19T18:00:00Z,15410.0,15410.0,False,False,False,
2023-03-19T19:00:00Z,15264.0,15264.0,False,False,False,
2023-03-19T20:00:00Z,14955.0,14955.0,False,False,False,
2023-03-19T21:00:00Z,14741.0,14741.0,False,False,False,
2023-03-19T22:00:00Z,14557.0,14557.0,False,False,False,
2023-03-19T23:00:00Z,14402.0,14402.0,False,False,False,
2023-03-20T00:00:00Z,14482.0,14482.0,False,False,False,
2023-03-20T01:00:00Z,14476.0,14476.0,False,False,False,
2023-03-20T02:00:00Z,13831.0,13831.0,False,False,False,
2023-03-20T03:00:00Z,12958.0,12958.0,False,False,False,
2023-03-20T04:00:00Z,11725.0,11725.0,False,False,False,
2023-03-20T05:00:00Z,10853.0,10853.0,False,False,False,
2023-03-20T06:00:00Z,10180.0,10180.0,False,False,False,
2023-03-20T07:00:00Z,9852.0,9852.0,False,False,False,
2023-03-20T08:00:00Z,9752.0,9752.0,False,False,False,
2023-03-20T09:00:00Z,9974.0,9974.0,False,False,False,
2023-03-20T10:00:00Z,10712.0,10712.0,False,False,False,
2023-03-20T11:00:00Z,11869.0,11869.0,False,False,False,
2023-03-20T12:00:00Z,12991.0,12991.0,False,False,False,
2023-03-20T13:00:00Z,13823.0,13823.0,False,False,False,
2023-03-20T14:00:00Z,14228.0,14228.0,False,False,False,
2023-03-20T15:00:00Z,14297.0,14297.0,False,False,False,
2023-03-20T16:00:00Z,14197.0,14197.0,False,False,False,
2023-03-20T17:00:00Z,14119.0,14119.0,False,False,False,
2023-03-20T18:00:00Z,13983.0,13983.0,False,False,False,
2023-03-20T19:00:00Z,13907.0,13907.0,False,False,False,
2023-03-20T20:00:00Z,13969.0,13969.0,False,False,False,
2023-03-20T21:00:00Z,14168.0,14168.0,False,False,False,
2023-03-20T22:00:00Z,14293.0,14293.0,False,False,False,
2023-03-20T23:00:00Z,14354.0,14354.0,False,False,False,
2023-03-21T00:00:00Z,14521.0,14521.0,False,False,False,
2023-03-21T01:00:00Z,14719.0,14719.0,False,False,False,
2023-03-21T02:00:00Z,14019.0,14019.0,False,False,False,
2023-03-21T03:00:00Z,13025.0,13025.0,False,False,False,
2023-03-21T04:00:00Z,11920.0,11920.0,False,False,False,
2023-03-21T05:00:00Z,10827.0,10827.0,False,False,False,
2023-03-21T06:00:00Z,10203.0,10203.0,False,False,False,
2023-03-21T07:00:00Z,9922.0,9922.0,False,False,False,
2023-03-21T08:00:00Z,9856.0,9856.0,False,False,False,
2023-03-21T09:00:00Z,10099.0,10099.0,False,False,False,
2023-03-21T10:00:00Z,10863.0,10863.0,False,False,False,
2023-03-21T11:00:00Z,12132.0,12132.0,False,False,False,
2023-03-21T12:00:00Z,13238.0,13238.0,False,False,False,
2023-03-21T13:00:00Z,13863.0,13863.0,False,False,False,
2023-03-21T14:00:00Z,14092.0,14092.0,False,False,False,
2023-03-21T15:00:00Z,14151.0,14151.0,False,False,False,
2023-03-21T16:00:00Z,14136.0,14136.0,False,False,False,
2023-03-21T17:00:00Z,14157.0,14157.0,False,False,False,
2023-03-21T18:00:00Z,14327.0,14327.0,False,False,False,
2023-03-21T19:00:00Z,14636.0,14636.0,False,False,False,
2023-03-21T20:00:00Z,15041.0,15041.0,False,False,False,
2023-03-21T21:00:00Z,15488.0,15488.0,False,False,False,
2023-03-21T22:00:00Z,15848.0,15848.0,False,False,False,
2023-03-21T23:00:00Z,15746.0,15746.0,False,False,False,
2023-03-22T00:00:00Z,15435.0,15435.0,False,False,False,
2023-03-22T01:00:00Z,15312.0,15312.0,False,False,False,
2023-03-22T02:00:00Z,14382.0,14382.0,False,False,False,
2023-03-22T03:00:00Z,13180.0,13180.0,False,False,False,
2023-03-22T04:00:00Z,11933.0,11933.0,False,False,False,
2023-03-22T05:00:00Z,10640.0,10640.0,False,False,False,
2023-03-22T06:00:00Z,9898.0,9898.0,False,False,False,
2023-03-22T07:00:00Z,9450.0,9450.0,False,False,False,
2023-03-22T08:00:00Z,9274.0,9274.0,False,False,False,
2023-03-22T09:00:00Z,9384.0,9384.0,False,False,False,
2023-03-22T10:00:00Z,9982.0,9982.0,False,False,False,
2023-03-22T11:00:00Z,11087.0,11087.0,False,False,False,
2023-03-22T12:00:00Z,12020.0,12020.0,False,False,False,
2023-03-22T13:00:00Z,12781.0,12781.0,False,False,False,
2023-03-22T14:00:00Z,13528.0,13528.0,False,False,False,
2023-03-22T15:00:00Z,14180.0,14180.0,False,False,False,
2023-03-22T16:00:00Z,14826.0,14826.0,False,False,False,
2023-03-22T17:00:00Z,15412.0,15412.0,False,False,False,
2023-03-22T18:00:00Z,15901.0,15901.0,False,False,False,
2023-03-22T19:00:00Z,16446.0,16446.0,False,False,False,
2023-03-22T20:00:00Z,16957.0,16957.0,False,False,False,
2023-03-22T21:00:00Z,17424.0,17424.0,False,False,False,
2023-03-22T22:00:00Z,17570.0,17570.0,False,False,False,
2023-03-22T23:00:00Z,17252.0,17252.0,False,False,False,
2023-03-23T00:00:00Z,16718.0,16718.0,False,False,False,
2023-03-23T01:00:00Z,16530.0,16530.0,False,False,False,
2023-03-23T02:00:00Z,15582.0,15582.0,False,False,False,
2023-03-23T03:00:00Z,14380.0,14380.0,False,False,False,
2023-03-23T04:00:00Z,12632.0,12632.0,False,False,False,
2023-03-23T05:00:00Z,11485.0,11485.0,False,False,False,
2023-03-23T06:00:00Z,10563.0,10563.0,False,False,False,
2023-03-23T07:00:00Z,10036.0,10036.0,False,False,False,
2023-03-23T08:00:00Z,9786.0,9786.0,False,False,False,
2023-03-23T09:00:00Z,9778.0,9778.0,False,False,False,
2023-03-23T10:00:00Z,10272.0,10272.0,False,False,False,
2023-03-23T11:00:00Z,11272.0,11272.0,False,False,False,
2023-03-23T12:00:00Z,12081.0,12081.0,False,False,False,
2023-03-23T13:00:00Z,12978.0,12978.0,False,False,False,
2023-03-23T14:00:00Z,14063.0,14063.0,False,False,False,
2023-03-23T15:00:00Z,14854.0,14854.0,False,False,False,
2023-03-23T16:00:00Z,15656.0,15656.0,False,False,False,
2023-03-23T17:00:00Z,16439.0,16439.0,False,False,False,
2023-03-23T18:00:00Z,17185.0,17185.0,False,False,False,
2023-03-23T19:00:00Z,17823.0,17823.0,False,False,False,
2023-03-23T20:00:00Z,18512.0,18512.0,False,False,False,
2023-03-23T21:00:00Z,19006.0,19006.0,False,False,False,
2023-03-23T22:00:00Z,19110.0,19110.0,False,False,False,
2023-03-23T23:00:00Z,18590.0,18590.0,False,False,False,
2023-03-24T00:00:00Z,17672.0,17672.0,False,False,False,
2023-03-24T01:00:00Z,17210.0,17210.0,False,False,False,
2023-03-24T02:00:00Z,16117.0,16117.0,False,False,False,
2023-03-24T03:00:00Z,14954.0,14954.0,False,False,False,
2023-03-24T04:00:00Z,13342.0,13342.0,False,False,False,
2023-03-24T05:00:00Z,11891.0,11891.0,False,False,False,
2023-03-24T06:00:00Z,10837.0,10837.0,False,False,False,
2023-03-24T07:00:00Z,10297.0,10297.0,False,False,False,
2023-03-24T08:00:00Z,9926.0,9926.0,False,False,False,
2023-03-24T09:00:00Z,9871.0,9871.0,False,False,False,
2023-03-24T10:00:00Z,10298.0,10298.0,False,False,False,
2023-03-24T11:00:00Z,11250.0,11250.0,False,False,False,
2023-03-24T12:00:00Z,12052.0,12052.0,False,False,False,
2023-03-24T13:00:00Z,13027.0,13027.0,False,False,False,
2023-03-24T14:00:00Z,14303.0,14303.0,False,False,False,
2023-03-24T15:00:00Z,15432.0,15432.0,False,False,False,
2023-03-24T16:00:00Z,16514.0,16514.0,False,False,False,
2023-03-24T17:00:00Z,17348.0,17348.0,False,False,False,
2023-03-24T18:00:00Z,18190.0,18190.0,False,False,False,
2023-03-24T19:00:00Z,19014.0,19014.0,False,False,False,
2023-03-24T20:00:00Z,19659.0,19659.0,False,False,False,
2023-03-24T21:00:00Z,20060.0,20060.0,False,False,False,
2023-03-24T22:00:00Z,20045.0,20045.0,False,False,False,
2023-03-24T23:00:00Z,19399.0,19399.0,False,False,False,
2023-03-25T00:00:00Z,18291.0,18291.0,False,False,False,
2023-03-25T01:00:00Z,17733.0,17733.0,False,False,False,
2023-03-25T02:00:00Z,16779.0,16779.0,False,False,False,
2023-03-25T03:00:00Z,15739.0,15739.0,False,False,False,
2023-03-25T04:00:00Z,14415.0,14415.0,False,False,False,
2023-03-25T05:00:00Z,13144.0,13144.0,False,False,False,
2023-03-25T06:00:00Z,12059.0,12059.0,False,False,False,
2023-03-25T07:00:00Z,11405.0,11405.0,False,False,False,
2023-03-25T08:00:00Z,10996.0,10996.0,False,False,False,
2023-03-25T09:00:00Z,10781.0,10781.0,False,False,False,
2023-03-25T10:00:00Z,10820.0,10820.0,False,False,False,
2023-03-25T11:00:00Z,11132.0,11132.0,False,False,False,
2023-03-25T12:00:00Z,11680.0,11680.0,False,False,False,
2023-03-25T13:00:00Z,13129.0,13129.0,False,False,False,
2023-03-25T14:00:00Z,15095.0,15095.0,False,False,False,
2023-03-25T15:00:00Z,16650.0,16650.0,False,False,False,
2023-03-25T16:00:00Z,17903.0,17903.0,False,False,False,
2023-03-25T17:00:00Z,18916.0,18916.0,False,False,False,
2023-03-25T18:00:00Z,19797.0,19797.0,False,False,False,
2023-03-25T19:00:00Z,20524.0,20524.0,False,False,False,
2023-03-25T20:00:00Z,21094.0,21094.0,False,False,False,
2023-03-25T21:00:00Z,21427.0,21427.0,False,False,False,
2023-03-25T22:00:00Z,21361.0,21361.0,False,False,False,
2023-03-25T23:00:00Z,20570.0,20570.0,False,False,False,
2023-03-26T00:00:00Z,19307.0,19307.0,False,False,False,
2023-03-26T01:00:00Z,18640.0,18640.0,False,False,False,
2023-03-26T02:00:00Z,17659.0,17659.0,False,False,False,
2023-03-26T03:00:00Z,16550.0,16550.0,False,False,False,
2023-03-26T04:00:00Z,15161.0,15161.0,False,False,False,
2023-03-26T05:00:00Z,14014.0,14014.0,False,False,False,
2023-03-26T06:00:00Z,13010.0,13010.0,False,False,False,
2023-03-26T07:00:00Z,12248.0,12248.0,False,False,False,
2023-03-26T08:00:00Z,11710.0,11710.0,False,False,False,
2023-03-26T09:00:00Z,11404.0,11404.0,False,False,False,
2023-03-26T10:00:00Z,11367.0,11367.0,False,False,False,
2023-03-26T11:00:00Z,11560.0,11560.0,False,False,False,
2023-03-26T12:00:00Z,12000.0,12000.0,False,False,False,
2023-03-26T13:00:00Z,13408.0,13408.0,False,False,False,
2023-03-26T14:00:00Z,15368.0,15368.0,False,False,False,
2023-03-26T15:00:00Z,17097.0,17097.0,False,False,False,
2023-03-26T16:00:00Z,18443.0,18443.0,False,False,False,
2023-03-26T17:00:00Z,19699.0,19699.0,False,False,False,
2023-03-26T18:00:00Z,20596.0,20596.0,False,False,False,
2023-03-26T19:00:00Z,21298.0,21298.0,False,False,False,
2023-03-26T20:00:00Z,21797.0,21797.0,False,False,False,
2023-03-26T21:00:00Z,22153.0,22153.0,False,False,False,
2023-03-26T22:00:00Z,22185.0,22185.0,False,False,False,
2023-03-26T23:00:00Z,21487.0,21487.0,False,False,False,
2023-03-27T00:00:00Z,20379.0,20379.0,False,False,False,
2023-03-27T01:00:00Z,19715.0,19715.0,False,False,False,
2023-03-27T02:00:00Z,18507.0,18507.0,False,False,False,
2023-03-27T03:00:00Z,17020.0,17020.0,False,False,False,
2023-03-27T04:00:00Z,15308.0,15308.0,False,False,False,
2023-03-27T05:00:00Z,13760.0,13760.0,False,False,False,
2023-03-27T06:00:00Z,12719.0,12719.0,False,False,False,
2023-03-27T07:00:00Z,12029.0,12029.0,False,False,False,
2023-03-27T08:00:00Z,11633.0,11633.0,False,False,False,
2023-03-27T09:00:00Z,11539.0,11539.0,False,False,False,
2023-03-27T10:00:00Z,11960.0,11960.0,False,False,False,
2023-03-27T11:00:00Z,12880.0,12880.0,False,False,False,
2023-03-27T12:00:00Z,13490.0,13490.0,False,False,False,
2023-03-27T13:00:00Z,14527.0,14527.0,False,False,False,
2023-03-27T14:00:00Z,16131.0,16131.0,False,False,False,
2023-03-27T15:00:00Z,17630.0,17630.0,False,False,False,
2023-03-27T16:00:00Z,18919.0,18919.0,False,False,False,
2023-03-27T17:00:00Z,20060.0,20060.0,False,False,False,
2023-03-27T18:00:00Z,21083.0,21083.0,False,False,False,
2023-03-27T19:00:00Z,21872.0,21872.0,False,False,False,
2023-03-27T20:00:00Z,22442.0,22442.0,False,False,False,
2023-03-27T21:00:00Z,22907.0,22907.0,False,False,False,
2023-03-27T22:00:00Z,22912.0,22912.0,False,False,False,
2023-03-27T23:00:00Z,22236.0,22236.0,False,False,False,
2023-03-28T00:00:00Z,21243.0,21243.0,False,False,False,
2023-03-28T01:00:00Z,20602.0,20602.0,False,False,False,
2023-03-28T02:00:00Z,19172.0,19172.0,False,False,False,
2023-03-28T03:00:00Z,17626.0,17626.0,False,False,False,
2023-03-28T04:00:00Z,15740.0,15740.0,False,False,False,
2023-03-28T05:00:00Z,14181.0,14181.0,False,False,False,
2023-03-28T06:00:00Z,13049.0,13049.0,False,False,False,
2023-03-28T07:00:00Z,12252.0,12252.0,False,False,False,
2023-03-28T08:00:00Z,11822.0,11822.0,False,False,False,
2023-03-28T09:00:00Z,11748.0,11748.0,False,False,False,
2023-03-28T10:00:00Z,12233.0,12233.0,False,False,False,
2023-03-28T11:00:00Z,13262.0,13262.0,False,False,False,
2023-03-28T12:00:00Z,13895.0,13895.0,False,False,False,
2023-03-28T13:00:00Z,14711.0,14711.0,False,False,False,
2023-03-28T14:00:00Z,15929.0,15929.0,False,False,False,
2023-03-28T15:00:00Z,17219.0,17219.0,False,False,False,
2023-03-28T16:00:00Z,18469.0,18469.0,False,False,False,
2023-03-28T17:00:00Z,19661.0,19661.0,False,False,False,
2023-03-28T18:00:00Z,20651.0,20651.0,False,False,False,
2023-03-28T19:00:00Z,21362.0,21362.0,False,False,False,
2023-03-28T20:00:00Z,21792.0,21792.0,False,False,False,
2023-03-28T21:00:00Z,22147.0,22147.0,False,False,False,
2023-03-28T22:00:00Z,21910.0,21910.0,False,False,False,
2023-03-28T23:00:00Z,21101.0,21101.0,False,False,False,
2023-03-29T00:00:00Z,20181.0,20181.0,False,False,False,
2023-03-29T01:00:00Z,19663.0,19663.0,False,False,False,
2023-03-29T02:00:00Z,18332.0,18332.0,False,False,False,
2023-03-29T03:00:00Z,16814.0,16814.0,False,False,False,
2023-03-29T04:00:00Z,15085.0,15085.0,False,False,False,
2023-03-29T05:00:00Z,13534.0,13534.0,False,False,False,
2023-03-29T06:00:00Z,12378.0,12378.0,False,False,False,
2023-03-29T07:00:00Z,11664.0,11664.0,False,False,False,
2023-03-29T08:00:00Z,11214.0,11214.0,False,False,False,
2023-03-29T09:00:00Z,11078.0,11078.0,False,False,False,
2023-03-29T10:00:00Z,11519.0,11519.0,False,False,False,
2023-03-29T11:00:00Z,12518.0,12518.0,False,False,False,
2023-03-29T12:00:00Z,13175.0,13175.0,False,False,False,
2023-03-29T13:00:00Z,14032.0,14032.0,False,False,False,
2023-03-29T14:00:00Z,15228.0,15228.0,False,False,False,
2023-03-29T15:00:00Z,16314.0,16314.0,False,False,False,
2023-03-29T16:00:00Z,17320.0,17320.0,False,False,False,
2023-03-29T17:00:00Z,18184.0,18184.0,False,False,False,
2023-03-29T18:00:00Z,18961.0,18961.0,False,False,False,
2023-03-29T19:00:00Z,19428.0,19428.0,False,False,False,
2023-03-29T20:00:00Z,19533.0,19533.0,False,False,False,
2023-03-29T21:00:00Z,19684.0,19684.0,False,False,False,
2023-03-29T22:00:00Z,19399.0,19399.0,False,False,False,
2023-03-29T23:00:00Z,18802.0,18802.0,False,False,False,
2023-03-30T00:00:00Z,18174.0,18174.0,False,False,False,
2023-03-30T01:00:00Z,17738.0,17738.0,False,False,False,
2023-03-30T02:00:00Z,16712.0,16712.0,False,False,False,
2023-03-30T03:00:00Z,15478.0,15478.0,False,False,False,
2023-03-30T04:00:00Z,13931.0,13931.0,False,False,False,
2023-03-30T05:00:00Z,12528.0,12528.0,False,False,False,
2023-03-30T06:00:00Z,11566.0,11566.0,False,False,False,
2023-03-30T07:00:00Z,10992.0,10992.0,False,False,False,
2023-03-30T08:00:00Z,10646.0,10646.0,False,False,False,
2023-03-30T09:00:00Z,10610.0,10610.0,False,False,False,
2023-03-30T10:00:00Z,11168.0,11168.0,False,False,False,
2023-03-30T11:00:00Z,12270.0,12270.0,False,False,False,
2023-03-30T12:00:00Z,13008.0,13008.0,False,False,False,
2023-03-30T13:00:00Z,13723.0,13723.0,False,False,False,
2023-03-30T14:00:00Z,14701.0,14701.0,False,False,False,
2023-03-30T15:00:00Z,15410.0,15410.0,False,False,False,
2023-03-30T16:00:00Z,15931.0,15931.0,False,False,False,
2023-03-30T17:00:00Z,16398.0,16398.0,False,False,False,
2023-03-30T18:00:00Z,16877.0,16877.0,False,False,False,
2023-03-30T19:00:00Z,17425.0,17425.0,False,False,False,
2023-03-30T20:00:00Z,17965.0,17965.0,False,False,False,
2023-03-30T21:00:00Z,18503.0,18503.0,False,False,False,
2023-03-30T22:00:00Z,18568.0,18568.0,False,False,False,
2023-03-30T23:00:00Z,18218.0,18218.0,False,False,False,
2023-03-31T00:00:00Z,17644.0,17644.0,False,False,False,
2023-03-31T01:00:00Z,17453.0,17453.0,False,False,False,
2023-03-31T02:00:00Z,16568.0,16568.0,False,False,False,
2023-03-31T03:00:00Z,15309.0,15309.0,False,False,False,
2023-03-31T04:00:00Z,13744.0,13744.0,False,False,False,
2023-03-31T05:00:00Z,12384.0,12384.0,False,False,False,
2023-03-31T06:00:00Z,11451.0,11451.0,False,False,False,
2023-03-31T07:00:00Z,10839.0,10839.0,False,False,False,
2023-03-31T08:00:00Z,10478.0,10478.0,False,False,False,
2023-03-31T09:00:00Z,10441.0,10441.0,False,False,False,
2023-03-31T10:00:00Z,10895.0,10895.0,False,False,False,
2023-03-31T11:00:00Z,11970.0,11970.0,False,False,False,
2023-03-31T12:00:00Z,12663.0,12663.0,False,False,False,
2023-03-31T13:00:00Z,13664.0,13664.0,False,False,False,
2023-03-31T14:00:00Z,14799.0,14799.0,False,False,False,
2023-03-31T15:00:00Z,15792.0,15792.0,False,False,False,
2023-03-31T16:00:00Z,16677.0,16677.0,False,False,False,
2023-03-31T17:00:00Z,17457.0,17457.0,False,False,False,
2023-03-31T18:00:00Z,18237.0,18237.0,False,False,False,
2023-03-31T19:00:00Z,18824.0,18824.0,False,False,False,
2023-03-31T20:00:00Z,19447.0,19447.0,False,False,False,
2023-03-31T21:00:00Z,19871.0,19871.0,False,False,False,
2023-03-31T22:00:00Z,19823.0,19823.0,False,False,False,
2023-03-31T23:00:00Z,19150.0,19150.0,False,False,False,
2023-04-01T00:00:00Z,18164.0,18164.0,False,False,False,
2023-04-01T01:00:00Z,17793.0,17793.0,False,False,False,
2023-04-01T02:00:00Z,16846.0,16846.0,False,False,False,
2023-04-01T03:00:00Z,15785.0,15785.0,False,False,False,
2023-04-01T04:00:00Z,14621.0,14621.0,False,False,False,
2023-04-01T05:00:00Z,13171.0,13171.0,False,False,False,
2023-04-01T06:00:00Z,12186.0,12186.0,False,False,False,
2023-04-01T07:00:00Z,11491.0,11491.0,False,False,False,
2023-04-01T08:00:00Z,11060.0,11060.0,False,False,False,
2023-04-01T09:00:00Z,10833.0,10833.0,False,False,False,
2023-04-01T10:00:00Z,10900.0,10900.0,False,False,False,
2023-04-01T11:00:00Z,11286.0,11286.0,False,False,False,
2023-04-01T12:00:00Z,11812.0,11812.0,False,False,False,
2023-04-01T13:00:00Z,13228.0,13228.0,False,False,False,
2023-04-01T14:00:00Z,15163.0,15163.0,False,False,False,
2023-04-01T15:00:00Z,16933.0,16933.0,False,False,False,
2023-04-01T16:00:00Z,18226.0,18226.0,False,False,False,
2023-04-01T17:00:00Z,19247.0,19247.0,False,False,False,
2023-04-01T18:00:00Z,20078.0,20078.0,False,False,False,
2023-04-01T19:00:00Z,20786.0,20786.0,False,False,False,
2023-04-01T20:00:00Z,21229.0,21229.0,False,False,False,
2023-04-01T21:00:00Z,21457.0,21457.0,False,False,False,
2023-04-01T22:00:00Z,21259.0,21259.0,False,False,False,
2023-04-01T23:00:00Z,20345.0,20345.0,False,False,False,
2023-04-02T00:00:00Z,19421.0,19421.0,False,False,False,
2023-04-02T01:00:00Z,18841.0,18841.0,False,False,False,
2023-04-02T02:00:00Z,17905.0,17905.0,False,False,False,
2023-04-02T03:00:00Z,16697.0,16697.0,False,False,False,
2023-04-02T04:00:00Z,15293.0,15293.0,False,False,False,
2023-04-02T05:00:00Z,13961.0,13961.0,False,False,False,
2023-04-02T06:00:00Z,12795.0,12795.0,False,False,False,
2023-04-02T07:00:00Z,11951.0,11951.0,False,False,False,
2023-04-02T08:00:00Z,11359.0,11359.0,False,False,False,
2023-04-02T09:00:00Z,10993.0,10993.0,False,False,False,
2023-04-02T10:00:00Z,10915.0,10915.0,False,False,False,
2023-04-02T11:00:00Z,11121.0,11121.0,False,False,False,
2023-04-02T12:00:00Z,11531.0,11531.0,False,False,False,
2023-04-02T13:00:00Z,12928.0,12928.0,False,False,False,
2023-04-02T14:00:00Z,14761.0,14761.0,False,False,False,
2023-04-02T15:00:00Z,16267.0,16267.0,False,False,False,
2023-04-02T16:00:00Z,17542.0,17542.0,False,False,False,
2023-04-02T17:00:00Z,18821.0,18821.0,False,False,False,
2023-04-02T18:00:00Z,19808.0,19808.0,False,False,False,
2023-04-02T19:00:00Z,20646.0,20646.0,False,False,False,
2023-04-02T20:00:00Z,21199.0,21199.0,False,False,False,
2023-04-02T21:00:00Z,21562.0,21562.0,False,False,False,
2023-04-02T22:00:00Z,21650.0,21650.0,False,False,False,
2023-04-02T23:00:00Z,21039.0,21039.0,False,False,False,
2023-04-03T00:00:00Z,19931.0,19931.0,False,False,False,
2023-04-03T01:00:00Z,19501.0,19501.0,False,False,False,
2023-04-03T02:00:00Z,18462.0,18462.0,False,False,False,
2023-04-03T03:00:00Z,17012.0,17012.0,False,False,False,
2023-04-03T04:00:00Z,15290.0,15290.0,False,False,False,
2023-04-03T05:00:00Z,13782.0,13782.0,False,False,False,
2023-04-03T06:00:00Z,12660.0,12660.0,False,False,False,
2023-04-03T07:00:00Z,11889.0,11889.0,False,False,False,
2023-04-03T08:00:00Z,11438.0,11438.0,False,False,False,
2023-04-03T09:00:00Z,11417.0,11417.0,False,False,False,
2023-04-03T10:00:00Z,11957.0,11957.0,False,False,False,
2023-04-03T11:00:00Z,12908.0,12908.0,False,False,False,
2023-04-03T12:00:00Z,13604.0,13604.0,False,False,False,
2023-04-03T13:00:00Z,14647.0,14647.0,False,False,False,
2023-04-03T14:00:00Z,16124.0,16124.0,False,False,False,
2023-04-03T15:00:00Z,17468.0,17468.0,False,False,False,
2023-04-03T16:00:00Z,18688.0,18688.0,False,False,False,
2023-04-03T17:00:00Z,19798.0,19798.0,False,False,False,
2023-04-03T18:00:00Z,20809.0,20809.0,False,False,False,
2023-04-03T19:00:00Z,21606.0,21606.0,False,False,False,
2023-04-03T20:00:00Z,22225.0,22225.0,False,False,False,
2023-04-03T21:00:00Z,22624.0,22624.0,False,False,False,
2023-04-03T22:00:00Z,22624.0,22624.0,False,False,False,
2023-04-03T23:00:00Z,22138.0,22138.0,False,False,False,
2023-04-04T00:00:00Z,21093.0,21093.0,False,False,False,
2023-04-04T01:00:00Z,20588.0,20588.0,False,False,False,
2023-04-04T02:00:00Z,19366.0,19366.0,False,False,False,
2023-04-04T03:00:00Z,17681.0,17681.0,False,False,False,
2023-04-04T04:00:00Z,15973.0,15973.0,False,False,False,
2023-04-04T05:00:00Z,14276.0,14276.0,False,False,False,
2023-04-04T06:00:00Z,13106.0,13106.0,False,False,False,
2023-04-04T07:00:00Z,12334.0,12334.0,False,False,False,
2023-04-04T08:00:00Z,11857.0,11857.0,False,False,False,
2023-04-04T09:00:00Z,11715.0,11715.0,False,False,False,
2023-04-04T10:00:00Z,12127.0,12127.0,False,False,False,
2023-04-04T11:00:00Z,13164.0,13164.0,False,False,False,
2023-04-04T12:00:00Z,13786.0,13786.0,False,False,False,
2023-04-04T13:00:00Z,14876.0,14876.0,False,False,False,
2023-04-04T14:00:00Z,16365.0,16365.0,False,False,False,
2023-04-04T15:00:00Z,17718.0,17718.0,False,False,False,
2023-04-04T16:00:00Z,18898.0,18898.0,False,False,False,
2023-04-04T17:00:00Z,19995.0,19995.0,False,False,False,
2023-04-04T18:00:00Z,21024.0,21024.0,False,False,False,
2023-04-04T19:00:00Z,21807.0,21807.0,False,False,False,
2023-04-04T20:00:00Z,22476.0,22476.0,False,False,False,
2023-04-04T21:00:00Z,22998.0,22998.0,False,False,False,
2023-04-04T22:00:00Z,23105.0,23105.0,False,False,False,
2023-04-04T23:00:00Z,22508.0,22508.0,False,False,False,
2023-04-05T00:00:00Z,21296.0,21296.0,False,False,False,
2023-04-05T01:00:00Z,20524.0,20524.0,False,False,False,
2023-04-05T02:00:00Z,20448.0,20448.0,False,False,False,
2023-04-05T03:00:00Z,18652.0,18652.0,False,False,False,
2023-04-05T04:00:00Z,16235.0,16235.0,False,False,False,
2023-04-05T05:00:00Z,14417.0,14417.0,False,False,False,
2023-04-05T06:00:00Z,13481.0,13481.0,False,False,False,
2023-04-05T07:00:00Z,12702.0,12702.0,False,False,False,
2023-04-05T08:00:00Z,12225.0,12225.0,False,False,False,
2023-04-05T09:00:00Z,12066.0,12066.0,False,False,False,
2023-04-05T10:00:00Z,12456.0,12456.0,False,False,False,
2023-04-05T11:00:00Z,13446.0,13446.0,False,False,False,
2023-04-05T12:00:00Z,14092.0,14092.0,False,False,False,
2023-04-05T13:00:00Z,15235.0,15235.0,False,False,False,
2023-04-05T14:00:00Z,16690.0,16690.0,False,False,False,
2023-04-05T15:00:00Z,18034.0,18034.0,False,False,False,
2023-04-05T16:00:00Z,19139.0,19139.0,False,False,False,
2023-04-05T17:00:00Z,20140.0,20140.0,False,False,False,
2023-04-05T18:00:00Z,21126.0,21126.0,False,False,False,
2023-04-05T19:00:00Z,21855.0,21855.0,False,False,False,
2023-04-05T20:00:00Z,22441.0,22441.0,False,False,False,
2023-04-05T21:00:00Z,22727.0,22727.0,False,False,False,
2023-04-05T22:00:00Z,22642.0,22642.0,False,False,False,
2023-04-05T23:00:00Z,21863.0,21863.0,False,False,False,
2023-04-06T00:00:00Z,20858.0,20858.0,False,False,False,
2023-04-06T01:00:00Z,20370.0,20370.0,False,False,False,
2023-04-06T02:00:00Z,20207.0,20207.0,False,False,False,
2023-04-06T03:00:00Z,18266.0,18266.0,False,False,False,
2023-04-06T04:00:00Z,16030.0,16030.0,False,False,False,
2023-04-06T05:00:00Z,14462.0,14462.0,False,False,False,
2023-04-06T06:00:00Z,13337.0,13337.0,False,False,False,
2023-04-06T07:00:00Z,12645.0,12645.0,False,False,False,
2023-04-06T08:00:00Z,12185.0,12185.0,False,False,False,
2023-04-06T09:00:00Z,12084.0,12084.0,False,False,False,
2023-04-06T10:00:00Z,12503.0,12503.0,False,False,False,
2023-04-06T11:00:00Z,13485.0,13485.0,False,False,False,
2023-04-06T12:00:00Z,14084.0,14084.0,False,False,False,
2023-04-06T13:00:00Z,15176.0,15176.0,False,False,False,
2023-04-06T14:00:00Z,16692.0,16692.0,False,False,False,
2023-04-06T15:00:00Z,18021.0,18021.0,False,False,False,
2023-04-06T16:00:00Z,19183.0,19183.0,False,False,False,
2023-04-06T17:00:00Z,20138.0,20138.0,False,False,False,
2023-04-06T18:00:00Z,21070.0,21070.0,False,False,False,
2023-04-06T19:00:00Z,21766.0,21766.0,False,False,False,
2023-04-06T20:00:00Z,22301.0,22301.0,False,False,False,
2023-04-06T21:00:00Z,22664.0,22664.0,False,False,False,
2023-04-06T22:00:00Z,22616.0,22616.0,False,False,False,
2023-04-06T23:00:00Z,21981.0,21981.0,False,False,False,
2023-04-07T00:00:00Z,20763.0,20763.0,False,False,False,
2023-04-07T01:00:00Z,20110.0,20110.0,False,False,False,
2023-04-07T02:00:00Z,19900.0,19900.0,False,False,False,
2023-04-07T03:00:00Z,18177.0,18177.0,False,False,False,
2023-04-07T04:00:00Z,16265.0,16265.0,False,False,False,
2023-04-07T05:00:00Z,14523.0,14523.0,False,False,False,
2023-04-07T06:00:00Z,13384.0,13384.0,False,False,False,
2023-04-07T07:00:00Z,12594.0,12594.0,False,False,False,
2023-04-07T08:00:00Z,12094.0,12094.0,False,False,False,
2023-04-07T09:00:00Z,11937.0,11937.0,False,False,False,
2023-04-07T10:00:00Z,12216.0,12216.0,False,False,False,
2023-04-07T11:00:00Z,12825.0,12825.0,False,False,False,
2023-04-07T12:00:00Z,13432.0,13432.0,False,False,False,
2023-04-07T13:00:00Z,14779.0,14779.0,False,False,False,
2023-04-07T14:00:00Z,16438.0,16438.0,False,False,False,
2023-04-07T15:00:00Z,17839.0,17839.0,False,False,False,
2023-04-07T16:00:00Z,18905.0,18905.0,False,False,False,
2023-04-07T17:00:00Z,19812.0,19812.0,False,False,False,
2023-04-07T18:00:00Z,20663.0,20663.0,False,False,False,
2023-04-07T19:00:00Z,21344.0,21344.0,False,False,False,
2023-04-07T20:00:00Z,21806.0,21806.0,False,False,False,
2023-04-07T21:00:00Z,22014.0,22014.0,False,False,False,
2023-04-07T22:00:00Z,21910.0,21910.0,False,False,False,
2023-04-07T23:00:00Z,21101.0,21101.0,False,False,False,
2023-04-08T00:00:00Z,19700.0,19700.0,False,False,False,
2023-04-08T01:00:00Z,19015.0,19015.0,False,False,False,
2023-04-08T02:00:00Z,19190.0,19190.0,False,False,False,
2023-04-08T03:00:00Z,17612.0,17612.0,False,False,False,
2023-04-08T04:00:00Z,16038.0,16038.0,False,False,False,
2023-04-08T05:00:00Z,14158.0,14158.0,False,False,False,
2023-04-08T06:00:00Z,13074.0,13074.0,False,False,False,
2023-04-08T07:00:00Z,12318.0,12318.0,False,False,False,
2023-04-08T08:00:00Z,11823.0,11823.0,False,False,False,
2023-04-08T09:00:00Z,11531.0,11531.0,False,False,False,
2023-04-08T10:00:00Z,11514.0,11514.0,False,False,False,
2023-04-08T11:00:00Z,11757.0,11757.0,False,False,False,
2023-04-08T12:00:00Z,12259.0,12259.0,False,False,False,
2023-04-08T13:00:00Z,13845.0,13845.0,False,False,False,
2023-04-08T14:00:00Z,15762.0,15762.0,False,False,False,
2023-04-08T15:00:00Z,17315.0,17315.0,False,False,False,
2023-04-08T16:00:00Z,18537.0,18537.0,False,False,False,
2023-04-08T17:00:00Z,19452.0,19452.0,False,False,False,
2023-04-08T18:00:00Z,20194.0,20194.0,False,False,False,
2023-04-08T19:00:00Z,20793.0,20793.0,False,False,False,
2023-04-08T20:00:00Z,21254.0,21254.0,False,False,False,
2023-04-08T21:00:00Z,21411.0,21411.0,False,False,False,
2023-04-08T22:00:00Z,21250.0,21250.0,False,False,False,
2023-04-08T23:00:00Z,20577.0,20577.0,False,False,False,
2023-04-09T00:00:00Z,19381.0,19381.0,False,False,False,
2023-04-09T01:00:00Z,18844.0,18844.0,False,False,False,
2023-04-09T02:00:00Z,18004.0,18004.0,False,False,False,
2023-04-09T03:00:00Z,17518.0,17518.0,False,False,False,
2023-04-09T04:00:00Z,15913.0,15913.0,False,False,False,
2023-04-09T05:00:00Z,14064.0,14064.0,False,False,False,
2023-04-09T06:00:00Z,12946.0,12946.0,False,False,False,
2023-04-09T07:00:00Z,12179.0,12179.0,False,False,False,
2023-04-09T08:00:00Z,11620.0,11620.0,False,False,False,
2023-04-09T09:00:00Z,11294.0,11294.0,False,False,False,
2023-04-09T10:00:00Z,11195.0,11195.0,False,False,False,
2023-04-09T11:00:00Z,11327.0,11327.0,False,False,False,
2023-04-09T12:00:00Z,11760.0,11760.0,False,False,False,
2023-04-09T13:00:00Z,13204.0,13204.0,False,False,False,
2023-04-09T14:00:00Z,14952.0,14952.0,False,False,False,
2023-04-09T15:00:00Z,16357.0,16357.0,False,False,False,
2023-04-09T16:00:00Z,17314.0,17314.0,False,False,False,
2023-04-09T17:00:00Z,18035.0,18035.0,False,False,False,
2023-04-09T18:00:00Z,18547.0,18547.0,False,False,False,
2023-04-09T19:00:00Z,18790.0,18790.0,False,False,False,
2023-04-09T20:00:00Z,18497.0,18497.0,False,False,False,
2023-04-09T21:00:00Z,17749.0,17749.0,False,False,False,
2023-04-09T22:00:00Z,17132.0,17132.0,False,False,False,
2023-04-09T23:00:00Z,16555.0,16555.0,False,False,False,
2023-04-10T00:00:00Z,16266.0,16266.0,False,False,False,
2023-04-10T01:00:00Z,17059.0,17059.0,False,False,False,
2023-04-10T02:00:00Z,16313.0,16313.0,False,False,False,
2023-04-10T03:00:00Z,14968.0,14968.0,False,False,False,
2023-04-10T04:00:00Z,13601.0,13601.0,False,False,False,
2023-04-10T05:00:00Z,11905.0,11905.0,False,False,False,
2023-04-10T06:00:00Z,11030.0,11030.0,False,False,False,
2023-04-10T07:00:00Z,10518.0,10518.0,False,False,False,
2023-04-10T08:00:00Z,10246.0,10246.0,False,False,False,
2023-04-10T09:00:00Z,10313.0,10313.0,False,False,False,
2023-04-10T10:00:00Z,10879.0,10879.0,False,False,False,
2023-04-10T11:00:00Z,11846.0,11846.0,False,False,False,
2023-04-10T12:00:00Z,12561.0,12561.0,False,False,False,
2023-04-10T13:00:00Z,13440.0,13440.0,False,False,False,
2023-04-10T14:00:00Z,14458.0,14458.0,False,False,False,
2023-04-10T15:00:00Z,15276.0,15276.0,False,False,False,
2023-04-10T16:00:00Z,15914.0,15914.0,False,False,False,
2023-04-10T17:00:00Z,16212.0,16212.0,False,False,False,
2023-04-10T18:00:00Z,16370.0,16370.0,False,False,False,
2023-04-10T19:00:00Z,16407.0,16407.0,False,False,False,
2023-04-10T20:00:00Z,16491.0,16491.0,False,False,False,
2023-04-10T21:00:00Z,16401.0,16401.0,False,False,False,
2023-04-10T22:00:00Z,16274.0,16274.0,False,False,False,
2023-04-10T23:00:00Z,16093.0,16093.0,False,False,False,
2023-04-11T00:00:00Z,15932.0,15932.0,False,False,False,
2023-04-11T01:00:00Z,15898.0,15898.0,False,False,False,
2023-04-11T02:00:00Z,15804.0,15804.0,False,False,False,
2023-04-11T03:00:00Z,14549.0,14549.0,False,False,False,
2023-04-11T04:00:00Z,12937.0,12937.0,False,False,False,
2023-04-11T05:00:00Z,11418.0,11418.0,False,False,False,
2023-04-11T06:00:00Z,10671.0,10671.0,False,False,False,
2023-04-11T07:00:00Z,10219.0,10219.0,False,False,False,
2023-04-11T08:00:00Z,9956.0,9956.0,False,False,False,
2023-04-11T09:00:00Z,9998.0,9998.0,False,False,False,
2023-04-11T10:00:00Z,10626.0,10626.0,False,False,False,
2023-04-11T11:00:00Z,11787.0,11787.0,False,False,False,
2023-04-11T12:00:00Z,12534.0,12534.0,False,False,False,
2023-04-11T13:00:00Z,13219.0,13219.0,False,False,False,
2023-04-11T14:00:00Z,14055.0,14055.0,False,False,False,
2023-04-11T15:00:00Z,14819.0,14819.0,False,False,False,
2023-04-11T16:00:00Z,15199.0,15199.0,False,False,False,
2023-04-11T17:00:00Z,15453.0,15453.0,False,False,False,
2023-04-11T18:00:00Z,15515.0,15515.0,False,False,False,
2023-04-11T19:00:00Z,15602.0,15602.0,False,False,False,
2023-04-11T20:00:00Z,15676.0,15676.0,False,False,False,
2023-04-11T21:00:00Z,15855.0,15855.0,False,False,False,
2023-04-11T22:00:00Z,15881.0,15881.0,False,False,False,
2023-04-11T23:00:00Z,15820.0,15820.0,False,False,False,
2023-04-12T00:00:00Z,15757.0,15757.0,False,False,False,
2023-04-12T01:00:00Z,15830.0,15830.0,False,False,False,
2023-04-12T02:00:00Z,15196.0,15196.0,False,False,False,
2023-04-12T03:00:00Z,14116.0,14116.0,False,False,False,
2023-04-12T04:00:00Z,12671.0,12671.0,False,False,False,
2023-04-12T05:00:00Z,11484.0,11484.0,False,False,False,
2023-04-12T06:00:00Z,10733.0,10733.0,False,False,False,
2023-04-12T07:00:00Z,10274.0,10274.0,False,False,False,
2023-04-12T08:00:00Z,10073.0,10073.0,False,False,False,
2023-04-12T09:00:00Z,10133.0,10133.0,False,False,False,
2023-04-12T10:00:00Z,10739.0,10739.0,False,False,False,
2023-04-12T11:00:00Z,11892.0,11892.0,False,False,False,
2023-04-12T12:00:00Z,12614.0,12614.0,False,False,False,
2023-04-12T13:00:00Z,13214.0,13214.0,False,False,False,
2023-04-12T14:00:00Z,13959.0,13959.0,False,False,False,
2023-04-12T15:00:00Z,14504.0,14504.0,False,False,False,
2023-04-12T16:00:00Z,14815.0,14815.0,False,False,False,
2023-04-12T17:00:00Z,14922.0,14922.0,False,False,False,
2023-04-12T18:00:00Z,14950.0,14950.0,False,False,False,
2023-04-12T19:00:00Z,14956.0,14956.0,False,False,False,
2023-04-12T20:00:00Z,14974.0,14974.0,False,False,False,
2023-04-12T21:00:00Z,14997.0,14997.0,False,False,False,
2023-04-12T22:00:00Z,15083.0,15083.0,False,False,False,
2023-04-12T23:00:00Z,15106.0,15106.0,False,False,False,
2023-04-13T00:00:00Z,15157.0,15157.0,False,False,False,
2023-04-13T01:00:00Z,15341.0,15341.0,False,False,False,
2023-04-13T02:00:00Z,14831.0,14831.0,False,False,False,
2023-04-13T03:00:00Z,13891.0,13891.0,False,False,False,
2023-04-13T04:00:00Z,12607.0,12607.0,False,False,False,
2023-04-13T05:00:00Z,11520.0,11520.0,False,False,False,
2023-04-13T06:00:00Z,10872.0,10872.0,False,False,False,
2023-04-13T07:00:00Z,10405.0,10405.0,False,False,False,
2023-04-13T08:00:00Z,10190.0,10190.0,False,False,False,
2023-04-13T09:00:00Z,10238.0,10238.0,False,False,False,
2023-04-13T10:00:00Z,10776.0,10776.0,False,False,False,
2023-04-13T11:00:00Z,11868.0,11868.0,False,False,False,
2023-04-13T12:00:00Z,12611.0,12611.0,False,False,False,
2023-04-13T13:00:00Z,13632.0,13632.0,False,False,False,
2023-04-13T14:00:00Z,15110.0,15110.0,False,False,False,
2023-04-13T15:00:00Z,16315.0,16315.0,False,False,False,
2023-04-13T16:00:00Z,17362.0,17362.0,False,False,False,
2023-04-13T17:00:00Z,18337.0,18337.0,False,False,False,
2023-04-13T18:00:00Z,19080.0,19080.0,False,False,False,
2023-04-13T19:00:00Z,19657.0,19657.0,False,False,False,
2023-04-13T20:00:00Z,19920.0,19920.0,False,False,False,
2023-04-13T21:00:00Z,19724.0,19724.0,False,False,False,
2023-04-13T22:00:00Z,19056.0,19056.0,False,False,False,
2023-04-13T23:00:00Z,18354.0,18354.0,False,False,False,
2023-04-14T00:00:00Z,17679.0,17679.0,False,False,False,
2023-04-14T01:00:00Z,17398.0,17398.0,False,False,False,
2023-04-14T02:00:00Z,16548.0,16548.0,False,False,False,
2023-04-14T03:00:00Z,15299.0,15299.0,False,False,False,
2023-04-14T04:00:00Z,13756.0,13756.0,False,False,False,
2023-04-14T05:00:00Z,12420.0,12420.0,False,False,False,
2023-04-14T06:00:00Z,11502.0,11502.0,False,False,False,
2023-04-14T07:00:00Z,10912.0,10912.0,False,False,False,
2023-04-14T08:00:00Z,10554.0,10554.0,False,False,False,
2023-04-14T09:00:00Z,10499.0,10499.0,False,False,False,
2023-04-14T10:00:00Z,10945.0,10945.0,False,False,False,
2023-04-14T11:00:00Z,11926.0,11926.0,False,False,False,
2023-04-14T12:00:00Z,12653.0,12653.0,False,False,False,
2023-04-14T13:00:00Z,13901.0,13901.0,False,False,False,
2023-04-14T14:00:00Z,15429.0,15429.0,False,False,False,
2023-04-14T15:00:00Z,16822.0,16822.0,False,False,False,
2023-04-14T16:00:00Z,18065.0,18065.0,False,False,False,
2023-04-14T17:00:00Z,19195.0,19195.0,False,False,False,
2023-04-14T18:00:00Z,20232.0,20232.0,False,False,False,
2023-04-14T19:00:00Z,21011.0,21011.0,False,False,False,
2023-04-14T20:00:00Z,21524.0,21524.0,False,False,False,
2023-04-14T21:00:00Z,21498.0,21498.0,False,False,False,
2023-04-14T22:00:00Z,20982.0,20982.0,False,False,False,
2023-04-14T23:00:00Z,20252.0,20252.0,False,False,False,
2023-04-15T00:00:00Z,19239.0,19239.0,False,False,False,
2023-04-15T01:00:00Z,18734.0,18734.0,False,False,False,
2023-04-15T02:00:00Z,17706.0,17706.0,False,False,False,
2023-04-15T03:00:00Z,16503.0,16503.0,False,False,False,
2023-04-15T04:00:00Z,14989.0,14989.0,False,False,False,
2023-04-15T05:00:00Z,13756.0,13756.0,False,False,False,
2023-04-15T06:00:00Z,12655.0,12655.0,False,False,False,
2023-04-15T07:00:00Z,11864.0,11864.0,False,False,False,
2023-04-15T08:00:00Z,11362.0,11362.0,False,False,False,
2023-04-15T09:00:00Z,11079.0,11079.0,False,False,False,
2023-04-15T10:00:00Z,11116.0,11116.0,False,False,False,
2023-04-15T11:00:00Z,11446.0,11446.0,False,False,False,
2023-04-15T12:00:00Z,11964.0,11964.0,False,False,False,
2023-04-15T13:00:00Z,13621.0,13621.0,False,False,False,
2023-04-15T14:00:00Z,15634.0,15634.0,False,False,False,
2023-04-15T15:00:00Z,17307.0,17307.0,False,False,False,
2023-04-15T16:00:00Z,18816.0,18816.0,False,False,False,
2023-04-15T17:00:00Z,20105.0,20105.0,False,False,False,
2023-04-15T18:00:00Z,21210.0,21210.0,False,False,False,
2023-04-15T19:00:00Z,22045.0,22045.0,False,False,False,
2023-04-15T20:00:00Z,22661.0,22661.0,False,False,False,
2023-04-15T21:00:00Z,22797.0,22797.0,False,False,False,
2023-04-15T22:00:00Z,22365.0,22365.0,False,False,False,
2023-04-15T23:00:00Z,21563.0,21563.0,False,False,False,
2023-04-16T00:00:00Z,20350.0,20350.0,False,False,False,
2023-04-16T01:00:00Z,19654.0,19654.0,False,False,False,
2023-04-16T02:00:00Z,18689.0,18689.0,False,False,False,
2023-04-16T03:00:00Z,17530.0,17530.0,False,False,False,
2023-04-16T04:00:00Z,16057.0,16057.0,False,False,False,
2023-04-16T05:00:00Z,14734.0,14734.0,False,False,False,
2023-04-16T06:00:00Z,13627.0,13627.0,False,False,False,
2023-04-16T07:00:00Z,12783.0,12783.0,False,False,False,
2023-04-16T08:00:00Z,12149.0,12149.0,False,False,False,
2023-04-16T09:00:00Z,11774.0,11774.0,False,False,False,
2023-04-16T10:00:00Z,11629.0,11629.0,False,False,False,
2023-04-16T11:00:00Z,11743.0,11743.0,False,False,False,
2023-04-16T12:00:00Z,12140.0,12140.0,False,False,False,
2023-04-16T13:00:00Z,13712.0,13712.0,False,False,False,
2023-04-16T14:00:00Z,15746.0,15746.0,False,False,False,
2023-04-16T15:00:00Z,17477.0,17477.0,False,False,False,
2023-04-16T16:00:00Z,19122.0,19122.0,False,False,False,
2023-04-16T17:00:00Z,20467.0,20467.0,False,False,False,
2023-04-16T18:00:00Z,21609.0,21609.0,False,False,False,
2023-04-16T19:00:00Z,22292.0,22292.0,False,False,False,
2023-04-16T20:00:00Z,22662.0,22662.0,False,False,False,
2023-04-16T21:00:00Z,22639.0,22639.0,False,False,False,
2023-04-16T22:00:00Z,21998.0,21998.0,False,False,False,
2023-04-16T23:00:00Z,21073.0,21073.0,False,False,False,
2023-04-17T00:00:00Z,20082.0,20082.0,False,False,False,
2023-04-17T01:00:00Z,19185.0,19185.0,False,False,False,
2023-04-17T02:00:00Z,17867.0,17867.0,False,False,False,
2023-04-17T03:00:00Z,16337.0,16337.0,False,False,False,
2023-04-17T04:00:00Z,14651.0,14651.0,False,False,False,
2023-04-17T05:00:00Z,13156.0,13156.0,False,False,False,
2023-04-17T06:00:00Z,12151.0,12151.0,False,False,False,
2023-04-17T07:00:00Z,11505.0,11505.0,False,False,False,
2023-04-17T08:00:00Z,11112.0,11112.0,False,False,False,
2023-04-17T09:00:00Z,11010.0,11010.0,False,False,False,
2023-04-17T10:00:00Z,11498.0,11498.0,False,False,False,
2023-04-17T11:00:00Z,12476.0,12476.0,False,False,False,
2023-04-17T12:00:00Z,13137.0,13137.0,False,False,False,
2023-04-17T13:00:00Z,13837.0,13837.0,False,False,False,
2023-04-17T14:00:00Z,14879.0,14879.0,False,False,False,
2023-04-17T15:00:00Z,15816.0,15816.0,False,False,False,
2023-04-17T16:00:00Z,16350.0,16350.0,False,False,False,
2023-04-17T17:00:00Z,16727.0,16727.0,False,False,False,
2023-04-17T18:00:00Z,16756.0,16756.0,False,False,False,
2023-04-17T19:00:00Z,16758.0,16758.0,False,False,False,
2023-04-17T20:00:00Z,17360.0,17360.0,False,False,False,
2023-04-17T21:00:00Z,18043.0,18043.0,False,False,False,
2023-04-17T22:00:00Z,18322.0,18322.0,False,False,False,
2023-04-17T23:00:00Z,18197.0,18197.0,False,False,False,
2023-04-18T00:00:00Z,17458.0,17458.0,False,False,False,
2023-04-18T01:00:00Z,17093.0,17093.0,False,False,False,
2023-04-18T02:00:00Z,16095.0,16095.0,False,False,False,
2023-04-18T03:00:00Z,14657.0,14657.0,False,False,False,
2023-04-18T04:00:00Z,13129.0,13129.0,False,False,False,
2023-04-18T05:00:00Z,11508.0,11508.0,False,False,False,
2023-04-18T06:00:00Z,10554.0,10554.0,False,False,False,
2023-04-18T07:00:00Z,9944.0,9944.0,False,False,False,
2023-04-18T08:00:00Z,9600.0,9600.0,False,False,False,
2023-04-18T09:00:00Z,9531.0,9531.0,False,False,False,
2023-04-18T10:00:00Z,9725.0,9725.0,False,False,False,
2023-04-18T11:00:00Z,11176.0,11176.0,False,False,False,
2023-04-18T12:00:00Z,11910.0,11910.0,False,False,False,
2023-04-18T13:00:00Z,12641.0,12641.0,False,False,False,
2023-04-18T14:00:00Z,13423.0,13423.0,False,False,False,
2023-04-18T15:00:00Z,14039.0,14039.0,False,False,False,
2023-04-18T16:00:00Z,14596.0,14596.0,False,False,False,
2023-04-18T17:00:00Z,15202.0,15202.0,False,False,False,
2023-04-18T18:00:00Z,15883.0,15883.0,False,False,False,
2023-04-18T19:00:00Z,16517.0,16517.0,False,False,False,
2023-04-18T20:00:00Z,17236.0,17236.0,False,False,False,
2023-04-18T21:00:00Z,17957.0,17957.0,False,False,False,
2023-04-18T22:00:00Z,18377.0,18377.0,False,False,False,
2023-04-18T23:00:00Z,18227.0,18227.0,False,False,False,
2023-04-19T00:00:00Z,17418.0,17418.0,False,False,False,
2023-04-19T01:00:00Z,16976.0,16976.0,False,False,False,
2023-04-19T02:00:00Z,15904.0,15904.0,False,False,False,
2023-04-19T03:00:00Z,14418.0,14418.0,False,False,False,
2023-04-19T04:00:00Z,12760.0,12760.0,False,False,False,
2023-04-19T05:00:00Z,11348.0,11348.0,False,False,False,
2023-04-19T06:00:00Z,10446.0,10446.0,False,False,False,
2023-04-19T07:00:00Z,9850.0,9850.0,False,False,False,
2023-04-19T08:00:00Z,9540.0,9540.0,False,False,False,
2023-04-19T09:00:00Z,9548.0,9548.0,False,False,False,
2023-04-19T10:00:00Z,10111.0,10111.0,False,False,False,
2023-04-19T11:00:00Z,11251.0,11251.0,False,False,False,
2023-04-19T12:00:00Z,11958.0,11958.0,False,False,False,
2023-04-19T13:00:00Z,12695.0,12695.0,False,False,False,
2023-04-19T14:00:00Z,13530.0,13530.0,False,False,False,
2023-04-19T15:00:00Z,14250.0,14250.0,False,False,False,
2023-04-19T16:00:00Z,14967.0,14967.0,False,False,False,
2023-04-19T17:00:00Z,15543.0,15543.0,False,False,False,
2023-04-19T18:00:00Z,16127.0,16127.0,False,False,False,
2023-04-19T19:00:00Z,16653.0,16653.0,False,False,False,
2023-04-19T20:00:00Z,17334.0,17334.0,False,False,False,
2023-04-19T21:00:00Z,18044.0,18044.0,False,False,False,
2023-04-19T22:00:00Z,18223.0,18223.0,False,False,False,
2023-04-19T23:00:00Z,17924.0,17924.0,False,False,False,
2023-04-20T00:00:00Z,17384.0,17384.0,False,False,False,
2023-04-20T01:00:00Z,17190.0,17190.0,False,False,False,
2023-04-20T02:00:00Z,16296.0,16296.0,False,False,False,
2023-04-20T03:00:00Z,14891.0,14891.0,False,False,False,
2023-04-20T04:00:00Z,13213.0,13213.0,False,False,False,
2023-04-20T05:00:00Z,11762.0,11762.0,False,False,False,
2023-04-20T06:00:00Z,10879.0,10879.0,False,False,False,
2023-04-20T07:00:00Z,10335.0,10335.0,False,False,False,
2023-04-20T08:00:00Z,10030.0,10030.0,False,False,False,
2023-04-20T09:00:00Z,10051.0,10051.0,False,False,False,
2023-04-20T10:00:00Z,10593.0,10593.0,False,False,False,
2023-04-20T11:00:00Z,11632.0,11632.0,False,False,False,
2023-04-20T12:00:00Z,12348.0,12348.0,False,False,False,
2023-04-20T13:00:00Z,13341.0,13341.0,False,False,False,
2023-04-20T14:00:00Z,14481.0,14481.0,False,False,False,
2023-04-20T15:00:00Z,15559.0,15559.0,False,False,False,
2023-04-20T16:00:00Z,16480.0,16480.0,False,False,False,
2023-04-20T17:00:00Z,17333.0,17333.0,False,False,False,
2023-04-20T18:00:00Z,18110.0,18110.0,False,False,False,
2023-04-20T19:00:00Z,18838.0,18838.0,False,False,False,
2023-04-20T20:00:00Z,19530.0,19530.0,False,False,False,
2023-04-20T21:00:00Z,20060.0,20060.0,False,False,False,
2023-04-20T22:00:00Z,20206.0,20206.0,False,False,False,
2023-04-20T23:00:00Z,19788.0,19788.0,False,False,False,
2023-04-21T00:00:00Z,18906.0,18906.0,False,False,False,
2023-04-21T01:00:00Z,18515.0,18515.0,False,False,False,
2023-04-21T02:00:00Z,17550.0,17550.0,False,False,False,
2023-04-21T03:00:00Z,16123.0,16123.0,False,False,False,
2023-04-21T04:00:00Z,14312.0,14312.0,False,False,False,
2023-04-21T05:00:00Z,12911.0,12911.0,False,False,False,
2023-04-21T06:00:00Z,11843.0,11843.0,False,False,False,
2023-04-21T07:00:00Z,11160.0,11160.0,False,False,False,
2023-04-21T08:00:00Z,10738.0,10738.0,False,False,False,
2023-04-21T09:00:00Z,10598.0,10598.0,False,False,False,
2023-04-21T10:00:00Z,11017.0,11017.0,False,False,False,
2023-04-21T11:00:00Z,11967.0,11967.0,False,False,False,
2023-04-21T12:00:00Z,12716.0,12716.0,False,False,False,
2023-04-21T13:00:00Z,13898.0,13898.0,False,False,False,
2023-04-21T14:00:00Z,15268.0,15268.0,False,False,False,
2023-04-21T15:00:00Z,16536.0,16536.0,False,False,False,
2023-04-21T16:00:00Z,17593.0,17593.0,False,False,False,
2023-04-21T17:00:00Z,18428.0,18428.0,False,False,False,
2023-04-21T18:00:00Z,19109.0,19109.0,False,False,False,
2023-04-21T19:00:00Z,19825.0,19825.0,False,False,False,
2023-04-21T20:00:00Z,20325.0,20325.0,False,False,False,
2023-04-21T21:00:00Z,20793.0,20793.0,False,False,False,
2023-04-21T22:00:00Z,20850.0,20850.0,False,False,False,
2023-04-21T23:00:00Z,20143.0,20143.0,False,False,False,
2023-04-22T00:00:00Z,18790.0,18790.0,False,False,False,
2023-04-22T01:00:00Z,18322.0,18322.0,False,False,False,
2023-04-22T02:00:00Z,17412.0,17412.0,False,False,False,
2023-04-22T03:00:00Z,16195.0,16195.0,False,False,False,
2023-04-22T04:00:00Z,14784.0,14784.0,False,False,False,
2023-04-22T05:00:00Z,13456.0,13456.0,False,False,False,
2023-04-22T06:00:00Z,12438.0,12438.0,False,False,False,
2023-04-22T07:00:00Z,11724.0,11724.0,False,False,False,
2023-04-22T08:00:00Z,11168.0,11168.0,False,False,False,
2023-04-22T09:00:00Z,10859.0,10859.0,False,False,False,
2023-04-22T10:00:00Z,10798.0,10798.0,False,False,False,
2023-04-22T11:00:00Z,11068.0,11068.0,False,False,False,
2023-04-22T12:00:00Z,11576.0,11576.0,False,False,False,
2023-04-22T13:00:00Z,13228.0,13228.0,False,False,False,
2023-04-22T14:00:00Z,15150.0,15150.0,False,False,False,
2023-04-22T15:00:00Z,16670.0,16670.0,False,False,False,
2023-04-22T16:00:00Z,17899.0,17899.0,False,False,False,
2023-04-22T17:00:00Z,19000.0,19000.0,False,False,False,
2023-04-22T18:00:00Z,19882.0,19882.0,False,False,False,
2023-04-22T19:00:00Z,20486.0,20486.0,False,False,False,
2023-04-22T20:00:00Z,20924.0,20924.0,False,False,False,
2023-04-22T21:00:00Z,21133.0,21133.0,False,False,False,
2023-04-22T22:00:00Z,20937.0,20937.0,False,False,False,
2023-04-22T23:00:00Z,20128.0,20128.0,False,False,False,
2023-04-23T00:00:00Z,18954.0,18954.0,False,False,False,
2023-04-23T01:00:00Z,18290.0,18290.0,False,False,False,
2023-04-23T02:00:00Z,17308.0,17308.0,False,False,False,
2023-04-23T03:00:00Z,16036.0,16036.0,False,False,False,
2023-04-23T04:00:00Z,14687.0,14687.0,False,False,False,
2023-04-23T05:00:00Z,13377.0,13377.0,False,False,False,
2023-04-23T06:00:00Z,12325.0,12325.0,False,False,False,
2023-04-23T07:00:00Z,11533.0,11533.0,False,False,False,
2023-04-23T08:00:00Z,11006.0,11006.0,False,False,False,
2023-04-23T09:00:00Z,10687.0,10687.0,False,False,False,
2023-04-23T10:00:00Z,10623.0,10623.0,False,False,False,
2023-04-23T11:00:00Z,10780.0,10780.0,False,False,False,
2023-04-23T12:00:00Z,11295.0,11295.0,False,False,False,
2023-04-23T13:00:00Z,12937.0,12937.0,False,False,False,
2023-04-23T14:00:00Z,14678.0,14678.0,False,False,False,
2023-04-23T15:00:00Z,16125.0,16125.0,False,False,False,
2023-04-23T16:00:00Z,17305.0,17305.0,False,False,False,
2023-04-23T17:00:00Z,18401.0,18401.0,False,False,False,
2023-04-23T18:00:00Z,19428.0,19428.0,False,False,False,
2023-04-23T19:00:00Z,20263.0,20263.0,False,False,False,
2023-04-23T20:00:00Z,20835.0,20835.0,False,False,False,
2023-04-23T21:00:00Z,21192.0,21192.0,False,False,False,
2023-04-23T22:00:00Z,21258.0,21258.0,False,False,False,
2023-04-23T23:00:00Z,20740.0,20740.0,False,False,False,
2023-04-24T00:00:00Z,19684.0,19684.0,False,False,False,
2023-04-24T01:00:00Z,19201.0,19201.0,False,False,False,
2023-04-24T02:00:00Z,18157.0,18157.0,False,False,False,
2023-04-24T03:00:00Z,16610.0,16610.0,False,False,False,
2023-04-24T04:00:00Z,14846.0,14846.0,False,False,False,
2023-04-24T05:00:00Z,13367.0,13367.0,False,False,False,
2023-04-24T06:00:00Z,12326.0,12326.0,False,False,False,
2023-04-24T07:00:00Z,11651.0,11651.0,False,False,False,
2023-04-24T08:00:00Z,11255.0,11255.0,False,False,False,
2023-04-24T09:00:00Z,11247.0,11247.0,False,False,False,
2023-04-24T10:00:00Z,11754.0,11754.0,False,False,False,
2023-04-24T11:00:00Z,12734.0,12734.0,False,False,False,
2023-04-24T12:00:00Z,13411.0,13411.0,False,False,False,
2023-04-24T13:00:00Z,14337.0,14337.0,False,False,False,
2023-04-24T14:00:00Z,15365.0,15365.0,False,False,False,
2023-04-24T15:00:00Z,16159.0,16159.0,False,False,False,
2023-04-24T16:00:00Z,16888.0,16888.0,False,False,False,
2023-04-24T17:00:00Z,17547.0,17547.0,False,False,False,
2023-04-24T18:00:00Z,18094.0,18094.0,False,False,False,
2023-04-24T19:00:00Z,18459.0,18459.0,False,False,False,
2023-04-24T20:00:00Z,18726.0,18726.0,False,False,False,
2023-04-24T21:00:00Z,18977.0,18977.0,False,False,False,
2023-04-24T22:00:00Z,19012.0,19012.0,False,False,False,
2023-04-24T23:00:00Z,18710.0,18710.0,False,False,False,
2023-04-25T00:00:00Z,18183.0,18183.0,False,False,False,
2023-04-25T01:00:00Z,17920.0,17920.0,False,False,False,
2023-04-25T02:00:00Z,16904.0,16904.0,False,False,False,
2023-04-25T03:00:00Z,15417.0,15417.0,False,False,False,
2023-04-25T04:00:00Z,13701.0,13701.0,False,False,False,
2023-04-25T05:00:00Z,12304.0,12304.0,False,False,False,
2023-04-25T06:00:00Z,11430.0,11430.0,False,False,False,
2023-04-25T07:00:00Z,10921.0,10921.0,False,False,False,
2023-04-25T08:00:00Z,10633.0,10633.0,False,False,False,
2023-04-25T09:00:00Z,10652.0,10652.0,False,False,False,
2023-04-25T10:00:00Z,11240.0,11240.0,False,False,False,
2023-04-25T11:00:00Z,12302.0,12302.0,False,False,False,
2023-04-25T12:00:00Z,12981.0,12981.0,False,False,False,
2023-04-25T13:00:00Z,13701.0,13701.0,False,False,False,
2023-04-25T14:00:00Z,14808.0,14808.0,False,False,False,
2023-04-25T15:00:00Z,15935.0,15935.0,False,False,False,
2023-04-25T16:00:00Z,16864.0,16864.0,False,False,False,
2023-04-25T17:00:00Z,17863.0,17863.0,False,False,False,
2023-04-25T18:00:00Z,18826.0,18826.0,False,False,False,
2023-04-25T19:00:00Z,19460.0,19460.0,False,False,False,
2023-04-25T20:00:00Z,20143.0,20143.0,False,False,False,
2023-04-25T21:00:00Z,20798.0,20798.0,False,False,False,
2023-04-25T22:00:00Z,21008.0,21008.0,False,False,False,
2023-04-25T23:00:00Z,20679.0,20679.0,False,False,False,
2023-04-26T00:00:00Z,19752.0,19752.0,False,False,False,
2023-04-26T01:00:00Z,19191.0,19191.0,False,False,False,
2023-04-26T02:00:00Z,17768.0,17768.0,False,False,False,
2023-04-26T03:00:00Z,16115.0,16115.0,False,False,False,
2023-04-26T04:00:00Z,14315.0,14315.0,False,False,False,
2023-04-26T05:00:00Z,12806.0,12806.0,False,False,False,
2023-04-26T06:00:00Z,11792.0,11792.0,False,False,False,
2023-04-26T07:00:00Z,11113.0,11113.0,False,False,False,
2023-04-26T08:00:00Z,10683.0,10683.0,False,False,False,
2023-04-26T09:00:00Z,10566.0,10566.0,False,False,False,
2023-04-26T10:00:00Z,11007.0,11007.0,False,False,False,
2023-04-26T11:00:00Z,12045.0,12045.0,False,False,False,
2023-04-26T12:00:00Z,12730.0,12730.0,False,False,False,
2023-04-26T13:00:00Z,13968.0,13968.0,False,False,False,
2023-04-26T14:00:00Z,15442.0,15442.0,False,False,False,
2023-04-26T15:00:00Z,16769.0,16769.0,False,False,False,
2023-04-26T16:00:00Z,18147.0,18147.0,False,False,False,
2023-04-26T17:00:00Z,19425.0,19425.0,False,False,False,
2023-04-26T18:00:00Z,20546.0,20546.0,False,False,False,
2023-04-26T19:00:00Z,21303.0,21303.0,False,False,False,
2023-04-26T20:00:00Z,21775.0,21775.0,False,False,False,
2023-04-26T21:00:00Z,21763.0,21763.0,False,False,False,
2023-04-26T22:00:00Z,21424.0,21424.0,False,False,False,
2023-04-26T23:00:00Z,20758.0,20758.0,False,False,False,
2023-04-27T00:00:00Z,19817.0,19817.0,False,False,False,
2023-04-27T01:00:00Z,19226.0,19226.0,False,False,False,
2023-04-27T02:00:00Z,18150.0,18150.0,False,False,False,
2023-04-27T03:00:00Z,16643.0,16643.0,False,False,False,
2023-04-27T04:00:00Z,14751.0,14751.0,False,False,False,
2023-04-27T05:00:00Z,13266.0,13266.0,False,False,False,
2023-04-27T06:00:00Z,12176.0,12176.0,False,False,False,
2023-04-27T07:00:00Z,11467.0,11467.0,False,False,False,
2023-04-27T08:00:00Z,11016.0,11016.0,False,False,False,
2023-04-27T09:00:00Z,10851.0,10851.0,False,False,False,
2023-04-27T10:00:00Z,11251.0,11251.0,False,False,False,
2023-04-27T11:00:00Z,12287.0,12287.0,False,False,False,
2023-04-27T12:00:00Z,13133.0,13133.0,False,False,False,
2023-04-27T13:00:00Z,14552.0,14552.0,False,False,False,
2023-04-27T14:00:00Z,16158.0,16158.0,False,False,False,
2023-04-27T15:00:00Z,17615.0,17615.0,False,False,False,
2023-04-27T16:00:00Z,18914.0,18914.0,False,False,False,
2023-04-27T17:00:00Z,19963.0,19963.0,False,False,False,
2023-04-27T18:00:00Z,20891.0,20891.0,False,False,False,
2023-04-27T19:00:00Z,21632.0,21632.0,False,False,False,
2023-04-27T20:00:00Z,22141.0,22141.0,False,False,False,
2023-04-27T21:00:00Z,22302.0,22302.0,False,False,False,
2023-04-27T22:00:00Z,22053.0,22053.0,False,False,False,
2023-04-27T23:00:00Z,21449.0,21449.0,False,False,False,
2023-04-28T00:00:00Z,20562.0,20562.0,False,False,False,
2023-04-28T01:00:00Z,20076.0,20076.0,False,False,False,
2023-04-28T02:00:00Z,19177.0,19177.0,False,False,False,
2023-04-28T03:00:00Z,17643.0,17643.0,False,False,False,
2023-04-28T04:00:00Z,15683.0,15683.0,False,False,False,
2023-04-28T05:00:00Z,14189.0,14189.0,False,False,False,
2023-04-28T06:00:00Z,12985.0,12985.0,False,False,False,
2023-04-28T07:00:00Z,12174.0,12174.0,False,False,False,
2023-04-28T08:00:00Z,11607.0,11607.0,False,False,False,
2023-04-28T09:00:00Z,11407.0,11407.0,False,False,False,
2023-04-28T10:00:00Z,11844.0,11844.0,False,False,False,
2023-04-28T11:00:00Z,12841.0,12841.0,False,False,False,
2023-04-28T12:00:00Z,13502.0,13502.0,False,False,False,
2023-04-28T13:00:00Z,14555.0,14555.0,False,False,False,
2023-04-28T14:00:00Z,15883.0,15883.0,False,False,False,
2023-04-28T15:00:00Z,17186.0,17186.0,False,False,False,
2023-04-28T16:00:00Z,18318.0,18318.0,False,False,False,
2023-04-28T17:00:00Z,19096.0,19096.0,False,False,False,
2023-04-28T18:00:00Z,19841.0,19841.0,False,False,False,
2023-04-28T19:00:00Z,20578.0,20578.0,False,False,False,
2023-04-28T20:00:00Z,21478.0,21478.0,False,False,False,
2023-04-28T21:00:00Z,22181.0,22181.0,False,False,False,
2023-04-28T22:00:00Z,22247.0,22247.0,False,False,False,
2023-04-28T23:00:00Z,21457.0,21457.0,False,False,False,
2023-04-29T00:00:00Z,20357.0,20357.0,False,False,False,
2023-04-29T01:00:00Z,19788.0,19788.0,False,False,False,
2023-04-29T02:00:00Z,18656.0,18656.0,False,False,False,
2023-04-29T03:00:00Z,17342.0,17342.0,False,False,False,
2023-04-29T04:00:00Z,16025.0,16025.0,False,False,False,
2023-04-29T05:00:00Z,14504.0,14504.0,False,False,False,
2023-04-29T06:00:00Z,13440.0,13440.0,False,False,False,
2023-04-29T07:00:00Z,12744.0,12744.0,False,False,False,
2023-04-29T08:00:00Z,12272.0,12272.0,False,False,False,
2023-04-29T09:00:00Z,12018.0,12018.0,False,False,False,
2023-04-29T10:00:00Z,12016.0,12016.0,False,False,False,
2023-04-29T11:00:00Z,12263.0,12263.0,False,False,False,
2023-04-29T12:00:00Z,12880.0,12880.0,False,False,False,
2023-04-29T13:00:00Z,14743.0,14743.0,False,False,False,
2023-04-29T14:00:00Z,16777.0,16777.0,False,False,False,
2023-04-29T15:00:00Z,18601.0,18601.0,False,False,False,
2023-04-29T16:00:00Z,20048.0,20048.0,False,False,False,
2023-04-29T17:00:00Z,21129.0,21129.0,False,False,False,
2023-04-29T18:00:00Z,21879.0,21879.0,False,False,False,
2023-04-29T19:00:00Z,22251.0,22251.0,False,False,False,
2023-04-29T20:00:00Z,22108.0,22108.0,False,False,False,
2023-04-29T21:00:00Z,21623.0,21623.0,False,False,False,
2023-04-29T22:00:00Z,20729.0,20729.0,False,False,False,
2023-04-29T23:00:00Z,19785.0,19785.0,False,False,False,
2023-04-30T00:00:00Z,18950.0,18950.0,False,False,False,
2023-04-30T01:00:00Z,18681.0,18681.0,False,False,False,
2023-04-30T02:00:00Z,17787.0,17787.0,False,False,False,
2023-04-30T03:00:00Z,17602.0,17602.0,False,False,False,
2023-04-30T04:00:00Z,16467.0,16467.0,False,False,False,
2023-04-30T05:00:00Z,14585.0,14585.0,False,False,False,
2023-04-30T06:00:00Z,13592.0,13592.0,False,False,False,
2023-04-30T07:00:00Z,12914.0,12914.0,False,False,False,
2023-04-30T08:00:00Z,12531.0,12531.0,False,False,False,
2023-04-30T09:00:00Z,12408.0,12408.0,False,False,False,
2023-04-30T10:00:00Z,12569.0,12569.0,False,False,False,
2023-04-30T11:00:00Z,12842.0,12842.0,False,False,False,
2023-04-30T12:00:00Z,13286.0,13286.0,False,False,False,
2023-04-30T13:00:00Z,14364.0,14364.0,False,False,False,
2023-04-30T14:00:00Z,15783.0,15783.0,False,False,False,
2023-04-30T15:00:00Z,16536.0,16536.0,False,False,False,
2023-04-30T16:00:00Z,16962.0,16962.0,False,False,False,
2023-04-30T17:00:00Z,17469.0,17469.0,False,False,False,
2023-04-30T18:00:00Z,17886.0,17886.0,False,False,False,
2023-04-30T19:00:00Z,18138.0,18138.0,False,False,False,
2023-04-30T20:00:00Z,18555.0,18555.0,False,False,False,
2023-04-30T21:00:00Z,19012.0,19012.0,False,False,False,
2023-04-30T22:00:00Z,19146.0,19146.0,False,False,False,
2023-04-30T23:00:00Z,18807.0,18807.0,False,False,False,
2023-05-01T00:00:00Z,17708.0,17708.0,False,False,False,
2023-05-01T01:00:00Z,18121.0,18121.0,False,False,False,
2023-05-01T02:00:00Z,17280.0,17280.0,False,False,False,
2023-05-01T03:00:00Z,15225.0,15225.0,False,False,False,
2023-05-01T04:00:00Z,13804.0,13804.0,False,False,False,
2023-05-01T05:00:00Z,11967.0,11967.0,False,False,False,
2023-05-01T06:00:00Z,10986.0,10986.0,False,False,False,
2023-05-01T07:00:00Z,10360.0,10360.0,False,False,False,
2023-05-01T08:00:00Z,10017.0,10017.0,False,False,False,
2023-05-01T09:00:00Z,10040.0,10040.0,False,False,False,
2023-05-01T10:00:00Z,10553.0,10553.0,False,False,False,
2023-05-01T11:00:00Z,11525.0,11525.0,False,False,False,
2023-05-01T12:00:00Z,12206.0,12206.0,False,False,False,
2023-05-01T13:00:00Z,13153.0,13153.0,False,False,False,
2023-05-01T14:00:00Z,14201.0,14201.0,False,False,False,
2023-05-01T15:00:00Z,15177.0,15177.0,False,False,False,
2023-05-01T16:00:00Z,16187.0,16187.0,False,False,False,
2023-05-01T17:00:00Z,17101.0,17101.0,False,False,False,
2023-05-01T18:00:00Z,18081.0,18081.0,False,False,False,
2023-05-01T19:00:00Z,19055.0,19055.0,False,False,False,
2023-05-01T20:00:00Z,19983.0,19983.0,False,False,False,
2023-05-01T21:00:00Z,20669.0,20669.0,False,False,False,
2023-05-01T22:00:00Z,20931.0,20931.0,False,False,False,
2023-05-01T23:00:00Z,20533.0,20533.0,False,False,False,
2023-05-02T00:00:00Z,19473.0,19473.0,False,False,False,
2023-05-02T01:00:00Z,18804.0,18804.0,False,False,False,
2023-05-02T02:00:00Z,17612.0,17612.0,False,False,False,
2023-05-02T03:00:00Z,16749.0,16749.0,False,False,False,
2023-05-02T04:00:00Z,14454.0,14454.0,False,False,False,
2023-05-02T05:00:00Z,12602.0,12602.0,False,False,False,
2023-05-02T06:00:00Z,11518.0,11518.0,False,False,False,
2023-05-02T07:00:00Z,10797.0,10797.0,False,False,False,
2023-05-02T08:00:00Z,10343.0,10343.0,False,False,False,
2023-05-02T09:00:00Z,10194.0,10194.0,False,False,False,
2023-05-02T10:00:00Z,10595.0,10595.0,False,False,False,
2023-05-02T11:00:00Z,11572.0,11572.0,False,False,False,
2023-05-02T12:00:00Z,12310.0,12310.0,False,False,False,
2023-05-02T13:00:00Z,13450.0,13450.0,False,False,False,
2023-05-02T14:00:00Z,14617.0,14617.0,False,False,False,
2023-05-02T15:00:00Z,15674.0,15674.0,False,False,False,
2023-05-02T16:00:00Z,16680.0,16680.0,False,False,False,
2023-05-02T17:00:00Z,17772.0,17772.0,False,False,False,
2023-05-02T18:00:00Z,18922.0,18922.0,False,False,False,
2023-05-02T19:00:00Z,19970.0,19970.0,False,False,False,
2023-05-02T20:00:00Z,20966.0,20966.0,False,False,False,
2023-05-02T21:00:00Z,21716.0,21716.0,False,False,False,
2023-05-02T22:00:00Z,21995.0,21995.0,False,False,False,
2023-05-02T23:00:00Z,21550.0,21550.0,False,False,False,
2023-05-03T00:00:00Z,20348.0,20348.0,False,False,False,
2023-05-03T01:00:00Z,19478.0,19478.0,False,False,False,
2023-05-03T02:00:00Z,18148.0,18148.0,False,False,False,
2023-05-03T03:00:00Z,16341.0,16341.0,False,False,False,
2023-05-03T04:00:00Z,14614.0,14614.0,False,False,False,
2023-05-03T05:00:00Z,13057.0,13057.0,False,False,False,
2023-05-03T06:00:00Z,11935.0,11935.0,False,False,False,
2023-05-03T07:00:00Z,11184.0,11184.0,False,False,False,
2023-05-03T08:00:00Z,10729.0,10729.0,False,False,False,
2023-05-03T09:00:00Z,10628.0,10628.0,False,False,False,
2023-05-03T10:00:00Z,11062.0,11062.0,False,False,False,
2023-05-03T11:00:00Z,12023.0,12023.0,False,False,False,
2023-05-03T12:00:00Z,12723.0,12723.0,False,False,False,
2023-05-03T13:00:00Z,13782.0,13782.0,False,False,False,
2023-05-03T14:00:00Z,14940.0,14940.0,False,False,False,
2023-05-03T15:00:00Z,15944.0,15944.0,False,False,False,
2023-05-03T16:00:00Z,16812.0,16812.0,False,False,False,
2023-05-03T17:00:00Z,17807.0,17807.0,False,False,False,
2023-05-03T18:00:00Z,18807.0,18807.0,False,False,False,
2023-05-03T19:00:00Z,19715.0,19715.0,False,False,False,
2023-05-03T20:00:00Z,20667.0,20667.0,False,False,False,
2023-05-03T21:00:00Z,21498.0,21498.0,False,False,False,
2023-05-03T22:00:00Z,21873.0,21873.0,False,False,False,
2023-05-03T23:00:00Z,21520.0,21520.0,False,False,False,
2023-05-04T00:00:00Z,20337.0,20337.0,False,False,False,
2023-05-04T01:00:00Z,19468.0,19468.0,False,False,False,
2023-05-04T02:00:00Z,18144.0,18144.0,False,False,False,
2023-05-04T03:00:00Z,16323.0,16323.0,False,False,False,
2023-05-04T04:00:00Z,14422.0,14422.0,False,False,False,
2023-05-04T05:00:00Z,12830.0,12830.0,False,False,False,
2023-05-04T06:00:00Z,11639.0,11639.0,False,False,False,
2023-05-04T07:00:00Z,10837.0,10837.0,False,False,False,
2023-05-04T08:00:00Z,10367.0,10367.0,False,False,False,
2023-05-04T09:00:00Z,10172.0,10172.0,False,False,False,
2023-05-04T10:00:00Z,10551.0,10551.0,False,False,False,
2023-05-04T11:00:00Z,11490.0,11490.0,False,False,False,
2023-05-04T12:00:00Z,12074.0,12074.0,False,False,False,
2023-05-04T13:00:00Z,13005.0,13005.0,False,False,False,
2023-05-04T14:00:00Z,14056.0,14056.0,False,False,False,
2023-05-04T15:00:00Z,15042.0,15042.0,False,False,False,
2023-05-04T16:00:00Z,16012.0,16012.0,False,False,False,
2023-05-04T17:00:00Z,17089.0,17089.0,False,False,False,
2023-05-04T18:00:00Z,18317.0,18317.0,False,False,False,
2023-05-04T19:00:00Z,19353.0,19353.0,False,False,False,
2023-05-04T20:00:00Z,20291.0,20291.0,False,False,False,
2023-05-04T21:00:00Z,21019.0,21019.0,False,False,False,
2023-05-04T22:00:00Z,21177.0,21177.0,False,False,False,
2023-05-04T23:00:00Z,20707.0,20707.0,False,False,False,
2023-05-05T00:00:00Z,19486.0,19486.0,False,False,False,
2023-05-05T01:00:00Z,18786.0,18786.0,False,False,False,
2023-05-05T02:00:00Z,17708.0,17708.0,False,False,False,
2023-05-05T03:00:00Z,16071.0,16071.0,False,False,False,
2023-05-05T04:00:00Z,14330.0,14330.0,False,False,False,
2023-05-05T05:00:00Z,12779.0,12779.0,False,False,False,
2023-05-05T06:00:00Z,11701.0,11701.0,False,False,False,
2023-05-05T07:00:00Z,10979.0,10979.0,False,False,False,
2023-05-05T08:00:00Z,10537.0,10537.0,False,False,False,
2023-05-05T09:00:00Z,10405.0,10405.0,False,False,False,
2023-05-05T10:00:00Z,10795.0,10795.0,False,False,False,
2023-05-05T11:00:00Z,11745.0,11745.0,False,False,False,
2023-05-05T12:00:00Z,12523.0,12523.0,False,False,False,
2023-05-05T13:00:00Z,13751.0,13751.0,False,False,False,
2023-05-05T14:00:00Z,15128.0,15128.0,False,False,False,
2023-05-05T15:00:00Z,16462.0,16462.0,False,False,False,
2023-05-05T16:00:00Z,17800.0,17800.0,False,False,False,
2023-05-05T17:00:00Z,18843.0,18843.0,False,False,False,
2023-05-05T18:00:00Z,19760.0,19760.0,False,False,False,
2023-05-05T19:00:00Z,20486.0,20486.0,False,False,False,
2023-05-05T20:00:00Z,20993.0,20993.0,False,False,False,
2023-05-05T21:00:00Z,21220.0,21220.0,False,False,False,
2023-05-05T22:00:00Z,21005.0,21005.0,False,False,False,
2023-05-05T23:00:00Z,20237.0,20237.0,False,False,False,
2023-05-06T00:00:00Z,19099.0,19099.0,False,False,False,
2023-05-06T01:00:00Z,18471.0,18471.0,False,False,False,
2023-05-06T02:00:00Z,17567.0,17567.0,False,False,False,
2023-05-06T03:00:00Z,16450.0,16450.0,False,False,False,
2023-05-06T04:00:00Z,15023.0,15023.0,False,False,False,
2023-05-06T05:00:00Z,13796.0,13796.0,False,False,False,
2023-05-06T06:00:00Z,12777.0,12777.0,False,False,False,
2023-05-06T07:00:00Z,11966.0,11966.0,False,False,False,
2023-05-06T08:00:00Z,11375.0,11375.0,False,False,False,
2023-05-06T09:00:00Z,11082.0,11082.0,False,False,False,
2023-05-06T10:00:00Z,11090.0,11090.0,False,False,False,
2023-05-06T11:00:00Z,11310.0,11310.0,False,False,False,
2023-05-06T12:00:00Z,11921.0,11921.0,False,False,False,
2023-05-06T13:00:00Z,13646.0,13646.0,False,False,False,
2023-05-06T14:00:00Z,15533.0,15533.0,False,False,False,
2023-05-06T15:00:00Z,17013.0,17013.0,False,False,False,
2023-05-06T16:00:00Z,18310.0,18310.0,False,False,False,
2023-05-06T17:00:00Z,19335.0,19335.0,False,False,False,
2023-05-06T18:00:00Z,20113.0,20113.0,False,False,False,
2023-05-06T19:00:00Z,20652.0,20652.0,False,False,False,
2023-05-06T20:00:00Z,20926.0,20926.0,False,False,False,
2023-05-06T21:00:00Z,20954.0,20954.0,False,False,False,
2023-05-06T22:00:00Z,20603.0,20603.0,False,False,False,
2023-05-06T23:00:00Z,19728.0,19728.0,False,False,False,
2023-05-07T00:00:00Z,18674.0,18674.0,False,False,False,
2023-05-07T01:00:00Z,18285.0,18285.0,False,False,False,
2023-05-07T02:00:00Z,17445.0,17445.0,False,False,False,
2023-05-07T03:00:00Z,16293.0,16293.0,False,False,False,
2023-05-07T04:00:00Z,14918.0,14918.0,False,False,False,
2023-05-07T05:00:00Z,13712.0,13712.0,False,False,False,
2023-05-07T06:00:00Z,12745.0,12745.0,False,False,False,
2023-05-07T07:00:00Z,12034.0,12034.0,False,False,False,
2023-05-07T08:00:00Z,11506.0,11506.0,False,False,False,
2023-05-07T09:00:00Z,11217.0,11217.0,False,False,False,
2023-05-07T10:00:00Z,11176.0,11176.0,False,False,False,
2023-05-07T11:00:00Z,11305.0,11305.0,False,False,False,
2023-05-07T12:00:00Z,11826.0,11826.0,False,False,False,
2023-05-07T13:00:00Z,13444.0,13444.0,False,False,False,
2023-05-07T14:00:00Z,15175.0,15175.0,False,False,False,
2023-05-07T15:00:00Z,16424.0,16424.0,False,False,False,
2023-05-07T16:00:00Z,17469.0,17469.0,False,False,False,
2023-05-07T17:00:00Z,18334.0,18334.0,False,False,False,
2023-05-07T18:00:00Z,19082.0,19082.0,False,False,False,
2023-05-07T19:00:00Z,19631.0,19631.0,False,False,False,
2023-05-07T20:00:00Z,20090.0,20090.0,False,False,False,
2023-05-07T21:00:00Z,20326.0,20326.0,False,False,False,
2023-05-07T22:00:00Z,20356.0,20356.0,False,False,False,
2023-05-07T23:00:00Z,19811.0,19811.0,False,False,False,
2023-05-08T00:00:00Z,18844.0,18844.0,False,False,False,
2023-05-08T01:00:00Z,18383.0,18383.0,False,False,False,
2023-05-08T02:00:00Z,17500.0,17500.0,False,False,False,
2023-05-08T03:00:00Z,16028.0,16028.0,False,False,False,
2023-05-08T04:00:00Z,14285.0,14285.0,False,False,False,
2023-05-08T05:00:00Z,12814.0,12814.0,False,False,False,
2023-05-08T06:00:00Z,11711.0,11711.0,False,False,False,
2023-05-08T07:00:00Z,11019.0,11019.0,False,False,False,
2023-05-08T08:00:00Z,10594.0,10594.0,False,False,False,
2023-05-08T09:00:00Z,10565.0,10565.0,False,False,False,
2023-05-08T10:00:00Z,11010.0,11010.0,False,False,False,
2023-05-08T11:00:00Z,11839.0,11839.0,False,False,False,
2023-05-08T12:00:00Z,12449.0,12449.0,False,False,False,
2023-05-08T13:00:00Z,13632.0,13632.0,False,False,False,
2023-05-08T14:00:00Z,14952.0,14952.0,False,False,False,
2023-05-08T15:00:00Z,16172.0,16172.0,False,False,False,
2023-05-08T16:00:00Z,17357.0,17357.0,False,False,False,
2023-05-08T17:00:00Z,18391.0,18391.0,False,False,False,
2023-05-08T18:00:00Z,19414.0,19414.0,False,False,False,
2023-05-08T19:00:00Z,20201.0,20201.0,False,False,False,
2023-05-08T20:00:00Z,20914.0,20914.0,False,False,False,
2023-05-08T21:00:00Z,21445.0,21445.0,False,False,False,
2023-05-08T22:00:00Z,21563.0,21563.0,False,False,False,
2023-05-08T23:00:00Z,21134.0,21134.0,False,False,False,
2023-05-09T00:00:00Z,20101.0,20101.0,False,False,False,
2023-05-09T01:00:00Z,19255.0,19255.0,False,False,False,
2023-05-09T02:00:00Z,18159.0,18159.0,False,False,False,
2023-05-09T03:00:00Z,16544.0,16544.0,False,False,False,
2023-05-09T04:00:00Z,14955.0,14955.0,False,False,False,
2023-05-09T05:00:00Z,13363.0,13363.0,False,False,False,
2023-05-09T06:00:00Z,12281.0,12281.0,False,False,False,
2023-05-09T07:00:00Z,11530.0,11530.0,False,False,False,
2023-05-09T08:00:00Z,11039.0,11039.0,False,False,False,
2023-05-09T09:00:00Z,10898.0,10898.0,False,False,False,
2023-05-09T10:00:00Z,11317.0,11317.0,False,False,False,
2023-05-09T11:00:00Z,12221.0,12221.0,False,False,False,
2023-05-09T12:00:00Z,12951.0,12951.0,False,False,False,
2023-05-09T13:00:00Z,14316.0,14316.0,False,False,False,
2023-05-09T14:00:00Z,15794.0,15794.0,False,False,False,
2023-05-09T15:00:00Z,17197.0,17197.0,False,False,False,
2023-05-09T16:00:00Z,18543.0,18543.0,False,False,False,
2023-05-09T17:00:00Z,19737.0,19737.0,False,False,False,
2023-05-09T18:00:00Z,20839.0,20839.0,False,False,False,
2023-05-09T19:00:00Z,21661.0,21661.0,False,False,False,
2023-05-09T20:00:00Z,22359.0,22359.0,False,False,False,
2023-05-09T21:00:00Z,22825.0,22825.0,False,False,False,
2023-05-09T22:00:00Z,22846.0,22846.0,False,False,False,
2023-05-09T23:00:00Z,22295.0,22295.0,False,False,False,
2023-05-10T00:00:00Z,21101.0,21101.0,False,False,False,
2023-05-10T01:00:00Z,20360.0,20360.0,False,False,False,
2023-05-10T02:00:00Z,19302.0,19302.0,False,False,False,
2023-05-10T03:00:00Z,17642.0,17642.0,False,False,False,
2023-05-10T04:00:00Z,16011.0,16011.0,False,False,False,
2023-05-10T05:00:00Z,14385.0,14385.0,False,False,False,
2023-05-10T06:00:00Z,13218.0,13218.0,False,False,False,
2023-05-10T07:00:00Z,12482.0,12482.0,False,False,False,
2023-05-10T08:00:00Z,11909.0,11909.0,False,False,False,
2023-05-10T09:00:00Z,11725.0,11725.0,False,False,False,
2023-05-10T10:00:00Z,12056.0,12056.0,False,False,False,
2023-05-10T11:00:00Z,12884.0,12884.0,False,False,False,
2023-05-10T12:00:00Z,13437.0,13437.0,False,False,False,
2023-05-10T13:00:00Z,14758.0,14758.0,False,False,False,
2023-05-10T14:00:00Z,16366.0,16366.0,False,False,False,
2023-05-10T15:00:00Z,17856.0,17856.0,False,False,False,
2023-05-10T16:00:00Z,19492.0,19492.0,False,False,False,
2023-05-10T17:00:00Z,21181.0,21181.0,False,False,False,
2023-05-10T18:00:00Z,22346.0,22346.0,False,False,False,
2023-05-10T19:00:00Z,23180.0,23180.0,False,False,False,
2023-05-10T20:00:00Z,23796.0,23796.0,False,False,False,
2023-05-10T21:00:00Z,24053.0,24053.0,False,False,False,
2023-05-10T22:00:00Z,23913.0,23913.0,False,False,False,
2023-05-10T23:00:00Z,23250.0,23250.0,False,False,False,
2023-05-11T00:00:00Z,22002.0,22002.0,False,False,False,
2023-05-11T01:00:00Z,21208.0,21208.0,False,False,False,
2023-05-11T02:00:00Z,20039.0,20039.0,False,False,False,
2023-05-11T03:00:00Z,18378.0,18378.0,False,False,False,
2023-05-11T04:00:00Z,16738.0,16738.0,False,False,False,
2023-05-11T05:00:00Z,14945.0,14945.0,False,False,False,
2023-05-11T06:00:00Z,13889.0,13889.0,False,False,False,
2023-05-11T07:00:00Z,13111.0,13111.0,False,False,False,
2023-05-11T08:00:00Z,12625.0,12625.0,False,False,False,
2023-05-11T09:00:00Z,12376.0,12376.0,False,False,False,
2023-05-11T10:00:00Z,12714.0,12714.0,False,False,False,
2023-05-11T11:00:00Z,13552.0,13552.0,False,False,False,
2023-05-11T12:00:00Z,14134.0,14134.0,False,False,False,
2023-05-11T13:00:00Z,15524.0,15524.0,False,False,False,
2023-05-11T14:00:00Z,17080.0,17080.0,False,False,False,
2023-05-11T15:00:00Z,18603.0,18603.0,False,False,False,
2023-05-11T16:00:00Z,19980.0,19980.0,False,False,False,
2023-05-11T17:00:00Z,21142.0,21142.0,False,False,False,
2023-05-11T18:00:00Z,22078.0,22078.0,False,False,False,
2023-05-11T19:00:00Z,22793.0,22793.0,False,False,False,
2023-05-11T20:00:00Z,23405.0,23405.0,False,False,False,
2023-05-11T21:00:00Z,23760.0,23760.0,False,False,False,
2023-05-11T22:00:00Z,23740.0,23740.0,False,False,False,
2023-05-11T23:00:00Z,23105.0,23105.0,False,False,False,
2023-05-12T00:00:00Z,21855.0,21855.0,False,False,False,
2023-05-12T01:00:00Z,21116.0,21116.0,False,False,False,
2023-05-12T02:00:00Z,20022.0,20022.0,False,False,False,
2023-05-12T03:00:00Z,18456.0,18456.0,False,False,False,
2023-05-12T04:00:00Z,16882.0,16882.0,False,False,False,
2023-05-12T05:00:00Z,15318.0,15318.0,False,False,False,
2023-05-12T06:00:00Z,14170.0,14170.0,False,False,False,
2023-05-12T07:00:00Z,13433.0,13433.0,False,False,False,
2023-05-12T08:00:00Z,12887.0,12887.0,False,False,False,
2023-05-12T09:00:00Z,12641.0,12641.0,False,False,False,
2023-05-12T10:00:00Z,12972.0,12972.0,False,False,False,
2023-05-12T11:00:00Z,13699.0,13699.0,False,False,False,
2023-05-12T12:00:00Z,14317.0,14317.0,False,False,False,
2023-05-12T13:00:00Z,15562.0,15562.0,False,False,False,
2023-05-12T14:00:00Z,17311.0,17311.0,False,False,False,
2023-05-12T15:00:00Z,18726.0,18726.0,False,False,False,
2023-05-12T16:00:00Z,19922.0,19922.0,False,False,False,
2023-05-12T17:00:00Z,20945.0,20945.0,False,False,False,
2023-05-12T18:00:00Z,21895.0,21895.0,False,False,False,
2023-05-12T19:00:00Z,22597.0,22597.0,False,False,False,
2023-05-12T20:00:00Z,23079.0,23079.0,False,False,False,
2023-05-12T21:00:00Z,23354.0,23354.0,False,False,False,
2023-05-12T22:00:00Z,23183.0,23183.0,False,False,False,
2023-05-12T23:00:00Z,22418.0,22418.0,False,False,False,
2023-05-13T00:00:00Z,21110.0,21110.0,False,False,False,
2023-05-13T01:00:00Z,20352.0,20352.0,False,False,False,
2023-05-13T02:00:00Z,19362.0,19362.0,False,False,False,
2023-05-13T03:00:00Z,18050.0,18050.0,False,False,False,
2023-05-13T04:00:00Z,16863.0,16863.0,False,False,False,
2023-05-13T05:00:00Z,15480.0,15480.0,False,False,False,
2023-05-13T06:00:00Z,14261.0,14261.0,False,False,False,
2023-05-13T07:00:00Z,13381.0,13381.0,False,False,False,
2023-05-13T08:00:00Z,12712.0,12712.0,False,False,False,
2023-05-13T09:00:00Z,12318.0,12318.0,False,False,False,
2023-05-13T10:00:00Z,12205.0,12205.0,False,False,False,
2023-05-13T11:00:00Z,12262.0,12262.0,False,False,False,
2023-05-13T12:00:00Z,12744.0,12744.0,False,False,False,
2023-05-13T13:00:00Z,14509.0,14509.0,False,False,False,
2023-05-13T14:00:00Z,16341.0,16341.0,False,False,False,
2023-05-13T15:00:00Z,17907.0,17907.0,False,False,False,
2023-05-13T16:00:00Z,19217.0,19217.0,False,False,False,
2023-05-13T17:00:00Z,20263.0,20263.0,False,False,False,
2023-05-13T18:00:00Z,21084.0,21084.0,False,False,False,
2023-05-13T19:00:00Z,21694.0,21694.0,False,False,False,
2023-05-13T20:00:00Z,22027.0,22027.0,False,False,False,
2023-05-13T21:00:00Z,22097.0,22097.0,False,False,False,
2023-05-13T22:00:00Z,21825.0,21825.0,False,False,False,
2023-05-13T23:00:00Z,21091.0,21091.0,False,False,False,
2023-05-14T00:00:00Z,19796.0,19796.0,False,False,False,
2023-05-14T01:00:00Z,19143.0,19143.0,False,False,False,
2023-05-14T02:00:00Z,18267.0,18267.0,False,False,False,
2023-05-14T03:00:00Z,16973.0,16973.0,False,False,False,
2023-05-14T04:00:00Z,15878.0,15878.0,False,False,False,
2023-05-14T05:00:00Z,14519.0,14519.0,False,False,False,
2023-05-14T06:00:00Z,13399.0,13399.0,False,False,False,
2023-05-14T07:00:00Z,12504.0,12504.0,False,False,False,
2023-05-14T08:00:00Z,11941.0,11941.0,False,False,False,
2023-05-14T09:00:00Z,11598.0,11598.0,False,False,False,
2023-05-14T10:00:00Z,11513.0,11513.0,False,False,False,
2023-05-14T11:00:00Z,11513.0,11513.0,False,False,False,
2023-05-14T12:00:00Z,12009.0,12009.0,False,False,False,
2023-05-14T13:00:00Z,13738.0,13738.0,False,False,False,
2023-05-14T14:00:00Z,15710.0,15710.0,False,False,False,
2023-05-14T15:00:00Z,17290.0,17290.0,False,False,False,
2023-05-14T16:00:00Z,18656.0,18656.0,False,False,False,
2023-05-14T17:00:00Z,19839.0,19839.0,False,False,False,
2023-05-14T18:00:00Z,20794.0,20794.0,False,False,False,
2023-05-14T19:00:00Z,21458.0,21458.0,False,False,False,
2023-05-14T20:00:00Z,21872.0,21872.0,False,False,False,
2023-05-14T21:00:00Z,21964.0,21964.0,False,False,False,
2023-05-14T22:00:00Z,21614.0,21614.0,False,False,False,
2023-05-14T23:00:00Z,20920.0,20920.0,False,False,False,
2023-05-15T00:00:00Z,20072.0,20072.0,False,False,False,
2023-05-15T01:00:00Z,19652.0,19652.0,False,False,False,
2023-05-15T02:00:00Z,18881.0,18881.0,False,False,False,
2023-05-15T03:00:00Z,17578.0,17578.0,False,False,False,
2023-05-15T04:00:00Z,15920.0,15920.0,False,False,False,
2023-05-15T05:00:00Z,14398.0,14398.0,False,False,False,
2023-05-15T06:00:00Z,13255.0,13255.0,False,False,False,
2023-05-15T07:00:00Z,12464.0,12464.0,False,False,False,
2023-05-15T08:00:00Z,11976.0,11976.0,False,False,False,
2023-05-15T09:00:00Z,11859.0,11859.0,False,False,False,
2023-05-15T10:00:00Z,12257.0,12257.0,False,False,False,
2023-05-15T11:00:00Z,13029.0,13029.0,False,False,False,
2023-05-15T12:00:00Z,13720.0,13720.0,False,False,False,
2023-05-15T13:00:00Z,15044.0,15044.0,False,False,False,
2023-05-15T14:00:00Z,16645.0,16645.0,False,False,False,
2023-05-15T15:00:00Z,18131.0,18131.0,False,False,False,
2023-05-15T16:00:00Z,19509.0,19509.0,False,False,False,
2023-05-15T17:00:00Z,20762.0,20762.0,False,False,False,
2023-05-15T18:00:00Z,21905.0,21905.0,False,False,False,
2023-05-15T19:00:00Z,22746.0,22746.0,False,False,False,
2023-05-15T20:00:00Z,23350.0,23350.0,False,False,False,
2023-05-15T21:00:00Z,23587.0,23587.0,False,False,False,
2023-05-15T22:00:00Z,23412.0,23412.0,False,False,False,
2023-05-15T23:00:00Z,22828.0,22828.0,False,False,False,
2023-05-16T00:00:00Z,21631.0,21631.0,False,False,False,
2023-05-16T01:00:00Z,20850.0,20850.0,False,False,False,
2023-05-16T02:00:00Z,19718.0,19718.0,False,False,False,
2023-05-16T03:00:00Z,18027.0,18027.0,False,False,False,
2023-05-16T04:00:00Z,16097.0,16097.0,False,False,False,
2023-05-16T05:00:00Z,14404.0,14404.0,False,False,False,
2023-05-16T06:00:00Z,13195.0,13195.0,False,False,False,
2023-05-16T07:00:00Z,12362.0,12362.0,False,False,False,
2023-05-16T08:00:00Z,11852.0,11852.0,False,False,False,
2023-05-16T09:00:00Z,11637.0,11637.0,False,False,False,
2023-05-16T10:00:00Z,11964.0,11964.0,False,False,False,
2023-05-16T11:00:00Z,12830.0,12830.0,False,False,False,
2023-05-16T12:00:00Z,13654.0,13654.0,False,False,False,
2023-05-16T13:00:00Z,15075.0,15075.0,False,False,False,
2023-05-16T14:00:00Z,16700.0,16700.0,False,False,False,
2023-05-16T15:00:00Z,18210.0,18210.0,False,False,False,
2023-05-16T16:00:00Z,19724.0,19724.0,False,False,False,
2023-05-16T17:00:00Z,21042.0,21042.0,False,False,False,
2023-05-16T18:00:00Z,22191.0,22191.0,False,False,False,
2023-05-16T19:00:00Z,23046.0,23046.0,False,False,False,
2023-05-16T20:00:00Z,23639.0,23639.0,False,False,False,
2023-05-16T21:00:00Z,23985.0,23985.0,False,False,False,
2023-05-16T22:00:00Z,23919.0,23919.0,False,False,False,
2023-05-16T23:00:00Z,23415.0,23415.0,False,False,False,
2023-05-17T00:00:00Z,22288.0,22288.0,False,False,False,
2023-05-17T01:00:00Z,21572.0,21572.0,False,False,False,
2023-05-17T02:00:00Z,20484.0,20484.0,False,False,False,
2023-05-17T03:00:00Z,18787.0,18787.0,False,False,False,
2023-05-17T04:00:00Z,16872.0,16872.0,False,False,False,
2023-05-17T05:00:00Z,15303.0,15303.0,False,False,False,
2023-05-17T06:00:00Z,14158.0,14158.0,False,False,False,
2023-05-17T07:00:00Z,13391.0,13391.0,False,False,False,
2023-05-17T08:00:00Z,12882.0,12882.0,False,False,False,
2023-05-17T09:00:00Z,12663.0,12663.0,False,False,False,
2023-05-17T10:00:00Z,12995.0,12995.0,False,False,False,
2023-05-17T11:00:00Z,13815.0,13815.0,False,False,False,
2023-05-17T12:00:00Z,14580.0,14580.0,False,False,False,
2023-05-17T13:00:00Z,16008.0,16008.0,False,False,False,
2023-05-17T14:00:00Z,17669.0,17669.0,False,False,False,
2023-05-17T15:00:00Z,19331.0,19331.0,False,False,False,
2023-05-17T16:00:00Z,20867.0,20867.0,False,False,False,
2023-05-17T17:00:00Z,22105.0,22105.0,False,False,False,
2023-05-17T18:00:00Z,23080.0,23080.0,False,False,False,
2023-05-17T19:00:00Z,23621.0,23621.0,False,False,False,
2023-05-17T20:00:00Z,23326.0,23326.0,False,False,False,
2023-05-17T21:00:00Z,22941.0,22941.0,False,False,False,
2023-05-17T22:00:00Z,22740.0,22740.0,False,False,False,
2023-05-17T23:00:00Z,22293.0,22293.0,False,False,False,
2023-05-18T00:00:00Z,21326.0,21326.0,False,False,False,
2023-05-18T01:00:00Z,20603.0,20603.0,False,False,False,
2023-05-18T02:00:00Z,19604.0,19604.0,False,False,False,
2023-05-18T03:00:00Z,17972.0,17972.0,False,False,False,
2023-05-18T04:00:00Z,16149.0,16149.0,False,False,False,
2023-05-18T05:00:00Z,14459.0,14459.0,False,False,False,
2023-05-18T06:00:00Z,13258.0,13258.0,False,False,False,
2023-05-18T07:00:00Z,12431.0,12431.0,False,False,False,
2023-05-18T08:00:00Z,11897.0,11897.0,False,False,False,
2023-05-18T09:00:00Z,11690.0,11690.0,False,False,False,
2023-05-18T10:00:00Z,12055.0,12055.0,False,False,False,
2023-05-18T11:00:00Z,12901.0,12901.0,False,False,False,
2023-05-18T12:00:00Z,13826.0,13826.0,False,False,False,
2023-05-18T13:00:00Z,15327.0,15327.0,False,False,False,
2023-05-18T14:00:00Z,16959.0,16959.0,False,False,False,
2023-05-18T15:00:00Z,18596.0,18596.0,False,False,False,
2023-05-18T16:00:00Z,20099.0,20099.0,False,False,False,
2023-05-18T17:00:00Z,21391.0,21391.0,False,False,False,
2023-05-18T18:00:00Z,22440.0,22440.0,False,False,False,
2023-05-18T19:00:00Z,22885.0,22885.0,False,False,False,
2023-05-18T20:00:00Z,23158.0,23158.0,False,False,False,
2023-05-18T21:00:00Z,23214.0,23214.0,False,False,False,
2023-05-18T22:00:00Z,22714.0,22714.0,False,False,False,
2023-05-18T23:00:00Z,21784.0,21784.0,False,False,False,
2023-05-19T00:00:00Z,20742.0,20742.0,False,False,False,
2023-05-19T01:00:00Z,20089.0,20089.0,False,False,False,
2023-05-19T02:00:00Z,19204.0,19204.0,False,False,False,
2023-05-19T03:00:00Z,17687.0,17687.0,False,False,False,
2023-05-19T04:00:00Z,15989.0,15989.0,False,False,False,
2023-05-19T05:00:00Z,14518.0,14518.0,False,False,False,
2023-05-19T06:00:00Z,13393.0,13393.0,False,False,False,
2023-05-19T07:00:00Z,12678.0,12678.0,False,False,False,
2023-05-19T08:00:00Z,12198.0,12198.0,False,False,False,
2023-05-19T09:00:00Z,12035.0,12035.0,False,False,False,
2023-05-19T10:00:00Z,12398.0,12398.0,False,False,False,
2023-05-19T11:00:00Z,13243.0,13243.0,False,False,False,
2023-05-19T12:00:00Z,14054.0,14054.0,False,False,False,
2023-05-19T13:00:00Z,15592.0,15592.0,False,False,False,
2023-05-19T14:00:00Z,17276.0,17276.0,False,False,False,
2023-05-19T15:00:00Z,18945.0,18945.0,False,False,False,
2023-05-19T16:00:00Z,20514.0,20514.0,False,False,False,
2023-05-19T17:00:00Z,21782.0,21782.0,False,False,False,
2023-05-19T18:00:00Z,22652.0,22652.0,False,False,False,
2023-05-19T19:00:00Z,22706.0,22706.0,False,False,False,
2023-05-19T20:00:00Z,22937.0,22937.0,False,False,False,
2023-05-19T21:00:00Z,23177.0,23177.0,False,False,False,
2023-05-19T22:00:00Z,22979.0,22979.0,False,False,False,
2023-05-19T23:00:00Z,22304.0,22304.0,False,False,False,
2023-05-20T00:00:00Z,21092.0,21092.0,False,False,False,
2023-05-20T01:00:00Z,20332.0,20332.0,False,False,False,
2023-05-20T02:00:00Z,19411.0,19411.0,False,False,False,
2023-05-20T03:00:00Z,18124.0,18124.0,False,False,False,
2023-05-20T04:00:00Z,16920.0,16920.0,False,False,False,
2023-05-20T05:00:00Z,15407.0,15407.0,False,False,False,
2023-05-20T06:00:00Z,14218.0,14218.0,False,False,False,
2023-05-20T07:00:00Z,13394.0,13394.0,False,False,False,
2023-05-20T08:00:00Z,12744.0,12744.0,False,False,False,
2023-05-20T09:00:00Z,12373.0,12373.0,False,False,False,
2023-05-20T10:00:00Z,12272.0,12272.0,False,False,False,
2023-05-20T11:00:00Z,12385.0,12385.0,False,False,False,
2023-05-20T12:00:00Z,13226.0,13226.0,False,False,False,
2023-05-20T13:00:00Z,15194.0,15194.0,False,False,False,
2023-05-20T14:00:00Z,17136.0,17136.0,False,False,False,
2023-05-20T15:00:00Z,18987.0,18987.0,False,False,False,
2023-05-20T16:00:00Z,20605.0,20605.0,False,False,False,
2023-05-20T17:00:00Z,21872.0,21872.0,False,False,False,
2023-05-20T18:00:00Z,22603.0,22603.0,False,False,False,
2023-05-20T19:00:00Z,22993.0,22993.0,False,False,False,
2023-05-20T20:00:00Z,23095.0,23095.0,False,False,False,
2023-05-20T21:00:00Z,22900.0,22900.0,False,False,False,
2023-05-20T22:00:00Z,22611.0,22611.0,False,False,False,
2023-05-20T23:00:00Z,21917.0,21917.0,False,False,False,
2023-05-21T00:00:00Z,20820.0,20820.0,False,False,False,
2023-05-21T01:00:00Z,20111.0,20111.0,False,False,False,
2023-05-21T02:00:00Z,19199.0,19199.0,False,False,False,
2023-05-21T03:00:00Z,17992.0,17992.0,False,False,False,
2023-05-21T04:00:00Z,16665.0,16665.0,False,False,False,
2023-05-21T05:00:00Z,15317.0,15317.0,False,False,False,
2023-05-21T06:00:00Z,14175.0,14175.0,False,False,False,
2023-05-21T07:00:00Z,13354.0,13354.0,False,False,False,
2023-05-21T08:00:00Z,12756.0,12756.0,False,False,False,
2023-05-21T09:00:00Z,12373.0,12373.0,False,False,False,
2023-05-21T10:00:00Z,12208.0,12208.0,False,False,False,
2023-05-21T11:00:00Z,12224.0,12224.0,False,False,False,
2023-05-21T12:00:00Z,12923.0,12923.0,False,False,False,
2023-05-21T13:00:00Z,14892.0,14892.0,False,False,False,
2023-05-21T14:00:00Z,17018.0,17018.0,False,False,False,
2023-05-21T15:00:00Z,18846.0,18846.0,False,False,False,
2023-05-21T16:00:00Z,20431.0,20431.0,False,False,False,
2023-05-21T17:00:00Z,21631.0,21631.0,False,False,False,
2023-05-21T18:00:00Z,22321.0,22321.0,False,False,False,
2023-05-21T19:00:00Z,22594.0,22594.0,False,False,False,
2023-05-21T20:00:00Z,22698.0,22698.0,False,False,False,
2023-05-21T21:00:00Z,22716.0,22716.0,False,False,False,
2023-05-21T22:00:00Z,22470.0,22470.0,False,False,False,
2023-05-21T23:00:00Z,21863.0,21863.0,False,False,False,
2023-05-22T00:00:00Z,20920.0,20920.0,False,False,False,
2023-05-22T01:00:00Z,20372.0,20372.0,False,False,False,
2023-05-22T02:00:00Z,19516.0,19516.0,False,False,False,
2023-05-22T03:00:00Z,18085.0,18085.0,False,False,False,
2023-05-22T04:00:00Z,16518.0,16518.0,False,False,False,
2023-05-22T05:00:00Z,15129.0,15129.0,False,False,False,
2023-05-22T06:00:00Z,14114.0,14114.0,False,False,False,
2023-05-22T07:00:00Z,13339.0,13339.0,False,False,False,
2023-05-22T08:00:00Z,12847.0,12847.0,False,False,False,
2023-05-22T09:00:00Z,12712.0,12712.0,False,False,False,
2023-05-22T10:00:00Z,13113.0,13113.0,False,False,False,
2023-05-22T11:00:00Z,13847.0,13847.0,False,False,False,
2023-05-22T12:00:00Z,14684.0,14684.0,False,False,False,
2023-05-22T13:00:00Z,16186.0,16186.0,False,False,False,
2023-05-22T14:00:00Z,17931.0,17931.0,False,False,False,
2023-05-22T15:00:00Z,19594.0,19594.0,False,False,False,
2023-05-22T16:00:00Z,21046.0,21046.0,False,False,False,
2023-05-22T17:00:00Z,22035.0,22035.0,False,False,False,
2023-05-22T18:00:00Z,22669.0,22669.0,False,False,False,
2023-05-22T19:00:00Z,22936.0,22936.0,False,False,False,
2023-05-22T20:00:00Z,23381.0,23381.0,False,False,False,
2023-05-22T21:00:00Z,23584.0,23584.0,False,False,False,
2023-05-22T22:00:00Z,23470.0,23470.0,False,False,False,
2023-05-22T23:00:00Z,22747.0,22747.0,False,False,False,
2023-05-23T00:00:00Z,21899.0,21899.0,False,False,False,
2023-05-23T01:00:00Z,21206.0,21206.0,False,False,False,
2023-05-23T02:00:00Z,20048.0,20048.0,False,False,False,
2023-05-23T03:00:00Z,18379.0,18379.0,False,False,False,
2023-05-23T04:00:00Z,16374.0,16374.0,False,False,False,
2023-05-23T05:00:00Z,14975.0,14975.0,False,False,False,
2023-05-23T06:00:00Z,13807.0,13807.0,False,False,False,
2023-05-23T07:00:00Z,13005.0,13005.0,False,False,False,
2023-05-23T08:00:00Z,12498.0,12498.0,False,False,False,
2023-05-23T09:00:00Z,12316.0,12316.0,False,False,False,
2023-05-23T10:00:00Z,12704.0,12704.0,False,False,False,
2023-05-23T11:00:00Z,13556.0,13556.0,False,False,False,
2023-05-23T12:00:00Z,14276.0,14276.0,False,False,False,
2023-05-23T13:00:00Z,15510.0,15510.0,False,False,False,
2023-05-23T14:00:00Z,16966.0,16966.0,False,False,False,
2023-05-23T15:00:00Z,18475.0,18475.0,False,False,False,
2023-05-23T16:00:00Z,19783.0,19783.0,False,False,False,
2023-05-23T17:00:00Z,20696.0,20696.0,False,False,False,
2023-05-23T18:00:00Z,21241.0,21241.0,False,False,False,
2023-05-23T19:00:00Z,21552.0,21552.0,False,False,False,
2023-05-23T20:00:00Z,21457.0,21457.0,False,False,False,
2023-05-23T21:00:00Z,21468.0,21468.0,False,False,False,
2023-05-23T22:00:00Z,21309.0,21309.0,False,False,False,
2023-05-23T23:00:00Z,20881.0,20881.0,False,False,False,
2023-05-24T00:00:00Z,20126.0,20126.0,False,False,False,
2023-05-24T01:00:00Z,19688.0,19688.0,False,False,False,
2023-05-24T02:00:00Z,18644.0,18644.0,False,False,False,
2023-05-24T03:00:00Z,17017.0,17017.0,False,False,False,
2023-05-24T04:00:00Z,15464.0,15464.0,False,False,False,
2023-05-24T05:00:00Z,13860.0,13860.0,False,False,False,
2023-05-24T06:00:00Z,12823.0,12823.0,False,False,False,
2023-05-24T07:00:00Z,12074.0,12074.0,False,False,False,
2023-05-24T08:00:00Z,11675.0,11675.0,False,False,False,
2023-05-24T09:00:00Z,11582.0,11582.0,False,False,False,
2023-05-24T10:00:00Z,10745.0,10745.0,False,False,False,
2023-05-24T11:00:00Z,12922.0,12922.0,False,False,False,
2023-05-24T12:00:00Z,13783.0,13783.0,False,False,False,
2023-05-24T13:00:00Z,15053.0,15053.0,False,False,False,
2023-05-24T14:00:00Z,16462.0,16462.0,False,False,False,
2023-05-24T15:00:00Z,17957.0,17957.0,False,False,False,
2023-05-24T16:00:00Z,19218.0,19218.0,False,False,False,
2023-05-24T17:00:00Z,20051.0,20051.0,False,False,False,
2023-05-24T18:00:00Z,20581.0,20581.0,False,False,False,
2023-05-24T19:00:00Z,20584.0,20584.0,False,False,False,
2023-05-24T20:00:00Z,19993.0,19993.0,False,False,False,
2023-05-24T21:00:00Z,19590.0,19590.0,False,False,False,
2023-05-24T22:00:00Z,19367.0,19367.0,False,False,False,
2023-05-24T23:00:00Z,18571.0,18571.0,False,False,False,
2023-05-25T00:00:00Z,17700.0,17700.0,False,False,False,
2023-05-25T01:00:00Z,17223.0,17223.0,False,False,False,
2023-05-25T02:00:00Z,16542.0,16542.0,False,False,False,
2023-05-25T03:00:00Z,15299.0,15299.0,False,False,False,
2023-05-25T04:00:00Z,13889.0,13889.0,False,False,False,
2023-05-25T05:00:00Z,12557.0,12557.0,False,False,False,
2023-05-25T06:00:00Z,11746.0,11746.0,False,False,False,
2023-05-25T07:00:00Z,11186.0,11186.0,False,False,False,
2023-05-25T08:00:00Z,10845.0,10845.0,False,False,False,
2023-05-25T09:00:00Z,10803.0,10803.0,False,False,False,
2023-05-25T10:00:00Z,10184.0,10184.0,False,False,False,
2023-05-25T11:00:00Z,12211.0,12211.0,False,False,False,
2023-05-25T12:00:00Z,13012.0,13012.0,False,False,False,
2023-05-25T13:00:00Z,14200.0,14200.0,False,False,False,
2023-05-25T14:00:00Z,15584.0,15584.0,False,False,False,
2023-05-25T15:00:00Z,16897.0,16897.0,False,False,False,
2023-05-25T16:00:00Z,18163.0,18163.0,False,False,False,
2023-05-25T17:00:00Z,19080.0,19080.0,False,False,False,
2023-05-25T18:00:00Z,19282.0,19282.0,False,False,False,
2023-05-25T19:00:00Z,19133.0,19133.0,False,False,False,
2023-05-25T20:00:00Z,19083.0,19083.0,False,False,False,
2023-05-25T21:00:00Z,18976.0,18976.0,False,False,False,
2023-05-25T22:00:00Z,18902.0,18902.0,False,False,False,
2023-05-25T23:00:00Z,18529.0,18529.0,False,False,False,
2023-05-26T00:00:00Z,17820.0,17820.0,False,False,False,
2023-05-26T01:00:00Z,17342.0,17342.0,False,False,False,
2023-05-26T02:00:00Z,16669.0,16669.0,False,False,False,
2023-05-26T03:00:00Z,15555.0,15555.0,False,False,False,
2023-05-26T04:00:00Z,14013.0,14013.0,False,False,False,
2023-05-26T05:00:00Z,12830.0,12830.0,False,False,False,
2023-05-26T06:00:00Z,11893.0,11893.0,False,False,False,
2023-05-26T07:00:00Z,11290.0,11290.0,False,False,False,
2023-05-26T08:00:00Z,10941.0,10941.0,False,False,False,
2023-05-26T09:00:00Z,10894.0,10894.0,False,False,False,
2023-05-26T10:00:00Z,11362.0,11362.0,False,False,False,
2023-05-26T11:00:00Z,12250.0,12250.0,False,False,False,
2023-05-26T12:00:00Z,12939.0,12939.0,False,False,False,
2023-05-26T13:00:00Z,14147.0,14147.0,False,False,False,
2023-05-26T14:00:00Z,15529.0,15529.0,False,False,False,
2023-05-26T15:00:00Z,16838.0,16838.0,False,False,False,
2023-05-26T16:00:00Z,17900.0,17900.0,False,False,False,
2023-05-26T17:00:00Z,18445.0,18445.0,False,False,False,
2023-05-26T18:00:00Z,18561.0,18561.0,False,False,False,
2023-05-26T19:00:00Z,18531.0,18531.0,False,False,False,
2023-05-26T20:00:00Z,18639.0,18639.0,False,False,False,
2023-05-26T21:00:00Z,18498.0,18498.0,False,False,False,
2023-05-26T22:00:00Z,18065.0,18065.0,False,False,False,
2023-05-26T23:00:00Z,17533.0,17533.0,False,False,False,
2023-05-27T00:00:00Z,16848.0,16848.0,False,False,False,
2023-05-27T01:00:00Z,16482.0,16482.0,False,False,False,
2023-05-27T02:00:00Z,15970.0,15970.0,False,False,False,
2023-05-27T03:00:00Z,14992.0,14992.0,False,False,False,
2023-05-27T04:00:00Z,13816.0,13816.0,False,False,False,
2023-05-27T05:00:00Z,12621.0,12621.0,False,False,False,
2023-05-27T06:00:00Z,11659.0,11659.0,False,False,False,
2023-05-27T07:00:00Z,11014.0,11014.0,False,False,False,
2023-05-27T08:00:00Z,10584.0,10584.0,False,False,False,
2023-05-27T09:00:00Z,10334.0,10334.0,False,False,False,
2023-05-27T10:00:00Z,10327.0,10327.0,False,False,False,
2023-05-27T11:00:00Z,10485.0,10485.0,False,False,False,
2023-05-27T12:00:00Z,11152.0,11152.0,False,False,False,
2023-05-27T13:00:00Z,12658.0,12658.0,False,False,False,
2023-05-27T14:00:00Z,14225.0,14225.0,False,False,False,
2023-05-27T15:00:00Z,15554.0,15554.0,False,False,False,
2023-05-27T16:00:00Z,16658.0,16658.0,False,False,False,
2023-05-27T17:00:00Z,17679.0,17679.0,False,False,False,
2023-05-27T18:00:00Z,18638.0,18638.0,False,False,False,
2023-05-27T19:00:00Z,19391.0,19391.0,False,False,False,
2023-05-27T20:00:00Z,19909.0,19909.0,False,False,False,
2023-05-27T21:00:00Z,20312.0,20312.0,False,False,False,
2023-05-27T22:00:00Z,20449.0,20449.0,False,False,False,
2023-05-27T23:00:00Z,20075.0,20075.0,False,False,False,
2023-05-28T00:00:00Z,18975.0,18975.0,False,False,False,
2023-05-28T01:00:00Z,18173.0,18173.0,False,False,False,
2023-05-28T02:00:00Z,17368.0,17368.0,False,False,False,
2023-05-28T03:00:00Z,16218.0,16218.0,False,False,False,
2023-05-28T04:00:00Z,15018.0,15018.0,False,False,False,
2023-05-28T05:00:00Z,13769.0,13769.0,False,False,False,
2023-05-28T06:00:00Z,12660.0,12660.0,False,False,False,
2023-05-28T07:00:00Z,11872.0,11872.0,False,False,False,
2023-05-28T08:00:00Z,11304.0,11304.0,False,False,False,
2023-05-28T09:00:00Z,10975.0,10975.0,False,False,False,
2023-05-28T10:00:00Z,10870.0,10870.0,False,False,False,
2023-05-28T11:00:00Z,10906.0,10906.0,False,False,False,
2023-05-28T12:00:00Z,11619.0,11619.0,False,False,False,
2023-05-28T13:00:00Z,13367.0,13367.0,False,False,False,
2023-05-28T14:00:00Z,15196.0,15196.0,False,False,False,
2023-05-28T15:00:00Z,16733.0,16733.0,False,False,False,
2023-05-28T16:00:00Z,18091.0,18091.0,False,False,False,
2023-05-28T17:00:00Z,19306.0,19306.0,False,False,False,
2023-05-28T18:00:00Z,20301.0,20301.0,False,False,False,
2023-05-28T19:00:00Z,21020.0,21020.0,False,False,False,
2023-05-28T20:00:00Z,21581.0,21581.0,False,False,False,
2023-05-28T21:00:00Z,21961.0,21961.0,False,False,False,
2023-05-28T22:00:00Z,21999.0,21999.0,False,False,False,
2023-05-28T23:00:00Z,21505.0,21505.0,False,False,False,
2023-05-29T00:00:00Z,20441.0,20441.0,False,False,False,
2023-05-29T01:00:00Z,19549.0,19549.0,False,False,False,
2023-05-29T02:00:00Z,18636.0,18636.0,False,False,False,
2023-05-29T03:00:00Z,17324.0,17324.0,False,False,False,
2023-05-29T04:00:00Z,15765.0,15765.0,False,False,False,
2023-05-29T05:00:00Z,14358.0,14358.0,False,False,False,
2023-05-29T06:00:00Z,13211.0,13211.0,False,False,False,
2023-05-29T07:00:00Z,12384.0,12384.0,False,False,False,
2023-05-29T08:00:00Z,11789.0,11789.0,False,False,False,
2023-05-29T09:00:00Z,11480.0,11480.0,False,False,False,
2023-05-29T10:00:00Z,11436.0,11436.0,False,False,False,
2023-05-29T11:00:00Z,11454.0,11454.0,False,False,False,
2023-05-29T12:00:00Z,11944.0,11944.0,False,False,False,
2023-05-29T13:00:00Z,13441.0,13441.0,False,False,False,
2023-05-29T14:00:00Z,15359.0,15359.0,False,False,False,
2023-05-29T15:00:00Z,17091.0,17091.0,False,False,False,
2023-05-29T16:00:00Z,18524.0,18524.0,False,False,False,
2023-05-29T17:00:00Z,19621.0,19621.0,False,False,False,
2023-05-29T18:00:00Z,20482.0,20482.0,False,False,False,
2023-05-29T19:00:00Z,21190.0,21190.0,False,False,False,
2023-05-29T20:00:00Z,21728.0,21728.0,False,False,False,
2023-05-29T21:00:00Z,22114.0,22114.0,False,False,False,
2023-05-29T22:00:00Z,22129.0,22129.0,False,False,False,
2023-05-29T23:00:00Z,21457.0,21457.0,False,False,False,
2023-05-30T00:00:00Z,20686.0,20686.0,False,False,False,
2023-05-30T01:00:00Z,19875.0,19875.0,False,False,False,
2023-05-30T02:00:00Z,19010.0,19010.0,False,False,False,
2023-05-30T03:00:00Z,17503.0,17503.0,False,False,False,
2023-05-30T04:00:00Z,15945.0,15945.0,False,False,False,
2023-05-30T05:00:00Z,14380.0,14380.0,False,False,False,
2023-05-30T06:00:00Z,13240.0,13240.0,False,False,False,
2023-05-30T07:00:00Z,12495.0,12495.0,False,False,False,
2023-05-30T08:00:00Z,12033.0,12033.0,False,False,False,
2023-05-30T09:00:00Z,11863.0,11863.0,False,False,False,
2023-05-30T10:00:00Z,12206.0,12206.0,False,False,False,
2023-05-30T11:00:00Z,12931.0,12931.0,False,False,False,
2023-05-30T12:00:00Z,13608.0,13608.0,False,False,False,
2023-05-30T13:00:00Z,14823.0,14823.0,False,False,False,
2023-05-30T14:00:00Z,16315.0,16315.0,False,False,False,
2023-05-30T15:00:00Z,17893.0,17893.0,False,False,False,
2023-05-30T16:00:00Z,19377.0,19377.0,False,False,False,
2023-05-30T17:00:00Z,20614.0,20614.0,False,False,False,
2023-05-30T18:00:00Z,21632.0,21632.0,False,False,False,
2023-05-30T19:00:00Z,22361.0,22361.0,False,False,False,
2023-05-30T20:00:00Z,22928.0,22928.0,False,False,False,
2023-05-30T21:00:00Z,23023.0,23023.0,False,False,False,
2023-05-30T22:00:00Z,22708.0,22708.0,False,False,False,
2023-05-30T23:00:00Z,21910.0,21910.0,False,False,False,
2023-05-31T00:00:00Z,20989.0,20989.0,False,False,False,
2023-05-31T01:00:00Z,19907.0,19907.0,False,False,False,
2023-05-31T02:00:00Z,18599.0,18599.0,False,False,False,
2023-05-31T03:00:00Z,17163.0,17163.0,False,False,False,
2023-05-31T04:00:00Z,15592.0,15592.0,False,False,False,
2023-05-31T05:00:00Z,14235.0,14235.0,False,False,False,
2023-05-31T06:00:00Z,13284.0,13284.0,False,False,False,
2023-05-31T07:00:00Z,12624.0,12624.0,False,False,False,
2023-05-31T08:00:00Z,12213.0,12213.0,False,False,False,
2023-05-31T09:00:00Z,12109.0,12109.0,False,False,False,
2023-05-31T10:00:00Z,12503.0,12503.0,False,False,False,
2023-05-31T11:00:00Z,13277.0,13277.0,False,False,False,
2023-05-31T12:00:00Z,13893.0,13893.0,False,False,False,
2023-05-31T13:00:00Z,14964.0,14964.0,False,False,False,
2023-05-31T14:00:00Z,16393.0,16393.0,False,False,False,
2023-05-31T15:00:00Z,17763.0,17763.0,False,False,False,
2023-05-31T16:00:00Z,18797.0,18797.0,False,False,False,
2023-05-31T17:00:00Z,19970.0,19970.0,False,False,False,
2023-05-31T18:00:00Z,20602.0,20602.0,False,False,False,
2023-05-31T19:00:00Z,20910.0,20910.0,False,False,False,
2023-05-31T20:00:00Z,20975.0,20975.0,False,False,False,
2023-05-31T21:00:00Z,20673.0,20673.0,False,False,False,
2023-05-31T22:00:00Z,20100.0,20100.0,False,False,False,
2023-05-31T23:00:00Z,19278.0,19278.0,False,False,False,
2023-06-01T00:00:00Z,18487.0,18487.0,False,False,False,
2023-06-01T01:00:00Z,18145.0,18145.0,False,False,False,
2023-06-01T02:00:00Z,18442.0,18442.0,False,False,False,
2023-06-01T03:00:00Z,17527.0,17527.0,False,False,False,
2023-06-01T04:00:00Z,11640.0,11640.0,False,False,False,
2023-06-01T05:00:00Z,13633.0,13633.0,False,False,False,
2023-06-01T06:00:00Z,12721.0,12721.0,False,False,False,
2023-06-01T07:00:00Z,12122.0,12122.0,False,False,False,
2023-06-01T08:00:00Z,11754.0,11754.0,False,False,False,
2023-06-01T09:00:00Z,11690.0,11690.0,False,False,False,
2023-06-01T10:00:00Z,12104.0,12104.0,False,False,False,
2023-06-01T11:00:00Z,12909.0,12909.0,False,False,False,
2023-06-01T12:00:00Z,13788.0,13788.0,False,False,False,
2023-06-01T13:00:00Z,15161.0,15161.0,False,False,False,
2023-06-01T14:00:00Z,16619.0,16619.0,False,False,False,
2023-06-01T15:00:00Z,18042.0,18042.0,False,False,False,
2023-06-01T16:00:00Z,19332.0,19332.0,False,False,False,
2023-06-01T17:00:00Z,20478.0,20478.0,False,False,False,
2023-06-01T18:00:00Z,21502.0,21502.0,False,False,False,
2023-06-01T19:00:00Z,21411.0,21411.0,False,False,False,
2023-06-01T20:00:00Z,21047.0,21047.0,False,False,False,
2023-06-01T21:00:00Z,20845.0,20845.0,False,False,False,
2023-06-01T22:00:00Z,20947.0,20947.0,False,False,False,
2023-06-01T23:00:00Z,20611.0,20611.0,False,False,False,
2023-06-02T00:00:00Z,19684.0,19684.0,False,False,False,
2023-06-02T01:00:00Z,19028.0,19028.0,False,False,False,
2023-06-02T02:00:00Z,19052.0,19052.0,False,False,False,
2023-06-02T03:00:00Z,17631.0,17631.0,False,False,False,
2023-06-02T04:00:00Z,11784.0,11784.0,False,False,False,
2023-06-02T05:00:00Z,13857.0,13857.0,False,False,False,
2023-06-02T06:00:00Z,12783.0,12783.0,False,False,False,
2023-06-02T07:00:00Z,12068.0,12068.0,False,False,False,
2023-06-02T08:00:00Z,11701.0,11701.0,False,False,False,
2023-06-02T09:00:00Z,11626.0,11626.0,False,False,False,
2023-06-02T10:00:00Z,12024.0,12024.0,False,False,False,
2023-06-02T11:00:00Z,12761.0,12761.0,False,False,False,
2023-06-02T12:00:00Z,13544.0,13544.0,False,False,False,
2023-06-02T13:00:00Z,14944.0,14944.0,False,False,False,
2023-06-02T14:00:00Z,16418.0,16418.0,False,False,False,
2023-06-02T15:00:00Z,17965.0,17965.0,False,False,False,
2023-06-02T16:00:00Z,19468.0,19468.0,False,False,False,
2023-06-02T17:00:00Z,20455.0,20455.0,False,False,False,
2023-06-02T18:00:00Z,21211.0,21211.0,False,False,False,
2023-06-02T19:00:00Z,21180.0,21180.0,False,False,False,
2023-06-02T20:00:00Z,20566.0,20566.0,False,False,False,
2023-06-02T21:00:00Z,20415.0,20415.0,False,False,False,
2023-06-02T22:00:00Z,20381.0,20381.0,False,False,False,
2023-06-02T23:00:00Z,20033.0,20033.0,False,False,False,
2023-06-03T00:00:00Z,19285.0,19285.0,False,False,False,
2023-06-03T01:00:00Z,18558.0,18558.0,False,False,False,
2023-06-03T02:00:00Z,17823.0,17823.0,False,False,False,
2023-06-03T03:00:00Z,16670.0,16670.0,False,False,False,
2023-06-03T04:00:00Z,15367.0,15367.0,False,False,False,
2023-06-03T05:00:00Z,13973.0,13973.0,False,False,False,
2023-06-03T06:00:00Z,12909.0,12909.0,False,False,False,
2023-06-03T07:00:00Z,12182.0,12182.0,False,False,False,
2023-06-03T08:00:00Z,11714.0,11714.0,False,False,False,
2023-06-03T09:00:00Z,11499.0,11499.0,False,False,False,
2023-06-03T10:00:00Z,11524.0,11524.0,False,False,False,
2023-06-03T11:00:00Z,11711.0,11711.0,False,False,False,
2023-06-03T12:00:00Z,12395.0,12395.0,False,False,False,
2023-06-03T13:00:00Z,14155.0,14155.0,False,False,False,
2023-06-03T14:00:00Z,16057.0,16057.0,False,False,False,
2023-06-03T15:00:00Z,17722.0,17722.0,False,False,False,
2023-06-03T16:00:00Z,19204.0,19204.0,False,False,False,
2023-06-03T17:00:00Z,19998.0,19998.0,False,False,False,
2023-06-03T18:00:00Z,19763.0,19763.0,False,False,False,
2023-06-03T19:00:00Z,19500.0,19500.0,False,False,False,
2023-06-03T20:00:00Z,19659.0,19659.0,False,False,False,
2023-06-03T21:00:00Z,20106.0,20106.0,False,False,False,
2023-06-03T22:00:00Z,20043.0,20043.0,False,False,False,
2023-06-03T23:00:00Z,19452.0,19452.0,False,False,False,
2023-06-04T00:00:00Z,18668.0,18668.0,False,False,False,
2023-06-04T01:00:00Z,18049.0,18049.0,False,False,False,
2023-06-04T02:00:00Z,17375.0,17375.0,False,False,False,
2023-06-04T03:00:00Z,16352.0,16352.0,False,False,False,
2023-06-04T04:00:00Z,14992.0,14992.0,False,False,False,
2023-06-04T05:00:00Z,13909.0,13909.0,False,False,False,
2023-06-04T06:00:00Z,12807.0,12807.0,False,False,False,
2023-06-04T07:00:00Z,12051.0,12051.0,False,False,False,
2023-06-04T08:00:00Z,11575.0,11575.0,False,False,False,
2023-06-04T09:00:00Z,11318.0,11318.0,False,False,False,
2023-06-04T10:00:00Z,11236.0,11236.0,False,False,False,
2023-06-04T11:00:00Z,11326.0,11326.0,False,False,False,
2023-06-04T12:00:00Z,11911.0,11911.0,False,False,False,
2023-06-04T13:00:00Z,13381.0,13381.0,False,False,False,
2023-06-04T14:00:00Z,15042.0,15042.0,False,False,False,
2023-06-04T15:00:00Z,16815.0,16815.0,False,False,False,
2023-06-04T16:00:00Z,18429.0,18429.0,False,False,False,
2023-06-04T17:00:00Z,19718.0,19718.0,False,False,False,
2023-06-04T18:00:00Z,20735.0,20735.0,False,False,False,
2023-06-04T19:00:00Z,21520.0,21520.0,False,False,False,
2023-06-04T20:00:00Z,21922.0,21922.0,False,False,False,
2023-06-04T21:00:00Z,21981.0,21981.0,False,False,False,
2023-06-04T22:00:00Z,21907.0,21907.0,False,False,False,
2023-06-04T23:00:00Z,21419.0,21419.0,False,False,False,
2023-06-05T00:00:00Z,20353.0,20353.0,False,False,False,
2023-06-05T01:00:00Z,19536.0,19536.0,False,False,False,
2023-06-05T02:00:00Z,18744.0,18744.0,False,False,False,
2023-06-05T03:00:00Z,17311.0,17311.0,False,False,False,
2023-06-05T04:00:00Z,15784.0,15784.0,False,False,False,
2023-06-05T05:00:00Z,14216.0,14216.0,False,False,False,
2023-06-05T06:00:00Z,12949.0,12949.0,False,False,False,
2023-06-05T07:00:00Z,12268.0,12268.0,False,False,False,
2023-06-05T08:00:00Z,11855.0,11855.0,False,False,False,
2023-06-05T09:00:00Z,11788.0,11788.0,False,False,False,
2023-06-05T10:00:00Z,12176.0,12176.0,False,False,False,
2023-06-05T11:00:00Z,12855.0,12855.0,False,False,False,
2023-06-05T12:00:00Z,13777.0,13777.0,False,False,False,
2023-06-05T13:00:00Z,15129.0,15129.0,False,False,False,
2023-06-05T14:00:00Z,16632.0,16632.0,False,False,False,
2023-06-05T15:00:00Z,18027.0,18027.0,False,False,False,
2023-06-05T16:00:00Z,19324.0,19324.0,False,False,False,
2023-06-05T17:00:00Z,20350.0,20350.0,False,False,False,
2023-06-05T18:00:00Z,21315.0,21315.0,False,False,False,
2023-06-05T19:00:00Z,21972.0,21972.0,False,False,False,
2023-06-05T20:00:00Z,22248.0,22248.0,False,False,False,
2023-06-05T21:00:00Z,22409.0,22409.0,False,False,False,
2023-06-05T22:00:00Z,22285.0,22285.0,False,False,False,
2023-06-05T23:00:00Z,21704.0,21704.0,False,False,False,
2023-06-06T00:00:00Z,20744.0,20744.0,False,False,False,
2023-06-06T01:00:00Z,19893.0,19893.0,False,False,False,
2023-06-06T02:00:00Z,19010.0,19010.0,False,False,False,
2023-06-06T03:00:00Z,17519.0,17519.0,False,False,False,
2023-06-06T04:00:00Z,15824.0,15824.0,False,False,False,
2023-06-06T05:00:00Z,14297.0,14297.0,False,False,False,
2023-06-06T06:00:00Z,13153.0,13153.0,False,False,False,
2023-06-06T07:00:00Z,12398.0,12398.0,False,False,False,
2023-06-06T08:00:00Z,11931.0,11931.0,False,False,False,
2023-06-06T09:00:00Z,11805.0,11805.0,False,False,False,
2023-06-06T10:00:00Z,12222.0,12222.0,False,False,False,
2023-06-06T11:00:00Z,12944.0,12944.0,False,False,False,
2023-06-06T12:00:00Z,13699.0,13699.0,False,False,False,
2023-06-06T13:00:00Z,14771.0,14771.0,False,False,False,
2023-06-06T14:00:00Z,15888.0,15888.0,False,False,False,
2023-06-06T15:00:00Z,17106.0,17106.0,False,False,False,
2023-06-06T16:00:00Z,18284.0,18284.0,False,False,False,
2023-06-06T17:00:00Z,19357.0,19357.0,False,False,False,
2023-06-06T18:00:00Z,20297.0,20297.0,False,False,False,
2023-06-06T19:00:00Z,20991.0,20991.0,False,False,False,
2023-06-06T20:00:00Z,21520.0,21520.0,False,False,False,
2023-06-06T21:00:00Z,21643.0,21643.0,False,False,False,
2023-06-06T22:00:00Z,21487.0,21487.0,False,False,False,
2023-06-06T23:00:00Z,21062.0,21062.0,False,False,False,
2023-06-07T00:00:00Z,20230.0,20230.0,False,False,False,
2023-06-07T01:00:00Z,19568.0,19568.0,False,False,False,
2023-06-07T02:00:00Z,18754.0,18754.0,False,False,False,
2023-06-07T03:00:00Z,17276.0,17276.0,False,False,False,
2023-06-07T04:00:00Z,15786.0,15786.0,False,False,False,
2023-06-07T05:00:00Z,14199.0,14199.0,False,False,False,
2023-06-07T06:00:00Z,13165.0,13165.0,False,False,False,
2023-06-07T07:00:00Z,12504.0,12504.0,False,False,False,
2023-06-07T08:00:00Z,12069.0,12069.0,False,False,False,
2023-06-07T09:00:00Z,11898.0,11898.0,False,False,False,
2023-06-07T10:00:00Z,12228.0,12228.0,False,False,False,
2023-06-07T11:00:00Z,12903.0,12903.0,False,False,False,
2023-06-07T12:00:00Z,13758.0,13758.0,False,False,False,
2023-06-07T13:00:00Z,15285.0,15285.0,False,False,False,
2023-06-07T14:00:00Z,17027.0,17027.0,False,False,False,
2023-06-07T15:00:00Z,18644.0,18644.0,False,False,False,
2023-06-07T16:00:00Z,20069.0,20069.0,False,False,False,
2023-06-07T17:00:00Z,21034.0,21034.0,False,False,False,
2023-06-07T18:00:00Z,21559.0,21559.0,False,False,False,
2023-06-07T19:00:00Z,21929.0,21929.0,False,False,False,
2023-06-07T20:00:00Z,21913.0,21913.0,False,False,False,
2023-06-07T21:00:00Z,21587.0,21587.0,False,False,False,
2023-06-07T22:00:00Z,21364.0,21364.0,False,False,False,
2023-06-07T23:00:00Z,20927.0,20927.0,False,False,False,
2023-06-08T00:00:00Z,20068.0,20068.0,False,False,False,
2023-06-08T01:00:00Z,19406.0,19406.0,False,False,False,
2023-06-08T02:00:00Z,18629.0,18629.0,False,False,False,
2023-06-08T03:00:00Z,17291.0,17291.0,False,False,False,
2023-06-08T04:00:00Z,15807.0,15807.0,False,False,False,
2023-06-08T05:00:00Z,14402.0,14402.0,False,False,False,
2023-06-08T06:00:00Z,13335.0,13335.0,False,False,False,
2023-06-08T07:00:00Z,12633.0,12633.0,False,False,False,
2023-06-08T08:00:00Z,12240.0,12240.0,False,False,False,
2023-06-08T09:00:00Z,12059.0,12059.0,False,False,False,
2023-06-08T10:00:00Z,12419.0,12419.0,False,False,False,
2023-06-08T11:00:00Z,13098.0,13098.0,False,False,False,
2023-06-08T12:00:00Z,14141.0,14141.0,False,False,False,
2023-06-08T13:00:00Z,15810.0,15810.0,False,False,False,
2023-06-08T14:00:00Z,17453.0,17453.0,False,False,False,
2023-06-08T15:00:00Z,19124.0,19124.0,False,False,False,
2023-06-08T16:00:00Z,20683.0,20683.0,False,False,False,
2023-06-08T17:00:00Z,21759.0,21759.0,False,False,False,
2023-06-08T18:00:00Z,21814.0,21814.0,False,False,False,
2023-06-08T19:00:00Z,21577.0,21577.0,False,False,False,
2023-06-08T20:00:00Z,22506.0,22506.0,False,False,False,
2023-06-08T21:00:00Z,22669.0,22669.0,False,False,False,
2023-06-08T22:00:00Z,22362.0,22362.0,False,False,False,
2023-06-08T23:00:00Z,21896.0,21896.0,False,False,False,
2023-06-09T00:00:00Z,21069.0,21069.0,False,False,False,
2023-06-09T01:00:00Z,20373.0,20373.0,False,False,False,
2023-06-09T02:00:00Z,19646.0,19646.0,False,False,False,
2023-06-09T03:00:00Z,18222.0,18222.0,False,False,False,
2023-06-09T04:00:00Z,16479.0,16479.0,False,False,False,
2023-06-09T05:00:00Z,14551.0,14551.0,False,False,False,
2023-06-09T06:00:00Z,14101.0,14101.0,False,False,False,
2023-06-09T07:00:00Z,13364.0,13364.0,False,False,False,
2023-06-09T08:00:00Z,12912.0,12912.0,False,False,False,
2023-06-09T09:00:00Z,12688.0,12688.0,False,False,False,
2023-06-09T10:00:00Z,12916.0,12916.0,False,False,False,
2023-06-09T11:00:00Z,13332.0,13332.0,False,False,False,
2023-06-09T12:00:00Z,14245.0,14245.0,False,False,False,
2023-06-09T13:00:00Z,15986.0,15986.0,False,False,False,
2023-06-09T14:00:00Z,17807.0,17807.0,False,False,False,
2023-06-09T15:00:00Z,19556.0,19556.0,False,False,False,
2023-06-09T16:00:00Z,20621.0,20621.0,False,False,False,
2023-06-09T17:00:00Z,21875.0,21875.0,False,False,False,
2023-06-09T18:00:00Z,23073.0,23073.0,False,False,False,
2023-06-09T19:00:00Z,23181.0,23181.0,False,False,False,
2023-06-09T20:00:00Z,23379.0,23379.0,False,False,False,
2023-06-09T21:00:00Z,23104.0,23104.0,False,False,False,
2023-06-09T22:00:00Z,22565.0,22565.0,False,False,False,
2023-06-09T23:00:00Z,22151.0,22151.0,False,False,False,
2023-06-10T00:00:00Z,21164.0,21164.0,False,False,False,
2023-06-10T01:00:00Z,20104.0,20104.0,False,False,False,
2023-06-10T02:00:00Z,19122.0,19122.0,False,False,False,
2023-06-10T03:00:00Z,17819.0,17819.0,False,False,False,
2023-06-10T04:00:00Z,16401.0,16401.0,False,False,False,
2023-06-10T05:00:00Z,15017.0,15017.0,False,False,False,
2023-06-10T06:00:00Z,13900.0,13900.0,False,False,False,
2023-06-10T07:00:00Z,13092.0,13092.0,False,False,False,
2023-06-10T08:00:00Z,12510.0,12510.0,False,False,False,
2023-06-10T09:00:00Z,12151.0,12151.0,False,False,False,
2023-06-10T10:00:00Z,12059.0,12059.0,False,False,False,
2023-06-10T11:00:00Z,12158.0,12158.0,False,False,False,
2023-06-10T12:00:00Z,12991.0,12991.0,False,False,False,
2023-06-10T13:00:00Z,14833.0,14833.0,False,False,False,
2023-06-10T14:00:00Z,16837.0,16837.0,False,False,False,
2023-06-10T15:00:00Z,18751.0,18751.0,False,False,False,
2023-06-10T16:00:00Z,20507.0,20507.0,False,False,False,
2023-06-10T17:00:00Z,22013.0,22013.0,False,False,False,
2023-06-10T18:00:00Z,23083.0,23083.0,False,False,False,
2023-06-10T19:00:00Z,23716.0,23716.0,False,False,False,
2023-06-10T20:00:00Z,23968.0,23968.0,False,False,False,
2023-06-10T21:00:00Z,24014.0,24014.0,False,False,False,
2023-06-10T22:00:00Z,23711.0,23711.0,False,False,False,
2023-06-10T23:00:00Z,22716.0,22716.0,False,False,False,
2023-06-11T00:00:00Z,21358.0,21358.0,False,False,False,
2023-06-11T01:00:00Z,20233.0,20233.0,False,False,False,
2023-06-11T02:00:00Z,19362.0,19362.0,False,False,False,
2023-06-11T03:00:00Z,18136.0,18136.0,False,False,False,
2023-06-11T04:00:00Z,16768.0,16768.0,False,False,False,
2023-06-11T05:00:00Z,15435.0,15435.0,False,False,False,
2023-06-11T06:00:00Z,14334.0,14334.0,False,False,False,
2023-06-11T07:00:00Z,13527.0,13527.0,False,False,False,
2023-06-11T08:00:00Z,12959.0,12959.0,False,False,False,
2023-06-11T09:00:00Z,12577.0,12577.0,False,False,False,
2023-06-11T10:00:00Z,12413.0,12413.0,False,False,False,
2023-06-11T11:00:00Z,12403.0,12403.0,False,False,False,
2023-06-11T12:00:00Z,13174.0,13174.0,False,False,False,
2023-06-11T13:00:00Z,15159.0,15159.0,False,False,False,
2023-06-11T14:00:00Z,17209.0,17209.0,False,False,False,
2023-06-11T15:00:00Z,18843.0,18843.0,False,False,False,
2023-06-11T16:00:00Z,20541.0,20541.0,False,False,False,
2023-06-11T17:00:00Z,21877.0,21877.0,False,False,False,
2023-06-11T18:00:00Z,22514.0,22514.0,False,False,False,
2023-06-11T19:00:00Z,23195.0,23195.0,False,False,False,
2023-06-11T20:00:00Z,23841.0,23841.0,False,False,False,
2023-06-11T21:00:00Z,24244.0,24244.0,False,False,False,
2023-06-11T22:00:00Z,24168.0,24168.0,False,False,False,
2023-06-11T23:00:00Z,23617.0,23617.0,False,False,False,
2023-06-12T00:00:00Z,22586.0,22586.0,False,False,False,
2023-06-12T01:00:00Z,21693.0,21693.0,False,False,False,
2023-06-12T02:00:00Z,20803.0,20803.0,False,False,False,
2023-06-12T03:00:00Z,19330.0,19330.0,False,False,False,
2023-06-12T04:00:00Z,17436.0,17436.0,False,False,False,
2023-06-12T05:00:00Z,15916.0,15916.0,False,False,False,
2023-06-12T06:00:00Z,14799.0,14799.0,False,False,False,
2023-06-12T07:00:00Z,14010.0,14010.0,False,False,False,
2023-06-12T08:00:00Z,13535.0,13535.0,False,False,False,
2023-06-12T09:00:00Z,13393.0,13393.0,False,False,False,
2023-06-12T10:00:00Z,13672.0,13672.0,False,False,False,
2023-06-12T11:00:00Z,14181.0,14181.0,False,False,False,
2023-06-12T12:00:00Z,15123.0,15123.0,False,False,False,
2023-06-12T13:00:00Z,16784.0,16784.0,False,False,False,
2023-06-12T14:00:00Z,18734.0,18734.0,False,False,False,
2023-06-12T15:00:00Z,20561.0,20561.0,False,False,False,
2023-06-12T16:00:00Z,21959.0,21959.0,False,False,False,
2023-06-12T17:00:00Z,22447.0,22447.0,False,False,False,
2023-06-12T18:00:00Z,22850.0,22850.0,False,False,False,
2023-06-12T19:00:00Z,23362.0,23362.0,False,False,False,
2023-06-12T20:00:00Z,23918.0,23918.0,False,False,False,
2023-06-12T21:00:00Z,24275.0,24275.0,False,False,False,
2023-06-12T22:00:00Z,24397.0,24397.0,False,False,False,
2023-06-12T23:00:00Z,24163.0,24163.0,False,False,False,
2023-06-13T00:00:00Z,23089.0,23089.0,False,False,False,
2023-06-13T01:00:00Z,22164.0,22164.0,False,False,False,
2023-06-13T02:00:00Z,21008.0,21008.0,False,False,False,
2023-06-13T03:00:00Z,19326.0,19326.0,False,False,False,
2023-06-13T04:00:00Z,17500.0,17500.0,False,False,False,
2023-06-13T05:00:00Z,16094.0,16094.0,False,False,False,
2023-06-13T06:00:00Z,14829.0,14829.0,False,False,False,
2023-06-13T07:00:00Z,14002.0,14002.0,False,False,False,
2023-06-13T08:00:00Z,13508.0,13508.0,False,False,False,
2023-06-13T09:00:00Z,13296.0,13296.0,False,False,False,
2023-06-13T10:00:00Z,13560.0,13560.0,False,False,False,
2023-06-13T11:00:00Z,14070.0,14070.0,False,False,False,
2023-06-13T12:00:00Z,14951.0,14951.0,False,False,False,
2023-06-13T13:00:00Z,16775.0,16775.0,False,False,False,
2023-06-13T14:00:00Z,18769.0,18769.0,False,False,False,
2023-06-13T15:00:00Z,20638.0,20638.0,False,False,False,
2023-06-13T16:00:00Z,22422.0,22422.0,False,False,False,
2023-06-13T17:00:00Z,23885.0,23885.0,False,False,False,
2023-06-13T18:00:00Z,24997.0,24997.0,False,False,False,
2023-06-13T19:00:00Z,25470.0,25470.0,False,False,False,
2023-06-13T20:00:00Z,25300.0,25300.0,False,False,False,
2023-06-13T21:00:00Z,25024.0,25024.0,False,False,False,
2023-06-13T22:00:00Z,24645.0,24645.0,False,False,False,
2023-06-13T23:00:00Z,23684.0,23684.0,False,False,False,
2023-06-14T00:00:00Z,22423.0,22423.0,False,False,False,
2023-06-14T01:00:00Z,21551.0,21551.0,False,False,False,
2023-06-14T02:00:00Z,20600.0,20600.0,False,False,False,
2023-06-14T03:00:00Z,19095.0,19095.0,False,False,False,
2023-06-14T04:00:00Z,17383.0,17383.0,False,False,False,
2023-06-14T05:00:00Z,15869.0,15869.0,False,False,False,
2023-06-14T06:00:00Z,14694.0,14694.0,False,False,False,
2023-06-14T07:00:00Z,13904.0,13904.0,False,False,False,
2023-06-14T08:00:00Z,13451.0,13451.0,False,False,False,
2023-06-14T09:00:00Z,13292.0,13292.0,False,False,False,
2023-06-14T10:00:00Z,13606.0,13606.0,False,False,False,
2023-06-14T11:00:00Z,14208.0,14208.0,False,False,False,
2023-06-14T12:00:00Z,15437.0,15437.0,False,False,False,
2023-06-14T13:00:00Z,17287.0,17287.0,False,False,False,
2023-06-14T14:00:00Z,19301.0,19301.0,False,False,False,
2023-06-14T15:00:00Z,20966.0,20966.0,False,False,False,
2023-06-14T16:00:00Z,22598.0,22598.0,False,False,False,
2023-06-14T17:00:00Z,23916.0,23916.0,False,False,False,
2023-06-14T18:00:00Z,25068.0,25068.0,False,False,False,
2023-06-14T19:00:00Z,25972.0,25972.0,False,False,False,
2023-06-14T20:00:00Z,26514.0,26514.0,False,False,False,
2023-06-14T21:00:00Z,26622.0,26622.0,False,False,False,
2023-06-14T22:00:00Z,26078.0,26078.0,False,False,False,
2023-06-14T23:00:00Z,25268.0,25268.0,False,False,False,
2023-06-15T00:00:00Z,24152.0,24152.0,False,False,False,
2023-06-15T01:00:00Z,23263.0,23263.0,False,False,False,
2023-06-15T02:00:00Z,22132.0,22132.0,False,False,False,
2023-06-15T03:00:00Z,20321.0,20321.0,False,False,False,
2023-06-15T04:00:00Z,18565.0,18565.0,False,False,False,
2023-06-15T05:00:00Z,17037.0,17037.0,False,False,False,
2023-06-15T06:00:00Z,15775.0,15775.0,False,False,False,
2023-06-15T07:00:00Z,14955.0,14955.0,False,False,False,
2023-06-15T08:00:00Z,14366.0,14366.0,False,False,False,
2023-06-15T09:00:00Z,14098.0,14098.0,False,False,False,
2023-06-15T10:00:00Z,14190.0,14190.0,False,False,False,
2023-06-15T11:00:00Z,14606.0,14606.0,False,False,False,
2023-06-15T12:00:00Z,15144.0,15144.0,False,False,False,
2023-06-15T13:00:00Z,16538.0,16538.0,False,False,False,
2023-06-15T14:00:00Z,18443.0,18443.0,False,False,False,
2023-06-15T15:00:00Z,20314.0,20314.0,False,False,False,
2023-06-15T16:00:00Z,22339.0,22339.0,False,False,False,
2023-06-15T17:00:00Z,23786.0,23786.0,False,False,False,
2023-06-15T18:00:00Z,24982.0,24982.0,False,False,False,
2023-06-15T19:00:00Z,25780.0,25780.0,False,False,False,
2023-06-15T20:00:00Z,26179.0,26179.0,False,False,False,
2023-06-15T21:00:00Z,26265.0,26265.0,False,False,False,
2023-06-15T22:00:00Z,26020.0,26020.0,False,False,False,
2023-06-15T23:00:00Z,25306.0,25306.0,False,False,False,
2023-06-16T00:00:00Z,24053.0,24053.0,False,False,False,
2023-06-16T01:00:00Z,23013.0,23013.0,False,False,False,
2023-06-16T02:00:00Z,21931.0,21931.0,False,False,False,
2023-06-16T03:00:00Z,20463.0,20463.0,False,False,False,
2023-06-16T04:00:00Z,18767.0,18767.0,False,False,False,
2023-06-16T05:00:00Z,17186.0,17186.0,False,False,False,
2023-06-16T06:00:00Z,15878.0,15878.0,False,False,False,
2023-06-16T07:00:00Z,14965.0,14965.0,False,False,False,
2023-06-16T08:00:00Z,14328.0,14328.0,False,False,False,
2023-06-16T09:00:00Z,14006.0,14006.0,False,False,False,
2023-06-16T10:00:00Z,14181.0,14181.0,False,False,False,
2023-06-16T11:00:00Z,14679.0,14679.0,False,False,False,
2023-06-16T12:00:00Z,15405.0,15405.0,False,False,False,
2023-06-16T13:00:00Z,16909.0,16909.0,False,False,False,
2023-06-16T14:00:00Z,18791.0,18791.0,False,False,False,
2023-06-16T15:00:00Z,20568.0,20568.0,False,False,False,
2023-06-16T16:00:00Z,22026.0,22026.0,False,False,False,
2023-06-16T17:00:00Z,22977.0,22977.0,False,False,False,
2023-06-16T18:00:00Z,23740.0,23740.0,False,False,False,
2023-06-16T19:00:00Z,24337.0,24337.0,False,False,False,
2023-06-16T20:00:00Z,24728.0,24728.0,False,False,False,
2023-06-16T21:00:00Z,24680.0,24680.0,False,False,False,
2023-06-16T22:00:00Z,24547.0,24547.0,False,False,False,
2023-06-16T23:00:00Z,24027.0,24027.0,False,False,False,
2023-06-17T00:00:00Z,22851.0,22851.0,False,False,False,
2023-06-17T01:00:00Z,21590.0,21590.0,False,False,False,
2023-06-17T02:00:00Z,20480.0,20480.0,False,False,False,
2023-06-17T03:00:00Z,19203.0,19203.0,False,False,False,
2023-06-17T04:00:00Z,17936.0,17936.0,False,False,False,
2023-06-17T05:00:00Z,16559.0,16559.0,False,False,False,
2023-06-17T06:00:00Z,15551.0,15551.0,False,False,False,
2023-06-17T07:00:00Z,14767.0,14767.0,False,False,False,
2023-06-17T08:00:00Z,14172.0,14172.0,False,False,False,
2023-06-17T09:00:00Z,13863.0,13863.0,False,False,False,
2023-06-17T10:00:00Z,13815.0,13815.0,False,False,False,
2023-06-17T11:00:00Z,13930.0,13930.0,False,False,False,
2023-06-17T12:00:00Z,14567.0,14567.0,False,False,False,
2023-06-17T13:00:00Z,16382.0,16382.0,False,False,False,
2023-06-17T14:00:00Z,18483.0,18483.0,False,False,False,
2023-06-17T15:00:00Z,20173.0,20173.0,False,False,False,
2023-06-17T16:00:00Z,21509.0,21509.0,False,False,False,
2023-06-17T17:00:00Z,22216.0,22216.0,False,False,False,
2023-06-17T18:00:00Z,21655.0,21655.0,False,False,False,
2023-06-17T19:00:00Z,21542.0,21542.0,False,False,False,
2023-06-17T20:00:00Z,22407.0,22407.0,False,False,False,
2023-06-17T21:00:00Z,22952.0,22952.0,False,False,False,
2023-06-17T22:00:00Z,22612.0,22612.0,False,False,False,
2023-06-17T23:00:00Z,21740.0,21740.0,False,False,False,
2023-06-18T00:00:00Z,20548.0,20548.0,False,False,False,
2023-06-18T01:00:00Z,19506.0,19506.0,False,False,False,
2023-06-18T02:00:00Z,18695.0,18695.0,False,False,False,
2023-06-18T03:00:00Z,17619.0,17619.0,False,False,False,
2023-06-18T04:00:00Z,16398.0,16398.0,False,False,False,
2023-06-18T05:00:00Z,15143.0,15143.0,False,False,False,
2023-06-18T06:00:00Z,14167.0,14167.0,False,False,False,
2023-06-18T07:00:00Z,13443.0,13443.0,False,False,False,
2023-06-18T08:00:00Z,12888.0,12888.0,False,False,False,
2023-06-18T09:00:00Z,12544.0,12544.0,False,False,False,
2023-06-18T10:00:00Z,12462.0,12462.0,False,False,False,
2023-06-18T11:00:00Z,12461.0,12461.0,False,False,False,
2023-06-18T12:00:00Z,12558.0,12558.0,False,False,False,
2023-06-18T13:00:00Z,13523.0,13523.0,False,False,False,
2023-06-18T14:00:00Z,15149.0,15149.0,False,False,False,
2023-06-18T15:00:00Z,16908.0,16908.0,False,False,False,
2023-06-18T16:00:00Z,18641.0,18641.0,False,False,False,
2023-06-18T17:00:00Z,20123.0,20123.0,False,False,False,
2023-06-18T18:00:00Z,20994.0,20994.0,False,False,False,
2023-06-18T19:00:00Z,21257.0,21257.0,False,False,False,
2023-06-18T20:00:00Z,20798.0,20798.0,False,False,False,
2023-06-18T21:00:00Z,20812.0,20812.0,False,False,False,
2023-06-18T22:00:00Z,20962.0,20962.0,False,False,False,
2023-06-18T23:00:00Z,20677.0,20677.0,False,False,False,
2023-06-19T00:00:00Z,19966.0,19966.0,False,False,False,
2023-06-19T01:00:00Z,19385.0,19385.0,False,False,False,
2023-06-19T02:00:00Z,18755.0,18755.0,False,False,False,
2023-06-19T03:00:00Z,17715.0,17715.0,False,False,False,
2023-06-19T04:00:00Z,16287.0,16287.0,False,False,False,
2023-06-19T05:00:00Z,15005.0,15005.0,False,False,False,
2023-06-19T06:00:00Z,14000.0,14000.0,False,False,False,
2023-06-19T07:00:00Z,13369.0,13369.0,False,False,False,
2023-06-19T08:00:00Z,13037.0,13037.0,False,False,False,
2023-06-19T09:00:00Z,13036.0,13036.0,False,False,False,
2023-06-19T10:00:00Z,13397.0,13397.0,False,False,False,
2023-06-19T11:00:00Z,13872.0,13872.0,False,False,False,
2023-06-19T12:00:00Z,14644.0,14644.0,False,False,False,
2023-06-19T13:00:00Z,16233.0,16233.0,False,False,False,
2023-06-19T14:00:00Z,18109.0,18109.0,False,False,False,
2023-06-19T15:00:00Z,20031.0,20031.0,False,False,False,
2023-06-19T16:00:00Z,21821.0,21821.0,False,False,False,
2023-06-19T17:00:00Z,23256.0,23256.0,False,False,False,
2023-06-19T18:00:00Z,24152.0,24152.0,False,False,False,
2023-06-19T19:00:00Z,24174.0,24174.0,False,False,False,
2023-06-19T20:00:00Z,23659.0,23659.0,False,False,False,
2023-06-19T21:00:00Z,23059.0,23059.0,False,False,False,
2023-06-19T22:00:00Z,22433.0,22433.0,False,False,False,
2023-06-19T23:00:00Z,21691.0,21691.0,False,False,False,
2023-06-20T00:00:00Z,20628.0,20628.0,False,False,False,
2023-06-20T01:00:00Z,19813.0,19813.0,False,False,False,
2023-06-20T02:00:00Z,18843.0,18843.0,False,False,False,
2023-06-20T03:00:00Z,17324.0,17324.0,False,False,False,
2023-06-20T04:00:00Z,15722.0,15722.0,False,False,False,
2023-06-20T05:00:00Z,14398.0,14398.0,False,False,False,
2023-06-20T06:00:00Z,13413.0,13413.0,False,False,False,
2023-06-20T07:00:00Z,12728.0,12728.0,False,False,False,
2023-06-20T08:00:00Z,12227.0,12227.0,False,False,False,
2023-06-20T09:00:00Z,12079.0,12079.0,False,False,False,
2023-06-20T10:00:00Z,12416.0,12416.0,False,False,False,
2023-06-20T11:00:00Z,13118.0,13118.0,False,False,False,
2023-06-20T12:00:00Z,14071.0,14071.0,False,False,False,
2023-06-20T13:00:00Z,15674.0,15674.0,False,False,False,
2023-06-20T14:00:00Z,17330.0,17330.0,False,False,False,
2023-06-20T15:00:00Z,18965.0,18965.0,False,False,False,
2023-06-20T16:00:00Z,20534.0,20534.0,False,False,False,
2023-06-20T17:00:00Z,21800.0,21800.0,False,False,False,
2023-06-20T18:00:00Z,22717.0,22717.0,False,False,False,
2023-06-20T19:00:00Z,23268.0,23268.0,False,False,False,
2023-06-20T20:00:00Z,23554.0,23554.0,False,False,False,
2023-06-20T21:00:00Z,23218.0,23218.0,False,False,False,
2023-06-20T22:00:00Z,22221.0,22221.0,False,False,False,
2023-06-20T23:00:00Z,21548.0,21548.0,False,False,False,
2023-06-21T00:00:00Z,20639.0,20639.0,False,False,False,
2023-06-21T01:00:00Z,19783.0,19783.0,False,False,False,
2023-06-21T02:00:00Z,18633.0,18633.0,False,False,False,
2023-06-21T03:00:00Z,17118.0,17118.0,False,False,False,
2023-06-21T04:00:00Z,15425.0,15425.0,False,False,False,
2023-06-21T05:00:00Z,14053.0,14053.0,False,False,False,
2023-06-21T06:00:00Z,13157.0,13157.0,False,False,False,
2023-06-21T07:00:00Z,12461.0,12461.0,False,False,False,
2023-06-21T08:00:00Z,12033.0,12033.0,False,False,False,
2023-06-21T09:00:00Z,11874.0,11874.0,False,False,False,
2023-06-21T10:00:00Z,12168.0,12168.0,False,False,False,
2023-06-21T11:00:00Z,12781.0,12781.0,False,False,False,
2023-06-21T12:00:00Z,13652.0,13652.0,False,False,False,
2023-06-21T13:00:00Z,14972.0,14972.0,False,False,False,
2023-06-21T14:00:00Z,16493.0,16493.0,False,False,False,
2023-06-21T15:00:00Z,17892.0,17892.0,False,False,False,
2023-06-21T16:00:00Z,19803.0,19803.0,False,False,False,
2023-06-21T17:00:00Z,21071.0,21071.0,False,False,False,
2023-06-21T18:00:00Z,22338.0,22338.0,False,False,False,
2023-06-21T19:00:00Z,23027.0,23027.0,False,False,False,
2023-06-21T20:00:00Z,23169.0,23169.0,False,False,False,
2023-06-21T21:00:00Z,22983.0,22983.0,False,False,False,
2023-06-21T22:00:00Z,22529.0,22529.0,False,False,False,
2023-06-21T23:00:00Z,21957.0,21957.0,False,False,False,
2023-06-22T00:00:00Z,20860.0,20860.0,False,False,False,
2023-06-22T01:00:00Z,20072.0,20072.0,False,False,False,
2023-06-22T02:00:00Z,19063.0,19063.0,False,False,False,
2023-06-22T03:00:00Z,17718.0,17718.0,False,False,False,
2023-06-22T04:00:00Z,16311.0,16311.0,False,False,False,
2023-06-22T05:00:00Z,14660.0,14660.0,False,False,False,
2023-06-22T06:00:00Z,13542.0,13542.0,False,False,False,
2023-06-22T07:00:00Z,12859.0,12859.0,False,False,False,
2023-06-22T08:00:00Z,12471.0,12471.0,False,False,False,
2023-06-22T09:00:00Z,12287.0,12287.0,False,False,False,
2023-06-22T10:00:00Z,12614.0,12614.0,False,False,False,
2023-06-22T11:00:00Z,13271.0,13271.0,False,False,False,
2023-06-22T12:00:00Z,14280.0,14280.0,False,False,False,
2023-06-22T13:00:00Z,15842.0,15842.0,False,False,False,
2023-06-22T14:00:00Z,17421.0,17421.0,False,False,False,
2023-06-22T15:00:00Z,19363.0,19363.0,False,False,False,
2023-06-22T16:00:00Z,20780.0,20780.0,False,False,False,
2023-06-22T17:00:00Z,21530.0,21530.0,False,False,False,
2023-06-22T18:00:00Z,22347.0,22347.0,False,False,False,
2023-06-22T19:00:00Z,22924.0,22924.0,False,False,False,
2023-06-22T20:00:00Z,23206.0,23206.0,False,False,False,
2023-06-22T21:00:00Z,23081.0,23081.0,False,False,False,
2023-06-22T22:00:00Z,22750.0,22750.0,False,False,False,
2023-06-22T23:00:00Z,22303.0,22303.0,False,False,False,
2023-06-23T00:00:00Z,21557.0,21557.0,False,False,False,
2023-06-23T01:00:00Z,21000.0,21000.0,False,False,False,
2023-06-23T02:00:00Z,20284.0,20284.0,False,False,False,
2023-06-23T03:00:00Z,18946.0,18946.0,False,False,False,
2023-06-23T04:00:00Z,17332.0,17332.0,False,False,False,
2023-06-23T05:00:00Z,15907.0,15907.0,False,False,False,
2023-06-23T06:00:00Z,14837.0,14837.0,False,False,False,
2023-06-23T07:00:00Z,14146.0,14146.0,False,False,False,
2023-06-23T08:00:00Z,13761.0,13761.0,False,False,False,
2023-06-23T09:00:00Z,13698.0,13698.0,False,False,False,
2023-06-23T10:00:00Z,14042.0,14042.0,False,False,False,
2023-06-23T11:00:00Z,14465.0,14465.0,False,False,False,
2023-06-23T12:00:00Z,15033.0,15033.0,False,False,False,
2023-06-23T13:00:00Z,16436.0,16436.0,False,False,False,
2023-06-23T14:00:00Z,18120.0,18120.0,False,False,False,
2023-06-23T15:00:00Z,19879.0,19879.0,False,False,False,
2023-06-23T16:00:00Z,21482.0,21482.0,False,False,False,
2023-06-23T17:00:00Z,22737.0,22737.0,False,False,False,
2023-06-23T18:00:00Z,23674.0,23674.0,False,False,False,
2023-06-23T19:00:00Z,24277.0,24277.0,False,False,False,
2023-06-23T20:00:00Z,24318.0,24318.0,False,False,False,
2023-06-23T21:00:00Z,24247.0,24247.0,False,False,False,
2023-06-23T22:00:00Z,23860.0,23860.0,False,False,False,
2023-06-23T23:00:00Z,23126.0,23126.0,False,False,False,
2023-06-24T00:00:00Z,21978.0,21978.0,False,False,False,
2023-06-24T01:00:00Z,21133.0,21133.0,False,False,False,
2023-06-24T02:00:00Z,20170.0,20170.0,False,False,False,
2023-06-24T03:00:00Z,18858.0,18858.0,False,False,False,
2023-06-24T04:00:00Z,17682.0,17682.0,False,False,False,
2023-06-24T05:00:00Z,16247.0,16247.0,False,False,False,
2023-06-24T06:00:00Z,15035.0,15035.0,False,False,False,
2023-06-24T07:00:00Z,14194.0,14194.0,False,False,False,
2023-06-24T08:00:00Z,13583.0,13583.0,False,False,False,
2023-06-24T09:00:00Z,13227.0,13227.0,False,False,False,
2023-06-24T10:00:00Z,13163.0,13163.0,False,False,False,
2023-06-24T11:00:00Z,13252.0,13252.0,False,False,False,
2023-06-24T12:00:00Z,13816.0,13816.0,False,False,False,
2023-06-24T13:00:00Z,15229.0,15229.0,False,False,False,
2023-06-24T14:00:00Z,17201.0,17201.0,False,False,False,
2023-06-24T15:00:00Z,19427.0,19427.0,False,False,False,
2023-06-24T16:00:00Z,21400.0,21400.0,False,False,False,
2023-06-24T17:00:00Z,22948.0,22948.0,False,False,False,
2023-06-24T18:00:00Z,23831.0,23831.0,False,False,False,
2023-06-24T19:00:00Z,23813.0,23813.0,False,False,False,
2023-06-24T20:00:00Z,23199.0,23199.0,False,False,False,
2023-06-24T21:00:00Z,22596.0,22596.0,False,False,False,
2023-06-24T22:00:00Z,22043.0,22043.0,False,False,False,
2023-06-24T23:00:00Z,20729.0,20729.0,False,False,False,
2023-06-25T00:00:00Z,19414.0,19414.0,False,False,False,
2023-06-25T01:00:00Z,18623.0,18623.0,False,False,False,
2023-06-25T02:00:00Z,17849.0,17849.0,False,False,False,
2023-06-25T03:00:00Z,16813.0,16813.0,False,False,False,
2023-06-25T04:00:00Z,15716.0,15716.0,False,False,False,
2023-06-25T05:00:00Z,14514.0,14514.0,False,False,False,
2023-06-25T06:00:00Z,13536.0,13536.0,False,False,False,
2023-06-25T07:00:00Z,12832.0,12832.0,False,False,False,
2023-06-25T08:00:00Z,12359.0,12359.0,False,False,False,
2023-06-25T09:00:00Z,12060.0,12060.0,False,False,False,
2023-06-25T10:00:00Z,11964.0,11964.0,False,False,False,
2023-06-25T11:00:00Z,12031.0,12031.0,False,False,False,
2023-06-25T12:00:00Z,12537.0,12537.0,False,False,False,
2023-06-25T13:00:00Z,14228.0,14228.0,False,False,False,
2023-06-25T14:00:00Z,16466.0,16466.0,False,False,False,
2023-06-25T15:00:00Z,18656.0,18656.0,False,False,False,
2023-06-25T16:00:00Z,20457.0,20457.0,False,False,False,
2023-06-25T17:00:00Z,21812.0,21812.0,False,False,False,
2023-06-25T18:00:00Z,22159.0,22159.0,False,False,False,
2023-06-25T19:00:00Z,22158.0,22158.0,False,False,False,
2023-06-25T20:00:00Z,22288.0,22288.0,False,False,False,
2023-06-25T21:00:00Z,22213.0,22213.0,False,False,False,
2023-06-25T22:00:00Z,21851.0,21851.0,False,False,False,
2023-06-25T23:00:00Z,21082.0,21082.0,False,False,False,
2023-06-26T00:00:00Z,20091.0,20091.0,False,False,False,
2023-06-26T01:00:00Z,19395.0,19395.0,False,False,False,
2023-06-26T02:00:00Z,18702.0,18702.0,False,False,False,
2023-06-26T03:00:00Z,17406.0,17406.0,False,False,False,
2023-06-26T04:00:00Z,15952.0,15952.0,False,False,False,
2023-06-26T05:00:00Z,14599.0,14599.0,False,False,False,
2023-06-26T06:00:00Z,13522.0,13522.0,False,False,False,
2023-06-26T07:00:00Z,12850.0,12850.0,False,False,False,
2023-06-26T08:00:00Z,12471.0,12471.0,False,False,False,
2023-06-26T09:00:00Z,12382.0,12382.0,False,False,False,
2023-06-26T10:00:00Z,12696.0,12696.0,False,False,False,
2023-06-26T11:00:00Z,13252.0,13252.0,False,False,False,
2023-06-26T12:00:00Z,14199.0,14199.0,False,False,False,
2023-06-26T13:00:00Z,15865.0,15865.0,False,False,False,
2023-06-26T14:00:00Z,17703.0,17703.0,False,False,False,
2023-06-26T15:00:00Z,19511.0,19511.0,False,False,False,
2023-06-26T16:00:00Z,21232.0,21232.0,False,False,False,
2023-06-26T17:00:00Z,22319.0,22319.0,False,False,False,
2023-06-26T18:00:00Z,22722.0,22722.0,False,False,False,
2023-06-26T19:00:00Z,23095.0,23095.0,False,False,False,
2023-06-26T20:00:00Z,23471.0,23471.0,False,False,False,
2023-06-26T21:00:00Z,23813.0,23813.0,False,False,False,
2023-06-26T22:00:00Z,24113.0,24113.0,False,False,False,
2023-06-26T23:00:00Z,24068.0,24068.0,False,False,False,
2023-06-27T00:00:00Z,23227.0,23227.0,False,False,False,
2023-06-27T01:00:00Z,22261.0,22261.0,False,False,False,
2023-06-27T02:00:00Z,21268.0,21268.0,False,False,False,
2023-06-27T03:00:00Z,19669.0,19669.0,False,False,False,
2023-06-27T04:00:00Z,17998.0,17998.0,False,False,False,
2023-06-27T05:00:00Z,16405.0,16405.0,False,False,False,
2023-06-27T06:00:00Z,15109.0,15109.0,False,False,False,
2023-06-27T07:00:00Z,14280.0,14280.0,False,False,False,
2023-06-27T08:00:00Z,13717.0,13717.0,False,False,False,
2023-06-27T09:00:00Z,13437.0,13437.0,False,False,False,
2023-06-27T10:00:00Z,13671.0,13671.0,False,False,False,
2023-06-27T11:00:00Z,14166.0,14166.0,False,False,False,
2023-06-27T12:00:00Z,15064.0,15064.0,False,False,False,
2023-06-27T13:00:00Z,16828.0,16828.0,False,False,False,
2023-06-27T14:00:00Z,18630.0,18630.0,False,False,False,
2023-06-27T15:00:00Z,20450.0,20450.0,False,False,False,
2023-06-27T16:00:00Z,22198.0,22198.0,False,False,False,
2023-06-27T17:00:00Z,23722.0,23722.0,False,False,False,
2023-06-27T18:00:00Z,25044.0,25044.0,False,False,False,
2023-06-27T19:00:00Z,25984.0,25984.0,False,False,False,
2023-06-27T20:00:00Z,26601.0,26601.0,False,False,False,
2023-06-27T21:00:00Z,26923.0,26923.0,False,False,False,
2023-06-27T22:00:00Z,26975.0,26975.0,False,False,False,
2023-06-27T23:00:00Z,26462.0,26462.0,False,False,False,
2023-06-28T00:00:00Z,25359.0,25359.0,False,False,False,
2023-06-28T01:00:00Z,24241.0,24241.0,False,False,False,
2023-06-28T02:00:00Z,23127.0,23127.0,False,False,False,
2023-06-28T03:00:00Z,22745.0,22745.0,False,False,False,
2023-06-28T04:00:00Z,20050.0,20050.0,False,False,False,
2023-06-28T05:00:00Z,17958.0,17958.0,False,False,False,
2023-06-28T06:00:00Z,16657.0,16657.0,False,False,False,
2023-06-28T07:00:00Z,15734.0,15734.0,False,False,False,
2023-06-28T08:00:00Z,15085.0,15085.0,False,False,False,
2023-06-28T09:00:00Z,14790.0,14790.0,False,False,False,
2023-06-28T10:00:00Z,14975.0,14975.0,False,False,False,
2023-06-28T11:00:00Z,15005.0,15005.0,False,False,False,
2023-06-28T12:00:00Z,16086.0,16086.0,False,False,False,
2023-06-28T13:00:00Z,17667.0,17667.0,False,False,False,
2023-06-28T14:00:00Z,19554.0,19554.0,False,False,False,
2023-06-28T15:00:00Z,21477.0,21477.0,False,False,False,
2023-06-28T16:00:00Z,23280.0,23280.0,False,False,False,
2023-06-28T17:00:00Z,24723.0,24723.0,False,False,False,
2023-06-28T18:00:00Z,25918.0,25918.0,False,False,False,
2023-06-28T19:00:00Z,26696.0,26696.0,False,False,False,
2023-06-28T20:00:00Z,27027.0,27027.0,False,False,False,
2023-06-28T21:00:00Z,27245.0,27245.0,False,False,False,
2023-06-28T22:00:00Z,27152.0,27152.0,False,False,False,
2023-06-28T23:00:00Z,26567.0,26567.0,False,False,False,
2023-06-29T00:00:00Z,25246.0,25246.0,False,False,False,
2023-06-29T01:00:00Z,24175.0,24175.0,False,False,False,
2023-06-29T02:00:00Z,22837.0,22837.0,False,False,False,
2023-06-29T03:00:00Z,20806.0,20806.0,False,False,False,
2023-06-29T04:00:00Z,18856.0,18856.0,False,False,False,
2023-06-29T05:00:00Z,17139.0,17139.0,False,False,False,
2023-06-29T06:00:00Z,15864.0,15864.0,False,False,False,
2023-06-29T07:00:00Z,15044.0,15044.0,False,False,False,
2023-06-29T08:00:00Z,14474.0,14474.0,False,False,False,
2023-06-29T09:00:00Z,14173.0,14173.0,False,False,False,
2023-06-29T10:00:00Z,14344.0,14344.0,False,False,False,
2023-06-29T11:00:00Z,14737.0,14737.0,False,False,False,
2023-06-29T12:00:00Z,15640.0,15640.0,False,False,False,
2023-06-29T13:00:00Z,17377.0,17377.0,False,False,False,
2023-06-29T14:00:00Z,19310.0,19310.0,False,False,False,
2023-06-29T15:00:00Z,21380.0,21380.0,False,False,False,
2023-06-29T16:00:00Z,23176.0,23176.0,False,False,False,
2023-06-29T17:00:00Z,24245.0,24245.0,False,False,False,
2023-06-29T18:00:00Z,25256.0,25256.0,False,False,False,
2023-06-29T19:00:00Z,25687.0,25687.0,False,False,False,
2023-06-29T20:00:00Z,25342.0,25342.0,False,False,False,
2023-06-29T21:00:00Z,25068.0,25068.0,False,False,False,
2023-06-29T22:00:00Z,24873.0,24873.0,False,False,False,
2023-06-29T23:00:00Z,24325.0,24325.0,False,False,False,
2023-06-30T00:00:00Z,23222.0,23222.0,False,False,False,
2023-06-30T01:00:00Z,22295.0,22295.0,False,False,False,
2023-06-30T02:00:00Z,21461.0,21461.0,False,False,False,
2023-06-30T03:00:00Z,20095.0,20095.0,False,False,False,
2023-06-30T04:00:00Z,18410.0,18410.0,False,False,False,
2023-06-30T05:00:00Z,16843.0,16843.0,False,False,False,
2023-06-30T06:00:00Z,15527.0,15527.0,False,False,False,
2023-06-30T07:00:00Z,14593.0,14593.0,False,False,False,
2023-06-30T08:00:00Z,14005.0,14005.0,False,False,False,
2023-06-30T09:00:00Z,13710.0,13710.0,False,False,False,
2023-06-30T10:00:00Z,13885.0,13885.0,False,False,False,
2023-06-30T11:00:00Z,14317.0,14317.0,False,False,False,
2023-06-30T12:00:00Z,15113.0,15113.0,False,False,False,
2023-06-30T13:00:00Z,16925.0,16925.0,False,False,False,
2023-06-30T14:00:00Z,19024.0,19024.0,False,False,False,
2023-06-30T15:00:00Z,20894.0,20894.0,False,False,False,
2023-06-30T16:00:00Z,22098.0,22098.0,False,False,False,
2023-06-30T17:00:00Z,23052.0,23052.0,False,False,False,
2023-06-30T18:00:00Z,23466.0,23466.0,False,False,False,
2023-06-30T19:00:00Z,23833.0,23833.0,False,False,False,
2023-06-30T20:00:00Z,24251.0,24251.0,False,False,False,
2023-06-30T21:00:00Z,24501.0,24501.0,False,False,False,
2023-06-30T22:00:00Z,24317.0,24317.0,False,False,False,
2023-06-30T23:00:00Z,23660.0,23660.0,False,False,False,
2023-07-01T00:00:00Z,22544.0,22544.0,False,False,False,
2023-07-01T01:00:00Z,21594.0,21594.0,False,False,False,
2023-07-01T02:00:00Z,20756.0,20756.0,False,False,False,
2023-07-01T03:00:00Z,19536.0,19536.0,False,False,False,
2023-07-01T04:00:00Z,18107.0,18107.0,False,False,False,
2023-07-01T05:00:00Z,16702.0,16702.0,False,False,False,
2023-07-01T06:00:00Z,15574.0,15574.0,False,False,False,
2023-07-01T07:00:00Z,14623.0,14623.0,False,False,False,
2023-07-01T08:00:00Z,13913.0,13913.0,False,False,False,
2023-07-01T09:00:00Z,13492.0,13492.0,False,False,False,
2023-07-01T10:00:00Z,13375.0,13375.0,False,False,False,
2023-07-01T11:00:00Z,13419.0,13419.0,False,False,False,
2023-07-01T12:00:00Z,14100.0,14100.0,False,False,False,
2023-07-01T13:00:00Z,16124.0,16124.0,False,False,False,
2023-07-01T14:00:00Z,18394.0,18394.0,False,False,False,
2023-07-01T15:00:00Z,20259.0,20259.0,False,False,False,
2023-07-01T16:00:00Z,21841.0,21841.0,False,False,False,
2023-07-01T17:00:00Z,22707.0,22707.0,False,False,False,
2023-07-01T18:00:00Z,23225.0,23225.0,False,False,False,
2023-07-01T19:00:00Z,23554.0,23554.0,False,False,False,
2023-07-01T20:00:00Z,23768.0,23768.0,False,False,False,
2023-07-01T21:00:00Z,23900.0,23900.0,False,False,False,
2023-07-01T22:00:00Z,23762.0,23762.0,False,False,False,
2023-07-01T23:00:00Z,23110.0,23110.0,False,False,False,
2023-07-02T00:00:00Z,22248.0,22248.0,False,False,False,
2023-07-02T01:00:00Z,21496.0,21496.0,False,False,False,
2023-07-02T02:00:00Z,20650.0,20650.0,False,False,False,
2023-07-02T03:00:00Z,19400.0,19400.0,False,False,False,
2023-07-02T04:00:00Z,18073.0,18073.0,False,False,False,
2023-07-02T05:00:00Z,16586.0,16586.0,False,False,False,
2023-07-02T06:00:00Z,15399.0,15399.0,False,False,False,
2023-07-02T07:00:00Z,14513.0,14513.0,False,False,False,
2023-07-02T08:00:00Z,13875.0,13875.0,False,False,False,
2023-07-02T09:00:00Z,13450.0,13450.0,False,False,False,
2023-07-02T10:00:00Z,13252.0,13252.0,False,False,False,
2023-07-02T11:00:00Z,13138.0,13138.0,False,False,False,
2023-07-02T12:00:00Z,13664.0,13664.0,False,False,False,
2023-07-02T13:00:00Z,15672.0,15672.0,False,False,False,
2023-07-02T14:00:00Z,18125.0,18125.0,False,False,False,
2023-07-02T15:00:00Z,20148.0,20148.0,False,False,False,
2023-07-02T16:00:00Z,21931.0,21931.0,False,False,False,
2023-07-02T17:00:00Z,23476.0,23476.0,False,False,False,
2023-07-02T18:00:00Z,24515.0,24515.0,False,False,False,
2023-07-02T19:00:00Z,25005.0,25005.0,False,False,False,
2023-07-02T20:00:00Z,24834.0,24834.0,False,False,False,
2023-07-02T21:00:00Z,24794.0,24794.0,False,False,False,
2023-07-02T22:00:00Z,24518.0,24518.0,False,False,False,
2023-07-02T23:00:00Z,23732.0,23732.0,False,False,False,
2023-07-03T00:00:00Z,22604.0,22604.0,False,False,False,
2023-07-03T01:00:00Z,21783.0,21783.0,False,False,False,
2023-07-03T02:00:00Z,21023.0,21023.0,False,False,False,
2023-07-03T03:00:00Z,19768.0,19768.0,False,False,False,
2023-07-03T04:00:00Z,18271.0,18271.0,False,False,False,
2023-07-03T05:00:00Z,16749.0,16749.0,False,False,False,
2023-07-03T06:00:00Z,15499.0,15499.0,False,False,False,
2023-07-03T07:00:00Z,14670.0,14670.0,False,False,False,
2023-07-03T08:00:00Z,14115.0,14115.0,False,False,False,
2023-07-03T09:00:00Z,13918.0,13918.0,False,False,False,
2023-07-03T10:00:00Z,14119.0,14119.0,False,False,False,
2023-07-03T11:00:00Z,14461.0,14461.0,False,False,False,
2023-07-03T12:00:00Z,15286.0,15286.0,False,False,False,
2023-07-03T13:00:00Z,17294.0,17294.0,False,False,False,
2023-07-03T14:00:00Z,19507.0,19507.0,False,False,False,
2023-07-03T15:00:00Z,21569.0,21569.0,False,False,False,
2023-07-03T16:00:00Z,23348.0,23348.0,False,False,False,
2023-07-03T17:00:00Z,24721.0,24721.0,False,False,False,
2023-07-03T18:00:00Z,25731.0,25731.0,False,False,False,
2023-07-03T19:00:00Z,26241.0,26241.0,False,False,False,
2023-07-03T20:00:00Z,26245.0,26245.0,False,False,False,
2023-07-03T21:00:00Z,25927.0,25927.0,False,False,False,
2023-07-03T22:00:00Z,25580.0,25580.0,False,False,False,
2023-07-03T23:00:00Z,25089.0,25089.0,False,False,False,
2023-07-04T00:00:00Z,23950.0,23950.0,False,False,False,
2023-07-04T01:00:00Z,23038.0,23038.0,False,False,False,
2023-07-04T02:00:00Z,21962.0,21962.0,False,False,False,
2023-07-04T03:00:00Z,20634.0,20634.0,False,False,False,
2023-07-04T04:00:00Z,19186.0,19186.0,False,False,False,
2023-07-04T05:00:00Z,17658.0,17658.0,False,False,False,
2023-07-04T06:00:00Z,16395.0,16395.0,False,False,False,
2023-07-04T07:00:00Z,15425.0,15425.0,False,False,False,
2023-07-04T08:00:00Z,14789.0,14789.0,False,False,False,
2023-07-04T09:00:00Z,14397.0,14397.0,False,False,False,
2023-07-04T10:00:00Z,14277.0,14277.0,False,False,False,
2023-07-04T11:00:00Z,14239.0,14239.0,False,False,False,
2023-07-04T12:00:00Z,14622.0,14622.0,False,False,False,
2023-07-04T13:00:00Z,16553.0,16553.0,False,False,False,
2023-07-04T14:00:00Z,19108.0,19108.0,False,False,False,
2023-07-04T15:00:00Z,21419.0,21419.0,False,False,False,
2023-07-04T16:00:00Z,23391.0,23391.0,False,False,False,
2023-07-04T17:00:00Z,24892.0,24892.0,False,False,False,
2023-07-04T18:00:00Z,25817.0,25817.0,False,False,False,
2023-07-04T19:00:00Z,26114.0,26114.0,False,False,False,
2023-07-04T20:00:00Z,26118.0,26118.0,False,False,False,
2023-07-04T21:00:00Z,25918.0,25918.0,False,False,False,
2023-07-04T22:00:00Z,25353.0,25353.0,False,False,False,
2023-07-04T23:00:00Z,24511.0,24511.0,False,False,False,
2023-07-05T00:00:00Z,23374.0,23374.0,False,False,False,
2023-07-05T01:00:00Z,22519.0,22519.0,False,False,False,
2023-07-05T02:00:00Z,21576.0,21576.0,False,False,False,
2023-07-05T03:00:00Z,20916.0,20916.0,False,False,False,
2023-07-05T04:00:00Z,19774.0,19774.0,False,False,False,
2023-07-05T05:00:00Z,18110.0,18110.0,False,False,False,
2023-07-05T06:00:00Z,16723.0,16723.0,False,False,False,
2023-07-05T07:00:00Z,15740.0,15740.0,False,False,False,
2023-07-05T08:00:00Z,15150.0,15150.0,False,False,False,
2023-07-05T09:00:00Z,14876.0,14876.0,False,False,False,
2023-07-05T10:00:00Z,15090.0,15090.0,False,False,False,
2023-07-05T11:00:00Z,15534.0,15534.0,False,False,False,
2023-07-05T12:00:00Z,16240.0,16240.0,False,False,False,
2023-07-05T13:00:00Z,18122.0,18122.0,False,False,False,
2023-07-05T14:00:00Z,20256.0,20256.0,False,False,False,
2023-07-05T15:00:00Z,22341.0,22341.0,False,False,False,
2023-07-05T16:00:00Z,24202.0,24202.0,False,False,False,
2023-07-05T17:00:00Z,25634.0,25634.0,False,False,False,
2023-07-05T18:00:00Z,26388.0,26388.0,False,False,False,
2023-07-05T19:00:00Z,26700.0,26700.0,False,False,False,
2023-07-05T20:00:00Z,26515.0,26515.0,False,False,False,
2023-07-05T21:00:00Z,26161.0,26161.0,False,False,False,
2023-07-05T22:00:00Z,25503.0,25503.0,False,False,False,
2023-07-05T23:00:00Z,24670.0,24670.0,False,False,False,
2023-07-06T00:00:00Z,23539.0,23539.0,False,False,False,
2023-07-06T01:00:00Z,22858.0,22858.0,False,False,False,
2023-07-06T02:00:00Z,22014.0,22014.0,False,False,False,
2023-07-06T03:00:00Z,20690.0,20690.0,False,False,False,
2023-07-06T04:00:00Z,20012.0,20012.0,False,False,False,
2023-07-06T05:00:00Z,17702.0,17702.0,False,False,False,
2023-07-06T06:00:00Z,16559.0,16559.0,False,False,False,
2023-07-06T07:00:00Z,15715.0,15715.0,False,False,False,
2023-07-06T08:00:00Z,15180.0,15180.0,False,False,False,
2023-07-06T09:00:00Z,14930.0,14930.0,False,False,False,
2023-07-06T10:00:00Z,15169.0,15169.0,False,False,False,
2023-07-06T11:00:00Z,15546.0,15546.0,False,False,False,
2023-07-06T12:00:00Z,16216.0,16216.0,False,False,False,
2023-07-06T13:00:00Z,18021.0,18021.0,False,False,False,
2023-07-06T14:00:00Z,20211.0,20211.0,False,False,False,
2023-07-06T15:00:00Z,22164.0,22164.0,False,False,False,
2023-07-06T16:00:00Z,23980.0,23980.0,False,False,False,
2023-07-06T17:00:00Z,25457.0,25457.0,False,False,False,
2023-07-06T18:00:00Z,26542.0,26542.0,False,False,False,
2023-07-06T19:00:00Z,27038.0,27038.0,False,False,False,
2023-07-06T20:00:00Z,26801.0,26801.0,False,False,False,
2023-07-06T21:00:00Z,26092.0,26092.0,False,False,False,
2023-07-06T22:00:00Z,25553.0,25553.0,False,False,False,
2023-07-06T23:00:00Z,24618.0,24618.0,False,False,False,
2023-07-07T00:00:00Z,23392.0,23392.0,False,False,False,
2023-07-07T01:00:00Z,22491.0,22491.0,False,False,False,
2023-07-07T02:00:00Z,21641.0,21641.0,False,False,False,
2023-07-07T03:00:00Z,20310.0,20310.0,False,False,False,
2023-07-07T04:00:00Z,18681.0,18681.0,False,False,False,
2023-07-07T05:00:00Z,17341.0,17341.0,False,False,False,
2023-07-07T06:00:00Z,16094.0,16094.0,False,False,False,
2023-07-07T07:00:00Z,15320.0,15320.0,False,False,False,
2023-07-07T08:00:00Z,14738.0,14738.0,False,False,False,
2023-07-07T09:00:00Z,14519.0,14519.0,False,False,False,
2023-07-07T10:00:00Z,14559.0,14559.0,False,False,False,
2023-07-07T11:00:00Z,15098.0,15098.0,False,False,False,
2023-07-07T12:00:00Z,15899.0,15899.0,False,False,False,
2023-07-07T13:00:00Z,17794.0,17794.0,False,False,False,
2023-07-07T14:00:00Z,19949.0,19949.0,False,False,False,
2023-07-07T15:00:00Z,21903.0,21903.0,False,False,False,
2023-07-07T16:00:00Z,23673.0,23673.0,False,False,False,
2023-07-07T17:00:00Z,25035.0,25035.0,False,False,False,
2023-07-07T18:00:00Z,25926.0,25926.0,False,False,False,
2023-07-07T19:00:00Z,25597.0,25597.0,False,False,False,
2023-07-07T20:00:00Z,24896.0,24896.0,False,False,False,
2023-07-07T21:00:00Z,24375.0,24375.0,False,False,False,
2023-07-07T22:00:00Z,23696.0,23696.0,False,False,False,
2023-07-07T23:00:00Z,22786.0,22786.0,False,False,False,
2023-07-08T00:00:00Z,21672.0,21672.0,False,False,False,
2023-07-08T01:00:00Z,20890.0,20890.0,False,False,False,
2023-07-08T02:00:00Z,21242.0,21242.0,False,False,False,
2023-07-08T03:00:00Z,19887.0,19887.0,False,False,False,
2023-07-08T04:00:00Z,18854.0,18854.0,False,False,False,
2023-07-08T05:00:00Z,16362.0,16362.0,False,False,False,
2023-07-08T06:00:00Z,15379.0,15379.0,False,False,False,
2023-07-08T07:00:00Z,14675.0,14675.0,False,False,False,
2023-07-08T08:00:00Z,14109.0,14109.0,False,False,False,
2023-07-08T09:00:00Z,13810.0,13810.0,False,False,False,
2023-07-08T10:00:00Z,13778.0,13778.0,False,False,False,
2023-07-08T11:00:00Z,13913.0,13913.0,False,False,False,
2023-07-08T12:00:00Z,14583.0,14583.0,False,False,False,
2023-07-08T13:00:00Z,16619.0,16619.0,False,False,False,
2023-07-08T14:00:00Z,18950.0,18950.0,False,False,False,
2023-07-08T15:00:00Z,20857.0,20857.0,False,False,False,
2023-07-08T16:00:00Z,22354.0,22354.0,False,False,False,
2023-07-08T17:00:00Z,23506.0,23506.0,False,False,False,
2023-07-08T18:00:00Z,23960.0,23960.0,False,False,False,
2023-07-08T19:00:00Z,23863.0,23863.0,False,False,False,
2023-07-08T20:00:00Z,23632.0,23632.0,False,False,False,
2023-07-08T21:00:00Z,23334.0,23334.0,False,False,False,
2023-07-08T22:00:00Z,23081.0,23081.0,False,False,False,
2023-07-08T23:00:00Z,22113.0,22113.0,False,False,False,
2023-07-09T00:00:00Z,20997.0,20997.0,False,False,False,
2023-07-09T01:00:00Z,20274.0,20274.0,False,False,False,
2023-07-09T02:00:00Z,19596.0,19596.0,False,False,False,
2023-07-09T03:00:00Z,18488.0,18488.0,False,False,False,
2023-07-09T04:00:00Z,17243.0,17243.0,False,False,False,
2023-07-09T05:00:00Z,16189.0,16189.0,False,False,False,
2023-07-09T06:00:00Z,15248.0,15248.0,False,False,False,
2023-07-09T07:00:00Z,14562.0,14562.0,False,False,False,
2023-07-09T08:00:00Z,14101.0,14101.0,False,False,False,
2023-07-09T09:00:00Z,13833.0,13833.0,False,False,False,
2023-07-09T10:00:00Z,13750.0,13750.0,False,False,False,
2023-07-09T11:00:00Z,13770.0,13770.0,False,False,False,
2023-07-09T12:00:00Z,14115.0,14115.0,False,False,False,
2023-07-09T13:00:00Z,15606.0,15606.0,False,False,False,
2023-07-09T14:00:00Z,17705.0,17705.0,False,False,False,
2023-07-09T15:00:00Z,19908.0,19908.0,False,False,False,
2023-07-09T16:00:00Z,21668.0,21668.0,False,False,False,
2023-07-09T17:00:00Z,23183.0,23183.0,False,False,False,
2023-07-09T18:00:00Z,24323.0,24323.0,False,False,False,
2023-07-09T19:00:00Z,25122.0,25122.0,False,False,False,
2023-07-09T20:00:00Z,25669.0,25669.0,False,False,False,
2023-07-09T21:00:00Z,25877.0,25877.0,False,False,False,
2023-07-09T22:00:00Z,25641.0,25641.0,False,False,False,
2023-07-09T23:00:00Z,24863.0,24863.0,False,False,False,
2023-07-10T00:00:00Z,23494.0,23494.0,False,False,False,
2023-07-10T01:00:00Z,22606.0,22606.0,False,False,False,
2023-07-10T02:00:00Z,21807.0,21807.0,False,False,False,
2023-07-10T03:00:00Z,20445.0,20445.0,False,False,False,
2023-07-10T04:00:00Z,18958.0,18958.0,False,False,False,
2023-07-10T05:00:00Z,,,True,True,False,missing_or_nonpositive
2023-07-10T06:00:00Z,,,True,True,False,missing_or_nonpositive
2023-07-10T07:00:00Z,,,True,True,False,missing_or_nonpositive
2023-07-10T08:00:00Z,,,True,True,False,missing_or_nonpositive
2023-07-10T09:00:00Z,,,True,True,False,missing_or_nonpositive
2023-07-10T10:00:00Z,,,True,True,False,missing_or_nonpositive
2023-07-10T11:00:00Z,,,True,True,False,missing_or_nonpositive
2023-07-10T12:00:00Z,,,True,True,False,missing_or_nonpositive
2023-07-10T13:00:00Z,,,True,True,False,missing_or_nonpositive
2023-07-10T14:00:00Z,,,True,True,False,missing_or_nonpositive
2023-07-10T15:00:00Z,,,True,True,False,missing_or_nonpositive
2023-07-10T16:00:00Z,,,True,True,False,missing_or_nonpositive
2023-07-10T17:00:00Z,,,True,True,False,missing_or_nonpositive
2023-07-10T18:00:00Z,,,True,True,False,missing_or_nonpositive
2023-07-10T19:00:00Z,,,True,True,False,missing_or_nonpositive
2023-07-10T20:00:00Z,,,True,True,False,missing_or_nonpositive
2023-07-10T21:00:00Z,,,True,True,False,missing_or_nonpositive
2023-07-10T22:00:00Z,,,True,True,False,missing_or_nonpositive
2023-07-10T23:00:00Z,,,True,True,False,missing_or_nonpositive
2023-07-11T00:00:00Z,,,True,True,False,missing_or_nonpositive
2023-07-11T01:00:00Z,,,True,True,False,missing_or_nonpositive
2023-07-11T02:00:00Z,,,True,True,False,missing_or_nonpositive
2023-07-11T03:00:00Z,,,True,True,False,missing_or_nonpositive
2023-07-11T04:00:00Z,,,True,True,False,missing_or_nonpositive
2023-07-11T05:00:00Z,17545.0,17545.0,False,False,False,
2023-07-11T06:00:00Z,16414.0,16414.0,False,False,False,
2023-07-11T07:00:00Z,15581.0,15581.0,False,False,False,
2023-07-11T08:00:00Z,15007.0,15007.0,False,False,False,
2023-07-11T09:00:00Z,14777.0,14777.0,False,False,False,
2023-07-11T10:00:00Z,14959.0,14959.0,False,False,False,
2023-07-11T11:00:00Z,15401.0,15401.0,False,False,False,
2023-07-11T12:00:00Z,16036.0,16036.0,False,False,False,
2023-07-11T13:00:00Z,17672.0,17672.0,False,False,False,
2023-07-11T14:00:00Z,19609.0,19609.0,False,False,False,
2023-07-11T15:00:00Z,21549.0,21549.0,False,False,False,
2023-07-11T16:00:00Z,23366.0,23366.0,False,False,False,
2023-07-11T17:00:00Z,24694.0,24694.0,False,False,False,
2023-07-11T18:00:00Z,25653.0,25653.0,False,False,False,
2023-07-11T19:00:00Z,26279.0,26279.0,False,False,False,
2023-07-11T20:00:00Z,26657.0,26657.0,False,False,False,
2023-07-11T21:00:00Z,26983.0,26983.0,False,False,False,
2023-07-11T22:00:00Z,26980.0,26980.0,False,False,False,
2023-07-11T23:00:00Z,26466.0,26466.0,False,False,False,
2023-07-12T00:00:00Z,25389.0,25389.0,False,False,False,
2023-07-12T01:00:00Z,24461.0,24461.0,False,False,False,
2023-07-12T02:00:00Z,23447.0,23447.0,False,False,False,
2023-07-12T03:00:00Z,21854.0,21854.0,False,False,False,
2023-07-12T04:00:00Z,20277.0,20277.0,False,False,False,
2023-07-12T05:00:00Z,18647.0,18647.0,False,False,False,
2023-07-12T06:00:00Z,17427.0,17427.0,False,False,False,
2023-07-12T07:00:00Z,16563.0,16563.0,False,False,False,
2023-07-12T08:00:00Z,15941.0,15941.0,False,False,False,
2023-07-12T09:00:00Z,15635.0,15635.0,False,False,False,
2023-07-12T10:00:00Z,15745.0,15745.0,False,False,False,
2023-07-12T11:00:00Z,16069.0,16069.0,False,False,False,
2023-07-12T12:00:00Z,16678.0,16678.0,False,False,False,
2023-07-12T13:00:00Z,18363.0,18363.0,False,False,False,
2023-07-12T14:00:00Z,20246.0,20246.0,False,False,False,
2023-07-12T15:00:00Z,22190.0,22190.0,False,False,False,
2023-07-12T16:00:00Z,24005.0,24005.0,False,False,False,
2023-07-12T17:00:00Z,25367.0,25367.0,False,False,False,
2023-07-12T18:00:00Z,26306.0,26306.0,False,False,False,
2023-07-12T19:00:00Z,26850.0,26850.0,False,False,False,
2023-07-12T20:00:00Z,27111.0,27111.0,False,False,False,
2023-07-12T21:00:00Z,27092.0,27092.0,False,False,False,
2023-07-12T22:00:00Z,26754.0,26754.0,False,False,False,
2023-07-12T23:00:00Z,26045.0,26045.0,False,False,False,
2023-07-13T00:00:00Z,24961.0,24961.0,False,False,False,
2023-07-13T01:00:00Z,24079.0,24079.0,False,False,False,
2023-07-13T02:00:00Z,23168.0,23168.0,False,False,False,
2023-07-13T03:00:00Z,22432.0,22432.0,False,False,False,
2023-07-13T04:00:00Z,20132.0,20132.0,False,False,False,
2023-07-13T05:00:00Z,18614.0,18614.0,False,False,False,
2023-07-13T06:00:00Z,17414.0,17414.0,False,False,False,
2023-07-13T07:00:00Z,16528.0,16528.0,False,False,False,
2023-07-13T08:00:00Z,15949.0,15949.0,False,False,False,
2023-07-13T09:00:00Z,15684.0,15684.0,False,False,False,
2023-07-13T10:00:00Z,15844.0,15844.0,False,False,False,
2023-07-13T11:00:00Z,16305.0,16305.0,False,False,False,
2023-07-13T12:00:00Z,16929.0,16929.0,False,False,False,
2023-07-13T13:00:00Z,18661.0,18661.0,False,False,False,
2023-07-13T14:00:00Z,20558.0,20558.0,False,False,False,
2023-07-13T15:00:00Z,22449.0,22449.0,False,False,False,
2023-07-13T16:00:00Z,24201.0,24201.0,False,False,False,
2023-07-13T17:00:00Z,25270.0,25270.0,False,False,False,
2023-07-13T18:00:00Z,25603.0,25603.0,False,False,False,
2023-07-13T19:00:00Z,25457.0,25457.0,False,False,False,
2023-07-13T20:00:00Z,25470.0,25470.0,False,False,False,
2023-07-13T21:00:00Z,25683.0,25683.0,False,False,False,
2023-07-13T22:00:00Z,25621.0,25621.0,False,False,False,
2023-07-13T23:00:00Z,25108.0,25108.0,False,False,False,
2023-07-14T00:00:00Z,23778.0,23778.0,False,False,False,
2023-07-14T01:00:00Z,22736.0,22736.0,False,False,False,
2023-07-14T02:00:00Z,21724.0,21724.0,False,False,False,
2023-07-14T03:00:00Z,20270.0,20270.0,False,False,False,
2023-07-14T04:00:00Z,18773.0,18773.0,False,False,False,
2023-07-14T05:00:00Z,17217.0,17217.0,False,False,False,
2023-07-14T06:00:00Z,16059.0,16059.0,False,False,False,
2023-07-14T07:00:00Z,15258.0,15258.0,False,False,False,
2023-07-14T08:00:00Z,14735.0,14735.0,False,False,False,
2023-07-14T09:00:00Z,14497.0,14497.0,False,False,False,
2023-07-14T10:00:00Z,14698.0,14698.0,False,False,False,
2023-07-14T11:00:00Z,15154.0,15154.0,False,False,False,
2023-07-14T12:00:00Z,15861.0,15861.0,False,False,False,
2023-07-14T13:00:00Z,17714.0,17714.0,False,False,False,
2023-07-14T14:00:00Z,19656.0,19656.0,False,False,False,
2023-07-14T15:00:00Z,21241.0,21241.0,False,False,False,
2023-07-14T16:00:00Z,22787.0,22787.0,False,False,False,
2023-07-14T17:00:00Z,23974.0,23974.0,False,False,False,
2023-07-14T18:00:00Z,24681.0,24681.0,False,False,False,
2023-07-14T19:00:00Z,24692.0,24692.0,False,False,False,
2023-07-14T20:00:00Z,24638.0,24638.0,False,False,False,
2023-07-14T21:00:00Z,24832.0,24832.0,False,False,False,
2023-07-14T22:00:00Z,24542.0,24542.0,False,False,False,
2023-07-14T23:00:00Z,23399.0,23399.0,False,False,False,
2023-07-15T00:00:00Z,21879.0,21879.0,False,False,False,
2023-07-15T01:00:00Z,21066.0,21066.0,False,False,False,
2023-07-15T02:00:00Z,20355.0,20355.0,False,False,False,
2023-07-15T03:00:00Z,19199.0,19199.0,False,False,False,
2023-07-15T04:00:00Z,17863.0,17863.0,False,False,False,
2023-07-15T05:00:00Z,16438.0,16438.0,False,False,False,
2023-07-15T06:00:00Z,15318.0,15318.0,False,False,False,
2023-07-15T07:00:00Z,14519.0,14519.0,False,False,False,
2023-07-15T08:00:00Z,13948.0,13948.0,False,False,False,
2023-07-15T09:00:00Z,13652.0,13652.0,False,False,False,
2023-07-15T10:00:00Z,13607.0,13607.0,False,False,False,
2023-07-15T11:00:00Z,13724.0,13724.0,False,False,False,
2023-07-15T12:00:00Z,14329.0,14329.0,False,False,False,
2023-07-15T13:00:00Z,16459.0,16459.0,False,False,False,
2023-07-15T14:00:00Z,18891.0,18891.0,False,False,False,
2023-07-15T15:00:00Z,20729.0,20729.0,False,False,False,
2023-07-15T16:00:00Z,21891.0,21891.0,False,False,False,
2023-07-15T17:00:00Z,22544.0,22544.0,False,False,False,
2023-07-15T18:00:00Z,23064.0,23064.0,False,False,False,
2023-07-15T19:00:00Z,23569.0,23569.0,False,False,False,
2023-07-15T20:00:00Z,24158.0,24158.0,False,False,False,
2023-07-15T21:00:00Z,24499.0,24499.0,False,False,False,
2023-07-15T22:00:00Z,24273.0,24273.0,False,False,False,
2023-07-15T23:00:00Z,23754.0,23754.0,False,False,False,
2023-07-16T00:00:00Z,22798.0,22798.0,False,False,False,
2023-07-16T01:00:00Z,21964.0,21964.0,False,False,False,
2023-07-16T02:00:00Z,21111.0,21111.0,False,False,False,
2023-07-16T03:00:00Z,19884.0,19884.0,False,False,False,
2023-07-16T04:00:00Z,18475.0,18475.0,False,False,False,
2023-07-16T05:00:00Z,17245.0,17245.0,False,False,False,
2023-07-16T06:00:00Z,16123.0,16123.0,False,False,False,
2023-07-16T07:00:00Z,15246.0,15246.0,False,False,False,
2023-07-16T08:00:00Z,14634.0,14634.0,False,False,False,
2023-07-16T09:00:00Z,14299.0,14299.0,False,False,False,
2023-07-16T10:00:00Z,14184.0,14184.0,False,False,False,
2023-07-16T11:00:00Z,14219.0,14219.0,False,False,False,
2023-07-16T12:00:00Z,14705.0,14705.0,False,False,False,
2023-07-16T13:00:00Z,16817.0,16817.0,False,False,False,
2023-07-16T14:00:00Z,19254.0,19254.0,False,False,False,
2023-07-16T15:00:00Z,21345.0,21345.0,False,False,False,
2023-07-16T16:00:00Z,23021.0,23021.0,False,False,False,
2023-07-16T17:00:00Z,24436.0,24436.0,False,False,False,
2023-07-16T18:00:00Z,25398.0,25398.0,False,False,False,
2023-07-16T19:00:00Z,25881.0,25881.0,False,False,False,
2023-07-16T20:00:00Z,25806.0,25806.0,False,False,False,
2023-07-16T21:00:00Z,25350.0,25350.0,False,False,False,
2023-07-16T22:00:00Z,24061.0,24061.0,False,False,False,
2023-07-16T23:00:00Z,22284.0,22284.0,False,False,False,
2023-07-17T00:00:00Z,21174.0,21174.0,False,False,False,
2023-07-17T01:00:00Z,20510.0,20510.0,False,False,False,
2023-07-17T02:00:00Z,19740.0,19740.0,False,False,False,
2023-07-17T03:00:00Z,18548.0,18548.0,False,False,False,
2023-07-17T04:00:00Z,17282.0,17282.0,False,False,False,
2023-07-17T05:00:00Z,15915.0,15915.0,False,False,False,
2023-07-17T06:00:00Z,14982.0,14982.0,False,False,False,
2023-07-17T07:00:00Z,14374.0,14374.0,False,False,False,
2023-07-17T08:00:00Z,13981.0,13981.0,False,False,False,
2023-07-17T09:00:00Z,13953.0,13953.0,False,False,False,
2023-07-17T10:00:00Z,14336.0,14336.0,False,False,False,
2023-07-17T11:00:00Z,14946.0,14946.0,False,False,False,
2023-07-17T12:00:00Z,15560.0,15560.0,False,False,False,
2023-07-17T13:00:00Z,17027.0,17027.0,False,False,False,
2023-07-17T14:00:00Z,19099.0,19099.0,False,False,False,
2023-07-17T15:00:00Z,21077.0,21077.0,False,False,False,
2023-07-17T16:00:00Z,22551.0,22551.0,False,False,False,
2023-07-17T17:00:00Z,23322.0,23322.0,False,False,False,
2023-07-17T18:00:00Z,23602.0,23602.0,False,False,False,
2023-07-17T19:00:00Z,23273.0,23273.0,False,False,False,
2023-07-17T20:00:00Z,22728.0,22728.0,False,False,False,
2023-07-17T21:00:00Z,22110.0,22110.0,False,False,False,
2023-07-17T22:00:00Z,21420.0,21420.0,False,False,False,
2023-07-17T23:00:00Z,20871.0,20871.0,False,False,False,
2023-07-18T00:00:00Z,20202.0,20202.0,False,False,False,
2023-07-18T01:00:00Z,19785.0,19785.0,False,False,False,
2023-07-18T02:00:00Z,19194.0,19194.0,False,False,False,
2023-07-18T03:00:00Z,18088.0,18088.0,False,False,False,
2023-07-18T04:00:00Z,16676.0,16676.0,False,False,False,
2023-07-18T05:00:00Z,15445.0,15445.0,False,False,False,
2023-07-18T06:00:00Z,14445.0,14445.0,False,False,False,
2023-07-18T07:00:00Z,13829.0,13829.0,False,False,False,
2023-07-18T08:00:00Z,13466.0,13466.0,False,False,False,
2023-07-18T09:00:00Z,13421.0,13421.0,False,False,False,
2023-07-18T10:00:00Z,13827.0,13827.0,False,False,False,
2023-07-18T11:00:00Z,14405.0,14405.0,False,False,False,
2023-07-18T12:00:00Z,15089.0,15089.0,False,False,False,
2023-07-18T13:00:00Z,16776.0,16776.0,False,False,False,
2023-07-18T14:00:00Z,18714.0,18714.0,False,False,False,
2023-07-18T15:00:00Z,20608.0,20608.0,False,False,False,
2023-07-18T16:00:00Z,22040.0,22040.0,False,False,False,
2023-07-18T17:00:00Z,22805.0,22805.0,False,False,False,
2023-07-18T18:00:00Z,23240.0,23240.0,False,False,False,
2023-07-18T19:00:00Z,23586.0,23586.0,False,False,False,
2023-07-18T20:00:00Z,23900.0,23900.0,False,False,False,
2023-07-18T21:00:00Z,23903.0,23903.0,False,False,False,
2023-07-18T22:00:00Z,23749.0,23749.0,False,False,False,
2023-07-18T23:00:00Z,23135.0,23135.0,False,False,False,
2023-07-19T00:00:00Z,22310.0,22310.0,False,False,False,
2023-07-19T01:00:00Z,21759.0,21759.0,False,False,False,
2023-07-19T02:00:00Z,20969.0,20969.0,False,False,False,
2023-07-19T03:00:00Z,19637.0,19637.0,False,False,False,
2023-07-19T04:00:00Z,18107.0,18107.0,False,False,False,
2023-07-19T05:00:00Z,16637.0,16637.0,False,False,False,
2023-07-19T06:00:00Z,15485.0,15485.0,False,False,False,
2023-07-19T07:00:00Z,14650.0,14650.0,False,False,False,
2023-07-19T08:00:00Z,14193.0,14193.0,False,False,False,
2023-07-19T09:00:00Z,14009.0,14009.0,False,False,False,
2023-07-19T10:00:00Z,14339.0,14339.0,False,False,False,
2023-07-19T11:00:00Z,14887.0,14887.0,False,False,False,
2023-07-19T12:00:00Z,15481.0,15481.0,False,False,False,
2023-07-19T13:00:00Z,17017.0,17017.0,False,False,False,
2023-07-19T14:00:00Z,18808.0,18808.0,False,False,False,
2023-07-19T15:00:00Z,20663.0,20663.0,False,False,False,
2023-07-19T16:00:00Z,22546.0,22546.0,False,False,False,
2023-07-19T17:00:00Z,23878.0,23878.0,False,False,False,
2023-07-19T18:00:00Z,25120.0,25120.0,False,False,False,
2023-07-19T19:00:00Z,25908.0,25908.0,False,False,False,
2023-07-19T20:00:00Z,26252.0,26252.0,False,False,False,
2023-07-19T21:00:00Z,26180.0,26180.0,False,False,False,
2023-07-19T22:00:00Z,25621.0,25621.0,False,False,False,
2023-07-19T23:00:00Z,24824.0,24824.0,False,False,False,
2023-07-20T00:00:00Z,23664.0,23664.0,False,False,False,
2023-07-20T01:00:00Z,22926.0,22926.0,False,False,False,
2023-07-20T02:00:00Z,22082.0,22082.0,False,False,False,
2023-07-20T03:00:00Z,20674.0,20674.0,False,False,False,
2023-07-20T04:00:00Z,19107.0,19107.0,False,False,False,
2023-07-20T05:00:00Z,17669.0,17669.0,False,False,False,
2023-07-20T06:00:00Z,16551.0,16551.0,False,False,False,
2023-07-20T07:00:00Z,15814.0,15814.0,False,False,False,
2023-07-20T08:00:00Z,15317.0,15317.0,False,False,False,
2023-07-20T09:00:00Z,15070.0,15070.0,False,False,False,
2023-07-20T10:00:00Z,15314.0,15314.0,False,False,False,
2023-07-20T11:00:00Z,15778.0,15778.0,False,False,False,
2023-07-20T12:00:00Z,16227.0,16227.0,False,False,False,
2023-07-20T13:00:00Z,17692.0,17692.0,False,False,False,
2023-07-20T14:00:00Z,19299.0,19299.0,False,False,False,
2023-07-20T15:00:00Z,21084.0,21084.0,False,False,False,
2023-07-20T16:00:00Z,22860.0,22860.0,False,False,False,
2023-07-20T17:00:00Z,24489.0,24489.0,False,False,False,
2023-07-20T18:00:00Z,25732.0,25732.0,False,False,False,
2023-07-20T19:00:00Z,26685.0,26685.0,False,False,False,
2023-07-20T20:00:00Z,27312.0,27312.0,False,False,False,
2023-07-20T21:00:00Z,27730.0,27730.0,False,False,False,
2023-07-20T22:00:00Z,27564.0,27564.0,False,False,False,
2023-07-20T23:00:00Z,26732.0,26732.0,False,False,False,
2023-07-21T00:00:00Z,25456.0,25456.0,False,False,False,
2023-07-21T01:00:00Z,24502.0,24502.0,False,False,False,
2023-07-21T02:00:00Z,23492.0,23492.0,False,False,False,
2023-07-21T03:00:00Z,21967.0,21967.0,False,False,False,
2023-07-21T04:00:00Z,20318.0,20318.0,False,False,False,
2023-07-21T05:00:00Z,18792.0,18792.0,False,False,False,
2023-07-21T06:00:00Z,17560.0,17560.0,False,False,False,
2023-07-21T07:00:00Z,16634.0,16634.0,False,False,False,
2023-07-21T08:00:00Z,15960.0,15960.0,False,False,False,
2023-07-21T09:00:00Z,15621.0,15621.0,False,False,False,
2023-07-21T10:00:00Z,15738.0,15738.0,False,False,False,
2023-07-21T11:00:00Z,16084.0,16084.0,False,False,False,
2023-07-21T12:00:00Z,16626.0,16626.0,False,False,False,
2023-07-21T13:00:00Z,18337.0,18337.0,False,False,False,
2023-07-21T14:00:00Z,20552.0,20552.0,False,False,False,
2023-07-21T15:00:00Z,22654.0,22654.0,False,False,False,
2023-07-21T16:00:00Z,24482.0,24482.0,False,False,False,
2023-07-21T17:00:00Z,25971.0,25971.0,False,False,False,
2023-07-21T18:00:00Z,26963.0,26963.0,False,False,False,
2023-07-21T19:00:00Z,27126.0,27126.0,False,False,False,
2023-07-21T20:00:00Z,26615.0,26615.0,False,False,False,
2023-07-21T21:00:00Z,26168.0,26168.0,False,False,False,
2023-07-21T22:00:00Z,25728.0,25728.0,False,False,False,
2023-07-21T23:00:00Z,25051.0,25051.0,False,False,False,
2023-07-22T00:00:00Z,24041.0,24041.0,False,False,False,
2023-07-22T01:00:00Z,23213.0,23213.0,False,False,False,
2023-07-22T02:00:00Z,22244.0,22244.0,False,False,False,
2023-07-22T03:00:00Z,20862.0,20862.0,False,False,False,
2023-07-22T04:00:00Z,19478.0,19478.0,False,False,False,
2023-07-22T05:00:00Z,18073.0,18073.0,False,False,False,
2023-07-22T06:00:00Z,16904.0,16904.0,False,False,False,
2023-07-22T07:00:00Z,16024.0,16024.0,False,False,False,
2023-07-22T08:00:00Z,15402.0,15402.0,False,False,False,
2023-07-22T09:00:00Z,15031.0,15031.0,False,False,False,
2023-07-22T10:00:00Z,14927.0,14927.0,False,False,False,
2023-07-22T11:00:00Z,14954.0,14954.0,False,False,False,
2023-07-22T12:00:00Z,15439.0,15439.0,False,False,False,
2023-07-22T13:00:00Z,17473.0,17473.0,False,False,False,
2023-07-22T14:00:00Z,19830.0,19830.0,False,False,False,
2023-07-22T15:00:00Z,22018.0,22018.0,False,False,False,
2023-07-22T16:00:00Z,23962.0,23962.0,False,False,False,
2023-07-22T17:00:00Z,25408.0,25408.0,False,False,False,
2023-07-22T18:00:00Z,26344.0,26344.0,False,False,False,
2023-07-22T19:00:00Z,26990.0,26990.0,False,False,False,
2023-07-22T20:00:00Z,26974.0,26974.0,False,False,False,
2023-07-22T21:00:00Z,25766.0,25766.0,False,False,False,
2023-07-22T22:00:00Z,24932.0,24932.0,False,False,False,
2023-07-22T23:00:00Z,24135.0,24135.0,False,False,False,
2023-07-23T00:00:00Z,23064.0,23064.0,False,False,False,
2023-07-23T01:00:00Z,22278.0,22278.0,False,False,False,
2023-07-23T02:00:00Z,21328.0,21328.0,False,False,False,
2023-07-23T03:00:00Z,19959.0,19959.0,False,False,False,
2023-07-23T04:00:00Z,18955.0,18955.0,False,False,False,
2023-07-23T05:00:00Z,17290.0,17290.0,False,False,False,
2023-07-23T06:00:00Z,16182.0,16182.0,False,False,False,
2023-07-23T07:00:00Z,15323.0,15323.0,False,False,False,
2023-07-23T08:00:00Z,14715.0,14715.0,False,False,False,
2023-07-23T09:00:00Z,14328.0,14328.0,False,False,False,
2023-07-23T10:00:00Z,14194.0,14194.0,False,False,False,
2023-07-23T11:00:00Z,14186.0,14186.0,False,False,False,
2023-07-23T12:00:00Z,14523.0,14523.0,False,False,False,
2023-07-23T13:00:00Z,16408.0,16408.0,False,False,False,
2023-07-23T14:00:00Z,18765.0,18765.0,False,False,False,
2023-07-23T15:00:00Z,20927.0,20927.0,False,False,False,
2023-07-23T16:00:00Z,22859.0,22859.0,False,False,False,
2023-07-23T17:00:00Z,24422.0,24422.0,False,False,False,
2023-07-23T18:00:00Z,25467.0,25467.0,False,False,False,
2023-07-23T19:00:00Z,25896.0,25896.0,False,False,False,
2023-07-23T20:00:00Z,25958.0,25958.0,False,False,False,
2023-07-23T21:00:00Z,25828.0,25828.0,False,False,False,
2023-07-23T22:00:00Z,25545.0,25545.0,False,False,False,
2023-07-23T23:00:00Z,24820.0,24820.0,False,False,False,
2023-07-24T00:00:00Z,23736.0,23736.0,False,False,False,
2023-07-24T01:00:00Z,22945.0,22945.0,False,False,False,
2023-07-24T02:00:00Z,21841.0,21841.0,False,False,False,
2023-07-24T03:00:00Z,20394.0,20394.0,False,False,False,
2023-07-24T04:00:00Z,18873.0,18873.0,False,False,False,
2023-07-24T05:00:00Z,17476.0,17476.0,False,False,False,
2023-07-24T06:00:00Z,16358.0,16358.0,False,False,False,
2023-07-24T07:00:00Z,15517.0,15517.0,False,False,False,
2023-07-24T08:00:00Z,15000.0,15000.0,False,False,False,
2023-07-24T09:00:00Z,14789.0,14789.0,False,False,False,
2023-07-24T10:00:00Z,15013.0,15013.0,False,False,False,
2023-07-24T11:00:00Z,15401.0,15401.0,False,False,False,
2023-07-24T12:00:00Z,15926.0,15926.0,False,False,False,
2023-07-24T13:00:00Z,17558.0,17558.0,False,False,False,
2023-07-24T14:00:00Z,19642.0,19642.0,False,False,False,
2023-07-24T15:00:00Z,21739.0,21739.0,False,False,False,
2023-07-24T16:00:00Z,23609.0,23609.0,False,False,False,
2023-07-24T17:00:00Z,25143.0,25143.0,False,False,False,
2023-07-24T18:00:00Z,26284.0,26284.0,False,False,False,
2023-07-24T19:00:00Z,26785.0,26785.0,False,False,False,
2023-07-24T20:00:00Z,26879.0,26879.0,False,False,False,
2023-07-24T21:00:00Z,26870.0,26870.0,False,False,False,
2023-07-24T22:00:00Z,26587.0,26587.0,False,False,False,
2023-07-24T23:00:00Z,25915.0,25915.0,False,False,False,
2023-07-25T00:00:00Z,24868.0,24868.0,False,False,False,
2023-07-25T01:00:00Z,23890.0,23890.0,False,False,False,
2023-07-25T02:00:00Z,22618.0,22618.0,False,False,False,
2023-07-25T03:00:00Z,20857.0,20857.0,False,False,False,
2023-07-25T04:00:00Z,19016.0,19016.0,False,False,False,
2023-07-25T05:00:00Z,17574.0,17574.0,False,False,False,
2023-07-25T06:00:00Z,16368.0,16368.0,False,False,False,
2023-07-25T07:00:00Z,15561.0,15561.0,False,False,False,
2023-07-25T08:00:00Z,14994.0,14994.0,False,False,False,
2023-07-25T09:00:00Z,14737.0,14737.0,False,False,False,
2023-07-25T10:00:00Z,14955.0,14955.0,False,False,False,
2023-07-25T11:00:00Z,15431.0,15431.0,False,False,False,
2023-07-25T12:00:00Z,15911.0,15911.0,False,False,False,
2023-07-25T13:00:00Z,17526.0,17526.0,False,False,False,
2023-07-25T14:00:00Z,19596.0,19596.0,False,False,False,
2023-07-25T15:00:00Z,21729.0,21729.0,False,False,False,
2023-07-25T16:00:00Z,23640.0,23640.0,False,False,False,
2023-07-25T17:00:00Z,25089.0,25089.0,False,False,False,
2023-07-25T18:00:00Z,26005.0,26005.0,False,False,False,
2023-07-25T19:00:00Z,26529.0,26529.0,False,False,False,
2023-07-25T20:00:00Z,26753.0,26753.0,False,False,False,
2023-07-25T21:00:00Z,26704.0,26704.0,False,False,False,
2023-07-25T22:00:00Z,26295.0,26295.0,False,False,False,
2023-07-25T23:00:00Z,25636.0,25636.0,False,False,False,
2023-07-26T00:00:00Z,24664.0,24664.0,False,False,False,
2023-07-26T01:00:00Z,23819.0,23819.0,False,False,False,
2023-07-26T02:00:00Z,22846.0,22846.0,False,False,False,
2023-07-26T03:00:00Z,21210.0,21210.0,False,False,False,
2023-07-26T04:00:00Z,19310.0,19310.0,False,False,False,
2023-07-26T05:00:00Z,17888.0,17888.0,False,False,False,
2023-07-26T06:00:00Z,16503.0,16503.0,False,False,False,
2023-07-26T07:00:00Z,15674.0,15674.0,False,False,False,
2023-07-26T08:00:00Z,15131.0,15131.0,False,False,False,
2023-07-26T09:00:00Z,14894.0,14894.0,False,False,False,
2023-07-26T10:00:00Z,13371.0,13371.0,False,False,False,
2023-07-26T11:00:00Z,15533.0,15533.0,False,False,False,
2023-07-26T12:00:00Z,15990.0,15990.0,False,False,False,
2023-07-26T13:00:00Z,17049.0,17049.0,False,False,False,
2023-07-26T14:00:00Z,18425.0,18425.0,False,False,False,
2023-07-26T15:00:00Z,19792.0,19792.0,False,False,False,
2023-07-26T16:00:00Z,21021.0,21021.0,False,False,False,
2023-07-26T17:00:00Z,22303.0,22303.0,False,False,False,
2023-07-26T18:00:00Z,23557.0,23557.0,False,False,False,
2023-07-26T19:00:00Z,24278.0,24278.0,False,False,False,
2023-07-26T20:00:00Z,24626.0,24626.0,False,False,False,
2023-07-26T21:00:00Z,24659.0,24659.0,False,False,False,
2023-07-26T22:00:00Z,24391.0,24391.0,False,False,False,
2023-07-26T23:00:00Z,23547.0,23547.0,False,False,False,
2023-07-27T00:00:00Z,22227.0,22227.0,False,False,False,
2023-07-27T01:00:00Z,21499.0,21499.0,False,False,False,
2023-07-27T02:00:00Z,20575.0,20575.0,False,False,False,
2023-07-27T03:00:00Z,19211.0,19211.0,False,False,False,
2023-07-27T04:00:00Z,17685.0,17685.0,False,False,False,
2023-07-27T05:00:00Z,16167.0,16167.0,False,False,False,
2023-07-27T06:00:00Z,15121.0,15121.0,False,False,False,
2023-07-27T07:00:00Z,14350.0,14350.0,False,False,False,
2023-07-27T08:00:00Z,13791.0,13791.0,False,False,False,
2023-07-27T09:00:00Z,13572.0,13572.0,False,False,False,
2023-07-27T10:00:00Z,13841.0,13841.0,False,False,False,
2023-07-27T11:00:00Z,14417.0,14417.0,False,False,False,
2023-07-27T12:00:00Z,14821.0,14821.0,False,False,False,
2023-07-27T13:00:00Z,15820.0,15820.0,False,False,False,
2023-07-27T14:00:00Z,17255.0,17255.0,False,False,False,
2023-07-27T15:00:00Z,18964.0,18964.0,False,False,False,
2023-07-27T16:00:00Z,20675.0,20675.0,False,False,False,
2023-07-27T17:00:00Z,21931.0,21931.0,False,False,False,
2023-07-27T18:00:00Z,22826.0,22826.0,False,False,False,
2023-07-27T19:00:00Z,23070.0,23070.0,False,False,False,
2023-07-27T20:00:00Z,23082.0,23082.0,False,False,False,
2023-07-27T21:00:00Z,23067.0,23067.0,False,False,False,
2023-07-27T22:00:00Z,22576.0,22576.0,False,False,False,
2023-07-27T23:00:00Z,21693.0,21693.0,False,False,False,
2023-07-28T00:00:00Z,20649.0,20649.0,False,False,False,
2023-07-28T01:00:00Z,20140.0,20140.0,False,False,False,
2023-07-28T02:00:00Z,19440.0,19440.0,False,False,False,
2023-07-28T03:00:00Z,18279.0,18279.0,False,False,False,
2023-07-28T04:00:00Z,17217.0,17217.0,False,False,False,
2023-07-28T05:00:00Z,15734.0,15734.0,False,False,False,
2023-07-28T06:00:00Z,14682.0,14682.0,False,False,False,
2023-07-28T07:00:00Z,14042.0,14042.0,False,False,False,
2023-07-28T08:00:00Z,13616.0,13616.0,False,False,False,
2023-07-28T09:00:00Z,13499.0,13499.0,False,False,False,
2023-07-28T10:00:00Z,13828.0,13828.0,False,False,False,
2023-07-28T11:00:00Z,14392.0,14392.0,False,False,False,
2023-07-28T12:00:00Z,15030.0,15030.0,False,False,False,
2023-07-28T13:00:00Z,16289.0,16289.0,False,False,False,
2023-07-28T14:00:00Z,17843.0,17843.0,False,False,False,
2023-07-28T15:00:00Z,19436.0,19436.0,False,False,False,
2023-07-28T16:00:00Z,20806.0,20806.0,False,False,False,
2023-07-28T17:00:00Z,21361.0,21361.0,False,False,False,
2023-07-28T18:00:00Z,21426.0,21426.0,False,False,False,
2023-07-28T19:00:00Z,21268.0,21268.0,False,False,False,
2023-07-28T20:00:00Z,21480.0,21480.0,False,False,False,
2023-07-28T21:00:00Z,21737.0,21737.0,False,False,False,
2023-07-28T22:00:00Z,21817.0,21817.0,False,False,False,
2023-07-28T23:00:00Z,21502.0,21502.0,False,False,False,
2023-07-29T00:00:00Z,20784.0,20784.0,False,False,False,
2023-07-29T01:00:00Z,20322.0,20322.0,False,False,False,
2023-07-29T02:00:00Z,19739.0,19739.0,False,False,False,
2023-07-29T03:00:00Z,18636.0,18636.0,False,False,False,
2023-07-29T04:00:00Z,17383.0,17383.0,False,False,False,
2023-07-29T05:00:00Z,16150.0,16150.0,False,False,False,
2023-07-29T06:00:00Z,15104.0,15104.0,False,False,False,
2023-07-29T07:00:00Z,14390.0,14390.0,False,False,False,
2023-07-29T08:00:00Z,13859.0,13859.0,False,False,False,
2023-07-29T09:00:00Z,13584.0,13584.0,False,False,False,
2023-07-29T10:00:00Z,13554.0,13554.0,False,False,False,
2023-07-29T11:00:00Z,13647.0,13647.0,False,False,False,
2023-07-29T12:00:00Z,14069.0,14069.0,False,False,False,
2023-07-29T13:00:00Z,15867.0,15867.0,False,False,False,
2023-07-29T14:00:00Z,18119.0,18119.0,False,False,False,
2023-07-29T15:00:00Z,20233.0,20233.0,False,False,False,
2023-07-29T16:00:00Z,22055.0,22055.0,False,False,False,
2023-07-29T17:00:00Z,23462.0,23462.0,False,False,False,
2023-07-29T18:00:00Z,24444.0,24444.0,False,False,False,
2023-07-29T19:00:00Z,24999.0,24999.0,False,False,False,
2023-07-29T20:00:00Z,25298.0,25298.0,False,False,False,
2023-07-29T21:00:00Z,25312.0,25312.0,False,False,False,
2023-07-29T22:00:00Z,24984.0,24984.0,False,False,False,
2023-07-29T23:00:00Z,24422.0,24422.0,False,False,False,
2023-07-30T00:00:00Z,23294.0,23294.0,False,False,False,
2023-07-30T01:00:00Z,22483.0,22483.0,False,False,False,
2023-07-30T02:00:00Z,21541.0,21541.0,False,False,False,
2023-07-30T03:00:00Z,20265.0,20265.0,False,False,False,
2023-07-30T04:00:00Z,18909.0,18909.0,False,False,False,
2023-07-30T05:00:00Z,17612.0,17612.0,False,False,False,
2023-07-30T06:00:00Z,16486.0,16486.0,False,False,False,
2023-07-30T07:00:00Z,15589.0,15589.0,False,False,False,
2023-07-30T08:00:00Z,14873.0,14873.0,False,False,False,
2023-07-30T09:00:00Z,14452.0,14452.0,False,False,False,
2023-07-30T10:00:00Z,14238.0,14238.0,False,False,False,
2023-07-30T11:00:00Z,14148.0,14148.0,False,False,False,
2023-07-30T12:00:00Z,14471.0,14471.0,False,False,False,
2023-07-30T13:00:00Z,16061.0,16061.0,False,False,False,
2023-07-30T14:00:00Z,18123.0,18123.0,False,False,False,
2023-07-30T15:00:00Z,20302.0,20302.0,False,False,False,
2023-07-30T16:00:00Z,22384.0,22384.0,False,False,False,
2023-07-30T17:00:00Z,24167.0,24167.0,False,False,False,
2023-07-30T18:00:00Z,25470.0,25470.0,False,False,False,
2023-07-30T19:00:00Z,26196.0,26196.0,False,False,False,
2023-07-30T20:00:00Z,26658.0,26658.0,False,False,False,
2023-07-30T21:00:00Z,26824.0,26824.0,False,False,False,
2023-07-30T22:00:00Z,26647.0,26647.0,False,False,False,
2023-07-30T23:00:00Z,25946.0,25946.0,False,False,False,
2023-07-31T00:00:00Z,24702.0,24702.0,False,False,False,
2023-07-31T01:00:00Z,23779.0,23779.0,False,False,False,
2023-07-31T02:00:00Z,22674.0,22674.0,False,False,False,
2023-07-31T03:00:00Z,21077.0,21077.0,False,False,False,
2023-07-31T04:00:00Z,19350.0,19350.0,False,False,False,
2023-07-31T05:00:00Z,17916.0,17916.0,False,False,False,
2023-07-31T06:00:00Z,16657.0,16657.0,False,False,False,
2023-07-31T07:00:00Z,15757.0,15757.0,False,False,False,
2023-07-31T08:00:00Z,15195.0,15195.0,False,False,False,
2023-07-31T09:00:00Z,14953.0,14953.0,False,False,False,
2023-07-31T10:00:00Z,15086.0,15086.0,False,False,False,
2023-07-31T11:00:00Z,15511.0,15511.0,False,False,False,
2023-07-31T12:00:00Z,15955.0,15955.0,False,False,False,
2023-07-31T13:00:00Z,17394.0,17394.0,False,False,False,
2023-07-31T14:00:00Z,19261.0,19261.0,False,False,False,
2023-07-31T15:00:00Z,21299.0,21299.0,False,False,False,
2023-07-31T16:00:00Z,23120.0,23120.0,False,False,False,
2023-07-31T17:00:00Z,24640.0,24640.0,False,False,False,
2023-07-31T18:00:00Z,25871.0,25871.0,False,False,False,
2023-07-31T19:00:00Z,26329.0,26329.0,False,False,False,
2023-07-31T20:00:00Z,25971.0,25971.0,False,False,False,
2023-07-31T21:00:00Z,25428.0,25428.0,False,False,False,
2023-07-31T22:00:00Z,24418.0,24418.0,False,False,False,
2023-07-31T23:00:00Z,23454.0,23454.0,False,False,False,
2023-08-01T00:00:00Z,22352.0,22352.0,False,False,False,
2023-08-01T01:00:00Z,21394.0,21394.0,False,False,False,
2023-08-01T02:00:00Z,20205.0,20205.0,False,False,False,
2023-08-01T03:00:00Z,18637.0,18637.0,False,False,False,
2023-08-01T04:00:00Z,17376.0,17376.0,False,False,False,
2023-08-01T05:00:00Z,15966.0,15966.0,False,False,False,
2023-08-01T06:00:00Z,14883.0,14883.0,False,False,False,
2023-08-01T07:00:00Z,14202.0,14202.0,False,False,False,
2023-08-01T08:00:00Z,13725.0,13725.0,False,False,False,
2023-08-01T09:00:00Z,13552.0,13552.0,False,False,False,
2023-08-01T10:00:00Z,13821.0,13821.0,False,False,False,
2023-08-01T11:00:00Z,14358.0,14358.0,False,False,False,
2023-08-01T12:00:00Z,15006.0,15006.0,False,False,False,
2023-08-01T13:00:00Z,16700.0,16700.0,False,False,False,
2023-08-01T14:00:00Z,18705.0,18705.0,False,False,False,
2023-08-01T15:00:00Z,20726.0,20726.0,False,False,False,
2023-08-01T16:00:00Z,22397.0,22397.0,False,False,False,
2023-08-01T17:00:00Z,23424.0,23424.0,False,False,False,
2023-08-01T18:00:00Z,23958.0,23958.0,False,False,False,
2023-08-01T19:00:00Z,24017.0,24017.0,False,False,False,
2023-08-01T20:00:00Z,23961.0,23961.0,False,False,False,
2023-08-01T21:00:00Z,23828.0,23828.0,False,False,False,
2023-08-01T22:00:00Z,23219.0,23219.0,False,False,False,
2023-08-01T23:00:00Z,22427.0,22427.0,False,False,False,
2023-08-02T00:00:00Z,21573.0,21573.0,False,False,False,
2023-08-02T01:00:00Z,21000.0,21000.0,False,False,False,
2023-08-02T02:00:00Z,20204.0,20204.0,False,False,False,
2023-08-02T03:00:00Z,18886.0,18886.0,False,False,False,
2023-08-02T04:00:00Z,17129.0,17129.0,False,False,False,
2023-08-02T05:00:00Z,15924.0,15924.0,False,False,False,
2023-08-02T06:00:00Z,14874.0,14874.0,False,False,False,
2023-08-02T07:00:00Z,14119.0,14119.0,False,False,False,
2023-08-02T08:00:00Z,13616.0,13616.0,False,False,False,
2023-08-02T09:00:00Z,13419.0,13419.0,False,False,False,
2023-08-02T10:00:00Z,13618.0,13618.0,False,False,False,
2023-08-02T11:00:00Z,14233.0,14233.0,False,False,False,
2023-08-02T12:00:00Z,14898.0,14898.0,False,False,False,
2023-08-02T13:00:00Z,16488.0,16488.0,False,False,False,
2023-08-02T14:00:00Z,18459.0,18459.0,False,False,False,
2023-08-02T15:00:00Z,20423.0,20423.0,False,False,False,
2023-08-02T16:00:00Z,22337.0,22337.0,False,False,False,
2023-08-02T17:00:00Z,23928.0,23928.0,False,False,False,
2023-08-02T18:00:00Z,25047.0,25047.0,False,False,False,
2023-08-02T19:00:00Z,25588.0,25588.0,False,False,False,
2023-08-02T20:00:00Z,25510.0,25510.0,False,False,False,
2023-08-02T21:00:00Z,25337.0,25337.0,False,False,False,
2023-08-02T22:00:00Z,24867.0,24867.0,False,False,False,
2023-08-02T23:00:00Z,24074.0,24074.0,False,False,False,
2023-08-03T00:00:00Z,22959.0,22959.0,False,False,False,
2023-08-03T01:00:00Z,22036.0,22036.0,False,False,False,
2023-08-03T02:00:00Z,20947.0,20947.0,False,False,False,
2023-08-03T03:00:00Z,19508.0,19508.0,False,False,False,
2023-08-03T04:00:00Z,17795.0,17795.0,False,False,False,
2023-08-03T05:00:00Z,16512.0,16512.0,False,False,False,
2023-08-03T06:00:00Z,15412.0,15412.0,False,False,False,
2023-08-03T07:00:00Z,14731.0,14731.0,False,False,False,
2023-08-03T08:00:00Z,14241.0,14241.0,False,False,False,
2023-08-03T09:00:00Z,14081.0,14081.0,False,False,False,
2023-08-03T10:00:00Z,14334.0,14334.0,False,False,False,
2023-08-03T11:00:00Z,14938.0,14938.0,False,False,False,
2023-08-03T12:00:00Z,15606.0,15606.0,False,False,False,
2023-08-03T13:00:00Z,17076.0,17076.0,False,False,False,
2023-08-03T14:00:00Z,18761.0,18761.0,False,False,False,
2023-08-03T15:00:00Z,20419.0,20419.0,False,False,False,
2023-08-03T16:00:00Z,22259.0,22259.0,False,False,False,
2023-08-03T17:00:00Z,23918.0,23918.0,False,False,False,
2023-08-03T18:00:00Z,25010.0,25010.0,False,False,False,
2023-08-03T19:00:00Z,25784.0,25784.0,False,False,False,
2023-08-03T20:00:00Z,25826.0,25826.0,False,False,False,
2023-08-03T21:00:00Z,25272.0,25272.0,False,False,False,
2023-08-03T22:00:00Z,24433.0,24433.0,False,False,False,
2023-08-03T23:00:00Z,23487.0,23487.0,False,False,False,
2023-08-04T00:00:00Z,22547.0,22547.0,False,False,False,
2023-08-04T01:00:00Z,22000.0,22000.0,False,False,False,
2023-08-04T02:00:00Z,21155.0,21155.0,False,False,False,
2023-08-04T03:00:00Z,19901.0,19901.0,False,False,False,
2023-08-04T04:00:00Z,18148.0,18148.0,False,False,False,
2023-08-04T05:00:00Z,16764.0,16764.0,False,False,False,
2023-08-04T06:00:00Z,15706.0,15706.0,False,False,False,
2023-08-04T07:00:00Z,14942.0,14942.0,False,False,False,
2023-08-04T08:00:00Z,14426.0,14426.0,False,False,False,
2023-08-04T09:00:00Z,14210.0,14210.0,False,False,False,
2023-08-04T10:00:00Z,14438.0,14438.0,False,False,False,
2023-08-04T11:00:00Z,14977.0,14977.0,False,False,False,
2023-08-04T12:00:00Z,15562.0,15562.0,False,False,False,
2023-08-04T13:00:00Z,17211.0,17211.0,False,False,False,
2023-08-04T14:00:00Z,19171.0,19171.0,False,False,False,
2023-08-04T15:00:00Z,21122.0,21122.0,False,False,False,
2023-08-04T16:00:00Z,22916.0,22916.0,False,False,False,
2023-08-04T17:00:00Z,24187.0,24187.0,False,False,False,
2023-08-04T18:00:00Z,24653.0,24653.0,False,False,False,
2023-08-04T19:00:00Z,24701.0,24701.0,False,False,False,
2023-08-04T20:00:00Z,24884.0,24884.0,False,False,False,
2023-08-04T21:00:00Z,25076.0,25076.0,False,False,False,
2023-08-04T22:00:00Z,24797.0,24797.0,False,False,False,
2023-08-04T23:00:00Z,23852.0,23852.0,False,False,False,
2023-08-05T00:00:00Z,22740.0,22740.0,False,False,False,
2023-08-05T01:00:00Z,21904.0,21904.0,False,False,False,
2023-08-05T02:00:00Z,20982.0,20982.0,False,False,False,
2023-08-05T03:00:00Z,19723.0,19723.0,False,False,False,
2023-08-05T04:00:00Z,18413.0,18413.0,False,False,False,
2023-08-05T05:00:00Z,17129.0,17129.0,False,False,False,
2023-08-05T06:00:00Z,16081.0,16081.0,False,False,False,
2023-08-05T07:00:00Z,15323.0,15323.0,False,False,False,
2023-08-05T08:00:00Z,14745.0,14745.0,False,False,False,
2023-08-05T09:00:00Z,14447.0,14447.0,False,False,False,
2023-08-05T10:00:00Z,14388.0,14388.0,False,False,False,
2023-08-05T11:00:00Z,14524.0,14524.0,False,False,False,
2023-08-05T12:00:00Z,14954.0,14954.0,False,False,False,
2023-08-05T13:00:00Z,16791.0,16791.0,False,False,False,
2023-08-05T14:00:00Z,18827.0,18827.0,False,False,False,
2023-08-05T15:00:00Z,20736.0,20736.0,False,False,False,
2023-08-05T16:00:00Z,22510.0,22510.0,False,False,False,
2023-08-05T17:00:00Z,23563.0,23563.0,False,False,False,
2023-08-05T18:00:00Z,24196.0,24196.0,False,False,False,
2023-08-05T19:00:00Z,24537.0,24537.0,False,False,False,
2023-08-05T20:00:00Z,24655.0,24655.0,False,False,False,
2023-08-05T21:00:00Z,24487.0,24487.0,False,False,False,
2023-08-05T22:00:00Z,23828.0,23828.0,False,False,False,
2023-08-05T23:00:00Z,23047.0,23047.0,False,False,False,
2023-08-06T00:00:00Z,22089.0,22089.0,False,False,False,
2023-08-06T01:00:00Z,21547.0,21547.0,False,False,False,
2023-08-06T02:00:00Z,20670.0,20670.0,False,False,False,
2023-08-06T03:00:00Z,19493.0,19493.0,False,False,False,
2023-08-06T04:00:00Z,18436.0,18436.0,False,False,False,
2023-08-06T05:00:00Z,16989.0,16989.0,False,False,False,
2023-08-06T06:00:00Z,15910.0,15910.0,False,False,False,
2023-08-06T07:00:00Z,15142.0,15142.0,False,False,False,
2023-08-06T08:00:00Z,14584.0,14584.0,False,False,False,
2023-08-06T09:00:00Z,14262.0,14262.0,False,False,False,
2023-08-06T10:00:00Z,14144.0,14144.0,False,False,False,
2023-08-06T11:00:00Z,14198.0,14198.0,False,False,False,
2023-08-06T12:00:00Z,14619.0,14619.0,False,False,False,
2023-08-06T13:00:00Z,16576.0,16576.0,False,False,False,
2023-08-06T14:00:00Z,19039.0,19039.0,False,False,False,
2023-08-06T15:00:00Z,21220.0,21220.0,False,False,False,
2023-08-06T16:00:00Z,23140.0,23140.0,False,False,False,
2023-08-06T17:00:00Z,24678.0,24678.0,False,False,False,
2023-08-06T18:00:00Z,25784.0,25784.0,False,False,False,
2023-08-06T19:00:00Z,26156.0,26156.0,False,False,False,
2023-08-06T20:00:00Z,26082.0,26082.0,False,False,False,
2023-08-06T21:00:00Z,26477.0,26477.0,False,False,False,
2023-08-06T22:00:00Z,26688.0,26688.0,False,False,False,
2023-08-06T23:00:00Z,26342.0,26342.0,False,False,False,
2023-08-07T00:00:00Z,25198.0,25198.0,False,False,False,
2023-08-07T01:00:00Z,24291.0,24291.0,False,False,False,
2023-08-07T02:00:00Z,23314.0,23314.0,False,False,False,
2023-08-07T03:00:00Z,21813.0,21813.0,False,False,False,
2023-08-07T04:00:00Z,19810.0,19810.0,False,False,False,
2023-08-07T05:00:00Z,18537.0,18537.0,False,False,False,
2023-08-07T06:00:00Z,17297.0,17297.0,False,False,False,
2023-08-07T07:00:00Z,16417.0,16417.0,False,False,False,
2023-08-07T08:00:00Z,15966.0,15966.0,False,False,False,
2023-08-07T09:00:00Z,15813.0,15813.0,False,False,False,
2023-08-07T10:00:00Z,16032.0,16032.0,False,False,False,
2023-08-07T11:00:00Z,16467.0,16467.0,False,False,False,
2023-08-07T12:00:00Z,17025.0,17025.0,False,False,False,
2023-08-07T13:00:00Z,18732.0,18732.0,False,False,False,
2023-08-07T14:00:00Z,21017.0,21017.0,False,False,False,
2023-08-07T15:00:00Z,23232.0,23232.0,False,False,False,
2023-08-07T16:00:00Z,25234.0,25234.0,False,False,False,
2023-08-07T17:00:00Z,26798.0,26798.0,False,False,False,
2023-08-07T18:00:00Z,27963.0,27963.0,False,False,False,
2023-08-07T19:00:00Z,28576.0,28576.0,False,False,False,
2023-08-07T20:00:00Z,28564.0,28564.0,False,False,False,
2023-08-07T21:00:00Z,28156.0,28156.0,False,False,False,
2023-08-07T22:00:00Z,27718.0,27718.0,False,False,False,
2023-08-07T23:00:00Z,27227.0,27227.0,False,False,False,
2023-08-08T00:00:00Z,26360.0,26360.0,False,False,False,
2023-08-08T01:00:00Z,25592.0,25592.0,False,False,False,
2023-08-08T02:00:00Z,24565.0,24565.0,False,False,False,
2023-08-08T03:00:00Z,22862.0,22862.0,False,False,False,
2023-08-08T04:00:00Z,21086.0,21086.0,False,False,False,
2023-08-08T05:00:00Z,19477.0,19477.0,False,False,False,
2023-08-08T06:00:00Z,18189.0,18189.0,False,False,False,
2023-08-08T07:00:00Z,17210.0,17210.0,False,False,False,
2023-08-08T08:00:00Z,16500.0,16500.0,False,False,False,
2023-08-08T09:00:00Z,16216.0,16216.0,False,False,False,
2023-08-08T10:00:00Z,16435.0,16435.0,False,False,False,
2023-08-08T11:00:00Z,16989.0,16989.0,False,False,False,
2023-08-08T12:00:00Z,17535.0,17535.0,False,False,False,
2023-08-08T13:00:00Z,19276.0,19276.0,False,False,False,
2023-08-08T14:00:00Z,21415.0,21415.0,False,False,False,
2023-08-08T15:00:00Z,23569.0,23569.0,False,False,False,
2023-08-08T16:00:00Z,25375.0,25375.0,False,False,False,
2023-08-08T17:00:00Z,26782.0,26782.0,False,False,False,
2023-08-08T18:00:00Z,27759.0,27759.0,False,False,False,
2023-08-08T19:00:00Z,28462.0,28462.0,False,False,False,
2023-08-08T20:00:00Z,28681.0,28681.0,False,False,False,
2023-08-08T21:00:00Z,28550.0,28550.0,False,False,False,
2023-08-08T22:00:00Z,27901.0,27901.0,False,False,False,
2023-08-08T23:00:00Z,26930.0,26930.0,False,False,False,
2023-08-09T00:00:00Z,25717.0,25717.0,False,False,False,
2023-08-09T01:00:00Z,24820.0,24820.0,False,False,False,
2023-08-09T02:00:00Z,23832.0,23832.0,False,False,False,
2023-08-09T03:00:00Z,22265.0,22265.0,False,False,False,
2023-08-09T04:00:00Z,20482.0,20482.0,False,False,False,
2023-08-09T05:00:00Z,19073.0,19073.0,False,False,False,
2023-08-09T06:00:00Z,17889.0,17889.0,False,False,False,
2023-08-09T07:00:00Z,17109.0,17109.0,False,False,False,
2023-08-09T08:00:00Z,16569.0,16569.0,False,False,False,
2023-08-09T09:00:00Z,16329.0,16329.0,False,False,False,
2023-08-09T10:00:00Z,16501.0,16501.0,False,False,False,
2023-08-09T11:00:00Z,16981.0,16981.0,False,False,False,
2023-08-09T12:00:00Z,17537.0,17537.0,False,False,False,
2023-08-09T13:00:00Z,19262.0,19262.0,False,False,False,
2023-08-09T14:00:00Z,21370.0,21370.0,False,False,False,
2023-08-09T15:00:00Z,23385.0,23385.0,False,False,False,
2023-08-09T16:00:00Z,25017.0,25017.0,False,False,False,
2023-08-09T17:00:00Z,26319.0,26319.0,False,False,False,
2023-08-09T18:00:00Z,27206.0,27206.0,False,False,False,
2023-08-09T19:00:00Z,27907.0,27907.0,False,False,False,
2023-08-09T20:00:00Z,28427.0,28427.0,False,False,False,
2023-08-09T21:00:00Z,28317.0,28317.0,False,False,False,
2023-08-09T22:00:00Z,27363.0,27363.0,False,False,False,
2023-08-09T23:00:00Z,26294.0,26294.0,False,False,False,
2023-08-10T00:00:00Z,25403.0,25403.0,False,False,False,
2023-08-10T01:00:00Z,24564.0,24564.0,False,False,False,
2023-08-10T02:00:00Z,23447.0,23447.0,False,False,False,
2023-08-10T03:00:00Z,22610.0,22610.0,False,False,False,
2023-08-10T04:00:00Z,20708.0,20708.0,False,False,False,
2023-08-10T05:00:00Z,18795.0,18795.0,False,False,False,
2023-08-10T06:00:00Z,17707.0,17707.0,False,False,False,
2023-08-10T07:00:00Z,16883.0,16883.0,False,False,False,
2023-08-10T08:00:00Z,16232.0,16232.0,False,False,False,
2023-08-10T09:00:00Z,15889.0,15889.0,False,False,False,
2023-08-10T10:00:00Z,16137.0,16137.0,False,False,False,
2023-08-10T11:00:00Z,16735.0,16735.0,False,False,False,
2023-08-10T12:00:00Z,17231.0,17231.0,False,False,False,
2023-08-10T13:00:00Z,18832.0,18832.0,False,False,False,
2023-08-10T14:00:00Z,20880.0,20880.0,False,False,False,
2023-08-10T15:00:00Z,22823.0,22823.0,False,False,False,
2023-08-10T16:00:00Z,24580.0,24580.0,False,False,False,
2023-08-10T17:00:00Z,25890.0,25890.0,False,False,False,
2023-08-10T18:00:00Z,27072.0,27072.0,False,False,False,
2023-08-10T19:00:00Z,27568.0,27568.0,False,False,False,
2023-08-10T20:00:00Z,27809.0,27809.0,False,False,False,
2023-08-10T21:00:00Z,28025.0,28025.0,False,False,False,
2023-08-10T22:00:00Z,27003.0,27003.0,False,False,False,
2023-08-10T23:00:00Z,25215.0,25215.0,False,False,False,
2023-08-11T00:00:00Z,24126.0,24126.0,False,False,False,
2023-08-11T01:00:00Z,23311.0,23311.0,False,False,False,
2023-08-11T02:00:00Z,22270.0,22270.0,False,False,False,
2023-08-11T03:00:00Z,20718.0,20718.0,False,False,False,
2023-08-11T04:00:00Z,19294.0,19294.0,False,False,False,
2023-08-11T05:00:00Z,17817.0,17817.0,False,False,False,
2023-08-11T06:00:00Z,16680.0,16680.0,False,False,False,
2023-08-11T07:00:00Z,15930.0,15930.0,False,False,False,
2023-08-11T08:00:00Z,15424.0,15424.0,False,False,False,
2023-08-11T09:00:00Z,15278.0,15278.0,False,False,False,
2023-08-11T10:00:00Z,15571.0,15571.0,False,False,False,
2023-08-11T11:00:00Z,16163.0,16163.0,False,False,False,
2023-08-11T12:00:00Z,16697.0,16697.0,False,False,False,
2023-08-11T13:00:00Z,18343.0,18343.0,False,False,False,
2023-08-11T14:00:00Z,20516.0,20516.0,False,False,False,
2023-08-11T15:00:00Z,22606.0,22606.0,False,False,False,
2023-08-11T16:00:00Z,24270.0,24270.0,False,False,False,
2023-08-11T17:00:00Z,25496.0,25496.0,False,False,False,
2023-08-11T18:00:00Z,26345.0,26345.0,False,False,False,
2023-08-11T19:00:00Z,26895.0,26895.0,False,False,False,
2023-08-11T20:00:00Z,27401.0,27401.0,False,False,False,
2023-08-11T21:00:00Z,27748.0,27748.0,False,False,False,
2023-08-11T22:00:00Z,27748.0,27748.0,False,False,False,
2023-08-11T23:00:00Z,27157.0,27157.0,False,False,False,
2023-08-12T00:00:00Z,25993.0,25993.0,False,False,False,
2023-08-12T01:00:00Z,24991.0,24991.0,False,False,False,
2023-08-12T02:00:00Z,23840.0,23840.0,False,False,False,
2023-08-12T03:00:00Z,22266.0,22266.0,False,False,False,
2023-08-12T04:00:00Z,20847.0,20847.0,False,False,False,
2023-08-12T05:00:00Z,19417.0,19417.0,False,False,False,
2023-08-12T06:00:00Z,18264.0,18264.0,False,False,False,
2023-08-12T07:00:00Z,17346.0,17346.0,False,False,False,
2023-08-12T08:00:00Z,16679.0,16679.0,False,False,False,
2023-08-12T09:00:00Z,16184.0,16184.0,False,False,False,
2023-08-12T10:00:00Z,15994.0,15994.0,False,False,False,
2023-08-12T11:00:00Z,16017.0,16017.0,False,False,False,
2023-08-12T12:00:00Z,16279.0,16279.0,False,False,False,
2023-08-12T13:00:00Z,18120.0,18120.0,False,False,False,
2023-08-12T14:00:00Z,20494.0,20494.0,False,False,False,
2023-08-12T15:00:00Z,22690.0,22690.0,False,False,False,
2023-08-12T16:00:00Z,24464.0,24464.0,False,False,False,
2023-08-12T17:00:00Z,25706.0,25706.0,False,False,False,
2023-08-12T18:00:00Z,26845.0,26845.0,False,False,False,
2023-08-12T19:00:00Z,27515.0,27515.0,False,False,False,
2023-08-12T20:00:00Z,27820.0,27820.0,False,False,False,
2023-08-12T21:00:00Z,27865.0,27865.0,False,False,False,
2023-08-12T22:00:00Z,27421.0,27421.0,False,False,False,
2023-08-12T23:00:00Z,26485.0,26485.0,False,False,False,
2023-08-13T00:00:00Z,25093.0,25093.0,False,False,False,
2023-08-13T01:00:00Z,24266.0,24266.0,False,False,False,
2023-08-13T02:00:00Z,23192.0,23192.0,False,False,False,
2023-08-13T03:00:00Z,23530.0,23530.0,False,False,False,
2023-08-13T04:00:00Z,20499.0,20499.0,False,False,False,
2023-08-13T05:00:00Z,19126.0,19126.0,False,False,False,
2023-08-13T06:00:00Z,17928.0,17928.0,False,False,False,
2023-08-13T07:00:00Z,17061.0,17061.0,False,False,False,
2023-08-13T08:00:00Z,16413.0,16413.0,False,False,False,
2023-08-13T09:00:00Z,15980.0,15980.0,False,False,False,
2023-08-13T10:00:00Z,15734.0,15734.0,False,False,False,
2023-08-13T11:00:00Z,15695.0,15695.0,False,False,False,
2023-08-13T12:00:00Z,15827.0,15827.0,False,False,False,
2023-08-13T13:00:00Z,17464.0,17464.0,False,False,False,
2023-08-13T14:00:00Z,19778.0,19778.0,False,False,False,
2023-08-13T15:00:00Z,21866.0,21866.0,False,False,False,
2023-08-13T16:00:00Z,23555.0,23555.0,False,False,False,
2023-08-13T17:00:00Z,24852.0,24852.0,False,False,False,
2023-08-13T18:00:00Z,25744.0,25744.0,False,False,False,
2023-08-13T19:00:00Z,26350.0,26350.0,False,False,False,
2023-08-13T20:00:00Z,26535.0,26535.0,False,False,False,
2023-08-13T21:00:00Z,26388.0,26388.0,False,False,False,
2023-08-13T22:00:00Z,25762.0,25762.0,False,False,False,
2023-08-13T23:00:00Z,24880.0,24880.0,False,False,False,
2023-08-14T00:00:00Z,23744.0,23744.0,False,False,False,
2023-08-14T01:00:00Z,23125.0,23125.0,False,False,False,
2023-08-14T02:00:00Z,22029.0,22029.0,False,False,False,
2023-08-14T03:00:00Z,20711.0,20711.0,False,False,False,
2023-08-14T04:00:00Z,19424.0,19424.0,False,False,False,
2023-08-14T05:00:00Z,17830.0,17830.0,False,False,False,
2023-08-14T06:00:00Z,16776.0,16776.0,False,False,False,
2023-08-14T07:00:00Z,16095.0,16095.0,False,False,False,
2023-08-14T08:00:00Z,15642.0,15642.0,False,False,False,
2023-08-14T09:00:00Z,15521.0,15521.0,False,False,False,
2023-08-14T10:00:00Z,15923.0,15923.0,False,False,False,
2023-08-14T11:00:00Z,16545.0,16545.0,False,False,False,
2023-08-14T12:00:00Z,16999.0,16999.0,False,False,False,
2023-08-14T13:00:00Z,18585.0,18585.0,False,False,False,
2023-08-14T14:00:00Z,20641.0,20641.0,False,False,False,
2023-08-14T15:00:00Z,22625.0,22625.0,False,False,False,
2023-08-14T16:00:00Z,24305.0,24305.0,False,False,False,
2023-08-14T17:00:00Z,25471.0,25471.0,False,False,False,
2023-08-14T18:00:00Z,26111.0,26111.0,False,False,False,
2023-08-14T19:00:00Z,27009.0,27009.0,False,False,False,
2023-08-14T20:00:00Z,27248.0,27248.0,False,False,False,
2023-08-14T21:00:00Z,27296.0,27296.0,False,False,False,
2023-08-14T22:00:00Z,27021.0,27021.0,False,False,False,
2023-08-14T23:00:00Z,26202.0,26202.0,False,False,False,
2023-08-15T00:00:00Z,25001.0,25001.0,False,False,False,
2023-08-15T01:00:00Z,24253.0,24253.0,False,False,False,
2023-08-15T02:00:00Z,23125.0,23125.0,False,False,False,
2023-08-15T03:00:00Z,21498.0,21498.0,False,False,False,
2023-08-15T04:00:00Z,19994.0,19994.0,False,False,False,
2023-08-15T05:00:00Z,18476.0,18476.0,False,False,False,
2023-08-15T06:00:00Z,17335.0,17335.0,False,False,False,
2023-08-15T07:00:00Z,16543.0,16543.0,False,False,False,
2023-08-15T08:00:00Z,15999.0,15999.0,False,False,False,
2023-08-15T09:00:00Z,15726.0,15726.0,False,False,False,
2023-08-15T10:00:00Z,16007.0,16007.0,False,False,False,
2023-08-15T11:00:00Z,16520.0,16520.0,False,False,False,
2023-08-15T12:00:00Z,17052.0,17052.0,False,False,False,
2023-08-15T13:00:00Z,18239.0,18239.0,False,False,False,
2023-08-15T14:00:00Z,20376.0,20376.0,False,False,False,
2023-08-15T15:00:00Z,22542.0,22542.0,False,False,False,
2023-08-15T16:00:00Z,24451.0,24451.0,False,False,False,
2023-08-15T17:00:00Z,25955.0,25955.0,False,False,False,
2023-08-15T18:00:00Z,27071.0,27071.0,False,False,False,
2023-08-15T19:00:00Z,27453.0,27453.0,False,False,False,
2023-08-15T20:00:00Z,27098.0,27098.0,False,False,False,
2023-08-15T21:00:00Z,26516.0,26516.0,False,False,False,
2023-08-15T22:00:00Z,25905.0,25905.0,False,False,False,
2023-08-15T23:00:00Z,25103.0,25103.0,False,False,False,
2023-08-16T00:00:00Z,24274.0,24274.0,False,False,False,
2023-08-16T01:00:00Z,23603.0,23603.0,False,False,False,
2023-08-16T02:00:00Z,22383.0,22383.0,False,False,False,
2023-08-16T03:00:00Z,20717.0,20717.0,False,False,False,
2023-08-16T04:00:00Z,19064.0,19064.0,False,False,False,
2023-08-16T05:00:00Z,17516.0,17516.0,False,False,False,
2023-08-16T06:00:00Z,16550.0,16550.0,False,False,False,
2023-08-16T07:00:00Z,15810.0,15810.0,False,False,False,
2023-08-16T08:00:00Z,15329.0,15329.0,False,False,False,
2023-08-16T09:00:00Z,15095.0,15095.0,False,False,False,
2023-08-16T10:00:00Z,15340.0,15340.0,False,False,False,
2023-08-16T11:00:00Z,15876.0,15876.0,False,False,False,
2023-08-16T12:00:00Z,16187.0,16187.0,False,False,False,
2023-08-16T13:00:00Z,17564.0,17564.0,False,False,False,
2023-08-16T14:00:00Z,19437.0,19437.0,False,False,False,
2023-08-16T15:00:00Z,21420.0,21420.0,False,False,False,
2023-08-16T16:00:00Z,23174.0,23174.0,False,False,False,
2023-08-16T17:00:00Z,24453.0,24453.0,False,False,False,
2023-08-16T18:00:00Z,25230.0,25230.0,False,False,False,
2023-08-16T19:00:00Z,25281.0,25281.0,False,False,False,
2023-08-16T20:00:00Z,24665.0,24665.0,False,False,False,
2023-08-16T21:00:00Z,24091.0,24091.0,False,False,False,
2023-08-16T22:00:00Z,23578.0,23578.0,False,False,False,
2023-08-16T23:00:00Z,22769.0,22769.0,False,False,False,
2023-08-17T00:00:00Z,21843.0,21843.0,False,False,False,
2023-08-17T01:00:00Z,21014.0,21014.0,False,False,False,
2023-08-17T02:00:00Z,19938.0,19938.0,False,False,False,
2023-08-17T03:00:00Z,18618.0,18618.0,False,False,False,
2023-08-17T04:00:00Z,17460.0,17460.0,False,False,False,
2023-08-17T05:00:00Z,15981.0,15981.0,False,False,False,
2023-08-17T06:00:00Z,14994.0,14994.0,False,False,False,
2023-08-17T07:00:00Z,14389.0,14389.0,False,False,False,
2023-08-17T08:00:00Z,13976.0,13976.0,False,False,False,
2023-08-17T09:00:00Z,13832.0,13832.0,False,False,False,
2023-08-17T10:00:00Z,14251.0,14251.0,False,False,False,
2023-08-17T11:00:00Z,15038.0,15038.0,False,False,False,
2023-08-17T12:00:00Z,15343.0,15343.0,False,False,False,
2023-08-17T13:00:00Z,16240.0,16240.0,False,False,False,
2023-08-17T14:00:00Z,17906.0,17906.0,False,False,False,
2023-08-17T15:00:00Z,19861.0,19861.0,False,False,False,
2023-08-17T16:00:00Z,21879.0,21879.0,False,False,False,
2023-08-17T17:00:00Z,23466.0,23466.0,False,False,False,
2023-08-17T18:00:00Z,24644.0,24644.0,False,False,False,
2023-08-17T19:00:00Z,24658.0,24658.0,False,False,False,
2023-08-17T20:00:00Z,23694.0,23694.0,False,False,False,
2023-08-17T21:00:00Z,22602.0,22602.0,False,False,False,
2023-08-17T22:00:00Z,21921.0,21921.0,False,False,False,
2023-08-17T23:00:00Z,21286.0,21286.0,False,False,False,
2023-08-18T00:00:00Z,20521.0,20521.0,False,False,False,
2023-08-18T01:00:00Z,20146.0,20146.0,False,False,False,
2023-08-18T02:00:00Z,19314.0,19314.0,False,False,False,
2023-08-18T03:00:00Z,18047.0,18047.0,False,False,False,
2023-08-18T04:00:00Z,16590.0,16590.0,False,False,False,
2023-08-18T05:00:00Z,15484.0,15484.0,False,False,False,
2023-08-18T06:00:00Z,14552.0,14552.0,False,False,False,
2023-08-18T07:00:00Z,13943.0,13943.0,False,False,False,
2023-08-18T08:00:00Z,13548.0,13548.0,False,False,False,
2023-08-18T09:00:00Z,13472.0,13472.0,False,False,False,
2023-08-18T10:00:00Z,13950.0,13950.0,False,False,False,
2023-08-18T11:00:00Z,14746.0,14746.0,False,False,False,
2023-08-18T12:00:00Z,15130.0,15130.0,False,False,False,
2023-08-18T13:00:00Z,16278.0,16278.0,False,False,False,
2023-08-18T14:00:00Z,17942.0,17942.0,False,False,False,
2023-08-18T15:00:00Z,19538.0,19538.0,False,False,False,
2023-08-18T16:00:00Z,20726.0,20726.0,False,False,False,
2023-08-18T17:00:00Z,21485.0,21485.0,False,False,False,
2023-08-18T18:00:00Z,22433.0,22433.0,False,False,False,
2023-08-18T19:00:00Z,23229.0,23229.0,False,False,False,
2023-08-18T20:00:00Z,23556.0,23556.0,False,False,False,
2023-08-18T21:00:00Z,23460.0,23460.0,False,False,False,
2023-08-18T22:00:00Z,22928.0,22928.0,False,False,False,
2023-08-18T23:00:00Z,22179.0,22179.0,False,False,False,
2023-08-19T00:00:00Z,21245.0,21245.0,False,False,False,
2023-08-19T01:00:00Z,20697.0,20697.0,False,False,False,
2023-08-19T02:00:00Z,19857.0,19857.0,False,False,False,
2023-08-19T03:00:00Z,18705.0,18705.0,False,False,False,
2023-08-19T04:00:00Z,17472.0,17472.0,False,False,False,
2023-08-19T05:00:00Z,16245.0,16245.0,False,False,False,
2023-08-19T06:00:00Z,15153.0,15153.0,False,False,False,
2023-08-19T07:00:00Z,14380.0,14380.0,False,False,False,
2023-08-19T08:00:00Z,13853.0,13853.0,False,False,False,
2023-08-19T09:00:00Z,13585.0,13585.0,False,False,False,
2023-08-19T10:00:00Z,13548.0,13548.0,False,False,False,
2023-08-19T11:00:00Z,13733.0,13733.0,False,False,False,
2023-08-19T12:00:00Z,14007.0,14007.0,False,False,False,
2023-08-19T13:00:00Z,15545.0,15545.0,False,False,False,
2023-08-19T14:00:00Z,17770.0,17770.0,False,False,False,
2023-08-19T15:00:00Z,20075.0,20075.0,False,False,False,
2023-08-19T16:00:00Z,21870.0,21870.0,False,False,False,
2023-08-19T17:00:00Z,22951.0,22951.0,False,False,False,
2023-08-19T18:00:00Z,24045.0,24045.0,False,False,False,
2023-08-19T19:00:00Z,24999.0,24999.0,False,False,False,
2023-08-19T20:00:00Z,25469.0,25469.0,False,False,False,
2023-08-19T21:00:00Z,25334.0,25334.0,False,False,False,
2023-08-19T22:00:00Z,24700.0,24700.0,False,False,False,
2023-08-19T23:00:00Z,23648.0,23648.0,False,False,False,
2023-08-20T00:00:00Z,22592.0,22592.0,False,False,False,
2023-08-20T01:00:00Z,21803.0,21803.0,False,False,False,
2023-08-20T02:00:00Z,20602.0,20602.0,False,False,False,
2023-08-20T03:00:00Z,19331.0,19331.0,False,False,False,
2023-08-20T04:00:00Z,17980.0,17980.0,False,False,False,
2023-08-20T05:00:00Z,16807.0,16807.0,False,False,False,
2023-08-20T06:00:00Z,15733.0,15733.0,False,False,False,
2023-08-20T07:00:00Z,14931.0,14931.0,False,False,False,
2023-08-20T08:00:00Z,14403.0,14403.0,False,False,False,
2023-08-20T09:00:00Z,14075.0,14075.0,False,False,False,
2023-08-20T10:00:00Z,14001.0,14001.0,False,False,False,
2023-08-20T11:00:00Z,14155.0,14155.0,False,False,False,
2023-08-20T12:00:00Z,14376.0,14376.0,False,False,False,
2023-08-20T13:00:00Z,15777.0,15777.0,False,False,False,
2023-08-20T14:00:00Z,17751.0,17751.0,False,False,False,
2023-08-20T15:00:00Z,19796.0,19796.0,False,False,False,
2023-08-20T16:00:00Z,21103.0,21103.0,False,False,False,
2023-08-20T17:00:00Z,21888.0,21888.0,False,False,False,
2023-08-20T18:00:00Z,22615.0,22615.0,False,False,False,
2023-08-20T19:00:00Z,22960.0,22960.0,False,False,False,
2023-08-20T20:00:00Z,22840.0,22840.0,False,False,False,
2023-08-20T21:00:00Z,22684.0,22684.0,False,False,False,
2023-08-20T22:00:00Z,22503.0,22503.0,False,False,False,
2023-08-20T23:00:00Z,21912.0,21912.0,False,False,False,
2023-08-21T00:00:00Z,21294.0,21294.0,False,False,False,
2023-08-21T01:00:00Z,21113.0,21113.0,False,False,False,
2023-08-21T02:00:00Z,20345.0,20345.0,False,False,False,
2023-08-21T03:00:00Z,19162.0,19162.0,False,False,False,
2023-08-21T04:00:00Z,17892.0,17892.0,False,False,False,
2023-08-21T05:00:00Z,,,True,True,False,missing_or_nonpositive
2023-08-21T06:00:00Z,,,True,True,False,missing_or_nonpositive
2023-08-21T07:00:00Z,,,True,True,False,missing_or_nonpositive
2023-08-21T08:00:00Z,,,True,True,False,missing_or_nonpositive
2023-08-21T09:00:00Z,,,True,True,False,missing_or_nonpositive
2023-08-21T10:00:00Z,,,True,True,False,missing_or_nonpositive
2023-08-21T11:00:00Z,,,True,True,False,missing_or_nonpositive
2023-08-21T12:00:00Z,,,True,True,False,missing_or_nonpositive
2023-08-21T13:00:00Z,,,True,True,False,missing_or_nonpositive
2023-08-21T14:00:00Z,,,True,True,False,missing_or_nonpositive
2023-08-21T15:00:00Z,,,True,True,False,missing_or_nonpositive
2023-08-21T16:00:00Z,,,True,True,False,missing_or_nonpositive
2023-08-21T17:00:00Z,,,True,True,False,missing_or_nonpositive
2023-08-21T18:00:00Z,,,True,True,False,missing_or_nonpositive
2023-08-21T19:00:00Z,,,True,True,False,missing_or_nonpositive
2023-08-21T20:00:00Z,,,True,True,False,missing_or_nonpositive
2023-08-21T21:00:00Z,,,True,True,False,missing_or_nonpositive
2023-08-21T22:00:00Z,,,True,True,False,missing_or_nonpositive
2023-08-21T23:00:00Z,,,True,True,False,missing_or_nonpositive
2023-08-22T00:00:00Z,,,True,True,False,missing_or_nonpositive
2023-08-22T01:00:00Z,,,True,True,False,missing_or_nonpositive
2023-08-22T02:00:00Z,,,True,True,False,missing_or_nonpositive
2023-08-22T03:00:00Z,,,True,True,False,missing_or_nonpositive
2023-08-22T04:00:00Z,,,True,True,False,missing_or_nonpositive
2023-08-22T05:00:00Z,17628.0,17628.0,False,False,False,
2023-08-22T06:00:00Z,16480.0,16480.0,False,False,False,
2023-08-22T07:00:00Z,15739.0,15739.0,False,False,False,
2023-08-22T08:00:00Z,15223.0,15223.0,False,False,False,
2023-08-22T09:00:00Z,15037.0,15037.0,False,False,False,
2023-08-22T10:00:00Z,15096.0,15096.0,False,False,False,
2023-08-22T11:00:00Z,16105.0,16105.0,False,False,False,
2023-08-22T12:00:00Z,16318.0,16318.0,False,False,False,
2023-08-22T13:00:00Z,17541.0,17541.0,False,False,False,
2023-08-22T14:00:00Z,19390.0,19390.0,False,False,False,
2023-08-22T15:00:00Z,21170.0,21170.0,False,False,False,
2023-08-22T16:00:00Z,22797.0,22797.0,False,False,False,
2023-08-22T17:00:00Z,24136.0,24136.0,False,False,False,
2023-08-22T18:00:00Z,25206.0,25206.0,False,False,False,
2023-08-22T19:00:00Z,25953.0,25953.0,False,False,False,
2023-08-22T20:00:00Z,26548.0,26548.0,False,False,False,
2023-08-22T21:00:00Z,26949.0,26949.0,False,False,False,
2023-08-22T22:00:00Z,26830.0,26830.0,False,False,False,
2023-08-22T23:00:00Z,26287.0,26287.0,False,False,False,
2023-08-23T00:00:00Z,25083.0,25083.0,False,False,False,
2023-08-23T01:00:00Z,24301.0,24301.0,False,False,False,
2023-08-23T02:00:00Z,22919.0,22919.0,False,False,False,
2023-08-23T03:00:00Z,21019.0,21019.0,False,False,False,
2023-08-23T04:00:00Z,19261.0,19261.0,False,False,False,
2023-08-23T05:00:00Z,17693.0,17693.0,False,False,False,
2023-08-23T06:00:00Z,16486.0,16486.0,False,False,False,
2023-08-23T07:00:00Z,15601.0,15601.0,False,False,False,
2023-08-23T08:00:00Z,15025.0,15025.0,False,False,False,
2023-08-23T09:00:00Z,14813.0,14813.0,False,False,False,
2023-08-23T10:00:00Z,15121.0,15121.0,False,False,False,
2023-08-23T11:00:00Z,15834.0,15834.0,False,False,False,
2023-08-23T12:00:00Z,16121.0,16121.0,False,False,False,
2023-08-23T13:00:00Z,17303.0,17303.0,False,False,False,
2023-08-23T14:00:00Z,19127.0,19127.0,False,False,False,
2023-08-23T15:00:00Z,21124.0,21124.0,False,False,False,
2023-08-23T16:00:00Z,22861.0,22861.0,False,False,False,
2023-08-23T17:00:00Z,24305.0,24305.0,False,False,False,
2023-08-23T18:00:00Z,25486.0,25486.0,False,False,False,
2023-08-23T19:00:00Z,26254.0,26254.0,False,False,False,
2023-08-23T20:00:00Z,26676.0,26676.0,False,False,False,
2023-08-23T21:00:00Z,27037.0,27037.0,False,False,False,
2023-08-23T22:00:00Z,27020.0,27020.0,False,False,False,
2023-08-23T23:00:00Z,26522.0,26522.0,False,False,False,
2023-08-24T00:00:00Z,25368.0,25368.0,False,False,False,
2023-08-24T01:00:00Z,24605.0,24605.0,False,False,False,
2023-08-24T02:00:00Z,23259.0,23259.0,False,False,False,
2023-08-24T03:00:00Z,21532.0,21532.0,False,False,False,
2023-08-24T04:00:00Z,19923.0,19923.0,False,False,False,
2023-08-24T05:00:00Z,18201.0,18201.0,False,False,False,
2023-08-24T06:00:00Z,16942.0,16942.0,False,False,False,
2023-08-24T07:00:00Z,16101.0,16101.0,False,False,False,
2023-08-24T08:00:00Z,15448.0,15448.0,False,False,False,
2023-08-24T09:00:00Z,15133.0,15133.0,False,False,False,
2023-08-24T10:00:00Z,15474.0,15474.0,False,False,False,
2023-08-24T11:00:00Z,16203.0,16203.0,False,False,False,
2023-08-24T12:00:00Z,16500.0,16500.0,False,False,False,
2023-08-24T13:00:00Z,17680.0,17680.0,False,False,False,
2023-08-24T14:00:00Z,19490.0,19490.0,False,False,False,
2023-08-24T15:00:00Z,21327.0,21327.0,False,False,False,
2023-08-24T16:00:00Z,22978.0,22978.0,False,False,False,
2023-08-24T17:00:00Z,24264.0,24264.0,False,False,False,
2023-08-24T18:00:00Z,25185.0,25185.0,False,False,False,
2023-08-24T19:00:00Z,25571.0,25571.0,False,False,False,
2023-08-24T20:00:00Z,25528.0,25528.0,False,False,False,
2023-08-24T21:00:00Z,25329.0,25329.0,False,False,False,
2023-08-24T22:00:00Z,24718.0,24718.0,False,False,False,
2023-08-24T23:00:00Z,23917.0,23917.0,False,False,False,
2023-08-25T00:00:00Z,22927.0,22927.0,False,False,False,
2023-08-25T01:00:00Z,22401.0,22401.0,False,False,False,
2023-08-25T02:00:00Z,21333.0,21333.0,False,False,False,
2023-08-25T03:00:00Z,19730.0,19730.0,False,False,False,
2023-08-25T04:00:00Z,18184.0,18184.0,False,False,False,
2023-08-25T05:00:00Z,16593.0,16593.0,False,False,False,
2023-08-25T06:00:00Z,15383.0,15383.0,False,False,False,
2023-08-25T07:00:00Z,14540.0,14540.0,False,False,False,
2023-08-25T08:00:00Z,13951.0,13951.0,False,False,False,
2023-08-25T09:00:00Z,13753.0,13753.0,False,False,False,
2023-08-25T10:00:00Z,14086.0,14086.0,False,False,False,
2023-08-25T11:00:00Z,14871.0,14871.0,False,False,False,
2023-08-25T12:00:00Z,15264.0,15264.0,False,False,False,
2023-08-25T13:00:00Z,16494.0,16494.0,False,False,False,
2023-08-25T14:00:00Z,18403.0,18403.0,False,False,False,
2023-08-25T15:00:00Z,20326.0,20326.0,False,False,False,
2023-08-25T16:00:00Z,21962.0,21962.0,False,False,False,
2023-08-25T17:00:00Z,23358.0,23358.0,False,False,False,
2023-08-25T18:00:00Z,24601.0,24601.0,False,False,False,
2023-08-25T19:00:00Z,25568.0,25568.0,False,False,False,
2023-08-25T20:00:00Z,26285.0,26285.0,False,False,False,
2023-08-25T21:00:00Z,26790.0,26790.0,False,False,False,
2023-08-25T22:00:00Z,26748.0,26748.0,False,False,False,
2023-08-25T23:00:00Z,25996.0,25996.0,False,False,False,
2023-08-26T00:00:00Z,24644.0,24644.0,False,False,False,
2023-08-26T01:00:00Z,23669.0,23669.0,False,False,False,
2023-08-26T02:00:00Z,22353.0,22353.0,False,False,False,
2023-08-26T03:00:00Z,20848.0,20848.0,False,False,False,
2023-08-26T04:00:00Z,19260.0,19260.0,False,False,False,
2023-08-26T05:00:00Z,17757.0,17757.0,False,False,False,
2023-08-26T06:00:00Z,16422.0,16422.0,False,False,False,
2023-08-26T07:00:00Z,15416.0,15416.0,False,False,False,
2023-08-26T08:00:00Z,14631.0,14631.0,False,False,False,
2023-08-26T09:00:00Z,14144.0,14144.0,False,False,False,
2023-08-26T10:00:00Z,13935.0,13935.0,False,False,False,
2023-08-26T11:00:00Z,13968.0,13968.0,False,False,False,
2023-08-26T12:00:00Z,14243.0,14243.0,False,False,False,
2023-08-26T13:00:00Z,15920.0,15920.0,False,False,False,
2023-08-26T14:00:00Z,18161.0,18161.0,False,False,False,
2023-08-26T15:00:00Z,20336.0,20336.0,False,False,False,
2023-08-26T16:00:00Z,22193.0,22193.0,False,False,False,
2023-08-26T17:00:00Z,23794.0,23794.0,False,False,False,
2023-08-26T18:00:00Z,24898.0,24898.0,False,False,False,
2023-08-26T19:00:00Z,25671.0,25671.0,False,False,False,
2023-08-26T20:00:00Z,26091.0,26091.0,False,False,False,
2023-08-26T21:00:00Z,26352.0,26352.0,False,False,False,
2023-08-26T22:00:00Z,26251.0,26251.0,False,False,False,
2023-08-26T23:00:00Z,25643.0,25643.0,False,False,False,
2023-08-27T00:00:00Z,24342.0,24342.0,False,False,False,
2023-08-27T01:00:00Z,23497.0,23497.0,False,False,False,
2023-08-27T02:00:00Z,22246.0,22246.0,False,False,False,
2023-08-27T03:00:00Z,20875.0,20875.0,False,False,False,
2023-08-27T04:00:00Z,19399.0,19399.0,False,False,False,
2023-08-27T05:00:00Z,17829.0,17829.0,False,False,False,
2023-08-27T06:00:00Z,16565.0,16565.0,False,False,False,
2023-08-27T07:00:00Z,15605.0,15605.0,False,False,False,
2023-08-27T08:00:00Z,14908.0,14908.0,False,False,False,
2023-08-27T09:00:00Z,14481.0,14481.0,False,False,False,
2023-08-27T10:00:00Z,14274.0,14274.0,False,False,False,
2023-08-27T11:00:00Z,14250.0,14250.0,False,False,False,
2023-08-27T12:00:00Z,14456.0,14456.0,False,False,False,
2023-08-27T13:00:00Z,16206.0,16206.0,False,False,False,
2023-08-27T14:00:00Z,18486.0,18486.0,False,False,False,
2023-08-27T15:00:00Z,20629.0,20629.0,False,False,False,
2023-08-27T16:00:00Z,22515.0,22515.0,False,False,False,
2023-08-27T17:00:00Z,23946.0,23946.0,False,False,False,
2023-08-27T18:00:00Z,25010.0,25010.0,False,False,False,
2023-08-27T19:00:00Z,25540.0,25540.0,False,False,False,
2023-08-27T20:00:00Z,25933.0,25933.0,False,False,False,
2023-08-27T21:00:00Z,25930.0,25930.0,False,False,False,
2023-08-27T22:00:00Z,25474.0,25474.0,False,False,False,
2023-08-27T23:00:00Z,24546.0,24546.0,False,False,False,
2023-08-28T00:00:00Z,23507.0,23507.0,False,False,False,
2023-08-28T01:00:00Z,23053.0,23053.0,False,False,False,
2023-08-28T02:00:00Z,21903.0,21903.0,False,False,False,
2023-08-28T03:00:00Z,20446.0,20446.0,False,False,False,
2023-08-28T04:00:00Z,18797.0,18797.0,False,False,False,
2023-08-28T05:00:00Z,17366.0,17366.0,False,False,False,
2023-08-28T06:00:00Z,16302.0,16302.0,False,False,False,
2023-08-28T07:00:00Z,15598.0,15598.0,False,False,False,
2023-08-28T08:00:00Z,15163.0,15163.0,False,False,False,
2023-08-28T09:00:00Z,15057.0,15057.0,False,False,False,
2023-08-28T10:00:00Z,15506.0,15506.0,False,False,False,
2023-08-28T11:00:00Z,16251.0,16251.0,False,False,False,
2023-08-28T12:00:00Z,16624.0,16624.0,False,False,False,
2023-08-28T13:00:00Z,17929.0,17929.0,False,False,False,
2023-08-28T14:00:00Z,19742.0,19742.0,False,False,False,
2023-08-28T15:00:00Z,21577.0,21577.0,False,False,False,
2023-08-28T16:00:00Z,22823.0,22823.0,False,False,False,
2023-08-28T17:00:00Z,23682.0,23682.0,False,False,False,
2023-08-28T18:00:00Z,24329.0,24329.0,False,False,False,
2023-08-28T19:00:00Z,24451.0,24451.0,False,False,False,
2023-08-28T20:00:00Z,24489.0,24489.0,False,False,False,
2023-08-28T21:00:00Z,24550.0,24550.0,False,False,False,
2023-08-28T22:00:00Z,24473.0,24473.0,False,False,False,
2023-08-28T23:00:00Z,24122.0,24122.0,False,False,False,
2023-08-29T00:00:00Z,23325.0,23325.0,False,False,False,
2023-08-29T01:00:00Z,22846.0,22846.0,False,False,False,
2023-08-29T02:00:00Z,21621.0,21621.0,False,False,False,
2023-08-29T03:00:00Z,20161.0,20161.0,False,False,False,
2023-08-29T04:00:00Z,18574.0,18574.0,False,False,False,
2023-08-29T05:00:00Z,17094.0,17094.0,False,False,False,
2023-08-29T06:00:00Z,16033.0,16033.0,False,False,False,
2023-08-29T07:00:00Z,15266.0,15266.0,False,False,False,
2023-08-29T08:00:00Z,14824.0,14824.0,False,False,False,
2023-08-29T09:00:00Z,14727.0,14727.0,False,False,False,
2023-08-29T10:00:00Z,15261.0,15261.0,False,False,False,
2023-08-29T11:00:00Z,16153.0,16153.0,False,False,False,
2023-08-29T12:00:00Z,16667.0,16667.0,False,False,False,
2023-08-29T13:00:00Z,18069.0,18069.0,False,False,False,
2023-08-29T14:00:00Z,19849.0,19849.0,False,False,False,
2023-08-29T15:00:00Z,21474.0,21474.0,False,False,False,
2023-08-29T16:00:00Z,22914.0,22914.0,False,False,False,
2023-08-29T17:00:00Z,23928.0,23928.0,False,False,False,
2023-08-29T18:00:00Z,24398.0,24398.0,False,False,False,
2023-08-29T19:00:00Z,24564.0,24564.0,False,False,False,
2023-08-29T20:00:00Z,24547.0,24547.0,False,False,False,
2023-08-29T21:00:00Z,24125.0,24125.0,False,False,False,
2023-08-29T22:00:00Z,23067.0,23067.0,False,False,False,
2023-08-29T23:00:00Z,21793.0,21793.0,False,False,False,
2023-08-30T00:00:00Z,20986.0,20986.0,False,False,False,
2023-08-30T01:00:00Z,20659.0,20659.0,False,False,False,
2023-08-30T02:00:00Z,19718.0,19718.0,False,False,False,
2023-08-30T03:00:00Z,18668.0,18668.0,False,False,False,
2023-08-30T04:00:00Z,17776.0,17776.0,False,False,False,
2023-08-30T05:00:00Z,16627.0,16627.0,False,False,False,
2023-08-30T06:00:00Z,15975.0,15975.0,False,False,False,
2023-08-30T07:00:00Z,15590.0,15590.0,False,False,False,
2023-08-30T08:00:00Z,15393.0,15393.0,False,False,False,
2023-08-30T09:00:00Z,15432.0,15432.0,False,False,False,
2023-08-30T10:00:00Z,15930.0,15930.0,False,False,False,
2023-08-30T11:00:00Z,16614.0,16614.0,False,False,False,
2023-08-30T12:00:00Z,17032.0,17032.0,False,False,False,
2023-08-30T13:00:00Z,18172.0,18172.0,False,False,False,
2023-08-30T14:00:00Z,19731.0,19731.0,False,False,False,
2023-08-30T15:00:00Z,21220.0,21220.0,False,False,False,
2023-08-30T16:00:00Z,22476.0,22476.0,False,False,False,
2023-08-30T17:00:00Z,23130.0,23130.0,False,False,False,
2023-08-30T18:00:00Z,23501.0,23501.0,False,False,False,
2023-08-30T19:00:00Z,24171.0,24171.0,False,False,False,
2023-08-30T20:00:00Z,24475.0,24475.0,False,False,False,
2023-08-30T21:00:00Z,24716.0,24716.0,False,False,False,
2023-08-30T22:00:00Z,24809.0,24809.0,False,False,False,
2023-08-30T23:00:00Z,24329.0,24329.0,False,False,False,
2023-08-31T00:00:00Z,23414.0,23414.0,False,False,False,
2023-08-31T01:00:00Z,22993.0,22993.0,False,False,False,
2023-08-31T02:00:00Z,21818.0,21818.0,False,False,False,
2023-08-31T03:00:00Z,20237.0,20237.0,False,False,False,
2023-08-31T04:00:00Z,18735.0,18735.0,False,False,False,
2023-08-31T05:00:00Z,17423.0,17423.0,False,False,False,
2023-08-31T06:00:00Z,16468.0,16468.0,False,False,False,
2023-08-31T07:00:00Z,15839.0,15839.0,False,False,False,
2023-08-31T08:00:00Z,15403.0,15403.0,False,False,False,
2023-08-31T09:00:00Z,15215.0,15215.0,False,False,False,
2023-08-31T10:00:00Z,15565.0,15565.0,False,False,False,
2023-08-31T11:00:00Z,16269.0,16269.0,False,False,False,
2023-08-31T12:00:00Z,16537.0,16537.0,False,False,False,
2023-08-31T13:00:00Z,17526.0,17526.0,False,False,False,
2023-08-31T14:00:00Z,19339.0,19339.0,False,False,False,
2023-08-31T15:00:00Z,21402.0,21402.0,False,False,False,
2023-08-31T16:00:00Z,23167.0,23167.0,False,False,False,
2023-08-31T17:00:00Z,24591.0,24591.0,False,False,False,
2023-08-31T18:00:00Z,25549.0,25549.0,False,False,False,
2023-08-31T19:00:00Z,26060.0,26060.0,False,False,False,
2023-08-31T20:00:00Z,26083.0,26083.0,False,False,False,
2023-08-31T21:00:00Z,25720.0,25720.0,False,False,False,
2023-08-31T22:00:00Z,24784.0,24784.0,False,False,False,
2023-08-31T23:00:00Z,23420.0,23420.0,False,False,False,
2023-09-01T00:00:00Z,22602.0,22602.0,False,False,False,
2023-09-01T01:00:00Z,21934.0,21934.0,False,False,False,
2023-09-01T02:00:00Z,20796.0,20796.0,False,False,False,
2023-09-01T03:00:00Z,19475.0,19475.0,False,False,False,
2023-09-01T04:00:00Z,17492.0,17492.0,False,False,False,
2023-09-01T05:00:00Z,16530.0,16530.0,False,False,False,
2023-09-01T06:00:00Z,15527.0,15527.0,False,False,False,
2023-09-01T07:00:00Z,14810.0,14810.0,False,False,False,
2023-09-01T08:00:00Z,14361.0,14361.0,False,False,False,
2023-09-01T09:00:00Z,14243.0,14243.0,False,False,False,
2023-09-01T10:00:00Z,14701.0,14701.0,False,False,False,
2023-09-01T11:00:00Z,15457.0,15457.0,False,False,False,
2023-09-01T12:00:00Z,15797.0,15797.0,False,False,False,
2023-09-01T13:00:00Z,17081.0,17081.0,False,False,False,
2023-09-01T14:00:00Z,19071.0,19071.0,False,False,False,
2023-09-01T15:00:00Z,21009.0,21009.0,False,False,False,
2023-09-01T16:00:00Z,22722.0,22722.0,False,False,False,
2023-09-01T17:00:00Z,24090.0,24090.0,False,False,False,
2023-09-01T18:00:00Z,25060.0,25060.0,False,False,False,
2023-09-01T19:00:00Z,25504.0,25504.0,False,False,False,
2023-09-01T20:00:00Z,25499.0,25499.0,False,False,False,
2023-09-01T21:00:00Z,25396.0,25396.0,False,False,False,
2023-09-01T22:00:00Z,25154.0,25154.0,False,False,False,
2023-09-01T23:00:00Z,24422.0,24422.0,False,False,False,
2023-09-02T00:00:00Z,23304.0,23304.0,False,False,False,
2023-09-02T01:00:00Z,22557.0,22557.0,False,False,False,
2023-09-02T02:00:00Z,21728.0,21728.0,False,False,False,
2023-09-02T03:00:00Z,20346.0,20346.0,False,False,False,
2023-09-02T04:00:00Z,17749.0,17749.0,False,False,False,
2023-09-02T05:00:00Z,16518.0,16518.0,False,False,False,
2023-09-02T06:00:00Z,15344.0,15344.0,False,False,False,
2023-09-02T07:00:00Z,14480.0,14480.0,False,False,False,
2023-09-02T08:00:00Z,13909.0,13909.0,False,False,False,
2023-09-02T09:00:00Z,13590.0,13590.0,False,False,False,
2023-09-02T10:00:00Z,13532.0,13532.0,False,False,False,
2023-09-02T11:00:00Z,13695.0,13695.0,False,False,False,
2023-09-02T12:00:00Z,14002.0,14002.0,False,False,False,
2023-09-02T13:00:00Z,15471.0,15471.0,False,False,False,
2023-09-02T14:00:00Z,17416.0,17416.0,False,False,False,
2023-09-02T15:00:00Z,19028.0,19028.0,False,False,False,
2023-09-02T16:00:00Z,20011.0,20011.0,False,False,False,
2023-09-02T17:00:00Z,20864.0,20864.0,False,False,False,
2023-09-02T18:00:00Z,21675.0,21675.0,False,False,False,
2023-09-02T19:00:00Z,22459.0,22459.0,False,False,False,
2023-09-02T20:00:00Z,22882.0,22882.0,False,False,False,
2023-09-02T21:00:00Z,23089.0,23089.0,False,False,False,
2023-09-02T22:00:00Z,23028.0,23028.0,False,False,False,
2023-09-02T23:00:00Z,22395.0,22395.0,False,False,False,
2023-09-03T00:00:00Z,21240.0,21240.0,False,False,False,
2023-09-03T01:00:00Z,20602.0,20602.0,False,False,False,
2023-09-03T02:00:00Z,19527.0,19527.0,False,False,False,
2023-09-03T03:00:00Z,18381.0,18381.0,False,False,False,
2023-09-03T04:00:00Z,17077.0,17077.0,False,False,False,
2023-09-03T05:00:00Z,15730.0,15730.0,False,False,False,
2023-09-03T06:00:00Z,14679.0,14679.0,False,False,False,
2023-09-03T07:00:00Z,13892.0,13892.0,False,False,False,
2023-09-03T08:00:00Z,13289.0,13289.0,False,False,False,
2023-09-03T09:00:00Z,12903.0,12903.0,False,False,False,
2023-09-03T10:00:00Z,12726.0,12726.0,False,False,False,
2023-09-03T11:00:00Z,12741.0,12741.0,False,False,False,
2023-09-03T12:00:00Z,12986.0,12986.0,False,False,False,
2023-09-03T13:00:00Z,14644.0,14644.0,False,False,False,
2023-09-03T14:00:00Z,16679.0,16679.0,False,False,False,
2023-09-03T15:00:00Z,18430.0,18430.0,False,False,False,
2023-09-03T16:00:00Z,19815.0,19815.0,False,False,False,
2023-09-03T17:00:00Z,20974.0,20974.0,False,False,False,
2023-09-03T18:00:00Z,21895.0,21895.0,False,False,False,
2023-09-03T19:00:00Z,22634.0,22634.0,False,False,False,
2023-09-03T20:00:00Z,23134.0,23134.0,False,False,False,
2023-09-03T21:00:00Z,23286.0,23286.0,False,False,False,
2023-09-03T22:00:00Z,23093.0,23093.0,False,False,False,
2023-09-03T23:00:00Z,22440.0,22440.0,False,False,False,
2023-09-04T00:00:00Z,21297.0,21297.0,False,False,False,
2023-09-04T01:00:00Z,20707.0,20707.0,False,False,False,
2023-09-04T02:00:00Z,19644.0,19644.0,False,False,False,
2023-09-04T03:00:00Z,18440.0,18440.0,False,False,False,
2023-09-04T04:00:00Z,17184.0,17184.0,False,False,False,
2023-09-04T05:00:00Z,15956.0,15956.0,False,False,False,
2023-09-04T06:00:00Z,14876.0,14876.0,False,False,False,
2023-09-04T07:00:00Z,14111.0,14111.0,False,False,False,
2023-09-04T08:00:00Z,13603.0,13603.0,False,False,False,
2023-09-04T09:00:00Z,13344.0,13344.0,False,False,False,
2023-09-04T10:00:00Z,13363.0,13363.0,False,False,False,
2023-09-04T11:00:00Z,13481.0,13481.0,False,False,False,
2023-09-04T12:00:00Z,13614.0,13614.0,False,False,False,
2023-09-04T13:00:00Z,15087.0,15087.0,False,False,False,
2023-09-04T14:00:00Z,17160.0,17160.0,False,False,False,
2023-09-04T15:00:00Z,19096.0,19096.0,False,False,False,
2023-09-04T16:00:00Z,20726.0,20726.0,False,False,False,
2023-09-04T17:00:00Z,22049.0,22049.0,False,False,False,
2023-09-04T18:00:00Z,23002.0,23002.0,False,False,False,
2023-09-04T19:00:00Z,23667.0,23667.0,False,False,False,
2023-09-04T20:00:00Z,24169.0,24169.0,False,False,False,
2023-09-04T21:00:00Z,24492.0,24492.0,False,False,False,
2023-09-04T22:00:00Z,24478.0,24478.0,False,False,False,
2023-09-04T23:00:00Z,23849.0,23849.0,False,False,False,
2023-09-05T00:00:00Z,22724.0,22724.0,False,False,False,
2023-09-05T01:00:00Z,22089.0,22089.0,False,False,False,
2023-09-05T02:00:00Z,20744.0,20744.0,False,False,False,
2023-09-05T03:00:00Z,19159.0,19159.0,False,False,False,
2023-09-05T04:00:00Z,17478.0,17478.0,False,False,False,
2023-09-05T05:00:00Z,16018.0,16018.0,False,False,False,
2023-09-05T06:00:00Z,14853.0,14853.0,False,False,False,
2023-09-05T07:00:00Z,14064.0,14064.0,False,False,False,
2023-09-05T08:00:00Z,13554.0,13554.0,False,False,False,
2023-09-05T09:00:00Z,13350.0,13350.0,False,False,False,
2023-09-05T10:00:00Z,13748.0,13748.0,False,False,False,
2023-09-05T11:00:00Z,14586.0,14586.0,False,False,False,
2023-09-05T12:00:00Z,14870.0,14870.0,False,False,False,
2023-09-05T13:00:00Z,16089.0,16089.0,False,False,False,
2023-09-05T14:00:00Z,17867.0,17867.0,False,False,False,
2023-09-05T15:00:00Z,19695.0,19695.0,False,False,False,
2023-09-05T16:00:00Z,21340.0,21340.0,False,False,False,
2023-09-05T17:00:00Z,22766.0,22766.0,False,False,False,
2023-09-05T18:00:00Z,23996.0,23996.0,False,False,False,
2023-09-05T19:00:00Z,24851.0,24851.0,False,False,False,
2023-09-05T20:00:00Z,25366.0,25366.0,False,False,False,
2023-09-05T21:00:00Z,25579.0,25579.0,False,False,False,
2023-09-05T22:00:00Z,25401.0,25401.0,False,False,False,
2023-09-05T23:00:00Z,24710.0,24710.0,False,False,False,
2023-09-06T00:00:00Z,23762.0,23762.0,False,False,False,
2023-09-06T01:00:00Z,22899.0,22899.0,False,False,False,
2023-09-06T02:00:00Z,21567.0,21567.0,False,False,False,
2023-09-06T03:00:00Z,19716.0,19716.0,False,False,False,
2023-09-06T04:00:00Z,18084.0,18084.0,False,False,False,
2023-09-06T05:00:00Z,16433.0,16433.0,False,False,False,
2023-09-06T06:00:00Z,15297.0,15297.0,False,False,False,
2023-09-06T07:00:00Z,14406.0,14406.0,False,False,False,
2023-09-06T08:00:00Z,13811.0,13811.0,False,False,False,
2023-09-06T09:00:00Z,13562.0,13562.0,False,False,False,
2023-09-06T10:00:00Z,13863.0,13863.0,False,False,False,
2023-09-06T11:00:00Z,14550.0,14550.0,False,False,False,
2023-09-06T12:00:00Z,14775.0,14775.0,False,False,False,
2023-09-06T13:00:00Z,15997.0,15997.0,False,False,False,
2023-09-06T14:00:00Z,17754.0,17754.0,False,False,False,
2023-09-06T15:00:00Z,19484.0,19484.0,False,False,False,
2023-09-06T16:00:00Z,21198.0,21198.0,False,False,False,
2023-09-06T17:00:00Z,22707.0,22707.0,False,False,False,
2023-09-06T18:00:00Z,24007.0,24007.0,False,False,False,
2023-09-06T19:00:00Z,24911.0,24911.0,False,False,False,
2023-09-06T20:00:00Z,25470.0,25470.0,False,False,False,
2023-09-06T21:00:00Z,25821.0,25821.0,False,False,False,
2023-09-06T22:00:00Z,25779.0,25779.0,False,False,False,
2023-09-06T23:00:00Z,24965.0,24965.0,False,False,False,
2023-09-07T00:00:00Z,23720.0,23720.0,False,False,False,
2023-09-07T01:00:00Z,22887.0,22887.0,False,False,False,
2023-09-07T02:00:00Z,21280.0,21280.0,False,False,False,
2023-09-07T03:00:00Z,19480.0,19480.0,False,False,False,
2023-09-07T04:00:00Z,17681.0,17681.0,False,False,False,
2023-09-07T05:00:00Z,16286.0,16286.0,False,False,False,
2023-09-07T06:00:00Z,15147.0,15147.0,False,False,False,
2023-09-07T07:00:00Z,14355.0,14355.0,False,False,False,
2023-09-07T08:00:00Z,13831.0,13831.0,False,False,False,
2023-09-07T09:00:00Z,13618.0,13618.0,False,False,False,
2023-09-07T10:00:00Z,14007.0,14007.0,False,False,False,
2023-09-07T11:00:00Z,14775.0,14775.0,False,False,False,
2023-09-07T12:00:00Z,14996.0,14996.0,False,False,False,
2023-09-07T13:00:00Z,15976.0,15976.0,False,False,False,
2023-09-07T14:00:00Z,17527.0,17527.0,False,False,False,
2023-09-07T15:00:00Z,19410.0,19410.0,False,False,False,
2023-09-07T16:00:00Z,21453.0,21453.0,False,False,False,
2023-09-07T17:00:00Z,23144.0,23144.0,False,False,False,
2023-09-07T18:00:00Z,24495.0,24495.0,False,False,False,
2023-09-07T19:00:00Z,25317.0,25317.0,False,False,False,
2023-09-07T20:00:00Z,25777.0,25777.0,False,False,False,
2023-09-07T21:00:00Z,26005.0,26005.0,False,False,False,
2023-09-07T22:00:00Z,25881.0,25881.0,False,False,False,
2023-09-07T23:00:00Z,25105.0,25105.0,False,False,False,
2023-09-08T00:00:00Z,23779.0,23779.0,False,False,False,
2023-09-08T01:00:00Z,23024.0,23024.0,False,False,False,
2023-09-08T02:00:00Z,21600.0,21600.0,False,False,False,
2023-09-08T03:00:00Z,19933.0,19933.0,False,False,False,
2023-09-08T04:00:00Z,18047.0,18047.0,False,False,False,
2023-09-08T05:00:00Z,16560.0,16560.0,False,False,False,
2023-09-08T06:00:00Z,15346.0,15346.0,False,False,False,
2023-09-08T07:00:00Z,14496.0,14496.0,False,False,False,
2023-09-08T08:00:00Z,13938.0,13938.0,False,False,False,
2023-09-08T09:00:00Z,13725.0,13725.0,False,False,False,
2023-09-08T10:00:00Z,14066.0,14066.0,False,False,False,
2023-09-08T11:00:00Z,14778.0,14778.0,False,False,False,
2023-09-08T12:00:00Z,15105.0,15105.0,False,False,False,
2023-09-08T13:00:00Z,16265.0,16265.0,False,False,False,
2023-09-08T14:00:00Z,17836.0,17836.0,False,False,False,
2023-09-08T15:00:00Z,19504.0,19504.0,False,False,False,
2023-09-08T16:00:00Z,20957.0,20957.0,False,False,False,
2023-09-08T17:00:00Z,21970.0,21970.0,False,False,False,
2023-09-08T18:00:00Z,22928.0,22928.0,False,False,False,
2023-09-08T19:00:00Z,23439.0,23439.0,False,False,False,
2023-09-08T20:00:00Z,23459.0,23459.0,False,False,False,
2023-09-08T21:00:00Z,23488.0,23488.0,False,False,False,
2023-09-08T22:00:00Z,23137.0,23137.0,False,False,False,
2023-09-08T23:00:00Z,22133.0,22133.0,False,False,False,
2023-09-09T00:00:00Z,20914.0,20914.0,False,False,False,
2023-09-09T01:00:00Z,20068.0,20068.0,False,False,False,
2023-09-09T02:00:00Z,18718.0,18718.0,False,False,False,
2023-09-09T03:00:00Z,17522.0,17522.0,False,False,False,
2023-09-09T04:00:00Z,16482.0,16482.0,False,False,False,
2023-09-09T05:00:00Z,14982.0,14982.0,False,False,False,
2023-09-09T06:00:00Z,13985.0,13985.0,False,False,False,
2023-09-09T07:00:00Z,13241.0,13241.0,False,False,False,
2023-09-09T08:00:00Z,12729.0,12729.0,False,False,False,
2023-09-09T09:00:00Z,12482.0,12482.0,False,False,False,
2023-09-09T10:00:00Z,12434.0,12434.0,False,False,False,
2023-09-09T11:00:00Z,12632.0,12632.0,False,False,False,
2023-09-09T12:00:00Z,12893.0,12893.0,False,False,False,
2023-09-09T13:00:00Z,14402.0,14402.0,False,False,False,
2023-09-09T14:00:00Z,16540.0,16540.0,False,False,False,
2023-09-09T15:00:00Z,18438.0,18438.0,False,False,False,
2023-09-09T16:00:00Z,20120.0,20120.0,False,False,False,
2023-09-09T17:00:00Z,21429.0,21429.0,False,False,False,
2023-09-09T18:00:00Z,22323.0,22323.0,False,False,False,
2023-09-09T19:00:00Z,22577.0,22577.0,False,False,False,
2023-09-09T20:00:00Z,22680.0,22680.0,False,False,False,
2023-09-09T21:00:00Z,22537.0,22537.0,False,False,False,
2023-09-09T22:00:00Z,22429.0,22429.0,False,False,False,
2023-09-09T23:00:00Z,21998.0,21998.0,False,False,False,
2023-09-10T00:00:00Z,20939.0,20939.0,False,False,False,
2023-09-10T01:00:00Z,20391.0,20391.0,False,False,False,
2023-09-10T02:00:00Z,19176.0,19176.0,False,False,False,
2023-09-10T03:00:00Z,17980.0,17980.0,False,False,False,
2023-09-10T04:00:00Z,16605.0,16605.0,False,False,False,
2023-09-10T05:00:00Z,15520.0,15520.0,False,False,False,
2023-09-10T06:00:00Z,14529.0,14529.0,False,False,False,
2023-09-10T07:00:00Z,13794.0,13794.0,False,False,False,
2023-09-10T08:00:00Z,13278.0,13278.0,False,False,False,
2023-09-10T09:00:00Z,12963.0,12963.0,False,False,False,
2023-09-10T10:00:00Z,12842.0,12842.0,False,False,False,
2023-09-10T11:00:00Z,12932.0,12932.0,False,False,False,
2023-09-10T12:00:00Z,13113.0,13113.0,False,False,False,
2023-09-10T13:00:00Z,14772.0,14772.0,False,False,False,
2023-09-10T14:00:00Z,17045.0,17045.0,False,False,False,
2023-09-10T15:00:00Z,19212.0,19212.0,False,False,False,
2023-09-10T16:00:00Z,21111.0,21111.0,False,False,False,
2023-09-10T17:00:00Z,22781.0,22781.0,False,False,False,
2023-09-10T18:00:00Z,23771.0,23771.0,False,False,False,
2023-09-10T19:00:00Z,23940.0,23940.0,False,False,False,
2023-09-10T20:00:00Z,24126.0,24126.0,False,False,False,
2023-09-10T21:00:00Z,24511.0,24511.0,False,False,False,
2023-09-10T22:00:00Z,24377.0,24377.0,False,False,False,
2023-09-10T23:00:00Z,23808.0,23808.0,False,False,False,
2023-09-11T00:00:00Z,22833.0,22833.0,False,False,False,
2023-09-11T01:00:00Z,22329.0,22329.0,False,False,False,
2023-09-11T02:00:00Z,20923.0,20923.0,False,False,False,
2023-09-11T03:00:00Z,19358.0,19358.0,False,False,False,
2023-09-11T04:00:00Z,17708.0,17708.0,False,False,False,
2023-09-11T05:00:00Z,16229.0,16229.0,False,False,False,
2023-09-11T06:00:00Z,15133.0,15133.0,False,False,False,
2023-09-11T07:00:00Z,14373.0,14373.0,False,False,False,
2023-09-11T08:00:00Z,13880.0,13880.0,False,False,False,
2023-09-11T09:00:00Z,13771.0,13771.0,False,False,False,
2023-09-11T10:00:00Z,14169.0,14169.0,False,False,False,
2023-09-11T11:00:00Z,14916.0,14916.0,False,False,False,
2023-09-11T12:00:00Z,15224.0,15224.0,False,False,False,
2023-09-11T13:00:00Z,16508.0,16508.0,False,False,False,
2023-09-11T14:00:00Z,18458.0,18458.0,False,False,False,
2023-09-11T15:00:00Z,20411.0,20411.0,False,False,False,
2023-09-11T16:00:00Z,22256.0,22256.0,False,False,False,
2023-09-11T17:00:00Z,23795.0,23795.0,False,False,False,
2023-09-11T18:00:00Z,25005.0,25005.0,False,False,False,
2023-09-11T19:00:00Z,25668.0,25668.0,False,False,False,
2023-09-11T20:00:00Z,26140.0,26140.0,False,False,False,
2023-09-11T21:00:00Z,26370.0,26370.0,False,False,False,
2023-09-11T22:00:00Z,26166.0,26166.0,False,False,False,
2023-09-11T23:00:00Z,25472.0,25472.0,False,False,False,
2023-09-12T00:00:00Z,24357.0,24357.0,False,False,False,
2023-09-12T01:00:00Z,23546.0,23546.0,False,False,False,
2023-09-12T02:00:00Z,22038.0,22038.0,False,False,False,
2023-09-12T03:00:00Z,20421.0,20421.0,False,False,False,
2023-09-12T04:00:00Z,18792.0,18792.0,False,False,False,
2023-09-12T05:00:00Z,17279.0,17279.0,False,False,False,
2023-09-12T06:00:00Z,16096.0,16096.0,False,False,False,
2023-09-12T07:00:00Z,15263.0,15263.0,False,False,False,
2023-09-12T08:00:00Z,14692.0,14692.0,False,False,False,
2023-09-12T09:00:00Z,14456.0,14456.0,False,False,False,
2023-09-12T10:00:00Z,14787.0,14787.0,False,False,False,
2023-09-12T11:00:00Z,15512.0,15512.0,False,False,False,
2023-09-12T12:00:00Z,15742.0,15742.0,False,False,False,
2023-09-12T13:00:00Z,16800.0,16800.0,False,False,False,
2023-09-12T14:00:00Z,18590.0,18590.0,False,False,False,
2023-09-12T15:00:00Z,20462.0,20462.0,False,False,False,
2023-09-12T16:00:00Z,22203.0,22203.0,False,False,False,
2023-09-12T17:00:00Z,23703.0,23703.0,False,False,False,
2023-09-12T18:00:00Z,24786.0,24786.0,False,False,False,
2023-09-12T19:00:00Z,25244.0,25244.0,False,False,False,
2023-09-12T20:00:00Z,25538.0,25538.0,False,False,False,
2023-09-12T21:00:00Z,25707.0,25707.0,False,False,False,
2023-09-12T22:00:00Z,25493.0,25493.0,False,False,False,
2023-09-12T23:00:00Z,24744.0,24744.0,False,False,False,
2023-09-13T00:00:00Z,23846.0,23846.0,False,False,False,
2023-09-13T01:00:00Z,23210.0,23210.0,False,False,False,
2023-09-13T02:00:00Z,21732.0,21732.0,False,False,False,
2023-09-13T03:00:00Z,20120.0,20120.0,False,False,False,
2023-09-13T04:00:00Z,18471.0,18471.0,False,False,False,
2023-09-13T05:00:00Z,17060.0,17060.0,False,False,False,
2023-09-13T06:00:00Z,15914.0,15914.0,False,False,False,
2023-09-13T07:00:00Z,15155.0,15155.0,False,False,False,
2023-09-13T08:00:00Z,14652.0,14652.0,False,False,False,
2023-09-13T09:00:00Z,14507.0,14507.0,False,False,False,
2023-09-13T10:00:00Z,14799.0,14799.0,False,False,False,
2023-09-13T11:00:00Z,15554.0,15554.0,False,False,False,
2023-09-13T12:00:00Z,15699.0,15699.0,False,False,False,
2023-09-13T13:00:00Z,16954.0,16954.0,False,False,False,
2023-09-13T14:00:00Z,18812.0,18812.0,False,False,False,
2023-09-13T15:00:00Z,20673.0,20673.0,False,False,False,
2023-09-13T16:00:00Z,22397.0,22397.0,False,False,False,
2023-09-13T17:00:00Z,23871.0,23871.0,False,False,False,
2023-09-13T18:00:00Z,25103.0,25103.0,False,False,False,
2023-09-13T19:00:00Z,25931.0,25931.0,False,False,False,
2023-09-13T20:00:00Z,26246.0,26246.0,False,False,False,
2023-09-13T21:00:00Z,26338.0,26338.0,False,False,False,
2023-09-13T22:00:00Z,25827.0,25827.0,False,False,False,
2023-09-13T23:00:00Z,24933.0,24933.0,False,False,False,
2023-09-14T00:00:00Z,23939.0,23939.0,False,False,False,
2023-09-14T01:00:00Z,23264.0,23264.0,False,False,False,
2023-09-14T02:00:00Z,21922.0,21922.0,False,False,False,
2023-09-14T03:00:00Z,20302.0,20302.0,False,False,False,
2023-09-14T04:00:00Z,18686.0,18686.0,False,False,False,
2023-09-14T05:00:00Z,17161.0,17161.0,False,False,False,
2023-09-14T06:00:00Z,15993.0,15993.0,False,False,False,
2023-09-14T07:00:00Z,15184.0,15184.0,False,False,False,
2023-09-14T08:00:00Z,14663.0,14663.0,False,False,False,
2023-09-14T09:00:00Z,14484.0,14484.0,False,False,False,
2023-09-14T10:00:00Z,14784.0,14784.0,False,False,False,
2023-09-14T11:00:00Z,15484.0,15484.0,False,False,False,
2023-09-14T12:00:00Z,15723.0,15723.0,False,False,False,
2023-09-14T13:00:00Z,16844.0,16844.0,False,False,False,
2023-09-14T14:00:00Z,18571.0,18571.0,False,False,False,
2023-09-14T15:00:00Z,20461.0,20461.0,False,False,False,
2023-09-14T16:00:00Z,22197.0,22197.0,False,False,False,
2023-09-14T17:00:00Z,23622.0,23622.0,False,False,False,
2023-09-14T18:00:00Z,24846.0,24846.0,False,False,False,
2023-09-14T19:00:00Z,25663.0,25663.0,False,False,False,
2023-09-14T20:00:00Z,26116.0,26116.0,False,False,False,
2023-09-14T21:00:00Z,26207.0,26207.0,False,False,False,
2023-09-14T22:00:00Z,25869.0,25869.0,False,False,False,
2023-09-14T23:00:00Z,24951.0,24951.0,False,False,False,
2023-09-15T00:00:00Z,23774.0,23774.0,False,False,False,
2023-09-15T01:00:00Z,22989.0,22989.0,False,False,False,
2023-09-15T02:00:00Z,21584.0,21584.0,False,False,False,
2023-09-15T03:00:00Z,20054.0,20054.0,False,False,False,
2023-09-15T04:00:00Z,18481.0,18481.0,False,False,False,
2023-09-15T05:00:00Z,16934.0,16934.0,False,False,False,
2023-09-15T06:00:00Z,15857.0,15857.0,False,False,False,
2023-09-15T07:00:00Z,15069.0,15069.0,False,False,False,
2023-09-15T08:00:00Z,14489.0,14489.0,False,False,False,
2023-09-15T09:00:00Z,14248.0,14248.0,False,False,False,
2023-09-15T10:00:00Z,14537.0,14537.0,False,False,False,
2023-09-15T11:00:00Z,15238.0,15238.0,False,False,False,
2023-09-15T12:00:00Z,15531.0,15531.0,False,False,False,
2023-09-15T13:00:00Z,16746.0,16746.0,False,False,False,
2023-09-15T14:00:00Z,18663.0,18663.0,False,False,False,
2023-09-15T15:00:00Z,20507.0,20507.0,False,False,False,
2023-09-15T16:00:00Z,22049.0,22049.0,False,False,False,
2023-09-15T17:00:00Z,23087.0,23087.0,False,False,False,
2023-09-15T18:00:00Z,23769.0,23769.0,False,False,False,
2023-09-15T19:00:00Z,24166.0,24166.0,False,False,False,
2023-09-15T20:00:00Z,24371.0,24371.0,False,False,False,
2023-09-15T21:00:00Z,24437.0,24437.0,False,False,False,
2023-09-15T22:00:00Z,24132.0,24132.0,False,False,False,
2023-09-15T23:00:00Z,23110.0,23110.0,False,False,False,
2023-09-16T00:00:00Z,22069.0,22069.0,False,False,False,
2023-09-16T01:00:00Z,21304.0,21304.0,False,False,False,
2023-09-16T02:00:00Z,20101.0,20101.0,False,False,False,
2023-09-16T03:00:00Z,18936.0,18936.0,False,False,False,
2023-09-16T04:00:00Z,17685.0,17685.0,False,False,False,
2023-09-16T05:00:00Z,16401.0,16401.0,False,False,False,
2023-09-16T06:00:00Z,15381.0,15381.0,False,False,False,
2023-09-16T07:00:00Z,14627.0,14627.0,False,False,False,
2023-09-16T08:00:00Z,14065.0,14065.0,False,False,False,
2023-09-16T09:00:00Z,13790.0,13790.0,False,False,False,
2023-09-16T10:00:00Z,13735.0,13735.0,False,False,False,
2023-09-16T11:00:00Z,13894.0,13894.0,False,False,False,
2023-09-16T12:00:00Z,14154.0,14154.0,False,False,False,
2023-09-16T13:00:00Z,15502.0,15502.0,False,False,False,
2023-09-16T14:00:00Z,17627.0,17627.0,False,False,False,
2023-09-16T15:00:00Z,19676.0,19676.0,False,False,False,
2023-09-16T16:00:00Z,21465.0,21465.0,False,False,False,
2023-09-16T17:00:00Z,22621.0,22621.0,False,False,False,
2023-09-16T18:00:00Z,23135.0,23135.0,False,False,False,
2023-09-16T19:00:00Z,23222.0,23222.0,False,False,False,
2023-09-16T20:00:00Z,23336.0,23336.0,False,False,False,
2023-09-16T21:00:00Z,23114.0,23114.0,False,False,False,
2023-09-16T22:00:00Z,22397.0,22397.0,False,False,False,
2023-09-16T23:00:00Z,21485.0,21485.0,False,False,False,
2023-09-17T00:00:00Z,20561.0,20561.0,False,False,False,
2023-09-17T01:00:00Z,20017.0,20017.0,False,False,False,
2023-09-17T02:00:00Z,19061.0,19061.0,False,False,False,
2023-09-17T03:00:00Z,18022.0,18022.0,False,False,False,
2023-09-17T04:00:00Z,16895.0,16895.0,False,False,False,
2023-09-17T05:00:00Z,15802.0,15802.0,False,False,False,
2023-09-17T06:00:00Z,14895.0,14895.0,False,False,False,
2023-09-17T07:00:00Z,14199.0,14199.0,False,False,False,
2023-09-17T08:00:00Z,13711.0,13711.0,False,False,False,
2023-09-17T09:00:00Z,13382.0,13382.0,False,False,False,
2023-09-17T10:00:00Z,13262.0,13262.0,False,False,False,
2023-09-17T11:00:00Z,13356.0,13356.0,False,False,False,
2023-09-17T12:00:00Z,13505.0,13505.0,False,False,False,
2023-09-17T13:00:00Z,14967.0,14967.0,False,False,False,
2023-09-17T14:00:00Z,17377.0,17377.0,False,False,False,
2023-09-17T15:00:00Z,19594.0,19594.0,False,False,False,
2023-09-17T16:00:00Z,21501.0,21501.0,False,False,False,
2023-09-17T17:00:00Z,22890.0,22890.0,False,False,False,
2023-09-17T18:00:00Z,23566.0,23566.0,False,False,False,
2023-09-17T19:00:00Z,23809.0,23809.0,False,False,False,
2023-09-17T20:00:00Z,23904.0,23904.0,False,False,False,
2023-09-17T21:00:00Z,23996.0,23996.0,False,False,False,
2023-09-17T22:00:00Z,23771.0,23771.0,False,False,False,
2023-09-17T23:00:00Z,22774.0,22774.0,False,False,False,
2023-09-18T00:00:00Z,21849.0,21849.0,False,False,False,
2023-09-18T01:00:00Z,21281.0,21281.0,False,False,False,
2023-09-18T02:00:00Z,20029.0,20029.0,False,False,False,
2023-09-18T03:00:00Z,18587.0,18587.0,False,False,False,
2023-09-18T04:00:00Z,17097.0,17097.0,False,False,False,
2023-09-18T05:00:00Z,15647.0,15647.0,False,False,False,
2023-09-18T06:00:00Z,14605.0,14605.0,False,False,False,
2023-09-18T07:00:00Z,13952.0,13952.0,False,False,False,
2023-09-18T08:00:00Z,13554.0,13554.0,False,False,False,
2023-09-18T09:00:00Z,13514.0,13514.0,False,False,False,
2023-09-18T10:00:00Z,13954.0,13954.0,False,False,False,
2023-09-18T11:00:00Z,14753.0,14753.0,False,False,False,
2023-09-18T12:00:00Z,15056.0,15056.0,False,False,False,
2023-09-18T13:00:00Z,16230.0,16230.0,False,False,False,
2023-09-18T14:00:00Z,17942.0,17942.0,False,False,False,
2023-09-18T15:00:00Z,19559.0,19559.0,False,False,False,
2023-09-18T16:00:00Z,21159.0,21159.0,False,False,False,
2023-09-18T17:00:00Z,22556.0,22556.0,False,False,False,
2023-09-18T18:00:00Z,23697.0,23697.0,False,False,False,
2023-09-18T19:00:00Z,24496.0,24496.0,False,False,False,
2023-09-18T20:00:00Z,24879.0,24879.0,False,False,False,
2023-09-18T21:00:00Z,24917.0,24917.0,False,False,False,
2023-09-18T22:00:00Z,24391.0,24391.0,False,False,False,
2023-09-18T23:00:00Z,23468.0,23468.0,False,False,False,
2023-09-19T00:00:00Z,22293.0,22293.0,False,False,False,
2023-09-19T01:00:00Z,21218.0,21218.0,False,False,False,
2023-09-19T02:00:00Z,19682.0,19682.0,False,False,False,
2023-09-19T03:00:00Z,18190.0,18190.0,False,False,False,
2023-09-19T04:00:00Z,16668.0,16668.0,False,False,False,
2023-09-19T05:00:00Z,15305.0,15305.0,False,False,False,
2023-09-19T06:00:00Z,14363.0,14363.0,False,False,False,
2023-09-19T07:00:00Z,13698.0,13698.0,False,False,False,
2023-09-19T08:00:00Z,13290.0,13290.0,False,False,False,
2023-09-19T09:00:00Z,13219.0,13219.0,False,False,False,
2023-09-19T10:00:00Z,13707.0,13707.0,False,False,False,
2023-09-19T11:00:00Z,14595.0,14595.0,False,False,False,
2023-09-19T12:00:00Z,14916.0,14916.0,False,False,False,
2023-09-19T13:00:00Z,15813.0,15813.0,False,False,False,
2023-09-19T14:00:00Z,17247.0,17247.0,False,False,False,
2023-09-19T15:00:00Z,18783.0,18783.0,False,False,False,
2023-09-19T16:00:00Z,20329.0,20329.0,False,False,False,
2023-09-19T17:00:00Z,21493.0,21493.0,False,False,False,
2023-09-19T18:00:00Z,22444.0,22444.0,False,False,False,
2023-09-19T19:00:00Z,22548.0,22548.0,False,False,False,
2023-09-19T20:00:00Z,22271.0,22271.0,False,False,False,
2023-09-19T21:00:00Z,22397.0,22397.0,False,False,False,
2023-09-19T22:00:00Z,22033.0,22033.0,False,False,False,
2023-09-19T23:00:00Z,21255.0,21255.0,False,False,False,
2023-09-20T00:00:00Z,20614.0,20614.0,False,False,False,
2023-09-20T01:00:00Z,19620.0,19620.0,False,False,False,
2023-09-20T02:00:00Z,18205.0,18205.0,False,False,False,
2023-09-20T03:00:00Z,16912.0,16912.0,False,False,False,
2023-09-20T04:00:00Z,15587.0,15587.0,False,False,False,
2023-09-20T05:00:00Z,14507.0,14507.0,False,False,False,
2023-09-20T06:00:00Z,13652.0,13652.0,False,False,False,
2023-09-20T07:00:00Z,13132.0,13132.0,False,False,False,
2023-09-20T08:00:00Z,12780.0,12780.0,False,False,False,
2023-09-20T09:00:00Z,12633.0,12633.0,False,False,False,
2023-09-20T10:00:00Z,11750.0,11750.0,False,False,False,
2023-09-20T11:00:00Z,13875.0,13875.0,False,False,False,
2023-09-20T12:00:00Z,14221.0,14221.0,False,False,False,
2023-09-20T13:00:00Z,15180.0,15180.0,False,False,False,
2023-09-20T14:00:00Z,16787.0,16787.0,False,False,False,
2023-09-20T15:00:00Z,18513.0,18513.0,False,False,False,
2023-09-20T16:00:00Z,20099.0,20099.0,False,False,False,
2023-09-20T17:00:00Z,21451.0,21451.0,False,False,False,
2023-09-20T18:00:00Z,22656.0,22656.0,False,False,False,
2023-09-20T19:00:00Z,23407.0,23407.0,False,False,False,
2023-09-20T20:00:00Z,23098.0,23098.0,False,False,False,
2023-09-20T21:00:00Z,22169.0,22169.0,False,False,False,
2023-09-20T22:00:00Z,21370.0,21370.0,False,False,False,
2023-09-20T23:00:00Z,20604.0,20604.0,False,False,False,
2023-09-21T00:00:00Z,20154.0,20154.0,False,False,False,
2023-09-21T01:00:00Z,19686.0,19686.0,False,False,False,
2023-09-21T02:00:00Z,18523.0,18523.0,False,False,False,
2023-09-21T03:00:00Z,17021.0,17021.0,False,False,False,
2023-09-21T04:00:00Z,15511.0,15511.0,False,False,False,
2023-09-21T05:00:00Z,14175.0,14175.0,False,False,False,
2023-09-21T06:00:00Z,13206.0,13206.0,False,False,False,
2023-09-21T07:00:00Z,12683.0,12683.0,False,False,False,
2023-09-21T08:00:00Z,12359.0,12359.0,False,False,False,
2023-09-21T09:00:00Z,12340.0,12340.0,False,False,False,
2023-09-21T10:00:00Z,12915.0,12915.0,False,False,False,
2023-09-21T11:00:00Z,13851.0,13851.0,False,False,False,
2023-09-21T12:00:00Z,14198.0,14198.0,False,False,False,
2023-09-21T13:00:00Z,15305.0,15305.0,False,False,False,
2023-09-21T14:00:00Z,16975.0,16975.0,False,False,False,
2023-09-21T15:00:00Z,18647.0,18647.0,False,False,False,
2023-09-21T16:00:00Z,20179.0,20179.0,False,False,False,
2023-09-21T17:00:00Z,21325.0,21325.0,False,False,False,
2023-09-21T18:00:00Z,22018.0,22018.0,False,False,False,
2023-09-21T19:00:00Z,22485.0,22485.0,False,False,False,
2023-09-21T20:00:00Z,22586.0,22586.0,False,False,False,
2023-09-21T21:00:00Z,22436.0,22436.0,False,False,False,
2023-09-21T22:00:00Z,21711.0,21711.0,False,False,False,
2023-09-21T23:00:00Z,20474.0,20474.0,False,False,False,
2023-09-22T00:00:00Z,19602.0,19602.0,False,False,False,
2023-09-22T01:00:00Z,18885.0,18885.0,False,False,False,
2023-09-22T02:00:00Z,17787.0,17787.0,False,False,False,
2023-09-22T03:00:00Z,16415.0,16415.0,False,False,False,
2023-09-22T04:00:00Z,15190.0,15190.0,False,False,False,
2023-09-22T05:00:00Z,13763.0,13763.0,False,False,False,
2023-09-22T06:00:00Z,12832.0,12832.0,False,False,False,
2023-09-22T07:00:00Z,12230.0,12230.0,False,False,False,
2023-09-22T08:00:00Z,11859.0,11859.0,False,False,False,
2023-09-22T09:00:00Z,11767.0,11767.0,False,False,False,
2023-09-22T10:00:00Z,12257.0,12257.0,False,False,False,
2023-09-22T11:00:00Z,13167.0,13167.0,False,False,False,
2023-09-22T12:00:00Z,13573.0,13573.0,False,False,False,
2023-09-22T13:00:00Z,14615.0,14615.0,False,False,False,
2023-09-22T14:00:00Z,16098.0,16098.0,False,False,False,
2023-09-22T15:00:00Z,17530.0,17530.0,False,False,False,
2023-09-22T16:00:00Z,18913.0,18913.0,False,False,False,
2023-09-22T17:00:00Z,20184.0,20184.0,False,False,False,
2023-09-22T18:00:00Z,21301.0,21301.0,False,False,False,
2023-09-22T19:00:00Z,22053.0,22053.0,False,False,False,
2023-09-22T20:00:00Z,22518.0,22518.0,False,False,False,
2023-09-22T21:00:00Z,22831.0,22831.0,False,False,False,
2023-09-22T22:00:00Z,22606.0,22606.0,False,False,False,
2023-09-22T23:00:00Z,21657.0,21657.0,False,False,False,
2023-09-23T00:00:00Z,20645.0,20645.0,False,False,False,
2023-09-23T01:00:00Z,19730.0,19730.0,False,False,False,
2023-09-23T02:00:00Z,18360.0,18360.0,False,False,False,
2023-09-23T03:00:00Z,17027.0,17027.0,False,False,False,
2023-09-23T04:00:00Z,15552.0,15552.0,False,False,False,
2023-09-23T05:00:00Z,14407.0,14407.0,False,False,False,
2023-09-23T06:00:00Z,13332.0,13332.0,False,False,False,
2023-09-23T07:00:00Z,12610.0,12610.0,False,False,False,
2023-09-23T08:00:00Z,12096.0,12096.0,False,False,False,
2023-09-23T09:00:00Z,11774.0,11774.0,False,False,False,
2023-09-23T10:00:00Z,11672.0,11672.0,False,False,False,
2023-09-23T11:00:00Z,11878.0,11878.0,False,False,False,
2023-09-23T12:00:00Z,12135.0,12135.0,False,False,False,
2023-09-23T13:00:00Z,13241.0,13241.0,False,False,False,
2023-09-23T14:00:00Z,14728.0,14728.0,False,False,False,
2023-09-23T15:00:00Z,16045.0,16045.0,False,False,False,
2023-09-23T16:00:00Z,17307.0,17307.0,False,False,False,
2023-09-23T17:00:00Z,18690.0,18690.0,False,False,False,
2023-09-23T18:00:00Z,19814.0,19814.0,False,False,False,
2023-09-23T19:00:00Z,20618.0,20618.0,False,False,False,
2023-09-23T20:00:00Z,21000.0,21000.0,False,False,False,
2023-09-23T21:00:00Z,21065.0,21065.0,False,False,False,
2023-09-23T22:00:00Z,20733.0,20733.0,False,False,False,
2023-09-23T23:00:00Z,19930.0,19930.0,False,False,False,
2023-09-24T00:00:00Z,19059.0,19059.0,False,False,False,
2023-09-24T01:00:00Z,18405.0,18405.0,False,False,False,
2023-09-24T02:00:00Z,17229.0,17229.0,False,False,False,
2023-09-24T03:00:00Z,16169.0,16169.0,False,False,False,
2023-09-24T04:00:00Z,15042.0,15042.0,False,False,False,
2023-09-24T05:00:00Z,13878.0,13878.0,False,False,False,
2023-09-24T06:00:00Z,12963.0,12963.0,False,False,False,
2023-09-24T07:00:00Z,12318.0,12318.0,False,False,False,
2023-09-24T08:00:00Z,11873.0,11873.0,False,False,False,
2023-09-24T09:00:00Z,11613.0,11613.0,False,False,False,
2023-09-24T10:00:00Z,11565.0,11565.0,False,False,False,
2023-09-24T11:00:00Z,11735.0,11735.0,False,False,False,
2023-09-24T12:00:00Z,11946.0,11946.0,False,False,False,
2023-09-24T13:00:00Z,13091.0,13091.0,False,False,False,
2023-09-24T14:00:00Z,15022.0,15022.0,False,False,False,
2023-09-24T15:00:00Z,16734.0,16734.0,False,False,False,
2023-09-24T16:00:00Z,18294.0,18294.0,False,False,False,
2023-09-24T17:00:00Z,19777.0,19777.0,False,False,False,
2023-09-24T18:00:00Z,21150.0,21150.0,False,False,False,
2023-09-24T19:00:00Z,22258.0,22258.0,False,False,False,
2023-09-24T20:00:00Z,22790.0,22790.0,False,False,False,
2023-09-24T21:00:00Z,22779.0,22779.0,False,False,False,
2023-09-24T22:00:00Z,22419.0,22419.0,False,False,False,
2023-09-24T23:00:00Z,21521.0,21521.0,False,False,False,
2023-09-25T00:00:00Z,20665.0,20665.0,False,False,False,
2023-09-25T01:00:00Z,20118.0,20118.0,False,False,False,
2023-09-25T02:00:00Z,18914.0,18914.0,False,False,False,
2023-09-25T03:00:00Z,17497.0,17497.0,False,False,False,
2023-09-25T04:00:00Z,16126.0,16126.0,False,False,False,
2023-09-25T05:00:00Z,14671.0,14671.0,False,False,False,
2023-09-25T06:00:00Z,13213.0,13213.0,False,False,False,
2023-09-25T07:00:00Z,12398.0,12398.0,False,False,False,
2023-09-25T08:00:00Z,11917.0,11917.0,False,False,False,
2023-09-25T09:00:00Z,11846.0,11846.0,False,False,False,
2023-09-25T10:00:00Z,12242.0,12242.0,False,False,False,
2023-09-25T11:00:00Z,12974.0,12974.0,False,False,False,
2023-09-25T12:00:00Z,13459.0,13459.0,False,False,False,
2023-09-25T13:00:00Z,14609.0,14609.0,False,False,False,
2023-09-25T14:00:00Z,16412.0,16412.0,False,False,False,
2023-09-25T15:00:00Z,18246.0,18246.0,False,False,False,
2023-09-25T16:00:00Z,19900.0,19900.0,False,False,False,
2023-09-25T17:00:00Z,21384.0,21384.0,False,False,False,
2023-09-25T18:00:00Z,22703.0,22703.0,False,False,False,
2023-09-25T19:00:00Z,23488.0,23488.0,False,False,False,
2023-09-25T20:00:00Z,23813.0,23813.0,False,False,False,
2023-09-25T21:00:00Z,23486.0,23486.0,False,False,False,
2023-09-25T22:00:00Z,22533.0,22533.0,False,False,False,
2023-09-25T23:00:00Z,21581.0,21581.0,False,False,False,
2023-09-26T00:00:00Z,20948.0,20948.0,False,False,False,
2023-09-26T01:00:00Z,20189.0,20189.0,False,False,False,
2023-09-26T02:00:00Z,18950.0,18950.0,False,False,False,
2023-09-26T03:00:00Z,17532.0,17532.0,False,False,False,
2023-09-26T04:00:00Z,16107.0,16107.0,False,False,False,
2023-09-26T05:00:00Z,14877.0,14877.0,False,False,False,
2023-09-26T06:00:00Z,14001.0,14001.0,False,False,False,
2023-09-26T07:00:00Z,13403.0,13403.0,False,False,False,
2023-09-26T08:00:00Z,13045.0,13045.0,False,False,False,
2023-09-26T09:00:00Z,12984.0,12984.0,False,False,False,
2023-09-26T10:00:00Z,13547.0,13547.0,False,False,False,
2023-09-26T11:00:00Z,14521.0,14521.0,False,False,False,
2023-09-26T12:00:00Z,15006.0,15006.0,False,False,False,
2023-09-26T13:00:00Z,15904.0,15904.0,False,False,False,
2023-09-26T14:00:00Z,17208.0,17208.0,False,False,False,
2023-09-26T15:00:00Z,18683.0,18683.0,False,False,False,
2023-09-26T16:00:00Z,20205.0,20205.0,False,False,False,
2023-09-26T17:00:00Z,21181.0,21181.0,False,False,False,
2023-09-26T18:00:00Z,21392.0,21392.0,False,False,False,
2023-09-26T19:00:00Z,21381.0,21381.0,False,False,False,
2023-09-26T20:00:00Z,21641.0,21641.0,False,False,False,
2023-09-26T21:00:00Z,21892.0,21892.0,False,False,False,
2023-09-26T22:00:00Z,21784.0,21784.0,False,False,False,
2023-09-26T23:00:00Z,21281.0,21281.0,False,False,False,
2023-09-27T00:00:00Z,20938.0,20938.0,False,False,False,
2023-09-27T01:00:00Z,20178.0,20178.0,False,False,False,
2023-09-27T02:00:00Z,18888.0,18888.0,False,False,False,
2023-09-27T03:00:00Z,17313.0,17313.0,False,False,False,
2023-09-27T04:00:00Z,66577.0,,True,False,True,same_hour_7d_median_outlier|same_hour_7d_median_outlier
2023-09-27T05:00:00Z,14627.0,14627.0,False,False,False,
2023-09-27T06:00:00Z,13778.0,13778.0,False,False,False,
2023-09-27T07:00:00Z,13229.0,13229.0,False,False,False,
2023-09-27T08:00:00Z,12885.0,12885.0,False,False,False,
2023-09-27T09:00:00Z,12950.0,12950.0,False,False,False,
2023-09-27T10:00:00Z,13604.0,13604.0,False,False,False,
2023-09-27T11:00:00Z,14662.0,14662.0,False,False,False,
2023-09-27T12:00:00Z,15194.0,15194.0,False,False,False,
2023-09-27T13:00:00Z,15647.0,15647.0,False,False,False,
2023-09-27T14:00:00Z,16360.0,16360.0,False,False,False,
2023-09-27T15:00:00Z,17338.0,17338.0,False,False,False,
2023-09-27T16:00:00Z,18304.0,18304.0,False,False,False,
2023-09-27T17:00:00Z,19149.0,19149.0,False,False,False,
2023-09-27T18:00:00Z,20090.0,20090.0,False,False,False,
2023-09-27T19:00:00Z,20695.0,20695.0,False,False,False,
2023-09-27T20:00:00Z,20979.0,20979.0,False,False,False,
2023-09-27T21:00:00Z,21002.0,21002.0,False,False,False,
2023-09-27T22:00:00Z,20736.0,20736.0,False,False,False,
2023-09-27T23:00:00Z,20163.0,20163.0,False,False,False,
2023-09-28T00:00:00Z,19842.0,19842.0,False,False,False,
2023-09-28T01:00:00Z,19372.0,19372.0,False,False,False,
2023-09-28T02:00:00Z,18305.0,18305.0,False,False,False,
2023-09-28T03:00:00Z,16996.0,16996.0,False,False,False,
2023-09-28T04:00:00Z,15666.0,15666.0,False,False,False,
2023-09-28T05:00:00Z,14407.0,14407.0,False,False,False,
2023-09-28T06:00:00Z,13508.0,13508.0,False,False,False,
2023-09-28T07:00:00Z,12907.0,12907.0,False,False,False,
2023-09-28T08:00:00Z,12548.0,12548.0,False,False,False,
2023-09-28T09:00:00Z,12516.0,12516.0,False,False,False,
2023-09-28T10:00:00Z,13107.0,13107.0,False,False,False,
2023-09-28T11:00:00Z,14114.0,14114.0,False,False,False,
2023-09-28T12:00:00Z,14564.0,14564.0,False,False,False,
2023-09-28T13:00:00Z,15090.0,15090.0,False,False,False,
2023-09-28T14:00:00Z,16169.0,16169.0,False,False,False,
2023-09-28T15:00:00Z,17669.0,17669.0,False,False,False,
2023-09-28T16:00:00Z,19152.0,19152.0,False,False,False,
2023-09-28T17:00:00Z,20195.0,20195.0,False,False,False,
2023-09-28T18:00:00Z,21091.0,21091.0,False,False,False,
2023-09-28T19:00:00Z,21710.0,21710.0,False,False,False,
2023-09-28T20:00:00Z,22152.0,22152.0,False,False,False,
2023-09-28T21:00:00Z,22214.0,22214.0,False,False,False,
2023-09-28T22:00:00Z,21909.0,21909.0,False,False,False,
2023-09-28T23:00:00Z,21207.0,21207.0,False,False,False,
2023-09-29T00:00:00Z,20960.0,20960.0,False,False,False,
2023-09-29T01:00:00Z,20301.0,20301.0,False,False,False,
2023-09-29T02:00:00Z,19151.0,19151.0,False,False,False,
2023-09-29T03:00:00Z,17830.0,17830.0,False,False,False,
2023-09-29T04:00:00Z,16433.0,16433.0,False,False,False,
2023-09-29T05:00:00Z,14963.0,14963.0,False,False,False,
2023-09-29T06:00:00Z,14086.0,14086.0,False,False,False,
2023-09-29T07:00:00Z,13633.0,13633.0,False,False,False,
2023-09-29T08:00:00Z,13239.0,13239.0,False,False,False,
2023-09-29T09:00:00Z,13166.0,13166.0,False,False,False,
2023-09-29T10:00:00Z,13622.0,13622.0,False,False,False,
2023-09-29T11:00:00Z,14471.0,14471.0,False,False,False,
2023-09-29T12:00:00Z,14838.0,14838.0,False,False,False,
2023-09-29T13:00:00Z,15733.0,15733.0,False,False,False,
2023-09-29T14:00:00Z,17245.0,17245.0,False,False,False,
2023-09-29T15:00:00Z,18686.0,18686.0,False,False,False,
2023-09-29T16:00:00Z,20053.0,20053.0,False,False,False,
2023-09-29T17:00:00Z,21161.0,21161.0,False,False,False,
2023-09-29T18:00:00Z,22027.0,22027.0,False,False,False,
2023-09-29T19:00:00Z,22360.0,22360.0,False,False,False,
2023-09-29T20:00:00Z,21967.0,21967.0,False,False,False,
2023-09-29T21:00:00Z,21482.0,21482.0,False,False,False,
2023-09-29T22:00:00Z,21098.0,21098.0,False,False,False,
2023-09-29T23:00:00Z,20337.0,20337.0,False,False,False,
2023-09-30T00:00:00Z,19794.0,19794.0,False,False,False,
2023-09-30T01:00:00Z,19173.0,19173.0,False,False,False,
2023-09-30T02:00:00Z,18142.0,18142.0,False,False,False,
2023-09-30T03:00:00Z,17037.0,17037.0,False,False,False,
2023-09-30T04:00:00Z,15922.0,15922.0,False,False,False,
2023-09-30T05:00:00Z,14916.0,14916.0,False,False,False,
2023-09-30T06:00:00Z,14089.0,14089.0,False,False,False,
2023-09-30T07:00:00Z,13527.0,13527.0,False,False,False,
2023-09-30T08:00:00Z,13174.0,13174.0,False,False,False,
2023-09-30T09:00:00Z,13005.0,13005.0,False,False,False,
2023-09-30T10:00:00Z,13036.0,13036.0,False,False,False,
2023-09-30T11:00:00Z,13275.0,13275.0,False,False,False,
2023-09-30T12:00:00Z,13619.0,13619.0,False,False,False,
2023-09-30T13:00:00Z,15046.0,15046.0,False,False,False,
2023-09-30T14:00:00Z,17027.0,17027.0,False,False,False,
2023-09-30T15:00:00Z,18750.0,18750.0,False,False,False,
2023-09-30T16:00:00Z,20195.0,20195.0,False,False,False,
2023-09-30T17:00:00Z,21427.0,21427.0,False,False,False,
2023-09-30T18:00:00Z,22366.0,22366.0,False,False,False,
2023-09-30T19:00:00Z,22784.0,22784.0,False,False,False,
2023-09-30T20:00:00Z,22435.0,22435.0,False,False,False,
2023-09-30T21:00:00Z,21638.0,21638.0,False,False,False,
2023-09-30T22:00:00Z,20862.0,20862.0,False,False,False,
2023-09-30T23:00:00Z,19960.0,19960.0,False,False,False,
2023-10-01T00:00:00Z,19272.0,19272.0,False,False,False,
2023-10-01T01:00:00Z,18628.0,18628.0,False,False,False,
2023-10-01T02:00:00Z,17620.0,17620.0,False,False,False,
2023-10-01T03:00:00Z,16638.0,16638.0,False,False,False,
2023-10-01T04:00:00Z,15750.0,15750.0,False,False,False,
2023-10-01T05:00:00Z,14726.0,14726.0,False,False,False,
2023-10-01T06:00:00Z,14122.0,14122.0,False,False,False,
2023-10-01T07:00:00Z,13545.0,13545.0,False,False,False,
2023-10-01T08:00:00Z,13176.0,13176.0,False,False,False,
2023-10-01T09:00:00Z,12945.0,12945.0,False,False,False,
2023-10-01T10:00:00Z,12882.0,12882.0,False,False,False,
2023-10-01T11:00:00Z,13128.0,13128.0,False,False,False,
2023-10-01T12:00:00Z,13446.0,13446.0,False,False,False,
2023-10-01T13:00:00Z,14633.0,14633.0,False,False,False,
2023-10-01T14:00:00Z,16220.0,16220.0,False,False,False,
2023-10-01T15:00:00Z,17640.0,17640.0,False,False,False,
2023-10-01T16:00:00Z,19195.0,19195.0,False,False,False,
2023-10-01T17:00:00Z,20575.0,20575.0,False,False,False,
2023-10-01T18:00:00Z,21593.0,21593.0,False,False,False,
2023-10-01T19:00:00Z,22327.0,22327.0,False,False,False,
2023-10-01T20:00:00Z,22309.0,22309.0,False,False,False,
2023-10-01T21:00:00Z,21675.0,21675.0,False,False,False,
2023-10-01T22:00:00Z,20926.0,20926.0,False,False,False,
2023-10-01T23:00:00Z,20070.0,20070.0,False,False,False,
2023-10-02T00:00:00Z,19683.0,19683.0,False,False,False,
2023-10-02T01:00:00Z,19259.0,19259.0,False,False,False,
2023-10-02T02:00:00Z,18158.0,18158.0,False,False,False,
2023-10-02T03:00:00Z,16933.0,16933.0,False,False,False,
2023-10-02T04:00:00Z,15618.0,15618.0,False,False,False,
2023-10-02T05:00:00Z,14433.0,14433.0,False,False,False,
2023-10-02T06:00:00Z,13410.0,13410.0,False,False,False,
2023-10-02T07:00:00Z,12887.0,12887.0,False,False,False,
2023-10-02T08:00:00Z,12549.0,12549.0,False,False,False,
2023-10-02T09:00:00Z,12573.0,12573.0,False,False,False,
2023-10-02T10:00:00Z,13088.0,13088.0,False,False,False,
2023-10-02T11:00:00Z,14016.0,14016.0,False,False,False,
2023-10-02T12:00:00Z,14507.0,14507.0,False,False,False,
2023-10-02T13:00:00Z,15321.0,15321.0,False,False,False,
2023-10-02T14:00:00Z,16572.0,16572.0,False,False,False,
2023-10-02T15:00:00Z,17659.0,17659.0,False,False,False,
2023-10-02T16:00:00Z,18578.0,18578.0,False,False,False,
2023-10-02T17:00:00Z,19399.0,19399.0,False,False,False,
2023-10-02T18:00:00Z,20041.0,20041.0,False,False,False,
2023-10-02T19:00:00Z,20668.0,20668.0,False,False,False,
2023-10-02T20:00:00Z,21207.0,21207.0,False,False,False,
2023-10-02T21:00:00Z,21477.0,21477.0,False,False,False,
2023-10-02T22:00:00Z,21404.0,21404.0,False,False,False,
2023-10-02T23:00:00Z,20779.0,20779.0,False,False,False,
2023-10-03T00:00:00Z,20245.0,20245.0,False,False,False,
2023-10-03T01:00:00Z,19614.0,19614.0,False,False,False,
2023-10-03T02:00:00Z,18376.0,18376.0,False,False,False,
2023-10-03T03:00:00Z,16976.0,16976.0,False,False,False,
2023-10-03T04:00:00Z,15232.0,15232.0,False,False,False,
2023-10-03T05:00:00Z,14060.0,14060.0,False,False,False,
2023-10-03T06:00:00Z,13105.0,13105.0,False,False,False,
2023-10-03T07:00:00Z,12485.0,12485.0,False,False,False,
2023-10-03T08:00:00Z,12103.0,12103.0,False,False,False,
2023-10-03T09:00:00Z,12093.0,12093.0,False,False,False,
2023-10-03T10:00:00Z,12721.0,12721.0,False,False,False,
2023-10-03T11:00:00Z,13735.0,13735.0,False,False,False,
2023-10-03T12:00:00Z,14161.0,14161.0,False,False,False,
2023-10-03T13:00:00Z,14920.0,14920.0,False,False,False,
2023-10-03T14:00:00Z,16267.0,16267.0,False,False,False,
2023-10-03T15:00:00Z,17597.0,17597.0,False,False,False,
2023-10-03T16:00:00Z,18780.0,18780.0,False,False,False,
2023-10-03T17:00:00Z,19827.0,19827.0,False,False,False,
2023-10-03T18:00:00Z,20804.0,20804.0,False,False,False,
2023-10-03T19:00:00Z,21556.0,21556.0,False,False,False,
2023-10-03T20:00:00Z,22082.0,22082.0,False,False,False,
2023-10-03T21:00:00Z,22215.0,22215.0,False,False,False,
2023-10-03T22:00:00Z,22036.0,22036.0,False,False,False,
2023-10-03T23:00:00Z,21196.0,21196.0,False,False,False,
2023-10-04T00:00:00Z,20604.0,20604.0,False,False,False,
2023-10-04T01:00:00Z,19937.0,19937.0,False,False,False,
2023-10-04T02:00:00Z,18753.0,18753.0,False,False,False,
2023-10-04T03:00:00Z,17308.0,17308.0,False,False,False,
2023-10-04T04:00:00Z,15706.0,15706.0,False,False,False,
2023-10-04T05:00:00Z,14353.0,14353.0,False,False,False,
2023-10-04T06:00:00Z,13383.0,13383.0,False,False,False,
2023-10-04T07:00:00Z,12700.0,12700.0,False,False,False,
2023-10-04T08:00:00Z,12272.0,12272.0,False,False,False,
2023-10-04T09:00:00Z,12242.0,12242.0,False,False,False,
2023-10-04T10:00:00Z,12776.0,12776.0,False,False,False,
2023-10-04T11:00:00Z,13690.0,13690.0,False,False,False,
2023-10-04T12:00:00Z,14121.0,14121.0,False,False,False,
2023-10-04T13:00:00Z,15178.0,15178.0,False,False,False,
2023-10-04T14:00:00Z,16772.0,16772.0,False,False,False,
2023-10-04T15:00:00Z,18247.0,18247.0,False,False,False,
2023-10-04T16:00:00Z,19530.0,19530.0,False,False,False,
2023-10-04T17:00:00Z,20657.0,20657.0,False,False,False,
2023-10-04T18:00:00Z,21649.0,21649.0,False,False,False,
2023-10-04T19:00:00Z,22454.0,22454.0,False,False,False,
2023-10-04T20:00:00Z,23121.0,23121.0,False,False,False,
2023-10-04T21:00:00Z,23395.0,23395.0,False,False,False,
2023-10-04T22:00:00Z,23211.0,23211.0,False,False,False,
2023-10-04T23:00:00Z,22265.0,22265.0,False,False,False,
2023-10-05T00:00:00Z,21451.0,21451.0,False,False,False,
2023-10-05T01:00:00Z,20791.0,20791.0,False,False,False,
2023-10-05T02:00:00Z,19541.0,19541.0,False,False,False,
2023-10-05T03:00:00Z,18020.0,18020.0,False,False,False,
2023-10-05T04:00:00Z,16397.0,16397.0,False,False,False,
2023-10-05T05:00:00Z,15003.0,15003.0,False,False,False,
2023-10-05T06:00:00Z,13952.0,13952.0,False,False,False,
2023-10-05T07:00:00Z,13280.0,13280.0,False,False,False,
2023-10-05T08:00:00Z,12883.0,12883.0,False,False,False,
2023-10-05T09:00:00Z,12813.0,12813.0,False,False,False,
2023-10-05T10:00:00Z,13339.0,13339.0,False,False,False,
2023-10-05T11:00:00Z,14230.0,14230.0,False,False,False,
2023-10-05T12:00:00Z,14680.0,14680.0,False,False,False,
2023-10-05T13:00:00Z,15704.0,15704.0,False,False,False,
2023-10-05T14:00:00Z,17472.0,17472.0,False,False,False,
2023-10-05T15:00:00Z,19044.0,19044.0,False,False,False,
2023-10-05T16:00:00Z,20485.0,20485.0,False,False,False,
2023-10-05T17:00:00Z,21688.0,21688.0,False,False,False,
2023-10-05T18:00:00Z,22769.0,22769.0,False,False,False,
2023-10-05T19:00:00Z,23386.0,23386.0,False,False,False,
2023-10-05T20:00:00Z,23864.0,23864.0,False,False,False,
2023-10-05T21:00:00Z,24047.0,24047.0,False,False,False,
2023-10-05T22:00:00Z,23759.0,23759.0,False,False,False,
2023-10-05T23:00:00Z,22815.0,22815.0,False,False,False,
2023-10-06T00:00:00Z,22087.0,22087.0,False,False,False,
2023-10-06T01:00:00Z,21334.0,21334.0,False,False,False,
2023-10-06T02:00:00Z,20006.0,20006.0,False,False,False,
2023-10-06T03:00:00Z,18543.0,18543.0,False,False,False,
2023-10-06T04:00:00Z,16780.0,16780.0,False,False,False,
2023-10-06T05:00:00Z,15351.0,15351.0,False,False,False,
2023-10-06T06:00:00Z,14189.0,14189.0,False,False,False,
2023-10-06T07:00:00Z,13421.0,13421.0,False,False,False,
2023-10-06T08:00:00Z,12925.0,12925.0,False,False,False,
2023-10-06T09:00:00Z,12754.0,12754.0,False,False,False,
2023-10-06T10:00:00Z,13216.0,13216.0,False,False,False,
2023-10-06T11:00:00Z,14028.0,14028.0,False,False,False,
2023-10-06T12:00:00Z,14525.0,14525.0,False,False,False,
2023-10-06T13:00:00Z,15582.0,15582.0,False,False,False,
2023-10-06T14:00:00Z,17121.0,17121.0,False,False,False,
2023-10-06T15:00:00Z,18746.0,18746.0,False,False,False,
2023-10-06T16:00:00Z,20124.0,20124.0,False,False,False,
2023-10-06T17:00:00Z,21388.0,21388.0,False,False,False,
2023-10-06T18:00:00Z,22487.0,22487.0,False,False,False,
2023-10-06T19:00:00Z,23262.0,23262.0,False,False,False,
2023-10-06T20:00:00Z,23735.0,23735.0,False,False,False,
2023-10-06T21:00:00Z,23824.0,23824.0,False,False,False,
2023-10-06T22:00:00Z,23363.0,23363.0,False,False,False,
2023-10-06T23:00:00Z,22266.0,22266.0,False,False,False,
2023-10-07T00:00:00Z,21339.0,21339.0,False,False,False,
2023-10-07T01:00:00Z,20488.0,20488.0,False,False,False,
2023-10-07T02:00:00Z,19267.0,19267.0,False,False,False,
2023-10-07T03:00:00Z,18026.0,18026.0,False,False,False,
2023-10-07T04:00:00Z,16759.0,16759.0,False,False,False,
2023-10-07T05:00:00Z,15457.0,15457.0,False,False,False,
2023-10-07T06:00:00Z,14634.0,14634.0,False,False,False,
2023-10-07T07:00:00Z,13841.0,13841.0,False,False,False,
2023-10-07T08:00:00Z,13303.0,13303.0,False,False,False,
2023-10-07T09:00:00Z,12981.0,12981.0,False,False,False,
2023-10-07T10:00:00Z,12956.0,12956.0,False,False,False,
2023-10-07T11:00:00Z,13161.0,13161.0,False,False,False,
2023-10-07T12:00:00Z,13509.0,13509.0,False,False,False,
2023-10-07T13:00:00Z,14971.0,14971.0,False,False,False,
2023-10-07T14:00:00Z,16960.0,16960.0,False,False,False,
2023-10-07T15:00:00Z,18737.0,18737.0,False,False,False,
2023-10-07T16:00:00Z,20361.0,20361.0,False,False,False,
2023-10-07T17:00:00Z,21763.0,21763.0,False,False,False,
2023-10-07T18:00:00Z,22771.0,22771.0,False,False,False,
2023-10-07T19:00:00Z,23385.0,23385.0,False,False,False,
2023-10-07T20:00:00Z,23616.0,23616.0,False,False,False,
2023-10-07T21:00:00Z,23468.0,23468.0,False,False,False,
2023-10-07T22:00:00Z,22876.0,22876.0,False,False,False,
2023-10-07T23:00:00Z,21738.0,21738.0,False,False,False,
2023-10-08T00:00:00Z,20931.0,20931.0,False,False,False,
2023-10-08T01:00:00Z,19898.0,19898.0,False,False,False,
2023-10-08T02:00:00Z,18668.0,18668.0,False,False,False,
2023-10-08T03:00:00Z,17472.0,17472.0,False,False,False,
2023-10-08T04:00:00Z,16235.0,16235.0,False,False,False,
2023-10-08T05:00:00Z,14871.0,14871.0,False,False,False,
2023-10-08T06:00:00Z,13868.0,13868.0,False,False,False,
2023-10-08T07:00:00Z,13145.0,13145.0,False,False,False,
2023-10-08T08:00:00Z,12610.0,12610.0,False,False,False,
2023-10-08T09:00:00Z,12247.0,12247.0,False,False,False,
2023-10-08T10:00:00Z,12088.0,12088.0,False,False,False,
2023-10-08T11:00:00Z,12184.0,12184.0,False,False,False,
2023-10-08T12:00:00Z,12469.0,12469.0,False,False,False,
2023-10-08T13:00:00Z,13808.0,13808.0,False,False,False,
2023-10-08T14:00:00Z,15571.0,15571.0,False,False,False,
2023-10-08T15:00:00Z,16983.0,16983.0,False,False,False,
2023-10-08T16:00:00Z,18198.0,18198.0,False,False,False,
2023-10-08T17:00:00Z,19233.0,19233.0,False,False,False,
2023-10-08T18:00:00Z,20050.0,20050.0,False,False,False,
2023-10-08T19:00:00Z,20431.0,20431.0,False,False,False,
2023-10-08T20:00:00Z,20355.0,20355.0,False,False,False,
2023-10-08T21:00:00Z,20130.0,20130.0,False,False,False,
2023-10-08T22:00:00Z,19762.0,19762.0,False,False,False,
2023-10-08T23:00:00Z,19091.0,19091.0,False,False,False,
2023-10-09T00:00:00Z,18901.0,18901.0,False,False,False,
2023-10-09T01:00:00Z,18199.0,18199.0,False,False,False,
2023-10-09T02:00:00Z,17068.0,17068.0,False,False,False,
2023-10-09T03:00:00Z,15756.0,15756.0,False,False,False,
2023-10-09T04:00:00Z,14462.0,14462.0,False,False,False,
2023-10-09T05:00:00Z,13205.0,13205.0,False,False,False,
2023-10-09T06:00:00Z,12338.0,12338.0,False,False,False,
2023-10-09T07:00:00Z,11744.0,11744.0,False,False,False,
2023-10-09T08:00:00Z,11414.0,11414.0,False,False,False,
2023-10-09T09:00:00Z,11417.0,11417.0,False,False,False,
2023-10-09T10:00:00Z,11958.0,11958.0,False,False,False,
2023-10-09T11:00:00Z,12903.0,12903.0,False,False,False,
2023-10-09T12:00:00Z,13436.0,13436.0,False,False,False,
2023-10-09T13:00:00Z,14114.0,14114.0,False,False,False,
2023-10-09T14:00:00Z,15185.0,15185.0,False,False,False,
2023-10-09T15:00:00Z,16141.0,16141.0,False,False,False,
2023-10-09T16:00:00Z,16752.0,16752.0,False,False,False,
2023-10-09T17:00:00Z,17315.0,17315.0,False,False,False,
2023-10-09T18:00:00Z,17836.0,17836.0,False,False,False,
2023-10-09T19:00:00Z,18056.0,18056.0,False,False,False,
2023-10-09T20:00:00Z,18330.0,18330.0,False,False,False,
2023-10-09T21:00:00Z,18568.0,18568.0,False,False,False,
2023-10-09T22:00:00Z,18544.0,18544.0,False,False,False,
2023-10-09T23:00:00Z,18322.0,18322.0,False,False,False,
2023-10-10T00:00:00Z,18426.0,18426.0,False,False,False,
2023-10-10T01:00:00Z,17858.0,17858.0,False,False,False,
2023-10-10T02:00:00Z,16765.0,16765.0,False,False,False,
2023-10-10T03:00:00Z,15463.0,15463.0,False,False,False,
2023-10-10T04:00:00Z,14038.0,14038.0,False,False,False,
2023-10-10T05:00:00Z,12908.0,12908.0,False,False,False,
2023-10-10T06:00:00Z,12080.0,12080.0,False,False,False,
2023-10-10T07:00:00Z,11568.0,11568.0,False,False,False,
2023-10-10T08:00:00Z,11283.0,11283.0,False,False,False,
2023-10-10T09:00:00Z,11295.0,11295.0,False,False,False,
2023-10-10T10:00:00Z,11892.0,11892.0,False,False,False,
2023-10-10T11:00:00Z,12908.0,12908.0,False,False,False,
2023-10-10T12:00:00Z,13452.0,13452.0,False,False,False,
2023-10-10T13:00:00Z,14165.0,14165.0,False,False,False,
2023-10-10T14:00:00Z,15414.0,15414.0,False,False,False,
2023-10-10T15:00:00Z,16716.0,16716.0,False,False,False,
2023-10-10T16:00:00Z,17947.0,17947.0,False,False,False,
2023-10-10T17:00:00Z,19030.0,19030.0,False,False,False,
2023-10-10T18:00:00Z,20138.0,20138.0,False,False,False,
2023-10-10T19:00:00Z,20952.0,20952.0,False,False,False,
2023-10-10T20:00:00Z,21527.0,21527.0,False,False,False,
2023-10-10T21:00:00Z,21898.0,21898.0,False,False,False,
2023-10-10T22:00:00Z,21628.0,21628.0,False,False,False,
2023-10-10T23:00:00Z,21015.0,21015.0,False,False,False,
2023-10-11T00:00:00Z,20885.0,20885.0,False,False,False,
2023-10-11T01:00:00Z,20089.0,20089.0,False,False,False,
2023-10-11T02:00:00Z,18942.0,18942.0,False,False,False,
2023-10-11T03:00:00Z,17574.0,17574.0,False,False,False,
2023-10-11T04:00:00Z,16052.0,16052.0,False,False,False,
2023-10-11T05:00:00Z,14812.0,14812.0,False,False,False,
2023-10-11T06:00:00Z,13927.0,13927.0,False,False,False,
2023-10-11T07:00:00Z,13332.0,13332.0,False,False,False,
2023-10-11T08:00:00Z,12946.0,12946.0,False,False,False,
2023-10-11T09:00:00Z,12890.0,12890.0,False,False,False,
2023-10-11T10:00:00Z,13459.0,13459.0,False,False,False,
2023-10-11T11:00:00Z,14412.0,14412.0,False,False,False,
2023-10-11T12:00:00Z,14925.0,14925.0,False,False,False,
2023-10-11T13:00:00Z,15798.0,15798.0,False,False,False,
2023-10-11T14:00:00Z,17102.0,17102.0,False,False,False,
2023-10-11T15:00:00Z,18285.0,18285.0,False,False,False,
2023-10-11T16:00:00Z,19152.0,19152.0,False,False,False,
2023-10-11T17:00:00Z,20043.0,20043.0,False,False,False,
2023-10-11T18:00:00Z,20975.0,20975.0,False,False,False,
2023-10-11T19:00:00Z,21330.0,21330.0,False,False,False,
2023-10-11T20:00:00Z,21577.0,21577.0,False,False,False,
2023-10-11T21:00:00Z,21567.0,21567.0,False,False,False,
2023-10-11T22:00:00Z,21160.0,21160.0,False,False,False,
2023-10-11T23:00:00Z,20616.0,20616.0,False,False,False,
2023-10-12T00:00:00Z,20563.0,20563.0,False,False,False,
2023-10-12T01:00:00Z,19951.0,19951.0,False,False,False,
2023-10-12T02:00:00Z,19184.0,19184.0,False,False,False,
2023-10-12T03:00:00Z,18152.0,18152.0,False,False,False,
2023-10-12T04:00:00Z,16787.0,16787.0,False,False,False,
2023-10-12T05:00:00Z,15820.0,15820.0,False,False,False,
2023-10-12T06:00:00Z,15116.0,15116.0,False,False,False,
2023-10-12T07:00:00Z,14771.0,14771.0,False,False,False,
2023-10-12T08:00:00Z,14647.0,14647.0,False,False,False,
2023-10-12T09:00:00Z,14805.0,14805.0,False,False,False,
2023-10-12T10:00:00Z,15461.0,15461.0,False,False,False,
2023-10-12T11:00:00Z,16470.0,16470.0,False,False,False,
2023-10-12T12:00:00Z,17018.0,17018.0,False,False,False,
2023-10-12T13:00:00Z,17685.0,17685.0,False,False,False,
2023-10-12T14:00:00Z,19100.0,19100.0,False,False,False,
2023-10-12T15:00:00Z,20582.0,20582.0,False,False,False,
2023-10-12T16:00:00Z,21760.0,21760.0,False,False,False,
2023-10-12T17:00:00Z,22537.0,22537.0,False,False,False,
2023-10-12T18:00:00Z,23160.0,23160.0,False,False,False,
2023-10-12T19:00:00Z,23648.0,23648.0,False,False,False,
2023-10-12T20:00:00Z,23910.0,23910.0,False,False,False,
2023-10-12T21:00:00Z,23902.0,23902.0,False,False,False,
2023-10-12T22:00:00Z,23406.0,23406.0,False,False,False,
2023-10-12T23:00:00Z,22647.0,22647.0,False,False,False,
2023-10-13T00:00:00Z,22322.0,22322.0,False,False,False,
2023-10-13T01:00:00Z,21616.0,21616.0,False,False,False,
2023-10-13T02:00:00Z,20559.0,20559.0,False,False,False,
2023-10-13T03:00:00Z,19260.0,19260.0,False,False,False,
2023-10-13T04:00:00Z,17820.0,17820.0,False,False,False,
2023-10-13T05:00:00Z,16704.0,16704.0,False,False,False,
2023-10-13T06:00:00Z,15857.0,15857.0,False,False,False,
2023-10-13T07:00:00Z,15271.0,15271.0,False,False,False,
2023-10-13T08:00:00Z,14927.0,14927.0,False,False,False,
2023-10-13T09:00:00Z,14889.0,14889.0,False,False,False,
2023-10-13T10:00:00Z,15407.0,15407.0,False,False,False,
2023-10-13T11:00:00Z,16160.0,16160.0,False,False,False,
2023-10-13T12:00:00Z,16595.0,16595.0,False,False,False,
2023-10-13T13:00:00Z,17539.0,17539.0,False,False,False,
2023-10-13T14:00:00Z,18851.0,18851.0,False,False,False,
2023-10-13T15:00:00Z,20100.0,20100.0,False,False,False,
2023-10-13T16:00:00Z,21306.0,21306.0,False,False,False,
2023-10-13T17:00:00Z,22335.0,22335.0,False,False,False,
2023-10-13T18:00:00Z,22987.0,22987.0,False,False,False,
2023-10-13T19:00:00Z,23159.0,23159.0,False,False,False,
2023-10-13T20:00:00Z,23202.0,23202.0,False,False,False,
2023-10-13T21:00:00Z,23032.0,23032.0,False,False,False,
2023-10-13T22:00:00Z,22556.0,22556.0,False,False,False,
2023-10-13T23:00:00Z,21795.0,21795.0,False,False,False,
2023-10-14T00:00:00Z,21338.0,21338.0,False,False,False,
2023-10-14T01:00:00Z,20630.0,20630.0,False,False,False,
2023-10-14T02:00:00Z,19656.0,19656.0,False,False,False,
2023-10-14T03:00:00Z,18654.0,18654.0,False,False,False,
2023-10-14T04:00:00Z,17496.0,17496.0,False,False,False,
2023-10-14T05:00:00Z,16242.0,16242.0,False,False,False,
2023-10-14T06:00:00Z,15233.0,15233.0,False,False,False,
2023-10-14T07:00:00Z,14577.0,14577.0,False,False,False,
2023-10-14T08:00:00Z,14090.0,14090.0,False,False,False,
2023-10-14T09:00:00Z,13877.0,13877.0,False,False,False,
2023-10-14T10:00:00Z,13945.0,13945.0,False,False,False,
2023-10-14T11:00:00Z,14251.0,14251.0,False,False,False,
2023-10-14T12:00:00Z,14631.0,14631.0,False,False,False,
2023-10-14T13:00:00Z,15689.0,15689.0,False,False,False,
2023-10-14T14:00:00Z,16971.0,16971.0,False,False,False,
2023-10-14T15:00:00Z,18219.0,18219.0,False,False,False,
2023-10-14T16:00:00Z,19255.0,19255.0,False,False,False,
2023-10-14T17:00:00Z,20149.0,20149.0,False,False,False,
2023-10-14T18:00:00Z,20269.0,20269.0,False,False,False,
2023-10-14T19:00:00Z,20357.0,20357.0,False,False,False,
2023-10-14T20:00:00Z,21062.0,21062.0,False,False,False,
2023-10-14T21:00:00Z,21426.0,21426.0,False,False,False,
2023-10-14T22:00:00Z,21311.0,21311.0,False,False,False,
2023-10-14T23:00:00Z,20495.0,20495.0,False,False,False,
2023-10-15T00:00:00Z,19858.0,19858.0,False,False,False,
2023-10-15T01:00:00Z,19081.0,19081.0,False,False,False,
2023-10-15T02:00:00Z,18043.0,18043.0,False,False,False,
2023-10-15T03:00:00Z,16977.0,16977.0,False,False,False,
2023-10-15T04:00:00Z,15738.0,15738.0,False,False,False,
2023-10-15T05:00:00Z,14360.0,14360.0,False,False,False,
2023-10-15T06:00:00Z,13327.0,13327.0,False,False,False,
2023-10-15T07:00:00Z,12535.0,12535.0,False,False,False,
2023-10-15T08:00:00Z,12022.0,12022.0,False,False,False,
2023-10-15T09:00:00Z,11655.0,11655.0,False,False,False,
2023-10-15T10:00:00Z,11597.0,11597.0,False,False,False,
2023-10-15T11:00:00Z,11722.0,11722.0,False,False,False,
2023-10-15T12:00:00Z,12042.0,12042.0,False,False,False,
2023-10-15T13:00:00Z,13372.0,13372.0,False,False,False,
2023-10-15T14:00:00Z,15123.0,15123.0,False,False,False,
2023-10-15T15:00:00Z,16611.0,16611.0,False,False,False,
2023-10-15T16:00:00Z,17826.0,17826.0,False,False,False,
2023-10-15T17:00:00Z,18921.0,18921.0,False,False,False,
2023-10-15T18:00:00Z,19763.0,19763.0,False,False,False,
2023-10-15T19:00:00Z,20367.0,20367.0,False,False,False,
2023-10-15T20:00:00Z,20730.0,20730.0,False,False,False,
2023-10-15T21:00:00Z,20773.0,20773.0,False,False,False,
2023-10-15T22:00:00Z,20423.0,20423.0,False,False,False,
2023-10-15T23:00:00Z,19521.0,19521.0,False,False,False,
2023-10-16T00:00:00Z,19065.0,19065.0,False,False,False,
2023-10-16T01:00:00Z,18243.0,18243.0,False,False,False,
2023-10-16T02:00:00Z,16993.0,16993.0,False,False,False,
2023-10-16T03:00:00Z,15537.0,15537.0,False,False,False,
2023-10-16T04:00:00Z,14009.0,14009.0,False,False,False,
2023-10-16T05:00:00Z,12542.0,12542.0,False,False,False,
2023-10-16T06:00:00Z,11505.0,11505.0,False,False,False,
2023-10-16T07:00:00Z,10854.0,10854.0,False,False,False,
2023-10-16T08:00:00Z,10456.0,10456.0,False,False,False,
2023-10-16T09:00:00Z,10399.0,10399.0,False,False,False,
2023-10-16T10:00:00Z,10863.0,10863.0,False,False,False,
2023-10-16T11:00:00Z,11723.0,11723.0,False,False,False,
2023-10-16T12:00:00Z,12254.0,12254.0,False,False,False,
2023-10-16T13:00:00Z,13066.0,13066.0,False,False,False,
2023-10-16T14:00:00Z,14029.0,14029.0,False,False,False,
2023-10-16T15:00:00Z,14624.0,14624.0,False,False,False,
2023-10-16T16:00:00Z,14999.0,14999.0,False,False,False,
2023-10-16T17:00:00Z,15340.0,15340.0,False,False,False,
2023-10-16T18:00:00Z,15711.0,15711.0,False,False,False,
2023-10-16T19:00:00Z,16037.0,16037.0,False,False,False,
2023-10-16T20:00:00Z,16201.0,16201.0,False,False,False,
2023-10-16T21:00:00Z,16246.0,16246.0,False,False,False,
2023-10-16T22:00:00Z,16092.0,16092.0,False,False,False,
2023-10-16T23:00:00Z,15880.0,15880.0,False,False,False,
2023-10-17T00:00:00Z,16019.0,16019.0,False,False,False,
2023-10-17T01:00:00Z,15471.0,15471.0,False,False,False,
2023-10-17T02:00:00Z,14435.0,14435.0,False,False,False,
2023-10-17T03:00:00Z,13093.0,13093.0,False,False,False,
2023-10-17T04:00:00Z,11660.0,11660.0,False,False,False,
2023-10-17T05:00:00Z,10546.0,10546.0,False,False,False,
2023-10-17T06:00:00Z,9764.0,9764.0,False,False,False,
2023-10-17T07:00:00Z,9288.0,9288.0,False,False,False,
2023-10-17T08:00:00Z,9002.0,9002.0,False,False,False,
2023-10-17T09:00:00Z,9116.0,9116.0,False,False,False,
2023-10-17T10:00:00Z,9812.0,9812.0,False,False,False,
2023-10-17T11:00:00Z,10903.0,10903.0,False,False,False,
2023-10-17T12:00:00Z,11564.0,11564.0,False,False,False,
2023-10-17T13:00:00Z,12085.0,12085.0,False,False,False,
2023-10-17T14:00:00Z,12620.0,12620.0,False,False,False,
2023-10-17T15:00:00Z,12937.0,12937.0,False,False,False,
2023-10-17T16:00:00Z,13180.0,13180.0,False,False,False,
2023-10-17T17:00:00Z,13471.0,13471.0,False,False,False,
2023-10-17T18:00:00Z,13791.0,13791.0,False,False,False,
2023-10-17T19:00:00Z,14214.0,14214.0,False,False,False,
2023-10-17T20:00:00Z,14767.0,14767.0,False,False,False,
2023-10-17T21:00:00Z,15343.0,15343.0,False,False,False,
2023-10-17T22:00:00Z,15508.0,15508.0,False,False,False,
2023-10-17T23:00:00Z,15222.0,15222.0,False,False,False,
2023-10-18T00:00:00Z,15275.0,15275.0,False,False,False,
2023-10-18T01:00:00Z,14671.0,14671.0,False,False,False,
2023-10-18T02:00:00Z,13643.0,13643.0,False,False,False,
2023-10-18T03:00:00Z,12380.0,12380.0,False,False,False,
2023-10-18T04:00:00Z,11474.0,11474.0,False,False,False,
2023-10-18T05:00:00Z,9979.0,9979.0,False,False,False,
2023-10-18T06:00:00Z,9321.0,9321.0,False,False,False,
2023-10-18T07:00:00Z,8973.0,8973.0,False,False,False,
2023-10-18T08:00:00Z,8805.0,8805.0,False,False,False,
2023-10-18T09:00:00Z,8909.0,8909.0,False,False,False,
2023-10-18T10:00:00Z,9630.0,9630.0,False,False,False,
2023-10-18T11:00:00Z,10810.0,10810.0,False,False,False,
2023-10-18T12:00:00Z,11520.0,11520.0,False,False,False,
2023-10-18T13:00:00Z,12071.0,12071.0,False,False,False,
2023-10-18T14:00:00Z,12666.0,12666.0,False,False,False,
2023-10-18T15:00:00Z,13169.0,13169.0,False,False,False,
2023-10-18T16:00:00Z,13637.0,13637.0,False,False,False,
2023-10-18T17:00:00Z,14216.0,14216.0,False,False,False,
2023-10-18T18:00:00Z,14919.0,14919.0,False,False,False,
2023-10-18T19:00:00Z,15629.0,15629.0,False,False,False,
2023-10-18T20:00:00Z,16462.0,16462.0,False,False,False,
2023-10-18T21:00:00Z,17098.0,17098.0,False,False,False,
2023-10-18T22:00:00Z,17277.0,17277.0,False,False,False,
2023-10-18T23:00:00Z,16885.0,16885.0,False,False,False,
2023-10-19T00:00:00Z,16783.0,16783.0,False,False,False,
2023-10-19T01:00:00Z,16146.0,16146.0,False,False,False,
2023-10-19T02:00:00Z,15069.0,15069.0,False,False,False,
2023-10-19T03:00:00Z,13750.0,13750.0,False,False,False,
2023-10-19T04:00:00Z,12323.0,12323.0,False,False,False,
2023-10-19T05:00:00Z,11230.0,11230.0,False,False,False,
2023-10-19T06:00:00Z,10449.0,10449.0,False,False,False,
2023-10-19T07:00:00Z,9962.0,9962.0,False,False,False,
2023-10-19T08:00:00Z,9678.0,9678.0,False,False,False,
2023-10-19T09:00:00Z,9699.0,9699.0,False,False,False,
2023-10-19T10:00:00Z,10276.0,10276.0,False,False,False,
2023-10-19T11:00:00Z,11387.0,11387.0,False,False,False,
2023-10-19T12:00:00Z,12048.0,12048.0,False,False,False,
2023-10-19T13:00:00Z,12827.0,12827.0,False,False,False,
2023-10-19T14:00:00Z,13849.0,13849.0,False,False,False,
2023-10-19T15:00:00Z,14810.0,14810.0,False,False,False,
2023-10-19T16:00:00Z,15646.0,15646.0,False,False,False,
2023-10-19T17:00:00Z,16503.0,16503.0,False,False,False,
2023-10-19T18:00:00Z,17326.0,17326.0,False,False,False,
2023-10-19T19:00:00Z,17983.0,17983.0,False,False,False,
2023-10-19T20:00:00Z,18502.0,18502.0,False,False,False,
2023-10-19T21:00:00Z,18637.0,18637.0,False,False,False,
2023-10-19T22:00:00Z,18268.0,18268.0,False,False,False,
2023-10-19T23:00:00Z,17791.0,17791.0,False,False,False,
2023-10-20T00:00:00Z,17750.0,17750.0,False,False,False,
2023-10-20T01:00:00Z,17133.0,17133.0,False,False,False,
2023-10-20T02:00:00Z,16077.0,16077.0,False,False,False,
2023-10-20T03:00:00Z,14805.0,14805.0,False,False,False,
2023-10-20T04:00:00Z,13332.0,13332.0,False,False,False,
2023-10-20T05:00:00Z,12145.0,12145.0,False,False,False,
2023-10-20T06:00:00Z,11299.0,11299.0,False,False,False,
2023-10-20T07:00:00Z,10756.0,10756.0,False,False,False,
2023-10-20T08:00:00Z,10445.0,10445.0,False,False,False,
2023-10-20T09:00:00Z,10414.0,10414.0,False,False,False,
2023-10-20T10:00:00Z,10912.0,10912.0,False,False,False,
2023-10-20T11:00:00Z,11942.0,11942.0,False,False,False,
2023-10-20T12:00:00Z,12572.0,12572.0,False,False,False,
2023-10-20T13:00:00Z,13121.0,13121.0,False,False,False,
2023-10-20T14:00:00Z,13957.0,13957.0,False,False,False,
2023-10-20T15:00:00Z,14702.0,14702.0,False,False,False,
2023-10-20T16:00:00Z,15632.0,15632.0,False,False,False,
2023-10-20T17:00:00Z,16764.0,16764.0,False,False,False,
2023-10-20T18:00:00Z,17781.0,17781.0,False,False,False,
2023-10-20T19:00:00Z,18402.0,18402.0,False,False,False,
2023-10-20T20:00:00Z,18815.0,18815.0,False,False,False,
2023-10-20T21:00:00Z,19095.0,19095.0,False,False,False,
2023-10-20T22:00:00Z,18926.0,18926.0,False,False,False,
2023-10-20T23:00:00Z,18097.0,18097.0,False,False,False,
2023-10-21T00:00:00Z,17451.0,17451.0,False,False,False,
2023-10-21T01:00:00Z,16607.0,16607.0,False,False,False,
2023-10-21T02:00:00Z,15693.0,15693.0,False,False,False,
2023-10-21T03:00:00Z,14660.0,14660.0,False,False,False,
2023-10-21T04:00:00Z,13473.0,13473.0,False,False,False,
2023-10-21T05:00:00Z,12340.0,12340.0,False,False,False,
2023-10-21T06:00:00Z,11452.0,11452.0,False,False,False,
2023-10-21T07:00:00Z,10802.0,10802.0,False,False,False,
2023-10-21T08:00:00Z,10347.0,10347.0,False,False,False,
2023-10-21T09:00:00Z,10120.0,10120.0,False,False,False,
2023-10-21T10:00:00Z,10138.0,10138.0,False,False,False,
2023-10-21T11:00:00Z,10486.0,10486.0,False,False,False,
2023-10-21T12:00:00Z,11004.0,11004.0,False,False,False,
2023-10-21T13:00:00Z,12326.0,12326.0,False,False,False,
2023-10-21T14:00:00Z,13960.0,13960.0,False,False,False,
2023-10-21T15:00:00Z,15295.0,15295.0,False,False,False,
2023-10-21T16:00:00Z,16534.0,16534.0,False,False,False,
2023-10-21T17:00:00Z,17620.0,17620.0,False,False,False,
2023-10-21T18:00:00Z,18667.0,18667.0,False,False,False,
2023-10-21T19:00:00Z,19600.0,19600.0,False,False,False,
2023-10-21T20:00:00Z,20286.0,20286.0,False,False,False,
2023-10-21T21:00:00Z,20630.0,20630.0,False,False,False,
2023-10-21T22:00:00Z,20242.0,20242.0,False,False,False,
2023-10-21T23:00:00Z,18997.0,18997.0,False,False,False,
2023-10-22T00:00:00Z,18262.0,18262.0,False,False,False,
2023-10-22T01:00:00Z,17213.0,17213.0,False,False,False,
2023-10-22T02:00:00Z,16071.0,16071.0,False,False,False,
2023-10-22T03:00:00Z,14929.0,14929.0,False,False,False,
2023-10-22T04:00:00Z,13783.0,13783.0,False,False,False,
2023-10-22T05:00:00Z,12695.0,12695.0,False,False,False,
2023-10-22T06:00:00Z,11798.0,11798.0,False,False,False,
2023-10-22T07:00:00Z,11087.0,11087.0,False,False,False,
2023-10-22T08:00:00Z,10636.0,10636.0,False,False,False,
2023-10-22T09:00:00Z,10334.0,10334.0,False,False,False,
2023-10-22T10:00:00Z,10274.0,10274.0,False,False,False,
2023-10-22T11:00:00Z,10465.0,10465.0,False,False,False,
2023-10-22T12:00:00Z,10863.0,10863.0,False,False,False,
2023-10-22T13:00:00Z,12022.0,12022.0,False,False,False,
2023-10-22T14:00:00Z,13464.0,13464.0,False,False,False,
2023-10-22T15:00:00Z,14558.0,14558.0,False,False,False,
2023-10-22T16:00:00Z,15562.0,15562.0,False,False,False,
2023-10-22T17:00:00Z,16681.0,16681.0,False,False,False,
2023-10-22T18:00:00Z,17641.0,17641.0,False,False,False,
2023-10-22T19:00:00Z,18609.0,18609.0,False,False,False,
2023-10-22T20:00:00Z,19269.0,19269.0,False,False,False,
2023-10-22T21:00:00Z,19539.0,19539.0,False,False,False,
2023-10-22T22:00:00Z,19324.0,19324.0,False,False,False,
2023-10-22T23:00:00Z,18474.0,18474.0,False,False,False,
2023-10-23T00:00:00Z,18083.0,18083.0,False,False,False,
2023-10-23T01:00:00Z,17118.0,17118.0,False,False,False,
2023-10-23T02:00:00Z,15851.0,15851.0,False,False,False,
2023-10-23T03:00:00Z,14328.0,14328.0,False,False,False,
2023-10-23T04:00:00Z,12851.0,12851.0,False,False,False,
2023-10-23T05:00:00Z,11634.0,11634.0,False,False,False,
2023-10-23T06:00:00Z,10729.0,10729.0,False,False,False,
2023-10-23T07:00:00Z,10173.0,10173.0,False,False,False,
2023-10-23T08:00:00Z,9849.0,9849.0,False,False,False,
2023-10-23T09:00:00Z,9897.0,9897.0,False,False,False,
2023-10-23T10:00:00Z,10496.0,10496.0,False,False,False,
2023-10-23T11:00:00Z,11515.0,11515.0,False,False,False,
2023-10-23T12:00:00Z,12157.0,12157.0,False,False,False,
2023-10-23T13:00:00Z,12837.0,12837.0,False,False,False,
2023-10-23T14:00:00Z,13919.0,13919.0,False,False,False,
2023-10-23T15:00:00Z,15082.0,15082.0,False,False,False,
2023-10-23T16:00:00Z,16323.0,16323.0,False,False,False,
2023-10-23T17:00:00Z,17438.0,17438.0,False,False,False,
2023-10-23T18:00:00Z,18556.0,18556.0,False,False,False,
2023-10-23T19:00:00Z,19518.0,19518.0,False,False,False,
2023-10-23T20:00:00Z,20360.0,20360.0,False,False,False,
2023-10-23T21:00:00Z,20769.0,20769.0,False,False,False,
2023-10-23T22:00:00Z,20529.0,20529.0,False,False,False,
2023-10-23T23:00:00Z,19731.0,19731.0,False,False,False,
2023-10-24T00:00:00Z,19380.0,19380.0,False,False,False,
2023-10-24T01:00:00Z,18133.0,18133.0,False,False,False,
2023-10-24T02:00:00Z,16967.0,16967.0,False,False,False,
2023-10-24T03:00:00Z,15577.0,15577.0,False,False,False,
2023-10-24T04:00:00Z,14206.0,14206.0,False,False,False,
2023-10-24T05:00:00Z,12880.0,12880.0,False,False,False,
2023-10-24T06:00:00Z,11970.0,11970.0,False,False,False,
2023-10-24T07:00:00Z,11512.0,11512.0,False,False,False,
2023-10-24T08:00:00Z,11165.0,11165.0,False,False,False,
2023-10-24T09:00:00Z,11113.0,11113.0,False,False,False,
2023-10-24T10:00:00Z,11616.0,11616.0,False,False,False,
2023-10-24T11:00:00Z,12617.0,12617.0,False,False,False,
2023-10-24T12:00:00Z,13294.0,13294.0,False,False,False,
2023-10-24T13:00:00Z,14117.0,14117.0,False,False,False,
2023-10-24T14:00:00Z,15361.0,15361.0,False,False,False,
2023-10-24T15:00:00Z,16544.0,16544.0,False,False,False,
2023-10-24T16:00:00Z,17438.0,17438.0,False,False,False,
2023-10-24T17:00:00Z,18150.0,18150.0,False,False,False,
2023-10-24T18:00:00Z,18665.0,18665.0,False,False,False,
2023-10-24T19:00:00Z,18916.0,18916.0,False,False,False,
2023-10-24T20:00:00Z,19268.0,19268.0,False,False,False,
2023-10-24T21:00:00Z,19467.0,19467.0,False,False,False,
2023-10-24T22:00:00Z,19324.0,19324.0,False,False,False,
2023-10-24T23:00:00Z,18813.0,18813.0,False,False,False,
2023-10-25T00:00:00Z,18766.0,18766.0,False,False,False,
2023-10-25T01:00:00Z,18078.0,18078.0,False,False,False,
2023-10-25T02:00:00Z,17011.0,17011.0,False,False,False,
2023-10-25T03:00:00Z,15777.0,15777.0,False,False,False,
2023-10-25T04:00:00Z,14134.0,14134.0,False,False,False,
2023-10-25T05:00:00Z,13096.0,13096.0,False,False,False,
2023-10-25T06:00:00Z,12094.0,12094.0,False,False,False,
2023-10-25T07:00:00Z,11538.0,11538.0,False,False,False,
2023-10-25T08:00:00Z,11198.0,11198.0,False,False,False,
2023-10-25T09:00:00Z,11202.0,11202.0,False,False,False,
2023-10-25T10:00:00Z,11750.0,11750.0,False,False,False,
2023-10-25T11:00:00Z,12747.0,12747.0,False,False,False,
2023-10-25T12:00:00Z,13335.0,13335.0,False,False,False,
2023-10-25T13:00:00Z,14130.0,14130.0,False,False,False,
2023-10-25T14:00:00Z,15382.0,15382.0,False,False,False,
2023-10-25T15:00:00Z,16467.0,16467.0,False,False,False,
2023-10-25T16:00:00Z,17384.0,17384.0,False,False,False,
2023-10-25T17:00:00Z,18208.0,18208.0,False,False,False,
2023-10-25T18:00:00Z,18991.0,18991.0,False,False,False,
2023-10-25T19:00:00Z,19523.0,19523.0,False,False,False,
2023-10-25T20:00:00Z,19790.0,19790.0,False,False,False,
2023-10-25T21:00:00Z,19836.0,19836.0,False,False,False,
2023-10-25T22:00:00Z,19593.0,19593.0,False,False,False,
2023-10-25T23:00:00Z,19085.0,19085.0,False,False,False,
2023-10-26T00:00:00Z,18970.0,18970.0,False,False,False,
2023-10-26T01:00:00Z,18314.0,18314.0,False,False,False,
2023-10-26T02:00:00Z,17352.0,17352.0,False,False,False,
2023-10-26T03:00:00Z,16080.0,16080.0,False,False,False,
2023-10-26T04:00:00Z,14775.0,14775.0,False,False,False,
2023-10-26T05:00:00Z,13419.0,13419.0,False,False,False,
2023-10-26T06:00:00Z,12535.0,12535.0,False,False,False,
2023-10-26T07:00:00Z,12011.0,12011.0,False,False,False,
2023-10-26T08:00:00Z,11765.0,11765.0,False,False,False,
2023-10-26T09:00:00Z,11810.0,11810.0,False,False,False,
2023-10-26T10:00:00Z,12405.0,12405.0,False,False,False,
2023-10-26T11:00:00Z,13463.0,13463.0,False,False,False,
2023-10-26T12:00:00Z,14077.0,14077.0,False,False,False,
2023-10-26T13:00:00Z,14631.0,14631.0,False,False,False,
2023-10-26T14:00:00Z,15622.0,15622.0,False,False,False,
2023-10-26T15:00:00Z,16592.0,16592.0,False,False,False,
2023-10-26T16:00:00Z,17542.0,17542.0,False,False,False,
2023-10-26T17:00:00Z,18288.0,18288.0,False,False,False,
2023-10-26T18:00:00Z,19112.0,19112.0,False,False,False,
2023-10-26T19:00:00Z,19736.0,19736.0,False,False,False,
2023-10-26T20:00:00Z,20231.0,20231.0,False,False,False,
2023-10-26T21:00:00Z,20432.0,20432.0,False,False,False,
2023-10-26T22:00:00Z,20098.0,20098.0,False,False,False,
2023-10-26T23:00:00Z,19374.0,19374.0,False,False,False,
2023-10-27T00:00:00Z,19103.0,19103.0,False,False,False,
2023-10-27T01:00:00Z,18449.0,18449.0,False,False,False,
2023-10-27T02:00:00Z,17477.0,17477.0,False,False,False,
2023-10-27T03:00:00Z,16189.0,16189.0,False,False,False,
2023-10-27T04:00:00Z,14719.0,14719.0,False,False,False,
2023-10-27T05:00:00Z,13444.0,13444.0,False,False,False,
2023-10-27T06:00:00Z,12563.0,12563.0,False,False,False,
2023-10-27T07:00:00Z,11959.0,11959.0,False,False,False,
2023-10-27T08:00:00Z,11552.0,11552.0,False,False,False,
2023-10-27T09:00:00Z,11420.0,11420.0,False,False,False,
2023-10-27T10:00:00Z,11791.0,11791.0,False,False,False,
2023-10-27T11:00:00Z,12702.0,12702.0,False,False,False,
2023-10-27T12:00:00Z,13349.0,13349.0,False,False,False,
2023-10-27T13:00:00Z,14275.0,14275.0,False,False,False,
2023-10-27T14:00:00Z,15600.0,15600.0,False,False,False,
2023-10-27T15:00:00Z,16930.0,16930.0,False,False,False,
2023-10-27T16:00:00Z,18043.0,18043.0,False,False,False,
2023-10-27T17:00:00Z,18839.0,18839.0,False,False,False,
2023-10-27T18:00:00Z,19571.0,19571.0,False,False,False,
2023-10-27T19:00:00Z,20103.0,20103.0,False,False,False,
2023-10-27T20:00:00Z,20469.0,20469.0,False,False,False,
2023-10-27T21:00:00Z,20600.0,20600.0,False,False,False,
2023-10-27T22:00:00Z,20126.0,20126.0,False,False,False,
2023-10-27T23:00:00Z,18983.0,18983.0,False,False,False,
2023-10-28T00:00:00Z,18427.0,18427.0,False,False,False,
2023-10-28T01:00:00Z,17627.0,17627.0,False,False,False,
2023-10-28T02:00:00Z,16755.0,16755.0,False,False,False,
2023-10-28T03:00:00Z,15708.0,15708.0,False,False,False,
2023-10-28T04:00:00Z,14681.0,14681.0,False,False,False,
2023-10-28T05:00:00Z,13606.0,13606.0,False,False,False,
2023-10-28T06:00:00Z,12677.0,12677.0,False,False,False,
2023-10-28T07:00:00Z,12039.0,12039.0,False,False,False,
2023-10-28T08:00:00Z,11621.0,11621.0,False,False,False,
2023-10-28T09:00:00Z,11420.0,11420.0,False,False,False,
2023-10-28T10:00:00Z,11483.0,11483.0,False,False,False,
2023-10-28T11:00:00Z,11843.0,11843.0,False,False,False,
2023-10-28T12:00:00Z,12317.0,12317.0,False,False,False,
2023-10-28T13:00:00Z,13544.0,13544.0,False,False,False,
2023-10-28T14:00:00Z,15372.0,15372.0,False,False,False,
2023-10-28T15:00:00Z,16896.0,16896.0,False,False,False,
2023-10-28T16:00:00Z,18039.0,18039.0,False,False,False,
2023-10-28T17:00:00Z,18966.0,18966.0,False,False,False,
2023-10-28T18:00:00Z,19735.0,19735.0,False,False,False,
2023-10-28T19:00:00Z,20255.0,20255.0,False,False,False,
2023-10-28T20:00:00Z,20600.0,20600.0,False,False,False,
2023-10-28T21:00:00Z,20600.0,20600.0,False,False,False,
2023-10-28T22:00:00Z,20042.0,20042.0,False,False,False,
2023-10-28T23:00:00Z,19015.0,19015.0,False,False,False,
2023-10-29T00:00:00Z,18390.0,18390.0,False,False,False,
2023-10-29T01:00:00Z,17639.0,17639.0,False,False,False,
2023-10-29T02:00:00Z,16666.0,16666.0,False,False,False,
2023-10-29T03:00:00Z,15716.0,15716.0,False,False,False,
2023-10-29T04:00:00Z,14590.0,14590.0,False,False,False,
2023-10-29T05:00:00Z,13510.0,13510.0,False,False,False,
2023-10-29T06:00:00Z,12650.0,12650.0,False,False,False,
2023-10-29T07:00:00Z,12030.0,12030.0,False,False,False,
2023-10-29T08:00:00Z,11585.0,11585.0,False,False,False,
2023-10-29T09:00:00Z,11324.0,11324.0,False,False,False,
2023-10-29T10:00:00Z,11270.0,11270.0,False,False,False,
2023-10-29T11:00:00Z,11462.0,11462.0,False,False,False,
2023-10-29T12:00:00Z,11835.0,11835.0,False,False,False,
2023-10-29T13:00:00Z,13083.0,13083.0,False,False,False,
2023-10-29T14:00:00Z,14886.0,14886.0,False,False,False,
2023-10-29T15:00:00Z,16233.0,16233.0,False,False,False,
2023-10-29T16:00:00Z,17606.0,17606.0,False,False,False,
2023-10-29T17:00:00Z,18772.0,18772.0,False,False,False,
2023-10-29T18:00:00Z,19581.0,19581.0,False,False,False,
2023-10-29T19:00:00Z,20058.0,20058.0,False,False,False,
2023-10-29T20:00:00Z,20393.0,20393.0,False,False,False,
2023-10-29T21:00:00Z,20574.0,20574.0,False,False,False,
2023-10-29T22:00:00Z,20279.0,20279.0,False,False,False,
2023-10-29T23:00:00Z,19523.0,19523.0,False,False,False,
2023-10-30T00:00:00Z,19255.0,19255.0,False,False,False,
2023-10-30T01:00:00Z,18450.0,18450.0,False,False,False,
2023-10-30T02:00:00Z,17404.0,17404.0,False,False,False,
2023-10-30T03:00:00Z,16138.0,16138.0,False,False,False,
2023-10-30T04:00:00Z,14623.0,14623.0,False,False,False,
2023-10-30T05:00:00Z,13344.0,13344.0,False,False,False,
2023-10-30T06:00:00Z,12414.0,12414.0,False,False,False,
2023-10-30T07:00:00Z,11856.0,11856.0,False,False,False,
2023-10-30T08:00:00Z,11510.0,11510.0,False,False,False,
2023-10-30T09:00:00Z,11485.0,11485.0,False,False,False,
2023-10-30T10:00:00Z,12001.0,12001.0,False,False,False,
2023-10-30T11:00:00Z,12922.0,12922.0,False,False,False,
2023-10-30T12:00:00Z,13484.0,13484.0,False,False,False,
2023-10-30T13:00:00Z,14223.0,14223.0,False,False,False,
2023-10-30T14:00:00Z,15621.0,15621.0,False,False,False,
2023-10-30T15:00:00Z,17020.0,17020.0,False,False,False,
2023-10-30T16:00:00Z,18215.0,18215.0,False,False,False,
2023-10-30T17:00:00Z,19309.0,19309.0,False,False,False,
2023-10-30T18:00:00Z,20209.0,20209.0,False,False,False,
2023-10-30T19:00:00Z,21031.0,21031.0,False,False,False,
2023-10-30T20:00:00Z,21610.0,21610.0,False,False,False,
2023-10-30T21:00:00Z,21800.0,21800.0,False,False,False,
2023-10-30T22:00:00Z,21508.0,21508.0,False,False,False,
2023-10-30T23:00:00Z,20690.0,20690.0,False,False,False,
2023-10-31T00:00:00Z,20421.0,20421.0,False,False,False,
2023-10-31T01:00:00Z,19404.0,19404.0,False,False,False,
2023-10-31T02:00:00Z,18179.0,18179.0,False,False,False,
2023-10-31T03:00:00Z,16694.0,16694.0,False,False,False,
2023-10-31T04:00:00Z,15035.0,15035.0,False,False,False,
2023-10-31T05:00:00Z,,,True,True,False,missing_or_nonpositive
2023-10-31T06:00:00Z,,,True,True,False,missing_or_nonpositive
2023-10-31T07:00:00Z,,,True,True,False,missing_or_nonpositive
2023-10-31T08:00:00Z,,,True,True,False,missing_or_nonpositive
2023-10-31T09:00:00Z,,,True,True,False,missing_or_nonpositive
2023-10-31T10:00:00Z,,,True,True,False,missing_or_nonpositive
2023-10-31T11:00:00Z,,,True,True,False,missing_or_nonpositive
2023-10-31T12:00:00Z,,,True,True,False,missing_or_nonpositive
2023-10-31T13:00:00Z,,,True,True,False,missing_or_nonpositive
2023-10-31T14:00:00Z,,,True,True,False,missing_or_nonpositive
2023-10-31T15:00:00Z,,,True,True,False,missing_or_nonpositive
2023-10-31T16:00:00Z,,,True,True,False,missing_or_nonpositive
2023-10-31T17:00:00Z,,,True,True,False,missing_or_nonpositive
2023-10-31T18:00:00Z,,,True,True,False,missing_or_nonpositive
2023-10-31T19:00:00Z,,,True,True,False,missing_or_nonpositive
2023-10-31T20:00:00Z,,,True,True,False,missing_or_nonpositive
2023-10-31T21:00:00Z,,,True,True,False,missing_or_nonpositive
2023-10-31T22:00:00Z,,,True,True,False,missing_or_nonpositive
2023-10-31T23:00:00Z,,,True,True,False,missing_or_nonpositive
2023-11-01T00:00:00Z,,,True,True,False,missing_or_nonpositive
2023-11-01T01:00:00Z,,,True,True,False,missing_or_nonpositive
2023-11-01T02:00:00Z,,,True,True,False,missing_or_nonpositive
2023-11-01T03:00:00Z,,,True,True,False,missing_or_nonpositive
2023-11-01T04:00:00Z,,,True,True,False,missing_or_nonpositive
2023-11-01T05:00:00Z,,,True,True,False,missing_or_nonpositive
2023-11-01T06:00:00Z,,,True,True,False,missing_or_nonpositive
2023-11-01T07:00:00Z,,,True,True,False,missing_or_nonpositive
2023-11-01T08:00:00Z,,,True,True,False,missing_or_nonpositive
2023-11-01T09:00:00Z,,,True,True,False,missing_or_nonpositive
2023-11-01T10:00:00Z,,,True,True,False,missing_or_nonpositive
2023-11-01T11:00:00Z,,,True,True,False,missing_or_nonpositive
2023-11-01T12:00:00Z,,,True,True,False,missing_or_nonpositive
2023-11-01T13:00:00Z,,,True,True,False,missing_or_nonpositive
2023-11-01T14:00:00Z,,,True,True,False,missing_or_nonpositive
2023-11-01T15:00:00Z,,,True,True,False,missing_or_nonpositive
2023-11-01T16:00:00Z,,,True,True,False,missing_or_nonpositive
2023-11-01T17:00:00Z,,,True,True,False,missing_or_nonpositive
2023-11-01T18:00:00Z,,,True,True,False,missing_or_nonpositive
2023-11-01T19:00:00Z,,,True,True,False,missing_or_nonpositive
2023-11-01T20:00:00Z,,,True,True,False,missing_or_nonpositive
2023-11-01T21:00:00Z,,,True,True,False,missing_or_nonpositive
2023-11-01T22:00:00Z,,,True,True,False,missing_or_nonpositive
2023-11-01T23:00:00Z,,,True,True,False,missing_or_nonpositive
2023-11-02T00:00:00Z,,,True,True,False,missing_or_nonpositive
2023-11-02T01:00:00Z,,,True,True,False,missing_or_nonpositive
2023-11-02T02:00:00Z,,,True,True,False,missing_or_nonpositive
2023-11-02T03:00:00Z,,,True,True,False,missing_or_nonpositive
2023-11-02T04:00:00Z,,,True,True,False,missing_or_nonpositive
2023-11-02T05:00:00Z,11820.0,11820.0,False,False,False,
2023-11-02T06:00:00Z,11084.0,11084.0,False,False,False,
2023-11-02T07:00:00Z,10671.0,10671.0,False,False,False,
2023-11-02T08:00:00Z,10494.0,10494.0,False,False,False,
2023-11-02T09:00:00Z,10570.0,10570.0,False,False,False,
2023-11-02T10:00:00Z,11228.0,11228.0,False,False,False,
2023-11-02T11:00:00Z,12319.0,12319.0,False,False,False,
2023-11-02T12:00:00Z,13119.0,13119.0,False,False,False,
2023-11-02T13:00:00Z,13706.0,13706.0,False,False,False,
2023-11-02T14:00:00Z,14284.0,14284.0,False,False,False,
2023-11-02T15:00:00Z,14698.0,14698.0,False,False,False,
2023-11-02T16:00:00Z,15032.0,15032.0,False,False,False,
2023-11-02T17:00:00Z,15366.0,15366.0,False,False,False,
2023-11-02T18:00:00Z,15677.0,15677.0,False,False,False,
2023-11-02T19:00:00Z,15915.0,15915.0,False,False,False,
2023-11-02T20:00:00Z,16088.0,16088.0,False,False,False,
2023-11-02T21:00:00Z,16252.0,16252.0,False,False,False,
2023-11-02T22:00:00Z,16168.0,16168.0,False,False,False,
2023-11-02T23:00:00Z,16051.0,16051.0,False,False,False,
2023-11-03T00:00:00Z,16269.0,16269.0,False,False,False,
2023-11-03T01:00:00Z,15858.0,15858.0,False,False,False,
2023-11-03T02:00:00Z,15072.0,15072.0,False,False,False,
2023-11-03T03:00:00Z,14026.0,14026.0,False,False,False,
2023-11-03T04:00:00Z,12749.0,12749.0,False,False,False,
2023-11-03T05:00:00Z,11608.0,11608.0,False,False,False,
2023-11-03T06:00:00Z,10820.0,10820.0,False,False,False,
2023-11-03T07:00:00Z,10371.0,10371.0,False,False,False,
2023-11-03T08:00:00Z,10181.0,10181.0,False,False,False,
2023-11-03T09:00:00Z,10311.0,10311.0,False,False,False,
2023-11-03T10:00:00Z,10930.0,10930.0,False,False,False,
2023-11-03T11:00:00Z,11981.0,11981.0,False,False,False,
2023-11-03T12:00:00Z,12780.0,12780.0,False,False,False,
2023-11-03T13:00:00Z,13496.0,13496.0,False,False,False,
2023-11-03T14:00:00Z,14471.0,14471.0,False,False,False,
2023-11-03T15:00:00Z,15220.0,15220.0,False,False,False,
2023-11-03T16:00:00Z,15822.0,15822.0,False,False,False,
2023-11-03T17:00:00Z,16391.0,16391.0,False,False,False,
2023-11-03T18:00:00Z,16744.0,16744.0,False,False,False,
2023-11-03T19:00:00Z,17055.0,17055.0,False,False,False,
2023-11-03T20:00:00Z,17464.0,17464.0,False,False,False,
2023-11-03T21:00:00Z,17528.0,17528.0,False,False,False,
2023-11-03T22:00:00Z,17270.0,17270.0,False,False,False,
2023-11-03T23:00:00Z,16908.0,16908.0,False,False,False,
2023-11-04T00:00:00Z,16692.0,16692.0,False,False,False,
2023-11-04T01:00:00Z,16023.0,16023.0,False,False,False,
2023-11-04T02:00:00Z,15608.0,15608.0,False,False,False,
2023-11-04T03:00:00Z,14629.0,14629.0,False,False,False,
2023-11-04T04:00:00Z,13623.0,13623.0,False,False,False,
2023-11-04T05:00:00Z,12299.0,12299.0,False,False,False,
2023-11-04T06:00:00Z,11561.0,11561.0,False,False,False,
2023-11-04T07:00:00Z,10949.0,10949.0,False,False,False,
2023-11-04T08:00:00Z,10573.0,10573.0,False,False,False,
2023-11-04T09:00:00Z,10408.0,10408.0,False,False,False,
2023-11-04T10:00:00Z,10506.0,10506.0,False,False,False,
2023-11-04T11:00:00Z,10911.0,10911.0,False,False,False,
2023-11-04T12:00:00Z,11516.0,11516.0,False,False,False,
2023-11-04T13:00:00Z,12406.0,12406.0,False,False,False,
2023-11-04T14:00:00Z,13488.0,13488.0,False,False,False,
2023-11-04T15:00:00Z,14420.0,14420.0,False,False,False,
2023-11-04T16:00:00Z,14971.0,14971.0,False,False,False,
2023-11-04T17:00:00Z,15500.0,15500.0,False,False,False,
2023-11-04T18:00:00Z,16096.0,16096.0,False,False,False,
2023-11-04T19:00:00Z,16696.0,16696.0,False,False,False,
2023-11-04T20:00:00Z,16964.0,16964.0,False,False,False,
2023-11-04T21:00:00Z,16978.0,16978.0,False,False,False,
2023-11-04T22:00:00Z,16664.0,16664.0,False,False,False,
2023-11-04T23:00:00Z,16234.0,16234.0,False,False,False,
2023-11-05T00:00:00Z,16024.0,16024.0,False,False,False,
2023-11-05T01:00:00Z,15388.0,15388.0,False,False,False,
2023-11-05T02:00:00Z,14607.0,14607.0,False,False,False,
2023-11-05T03:00:00Z,13818.0,13818.0,False,False,False,
2023-11-05T04:00:00Z,12852.0,12852.0,False,False,False,
2023-11-05T05:00:00Z,,,True,True,False,missing_or_nonpositive
2023-11-05T06:00:00Z,10306.0,10306.0,False,False,False,
2023-11-05T07:00:00Z,9943.0,9943.0,False,False,False,
2023-11-05T08:00:00Z,9734.0,9734.0,False,False,False,
2023-11-05T09:00:00Z,9684.0,9684.0,False,False,False,
2023-11-05T10:00:00Z,9882.0,9882.0,False,False,False,
2023-11-05T11:00:00Z,10339.0,10339.0,False,False,False,
2023-11-05T12:00:00Z,11318.0,11318.0,False,False,False,
2023-11-05T13:00:00Z,12826.0,12826.0,False,False,False,
2023-11-05T14:00:00Z,14120.0,14120.0,False,False,False,
2023-11-05T15:00:00Z,15072.0,15072.0,False,False,False,
2023-11-05T16:00:00Z,15929.0,15929.0,False,False,False,
2023-11-05T17:00:00Z,16715.0,16715.0,False,False,False,
2023-11-05T18:00:00Z,17232.0,17232.0,False,False,False,
2023-11-05T19:00:00Z,17422.0,17422.0,False,False,False,
2023-11-05T20:00:00Z,17417.0,17417.0,False,False,False,
2023-11-05T21:00:00Z,16994.0,16994.0,False,False,False,
2023-11-05T22:00:00Z,16565.0,16565.0,False,False,False,
2023-11-05T23:00:00Z,16363.0,16363.0,False,False,False,
2023-11-06T00:00:00Z,15545.0,15545.0,False,False,False,
2023-11-06T01:00:00Z,14685.0,14685.0,False,False,False,
2023-11-06T02:00:00Z,13627.0,13627.0,False,False,False,
2023-11-06T03:00:00Z,12456.0,12456.0,False,False,False,
2023-11-06T04:00:00Z,11241.0,11241.0,False,False,False,
2023-11-06T05:00:00Z,,,True,True,False,missing_or_nonpositive
2023-11-06T06:00:00Z,10229.0,10229.0,False,False,False,
2023-11-06T07:00:00Z,9557.0,9557.0,False,False,False,
2023-11-06T08:00:00Z,9191.0,9191.0,False,False,False,
2023-11-06T09:00:00Z,9046.0,9046.0,False,False,False,
2023-11-06T10:00:00Z,9230.0,9230.0,False,False,False,
2023-11-06T11:00:00Z,9966.0,9966.0,False,False,False,
2023-11-06T12:00:00Z,11100.0,11100.0,False,False,False,
2023-11-06T13:00:00Z,12045.0,12045.0,False,False,False,
2023-11-06T14:00:00Z,12932.0,12932.0,False,False,False,
2023-11-06T15:00:00Z,13648.0,13648.0,False,False,False,
2023-11-06T16:00:00Z,14346.0,14346.0,False,False,False,
2023-11-06T17:00:00Z,15206.0,15206.0,False,False,False,
2023-11-06T18:00:00Z,16042.0,16042.0,False,False,False,
2023-11-06T19:00:00Z,16850.0,16850.0,False,False,False,
2023-11-06T20:00:00Z,17551.0,17551.0,False,False,False,
2023-11-06T21:00:00Z,17909.0,17909.0,False,False,False,
2023-11-06T22:00:00Z,17822.0,17822.0,False,False,False,
2023-11-06T23:00:00Z,17493.0,17493.0,False,False,False,
2023-11-07T00:00:00Z,17559.0,17559.0,False,False,False,
2023-11-07T01:00:00Z,16818.0,16818.0,False,False,False,
2023-11-07T02:00:00Z,15939.0,15939.0,False,False,False,
2023-11-07T03:00:00Z,14880.0,14880.0,False,False,False,
2023-11-07T04:00:00Z,13643.0,13643.0,False,False,False,
2023-11-07T05:00:00Z,12259.0,12259.0,False,False,False,
2023-11-07T06:00:00Z,11178.0,11178.0,False,False,False,
2023-11-07T07:00:00Z,10438.0,10438.0,False,False,False,
2023-11-07T08:00:00Z,10007.0,10007.0,False,False,False,
2023-11-07T09:00:00Z,9819.0,9819.0,False,False,False,
2023-11-07T10:00:00Z,9884.0,9884.0,False,False,False,
2023-11-07T11:00:00Z,10577.0,10577.0,False,False,False,
2023-11-07T12:00:00Z,11657.0,11657.0,False,False,False,
2023-11-07T13:00:00Z,12625.0,12625.0,False,False,False,
2023-11-07T14:00:00Z,13770.0,13770.0,False,False,False,
2023-11-07T15:00:00Z,14809.0,14809.0,False,False,False,
2023-11-07T16:00:00Z,15747.0,15747.0,False,False,False,
2023-11-07T17:00:00Z,16814.0,16814.0,False,False,False,
2023-11-07T18:00:00Z,17729.0,17729.0,False,False,False,
2023-11-07T19:00:00Z,18474.0,18474.0,False,False,False,
2023-11-07T20:00:00Z,18989.0,18989.0,False,False,False,
2023-11-07T21:00:00Z,19123.0,19123.0,False,False,False,
2023-11-07T22:00:00Z,18901.0,18901.0,False,False,False,
2023-11-07T23:00:00Z,18341.0,18341.0,False,False,False,
2023-11-08T00:00:00Z,18238.0,18238.0,False,False,False,
2023-11-08T01:00:00Z,17487.0,17487.0,False,False,False,
2023-11-08T02:00:00Z,16541.0,16541.0,False,False,False,
2023-11-08T03:00:00Z,15393.0,15393.0,False,False,False,
2023-11-08T04:00:00Z,14139.0,14139.0,False,False,False,
2023-11-08T05:00:00Z,12729.0,12729.0,False,False,False,
2023-11-08T06:00:00Z,11469.0,11469.0,False,False,False,
2023-11-08T07:00:00Z,10661.0,10661.0,False,False,False,
2023-11-08T08:00:00Z,10219.0,10219.0,False,False,False,
2023-11-08T09:00:00Z,9980.0,9980.0,False,False,False,
2023-11-08T10:00:00Z,10062.0,10062.0,False,False,False,
2023-11-08T11:00:00Z,9806.0,9806.0,False,False,False,
2023-11-08T12:00:00Z,11902.0,11902.0,False,False,False,
2023-11-08T13:00:00Z,12802.0,12802.0,False,False,False,
2023-11-08T14:00:00Z,13872.0,13872.0,False,False,False,
2023-11-08T15:00:00Z,14884.0,14884.0,False,False,False,
2023-11-08T16:00:00Z,15869.0,15869.0,False,False,False,
2023-11-08T17:00:00Z,16870.0,16870.0,False,False,False,
2023-11-08T18:00:00Z,17760.0,17760.0,False,False,False,
2023-11-08T19:00:00Z,18511.0,18511.0,False,False,False,
2023-11-08T20:00:00Z,19009.0,19009.0,False,False,False,
2023-11-08T21:00:00Z,19197.0,19197.0,False,False,False,
2023-11-08T22:00:00Z,18948.0,18948.0,False,False,False,
2023-11-08T23:00:00Z,18498.0,18498.0,False,False,False,
2023-11-09T00:00:00Z,18421.0,18421.0,False,False,False,
2023-11-09T01:00:00Z,17729.0,17729.0,False,False,False,
2023-11-09T02:00:00Z,16737.0,16737.0,False,False,False,
2023-11-09T03:00:00Z,15579.0,15579.0,False,False,False,
2023-11-09T04:00:00Z,14401.0,14401.0,False,False,False,
2023-11-09T05:00:00Z,13233.0,13233.0,False,False,False,
2023-11-09T06:00:00Z,12048.0,12048.0,False,False,False,
2023-11-09T07:00:00Z,11212.0,11212.0,False,False,False,
2023-11-09T08:00:00Z,10737.0,10737.0,False,False,False,
2023-11-09T09:00:00Z,10461.0,10461.0,False,False,False,
2023-11-09T10:00:00Z,10507.0,10507.0,False,False,False,
2023-11-09T11:00:00Z,11172.0,11172.0,False,False,False,
2023-11-09T12:00:00Z,12284.0,12284.0,False,False,False,
2023-11-09T13:00:00Z,13170.0,13170.0,False,False,False,
2023-11-09T14:00:00Z,14261.0,14261.0,False,False,False,
2023-11-09T15:00:00Z,15327.0,15327.0,False,False,False,
2023-11-09T16:00:00Z,16342.0,16342.0,False,False,False,
2023-11-09T17:00:00Z,17181.0,17181.0,False,False,False,
2023-11-09T18:00:00Z,17828.0,17828.0,False,False,False,
2023-11-09T19:00:00Z,18188.0,18188.0,False,False,False,
2023-11-09T20:00:00Z,18387.0,18387.0,False,False,False,
2023-11-09T21:00:00Z,18423.0,18423.0,False,False,False,
2023-11-09T22:00:00Z,18439.0,18439.0,False,False,False,
2023-11-09T23:00:00Z,18121.0,18121.0,False,False,False,
2023-11-10T00:00:00Z,18181.0,18181.0,False,False,False,
2023-11-10T01:00:00Z,17616.0,17616.0,False,False,False,
2023-11-10T02:00:00Z,16851.0,16851.0,False,False,False,
2023-11-10T03:00:00Z,16012.0,16012.0,False,False,False,
2023-11-10T04:00:00Z,15067.0,15067.0,False,False,False,
2023-11-10T05:00:00Z,13880.0,13880.0,False,False,False,
2023-11-10T06:00:00Z,12811.0,12811.0,False,False,False,
2023-11-10T07:00:00Z,12029.0,12029.0,False,False,False,
2023-11-10T08:00:00Z,11530.0,11530.0,False,False,False,
2023-11-10T09:00:00Z,11266.0,11266.0,False,False,False,
2023-11-10T10:00:00Z,11249.0,11249.0,False,False,False,
2023-11-10T11:00:00Z,11634.0,11634.0,False,False,False,
2023-11-10T12:00:00Z,12350.0,12350.0,False,False,False,
2023-11-10T13:00:00Z,13409.0,13409.0,False,False,False,
2023-11-10T14:00:00Z,15230.0,15230.0,False,False,False,
2023-11-10T15:00:00Z,16872.0,16872.0,False,False,False,
2023-11-10T16:00:00Z,18316.0,18316.0,False,False,False,
2023-11-10T17:00:00Z,19571.0,19571.0,False,False,False,
2023-11-10T18:00:00Z,20594.0,20594.0,False,False,False,
2023-11-10T19:00:00Z,21429.0,21429.0,False,False,False,
2023-11-10T20:00:00Z,21873.0,21873.0,False,False,False,
2023-11-10T21:00:00Z,21911.0,21911.0,False,False,False,
2023-11-10T22:00:00Z,21357.0,21357.0,False,False,False,
2023-11-10T23:00:00Z,20535.0,20535.0,False,False,False,
2023-11-11T00:00:00Z,19909.0,19909.0,False,False,False,
2023-11-11T01:00:00Z,18934.0,18934.0,False,False,False,
2023-11-11T02:00:00Z,17961.0,17961.0,False,False,False,
2023-11-11T03:00:00Z,17073.0,17073.0,False,False,False,
2023-11-11T04:00:00Z,16120.0,16120.0,False,False,False,
2023-11-11T05:00:00Z,15147.0,15147.0,False,False,False,
2023-11-11T06:00:00Z,14086.0,14086.0,False,False,False,
2023-11-11T07:00:00Z,13258.0,13258.0,False,False,False,
2023-11-11T08:00:00Z,12624.0,12624.0,False,False,False,
2023-11-11T09:00:00Z,12189.0,12189.0,False,False,False,
2023-11-11T10:00:00Z,11997.0,11997.0,False,False,False,
2023-11-11T11:00:00Z,12038.0,12038.0,False,False,False,
2023-11-11T12:00:00Z,12327.0,12327.0,False,False,False,
2023-11-11T13:00:00Z,13345.0,13345.0,False,False,False,
2023-11-11T14:00:00Z,15357.0,15357.0,False,False,False,
2023-11-11T15:00:00Z,17218.0,17218.0,False,False,False,
2023-11-11T16:00:00Z,18637.0,18637.0,False,False,False,
2023-11-11T17:00:00Z,19919.0,19919.0,False,False,False,
2023-11-11T18:00:00Z,20858.0,20858.0,False,False,False,
2023-11-11T19:00:00Z,21378.0,21378.0,False,False,False,
2023-11-11T20:00:00Z,21627.0,21627.0,False,False,False,
2023-11-11T21:00:00Z,21434.0,21434.0,False,False,False,
2023-11-11T22:00:00Z,20734.0,20734.0,False,False,False,
2023-11-11T23:00:00Z,19839.0,19839.0,False,False,False,
2023-11-12T00:00:00Z,19224.0,19224.0,False,False,False,
2023-11-12T01:00:00Z,18216.0,18216.0,False,False,False,
2023-11-12T02:00:00Z,17353.0,17353.0,False,False,False,
2023-11-12T03:00:00Z,16629.0,16629.0,False,False,False,
2023-11-12T04:00:00Z,15753.0,15753.0,False,False,False,
2023-11-12T05:00:00Z,14741.0,14741.0,False,False,False,
2023-11-12T06:00:00Z,13704.0,13704.0,False,False,False,
2023-11-12T07:00:00Z,12778.0,12778.0,False,False,False,
2023-11-12T08:00:00Z,12105.0,12105.0,False,False,False,
2023-11-12T09:00:00Z,11623.0,11623.0,False,False,False,
2023-11-12T10:00:00Z,11382.0,11382.0,False,False,False,
2023-11-12T11:00:00Z,11417.0,11417.0,False,False,False,
2023-11-12T12:00:00Z,11646.0,11646.0,False,False,False,
2023-11-12T13:00:00Z,12567.0,12567.0,False,False,False,
2023-11-12T14:00:00Z,14442.0,14442.0,False,False,False,
2023-11-12T15:00:00Z,16185.0,16185.0,False,False,False,
2023-11-12T16:00:00Z,17445.0,17445.0,False,False,False,
2023-11-12T17:00:00Z,18545.0,18545.0,False,False,False,
2023-11-12T18:00:00Z,19470.0,19470.0,False,False,False,
2023-11-12T19:00:00Z,19947.0,19947.0,False,False,False,
2023-11-12T20:00:00Z,20230.0,20230.0,False,False,False,
2023-11-12T21:00:00Z,20169.0,20169.0,False,False,False,
2023-11-12T22:00:00Z,19754.0,19754.0,False,False,False,
2023-11-12T23:00:00Z,19231.0,19231.0,False,False,False,
2023-11-13T00:00:00Z,19059.0,19059.0,False,False,False,
2023-11-13T01:00:00Z,18273.0,18273.0,False,False,False,
2023-11-13T02:00:00Z,17400.0,17400.0,False,False,False,
2023-11-13T03:00:00Z,16416.0,16416.0,False,False,False,
2023-11-13T04:00:00Z,15201.0,15201.0,False,False,False,
2023-11-13T05:00:00Z,13924.0,13924.0,False,False,False,
2023-11-13T06:00:00Z,12719.0,12719.0,False,False,False,
2023-11-13T07:00:00Z,11942.0,11942.0,False,False,False,
2023-11-13T08:00:00Z,11445.0,11445.0,False,False,False,
2023-11-13T09:00:00Z,11197.0,11197.0,False,False,False,
2023-11-13T10:00:00Z,11325.0,11325.0,False,False,False,
2023-11-13T11:00:00Z,11974.0,11974.0,False,False,False,
2023-11-13T12:00:00Z,12966.0,12966.0,False,False,False,
2023-11-13T13:00:00Z,13721.0,13721.0,False,False,False,
2023-11-13T14:00:00Z,14656.0,14656.0,False,False,False,
2023-11-13T15:00:00Z,15667.0,15667.0,False,False,False,
2023-11-13T16:00:00Z,16583.0,16583.0,False,False,False,
2023-11-13T17:00:00Z,17403.0,17403.0,False,False,False,
2023-11-13T18:00:00Z,17944.0,17944.0,False,False,False,
2023-11-13T19:00:00Z,18279.0,18279.0,False,False,False,
2023-11-13T20:00:00Z,18290.0,18290.0,False,False,False,
2023-11-13T21:00:00Z,18021.0,18021.0,False,False,False,
2023-11-13T22:00:00Z,17739.0,17739.0,False,False,False,
2023-11-13T23:00:00Z,17928.0,17928.0,False,False,False,
2023-11-14T00:00:00Z,18165.0,18165.0,False,False,False,
2023-11-14T01:00:00Z,17710.0,17710.0,False,False,False,
2023-11-14T02:00:00Z,16849.0,16849.0,False,False,False,
2023-11-14T03:00:00Z,15801.0,15801.0,False,False,False,
2023-11-14T04:00:00Z,14682.0,14682.0,False,False,False,
2023-11-14T05:00:00Z,13376.0,13376.0,False,False,False,
2023-11-14T06:00:00Z,12307.0,12307.0,False,False,False,
2023-11-14T07:00:00Z,11584.0,11584.0,False,False,False,
2023-11-14T08:00:00Z,11143.0,11143.0,False,False,False,
2023-11-14T09:00:00Z,10903.0,10903.0,False,False,False,
2023-11-14T10:00:00Z,10991.0,10991.0,False,False,False,
2023-11-14T11:00:00Z,11759.0,11759.0,False,False,False,
2023-11-14T12:00:00Z,12886.0,12886.0,False,False,False,
2023-11-14T13:00:00Z,13746.0,13746.0,False,False,False,
2023-11-14T14:00:00Z,14562.0,14562.0,False,False,False,
2023-11-14T15:00:00Z,15390.0,15390.0,False,False,False,
2023-11-14T16:00:00Z,16055.0,16055.0,False,False,False,
2023-11-14T17:00:00Z,16562.0,16562.0,False,False,False,
2023-11-14T18:00:00Z,16910.0,16910.0,False,False,False,
2023-11-14T19:00:00Z,17044.0,17044.0,False,False,False,
2023-11-14T20:00:00Z,16827.0,16827.0,False,False,False,
2023-11-14T21:00:00Z,16566.0,16566.0,False,False,False,
2023-11-14T22:00:00Z,16515.0,16515.0,False,False,False,
2023-11-14T23:00:00Z,16908.0,16908.0,False,False,False,
2023-11-15T00:00:00Z,17249.0,17249.0,False,False,False,
2023-11-15T01:00:00Z,16860.0,16860.0,False,False,False,
2023-11-15T02:00:00Z,16254.0,16254.0,False,False,False,
2023-11-15T03:00:00Z,72201.0,,True,False,True,same_hour_7d_median_outlier|same_hour_7d_median_outlier
2023-11-15T04:00:00Z,71967.0,,True,False,True,same_hour_7d_median_outlier|same_hour_7d_median_outlier
2023-11-15T05:00:00Z,71779.0,,True,False,True,same_hour_7d_median_outlier|same_hour_7d_median_outlier
2023-11-15T06:00:00Z,12373.0,12373.0,False,False,False,
2023-11-15T07:00:00Z,11670.0,11670.0,False,False,False,
2023-11-15T08:00:00Z,11227.0,11227.0,False,False,False,
2023-11-15T09:00:00Z,10998.0,10998.0,False,False,False,
2023-11-15T10:00:00Z,11072.0,11072.0,False,False,False,
2023-11-15T11:00:00Z,11784.0,11784.0,False,False,False,
2023-11-15T12:00:00Z,12847.0,12847.0,False,False,False,
2023-11-15T13:00:00Z,13558.0,13558.0,False,False,False,
2023-11-15T14:00:00Z,14253.0,14253.0,False,False,False,
2023-11-15T15:00:00Z,14828.0,14828.0,False,False,False,
2023-11-15T16:00:00Z,15266.0,15266.0,False,False,False,
2023-11-15T17:00:00Z,15403.0,15403.0,False,False,False,
2023-11-15T18:00:00Z,15306.0,15306.0,False,False,False,
2023-11-15T19:00:00Z,15127.0,15127.0,False,False,False,
2023-11-15T20:00:00Z,14943.0,14943.0,False,False,False,
2023-11-15T21:00:00Z,14888.0,14888.0,False,False,False,
2023-11-15T22:00:00Z,14964.0,14964.0,False,False,False,
2023-11-15T23:00:00Z,15420.0,15420.0,False,False,False,
2023-11-16T00:00:00Z,15748.0,15748.0,False,False,False,
2023-11-16T01:00:00Z,15419.0,15419.0,False,False,False,
2023-11-16T02:00:00Z,14846.0,14846.0,False,False,False,
2023-11-16T03:00:00Z,13975.0,13975.0,False,False,False,
2023-11-16T04:00:00Z,12992.0,12992.0,False,False,False,
2023-11-16T05:00:00Z,11824.0,11824.0,False,False,False,
2023-11-16T06:00:00Z,10897.0,10897.0,False,False,False,
2023-11-16T07:00:00Z,10267.0,10267.0,False,False,False,
2023-11-16T08:00:00Z,9902.0,9902.0,False,False,False,
2023-11-16T09:00:00Z,9697.0,9697.0,False,False,False,
2023-11-16T10:00:00Z,9788.0,9788.0,False,False,False,
2023-11-16T11:00:00Z,10512.0,10512.0,False,False,False,
2023-11-16T12:00:00Z,11614.0,11614.0,False,False,False,
2023-11-16T13:00:00Z,12578.0,12578.0,False,False,False,
2023-11-16T14:00:00Z,13602.0,13602.0,False,False,False,
2023-11-16T15:00:00Z,14511.0,14511.0,False,False,False,
2023-11-16T16:00:00Z,15233.0,15233.0,False,False,False,
2023-11-16T17:00:00Z,15674.0,15674.0,False,False,False,
2023-11-16T18:00:00Z,15919.0,15919.0,False,False,False,
2023-11-16T19:00:00Z,16063.0,16063.0,False,False,False,
2023-11-16T20:00:00Z,15991.0,15991.0,False,False,False,
2023-11-16T21:00:00Z,16116.0,16116.0,False,False,False,
2023-11-16T22:00:00Z,16232.0,16232.0,False,False,False,
2023-11-16T23:00:00Z,16448.0,16448.0,False,False,False,
2023-11-17T00:00:00Z,16828.0,16828.0,False,False,False,
2023-11-17T01:00:00Z,315.0,,True,False,True,same_hour_7d_median_outlier|same_hour_7d_median_outlier
2023-11-17T02:00:00Z,299.0,,True,False,True,same_hour_7d_median_outlier|same_hour_7d_median_outlier
2023-11-17T03:00:00Z,253.0,,True,False,True,same_hour_7d_median_outlier|same_hour_7d_median_outlier
2023-11-17T04:00:00Z,245.0,,True,False,True,same_hour_7d_median_outlier|same_hour_7d_median_outlier
2023-11-17T05:00:00Z,-22.0,,True,True,False,missing_or_nonpositive
2023-11-17T06:00:00Z,11569.0,11569.0,False,False,False,
2023-11-17T07:00:00Z,10766.0,10766.0,False,False,False,
2023-11-17T08:00:00Z,10322.0,10322.0,False,False,False,
2023-11-17T09:00:00Z,10078.0,10078.0,False,False,False,
2023-11-17T10:00:00Z,10160.0,10160.0,False,False,False,
2023-11-17T11:00:00Z,10784.0,10784.0,False,False,False,
2023-11-17T12:00:00Z,11919.0,11919.0,False,False,False,
2023-11-17T13:00:00Z,12796.0,12796.0,False,False,False,
2023-11-17T14:00:00Z,13747.0,13747.0,False,False,False,
2023-11-17T15:00:00Z,14783.0,14783.0,False,False,False,
2023-11-17T16:00:00Z,15694.0,15694.0,False,False,False,
2023-11-17T17:00:00Z,16471.0,16471.0,False,False,False,
2023-11-17T18:00:00Z,17388.0,17388.0,False,False,False,
2023-11-17T19:00:00Z,18080.0,18080.0,False,False,False,
2023-11-17T20:00:00Z,18498.0,18498.0,False,False,False,
2023-11-17T21:00:00Z,18707.0,18707.0,False,False,False,
2023-11-17T22:00:00Z,18440.0,18440.0,False,False,False,
2023-11-17T23:00:00Z,17911.0,17911.0,False,False,False,
2023-11-18T00:00:00Z,17601.0,17601.0,False,False,False,
2023-11-18T01:00:00Z,16848.0,16848.0,False,False,False,
2023-11-18T02:00:00Z,15960.0,15960.0,False,False,False,
2023-11-18T03:00:00Z,15201.0,15201.0,False,False,False,
2023-11-18T04:00:00Z,14247.0,14247.0,False,False,False,
2023-11-18T05:00:00Z,13213.0,13213.0,False,False,False,
2023-11-18T06:00:00Z,12228.0,12228.0,False,False,False,
2023-11-18T07:00:00Z,11384.0,11384.0,False,False,False,
2023-11-18T08:00:00Z,10776.0,10776.0,False,False,False,
2023-11-18T09:00:00Z,10439.0,10439.0,False,False,False,
2023-11-18T10:00:00Z,10301.0,10301.0,False,False,False,
2023-11-18T11:00:00Z,10424.0,10424.0,False,False,False,
2023-11-18T12:00:00Z,10818.0,10818.0,False,False,False,
2023-11-18T13:00:00Z,11609.0,11609.0,False,False,False,
2023-11-18T14:00:00Z,12928.0,12928.0,False,False,False,
2023-11-18T15:00:00Z,14015.0,14015.0,False,False,False,
2023-11-18T16:00:00Z,14903.0,14903.0,False,False,False,
2023-11-18T17:00:00Z,15510.0,15510.0,False,False,False,
2023-11-18T18:00:00Z,15782.0,15782.0,False,False,False,
2023-11-18T19:00:00Z,15981.0,15981.0,False,False,False,
2023-11-18T20:00:00Z,16058.0,16058.0,False,False,False,
2023-11-18T21:00:00Z,16149.0,16149.0,False,False,False,
2023-11-18T22:00:00Z,15957.0,15957.0,False,False,False,
2023-11-18T23:00:00Z,15709.0,15709.0,False,False,False,
2023-11-19T00:00:00Z,15602.0,15602.0,False,False,False,
2023-11-19T01:00:00Z,14940.0,14940.0,False,False,False,
2023-11-19T02:00:00Z,14273.0,14273.0,False,False,False,
2023-11-19T03:00:00Z,13561.0,13561.0,False,False,False,
2023-11-19T04:00:00Z,12768.0,12768.0,False,False,False,
2023-11-19T05:00:00Z,11821.0,11821.0,False,False,False,
2023-11-19T06:00:00Z,10836.0,10836.0,False,False,False,
2023-11-19T07:00:00Z,10151.0,10151.0,False,False,False,
2023-11-19T08:00:00Z,9662.0,9662.0,False,False,False,
2023-11-19T09:00:00Z,9353.0,9353.0,False,False,False,
2023-11-19T10:00:00Z,9225.0,9225.0,False,False,False,
2023-11-19T11:00:00Z,9292.0,9292.0,False,False,False,
2023-11-19T12:00:00Z,9605.0,9605.0,False,False,False,
2023-11-19T13:00:00Z,10518.0,10518.0,False,False,False,
2023-11-19T14:00:00Z,12005.0,12005.0,False,False,False,
2023-11-19T15:00:00Z,13399.0,13399.0,False,False,False,
2023-11-19T16:00:00Z,14575.0,14575.0,False,False,False,
2023-11-19T17:00:00Z,15542.0,15542.0,False,False,False,
2023-11-19T18:00:00Z,16426.0,16426.0,False,False,False,
2023-11-19T19:00:00Z,17052.0,17052.0,False,False,False,
2023-11-19T20:00:00Z,17451.0,17451.0,False,False,False,
2023-11-19T21:00:00Z,17498.0,17498.0,False,False,False,
2023-11-19T22:00:00Z,17171.0,17171.0,False,False,False,
2023-11-19T23:00:00Z,16739.0,16739.0,False,False,False,
2023-11-20T00:00:00Z,16593.0,16593.0,False,False,False,
2023-11-20T01:00:00Z,15800.0,15800.0,False,False,False,
2023-11-20T02:00:00Z,15043.0,15043.0,False,False,False,
2023-11-20T03:00:00Z,14219.0,14219.0,False,False,False,
2023-11-20T04:00:00Z,13184.0,13184.0,False,False,False,
2023-11-20T05:00:00Z,11959.0,11959.0,False,False,False,
2023-11-20T06:00:00Z,10959.0,10959.0,False,False,False,
2023-11-20T07:00:00Z,10205.0,10205.0,False,False,False,
2023-11-20T08:00:00Z,9789.0,9789.0,False,False,False,
2023-11-20T09:00:00Z,9594.0,9594.0,False,False,False,
2023-11-20T10:00:00Z,9626.0,9626.0,False,False,False,
2023-11-20T11:00:00Z,10130.0,10130.0,False,False,False,
2023-11-20T12:00:00Z,10983.0,10983.0,False,False,False,
2023-11-20T13:00:00Z,12105.0,12105.0,False,False,False,
2023-11-20T14:00:00Z,13491.0,13491.0,False,False,False,
2023-11-20T15:00:00Z,14763.0,14763.0,False,False,False,
2023-11-20T16:00:00Z,15835.0,15835.0,False,False,False,
2023-11-20T17:00:00Z,16794.0,16794.0,False,False,False,
2023-11-20T18:00:00Z,17650.0,17650.0,False,False,False,
2023-11-20T19:00:00Z,18240.0,18240.0,False,False,False,
2023-11-20T20:00:00Z,18584.0,18584.0,False,False,False,
2023-11-20T21:00:00Z,18462.0,18462.0,False,False,False,
2023-11-20T22:00:00Z,18036.0,18036.0,False,False,False,
2023-11-20T23:00:00Z,17707.0,17707.0,False,False,False,
2023-11-21T00:00:00Z,17683.0,17683.0,False,False,False,
2023-11-21T01:00:00Z,17092.0,17092.0,False,False,False,
2023-11-21T02:00:00Z,16330.0,16330.0,False,False,False,
2023-11-21T03:00:00Z,15759.0,15759.0,False,False,False,
2023-11-21T04:00:00Z,14896.0,14896.0,False,False,False,
2023-11-21T05:00:00Z,13673.0,13673.0,False,False,False,
2023-11-21T06:00:00Z,12225.0,12225.0,False,False,False,
2023-11-21T07:00:00Z,11392.0,11392.0,False,False,False,
2023-11-21T08:00:00Z,10864.0,10864.0,False,False,False,
2023-11-21T09:00:00Z,10570.0,10570.0,False,False,False,
2023-11-21T10:00:00Z,10581.0,10581.0,False,False,False,
2023-11-21T11:00:00Z,11010.0,11010.0,False,False,False,
2023-11-21T12:00:00Z,11730.0,11730.0,False,False,False,
2023-11-21T13:00:00Z,12705.0,12705.0,False,False,False,
2023-11-21T14:00:00Z,14135.0,14135.0,False,False,False,
2023-11-21T15:00:00Z,15355.0,15355.0,False,False,False,
2023-11-21T16:00:00Z,16434.0,16434.0,False,False,False,
2023-11-21T17:00:00Z,17375.0,17375.0,False,False,False,
2023-11-21T18:00:00Z,18058.0,18058.0,False,False,False,
2023-11-21T19:00:00Z,18620.0,18620.0,False,False,False,
2023-11-21T20:00:00Z,18965.0,18965.0,False,False,False,
2023-11-21T21:00:00Z,19021.0,19021.0,False,False,False,
2023-11-21T22:00:00Z,18638.0,18638.0,False,False,False,
2023-11-21T23:00:00Z,18147.0,18147.0,False,False,False,
2023-11-22T00:00:00Z,17923.0,17923.0,False,False,False,
2023-11-22T01:00:00Z,17232.0,17232.0,False,False,False,
2023-11-22T02:00:00Z,16457.0,16457.0,False,False,False,
2023-11-22T03:00:00Z,15589.0,15589.0,False,False,False,
2023-11-22T04:00:00Z,14618.0,14618.0,False,False,False,
2023-11-22T05:00:00Z,13368.0,13368.0,False,False,False,
2023-11-22T06:00:00Z,12246.0,12246.0,False,False,False,
2023-11-22T07:00:00Z,11405.0,11405.0,False,False,False,
2023-11-22T08:00:00Z,10858.0,10858.0,False,False,False,
2023-11-22T09:00:00Z,10510.0,10510.0,False,False,False,
2023-11-22T10:00:00Z,10465.0,10465.0,False,False,False,
2023-11-22T11:00:00Z,10815.0,10815.0,False,False,False,
2023-11-22T12:00:00Z,11484.0,11484.0,False,False,False,
2023-11-22T13:00:00Z,12490.0,12490.0,False,False,False,
2023-11-22T14:00:00Z,14142.0,14142.0,False,False,False,
2023-11-22T15:00:00Z,15760.0,15760.0,False,False,False,
2023-11-22T16:00:00Z,17053.0,17053.0,False,False,False,
2023-11-22T17:00:00Z,18082.0,18082.0,False,False,False,
2023-11-22T18:00:00Z,18857.0,18857.0,False,False,False,
2023-11-22T19:00:00Z,19297.0,19297.0,False,False,False,
2023-11-22T20:00:00Z,19431.0,19431.0,False,False,False,
2023-11-22T21:00:00Z,19190.0,19190.0,False,False,False,
2023-11-22T22:00:00Z,18714.0,18714.0,False,False,False,
2023-11-22T23:00:00Z,18344.0,18344.0,False,False,False,
2023-11-23T00:00:00Z,18099.0,18099.0,False,False,False,
2023-11-23T01:00:00Z,17432.0,17432.0,False,False,False,
2023-11-23T02:00:00Z,16587.0,16587.0,False,False,False,
2023-11-23T03:00:00Z,15763.0,15763.0,False,False,False,
2023-11-23T04:00:00Z,14850.0,14850.0,False,False,False,
2023-11-23T05:00:00Z,13661.0,13661.0,False,False,False,
2023-11-23T06:00:00Z,12556.0,12556.0,False,False,False,
2023-11-23T07:00:00Z,11687.0,11687.0,False,False,False,
2023-11-23T08:00:00Z,11115.0,11115.0,False,False,False,
2023-11-23T09:00:00Z,10746.0,10746.0,False,False,False,
2023-11-23T10:00:00Z,10577.0,10577.0,False,False,False,
2023-11-23T11:00:00Z,10696.0,10696.0,False,False,False,
2023-11-23T12:00:00Z,10990.0,10990.0,False,False,False,
2023-11-23T13:00:00Z,11778.0,11778.0,False,False,False,
2023-11-23T14:00:00Z,13355.0,13355.0,False,False,False,
2023-11-23T15:00:00Z,14946.0,14946.0,False,False,False,
2023-11-23T16:00:00Z,16145.0,16145.0,False,False,False,
2023-11-23T17:00:00Z,17230.0,17230.0,False,False,False,
2023-11-23T18:00:00Z,18129.0,18129.0,False,False,False,
2023-11-23T19:00:00Z,18509.0,18509.0,False,False,False,
2023-11-23T20:00:00Z,18527.0,18527.0,False,False,False,
2023-11-23T21:00:00Z,18159.0,18159.0,False,False,False,
2023-11-23T22:00:00Z,17189.0,17189.0,False,False,False,
2023-11-23T23:00:00Z,16174.0,16174.0,False,False,False,
2023-11-24T00:00:00Z,15386.0,15386.0,False,False,False,
2023-11-24T01:00:00Z,14452.0,14452.0,False,False,False,
2023-11-24T02:00:00Z,13833.0,13833.0,False,False,False,
2023-11-24T03:00:00Z,13761.0,13761.0,False,False,False,
2023-11-24T04:00:00Z,13009.0,13009.0,False,False,False,
2023-11-24T05:00:00Z,12283.0,12283.0,False,False,False,
2023-11-24T06:00:00Z,10991.0,10991.0,False,False,False,
2023-11-24T07:00:00Z,9391.0,9391.0,False,False,False,
2023-11-24T08:00:00Z,9879.0,9879.0,False,False,False,
2023-11-24T09:00:00Z,9657.0,9657.0,False,False,False,
2023-11-24T10:00:00Z,9682.0,9682.0,False,False,False,
2023-11-24T11:00:00Z,9985.0,9985.0,False,False,False,
2023-11-24T12:00:00Z,10492.0,10492.0,False,False,False,
2023-11-24T13:00:00Z,11254.0,11254.0,False,False,False,
2023-11-24T14:00:00Z,12527.0,12527.0,False,False,False,
2023-11-24T15:00:00Z,13693.0,13693.0,False,False,False,
2023-11-24T16:00:00Z,14516.0,14516.0,False,False,False,
2023-11-24T17:00:00Z,15102.0,15102.0,False,False,False,
2023-11-24T18:00:00Z,15299.0,15299.0,False,False,False,
2023-11-24T19:00:00Z,15119.0,15119.0,False,False,False,
2023-11-24T20:00:00Z,14912.0,14912.0,False,False,False,
2023-11-24T21:00:00Z,14652.0,14652.0,False,False,False,
2023-11-24T22:00:00Z,14499.0,14499.0,False,False,False,
2023-11-24T23:00:00Z,14742.0,14742.0,False,False,False,
2023-11-25T00:00:00Z,14802.0,14802.0,False,False,False,
2023-11-25T01:00:00Z,14361.0,14361.0,False,False,False,
2023-11-25T02:00:00Z,13930.0,13930.0,False,False,False,
2023-11-25T03:00:00Z,13326.0,13326.0,False,False,False,
2023-11-25T04:00:00Z,12621.0,12621.0,False,False,False,
2023-11-25T05:00:00Z,11853.0,11853.0,False,False,False,
2023-11-25T06:00:00Z,10929.0,10929.0,False,False,False,
2023-11-25T07:00:00Z,10308.0,10308.0,False,False,False,
2023-11-25T08:00:00Z,9889.0,9889.0,False,False,False,
2023-11-25T09:00:00Z,9682.0,9682.0,False,False,False,
2023-11-25T10:00:00Z,9666.0,9666.0,False,False,False,
2023-11-25T11:00:00Z,9826.0,9826.0,False,False,False,
2023-11-25T12:00:00Z,10216.0,10216.0,False,False,False,
2023-11-25T13:00:00Z,10940.0,10940.0,False,False,False,
2023-11-25T14:00:00Z,12256.0,12256.0,False,False,False,
2023-11-25T15:00:00Z,13473.0,13473.0,False,False,False,
2023-11-25T16:00:00Z,14339.0,14339.0,False,False,False,
2023-11-25T17:00:00Z,15027.0,15027.0,False,False,False,
2023-11-25T18:00:00Z,15441.0,15441.0,False,False,False,
2023-11-25T19:00:00Z,15622.0,15622.0,False,False,False,
2023-11-25T20:00:00Z,15765.0,15765.0,False,False,False,
2023-11-25T21:00:00Z,15699.0,15699.0,False,False,False,
2023-11-25T22:00:00Z,15546.0,15546.0,False,False,False,
2023-11-25T23:00:00Z,15605.0,15605.0,False,False,False,
2023-11-26T00:00:00Z,15694.0,15694.0,False,False,False,
2023-11-26T01:00:00Z,15147.0,15147.0,False,False,False,
2023-11-26T02:00:00Z,14573.0,14573.0,False,False,False,
2023-11-26T03:00:00Z,14004.0,14004.0,False,False,False,
2023-11-26T04:00:00Z,13648.0,13648.0,False,False,False,
2023-11-26T05:00:00Z,12850.0,12850.0,False,False,False,
2023-11-26T06:00:00Z,11578.0,11578.0,False,False,False,
2023-11-26T07:00:00Z,10860.0,10860.0,False,False,False,
2023-11-26T08:00:00Z,10363.0,10363.0,False,False,False,
2023-11-26T09:00:00Z,10053.0,10053.0,False,False,False,
2023-11-26T10:00:00Z,9908.0,9908.0,False,False,False,
2023-11-26T11:00:00Z,9986.0,9986.0,False,False,False,
2023-11-26T12:00:00Z,10328.0,10328.0,False,False,False,
2023-11-26T13:00:00Z,11076.0,11076.0,False,False,False,
2023-11-26T14:00:00Z,12721.0,12721.0,False,False,False,
2023-11-26T15:00:00Z,14429.0,14429.0,False,False,False,
2023-11-26T16:00:00Z,15677.0,15677.0,False,False,False,
2023-11-26T17:00:00Z,16672.0,16672.0,False,False,False,
2023-11-26T18:00:00Z,17382.0,17382.0,False,False,False,
2023-11-26T19:00:00Z,17539.0,17539.0,False,False,False,
2023-11-26T20:00:00Z,17453.0,17453.0,False,False,False,
2023-11-26T21:00:00Z,17232.0,17232.0,False,False,False,
2023-11-26T22:00:00Z,17081.0,17081.0,False,False,False,
2023-11-26T23:00:00Z,17226.0,17226.0,False,False,False,
2023-11-27T00:00:00Z,17438.0,17438.0,False,False,False,
2023-11-27T01:00:00Z,16824.0,16824.0,False,False,False,
2023-11-27T02:00:00Z,16181.0,16181.0,False,False,False,
2023-11-27T03:00:00Z,15325.0,15325.0,False,False,False,
2023-11-27T04:00:00Z,14235.0,14235.0,False,False,False,
2023-11-27T05:00:00Z,12967.0,12967.0,False,False,False,
2023-11-27T06:00:00Z,11894.0,11894.0,False,False,False,
2023-11-27T07:00:00Z,11186.0,11186.0,False,False,False,
2023-11-27T08:00:00Z,10772.0,10772.0,False,False,False,
2023-11-27T09:00:00Z,10571.0,10571.0,False,False,False,
2023-11-27T10:00:00Z,10646.0,10646.0,False,False,False,
2023-11-27T11:00:00Z,11246.0,11246.0,False,False,False,
2023-11-27T12:00:00Z,12309.0,12309.0,False,False,False,
2023-11-27T13:00:00Z,13065.0,13065.0,False,False,False,
2023-11-27T14:00:00Z,13942.0,13942.0,False,False,False,
2023-11-27T15:00:00Z,14638.0,14638.0,False,False,False,
2023-11-27T16:00:00Z,15185.0,15185.0,False,False,False,
2023-11-27T17:00:00Z,15565.0,15565.0,False,False,False,
2023-11-27T18:00:00Z,15842.0,15842.0,False,False,False,
2023-11-27T19:00:00Z,16133.0,16133.0,False,False,False,
2023-11-27T20:00:00Z,16385.0,16385.0,False,False,False,
2023-11-27T21:00:00Z,16527.0,16527.0,False,False,False,
2023-11-27T22:00:00Z,16401.0,16401.0,False,False,False,
2023-11-27T23:00:00Z,16436.0,16436.0,False,False,False,
2023-11-28T00:00:00Z,16685.0,16685.0,False,False,False,
2023-11-28T01:00:00Z,16148.0,16148.0,False,False,False,
2023-11-28T02:00:00Z,15318.0,15318.0,False,False,False,
2023-11-28T03:00:00Z,14252.0,14252.0,False,False,False,
2023-11-28T04:00:00Z,13044.0,13044.0,False,False,False,
2023-11-28T05:00:00Z,11667.0,11667.0,False,False,False,
2023-11-28T06:00:00Z,10660.0,10660.0,False,False,False,
2023-11-28T07:00:00Z,9967.0,9967.0,False,False,False,
2023-11-28T08:00:00Z,9564.0,9564.0,False,False,False,
2023-11-28T09:00:00Z,9383.0,9383.0,False,False,False,
2023-11-28T10:00:00Z,9544.0,9544.0,False,False,False,
2023-11-28T11:00:00Z,10280.0,10280.0,False,False,False,
2023-11-28T12:00:00Z,11547.0,11547.0,False,False,False,
2023-11-28T13:00:00Z,12478.0,12478.0,False,False,False,
2023-11-28T14:00:00Z,13287.0,13287.0,False,False,False,
2023-11-28T15:00:00Z,13748.0,13748.0,False,False,False,
2023-11-28T16:00:00Z,14000.0,14000.0,False,False,False,
2023-11-28T17:00:00Z,14129.0,14129.0,False,False,False,
2023-11-28T18:00:00Z,14232.0,14232.0,False,False,False,
2023-11-28T19:00:00Z,14276.0,14276.0,False,False,False,
2023-11-28T20:00:00Z,14301.0,14301.0,False,False,False,
2023-11-28T21:00:00Z,14248.0,14248.0,False,False,False,
2023-11-28T22:00:00Z,14207.0,14207.0,False,False,False,
2023-11-28T23:00:00Z,14866.0,14866.0,False,False,False,
2023-11-29T00:00:00Z,15451.0,15451.0,False,False,False,
2023-11-29T01:00:00Z,15218.0,15218.0,False,False,False,
2023-11-29T02:00:00Z,14758.0,14758.0,False,False,False,
2023-11-29T03:00:00Z,13973.0,13973.0,False,False,False,
2023-11-29T04:00:00Z,13036.0,13036.0,False,False,False,
2023-11-29T05:00:00Z,11793.0,11793.0,False,False,False,
2023-11-29T06:00:00Z,11177.0,11177.0,False,False,False,
2023-11-29T07:00:00Z,10709.0,10709.0,False,False,False,
2023-11-29T08:00:00Z,10451.0,10451.0,False,False,False,
2023-11-29T09:00:00Z,10423.0,10423.0,False,False,False,
2023-11-29T10:00:00Z,10667.0,10667.0,False,False,False,
2023-11-29T11:00:00Z,11598.0,11598.0,False,False,False,
2023-11-29T12:00:00Z,13108.0,13108.0,False,False,False,
2023-11-29T13:00:00Z,14144.0,14144.0,False,False,False,
2023-11-29T14:00:00Z,14492.0,14492.0,False,False,False,
2023-11-29T15:00:00Z,14331.0,14331.0,False,False,False,
2023-11-29T16:00:00Z,13965.0,13965.0,False,False,False,
2023-11-29T17:00:00Z,13642.0,13642.0,False,False,False,
2023-11-29T18:00:00Z,13413.0,13413.0,False,False,False,
2023-11-29T19:00:00Z,13303.0,13303.0,False,False,False,
2023-11-29T20:00:00Z,13313.0,13313.0,False,False,False,
2023-11-29T21:00:00Z,13420.0,13420.0,False,False,False,
2023-11-29T22:00:00Z,13642.0,13642.0,False,False,False,
2023-11-29T23:00:00Z,14405.0,14405.0,False,False,False,
2023-11-30T00:00:00Z,15197.0,15197.0,False,False,False,
2023-11-30T01:00:00Z,14996.0,14996.0,False,False,False,
2023-11-30T02:00:00Z,14577.0,14577.0,False,False,False,
2023-11-30T03:00:00Z,13835.0,13835.0,False,False,False,
2023-11-30T04:00:00Z,12892.0,12892.0,False,False,False,
2023-11-30T05:00:00Z,11867.0,11867.0,False,False,False,
2023-11-30T06:00:00Z,11000.0,11000.0,False,False,False,
2023-11-30T07:00:00Z,10552.0,10552.0,False,False,False,
2023-11-30T08:00:00Z,10345.0,10345.0,False,False,False,
2023-11-30T09:00:00Z,10331.0,10331.0,False,False,False,
2023-11-30T10:00:00Z,10597.0,10597.0,False,False,False,
2023-11-30T11:00:00Z,11456.0,11456.0,False,False,False,
2023-11-30T12:00:00Z,12907.0,12907.0,False,False,False,
2023-11-30T13:00:00Z,13811.0,13811.0,False,False,False,
2023-11-30T14:00:00Z,14139.0,14139.0,False,False,False,
2023-11-30T15:00:00Z,14110.0,14110.0,False,False,False,
2023-11-30T16:00:00Z,14044.0,14044.0,False,False,False,
2023-11-30T17:00:00Z,13982.0,13982.0,False,False,False,
2023-11-30T18:00:00Z,14172.0,14172.0,False,False,False,
2023-11-30T19:00:00Z,14495.0,14495.0,False,False,False,
2023-11-30T20:00:00Z,14737.0,14737.0,False,False,False,
2023-11-30T21:00:00Z,14930.0,14930.0,False,False,False,
2023-11-30T22:00:00Z,14982.0,14982.0,False,False,False,
2023-11-30T23:00:00Z,15350.0,15350.0,False,False,False,
2023-12-01T00:00:00Z,15805.0,15805.0,False,False,False,
2023-12-01T01:00:00Z,15502.0,15502.0,False,False,False,
2023-12-01T02:00:00Z,14954.0,14954.0,False,False,False,
2023-12-01T03:00:00Z,14085.0,14085.0,False,False,False,
2023-12-01T04:00:00Z,13054.0,13054.0,False,False,False,
2023-12-01T05:00:00Z,12050.0,12050.0,False,False,False,
2023-12-01T06:00:00Z,10895.0,10895.0,False,False,False,
2023-12-01T07:00:00Z,10193.0,10193.0,False,False,False,
2023-12-01T08:00:00Z,9802.0,9802.0,False,False,False,
2023-12-01T09:00:00Z,9611.0,9611.0,False,False,False,
2023-12-01T10:00:00Z,9721.0,9721.0,False,False,False,
2023-12-01T11:00:00Z,10393.0,10393.0,False,False,False,
2023-12-01T12:00:00Z,11542.0,11542.0,False,False,False,
2023-12-01T13:00:00Z,12447.0,12447.0,False,False,False,
2023-12-01T14:00:00Z,13527.0,13527.0,False,False,False,
2023-12-01T15:00:00Z,14503.0,14503.0,False,False,False,
2023-12-01T16:00:00Z,15402.0,15402.0,False,False,False,
2023-12-01T17:00:00Z,16220.0,16220.0,False,False,False,
2023-12-01T18:00:00Z,16915.0,16915.0,False,False,False,
2023-12-01T19:00:00Z,17509.0,17509.0,False,False,False,
2023-12-01T20:00:00Z,17909.0,17909.0,False,False,False,
2023-12-01T21:00:00Z,18027.0,18027.0,False,False,False,
2023-12-01T22:00:00Z,17764.0,17764.0,False,False,False,
2023-12-01T23:00:00Z,17695.0,17695.0,False,False,False,
2023-12-02T00:00:00Z,17560.0,17560.0,False,False,False,
2023-12-02T01:00:00Z,16905.0,16905.0,False,False,False,
2023-12-02T02:00:00Z,16216.0,16216.0,False,False,False,
2023-12-02T03:00:00Z,15448.0,15448.0,False,False,False,
2023-12-02T04:00:00Z,14587.0,14587.0,False,False,False,
2023-12-02T05:00:00Z,13531.0,13531.0,False,False,False,
2023-12-02T06:00:00Z,12501.0,12501.0,False,False,False,
2023-12-02T07:00:00Z,11664.0,11664.0,False,False,False,
2023-12-02T08:00:00Z,11110.0,11110.0,False,False,False,
2023-12-02T09:00:00Z,10752.0,10752.0,False,False,False,
2023-12-02T10:00:00Z,10638.0,10638.0,False,False,False,
2023-12-02T11:00:00Z,10808.0,10808.0,False,False,False,
2023-12-02T12:00:00Z,11297.0,11297.0,False,False,False,
2023-12-02T13:00:00Z,12131.0,12131.0,False,False,False,
2023-12-02T14:00:00Z,13726.0,13726.0,False,False,False,
2023-12-02T15:00:00Z,15276.0,15276.0,False,False,False,
2023-12-02T16:00:00Z,16676.0,16676.0,False,False,False,
2023-12-02T17:00:00Z,17830.0,17830.0,False,False,False,
2023-12-02T18:00:00Z,18618.0,18618.0,False,False,False,
2023-12-02T19:00:00Z,19150.0,19150.0,False,False,False,
2023-12-02T20:00:00Z,19404.0,19404.0,False,False,False,
2023-12-02T21:00:00Z,19192.0,19192.0,False,False,False,
2023-12-02T22:00:00Z,18722.0,18722.0,False,False,False,
2023-12-02T23:00:00Z,18365.0,18365.0,False,False,False,
2023-12-03T00:00:00Z,18064.0,18064.0,False,False,False,
2023-12-03T01:00:00Z,17256.0,17256.0,False,False,False,
2023-12-03T02:00:00Z,16467.0,16467.0,False,False,False,
2023-12-03T03:00:00Z,15657.0,15657.0,False,False,False,
2023-12-03T04:00:00Z,14788.0,14788.0,False,False,False,
2023-12-03T05:00:00Z,13678.0,13678.0,False,False,False,
2023-12-03T06:00:00Z,12611.0,12611.0,False,False,False,
2023-12-03T07:00:00Z,11736.0,11736.0,False,False,False,
2023-12-03T08:00:00Z,11133.0,11133.0,False,False,False,
2023-12-03T09:00:00Z,10751.0,10751.0,False,False,False,
2023-12-03T10:00:00Z,10574.0,10574.0,False,False,False,
2023-12-03T11:00:00Z,10649.0,10649.0,False,False,False,
2023-12-03T12:00:00Z,10957.0,10957.0,False,False,False,
2023-12-03T13:00:00Z,11663.0,11663.0,False,False,False,
2023-12-03T14:00:00Z,13372.0,13372.0,False,False,False,
2023-12-03T15:00:00Z,15160.0,15160.0,False,False,False,
2023-12-03T16:00:00Z,16603.0,16603.0,False,False,False,
2023-12-03T17:00:00Z,17750.0,17750.0,False,False,False,
2023-12-03T18:00:00Z,18853.0,18853.0,False,False,False,
2023-12-03T19:00:00Z,19598.0,19598.0,False,False,False,
2023-12-03T20:00:00Z,19920.0,19920.0,False,False,False,
2023-12-03T21:00:00Z,19961.0,19961.0,False,False,False,
2023-12-03T22:00:00Z,19634.0,19634.0,False,False,False,
2023-12-03T23:00:00Z,19247.0,19247.0,False,False,False,
2023-12-04T00:00:00Z,19079.0,19079.0,False,False,False,
2023-12-04T01:00:00Z,18281.0,18281.0,False,False,False,
2023-12-04T02:00:00Z,17379.0,17379.0,False,False,False,
2023-12-04T03:00:00Z,16294.0,16294.0,False,False,False,
2023-12-04T04:00:00Z,14964.0,14964.0,False,False,False,
2023-12-04T05:00:00Z,13501.0,13501.0,False,False,False,
2023-12-04T06:00:00Z,12244.0,12244.0,False,False,False,
2023-12-04T07:00:00Z,11385.0,11385.0,False,False,False,
2023-12-04T08:00:00Z,10871.0,10871.0,False,False,False,
2023-12-04T09:00:00Z,10597.0,10597.0,False,False,False,
2023-12-04T10:00:00Z,10622.0,10622.0,False,False,False,
2023-12-04T11:00:00Z,11202.0,11202.0,False,False,False,
2023-12-04T12:00:00Z,12261.0,12261.0,False,False,False,
2023-12-04T13:00:00Z,13090.0,13090.0,False,False,False,
2023-12-04T14:00:00Z,14159.0,14159.0,False,False,False,
2023-12-04T15:00:00Z,15148.0,15148.0,False,False,False,
2023-12-04T16:00:00Z,16171.0,16171.0,False,False,False,
2023-12-04T17:00:00Z,17114.0,17114.0,False,False,False,
2023-12-04T18:00:00Z,17694.0,17694.0,False,False,False,
2023-12-04T19:00:00Z,18097.0,18097.0,False,False,False,
2023-12-04T20:00:00Z,18204.0,18204.0,False,False,False,
2023-12-04T21:00:00Z,18154.0,18154.0,False,False,False,
2023-12-04T22:00:00Z,17921.0,17921.0,False,False,False,
2023-12-04T23:00:00Z,18184.0,18184.0,False,False,False,
2023-12-05T00:00:00Z,18427.0,18427.0,False,False,False,
2023-12-05T01:00:00Z,17774.0,17774.0,False,False,False,
2023-12-05T02:00:00Z,16967.0,16967.0,False,False,False,
2023-12-05T03:00:00Z,15818.0,15818.0,False,False,False,
2023-12-05T04:00:00Z,14499.0,14499.0,False,False,False,
2023-12-05T05:00:00Z,13066.0,13066.0,False,False,False,
2023-12-05T06:00:00Z,11839.0,11839.0,False,False,False,
2023-12-05T07:00:00Z,10970.0,10970.0,False,False,False,
2023-12-05T08:00:00Z,10467.0,10467.0,False,False,False,
2023-12-05T09:00:00Z,10160.0,10160.0,False,False,False,
2023-12-05T10:00:00Z,10151.0,10151.0,False,False,False,
2023-12-05T11:00:00Z,10768.0,10768.0,False,False,False,
2023-12-05T12:00:00Z,11864.0,11864.0,False,False,False,
2023-12-05T13:00:00Z,12624.0,12624.0,False,False,False,
2023-12-05T14:00:00Z,13281.0,13281.0,False,False,False,
2023-12-05T15:00:00Z,13940.0,13940.0,False,False,False,
2023-12-05T16:00:00Z,14521.0,14521.0,False,False,False,
2023-12-05T17:00:00Z,15027.0,15027.0,False,False,False,
2023-12-05T18:00:00Z,15587.0,15587.0,False,False,False,
2023-12-05T19:00:00Z,15980.0,15980.0,False,False,False,
2023-12-05T20:00:00Z,16224.0,16224.0,False,False,False,
2023-12-05T21:00:00Z,16210.0,16210.0,False,False,False,
2023-12-05T22:00:00Z,15951.0,15951.0,False,False,False,
2023-12-05T23:00:00Z,16139.0,16139.0,False,False,False,
2023-12-06T00:00:00Z,16373.0,16373.0,False,False,False,
2023-12-06T01:00:00Z,15859.0,15859.0,False,False,False,
2023-12-06T02:00:00Z,15174.0,15174.0,False,False,False,
2023-12-06T03:00:00Z,14204.0,14204.0,False,False,False,
2023-12-06T04:00:00Z,13038.0,13038.0,False,False,False,
2023-12-06T05:00:00Z,11691.0,11691.0,False,False,False,
2023-12-06T06:00:00Z,10635.0,10635.0,False,False,False,
2023-12-06T07:00:00Z,9951.0,9951.0,False,False,False,
2023-12-06T08:00:00Z,9544.0,9544.0,False,False,False,
2023-12-06T09:00:00Z,9365.0,9365.0,False,False,False,
2023-12-06T10:00:00Z,9512.0,9512.0,False,False,False,
2023-12-06T11:00:00Z,10296.0,10296.0,False,False,False,
2023-12-06T12:00:00Z,11682.0,11682.0,False,False,False,
2023-12-06T13:00:00Z,12461.0,12461.0,False,False,False,
2023-12-06T14:00:00Z,13059.0,13059.0,False,False,False,
2023-12-06T15:00:00Z,13211.0,13211.0,False,False,False,
2023-12-06T16:00:00Z,13156.0,13156.0,False,False,False,
2023-12-06T17:00:00Z,13136.0,13136.0,False,False,False,
2023-12-06T18:00:00Z,13163.0,13163.0,False,False,False,
2023-12-06T19:00:00Z,13167.0,13167.0,False,False,False,
2023-12-06T20:00:00Z,13137.0,13137.0,False,False,False,
2023-12-06T21:00:00Z,13217.0,13217.0,False,False,False,
2023-12-06T22:00:00Z,13425.0,13425.0,False,False,False,
2023-12-06T23:00:00Z,14164.0,14164.0,False,False,False,
2023-12-07T00:00:00Z,14838.0,14838.0,False,False,False,
2023-12-07T01:00:00Z,14661.0,14661.0,False,False,False,
2023-12-07T02:00:00Z,14229.0,14229.0,False,False,False,
2023-12-07T03:00:00Z,13524.0,13524.0,False,False,False,
2023-12-07T04:00:00Z,12524.0,12524.0,False,False,False,
2023-12-07T05:00:00Z,11355.0,11355.0,False,False,False,
2023-12-07T06:00:00Z,10682.0,10682.0,False,False,False,
2023-12-07T07:00:00Z,10231.0,10231.0,False,False,False,
2023-12-07T08:00:00Z,10062.0,10062.0,False,False,False,
2023-12-07T09:00:00Z,10069.0,10069.0,False,False,False,
2023-12-07T10:00:00Z,10328.0,10328.0,False,False,False,
2023-12-07T11:00:00Z,11274.0,11274.0,False,False,False,
2023-12-07T12:00:00Z,12794.0,12794.0,False,False,False,
2023-12-07T13:00:00Z,13830.0,13830.0,False,False,False,
2023-12-07T14:00:00Z,14193.0,14193.0,False,False,False,
2023-12-07T15:00:00Z,14053.0,14053.0,False,False,False,
2023-12-07T16:00:00Z,13778.0,13778.0,False,False,False,
2023-12-07T17:00:00Z,13522.0,13522.0,False,False,False,
2023-12-07T18:00:00Z,13378.0,13378.0,False,False,False,
2023-12-07T19:00:00Z,13297.0,13297.0,False,False,False,
2023-12-07T20:00:00Z,13239.0,13239.0,False,False,False,
2023-12-07T21:00:00Z,13336.0,13336.0,False,False,False,
2023-12-07T22:00:00Z,13557.0,13557.0,False,False,False,
2023-12-07T23:00:00Z,14229.0,14229.0,False,False,False,
2023-12-08T00:00:00Z,14885.0,14885.0,False,False,False,
2023-12-08T01:00:00Z,14646.0,14646.0,False,False,False,
2023-12-08T02:00:00Z,14233.0,14233.0,False,False,False,
2023-12-08T03:00:00Z,13543.0,13543.0,False,False,False,
2023-12-08T04:00:00Z,12456.0,12456.0,False,False,False,
2023-12-08T05:00:00Z,11427.0,11427.0,False,False,False,
2023-12-08T06:00:00Z,10378.0,10378.0,False,False,False,
2023-12-08T07:00:00Z,9847.0,9847.0,False,False,False,
2023-12-08T08:00:00Z,9552.0,9552.0,False,False,False,
2023-12-08T09:00:00Z,9472.0,9472.0,False,False,False,
2023-12-08T10:00:00Z,9710.0,9710.0,False,False,False,
2023-12-08T11:00:00Z,10538.0,10538.0,False,False,False,
2023-12-08T12:00:00Z,11862.0,11862.0,False,False,False,
2023-12-08T13:00:00Z,12724.0,12724.0,False,False,False,
2023-12-08T14:00:00Z,13398.0,13398.0,False,False,False,
2023-12-08T15:00:00Z,13750.0,13750.0,False,False,False,
2023-12-08T16:00:00Z,14044.0,14044.0,False,False,False,
2023-12-08T17:00:00Z,14199.0,14199.0,False,False,False,
2023-12-08T18:00:00Z,14360.0,14360.0,False,False,False,
2023-12-08T19:00:00Z,14460.0,14460.0,False,False,False,
2023-12-08T20:00:00Z,14483.0,14483.0,False,False,False,
2023-12-08T21:00:00Z,14545.0,14545.0,False,False,False,
2023-12-08T22:00:00Z,14661.0,14661.0,False,False,False,
2023-12-08T23:00:00Z,15070.0,15070.0,False,False,False,
2023-12-09T00:00:00Z,15306.0,15306.0,False,False,False,
2023-12-09T01:00:00Z,14837.0,14837.0,False,False,False,
2023-12-09T02:00:00Z,14347.0,14347.0,False,False,False,
2023-12-09T03:00:00Z,13710.0,13710.0,False,False,False,
2023-12-09T04:00:00Z,12965.0,12965.0,False,False,False,
2023-12-09T05:00:00Z,12073.0,12073.0,False,False,False,
2023-12-09T06:00:00Z,11046.0,11046.0,False,False,False,
2023-12-09T07:00:00Z,10326.0,10326.0,False,False,False,
2023-12-09T08:00:00Z,9920.0,9920.0,False,False,False,
2023-12-09T09:00:00Z,9698.0,9698.0,False,False,False,
2023-12-09T10:00:00Z,9635.0,9635.0,False,False,False,
2023-12-09T11:00:00Z,9860.0,9860.0,False,False,False,
2023-12-09T12:00:00Z,10363.0,10363.0,False,False,False,
2023-12-09T13:00:00Z,11191.0,11191.0,False,False,False,
2023-12-09T14:00:00Z,12590.0,12590.0,False,False,False,
2023-12-09T15:00:00Z,13985.0,13985.0,False,False,False,
2023-12-09T16:00:00Z,14941.0,14941.0,False,False,False,
2023-12-09T17:00:00Z,15574.0,15574.0,False,False,False,
2023-12-09T18:00:00Z,16113.0,16113.0,False,False,False,
2023-12-09T19:00:00Z,16447.0,16447.0,False,False,False,
2023-12-09T20:00:00Z,16658.0,16658.0,False,False,False,
2023-12-09T21:00:00Z,16704.0,16704.0,False,False,False,
2023-12-09T22:00:00Z,16501.0,16501.0,False,False,False,
2023-12-09T23:00:00Z,16318.0,16318.0,False,False,False,
2023-12-10T00:00:00Z,16224.0,16224.0,False,False,False,
2023-12-10T01:00:00Z,15528.0,15528.0,False,False,False,
2023-12-10T02:00:00Z,14897.0,14897.0,False,False,False,
2023-12-10T03:00:00Z,14227.0,14227.0,False,False,False,
2023-12-10T04:00:00Z,13474.0,13474.0,False,False,False,
2023-12-10T05:00:00Z,12503.0,12503.0,False,False,False,
2023-12-10T06:00:00Z,11554.0,11554.0,False,False,False,
2023-12-10T07:00:00Z,10798.0,10798.0,False,False,False,
2023-12-10T08:00:00Z,10273.0,10273.0,False,False,False,
2023-12-10T09:00:00Z,9954.0,9954.0,False,False,False,
2023-12-10T10:00:00Z,9801.0,9801.0,False,False,False,
2023-12-10T11:00:00Z,9839.0,9839.0,False,False,False,
2023-12-10T12:00:00Z,10193.0,10193.0,False,False,False,
2023-12-10T13:00:00Z,10908.0,10908.0,False,False,False,
2023-12-10T14:00:00Z,12584.0,12584.0,False,False,False,
2023-12-10T15:00:00Z,14266.0,14266.0,False,False,False,
2023-12-10T16:00:00Z,15520.0,15520.0,False,False,False,
2023-12-10T17:00:00Z,16383.0,16383.0,False,False,False,
2023-12-10T18:00:00Z,17089.0,17089.0,False,False,False,
2023-12-10T19:00:00Z,17508.0,17508.0,False,False,False,
2023-12-10T20:00:00Z,17603.0,17603.0,False,False,False,
2023-12-10T21:00:00Z,17401.0,17401.0,False,False,False,
2023-12-10T22:00:00Z,17171.0,17171.0,False,False,False,
2023-12-10T23:00:00Z,17306.0,17306.0,False,False,False,
2023-12-11T00:00:00Z,17462.0,17462.0,False,False,False,
2023-12-11T01:00:00Z,16823.0,16823.0,False,False,False,
2023-12-11T02:00:00Z,16211.0,16211.0,False,False,False,
2023-12-11T03:00:00Z,15326.0,15326.0,False,False,False,
2023-12-11T04:00:00Z,14205.0,14205.0,False,False,False,
2023-12-11T05:00:00Z,12352.0,12352.0,False,False,False,
2023-12-11T06:00:00Z,11375.0,11375.0,False,False,False,
2023-12-11T07:00:00Z,10574.0,10574.0,False,False,False,
2023-12-11T08:00:00Z,10189.0,10189.0,False,False,False,
2023-12-11T09:00:00Z,9984.0,9984.0,False,False,False,
2023-12-11T10:00:00Z,10114.0,10114.0,False,False,False,
2023-12-11T11:00:00Z,10817.0,10817.0,False,False,False,
2023-12-11T12:00:00Z,12083.0,12083.0,False,False,False,
2023-12-11T13:00:00Z,12967.0,12967.0,False,False,False,
2023-12-11T14:00:00Z,13565.0,13565.0,False,False,False,
2023-12-11T15:00:00Z,13926.0,13926.0,False,False,False,
2023-12-11T16:00:00Z,14107.0,14107.0,False,False,False,
2023-12-11T17:00:00Z,14196.0,14196.0,False,False,False,
2023-12-11T18:00:00Z,14165.0,14165.0,False,False,False,
2023-12-11T19:00:00Z,14092.0,14092.0,False,False,False,
2023-12-11T20:00:00Z,13970.0,13970.0,False,False,False,
2023-12-11T21:00:00Z,13865.0,13865.0,False,False,False,
2023-12-11T22:00:00Z,13972.0,13972.0,False,False,False,
2023-12-11T23:00:00Z,14822.0,14822.0,False,False,False,
2023-12-12T00:00:00Z,15505.0,15505.0,False,False,False,
2023-12-12T01:00:00Z,15236.0,15236.0,False,False,False,
2023-12-12T02:00:00Z,14699.0,14699.0,False,False,False,
2023-12-12T03:00:00Z,13923.0,13923.0,False,False,False,
2023-12-12T04:00:00Z,12885.0,12885.0,False,False,False,
2023-12-12T05:00:00Z,11610.0,11610.0,False,False,False,
2023-12-12T06:00:00Z,10878.0,10878.0,False,False,False,
2023-12-12T07:00:00Z,10358.0,10358.0,False,False,False,
2023-12-12T08:00:00Z,10134.0,10134.0,False,False,False,
2023-12-12T09:00:00Z,10154.0,10154.0,False,False,False,
2023-12-12T10:00:00Z,10373.0,10373.0,False,False,False,
2023-12-12T11:00:00Z,11271.0,11271.0,False,False,False,
2023-12-12T12:00:00Z,12763.0,12763.0,False,False,False,
2023-12-12T13:00:00Z,13791.0,13791.0,False,False,False,
2023-12-12T14:00:00Z,14176.0,14176.0,False,False,False,
2023-12-12T15:00:00Z,14093.0,14093.0,False,False,False,
2023-12-12T16:00:00Z,13958.0,13958.0,False,False,False,
2023-12-12T17:00:00Z,13795.0,13795.0,False,False,False,
2023-12-12T18:00:00Z,13685.0,13685.0,False,False,False,
2023-12-12T19:00:00Z,13629.0,13629.0,False,False,False,
2023-12-12T20:00:00Z,13586.0,13586.0,False,False,False,
2023-12-12T21:00:00Z,13605.0,13605.0,False,False,False,
2023-12-12T22:00:00Z,13873.0,13873.0,False,False,False,
2023-12-12T23:00:00Z,14802.0,14802.0,False,False,False,
2023-12-13T00:00:00Z,15558.0,15558.0,False,False,False,
2023-12-13T01:00:00Z,15387.0,15387.0,False,False,False,
2023-12-13T02:00:00Z,14995.0,14995.0,False,False,False,
2023-12-13T03:00:00Z,14364.0,14364.0,False,False,False,
2023-12-13T04:00:00Z,13376.0,13376.0,False,False,False,
2023-12-13T05:00:00Z,12273.0,12273.0,False,False,False,
2023-12-13T06:00:00Z,11230.0,11230.0,False,False,False,
2023-12-13T07:00:00Z,10668.0,10668.0,False,False,False,
2023-12-13T08:00:00Z,10392.0,10392.0,False,False,False,
2023-12-13T09:00:00Z,10272.0,10272.0,False,False,False,
2023-12-13T10:00:00Z,10497.0,10497.0,False,False,False,
2023-12-13T11:00:00Z,10182.0,10182.0,False,False,False,
2023-12-13T12:00:00Z,12607.0,12607.0,False,False,False,
2023-12-13T13:00:00Z,13488.0,13488.0,False,False,False,
2023-12-13T14:00:00Z,14133.0,14133.0,False,False,False,
2023-12-13T15:00:00Z,14586.0,14586.0,False,False,False,
2023-12-13T16:00:00Z,14745.0,14745.0,False,False,False,
2023-12-13T17:00:00Z,14664.0,14664.0,False,False,False,
2023-12-13T18:00:00Z,14581.0,14581.0,False,False,False,
2023-12-13T19:00:00Z,14457.0,14457.0,False,False,False,
2023-12-13T20:00:00Z,14402.0,14402.0,False,False,False,
2023-12-13T21:00:00Z,14392.0,14392.0,False,False,False,
2023-12-13T22:00:00Z,14617.0,14617.0,False,False,False,
2023-12-13T23:00:00Z,15340.0,15340.0,False,False,False,
2023-12-14T00:00:00Z,15918.0,15918.0,False,False,False,
2023-12-14T01:00:00Z,15787.0,15787.0,False,False,False,
2023-12-14T02:00:00Z,15316.0,15316.0,False,False,False,
2023-12-14T03:00:00Z,14579.0,14579.0,False,False,False,
2023-12-14T04:00:00Z,13548.0,13548.0,False,False,False,
2023-12-14T05:00:00Z,12228.0,12228.0,False,False,False,
2023-12-14T06:00:00Z,11186.0,11186.0,False,False,False,
2023-12-14T07:00:00Z,10513.0,10513.0,False,False,False,
2023-12-14T08:00:00Z,10144.0,10144.0,False,False,False,
2023-12-14T09:00:00Z,10009.0,10009.0,False,False,False,
2023-12-14T10:00:00Z,10164.0,10164.0,False,False,False,
2023-12-14T11:00:00Z,10911.0,10911.0,False,False,False,
2023-12-14T12:00:00Z,12158.0,12158.0,False,False,False,
2023-12-14T13:00:00Z,13057.0,13057.0,False,False,False,
2023-12-14T14:00:00Z,13745.0,13745.0,False,False,False,
2023-12-14T15:00:00Z,14168.0,14168.0,False,False,False,
2023-12-14T16:00:00Z,14321.0,14321.0,False,False,False,
2023-12-14T17:00:00Z,14293.0,14293.0,False,False,False,
2023-12-14T18:00:00Z,14091.0,14091.0,False,False,False,
2023-12-14T19:00:00Z,14066.0,14066.0,False,False,False,
2023-12-14T20:00:00Z,13954.0,13954.0,False,False,False,
2023-12-14T21:00:00Z,13936.0,13936.0,False,False,False,
2023-12-14T22:00:00Z,14178.0,14178.0,False,False,False,
2023-12-14T23:00:00Z,14872.0,14872.0,False,False,False,
2023-12-15T00:00:00Z,15278.0,15278.0,False,False,False,
2023-12-15T01:00:00Z,15062.0,15062.0,False,False,False,
2023-12-15T02:00:00Z,14615.0,14615.0,False,False,False,
2023-12-15T03:00:00Z,13915.0,13915.0,False,False,False,
2023-12-15T04:00:00Z,12961.0,12961.0,False,False,False,
2023-12-15T05:00:00Z,11743.0,11743.0,False,False,False,
2023-12-15T06:00:00Z,10722.0,10722.0,False,False,False,
2023-12-15T07:00:00Z,10038.0,10038.0,False,False,False,
2023-12-15T08:00:00Z,9686.0,9686.0,False,False,False,
2023-12-15T09:00:00Z,9561.0,9561.0,False,False,False,
2023-12-15T10:00:00Z,9753.0,9753.0,False,False,False,
2023-12-15T11:00:00Z,10492.0,10492.0,False,False,False,
2023-12-15T12:00:00Z,11776.0,11776.0,False,False,False,
2023-12-15T13:00:00Z,12735.0,12735.0,False,False,False,
2023-12-15T14:00:00Z,13437.0,13437.0,False,False,False,
2023-12-15T15:00:00Z,13895.0,13895.0,False,False,False,
2023-12-15T16:00:00Z,14138.0,14138.0,False,False,False,
2023-12-15T17:00:00Z,14142.0,14142.0,False,False,False,
2023-12-15T18:00:00Z,14050.0,14050.0,False,False,False,
2023-12-15T19:00:00Z,13999.0,13999.0,False,False,False,
2023-12-15T20:00:00Z,13895.0,13895.0,False,False,False,
2023-12-15T21:00:00Z,13863.0,13863.0,False,False,False,
2023-12-15T22:00:00Z,14023.0,14023.0,False,False,False,
2023-12-15T23:00:00Z,14578.0,14578.0,False,False,False,
2023-12-16T00:00:00Z,14824.0,14824.0,False,False,False,
2023-12-16T01:00:00Z,14464.0,14464.0,False,False,False,
2023-12-16T02:00:00Z,14034.0,14034.0,False,False,False,
2023-12-16T03:00:00Z,13486.0,13486.0,False,False,False,
2023-12-16T04:00:00Z,12764.0,12764.0,False,False,False,
2023-12-16T05:00:00Z,11863.0,11863.0,False,False,False,
2023-12-16T06:00:00Z,10921.0,10921.0,False,False,False,
2023-12-16T07:00:00Z,10282.0,10282.0,False,False,False,
2023-12-16T08:00:00Z,9903.0,9903.0,False,False,False,
2023-12-16T09:00:00Z,9702.0,9702.0,False,False,False,
2023-12-16T10:00:00Z,9712.0,9712.0,False,False,False,
2023-12-16T11:00:00Z,9948.0,9948.0,False,False,False,
2023-12-16T12:00:00Z,10515.0,10515.0,False,False,False,
2023-12-16T13:00:00Z,11268.0,11268.0,False,False,False,
2023-12-16T14:00:00Z,12549.0,12549.0,False,False,False,
2023-12-16T15:00:00Z,13846.0,13846.0,False,False,False,
2023-12-16T16:00:00Z,14590.0,14590.0,False,False,False,
2023-12-16T17:00:00Z,14949.0,14949.0,False,False,False,
2023-12-16T18:00:00Z,14922.0,14922.0,False,False,False,
2023-12-16T19:00:00Z,14832.0,14832.0,False,False,False,
2023-12-16T20:00:00Z,14689.0,14689.0,False,False,False,
2023-12-16T21:00:00Z,14520.0,14520.0,False,False,False,
2023-12-16T22:00:00Z,14475.0,14475.0,False,False,False,
2023-12-16T23:00:00Z,15020.0,15020.0,False,False,False,
2023-12-17T00:00:00Z,15118.0,15118.0,False,False,False,
2023-12-17T01:00:00Z,14700.0,14700.0,False,False,False,
2023-12-17T02:00:00Z,14290.0,14290.0,False,False,False,
2023-12-17T03:00:00Z,13697.0,13697.0,False,False,False,
2023-12-17T04:00:00Z,12955.0,12955.0,False,False,False,
2023-12-17T05:00:00Z,12178.0,12178.0,False,False,False,
2023-12-17T06:00:00Z,11404.0,11404.0,False,False,False,
2023-12-17T07:00:00Z,10725.0,10725.0,False,False,False,
2023-12-17T08:00:00Z,10389.0,10389.0,False,False,False,
2023-12-17T09:00:00Z,10165.0,10165.0,False,False,False,
2023-12-17T10:00:00Z,10075.0,10075.0,False,False,False,
2023-12-17T11:00:00Z,10219.0,10219.0,False,False,False,
2023-12-17T12:00:00Z,10612.0,10612.0,False,False,False,
2023-12-17T13:00:00Z,11345.0,11345.0,False,False,False,
2023-12-17T14:00:00Z,12673.0,12673.0,False,False,False,
2023-12-17T15:00:00Z,13922.0,13922.0,False,False,False,
2023-12-17T16:00:00Z,14598.0,14598.0,False,False,False,
2023-12-17T17:00:00Z,15167.0,15167.0,False,False,False,
2023-12-17T18:00:00Z,15430.0,15430.0,False,False,False,
2023-12-17T19:00:00Z,15322.0,15322.0,False,False,False,
2023-12-17T20:00:00Z,15362.0,15362.0,False,False,False,
2023-12-17T21:00:00Z,15169.0,15169.0,False,False,False,
2023-12-17T22:00:00Z,14907.0,14907.0,False,False,False,
2023-12-17T23:00:00Z,14914.0,14914.0,False,False,False,
2023-12-18T00:00:00Z,15289.0,15289.0,False,False,False,
2023-12-18T01:00:00Z,14859.0,14859.0,False,False,False,
2023-12-18T02:00:00Z,14309.0,14309.0,False,False,False,
2023-12-18T03:00:00Z,13524.0,13524.0,False,False,False,
2023-12-18T04:00:00Z,12449.0,12449.0,False,False,False,
2023-12-18T05:00:00Z,11267.0,11267.0,False,False,False,
2023-12-18T06:00:00Z,10230.0,10230.0,False,False,False,
2023-12-18T07:00:00Z,9596.0,9596.0,False,False,False,
2023-12-18T08:00:00Z,9278.0,9278.0,False,False,False,
2023-12-18T09:00:00Z,9149.0,9149.0,False,False,False,
2023-12-18T10:00:00Z,9355.0,9355.0,False,False,False,
2023-12-18T11:00:00Z,10165.0,10165.0,False,False,False,
2023-12-18T12:00:00Z,11504.0,11504.0,False,False,False,
2023-12-18T13:00:00Z,12489.0,12489.0,False,False,False,
2023-12-18T14:00:00Z,13162.0,13162.0,False,False,False,
2023-12-18T15:00:00Z,13509.0,13509.0,False,False,False,
2023-12-18T16:00:00Z,13584.0,13584.0,False,False,False,
2023-12-18T17:00:00Z,13596.0,13596.0,False,False,False,
2023-12-18T18:00:00Z,13626.0,13626.0,False,False,False,
2023-12-18T19:00:00Z,13675.0,13675.0,False,False,False,
2023-12-18T20:00:00Z,13743.0,13743.0,False,False,False,
2023-12-18T21:00:00Z,13884.0,13884.0,False,False,False,
2023-12-18T22:00:00Z,14012.0,14012.0,False,False,False,
2023-12-18T23:00:00Z,14473.0,14473.0,False,False,False,
2023-12-19T00:00:00Z,15194.0,15194.0,False,False,False,
2023-12-19T01:00:00Z,14967.0,14967.0,False,False,False,
2023-12-19T02:00:00Z,14477.0,14477.0,False,False,False,
2023-12-19T03:00:00Z,13712.0,13712.0,False,False,False,
2023-12-19T04:00:00Z,12667.0,12667.0,False,False,False,
2023-12-19T05:00:00Z,11094.0,11094.0,False,False,False,
2023-12-19T06:00:00Z,10579.0,10579.0,False,False,False,
2023-12-19T07:00:00Z,10027.0,10027.0,False,False,False,
2023-12-19T08:00:00Z,9811.0,9811.0,False,False,False,
2023-12-19T09:00:00Z,9819.0,9819.0,False,False,False,
2023-12-19T10:00:00Z,10159.0,10159.0,False,False,False,
2023-12-19T11:00:00Z,11107.0,11107.0,False,False,False,
2023-12-19T12:00:00Z,12679.0,12679.0,False,False,False,
2023-12-19T13:00:00Z,13891.0,13891.0,False,False,False,
2023-12-19T14:00:00Z,14420.0,14420.0,False,False,False,
2023-12-19T15:00:00Z,14411.0,14411.0,False,False,False,
2023-12-19T16:00:00Z,14131.0,14131.0,False,False,False,
2023-12-19T17:00:00Z,13769.0,13769.0,False,False,False,
2023-12-19T18:00:00Z,13539.0,13539.0,False,False,False,
2023-12-19T19:00:00Z,13425.0,13425.0,False,False,False,
2023-12-19T20:00:00Z,13444.0,13444.0,False,False,False,
2023-12-19T21:00:00Z,13617.0,13617.0,False,False,False,
2023-12-19T22:00:00Z,13881.0,13881.0,False,False,False,
2023-12-19T23:00:00Z,14597.0,14597.0,False,False,False,
2023-12-20T00:00:00Z,15485.0,15485.0,False,False,False,
2023-12-20T01:00:00Z,15444.0,15444.0,False,False,False,
2023-12-20T02:00:00Z,15244.0,15244.0,False,False,False,
2023-12-20T03:00:00Z,14472.0,14472.0,False,False,False,
2023-12-20T04:00:00Z,13421.0,13421.0,False,False,False,
2023-12-20T05:00:00Z,12263.0,12263.0,False,False,False,
2023-12-20T06:00:00Z,11455.0,11455.0,False,False,False,
2023-12-20T07:00:00Z,10927.0,10927.0,False,False,False,
2023-12-20T08:00:00Z,10671.0,10671.0,False,False,False,
2023-12-20T09:00:00Z,10627.0,10627.0,False,False,False,
2023-12-20T10:00:00Z,10863.0,10863.0,False,False,False,
2023-12-20T11:00:00Z,11706.0,11706.0,False,False,False,
2023-12-20T12:00:00Z,13145.0,13145.0,False,False,False,
2023-12-20T13:00:00Z,14147.0,14147.0,False,False,False,
2023-12-20T14:00:00Z,14624.0,14624.0,False,False,False,
2023-12-20T15:00:00Z,14720.0,14720.0,False,False,False,
2023-12-20T16:00:00Z,14518.0,14518.0,False,False,False,
2023-12-20T17:00:00Z,14152.0,14152.0,False,False,False,
2023-12-20T18:00:00Z,13828.0,13828.0,False,False,False,
2023-12-20T19:00:00Z,13636.0,13636.0,False,False,False,
2023-12-20T20:00:00Z,13530.0,13530.0,False,False,False,
2023-12-20T21:00:00Z,13542.0,13542.0,False,False,False,
2023-12-20T22:00:00Z,13749.0,13749.0,False,False,False,
2023-12-20T23:00:00Z,14511.0,14511.0,False,False,False,
2023-12-21T00:00:00Z,15124.0,15124.0,False,False,False,
2023-12-21T01:00:00Z,14967.0,14967.0,False,False,False,
2023-12-21T02:00:00Z,14607.0,14607.0,False,False,False,
2023-12-21T03:00:00Z,13942.0,13942.0,False,False,False,
2023-12-21T04:00:00Z,13047.0,13047.0,False,False,False,
2023-12-21T05:00:00Z,12008.0,12008.0,False,False,False,
2023-12-21T06:00:00Z,11000.0,11000.0,False,False,False,
2023-12-21T07:00:00Z,10424.0,10424.0,False,False,False,
2023-12-21T08:00:00Z,10155.0,10155.0,False,False,False,
2023-12-21T09:00:00Z,10086.0,10086.0,False,False,False,
2023-12-21T10:00:00Z,10303.0,10303.0,False,False,False,
2023-12-21T11:00:00Z,11089.0,11089.0,False,False,False,
2023-12-21T12:00:00Z,12360.0,12360.0,False,False,False,
2023-12-21T13:00:00Z,13329.0,13329.0,False,False,False,
2023-12-21T14:00:00Z,13923.0,13923.0,False,False,False,
2023-12-21T15:00:00Z,14153.0,14153.0,False,False,False,
2023-12-21T16:00:00Z,14089.0,14089.0,False,False,False,
2023-12-21T17:00:00Z,13913.0,13913.0,False,False,False,
2023-12-21T18:00:00Z,13796.0,13796.0,False,False,False,
2023-12-21T19:00:00Z,13767.0,13767.0,False,False,False,
2023-12-21T20:00:00Z,13789.0,13789.0,False,False,False,
2023-12-21T21:00:00Z,13814.0,13814.0,False,False,False,
2023-12-21T22:00:00Z,13874.0,13874.0,False,False,False,
2023-12-21T23:00:00Z,14423.0,14423.0,False,False,False,
2023-12-22T00:00:00Z,14963.0,14963.0,False,False,False,
2023-12-22T01:00:00Z,14671.0,14671.0,False,False,False,
2023-12-22T02:00:00Z,14294.0,14294.0,False,False,False,
2023-12-22T03:00:00Z,13695.0,13695.0,False,False,False,
2023-12-22T04:00:00Z,12788.0,12788.0,False,False,False,
2023-12-22T05:00:00Z,11803.0,11803.0,False,False,False,
2023-12-22T06:00:00Z,10712.0,10712.0,False,False,False,
2023-12-22T07:00:00Z,10037.0,10037.0,False,False,False,
2023-12-22T08:00:00Z,9683.0,9683.0,False,False,False,
2023-12-22T09:00:00Z,9588.0,9588.0,False,False,False,
2023-12-22T10:00:00Z,9746.0,9746.0,False,False,False,
2023-12-22T11:00:00Z,10366.0,10366.0,False,False,False,
2023-12-22T12:00:00Z,11438.0,11438.0,False,False,False,
2023-12-22T13:00:00Z,12426.0,12426.0,False,False,False,
2023-12-22T14:00:00Z,13364.0,13364.0,False,False,False,
2023-12-22T15:00:00Z,13922.0,13922.0,False,False,False,
2023-12-22T16:00:00Z,14110.0,14110.0,False,False,False,
2023-12-22T17:00:00Z,14059.0,14059.0,False,False,False,
2023-12-22T18:00:00Z,13943.0,13943.0,False,False,False,
2023-12-22T19:00:00Z,13870.0,13870.0,False,False,False,
2023-12-22T20:00:00Z,13813.0,13813.0,False,False,False,
2023-12-22T21:00:00Z,13748.0,13748.0,False,False,False,
2023-12-22T22:00:00Z,13785.0,13785.0,False,False,False,
2023-12-22T23:00:00Z,14279.0,14279.0,False,False,False,
2023-12-23T00:00:00Z,14625.0,14625.0,False,False,False,
2023-12-23T01:00:00Z,14182.0,14182.0,False,False,False,
2023-12-23T02:00:00Z,13784.0,13784.0,False,False,False,
2023-12-23T03:00:00Z,13213.0,13213.0,False,False,False,
2023-12-23T04:00:00Z,12478.0,12478.0,False,False,False,
2023-12-23T05:00:00Z,11572.0,11572.0,False,False,False,
2023-12-23T06:00:00Z,10623.0,10623.0,False,False,False,
2023-12-23T07:00:00Z,9973.0,9973.0,False,False,False,
2023-12-23T08:00:00Z,9572.0,9572.0,False,False,False,
2023-12-23T09:00:00Z,9392.0,9392.0,False,False,False,
2023-12-23T10:00:00Z,9445.0,9445.0,False,False,False,
2023-12-23T11:00:00Z,9717.0,9717.0,False,False,False,
2023-12-23T12:00:00Z,10287.0,10287.0,False,False,False,
2023-12-23T13:00:00Z,11149.0,11149.0,False,False,False,
2023-12-23T14:00:00Z,12414.0,12414.0,False,False,False,
2023-12-23T15:00:00Z,13294.0,13294.0,False,False,False,
2023-12-23T16:00:00Z,13700.0,13700.0,False,False,False,
2023-12-23T17:00:00Z,13894.0,13894.0,False,False,False,
2023-12-23T18:00:00Z,14075.0,14075.0,False,False,False,
2023-12-23T19:00:00Z,14153.0,14153.0,False,False,False,
2023-12-23T20:00:00Z,14164.0,14164.0,False,False,False,
2023-12-23T21:00:00Z,14231.0,14231.0,False,False,False,
2023-12-23T22:00:00Z,14186.0,14186.0,False,False,False,
2023-12-23T23:00:00Z,14307.0,14307.0,False,False,False,
2023-12-24T00:00:00Z,14626.0,14626.0,False,False,False,
2023-12-24T01:00:00Z,14197.0,14197.0,False,False,False,
2023-12-24T02:00:00Z,13770.0,13770.0,False,False,False,
2023-12-24T03:00:00Z,13264.0,13264.0,False,False,False,
2023-12-24T04:00:00Z,12579.0,12579.0,False,False,False,
2023-12-24T05:00:00Z,11621.0,11621.0,False,False,False,
2023-12-24T06:00:00Z,10708.0,10708.0,False,False,False,
2023-12-24T07:00:00Z,9996.0,9996.0,False,False,False,
2023-12-24T08:00:00Z,9536.0,9536.0,False,False,False,
2023-12-24T09:00:00Z,9274.0,9274.0,False,False,False,
2023-12-24T10:00:00Z,9202.0,9202.0,False,False,False,
2023-12-24T11:00:00Z,9410.0,9410.0,False,False,False,
2023-12-24T12:00:00Z,9966.0,9966.0,False,False,False,
2023-12-24T13:00:00Z,10818.0,10818.0,False,False,False,
2023-12-24T14:00:00Z,12199.0,12199.0,False,False,False,
2023-12-24T15:00:00Z,13373.0,13373.0,False,False,False,
2023-12-24T16:00:00Z,14072.0,14072.0,False,False,False,
2023-12-24T17:00:00Z,14468.0,14468.0,False,False,False,
2023-12-24T18:00:00Z,14736.0,14736.0,False,False,False,
2023-12-24T19:00:00Z,14854.0,14854.0,False,False,False,
2023-12-24T20:00:00Z,14948.0,14948.0,False,False,False,
2023-12-24T21:00:00Z,14949.0,14949.0,False,False,False,
2023-12-24T22:00:00Z,14828.0,14828.0,False,False,False,
2023-12-24T23:00:00Z,14969.0,14969.0,False,False,False,
2023-12-25T00:00:00Z,14935.0,14935.0,False,False,False,
2023-12-25T01:00:00Z,14202.0,14202.0,False,False,False,
2023-12-25T02:00:00Z,13640.0,13640.0,False,False,False,
2023-12-25T03:00:00Z,13062.0,13062.0,False,False,False,
2023-12-25T04:00:00Z,12447.0,12447.0,False,False,False,
2023-12-25T05:00:00Z,11689.0,11689.0,False,False,False,
2023-12-25T06:00:00Z,10949.0,10949.0,False,False,False,
2023-12-25T07:00:00Z,10338.0,10338.0,False,False,False,
2023-12-25T08:00:00Z,9876.0,9876.0,False,False,False,
2023-12-25T09:00:00Z,9555.0,9555.0,False,False,False,
2023-12-25T10:00:00Z,9445.0,9445.0,False,False,False,
2023-12-25T11:00:00Z,9564.0,9564.0,False,False,False,
2023-12-25T12:00:00Z,9883.0,9883.0,False,False,False,
2023-12-25T13:00:00Z,10542.0,10542.0,False,False,False,
2023-12-25T14:00:00Z,11897.0,11897.0,False,False,False,
2023-12-25T15:00:00Z,13337.0,13337.0,False,False,False,
2023-12-25T16:00:00Z,14268.0,14268.0,False,False,False,
2023-12-25T17:00:00Z,14754.0,14754.0,False,False,False,
2023-12-25T18:00:00Z,14928.0,14928.0,False,False,False,
2023-12-25T19:00:00Z,14866.0,14866.0,False,False,False,
2023-12-25T20:00:00Z,14678.0,14678.0,False,False,False,
2023-12-25T21:00:00Z,14405.0,14405.0,False,False,False,
2023-12-25T22:00:00Z,14226.0,14226.0,False,False,False,
2023-12-25T23:00:00Z,14280.0,14280.0,False,False,False,
2023-12-26T00:00:00Z,14366.0,14366.0,False,False,False,
2023-12-26T01:00:00Z,14055.0,14055.0,False,False,False,
2023-12-26T02:00:00Z,13732.0,13732.0,False,False,False,
2023-12-26T03:00:00Z,13924.0,13924.0,False,False,False,
2023-12-26T04:00:00Z,13050.0,13050.0,False,False,False,
2023-12-26T05:00:00Z,12385.0,12385.0,False,False,False,
2023-12-26T06:00:00Z,10841.0,10841.0,False,False,False,
2023-12-26T07:00:00Z,10145.0,10145.0,False,False,False,
2023-12-26T08:00:00Z,9692.0,9692.0,False,False,False,
2023-12-26T09:00:00Z,9473.0,9473.0,False,False,False,
2023-12-26T10:00:00Z,9453.0,9453.0,False,False,False,
2023-12-26T11:00:00Z,9801.0,9801.0,False,False,False,
2023-12-26T12:00:00Z,10443.0,10443.0,False,False,False,
2023-12-26T13:00:00Z,11228.0,11228.0,False,False,False,
2023-12-26T14:00:00Z,12412.0,12412.0,False,False,False,
2023-12-26T15:00:00Z,13729.0,13729.0,False,False,False,
2023-12-26T16:00:00Z,14761.0,14761.0,False,False,False,
2023-12-26T17:00:00Z,15400.0,15400.0,False,False,False,
2023-12-26T18:00:00Z,15891.0,15891.0,False,False,False,
2023-12-26T19:00:00Z,16294.0,16294.0,False,False,False,
2023-12-26T20:00:00Z,16484.0,16484.0,False,False,False,
2023-12-26T21:00:00Z,16557.0,16557.0,False,False,False,
2023-12-26T22:00:00Z,16448.0,16448.0,False,False,False,
2023-12-26T23:00:00Z,16371.0,16371.0,False,False,False,
2023-12-27T00:00:00Z,16546.0,16546.0,False,False,False,
2023-12-27T01:00:00Z,15910.0,15910.0,False,False,False,
2023-12-27T02:00:00Z,15108.0,15108.0,False,False,False,
2023-12-27T03:00:00Z,14215.0,14215.0,False,False,False,
2023-12-27T04:00:00Z,13221.0,13221.0,False,False,False,
2023-12-27T05:00:00Z,12377.0,12377.0,False,False,False,
2023-12-27T06:00:00Z,10901.0,10901.0,False,False,False,
2023-12-27T07:00:00Z,10130.0,10130.0,False,False,False,
2023-12-27T08:00:00Z,9638.0,9638.0,False,False,False,
2023-12-27T09:00:00Z,9416.0,9416.0,False,False,False,
2023-12-27T10:00:00Z,9471.0,9471.0,False,False,False,
2023-12-27T11:00:00Z,9884.0,9884.0,False,False,False,
2023-12-27T12:00:00Z,10550.0,10550.0,False,False,False,
2023-12-27T13:00:00Z,11376.0,11376.0,False,False,False,
2023-12-27T14:00:00Z,12570.0,12570.0,False,False,False,
2023-12-27T15:00:00Z,13493.0,13493.0,False,False,False,
2023-12-27T16:00:00Z,14100.0,14100.0,False,False,False,
2023-12-27T17:00:00Z,14441.0,14441.0,False,False,False,
2023-12-27T18:00:00Z,14675.0,14675.0,False,False,False,
2023-12-27T19:00:00Z,14905.0,14905.0,False,False,False,
2023-12-27T20:00:00Z,15146.0,15146.0,False,False,False,
2023-12-27T21:00:00Z,15258.0,15258.0,False,False,False,
2023-12-27T22:00:00Z,15267.0,15267.0,False,False,False,
2023-12-27T23:00:00Z,15394.0,15394.0,False,False,False,
2023-12-28T00:00:00Z,15734.0,15734.0,False,False,False,
2023-12-28T01:00:00Z,15144.0,15144.0,False,False,False,
2023-12-28T02:00:00Z,14486.0,14486.0,False,False,False,
2023-12-28T03:00:00Z,13692.0,13692.0,False,False,False,
2023-12-28T04:00:00Z,12731.0,12731.0,False,False,False,
2023-12-28T05:00:00Z,11558.0,11558.0,False,False,False,
2023-12-28T06:00:00Z,10518.0,10518.0,False,False,False,
2023-12-28T07:00:00Z,9810.0,9810.0,False,False,False,
2023-12-28T08:00:00Z,9411.0,9411.0,False,False,False,
2023-12-28T09:00:00Z,9214.0,9214.0,False,False,False,
2023-12-28T10:00:00Z,9280.0,9280.0,False,False,False,
2023-12-28T11:00:00Z,9788.0,9788.0,False,False,False,
2023-12-28T12:00:00Z,10636.0,10636.0,False,False,False,
2023-12-28T13:00:00Z,11700.0,11700.0,False,False,False,
2023-12-28T14:00:00Z,12787.0,12787.0,False,False,False,
2023-12-28T15:00:00Z,13661.0,13661.0,False,False,False,
2023-12-28T16:00:00Z,14210.0,14210.0,False,False,False,
2023-12-28T17:00:00Z,14403.0,14403.0,False,False,False,
2023-12-28T18:00:00Z,14252.0,14252.0,False,False,False,
2023-12-28T19:00:00Z,13919.0,13919.0,False,False,False,
2023-12-28T20:00:00Z,13533.0,13533.0,False,False,False,
2023-12-28T21:00:00Z,13364.0,13364.0,False,False,False,
2023-12-28T22:00:00Z,13524.0,13524.0,False,False,False,
2023-12-28T23:00:00Z,14141.0,14141.0,False,False,False,
2023-12-29T00:00:00Z,14835.0,14835.0,False,False,False,
2023-12-29T01:00:00Z,14541.0,14541.0,False,False,False,
2023-12-29T02:00:00Z,14071.0,14071.0,False,False,False,
2023-12-29T03:00:00Z,13448.0,13448.0,False,False,False,
2023-12-29T04:00:00Z,12619.0,12619.0,False,False,False,
2023-12-29T05:00:00Z,11899.0,11899.0,False,False,False,
2023-12-29T06:00:00Z,10694.0,10694.0,False,False,False,
2023-12-29T07:00:00Z,10117.0,10117.0,False,False,False,
2023-12-29T08:00:00Z,9792.0,9792.0,False,False,False,
2023-12-29T09:00:00Z,9701.0,9701.0,False,False,False,
2023-12-29T10:00:00Z,9918.0,9918.0,False,False,False,
2023-12-29T11:00:00Z,10574.0,10574.0,False,False,False,
2023-12-29T12:00:00Z,11458.0,11458.0,False,False,False,
2023-12-29T13:00:00Z,12544.0,12544.0,False,False,False,
2023-12-29T14:00:00Z,13565.0,13565.0,False,False,False,
2023-12-29T15:00:00Z,14104.0,14104.0,False,False,False,
2023-12-29T16:00:00Z,14200.0,14200.0,False,False,False,
2023-12-29T17:00:00Z,14040.0,14040.0,False,False,False,
2023-12-29T18:00:00Z,13802.0,13802.0,False,False,False,
2023-12-29T19:00:00Z,13573.0,13573.0,False,False,False,
2023-12-29T20:00:00Z,13408.0,13408.0,False,False,False,
2023-12-29T21:00:00Z,13389.0,13389.0,False,False,False,
2023-12-29T22:00:00Z,13581.0,13581.0,False,False,False,
2023-12-29T23:00:00Z,14285.0,14285.0,False,False,False,
2023-12-30T00:00:00Z,14931.0,14931.0,False,False,False,
2023-12-30T01:00:00Z,14649.0,14649.0,False,False,False,
2023-12-30T02:00:00Z,14279.0,14279.0,False,False,False,
2023-12-30T03:00:00Z,13676.0,13676.0,False,False,False,
2023-12-30T04:00:00Z,12999.0,12999.0,False,False,False,
2023-12-30T05:00:00Z,12127.0,12127.0,False,False,False,
2023-12-30T06:00:00Z,11443.0,11443.0,False,False,False,
2023-12-30T07:00:00Z,10965.0,10965.0,False,False,False,
2023-12-30T08:00:00Z,10721.0,10721.0,False,False,False,
2023-12-30T09:00:00Z,10671.0,10671.0,False,False,False,
2023-12-30T10:00:00Z,10757.0,10757.0,False,False,False,
2023-12-30T11:00:00Z,11099.0,11099.0,False,False,False,
2023-12-30T12:00:00Z,11726.0,11726.0,False,False,False,
2023-12-30T13:00:00Z,12761.0,12761.0,False,False,False,
2023-12-30T14:00:00Z,13876.0,13876.0,False,False,False,
2023-12-30T15:00:00Z,14405.0,14405.0,False,False,False,
2023-12-30T16:00:00Z,14458.0,14458.0,False,False,False,
2023-12-30T17:00:00Z,14186.0,14186.0,False,False,False,
2023-12-30T18:00:00Z,13836.0,13836.0,False,False,False,
2023-12-30T19:00:00Z,13459.0,13459.0,False,False,False,
2023-12-30T20:00:00Z,13199.0,13199.0,False,False,False,
2023-12-30T21:00:00Z,13028.0,13028.0,False,False,False,
2023-12-30T22:00:00Z,13090.0,13090.0,False,False,False,
2023-12-30T23:00:00Z,13773.0,13773.0,False,False,False,
2023-12-31T00:00:00Z,14632.0,14632.0,False,False,False,
2023-12-31T01:00:00Z,14512.0,14512.0,False,False,False,
2023-12-31T02:00:00Z,14309.0,14309.0,False,False,False,
2023-12-31T03:00:00Z,13944.0,13944.0,False,False,False,
2023-12-31T04:00:00Z,13395.0,13395.0,False,False,False,
2023-12-31T05:00:00Z,12612.0,12612.0,False,False,False,
2023-12-31T06:00:00Z,11371.0,11371.0,False,False,False,
2023-12-31T07:00:00Z,11169.0,11169.0,False,False,False,
2023-12-31T08:00:00Z,11124.0,11124.0,False,False,False,
2023-12-31T09:00:00Z,11275.0,11275.0,False,False,False,
2023-12-31T10:00:00Z,11709.0,11709.0,False,False,False,
2023-12-31T11:00:00Z,12418.0,12418.0,False,False,False,
2023-12-31T12:00:00Z,13810.0,13810.0,False,False,False,
2023-12-31T13:00:00Z,14782.0,14782.0,False,False,False,
2023-12-31T14:00:00Z,14897.0,14897.0,False,False,False,
2023-12-31T15:00:00Z,14390.0,14390.0,False,False,False,
2023-12-31T16:00:00Z,13829.0,13829.0,False,False,False,
2023-12-31T17:00:00Z,13498.0,13498.0,False,False,False,
2023-12-31T18:00:00Z,13240.0,13240.0,False,False,False,
2023-12-31T19:00:00Z,13179.0,13179.0,False,False,False,
2023-12-31T20:00:00Z,13302.0,13302.0,False,False,False,
2023-12-31T21:00:00Z,13640.0,13640.0,False,False,False,
2023-12-31T22:00:00Z,14151.0,14151.0,False,False,False,
2023-12-31T23:00:00Z,14745.0,14745.0,False,False,False,
