entity_type,entity_id,peak_kind,peak_load_mw,peak_time_utc,peak_tie_count,expected_hours,valid_hours,missing_hours,coverage_complete,period_start_utc,period_end_utc,source_identifiers,source_sha256,screening_settings,load_members,screened_outlier_hours,invalid_observation_hours,local_timezone,source_weather,candidate_peak_load_mw,candidate_peak_time_utc,candidate_peak_tie_count,quality_status,quality_reason
ba,AEC,observed,1103.0,2020-07-16T17:00:00Z,1,35064,22950,12114,False,2019-01-01T00:00:00Z,2023-01-01T00:00:00Z,"[""configs/ba/all_bas_2007_2023_eia930_load_actuals.yaml"",""eia930/AEC_load_2019.csv"",""eia930/AEC_load_2020.csv"",""eia930/AEC_load_2021.csv"",""eia930/AEC_load_2022.csv"",""paper_data/manifests/eia860_2024_operable_capacity_manifest_wtk_bchrrr_nsrdb_2007_2023.csv"",""src/wxdata/load.py"",""src/wxdata/load_settings.py""]","{""configs/ba/all_bas_2007_2023_eia930_load_actuals.yaml"":""27dd570ea03850845d928e57b5e85db6843d141a611f16ce62ec776d2b7171a5"",""eia930/AEC_load_2019.csv"":""2ff96a14bc5724a9fcbaddcfeeda3e70757d301dc55b09477fe068a87a0cd5cd"",""eia930/AEC_load_2020.csv"":""b36a526a52e67e157998aae7d93980e27f4208e00e1141786e30a57142d47c85"",""eia930/AEC_load_2021.csv"":""cb99adb519a90f1ad602de61b9a2759b4789701e52ac18a2664ef439d6034092"",""eia930/AEC_load_2022.csv"":""fc223048f42c4f37c11e4931f2f59ec177eb2abb5b179e1727d29223b079042f"",""paper_data/manifests/eia860_2024_operable_capacity_manifest_wtk_bchrrr_nsrdb_2007_2023.csv"":""0fa5c58fb78444b05819997a71cc7afb03b570cb661d6245895da6aaf735e6b2"",""src/wxdata/load.py"":""df7c525bf214a69cf911ef74ade85560596075d865da5b4729ea34d8434c91fb"",""src/wxdata/load_settings.py"":""efa4071e89cfce6435f0cd2956e50d81d0f9cd009a9ef87e75d5608470c0343b""}","{""boundary"":""UTC start inclusive, end exclusive"",""centered"":true,""duplicate_timestamp"":""last input occurrence"",""group_by"":""BA local clock hour"",""interpolation"":""none"",""load_outlier_same_hour_deviation_fraction"":0.4,""load_outlier_same_hour_min_periods"":5,""load_outlier_same_hour_window_days"":7,""local_timezone"":""America/Chicago"",""method"":""wxdata.load._clean_load_history"",""nonfinite_and_nonpositive"":""excluded"",""ties"":""earliest UTC exact maximum before rounding"",""window_basis"":""complete hourly calendar, missing hours retained as NaN""}","[""AEC""]",331,11783,America/Chicago,,1103.0,2020-07-16T17:00:00Z,1,available,
ba,AECI,observed,6228.0,2022-12-23T16:00:00Z,1,35064,34979,85,False,2019-01-01T00:00:00Z,2023-01-01T00:00:00Z,"[""configs/ba/all_bas_2007_2023_eia930_load_actuals.yaml"",""eia930/AECI_load_2019.csv"",""eia930/AECI_load_2020.csv"",""eia930/AECI_load_2021.csv"",""eia930/AECI_load_2022.csv"",""paper_data/manifests/eia860_2024_operable_capacity_manifest_wtk_bchrrr_nsrdb_2007_2023.csv"",""src/wxdata/load.py"",""src/wxdata/load_settings.py""]","{""configs/ba/all_bas_2007_2023_eia930_load_actuals.yaml"":""27dd570ea03850845d928e57b5e85db6843d141a611f16ce62ec776d2b7171a5"",""eia930/AECI_load_2019.csv"":""e4c4fc028e269f1f5831b2440e6f47200931ceb3a2c7684b1daaf636271b5e17"",""eia930/AECI_load_2020.csv"":""759d6da62e33f94bb84bde600ed6bc6069dcd7e736268e9a164c3063a8dd2005"",""eia930/AECI_load_2021.csv"":""7cd9e118a0d30af56d89004d38b01b025000faf95bf8b106d521b95d8148d28c"",""eia930/AECI_load_2022.csv"":""c630cff4dbcf0ba4974879320f80f63eb150832a895ab47897885f298f238b9e"",""paper_data/manifests/eia860_2024_operable_capacity_manifest_wtk_bchrrr_nsrdb_2007_2023.csv"":""0fa5c58fb78444b05819997a71cc7afb03b570cb661d6245895da6aaf735e6b2"",""src/wxdata/load.py"":""df7c525bf214a69cf911ef74ade85560596075d865da5b4729ea34d8434c91fb"",""src/wxdata/load_settings.py"":""efa4071e89cfce6435f0cd2956e50d81d0f9cd009a9ef87e75d5608470c0343b""}","{""boundary"":""UTC start inclusive, end exclusive"",""centered"":true,""duplicate_timestamp"":""last input occurrence"",""group_by"":""BA local clock hour"",""interpolation"":""none"",""load_outlier_same_hour_deviation_fraction"":0.4,""load_outlier_same_hour_min_periods"":5,""load_outlier_same_hour_window_days"":7,""local_timezone"":""America/Chicago"",""method"":""wxdata.load._clean_load_history"",""nonfinite_and_nonpositive"":""excluded"",""ties"":""earliest UTC exact maximum before rounding"",""window_basis"":""complete hourly calendar, missing hours retained as NaN""}","[""AECI""]",74,11,America/Chicago,,6228.0,2022-12-23T16:00:00Z,1,available,
ba,AVA,observed,2514.0,2022-12-22T17:00:00Z,1,35064,35028,36,False,2019-01-01T00:00:00Z,2023-01-01T00:00:00Z,"[""configs/ba/all_bas_2007_2023_eia930_load_actuals.yaml"",""eia930/AVA_load_2019.csv"",""eia930/AVA_load_2020.csv"",""eia930/AVA_load_2021.csv"",""eia930/AVA_load_2022.csv"",""paper_data/manifests/eia860_2024_operable_capacity_manifest_wtk_bchrrr_nsrdb_2007_2023.csv"",""src/wxdata/load.py"",""src/wxdata/load_settings.py""]","{""configs/ba/all_bas_2007_2023_eia930_load_actuals.yaml"":""27dd570ea03850845d928e57b5e85db6843d141a611f16ce62ec776d2b7171a5"",""eia930/AVA_load_2019.csv"":""fcf4605f285d65019e32bcf8a2a0be5fcbdd5161377a3082d6d0ffc3dfec8f78"",""eia930/AVA_load_2020.csv"":""38b045adedfc5fa6d00dec7416e7f3d8b3c22d807739ebd1ad6449865bbc4592"",""eia930/AVA_load_2021.csv"":""90f59c14c53ab333833874cb22eb2580758b9832bb3d742355a4b80c8e10709f"",""eia930/AVA_load_2022.csv"":""ba949387c71c03e3592dee8365bf73003088464bfad33bdb73f904ea28f39d91"",""paper_data/manifests/eia860_2024_operable_capacity_manifest_wtk_bchrrr_nsrdb_2007_2023.csv"":""0fa5c58fb78444b05819997a71cc7afb03b570cb661d6245895da6aaf735e6b2"",""src/wxdata/load.py"":""df7c525bf214a69cf911ef74ade85560596075d865da5b4729ea34d8434c91fb"",""src/wxdata/load_settings.py"":""efa4071e89cfce6435f0cd2956e50d81d0f9cd009a9ef87e75d5608470c0343b""}","{""boundary"":""UTC start inclusive, end exclusive"",""centered"":true,""duplicate_timestamp"":""last input occurrence"",""group_by"":""BA local clock hour"",""interpolation"":""none"",""load_outlier_same_hour_deviation_fraction"":0.4,""load_outlier_same_hour_min_periods"":5,""load_outlier_same_hour_window_days"":7,""local_timezone"":""America/Los_Angeles"",""method"":""wxdata.load._clean_load_history"",""nonfinite_and_nonpositive"":""excluded"",""ties"":""earliest UTC exact maximum before rounding"",""window_basis"":""complete hourly calendar, missing hours retained as NaN""}","[""AVA""]",9,27,America/Los_Angeles,,2514.0,2022-12-22T17:00:00Z,1,available,
ba,AVRN,observed,,,0,35064,0,35064,False,2019-01-01T00:00:00Z,2023-01-01T00:00:00Z,"[""configs/ba/all_bas_2007_2023_eia930_load_actuals.yaml"",""paper_data/manifests/eia860_2024_operable_capacity_manifest_wtk_bchrrr_nsrdb_2007_2023.csv"",""src/wxdata/load.py"",""src/wxdata/load_settings.py""]","{""configs/ba/all_bas_2007_2023_eia930_load_actuals.yaml"":""27dd570ea03850845d928e57b5e85db6843d141a611f16ce62ec776d2b7171a5"",""paper_data/manifests/eia860_2024_operable_capacity_manifest_wtk_bchrrr_nsrdb_2007_2023.csv"":""0fa5c58fb78444b05819997a71cc7afb03b570cb661d6245895da6aaf735e6b2"",""src/wxdata/load.py"":""df7c525bf214a69cf911ef74ade85560596075d865da5b4729ea34d8434c91fb"",""src/wxdata/load_settings.py"":""efa4071e89cfce6435f0cd2956e50d81d0f9cd009a9ef87e75d5608470c0343b""}","{""availability"":""No released load product for this resource-only entity"",""boundary"":""UTC start inclusive, end exclusive"",""centered"":true,""duplicate_timestamp"":""last input occurrence"",""group_by"":""BA local clock hour"",""interpolation"":""none"",""load_outlier_same_hour_deviation_fraction"":0.4,""load_outlier_same_hour_min_periods"":5,""load_outlier_same_hour_window_days"":7,""local_timezone"":"""",""method"":""wxdata.load._clean_load_history"",""nonfinite_and_nonpositive"":""excluded"",""ties"":""earliest UTC exact maximum before rounding"",""window_basis"":""complete hourly calendar, missing hours retained as NaN""}",[],0,0,,,,,0,unavailable,
ba,AZPS,observed,7595.0,2020-07-31T01:00:00Z,1,35064,35008,56,False,2019-01-01T00:00:00Z,2023-01-01T00:00:00Z,"[""configs/ba/all_bas_2007_2023_eia930_load_actuals.yaml"",""eia930/AZPS_load_2019.csv"",""eia930/AZPS_load_2020.csv"",""eia930/AZPS_load_2021.csv"",""eia930/AZPS_load_2022.csv"",""paper_data/manifests/eia860_2024_operable_capacity_manifest_wtk_bchrrr_nsrdb_2007_2023.csv"",""src/wxdata/load.py"",""src/wxdata/load_settings.py""]","{""configs/ba/all_bas_2007_2023_eia930_load_actuals.yaml"":""27dd570ea03850845d928e57b5e85db6843d141a611f16ce62ec776d2b7171a5"",""eia930/AZPS_load_2019.csv"":""4053fa87d58fb1f707b2394cb9e4f6610d8520e8d66b75267a99dcab5b8a0503"",""eia930/AZPS_load_2020.csv"":""8ed677e8421d5e966d4df0f8302f93c69f6deae8dfc96015ea4e49c44510ddec"",""eia930/AZPS_load_2021.csv"":""7af7fba177aaa8efc1c578a9bc7e35fc01495b2656018c0070c486f6a1c96eea"",""eia930/AZPS_load_2022.csv"":""c1d61f3d7542819a2e2b1d65888d4f6ad216addca6c778a27cf2acec063438c5"",""paper_data/manifests/eia860_2024_operable_capacity_manifest_wtk_bchrrr_nsrdb_2007_2023.csv"":""0fa5c58fb78444b05819997a71cc7afb03b570cb661d6245895da6aaf735e6b2"",""src/wxdata/load.py"":""df7c525bf214a69cf911ef74ade85560596075d865da5b4729ea34d8434c91fb"",""src/wxdata/load_settings.py"":""efa4071e89cfce6435f0cd2956e50d81d0f9cd009a9ef87e75d5608470c0343b""}","{""boundary"":""UTC start inclusive, end exclusive"",""centered"":true,""duplicate_timestamp"":""last input occurrence"",""group_by"":""BA local clock hour"",""interpolation"":""none"",""load_outlier_same_hour_deviation_fraction"":0.4,""load_outlier_same_hour_min_periods"":5,""load_outlier_same_hour_window_days"":7,""local_timezone"":""America/Phoenix"",""method"":""wxdata.load._clean_load_history"",""nonfinite_and_nonpositive"":""excluded"",""ties"":""earliest UTC exact maximum before rounding"",""window_basis"":""complete hourly calendar, missing hours retained as NaN""}","[""AZPS""]",14,42,America/Phoenix,,7595.0,2020-07-31T01:00:00Z,1,available,
ba,BANC,observed,4882.0,2022-09-07T00:00:00Z,1,35064,34637,427,False,2019-01-01T00:00:00Z,2023-01-01T00:00:00Z,"[""configs/ba/all_bas_2007_2023_eia930_load_actuals.yaml"",""eia930/BANC_load_2019.csv"",""eia930/BANC_load_2020.csv"",""eia930/BANC_load_2021.csv"",""eia930/BANC_load_2022.csv"",""paper_data/manifests/eia860_2024_operable_capacity_manifest_wtk_bchrrr_nsrdb_2007_2023.csv"",""src/wxdata/load.py"",""src/wxdata/load_settings.py""]","{""configs/ba/all_bas_2007_2023_eia930_load_actuals.yaml"":""27dd570ea03850845d928e57b5e85db6843d141a611f16ce62ec776d2b7171a5"",""eia930/BANC_load_2019.csv"":""b98e8715bc8ddc3a6aece7dbc26e4338130422dbf77018e0ecc313d4b6a50298"",""eia930/BANC_load_2020.csv"":""a07d6efef2ddcef49c422154da30fb3cf5412012d26b122361128c3aa4ab00e0"",""eia930/BANC_load_2021.csv"":""110c139318210bb582fafd31c302a9c90c60f574d87a3532f397a3a1f322ed46"",""eia930/BANC_load_2022.csv"":""0ae3e5f5fce44f71464c23ee15c8f7e27a8d1cb9cae5491184bdf68d2b63481a"",""paper_data/manifests/eia860_2024_operable_capacity_manifest_wtk_bchrrr_nsrdb_2007_2023.csv"":""0fa5c58fb78444b05819997a71cc7afb03b570cb661d6245895da6aaf735e6b2"",""src/wxdata/load.py"":""df7c525bf214a69cf911ef74ade85560596075d865da5b4729ea34d8434c91fb"",""src/wxdata/load_settings.py"":""efa4071e89cfce6435f0cd2956e50d81d0f9cd009a9ef87e75d5608470c0343b""}","{""boundary"":""UTC start inclusive, end exclusive"",""centered"":true,""duplicate_timestamp"":""last input occurrence"",""group_by"":""BA local clock hour"",""interpolation"":""none"",""load_outlier_same_hour_deviation_fraction"":0.4,""load_outlier_same_hour_min_periods"":5,""load_outlier_same_hour_window_days"":7,""local_timezone"":""America/Los_Angeles"",""method"":""wxdata.load._clean_load_history"",""nonfinite_and_nonpositive"":""excluded"",""reviewed_observation_exclusion_count"":4,""reviewed_observation_exclusions"":[{""action"":""exclude after existing screen, before pool aggregation"",""entity_id"":""BANC"",""original_value_mw"":27698.0,""reason"":""Reviewed isolated reporting spike between 1,781 and 1,453 MW during the April-May 2019 corruption episode."",""time_utc"":""2019-04-29T07:00:00Z""},{""action"":""exclude after existing screen, before pool aggregation"",""entity_id"":""BANC"",""original_value_mw"":29942.0,""reason"":""Reviewed reporting spike between 1,897 and -540,673 MW; nearby valid observations are about 1,900-2,000 MW."",""time_utc"":""2019-05-02T01:00:00Z""},{""action"":""exclude after existing screen, before pool aggregation"",""entity_id"":""BANC"",""original_value_mw"":31706.0,""reason"":""Reviewed isolated reporting spike between 2,065 and 2,185 MW during the April-May 2019 corruption episode."",""time_utc"":""2019-05-04T00:00:00Z""},{""action"":""exclude after existing screen, before pool aggregation"",""entity_id"":""BANC"",""original_value_mw"":1837581.0,""reason"":""Reviewed reporting spike between -1,114,866 and -556,518 MW; nearby valid observations are 1,867 and 1,710 MW."",""time_utc"":""2019-05-15T04:00:00Z""}],""ties"":""earliest UTC exact maximum before rounding"",""window_basis"":""complete hourly calendar, missing hours retained as NaN""}","[""BANC""]",181,242,America/Los_Angeles,,1837581.0,2019-05-15T04:00:00Z,1,reviewed_best_estimate,Best estimate from the maximum retained EIA-930 BA observation after additional review of reporting anomalies. Incomplete coverage limits this to the available screened observations.
ba,BPAT,observed,11068.0,2022-12-22T17:00:00Z,1,35064,35037,27,False,2019-01-01T00:00:00Z,2023-01-01T00:00:00Z,"[""configs/ba/all_bas_2007_2023_eia930_load_actuals.yaml"",""eia930/BPAT_load_2019.csv"",""eia930/BPAT_load_2020.csv"",""eia930/BPAT_load_2021.csv"",""eia930/BPAT_load_2022.csv"",""paper_data/manifests/eia860_2024_operable_capacity_manifest_wtk_bchrrr_nsrdb_2007_2023.csv"",""src/wxdata/load.py"",""src/wxdata/load_settings.py""]","{""configs/ba/all_bas_2007_2023_eia930_load_actuals.yaml"":""27dd570ea03850845d928e57b5e85db6843d141a611f16ce62ec776d2b7171a5"",""eia930/BPAT_load_2019.csv"":""cbcab0ec047ee162873ff10e56919d6fe9ded868b109e8698e9d2a5d928ce000"",""eia930/BPAT_load_2020.csv"":""92fd0c37b83c28031a8cc5ebd6074d904996e79c9c5ff02a2e64ef7f065acfc5"",""eia930/BPAT_load_2021.csv"":""7dbfcfe5824281fdd54577be48b0838905ba24c68d1fc375ab35b5a4286226ae"",""eia930/BPAT_load_2022.csv"":""eb5102ba1b6304bb25019ee71cc981b13ec7604c19e590c0d98e7c25973de2dc"",""paper_data/manifests/eia860_2024_operable_capacity_manifest_wtk_bchrrr_nsrdb_2007_2023.csv"":""0fa5c58fb78444b05819997a71cc7afb03b570cb661d6245895da6aaf735e6b2"",""src/wxdata/load.py"":""df7c525bf214a69cf911ef74ade85560596075d865da5b4729ea34d8434c91fb"",""src/wxdata/load_settings.py"":""efa4071e89cfce6435f0cd2956e50d81d0f9cd009a9ef87e75d5608470c0343b""}","{""boundary"":""UTC start inclusive, end exclusive"",""centered"":true,""duplicate_timestamp"":""last input occurrence"",""group_by"":""BA local clock hour"",""interpolation"":""none"",""load_outlier_same_hour_deviation_fraction"":0.4,""load_outlier_same_hour_min_periods"":5,""load_outlier_same_hour_window_days"":7,""local_timezone"":""America/Los_Angeles"",""method"":""wxdata.load._clean_load_history"",""nonfinite_and_nonpositive"":""excluded"",""ties"":""earliest UTC exact maximum before rounding"",""window_basis"":""complete hourly calendar, missing hours retained as NaN""}","[""BPAT""]",2,25,America/Los_Angeles,,11068.0,2022-12-22T17:00:00Z,1,available,
ba,CHPD,observed,556.0,2022-12-22T17:00:00Z,1,35064,34979,85,False,2019-01-01T00:00:00Z,2023-01-01T00:00:00Z,"[""configs/ba/all_bas_2007_2023_eia930_load_actuals.yaml"",""eia930/CHPD_load_2019.csv"",""eia930/CHPD_load_2020.csv"",""eia930/CHPD_load_2021.csv"",""eia930/CHPD_load_2022.csv"",""paper_data/manifests/eia860_2024_operable_capacity_manifest_wtk_bchrrr_nsrdb_2007_2023.csv"",""src/wxdata/load.py"",""src/wxdata/load_settings.py""]","{""configs/ba/all_bas_2007_2023_eia930_load_actuals.yaml"":""27dd570ea03850845d928e57b5e85db6843d141a611f16ce62ec776d2b7171a5"",""eia930/CHPD_load_2019.csv"":""fe1a462fcc2b5d471cdddf1818f6cc0e4e9d4f5f237ca2fe83368e9a5e45b9d0"",""eia930/CHPD_load_2020.csv"":""cd08365bdf728074217228ac6c0bb66e11d46c5b1a1930e6804bc125dc0b7c4f"",""eia930/CHPD_load_2021.csv"":""902ae7c37ecf0724896816df210d4a7035ea7a8f45fd75e64bba17f22b4d8abc"",""eia930/CHPD_load_2022.csv"":""3dd5ee87863b8aa983480b7872723441a7f148c13191761775fa4680df35a774"",""paper_data/manifests/eia860_2024_operable_capacity_manifest_wtk_bchrrr_nsrdb_2007_2023.csv"":""0fa5c58fb78444b05819997a71cc7afb03b570cb661d6245895da6aaf735e6b2"",""src/wxdata/load.py"":""df7c525bf214a69cf911ef74ade85560596075d865da5b4729ea34d8434c91fb"",""src/wxdata/load_settings.py"":""efa4071e89cfce6435f0cd2956e50d81d0f9cd009a9ef87e75d5608470c0343b""}","{""boundary"":""UTC start inclusive, end exclusive"",""centered"":true,""duplicate_timestamp"":""last input occurrence"",""group_by"":""BA local clock hour"",""interpolation"":""none"",""load_outlier_same_hour_deviation_fraction"":0.4,""load_outlier_same_hour_min_periods"":5,""load_outlier_same_hour_window_days"":7,""local_timezone"":""America/Los_Angeles"",""method"":""wxdata.load._clean_load_history"",""nonfinite_and_nonpositive"":""excluded"",""ties"":""earliest UTC exact maximum before rounding"",""window_basis"":""complete hourly calendar, missing hours retained as NaN""}","[""CHPD""]",17,68,America/Los_Angeles,,556.0,2022-12-22T17:00:00Z,1,available,
ba,CISO,observed,51104.0,2022-09-07T01:00:00Z,1,35064,35027,37,False,2019-01-01T00:00:00Z,2023-01-01T00:00:00Z,"[""configs/ba/all_bas_2007_2023_eia930_load_actuals.yaml"",""eia930/CISO_load_2019.csv"",""eia930/CISO_load_2020.csv"",""eia930/CISO_load_2021.csv"",""eia930/CISO_load_2022.csv"",""paper_data/manifests/eia860_2024_operable_capacity_manifest_wtk_bchrrr_nsrdb_2007_2023.csv"",""src/wxdata/load.py"",""src/wxdata/load_settings.py""]","{""configs/ba/all_bas_2007_2023_eia930_load_actuals.yaml"":""27dd570ea03850845d928e57b5e85db6843d141a611f16ce62ec776d2b7171a5"",""eia930/CISO_load_2019.csv"":""fd5d862459166b72a8eb535ed59e7969deaf3bed64321682fcaee3935e96bf3e"",""eia930/CISO_load_2020.csv"":""42cd0f2237525b2e2c60cf3f5da0df0c54e81c2c96d92bd00a1852332be2282a"",""eia930/CISO_load_2021.csv"":""debae4cb41560c7f2aabdba9e901f3bcbb74dd7b473404755c6f65fc6cc44160"",""eia930/CISO_load_2022.csv"":""8a733ffebb0e1fea74c6274130b15ef25c537cb1ed59f2351dc36362b9b9cb79"",""paper_data/manifests/eia860_2024_operable_capacity_manifest_wtk_bchrrr_nsrdb_2007_2023.csv"":""0fa5c58fb78444b05819997a71cc7afb03b570cb661d6245895da6aaf735e6b2"",""src/wxdata/load.py"":""df7c525bf214a69cf911ef74ade85560596075d865da5b4729ea34d8434c91fb"",""src/wxdata/load_settings.py"":""efa4071e89cfce6435f0cd2956e50d81d0f9cd009a9ef87e75d5608470c0343b""}","{""boundary"":""UTC start inclusive, end exclusive"",""centered"":true,""duplicate_timestamp"":""last input occurrence"",""group_by"":""BA local clock hour"",""interpolation"":""none"",""load_outlier_same_hour_deviation_fraction"":0.4,""load_outlier_same_hour_min_periods"":5,""load_outlier_same_hour_window_days"":7,""local_timezone"":""America/Los_Angeles"",""method"":""wxdata.load._clean_load_history"",""nonfinite_and_nonpositive"":""excluded"",""ties"":""earliest UTC exact maximum before rounding"",""window_basis"":""complete hourly calendar, missing hours retained as NaN""}","[""CISO""]",15,22,America/Los_Angeles,,51104.0,2022-09-07T01:00:00Z,1,available,
ba,CPLE,observed,12808.0,2022-12-24T11:00:00Z,1,35064,34813,251,False,2019-01-01T00:00:00Z,2023-01-01T00:00:00Z,"[""configs/ba/all_bas_2007_2023_eia930_load_actuals.yaml"",""eia930/CPLE_load_2019.csv"",""eia930/CPLE_load_2020.csv"",""eia930/CPLE_load_2021.csv"",""eia930/CPLE_load_2022.csv"",""paper_data/manifests/eia860_2024_operable_capacity_manifest_wtk_bchrrr_nsrdb_2007_2023.csv"",""src/wxdata/load.py"",""src/wxdata/load_settings.py""]","{""configs/ba/all_bas_2007_2023_eia930_load_actuals.yaml"":""27dd570ea03850845d928e57b5e85db6843d141a611f16ce62ec776d2b7171a5"",""eia930/CPLE_load_2019.csv"":""004a00dd91ce0aaf283271d46427b8bae5c0ed0e5bfcde327f58db2ee6f8bba5"",""eia930/CPLE_load_2020.csv"":""5527c257919770d4fd6e789c7d52cbf38b23b76762486429e43a97db22ceff27"",""eia930/CPLE_load_2021.csv"":""bc0547218d35f7da61eeaaea3aed0081488d381298712e533b30c5258c52f0e9"",""eia930/CPLE_load_2022.csv"":""7317e8e0faa457556663c52c210b41d3e3ee9ab6ba851d00233399415f0148e9"",""paper_data/manifests/eia860_2024_operable_capacity_manifest_wtk_bchrrr_nsrdb_2007_2023.csv"":""0fa5c58fb78444b05819997a71cc7afb03b570cb661d6245895da6aaf735e6b2"",""src/wxdata/load.py"":""df7c525bf214a69cf911ef74ade85560596075d865da5b4729ea34d8434c91fb"",""src/wxdata/load_settings.py"":""efa4071e89cfce6435f0cd2956e50d81d0f9cd009a9ef87e75d5608470c0343b""}","{""boundary"":""UTC start inclusive, end exclusive"",""centered"":true,""duplicate_timestamp"":""last input occurrence"",""group_by"":""BA local clock hour"",""interpolation"":""none"",""load_outlier_same_hour_deviation_fraction"":0.4,""load_outlier_same_hour_min_periods"":5,""load_outlier_same_hour_window_days"":7,""local_timezone"":""America/New_York"",""method"":""wxdata.load._clean_load_history"",""nonfinite_and_nonpositive"":""excluded"",""ties"":""earliest UTC exact maximum before rounding"",""window_basis"":""complete hourly calendar, missing hours retained as NaN""}","[""CPLE""]",180,71,America/New_York,,12808.0,2022-12-24T11:00:00Z,1,available,
ba,CPLW,observed,,,0,35064,0,35064,False,2019-01-01T00:00:00Z,2023-01-01T00:00:00Z,"[""configs/ba/all_bas_2007_2023_eia930_load_actuals.yaml"",""paper_data/manifests/eia860_2024_operable_capacity_manifest_wtk_bchrrr_nsrdb_2007_2023.csv"",""src/wxdata/load.py"",""src/wxdata/load_settings.py""]","{""configs/ba/all_bas_2007_2023_eia930_load_actuals.yaml"":""27dd570ea03850845d928e57b5e85db6843d141a611f16ce62ec776d2b7171a5"",""paper_data/manifests/eia860_2024_operable_capacity_manifest_wtk_bchrrr_nsrdb_2007_2023.csv"":""0fa5c58fb78444b05819997a71cc7afb03b570cb661d6245895da6aaf735e6b2"",""src/wxdata/load.py"":""df7c525bf214a69cf911ef74ade85560596075d865da5b4729ea34d8434c91fb"",""src/wxdata/load_settings.py"":""efa4071e89cfce6435f0cd2956e50d81d0f9cd009a9ef87e75d5608470c0343b""}","{""availability"":""No released load product for this resource-only entity"",""boundary"":""UTC start inclusive, end exclusive"",""centered"":true,""duplicate_timestamp"":""last input occurrence"",""group_by"":""BA local clock hour"",""interpolation"":""none"",""load_outlier_same_hour_deviation_fraction"":0.4,""load_outlier_same_hour_min_periods"":5,""load_outlier_same_hour_window_days"":7,""local_timezone"":"""",""method"":""wxdata.load._clean_load_history"",""nonfinite_and_nonpositive"":""excluded"",""ties"":""earliest UTC exact maximum before rounding"",""window_basis"":""complete hourly calendar, missing hours retained as NaN""}",[],0,0,,,,,0,unavailable,
ba,DOPD,observed,517.0,2022-12-22T16:00:00Z,1,35064,33646,1418,False,2019-01-01T00:00:00Z,2023-01-01T00:00:00Z,"[""configs/ba/all_bas_2007_2023_eia930_load_actuals.yaml"",""eia930/DOPD_load_2019.csv"",""eia930/DOPD_load_2020.csv"",""eia930/DOPD_load_2021.csv"",""eia930/DOPD_load_2022.csv"",""paper_data/manifests/eia860_2024_operable_capacity_manifest_wtk_bchrrr_nsrdb_2007_2023.csv"",""src/wxdata/load.py"",""src/wxdata/load_settings.py""]","{""configs/ba/all_bas_2007_2023_eia930_load_actuals.yaml"":""27dd570ea03850845d928e57b5e85db6843d141a611f16ce62ec776d2b7171a5"",""eia930/DOPD_load_2019.csv"":""ea3e4e3968816421298774b606e0e7c8bf3d4e92de9cca8fa059b3dd164c5d73"",""eia930/DOPD_load_2020.csv"":""5021bd01b63f10ebf130da01e4798151e0ddd928fff8d42fb7fddd3e057224b0"",""eia930/DOPD_load_2021.csv"":""cc9b958c32bf8c9c443957b0cab99529f3e276f00f9a0f8d044bdc80bac6ad71"",""eia930/DOPD_load_2022.csv"":""67954cb93f9f9affc9a40f8a6a1257b18d278edd7d5a6419e7eb8a2cefe3f1d1"",""paper_data/manifests/eia860_2024_operable_capacity_manifest_wtk_bchrrr_nsrdb_2007_2023.csv"":""0fa5c58fb78444b05819997a71cc7afb03b570cb661d6245895da6aaf735e6b2"",""src/wxdata/load.py"":""df7c525bf214a69cf911ef74ade85560596075d865da5b4729ea34d8434c91fb"",""src/wxdata/load_settings.py"":""efa4071e89cfce6435f0cd2956e50d81d0f9cd009a9ef87e75d5608470c0343b""}","{""boundary"":""UTC start inclusive, end exclusive"",""centered"":true,""duplicate_timestamp"":""last input occurrence"",""group_by"":""BA local clock hour"",""interpolation"":""none"",""load_outlier_same_hour_deviation_fraction"":0.4,""load_outlier_same_hour_min_periods"":5,""load_outlier_same_hour_window_days"":7,""local_timezone"":""America/Los_Angeles"",""method"":""wxdata.load._clean_load_history"",""nonfinite_and_nonpositive"":""excluded"",""ties"":""earliest UTC exact maximum before rounding"",""window_basis"":""complete hourly calendar, missing hours retained as NaN""}","[""DOPD""]",0,1418,America/Los_Angeles,,517.0,2022-12-22T16:00:00Z,1,available,
ba,DUK,observed,21265.0,2022-06-15T21:00:00Z,1,35064,35022,42,False,2019-01-01T00:00:00Z,2023-01-01T00:00:00Z,"[""configs/ba/all_bas_2007_2023_eia930_load_actuals.yaml"",""eia930/DUK_load_2019.csv"",""eia930/DUK_load_2020.csv"",""eia930/DUK_load_2021.csv"",""eia930/DUK_load_2022.csv"",""paper_data/manifests/eia860_2024_operable_capacity_manifest_wtk_bchrrr_nsrdb_2007_2023.csv"",""src/wxdata/load.py"",""src/wxdata/load_settings.py""]","{""configs/ba/all_bas_2007_2023_eia930_load_actuals.yaml"":""27dd570ea03850845d928e57b5e85db6843d141a611f16ce62ec776d2b7171a5"",""eia930/DUK_load_2019.csv"":""8e2a518d8dba98b7d4e944cfb843a90b4aecb8193449058f19625cd4595e4090"",""eia930/DUK_load_2020.csv"":""f7d51cdb3461f6cd1a8a0577cb4922c1c2313f4487b6d4ef0f492dfbb842d905"",""eia930/DUK_load_2021.csv"":""440a025221e31514e6a57da0522bf032447754a3842190143fc7680bc02dbbd8"",""eia930/DUK_load_2022.csv"":""aa15a6339f05da2aa751a074ebf4d16e2f1cdbd3661a34a0e49a15c8d9dbd792"",""paper_data/manifests/eia860_2024_operable_capacity_manifest_wtk_bchrrr_nsrdb_2007_2023.csv"":""0fa5c58fb78444b05819997a71cc7afb03b570cb661d6245895da6aaf735e6b2"",""src/wxdata/load.py"":""df7c525bf214a69cf911ef74ade85560596075d865da5b4729ea34d8434c91fb"",""src/wxdata/load_settings.py"":""efa4071e89cfce6435f0cd2956e50d81d0f9cd009a9ef87e75d5608470c0343b""}","{""boundary"":""UTC start inclusive, end exclusive"",""centered"":true,""duplicate_timestamp"":""last input occurrence"",""group_by"":""BA local clock hour"",""interpolation"":""none"",""load_outlier_same_hour_deviation_fraction"":0.4,""load_outlier_same_hour_min_periods"":5,""load_outlier_same_hour_window_days"":7,""local_timezone"":""America/New_York"",""method"":""wxdata.load._clean_load_history"",""nonfinite_and_nonpositive"":""excluded"",""ties"":""earliest UTC exact maximum before rounding"",""window_basis"":""complete hourly calendar, missing hours retained as NaN""}","[""DUK""]",19,23,America/New_York,,21265.0,2022-06-15T21:00:00Z,1,available,
ba,EPE,observed,2201.0,2022-07-20T00:00:00Z,1,35064,35044,20,False,2019-01-01T00:00:00Z,2023-01-01T00:00:00Z,"[""configs/ba/all_bas_2007_2023_eia930_load_actuals.yaml"",""eia930/EPE_load_2019.csv"",""eia930/EPE_load_2020.csv"",""eia930/EPE_load_2021.csv"",""eia930/EPE_load_2022.csv"",""paper_data/manifests/eia860_2024_operable_capacity_manifest_wtk_bchrrr_nsrdb_2007_2023.csv"",""src/wxdata/load.py"",""src/wxdata/load_settings.py""]","{""configs/ba/all_bas_2007_2023_eia930_load_actuals.yaml"":""27dd570ea03850845d928e57b5e85db6843d141a611f16ce62ec776d2b7171a5"",""eia930/EPE_load_2019.csv"":""d6e00b6a810ec1411e844122f9ada47ff718f29db5733ea835e35ef0e3641097"",""eia930/EPE_load_2020.csv"":""e32c23600ba8a90feb41708488865091b3aa91b6573f0f419db797b62ef69b2f"",""eia930/EPE_load_2021.csv"":""cca1b8cd26242b3ce28a53c7115c49104757cac27a1a49cdeb008363e374f5aa"",""eia930/EPE_load_2022.csv"":""8b9ce9c0b730041ded1da3a944c8afa17572bb672dff16cf48c26d351232e241"",""paper_data/manifests/eia860_2024_operable_capacity_manifest_wtk_bchrrr_nsrdb_2007_2023.csv"":""0fa5c58fb78444b05819997a71cc7afb03b570cb661d6245895da6aaf735e6b2"",""src/wxdata/load.py"":""df7c525bf214a69cf911ef74ade85560596075d865da5b4729ea34d8434c91fb"",""src/wxdata/load_settings.py"":""efa4071e89cfce6435f0cd2956e50d81d0f9cd009a9ef87e75d5608470c0343b""}","{""boundary"":""UTC start inclusive, end exclusive"",""centered"":true,""duplicate_timestamp"":""last input occurrence"",""group_by"":""BA local clock hour"",""interpolation"":""none"",""load_outlier_same_hour_deviation_fraction"":0.4,""load_outlier_same_hour_min_periods"":5,""load_outlier_same_hour_window_days"":7,""local_timezone"":""America/Denver"",""method"":""wxdata.load._clean_load_history"",""nonfinite_and_nonpositive"":""excluded"",""ties"":""earliest UTC exact maximum before rounding"",""window_basis"":""complete hourly calendar, missing hours retained as NaN""}","[""EPE""]",14,6,America/Denver,,2201.0,2022-07-20T00:00:00Z,1,available,
ba,ERCO,observed,79830.0,2022-07-20T22:00:00Z,1,35064,35040,24,False,2019-01-01T00:00:00Z,2023-01-01T00:00:00Z,"[""configs/ba/all_bas_2007_2023_eia930_load_actuals.yaml"",""eia930/ERCO_load_2019.csv"",""eia930/ERCO_load_2020.csv"",""eia930/ERCO_load_2021.csv"",""eia930/ERCO_load_2022.csv"",""paper_data/manifests/eia860_2024_operable_capacity_manifest_wtk_bchrrr_nsrdb_2007_2023.csv"",""src/wxdata/load.py"",""src/wxdata/load_settings.py""]","{""configs/ba/all_bas_2007_2023_eia930_load_actuals.yaml"":""27dd570ea03850845d928e57b5e85db6843d141a611f16ce62ec776d2b7171a5"",""eia930/ERCO_load_2019.csv"":""4e1db3f416e9e3649d0d0504fc1f58ac21dd59fd46b97c989500aa5949704bfc"",""eia930/ERCO_load_2020.csv"":""5a1edb1bf1c7696ecd66336ac2d2368d947519bf8b3e0d9ae7662a742756bb42"",""eia930/ERCO_load_2021.csv"":""e52b6ca558d72ec8669ba44cb594b7f341aad352eafc6019b4c5e94f99a38c89"",""eia930/ERCO_load_2022.csv"":""d088475ed89554af9f68088979c7660cb34db63d532b8daece31a70771396e03"",""paper_data/manifests/eia860_2024_operable_capacity_manifest_wtk_bchrrr_nsrdb_2007_2023.csv"":""0fa5c58fb78444b05819997a71cc7afb03b570cb661d6245895da6aaf735e6b2"",""src/wxdata/load.py"":""df7c525bf214a69cf911ef74ade85560596075d865da5b4729ea34d8434c91fb"",""src/wxdata/load_settings.py"":""efa4071e89cfce6435f0cd2956e50d81d0f9cd009a9ef87e75d5608470c0343b""}","{""boundary"":""UTC start inclusive, end exclusive"",""centered"":true,""duplicate_timestamp"":""last input occurrence"",""group_by"":""BA local clock hour"",""interpolation"":""none"",""load_outlier_same_hour_deviation_fraction"":0.4,""load_outlier_same_hour_min_periods"":5,""load_outlier_same_hour_window_days"":7,""local_timezone"":""America/Chicago"",""method"":""wxdata.load._clean_load_history"",""nonfinite_and_nonpositive"":""excluded"",""ties"":""earliest UTC exact maximum before rounding"",""window_basis"":""complete hourly calendar, missing hours retained as NaN""}","[""ERCO""]",23,1,America/Chicago,,79830.0,2022-07-20T22:00:00Z,1,available,
ba,FMPP,observed,3830.0,2019-07-31T21:00:00Z,1,35064,34902,162,False,2019-01-01T00:00:00Z,2023-01-01T00:00:00Z,"[""configs/ba/all_bas_2007_2023_eia930_load_actuals.yaml"",""eia930/FMPP_load_2019.csv"",""eia930/FMPP_load_2020.csv"",""eia930/FMPP_load_2021.csv"",""eia930/FMPP_load_2022.csv"",""paper_data/manifests/eia860_2024_operable_capacity_manifest_wtk_bchrrr_nsrdb_2007_2023.csv"",""src/wxdata/load.py"",""src/wxdata/load_settings.py""]","{""configs/ba/all_bas_2007_2023_eia930_load_actuals.yaml"":""27dd570ea03850845d928e57b5e85db6843d141a611f16ce62ec776d2b7171a5"",""eia930/FMPP_load_2019.csv"":""7aedc5a17994137a49fb053fa41d3f4f2fff24bd686924898c46852243860a8a"",""eia930/FMPP_load_2020.csv"":""70e8ce190bcf794ca39e034208267b35dd42e13a8585f32a342b971c94413858"",""eia930/FMPP_load_2021.csv"":""02b4524de6eeffe072260b1a89ffa78a04c8ee6cf34a94d40d48d6798be67cc6"",""eia930/FMPP_load_2022.csv"":""70e74b0972f312be31fee09749b798f9cd30c9bf4923b2d57122cb0bc08b8e10"",""paper_data/manifests/eia860_2024_operable_capacity_manifest_wtk_bchrrr_nsrdb_2007_2023.csv"":""0fa5c58fb78444b05819997a71cc7afb03b570cb661d6245895da6aaf735e6b2"",""src/wxdata/load.py"":""df7c525bf214a69cf911ef74ade85560596075d865da5b4729ea34d8434c91fb"",""src/wxdata/load_settings.py"":""efa4071e89cfce6435f0cd2956e50d81d0f9cd009a9ef87e75d5608470c0343b""}","{""boundary"":""UTC start inclusive, end exclusive"",""centered"":true,""duplicate_timestamp"":""last input occurrence"",""group_by"":""BA local clock hour"",""interpolation"":""none"",""load_outlier_same_hour_deviation_fraction"":0.4,""load_outlier_same_hour_min_periods"":5,""load_outlier_same_hour_window_days"":7,""local_timezone"":""America/New_York"",""method"":""wxdata.load._clean_load_history"",""nonfinite_and_nonpositive"":""excluded"",""ties"":""earliest UTC exact maximum before rounding"",""window_basis"":""complete hourly calendar, missing hours retained as NaN""}","[""FMPP""]",71,91,America/New_York,,3830.0,2019-07-31T21:00:00Z,1,available,
ba,FPC,observed,11914.0,2022-06-23T21:00:00Z,1,35064,34829,235,False,2019-01-01T00:00:00Z,2023-01-01T00:00:00Z,"[""configs/ba/all_bas_2007_2023_eia930_load_actuals.yaml"",""eia930/FPC_load_2019.csv"",""eia930/FPC_load_2020.csv"",""eia930/FPC_load_2021.csv"",""eia930/FPC_load_2022.csv"",""paper_data/manifests/eia860_2024_operable_capacity_manifest_wtk_bchrrr_nsrdb_2007_2023.csv"",""src/wxdata/load.py"",""src/wxdata/load_settings.py""]","{""configs/ba/all_bas_2007_2023_eia930_load_actuals.yaml"":""27dd570ea03850845d928e57b5e85db6843d141a611f16ce62ec776d2b7171a5"",""eia930/FPC_load_2019.csv"":""cd8c249149f66f173b3864632980dd3105671a3496ae654ad2e82390a6359d2b"",""eia930/FPC_load_2020.csv"":""0770e4e676ff48bcae0d00bbc70fd6694feed69bbc694503ceb5144c84128ad6"",""eia930/FPC_load_2021.csv"":""a389866fc4b26719bcdc4ff2cde6588beb2e7ded7abd106f7547e25fda5adc5d"",""eia930/FPC_load_2022.csv"":""2f9dd98daa8c2e2adaa927372e7ae2dfd3d5d4f238c657c1315ebdbf65b66e0f"",""paper_data/manifests/eia860_2024_operable_capacity_manifest_wtk_bchrrr_nsrdb_2007_2023.csv"":""0fa5c58fb78444b05819997a71cc7afb03b570cb661d6245895da6aaf735e6b2"",""src/wxdata/load.py"":""df7c525bf214a69cf911ef74ade85560596075d865da5b4729ea34d8434c91fb"",""src/wxdata/load_settings.py"":""efa4071e89cfce6435f0cd2956e50d81d0f9cd009a9ef87e75d5608470c0343b""}","{""boundary"":""UTC start inclusive, end exclusive"",""centered"":true,""duplicate_timestamp"":""last input occurrence"",""group_by"":""BA local clock hour"",""interpolation"":""none"",""load_outlier_same_hour_deviation_fraction"":0.4,""load_outlier_same_hour_min_periods"":5,""load_outlier_same_hour_window_days"":7,""local_timezone"":""America/New_York"",""method"":""wxdata.load._clean_load_history"",""nonfinite_and_nonpositive"":""excluded"",""ties"":""earliest UTC exact maximum before rounding"",""window_basis"":""complete hourly calendar, missing hours retained as NaN""}","[""FPC""]",211,24,America/New_York,,11914.0,2022-06-23T21:00:00Z,1,available,
ba,FPL,observed,27283.0,2022-08-01T20:00:00Z,1,35064,34434,630,False,2019-01-01T00:00:00Z,2023-01-01T00:00:00Z,"[""configs/ba/all_bas_2007_2023_eia930_load_actuals.yaml"",""eia930/FPL_load_2019.csv"",""eia930/FPL_load_2020.csv"",""eia930/FPL_load_2021.csv"",""eia930/FPL_load_2022.csv"",""paper_data/manifests/eia860_2024_operable_capacity_manifest_wtk_bchrrr_nsrdb_2007_2023.csv"",""src/wxdata/load.py"",""src/wxdata/load_settings.py""]","{""configs/ba/all_bas_2007_2023_eia930_load_actuals.yaml"":""27dd570ea03850845d928e57b5e85db6843d141a611f16ce62ec776d2b7171a5"",""eia930/FPL_load_2019.csv"":""0b64e7de3c4fdc8ae565e3dbad131656848562b5719779e742edf3a577164a48"",""eia930/FPL_load_2020.csv"":""05104d50c5a7d85de9c4844b89557a3fca67e8a0c88ebbde1c26c878b8ee2c24"",""eia930/FPL_load_2021.csv"":""cc9ed6e8912a475b792adc615ca41e046682d1734deb6afb699f42324a98883a"",""eia930/FPL_load_2022.csv"":""b1df8a775f29e00b1c796e5a20f29060e19826cd705ae6708506050799e77d7f"",""paper_data/manifests/eia860_2024_operable_capacity_manifest_wtk_bchrrr_nsrdb_2007_2023.csv"":""0fa5c58fb78444b05819997a71cc7afb03b570cb661d6245895da6aaf735e6b2"",""src/wxdata/load.py"":""df7c525bf214a69cf911ef74ade85560596075d865da5b4729ea34d8434c91fb"",""src/wxdata/load_settings.py"":""efa4071e89cfce6435f0cd2956e50d81d0f9cd009a9ef87e75d5608470c0343b""}","{""boundary"":""UTC start inclusive, end exclusive"",""centered"":true,""duplicate_timestamp"":""last input occurrence"",""group_by"":""BA local clock hour"",""interpolation"":""none"",""load_outlier_same_hour_deviation_fraction"":0.4,""load_outlier_same_hour_min_periods"":5,""load_outlier_same_hour_window_days"":7,""local_timezone"":""America/New_York"",""method"":""wxdata.load._clean_load_history"",""nonfinite_and_nonpositive"":""excluded"",""ties"":""earliest UTC exact maximum before rounding"",""window_basis"":""complete hourly calendar, missing hours retained as NaN""}","[""FPL""]",49,581,America/New_York,,27283.0,2022-08-01T20:00:00Z,1,available,
ba,GCPD,observed,990.0,2022-07-29T23:00:00Z,2,35064,35062,2,False,2019-01-01T00:00:00Z,2023-01-01T00:00:00Z,"[""configs/ba/all_bas_2007_2023_eia930_load_actuals.yaml"",""eia930/GCPD_load_2019.csv"",""eia930/GCPD_load_2020.csv"",""eia930/GCPD_load_2021.csv"",""eia930/GCPD_load_2022.csv"",""paper_data/manifests/eia860_2024_operable_capacity_manifest_wtk_bchrrr_nsrdb_2007_2023.csv"",""src/wxdata/load.py"",""src/wxdata/load_settings.py""]","{""configs/ba/all_bas_2007_2023_eia930_load_actuals.yaml"":""27dd570ea03850845d928e57b5e85db6843d141a611f16ce62ec776d2b7171a5"",""eia930/GCPD_load_2019.csv"":""f6657315c5a83e20c280f67f480dcf4b4bb5177151b182bf85fea3c26c707633"",""eia930/GCPD_load_2020.csv"":""76dbc68e2c03ba3e95dcf83130bc22ae16cdcb22b3f88764673ae424cf6462d6"",""eia930/GCPD_load_2021.csv"":""d7dc48a13656481e30c17af912a0062dae1120b1735578578099003d0dcd7849"",""eia930/GCPD_load_2022.csv"":""7e4462f86f548db1ea4f9c2e27e6309431f3dc2e92973e2c36c0b48813240e85"",""paper_data/manifests/eia860_2024_operable_capacity_manifest_wtk_bchrrr_nsrdb_2007_2023.csv"":""0fa5c58fb78444b05819997a71cc7afb03b570cb661d6245895da6aaf735e6b2"",""src/wxdata/load.py"":""df7c525bf214a69cf911ef74ade85560596075d865da5b4729ea34d8434c91fb"",""src/wxdata/load_settings.py"":""efa4071e89cfce6435f0cd2956e50d81d0f9cd009a9ef87e75d5608470c0343b""}","{""boundary"":""UTC start inclusive, end exclusive"",""centered"":true,""duplicate_timestamp"":""last input occurrence"",""group_by"":""BA local clock hour"",""interpolation"":""none"",""load_outlier_same_hour_deviation_fraction"":0.4,""load_outlier_same_hour_min_periods"":5,""load_outlier_same_hour_window_days"":7,""local_timezone"":""America/Los_Angeles"",""method"":""wxdata.load._clean_load_history"",""nonfinite_and_nonpositive"":""excluded"",""ties"":""earliest UTC exact maximum before rounding"",""window_basis"":""complete hourly calendar, missing hours retained as NaN""}","[""GCPD""]",0,2,America/Los_Angeles,,990.0,2022-07-29T23:00:00Z,2,available,
ba,GRIS,observed,,,0,35064,0,35064,False,2019-01-01T00:00:00Z,2023-01-01T00:00:00Z,"[""configs/ba/all_bas_2007_2023_eia930_load_actuals.yaml"",""paper_data/manifests/eia860_2024_operable_capacity_manifest_wtk_bchrrr_nsrdb_2007_2023.csv"",""src/wxdata/load.py"",""src/wxdata/load_settings.py""]","{""configs/ba/all_bas_2007_2023_eia930_load_actuals.yaml"":""27dd570ea03850845d928e57b5e85db6843d141a611f16ce62ec776d2b7171a5"",""paper_data/manifests/eia860_2024_operable_capacity_manifest_wtk_bchrrr_nsrdb_2007_2023.csv"":""0fa5c58fb78444b05819997a71cc7afb03b570cb661d6245895da6aaf735e6b2"",""src/wxdata/load.py"":""df7c525bf214a69cf911ef74ade85560596075d865da5b4729ea34d8434c91fb"",""src/wxdata/load_settings.py"":""efa4071e89cfce6435f0cd2956e50d81d0f9cd009a9ef87e75d5608470c0343b""}","{""availability"":""No released load product for this resource-only entity"",""boundary"":""UTC start inclusive, end exclusive"",""centered"":true,""duplicate_timestamp"":""last input occurrence"",""group_by"":""BA local clock hour"",""interpolation"":""none"",""load_outlier_same_hour_deviation_fraction"":0.4,""load_outlier_same_hour_min_periods"":5,""load_outlier_same_hour_window_days"":7,""local_timezone"":"""",""method"":""wxdata.load._clean_load_history"",""nonfinite_and_nonpositive"":""excluded"",""ties"":""earliest UTC exact maximum before rounding"",""window_basis"":""complete hourly calendar, missing hours retained as NaN""}",[],0,0,,,,,0,unavailable,
ba,GVL,observed,478.0,2021-09-03T22:00:00Z,1,35064,33729,1335,False,2019-01-01T00:00:00Z,2023-01-01T00:00:00Z,"[""configs/ba/all_bas_2007_2023_eia930_load_actuals.yaml"",""eia930/GVL_load_2019.csv"",""eia930/GVL_load_2020.csv"",""eia930/GVL_load_2021.csv"",""eia930/GVL_load_2022.csv"",""paper_data/manifests/eia860_2024_operable_capacity_manifest_wtk_bchrrr_nsrdb_2007_2023.csv"",""src/wxdata/load.py"",""src/wxdata/load_settings.py""]","{""configs/ba/all_bas_2007_2023_eia930_load_actuals.yaml"":""27dd570ea03850845d928e57b5e85db6843d141a611f16ce62ec776d2b7171a5"",""eia930/GVL_load_2019.csv"":""cdb2d0f565215743f5c5efebb9e4fa7f5129cf03fd717e8beeebef83cbfae379"",""eia930/GVL_load_2020.csv"":""3cb9f23aed8c656d643505d698d2a5bd01d13e4ed593088f9541e7429235ff2e"",""eia930/GVL_load_2021.csv"":""e54bbb8f3e49db591d2b798f067bd85400b669199730e03f1891580ff8da0472"",""eia930/GVL_load_2022.csv"":""53f768b26ed701e43b814d3bcfc39a332c53e6bbc704a7c16d9226d982b7de1d"",""paper_data/manifests/eia860_2024_operable_capacity_manifest_wtk_bchrrr_nsrdb_2007_2023.csv"":""0fa5c58fb78444b05819997a71cc7afb03b570cb661d6245895da6aaf735e6b2"",""src/wxdata/load.py"":""df7c525bf214a69cf911ef74ade85560596075d865da5b4729ea34d8434c91fb"",""src/wxdata/load_settings.py"":""efa4071e89cfce6435f0cd2956e50d81d0f9cd009a9ef87e75d5608470c0343b""}","{""boundary"":""UTC start inclusive, end exclusive"",""centered"":true,""duplicate_timestamp"":""last input occurrence"",""group_by"":""BA local clock hour"",""interpolation"":""none"",""load_outlier_same_hour_deviation_fraction"":0.4,""load_outlier_same_hour_min_periods"":5,""load_outlier_same_hour_window_days"":7,""local_timezone"":""America/New_York"",""method"":""wxdata.load._clean_load_history"",""nonfinite_and_nonpositive"":""excluded"",""ties"":""earliest UTC exact maximum before rounding"",""window_basis"":""complete hourly calendar, missing hours retained as NaN""}","[""GVL""]",167,1168,America/New_York,,478.0,2021-09-03T22:00:00Z,1,available,
ba,GWA,observed,,,0,35064,0,35064,False,2019-01-01T00:00:00Z,2023-01-01T00:00:00Z,"[""configs/ba/all_bas_2007_2023_eia930_load_actuals.yaml"",""paper_data/manifests/eia860_2024_operable_capacity_manifest_wtk_bchrrr_nsrdb_2007_2023.csv"",""src/wxdata/load.py"",""src/wxdata/load_settings.py""]","{""configs/ba/all_bas_2007_2023_eia930_load_actuals.yaml"":""27dd570ea03850845d928e57b5e85db6843d141a611f16ce62ec776d2b7171a5"",""paper_data/manifests/eia860_2024_operable_capacity_manifest_wtk_bchrrr_nsrdb_2007_2023.csv"":""0fa5c58fb78444b05819997a71cc7afb03b570cb661d6245895da6aaf735e6b2"",""src/wxdata/load.py"":""df7c525bf214a69cf911ef74ade85560596075d865da5b4729ea34d8434c91fb"",""src/wxdata/load_settings.py"":""efa4071e89cfce6435f0cd2956e50d81d0f9cd009a9ef87e75d5608470c0343b""}","{""availability"":""No released load product for this resource-only entity"",""boundary"":""UTC start inclusive, end exclusive"",""centered"":true,""duplicate_timestamp"":""last input occurrence"",""group_by"":""BA local clock hour"",""interpolation"":""none"",""load_outlier_same_hour_deviation_fraction"":0.4,""load_outlier_same_hour_min_periods"":5,""load_outlier_same_hour_window_days"":7,""local_timezone"":"""",""method"":""wxdata.load._clean_load_history"",""nonfinite_and_nonpositive"":""excluded"",""ties"":""earliest UTC exact maximum before rounding"",""window_basis"":""complete hourly calendar, missing hours retained as NaN""}",[],0,0,,,,,0,unavailable,
ba,HECO,observed,,,0,35064,0,35064,False,2019-01-01T00:00:00Z,2023-01-01T00:00:00Z,"[""configs/ba/all_bas_2007_2023_eia930_load_actuals.yaml"",""paper_data/manifests/eia860_2024_operable_capacity_manifest_wtk_bchrrr_nsrdb_2007_2023.csv"",""src/wxdata/load.py"",""src/wxdata/load_settings.py""]","{""configs/ba/all_bas_2007_2023_eia930_load_actuals.yaml"":""27dd570ea03850845d928e57b5e85db6843d141a611f16ce62ec776d2b7171a5"",""paper_data/manifests/eia860_2024_operable_capacity_manifest_wtk_bchrrr_nsrdb_2007_2023.csv"":""0fa5c58fb78444b05819997a71cc7afb03b570cb661d6245895da6aaf735e6b2"",""src/wxdata/load.py"":""df7c525bf214a69cf911ef74ade85560596075d865da5b4729ea34d8434c91fb"",""src/wxdata/load_settings.py"":""efa4071e89cfce6435f0cd2956e50d81d0f9cd009a9ef87e75d5608470c0343b""}","{""availability"":""No released load product for this resource-only entity"",""boundary"":""UTC start inclusive, end exclusive"",""centered"":true,""duplicate_timestamp"":""last input occurrence"",""group_by"":""BA local clock hour"",""interpolation"":""none"",""load_outlier_same_hour_deviation_fraction"":0.4,""load_outlier_same_hour_min_periods"":5,""load_outlier_same_hour_window_days"":7,""local_timezone"":"""",""method"":""wxdata.load._clean_load_history"",""nonfinite_and_nonpositive"":""excluded"",""ties"":""earliest UTC exact maximum before rounding"",""window_basis"":""complete hourly calendar, missing hours retained as NaN""}",[],0,0,,,,,0,unavailable,
ba,HST,observed,137.0,2020-06-26T19:00:00Z,1,35064,34997,67,False,2019-01-01T00:00:00Z,2023-01-01T00:00:00Z,"[""configs/ba/all_bas_2007_2023_eia930_load_actuals.yaml"",""eia930/HST_load_2019.csv"",""eia930/HST_load_2020.csv"",""eia930/HST_load_2021.csv"",""eia930/HST_load_2022.csv"",""paper_data/manifests/eia860_2024_operable_capacity_manifest_wtk_bchrrr_nsrdb_2007_2023.csv"",""src/wxdata/load.py"",""src/wxdata/load_settings.py""]","{""configs/ba/all_bas_2007_2023_eia930_load_actuals.yaml"":""27dd570ea03850845d928e57b5e85db6843d141a611f16ce62ec776d2b7171a5"",""eia930/HST_load_2019.csv"":""afcb0aa7b1069d08536507e3eb31ccf3f4cf7cb107f23aef4be193fa965a86ea"",""eia930/HST_load_2020.csv"":""4152ccf467ab9f663a16b992ecb315bc9027e2131ccbb85b9986b6bf2f5751cc"",""eia930/HST_load_2021.csv"":""9ac1730609abf5b98e421b7a138edf080c83650bcc6837cf8e11082b30e756f6"",""eia930/HST_load_2022.csv"":""6e08c5b94f2c9ac38fb36a6eebb22b10cca7fe0ee4485d52b920c6e74a7807df"",""paper_data/manifests/eia860_2024_operable_capacity_manifest_wtk_bchrrr_nsrdb_2007_2023.csv"":""0fa5c58fb78444b05819997a71cc7afb03b570cb661d6245895da6aaf735e6b2"",""src/wxdata/load.py"":""df7c525bf214a69cf911ef74ade85560596075d865da5b4729ea34d8434c91fb"",""src/wxdata/load_settings.py"":""efa4071e89cfce6435f0cd2956e50d81d0f9cd009a9ef87e75d5608470c0343b""}","{""boundary"":""UTC start inclusive, end exclusive"",""centered"":true,""duplicate_timestamp"":""last input occurrence"",""group_by"":""BA local clock hour"",""interpolation"":""none"",""load_outlier_same_hour_deviation_fraction"":0.4,""load_outlier_same_hour_min_periods"":5,""load_outlier_same_hour_window_days"":7,""local_timezone"":""America/New_York"",""method"":""wxdata.load._clean_load_history"",""nonfinite_and_nonpositive"":""excluded"",""ties"":""earliest UTC exact maximum before rounding"",""window_basis"":""complete hourly calendar, missing hours retained as NaN""}","[""HST""]",21,46,America/New_York,,137.0,2020-06-26T19:00:00Z,1,available,
ba,IID,observed,1133.0,2021-08-04T23:00:00Z,2,35064,34864,200,False,2019-01-01T00:00:00Z,2023-01-01T00:00:00Z,"[""configs/ba/all_bas_2007_2023_eia930_load_actuals.yaml"",""eia930/IID_load_2019.csv"",""eia930/IID_load_2020.csv"",""eia930/IID_load_2021.csv"",""eia930/IID_load_2022.csv"",""paper_data/manifests/eia860_2024_operable_capacity_manifest_wtk_bchrrr_nsrdb_2007_2023.csv"",""src/wxdata/load.py"",""src/wxdata/load_settings.py""]","{""configs/ba/all_bas_2007_2023_eia930_load_actuals.yaml"":""27dd570ea03850845d928e57b5e85db6843d141a611f16ce62ec776d2b7171a5"",""eia930/IID_load_2019.csv"":""e3619fe39718fcfa7605f12e44035ab86f6b05540ab64c1ead2dcf314d407920"",""eia930/IID_load_2020.csv"":""910afb102ff4d73f0290144af6512a0bc46403ba665813e3cd95635f820a3cd8"",""eia930/IID_load_2021.csv"":""024bc81ece995a68a6552edb531473f6f6a047a6223b262291f0aad0d139ea9b"",""eia930/IID_load_2022.csv"":""013aa56c68b770c3feec8bd0a35f54750064b0cc4d4592ea41f83a7c1bf0c53f"",""paper_data/manifests/eia860_2024_operable_capacity_manifest_wtk_bchrrr_nsrdb_2007_2023.csv"":""0fa5c58fb78444b05819997a71cc7afb03b570cb661d6245895da6aaf735e6b2"",""src/wxdata/load.py"":""df7c525bf214a69cf911ef74ade85560596075d865da5b4729ea34d8434c91fb"",""src/wxdata/load_settings.py"":""efa4071e89cfce6435f0cd2956e50d81d0f9cd009a9ef87e75d5608470c0343b""}","{""boundary"":""UTC start inclusive, end exclusive"",""centered"":true,""duplicate_timestamp"":""last input occurrence"",""group_by"":""BA local clock hour"",""interpolation"":""none"",""load_outlier_same_hour_deviation_fraction"":0.4,""load_outlier_same_hour_min_periods"":5,""load_outlier_same_hour_window_days"":7,""local_timezone"":""America/Los_Angeles"",""method"":""wxdata.load._clean_load_history"",""nonfinite_and_nonpositive"":""excluded"",""ties"":""earliest UTC exact maximum before rounding"",""window_basis"":""complete hourly calendar, missing hours retained as NaN""}","[""IID""]",6,194,America/Los_Angeles,,1133.0,2021-08-04T23:00:00Z,2,available,
ba,IPCO,observed,4067.0,2021-07-01T01:00:00Z,1,35064,35062,2,False,2019-01-01T00:00:00Z,2023-01-01T00:00:00Z,"[""configs/ba/all_bas_2007_2023_eia930_load_actuals.yaml"",""eia930/IPCO_load_2019.csv"",""eia930/IPCO_load_2020.csv"",""eia930/IPCO_load_2021.csv"",""eia930/IPCO_load_2022.csv"",""paper_data/manifests/eia860_2024_operable_capacity_manifest_wtk_bchrrr_nsrdb_2007_2023.csv"",""src/wxdata/load.py"",""src/wxdata/load_settings.py""]","{""configs/ba/all_bas_2007_2023_eia930_load_actuals.yaml"":""27dd570ea03850845d928e57b5e85db6843d141a611f16ce62ec776d2b7171a5"",""eia930/IPCO_load_2019.csv"":""dfb1f3c1baf8f062893c9f7cb86ea1b8f1672843af230f8debadfd37be6d3d0b"",""eia930/IPCO_load_2020.csv"":""819cbfcbf03ec5109c9a3f120d830b7f608c29f681d8da1da10d0934a843add3"",""eia930/IPCO_load_2021.csv"":""1f9d146af9683135558bdd3703400a7268a815f32e517b6fad00e97368a702d4"",""eia930/IPCO_load_2022.csv"":""8265f842c798c008d0b86f354cfa0f6d8a69a35d6ea0f53c73886d767d707033"",""paper_data/manifests/eia860_2024_operable_capacity_manifest_wtk_bchrrr_nsrdb_2007_2023.csv"":""0fa5c58fb78444b05819997a71cc7afb03b570cb661d6245895da6aaf735e6b2"",""src/wxdata/load.py"":""df7c525bf214a69cf911ef74ade85560596075d865da5b4729ea34d8434c91fb"",""src/wxdata/load_settings.py"":""efa4071e89cfce6435f0cd2956e50d81d0f9cd009a9ef87e75d5608470c0343b""}","{""boundary"":""UTC start inclusive, end exclusive"",""centered"":true,""duplicate_timestamp"":""last input occurrence"",""group_by"":""BA local clock hour"",""interpolation"":""none"",""load_outlier_same_hour_deviation_fraction"":0.4,""load_outlier_same_hour_min_periods"":5,""load_outlier_same_hour_window_days"":7,""local_timezone"":""America/Denver"",""method"":""wxdata.load._clean_load_history"",""nonfinite_and_nonpositive"":""excluded"",""ties"":""earliest UTC exact maximum before rounding"",""window_basis"":""complete hourly calendar, missing hours retained as NaN""}","[""IPCO""]",0,2,America/Denver,,4067.0,2021-07-01T01:00:00Z,1,available,
ba,ISNE,observed,25101.0,2021-06-29T22:00:00Z,1,35064,35061,3,False,2019-01-01T00:00:00Z,2023-01-01T00:00:00Z,"[""configs/ba/all_bas_2007_2023_eia930_load_actuals.yaml"",""eia930/ISNE_load_2019.csv"",""eia930/ISNE_load_2020.csv"",""eia930/ISNE_load_2021.csv"",""eia930/ISNE_load_2022.csv"",""paper_data/manifests/eia860_2024_operable_capacity_manifest_wtk_bchrrr_nsrdb_2007_2023.csv"",""src/wxdata/load.py"",""src/wxdata/load_settings.py""]","{""configs/ba/all_bas_2007_2023_eia930_load_actuals.yaml"":""27dd570ea03850845d928e57b5e85db6843d141a611f16ce62ec776d2b7171a5"",""eia930/ISNE_load_2019.csv"":""58a07434c71ef376a2613910fec364b1eb3dad38d59fd24a68ddfb053cd99fcb"",""eia930/ISNE_load_2020.csv"":""493504da6e23d0991aca383fb052e492318fbd1bc75abd3eb79073969ac43c28"",""eia930/ISNE_load_2021.csv"":""685754cec8464b12a3d2f0ce20565fb15878880bf40fd27c9ab20fa6d4f902cd"",""eia930/ISNE_load_2022.csv"":""f627f504b53ed63950b41b6dd992509cb6cc48bcd08644ab471aabc633087fe6"",""paper_data/manifests/eia860_2024_operable_capacity_manifest_wtk_bchrrr_nsrdb_2007_2023.csv"":""0fa5c58fb78444b05819997a71cc7afb03b570cb661d6245895da6aaf735e6b2"",""src/wxdata/load.py"":""df7c525bf214a69cf911ef74ade85560596075d865da5b4729ea34d8434c91fb"",""src/wxdata/load_settings.py"":""efa4071e89cfce6435f0cd2956e50d81d0f9cd009a9ef87e75d5608470c0343b""}","{""boundary"":""UTC start inclusive, end exclusive"",""centered"":true,""duplicate_timestamp"":""last input occurrence"",""group_by"":""BA local clock hour"",""interpolation"":""none"",""load_outlier_same_hour_deviation_fraction"":0.4,""load_outlier_same_hour_min_periods"":5,""load_outlier_same_hour_window_days"":7,""local_timezone"":""America/New_York"",""method"":""wxdata.load._clean_load_history"",""nonfinite_and_nonpositive"":""excluded"",""ties"":""earliest UTC exact maximum before rounding"",""window_basis"":""complete hourly calendar, missing hours retained as NaN""}","[""ISNE""]",1,2,America/New_York,,25101.0,2021-06-29T22:00:00Z,1,available,
ba,JEA,observed,2816.0,2022-06-23T21:00:00Z,1,35064,34612,452,False,2019-01-01T00:00:00Z,2023-01-01T00:00:00Z,"[""configs/ba/all_bas_2007_2023_eia930_load_actuals.yaml"",""eia930/JEA_load_2019.csv"",""eia930/JEA_load_2020.csv"",""eia930/JEA_load_2021.csv"",""eia930/JEA_load_2022.csv"",""paper_data/manifests/eia860_2024_operable_capacity_manifest_wtk_bchrrr_nsrdb_2007_2023.csv"",""src/wxdata/load.py"",""src/wxdata/load_settings.py""]","{""configs/ba/all_bas_2007_2023_eia930_load_actuals.yaml"":""27dd570ea03850845d928e57b5e85db6843d141a611f16ce62ec776d2b7171a5"",""eia930/JEA_load_2019.csv"":""319740a4cedb385441a42ca3fe893271fa313d68fbb56c0ce4bda110ea21daf0"",""eia930/JEA_load_2020.csv"":""57eb207ee1680ba4252923f405719d423ddaaa71b974a9a97bb777fa5ddd0121"",""eia930/JEA_load_2021.csv"":""9fb4da4892651328e7f6318fa7af5ce1e369ae1d47d7e44d1660d15524c4738f"",""eia930/JEA_load_2022.csv"":""3a2511d6c8c92619dc174532feb68d0412bfe3c0b4e9eda117392c5e7680b600"",""paper_data/manifests/eia860_2024_operable_capacity_manifest_wtk_bchrrr_nsrdb_2007_2023.csv"":""0fa5c58fb78444b05819997a71cc7afb03b570cb661d6245895da6aaf735e6b2"",""src/wxdata/load.py"":""df7c525bf214a69cf911ef74ade85560596075d865da5b4729ea34d8434c91fb"",""src/wxdata/load_settings.py"":""efa4071e89cfce6435f0cd2956e50d81d0f9cd009a9ef87e75d5608470c0343b""}","{""boundary"":""UTC start inclusive, end exclusive"",""centered"":true,""duplicate_timestamp"":""last input occurrence"",""group_by"":""BA local clock hour"",""interpolation"":""none"",""load_outlier_same_hour_deviation_fraction"":0.4,""load_outlier_same_hour_min_periods"":5,""load_outlier_same_hour_window_days"":7,""local_timezone"":""America/New_York"",""method"":""wxdata.load._clean_load_history"",""nonfinite_and_nonpositive"":""excluded"",""ties"":""earliest UTC exact maximum before rounding"",""window_basis"":""complete hourly calendar, missing hours retained as NaN""}","[""JEA""]",207,245,America/New_York,,2816.0,2022-06-23T21:00:00Z,1,available,
ba,LDWP,observed,6286.0,2020-08-18T23:00:00Z,1,35064,34931,133,False,2019-01-01T00:00:00Z,2023-01-01T00:00:00Z,"[""configs/ba/all_bas_2007_2023_eia930_load_actuals.yaml"",""eia930/LDWP_load_2019.csv"",""eia930/LDWP_load_2020.csv"",""eia930/LDWP_load_2021.csv"",""eia930/LDWP_load_2022.csv"",""paper_data/manifests/eia860_2024_operable_capacity_manifest_wtk_bchrrr_nsrdb_2007_2023.csv"",""src/wxdata/load.py"",""src/wxdata/load_settings.py""]","{""configs/ba/all_bas_2007_2023_eia930_load_actuals.yaml"":""27dd570ea03850845d928e57b5e85db6843d141a611f16ce62ec776d2b7171a5"",""eia930/LDWP_load_2019.csv"":""c38ae74e31ad3795fb8545879b33aaf6d8b4c89af28bd3ebc023f19539b44e4a"",""eia930/LDWP_load_2020.csv"":""f49fe907341219e917cb2b6caa5e85baca48a23c3b5577733ad92a0fe230bda1"",""eia930/LDWP_load_2021.csv"":""c1d7ab3733d5f97cab0576f87dab84ee8ac901191ef313a554a1e15c7ef2a789"",""eia930/LDWP_load_2022.csv"":""8dc0a21587aa5ef2f76e665e4af11a390dd6b00bd3216f31f3af770000792c91"",""paper_data/manifests/eia860_2024_operable_capacity_manifest_wtk_bchrrr_nsrdb_2007_2023.csv"":""0fa5c58fb78444b05819997a71cc7afb03b570cb661d6245895da6aaf735e6b2"",""src/wxdata/load.py"":""df7c525bf214a69cf911ef74ade85560596075d865da5b4729ea34d8434c91fb"",""src/wxdata/load_settings.py"":""efa4071e89cfce6435f0cd2956e50d81d0f9cd009a9ef87e75d5608470c0343b""}","{""boundary"":""UTC start inclusive, end exclusive"",""centered"":true,""duplicate_timestamp"":""last input occurrence"",""group_by"":""BA local clock hour"",""interpolation"":""none"",""load_outlier_same_hour_deviation_fraction"":0.4,""load_outlier_same_hour_min_periods"":5,""load_outlier_same_hour_window_days"":7,""local_timezone"":""America/Los_Angeles"",""method"":""wxdata.load._clean_load_history"",""nonfinite_and_nonpositive"":""excluded"",""ties"":""earliest UTC exact maximum before rounding"",""window_basis"":""complete hourly calendar, missing hours retained as NaN""}","[""LDWP""]",18,115,America/Los_Angeles,,6286.0,2020-08-18T23:00:00Z,1,available,
ba,LGEE,observed,7476.0,2022-12-23T16:00:00Z,1,35064,34879,185,False,2019-01-01T00:00:00Z,2023-01-01T00:00:00Z,"[""configs/ba/all_bas_2007_2023_eia930_load_actuals.yaml"",""eia930/LGEE_load_2019.csv"",""eia930/LGEE_load_2020.csv"",""eia930/LGEE_load_2021.csv"",""eia930/LGEE_load_2022.csv"",""paper_data/manifests/eia860_2024_operable_capacity_manifest_wtk_bchrrr_nsrdb_2007_2023.csv"",""src/wxdata/load.py"",""src/wxdata/load_settings.py""]","{""configs/ba/all_bas_2007_2023_eia930_load_actuals.yaml"":""27dd570ea03850845d928e57b5e85db6843d141a611f16ce62ec776d2b7171a5"",""eia930/LGEE_load_2019.csv"":""b02e02b82742ea2edaf155cf5c69ba243665a6f51c3a6380b3ccfaf85d4a481c"",""eia930/LGEE_load_2020.csv"":""9a7c37d998ae14f73d7bfa921f29da821b63a2837a8e66de74b609994daf2c03"",""eia930/LGEE_load_2021.csv"":""819699ce646d2bbc79921f0883146b6960256ccaf2d08e0f1cada929861a4840"",""eia930/LGEE_load_2022.csv"":""0164ea1cba5f49400cf8ba0fa7fa6d42a0920881b81317262f342072ec8e6190"",""paper_data/manifests/eia860_2024_operable_capacity_manifest_wtk_bchrrr_nsrdb_2007_2023.csv"":""0fa5c58fb78444b05819997a71cc7afb03b570cb661d6245895da6aaf735e6b2"",""src/wxdata/load.py"":""df7c525bf214a69cf911ef74ade85560596075d865da5b4729ea34d8434c91fb"",""src/wxdata/load_settings.py"":""efa4071e89cfce6435f0cd2956e50d81d0f9cd009a9ef87e75d5608470c0343b""}","{""boundary"":""UTC start inclusive, end exclusive"",""centered"":true,""duplicate_timestamp"":""last input occurrence"",""group_by"":""BA local clock hour"",""interpolation"":""none"",""load_outlier_same_hour_deviation_fraction"":0.4,""load_outlier_same_hour_min_periods"":5,""load_outlier_same_hour_window_days"":7,""local_timezone"":""America/New_York"",""method"":""wxdata.load._clean_load_history"",""nonfinite_and_nonpositive"":""excluded"",""ties"":""earliest UTC exact maximum before rounding"",""window_basis"":""complete hourly calendar, missing hours retained as NaN""}","[""LGEE""]",10,175,America/New_York,,7476.0,2022-12-23T16:00:00Z,1,available,
ba,MISO,observed,116600.0,2019-07-19T21:00:00Z,1,35064,35053,11,False,2019-01-01T00:00:00Z,2023-01-01T00:00:00Z,"[""configs/ba/all_bas_2007_2023_eia930_load_actuals.yaml"",""eia930/MISO_load_2019.csv"",""eia930/MISO_load_2020.csv"",""eia930/MISO_load_2021.csv"",""eia930/MISO_load_2022.csv"",""paper_data/manifests/eia860_2024_operable_capacity_manifest_wtk_bchrrr_nsrdb_2007_2023.csv"",""src/wxdata/load.py"",""src/wxdata/load_settings.py""]","{""configs/ba/all_bas_2007_2023_eia930_load_actuals.yaml"":""27dd570ea03850845d928e57b5e85db6843d141a611f16ce62ec776d2b7171a5"",""eia930/MISO_load_2019.csv"":""f11926a357afccaf87444078915ce0d6d8ab2094a51ed4123a42a023fc58f00b"",""eia930/MISO_load_2020.csv"":""282e752c6d86f90d2bf298bd565534c8488e42130cbc73a0e4f20963b7a31c49"",""eia930/MISO_load_2021.csv"":""dfb79a00a0017c2fc554330fa8c5d86845cb7f1581daa52e475492d142a6bc20"",""eia930/MISO_load_2022.csv"":""6f2278df53a6333418cde9cd6a6f3dca65ad39844f55fd2bf64135fd2844b646"",""paper_data/manifests/eia860_2024_operable_capacity_manifest_wtk_bchrrr_nsrdb_2007_2023.csv"":""0fa5c58fb78444b05819997a71cc7afb03b570cb661d6245895da6aaf735e6b2"",""src/wxdata/load.py"":""df7c525bf214a69cf911ef74ade85560596075d865da5b4729ea34d8434c91fb"",""src/wxdata/load_settings.py"":""efa4071e89cfce6435f0cd2956e50d81d0f9cd009a9ef87e75d5608470c0343b""}","{""boundary"":""UTC start inclusive, end exclusive"",""centered"":true,""duplicate_timestamp"":""last input occurrence"",""group_by"":""BA local clock hour"",""interpolation"":""none"",""load_outlier_same_hour_deviation_fraction"":0.4,""load_outlier_same_hour_min_periods"":5,""load_outlier_same_hour_window_days"":7,""local_timezone"":""America/Chicago"",""method"":""wxdata.load._clean_load_history"",""nonfinite_and_nonpositive"":""excluded"",""ties"":""earliest UTC exact maximum before rounding"",""window_basis"":""complete hourly calendar, missing hours retained as NaN""}","[""MISO""]",0,11,America/Chicago,,116600.0,2019-07-19T21:00:00Z,1,available,
ba,MISO_0001,observed,16646.0,2022-06-20T23:00:00Z,1,35064,35053,11,False,2019-01-01T00:00:00Z,2023-01-01T00:00:00Z,"[""configs/ba/all_bas_2007_2023_eia930_load_actuals.yaml"",""eia930/MISO_0001_load_2019.csv"",""eia930/MISO_0001_load_2020.csv"",""eia930/MISO_0001_load_2021.csv"",""eia930/MISO_0001_load_2022.csv"",""paper_data/manifests/eia860_2024_operable_capacity_manifest_wtk_bchrrr_nsrdb_2007_2023.csv"",""src/wxdata/load.py"",""src/wxdata/load_settings.py""]","{""configs/ba/all_bas_2007_2023_eia930_load_actuals.yaml"":""27dd570ea03850845d928e57b5e85db6843d141a611f16ce62ec776d2b7171a5"",""eia930/MISO_0001_load_2019.csv"":""6872f16c9f1b86ba560ceb7a8c06cabc54f665ff4062e5c63e885b5c28601d9b"",""eia930/MISO_0001_load_2020.csv"":""0c12d1e1be550845f69e39ced28ef48fb97b6b8e55e9035df1a465630aca7781"",""eia930/MISO_0001_load_2021.csv"":""d3444aa76b9f9208acc9c13abf40d8221cab57359ad7023359e1e1effdaa32d0"",""eia930/MISO_0001_load_2022.csv"":""0f94ffab2abcdbf340c669b8c1b35d2e273c1dd56cfed3ce04ae4bdcf1c3d913"",""paper_data/manifests/eia860_2024_operable_capacity_manifest_wtk_bchrrr_nsrdb_2007_2023.csv"":""0fa5c58fb78444b05819997a71cc7afb03b570cb661d6245895da6aaf735e6b2"",""src/wxdata/load.py"":""df7c525bf214a69cf911ef74ade85560596075d865da5b4729ea34d8434c91fb"",""src/wxdata/load_settings.py"":""efa4071e89cfce6435f0cd2956e50d81d0f9cd009a9ef87e75d5608470c0343b""}","{""boundary"":""UTC start inclusive, end exclusive"",""centered"":true,""duplicate_timestamp"":""last input occurrence"",""group_by"":""BA local clock hour"",""interpolation"":""none"",""load_outlier_same_hour_deviation_fraction"":0.4,""load_outlier_same_hour_min_periods"":5,""load_outlier_same_hour_window_days"":7,""local_timezone"":""America/Chicago"",""method"":""wxdata.load._clean_load_history"",""nonfinite_and_nonpositive"":""excluded"",""ties"":""earliest UTC exact maximum before rounding"",""window_basis"":""complete hourly calendar, missing hours retained as NaN""}","[""MISO_0001""]",0,11,America/Chicago,,16646.0,2022-06-20T23:00:00Z,1,available,
ba,MISO_0004,observed,9128.0,2019-07-19T22:00:00Z,1,35064,35053,11,False,2019-01-01T00:00:00Z,2023-01-01T00:00:00Z,"[""configs/ba/all_bas_2007_2023_eia930_load_actuals.yaml"",""eia930/MISO_0004_load_2019.csv"",""eia930/MISO_0004_load_2020.csv"",""eia930/MISO_0004_load_2021.csv"",""eia930/MISO_0004_load_2022.csv"",""paper_data/manifests/eia860_2024_operable_capacity_manifest_wtk_bchrrr_nsrdb_2007_2023.csv"",""src/wxdata/load.py"",""src/wxdata/load_settings.py""]","{""configs/ba/all_bas_2007_2023_eia930_load_actuals.yaml"":""27dd570ea03850845d928e57b5e85db6843d141a611f16ce62ec776d2b7171a5"",""eia930/MISO_0004_load_2019.csv"":""5aad8b8a0a4897c7c80a14135350f5f08816fb5b28a9856011fad103bdcdf3ac"",""eia930/MISO_0004_load_2020.csv"":""09338964756d84817466daba06e93bfd8df94d058917fb8336e39fa6ca2ac9eb"",""eia930/MISO_0004_load_2021.csv"":""0b1cc294ec9d82d0dadb47f25d4a1cb93cd0a4c946c82e200a19be97c4ad4a4e"",""eia930/MISO_0004_load_2022.csv"":""afb96609ecb222cf0235c404cce76dd197454ca9b321d09a8a06d2919e5c5d85"",""paper_data/manifests/eia860_2024_operable_capacity_manifest_wtk_bchrrr_nsrdb_2007_2023.csv"":""0fa5c58fb78444b05819997a71cc7afb03b570cb661d6245895da6aaf735e6b2"",""src/wxdata/load.py"":""df7c525bf214a69cf911ef74ade85560596075d865da5b4729ea34d8434c91fb"",""src/wxdata/load_settings.py"":""efa4071e89cfce6435f0cd2956e50d81d0f9cd009a9ef87e75d5608470c0343b""}","{""boundary"":""UTC start inclusive, end exclusive"",""centered"":true,""duplicate_timestamp"":""last input occurrence"",""group_by"":""BA local clock hour"",""interpolation"":""none"",""load_outlier_same_hour_deviation_fraction"":0.4,""load_outlier_same_hour_min_periods"":5,""load_outlier_same_hour_window_days"":7,""local_timezone"":""America/Chicago"",""method"":""wxdata.load._clean_load_history"",""nonfinite_and_nonpositive"":""excluded"",""ties"":""earliest UTC exact maximum before rounding"",""window_basis"":""complete hourly calendar, missing hours retained as NaN""}","[""MISO_0004""]",0,11,America/Chicago,,9128.0,2019-07-19T22:00:00Z,1,available,
ba,MISO_0006,observed,16610.0,2021-08-24T22:00:00Z,1,35064,35052,12,False,2019-01-01T00:00:00Z,2023-01-01T00:00:00Z,"[""configs/ba/all_bas_2007_2023_eia930_load_actuals.yaml"",""eia930/MISO_0006_load_2019.csv"",""eia930/MISO_0006_load_2020.csv"",""eia930/MISO_0006_load_2021.csv"",""eia930/MISO_0006_load_2022.csv"",""paper_data/manifests/eia860_2024_operable_capacity_manifest_wtk_bchrrr_nsrdb_2007_2023.csv"",""src/wxdata/load.py"",""src/wxdata/load_settings.py""]","{""configs/ba/all_bas_2007_2023_eia930_load_actuals.yaml"":""27dd570ea03850845d928e57b5e85db6843d141a611f16ce62ec776d2b7171a5"",""eia930/MISO_0006_load_2019.csv"":""f51d807fa9298f090aeb06aa3ecdfc6252973e2b4c1261dbbe2088d5467a10b0"",""eia930/MISO_0006_load_2020.csv"":""b15e69d082937d60b9ce1b00e46a07e9845f3b6dcf5ec469f5e9a8716ff42f9a"",""eia930/MISO_0006_load_2021.csv"":""8303293efc9ae50c36fb957d9f8d843d4cec15fb0dcb138af7de11d486c00a9c"",""eia930/MISO_0006_load_2022.csv"":""827108fd173ebf0bf5592c3f89e77116af02a31854e9ea6626ba4107b95570c5"",""paper_data/manifests/eia860_2024_operable_capacity_manifest_wtk_bchrrr_nsrdb_2007_2023.csv"":""0fa5c58fb78444b05819997a71cc7afb03b570cb661d6245895da6aaf735e6b2"",""src/wxdata/load.py"":""df7c525bf214a69cf911ef74ade85560596075d865da5b4729ea34d8434c91fb"",""src/wxdata/load_settings.py"":""efa4071e89cfce6435f0cd2956e50d81d0f9cd009a9ef87e75d5608470c0343b""}","{""boundary"":""UTC start inclusive, end exclusive"",""centered"":true,""duplicate_timestamp"":""last input occurrence"",""group_by"":""BA local clock hour"",""interpolation"":""none"",""load_outlier_same_hour_deviation_fraction"":0.4,""load_outlier_same_hour_min_periods"":5,""load_outlier_same_hour_window_days"":7,""local_timezone"":""America/New_York"",""method"":""wxdata.load._clean_load_history"",""nonfinite_and_nonpositive"":""excluded"",""ties"":""earliest UTC exact maximum before rounding"",""window_basis"":""complete hourly calendar, missing hours retained as NaN""}","[""MISO_0006""]",1,11,America/New_York,,16610.0,2021-08-24T22:00:00Z,1,available,
ba,MISO_0027,observed,31561.0,2022-06-21T22:00:00Z,1,35064,35053,11,False,2019-01-01T00:00:00Z,2023-01-01T00:00:00Z,"[""configs/ba/all_bas_2007_2023_eia930_load_actuals.yaml"",""eia930/MISO_0027_load_2019.csv"",""eia930/MISO_0027_load_2020.csv"",""eia930/MISO_0027_load_2021.csv"",""eia930/MISO_0027_load_2022.csv"",""paper_data/manifests/eia860_2024_operable_capacity_manifest_wtk_bchrrr_nsrdb_2007_2023.csv"",""src/wxdata/load.py"",""src/wxdata/load_settings.py""]","{""configs/ba/all_bas_2007_2023_eia930_load_actuals.yaml"":""27dd570ea03850845d928e57b5e85db6843d141a611f16ce62ec776d2b7171a5"",""eia930/MISO_0027_load_2019.csv"":""7d66f054328a709572083c4311fda67f2d9a1ff61ee3ddce8a6d7c5f70512808"",""eia930/MISO_0027_load_2020.csv"":""b5397f766d1bb62c1958332ba647115821bfe03511b9be70862a1dc99cd036fe"",""eia930/MISO_0027_load_2021.csv"":""254d0db853a21a55bc5b2fcea22576144aa3efe1ee624b7b69f26542d7e4ca51"",""eia930/MISO_0027_load_2022.csv"":""cf6337a10487ddd05c8dac6004e937e5f46d73a60b05010e3bfba2274dc39db3"",""paper_data/manifests/eia860_2024_operable_capacity_manifest_wtk_bchrrr_nsrdb_2007_2023.csv"":""0fa5c58fb78444b05819997a71cc7afb03b570cb661d6245895da6aaf735e6b2"",""src/wxdata/load.py"":""df7c525bf214a69cf911ef74ade85560596075d865da5b4729ea34d8434c91fb"",""src/wxdata/load_settings.py"":""efa4071e89cfce6435f0cd2956e50d81d0f9cd009a9ef87e75d5608470c0343b""}","{""boundary"":""UTC start inclusive, end exclusive"",""centered"":true,""duplicate_timestamp"":""last input occurrence"",""group_by"":""BA local clock hour"",""interpolation"":""none"",""load_outlier_same_hour_deviation_fraction"":0.4,""load_outlier_same_hour_min_periods"":5,""load_outlier_same_hour_window_days"":7,""local_timezone"":""America/New_York"",""method"":""wxdata.load._clean_load_history"",""nonfinite_and_nonpositive"":""excluded"",""ties"":""earliest UTC exact maximum before rounding"",""window_basis"":""complete hourly calendar, missing hours retained as NaN""}","[""MISO_0027""]",0,11,America/New_York,,31561.0,2022-06-21T22:00:00Z,1,available,
ba,MISO_0035,observed,16580.0,2022-07-05T21:00:00Z,1,35064,35053,11,False,2019-01-01T00:00:00Z,2023-01-01T00:00:00Z,"[""configs/ba/all_bas_2007_2023_eia930_load_actuals.yaml"",""eia930/MISO_0035_load_2019.csv"",""eia930/MISO_0035_load_2020.csv"",""eia930/MISO_0035_load_2021.csv"",""eia930/MISO_0035_load_2022.csv"",""paper_data/manifests/eia860_2024_operable_capacity_manifest_wtk_bchrrr_nsrdb_2007_2023.csv"",""src/wxdata/load.py"",""src/wxdata/load_settings.py""]","{""configs/ba/all_bas_2007_2023_eia930_load_actuals.yaml"":""27dd570ea03850845d928e57b5e85db6843d141a611f16ce62ec776d2b7171a5"",""eia930/MISO_0035_load_2019.csv"":""c5da0bae0ace949d849c363b22d022fe9f00bec6c86542ac7f40cb3a7785b080"",""eia930/MISO_0035_load_2020.csv"":""d076cfd9ba2dce87914a91d1326365d2bfcac3eef8da37b0415e131580141038"",""eia930/MISO_0035_load_2021.csv"":""107979dbb882bee2269d99294067978b251e489f216b6712a62c74bd0d786a1d"",""eia930/MISO_0035_load_2022.csv"":""31cf944880503d49d00d7fa986848938f9c61f6eb311b8729e521475c2d0941b"",""paper_data/manifests/eia860_2024_operable_capacity_manifest_wtk_bchrrr_nsrdb_2007_2023.csv"":""0fa5c58fb78444b05819997a71cc7afb03b570cb661d6245895da6aaf735e6b2"",""src/wxdata/load.py"":""df7c525bf214a69cf911ef74ade85560596075d865da5b4729ea34d8434c91fb"",""src/wxdata/load_settings.py"":""efa4071e89cfce6435f0cd2956e50d81d0f9cd009a9ef87e75d5608470c0343b""}","{""boundary"":""UTC start inclusive, end exclusive"",""centered"":true,""duplicate_timestamp"":""last input occurrence"",""group_by"":""BA local clock hour"",""interpolation"":""none"",""load_outlier_same_hour_deviation_fraction"":0.4,""load_outlier_same_hour_min_periods"":5,""load_outlier_same_hour_window_days"":7,""local_timezone"":""America/Chicago"",""method"":""wxdata.load._clean_load_history"",""nonfinite_and_nonpositive"":""excluded"",""ties"":""earliest UTC exact maximum before rounding"",""window_basis"":""complete hourly calendar, missing hours retained as NaN""}","[""MISO_0035""]",0,11,America/Chicago,,16580.0,2022-07-05T21:00:00Z,1,available,
ba,MISO_8910,observed,31548.0,2022-06-22T22:00:00Z,1,35064,35050,14,False,2019-01-01T00:00:00Z,2023-01-01T00:00:00Z,"[""configs/ba/all_bas_2007_2023_eia930_load_actuals.yaml"",""eia930/MISO_8910_load_2019.csv"",""eia930/MISO_8910_load_2020.csv"",""eia930/MISO_8910_load_2021.csv"",""eia930/MISO_8910_load_2022.csv"",""paper_data/manifests/eia860_2024_operable_capacity_manifest_wtk_bchrrr_nsrdb_2007_2023.csv"",""src/wxdata/load.py"",""src/wxdata/load_settings.py""]","{""configs/ba/all_bas_2007_2023_eia930_load_actuals.yaml"":""27dd570ea03850845d928e57b5e85db6843d141a611f16ce62ec776d2b7171a5"",""eia930/MISO_8910_load_2019.csv"":""13f574c9e7b5e5f919ef9801e3a1f2186015927d21254cf6d86bbbc1691f3ebf"",""eia930/MISO_8910_load_2020.csv"":""b806a8510dad3cfbecfadd5909fd0d622e153f4e1197965d3e2f71d3aebe4529"",""eia930/MISO_8910_load_2021.csv"":""cbcbe09e2d58d1c0066a27e7c773a302ac068fd69bdf952e20925fcf22be32bd"",""eia930/MISO_8910_load_2022.csv"":""1d581293cc01d567da6fc2e263791d7cf606dbaada7b366bbdee2d3842a73744"",""paper_data/manifests/eia860_2024_operable_capacity_manifest_wtk_bchrrr_nsrdb_2007_2023.csv"":""0fa5c58fb78444b05819997a71cc7afb03b570cb661d6245895da6aaf735e6b2"",""src/wxdata/load.py"":""df7c525bf214a69cf911ef74ade85560596075d865da5b4729ea34d8434c91fb"",""src/wxdata/load_settings.py"":""efa4071e89cfce6435f0cd2956e50d81d0f9cd009a9ef87e75d5608470c0343b""}","{""boundary"":""UTC start inclusive, end exclusive"",""centered"":true,""duplicate_timestamp"":""last input occurrence"",""group_by"":""BA local clock hour"",""interpolation"":""none"",""load_outlier_same_hour_deviation_fraction"":0.4,""load_outlier_same_hour_min_periods"":5,""load_outlier_same_hour_window_days"":7,""local_timezone"":""America/Chicago"",""method"":""wxdata.load._clean_load_history"",""nonfinite_and_nonpositive"":""excluded"",""ties"":""earliest UTC exact maximum before rounding"",""window_basis"":""complete hourly calendar, missing hours retained as NaN""}","[""MISO_8910""]",3,11,America/Chicago,,31548.0,2022-06-22T22:00:00Z,1,available,
ba,NBSO,observed,,,0,35064,0,35064,False,2019-01-01T00:00:00Z,2023-01-01T00:00:00Z,"[""configs/ba/all_bas_2007_2023_eia930_load_actuals.yaml"",""paper_data/manifests/eia860_2024_operable_capacity_manifest_wtk_bchrrr_nsrdb_2007_2023.csv"",""src/wxdata/load.py"",""src/wxdata/load_settings.py""]","{""configs/ba/all_bas_2007_2023_eia930_load_actuals.yaml"":""27dd570ea03850845d928e57b5e85db6843d141a611f16ce62ec776d2b7171a5"",""paper_data/manifests/eia860_2024_operable_capacity_manifest_wtk_bchrrr_nsrdb_2007_2023.csv"":""0fa5c58fb78444b05819997a71cc7afb03b570cb661d6245895da6aaf735e6b2"",""src/wxdata/load.py"":""df7c525bf214a69cf911ef74ade85560596075d865da5b4729ea34d8434c91fb"",""src/wxdata/load_settings.py"":""efa4071e89cfce6435f0cd2956e50d81d0f9cd009a9ef87e75d5608470c0343b""}","{""availability"":""No released load product for this resource-only entity"",""boundary"":""UTC start inclusive, end exclusive"",""centered"":true,""duplicate_timestamp"":""last input occurrence"",""group_by"":""BA local clock hour"",""interpolation"":""none"",""load_outlier_same_hour_deviation_fraction"":0.4,""load_outlier_same_hour_min_periods"":5,""load_outlier_same_hour_window_days"":7,""local_timezone"":"""",""method"":""wxdata.load._clean_load_history"",""nonfinite_and_nonpositive"":""excluded"",""ties"":""earliest UTC exact maximum before rounding"",""window_basis"":""complete hourly calendar, missing hours retained as NaN""}",[],0,0,,,,,0,unavailable,
ba,NEVP,observed,9357.0,2021-07-09T23:00:00Z,1,35064,35046,18,False,2019-01-01T00:00:00Z,2023-01-01T00:00:00Z,"[""configs/ba/all_bas_2007_2023_eia930_load_actuals.yaml"",""eia930/NEVP_load_2019.csv"",""eia930/NEVP_load_2020.csv"",""eia930/NEVP_load_2021.csv"",""eia930/NEVP_load_2022.csv"",""paper_data/manifests/eia860_2024_operable_capacity_manifest_wtk_bchrrr_nsrdb_2007_2023.csv"",""src/wxdata/load.py"",""src/wxdata/load_settings.py""]","{""configs/ba/all_bas_2007_2023_eia930_load_actuals.yaml"":""27dd570ea03850845d928e57b5e85db6843d141a611f16ce62ec776d2b7171a5"",""eia930/NEVP_load_2019.csv"":""8101d9d346fad1ad8963e1af43d40a726389204004c35b52da964ed718f4006a"",""eia930/NEVP_load_2020.csv"":""f46abb05730565b70ed17d4e7a41560af3c7cc9af328529749d00c5e6a10702b"",""eia930/NEVP_load_2021.csv"":""60756dd827a6df245cb28f55c6e144082006f5e268819360ceafb4b7ebcf42dc"",""eia930/NEVP_load_2022.csv"":""dc00725b22fe41e4698d4e2d966848b9c64489a99c1daf630be3396e317a238b"",""paper_data/manifests/eia860_2024_operable_capacity_manifest_wtk_bchrrr_nsrdb_2007_2023.csv"":""0fa5c58fb78444b05819997a71cc7afb03b570cb661d6245895da6aaf735e6b2"",""src/wxdata/load.py"":""df7c525bf214a69cf911ef74ade85560596075d865da5b4729ea34d8434c91fb"",""src/wxdata/load_settings.py"":""efa4071e89cfce6435f0cd2956e50d81d0f9cd009a9ef87e75d5608470c0343b""}","{""boundary"":""UTC start inclusive, end exclusive"",""centered"":true,""duplicate_timestamp"":""last input occurrence"",""group_by"":""BA local clock hour"",""interpolation"":""none"",""load_outlier_same_hour_deviation_fraction"":0.4,""load_outlier_same_hour_min_periods"":5,""load_outlier_same_hour_window_days"":7,""local_timezone"":""America/Los_Angeles"",""method"":""wxdata.load._clean_load_history"",""nonfinite_and_nonpositive"":""excluded"",""ties"":""earliest UTC exact maximum before rounding"",""window_basis"":""complete hourly calendar, missing hours retained as NaN""}","[""NEVP""]",0,18,America/Los_Angeles,,9357.0,2021-07-09T23:00:00Z,1,available,
ba,NSB,observed,105.0,2019-07-02T21:00:00Z,2,35064,8374,26690,False,2019-01-01T00:00:00Z,2023-01-01T00:00:00Z,"[""configs/ba/all_bas_2007_2023_eia930_load_actuals.yaml"",""eia930/NSB_load_2019.csv"",""eia930/NSB_load_2020.csv"",""eia930/NSB_load_2021.csv"",""eia930/NSB_load_2022.csv"",""paper_data/manifests/eia860_2024_operable_capacity_manifest_wtk_bchrrr_nsrdb_2007_2023.csv"",""src/wxdata/load.py"",""src/wxdata/load_settings.py""]","{""configs/ba/all_bas_2007_2023_eia930_load_actuals.yaml"":""27dd570ea03850845d928e57b5e85db6843d141a611f16ce62ec776d2b7171a5"",""eia930/NSB_load_2019.csv"":""e551785a2ade3f211c55b8ab2be5fd914a65e9eef5e8ad4996299eba367e91d4"",""eia930/NSB_load_2020.csv"":""538921f82de7f6502fedf06a77aee31d5fb51d4dbc6ee0eda0dc1fa0cceddfc9"",""eia930/NSB_load_2021.csv"":""a48386fdaa2ae23e0e38ddf7a4cef11d4752dbd5ecafa62aee7e8ddd061ae8f4"",""eia930/NSB_load_2022.csv"":""fc223048f42c4f37c11e4931f2f59ec177eb2abb5b179e1727d29223b079042f"",""paper_data/manifests/eia860_2024_operable_capacity_manifest_wtk_bchrrr_nsrdb_2007_2023.csv"":""0fa5c58fb78444b05819997a71cc7afb03b570cb661d6245895da6aaf735e6b2"",""src/wxdata/load.py"":""df7c525bf214a69cf911ef74ade85560596075d865da5b4729ea34d8434c91fb"",""src/wxdata/load_settings.py"":""efa4071e89cfce6435f0cd2956e50d81d0f9cd009a9ef87e75d5608470c0343b""}","{""boundary"":""UTC start inclusive, end exclusive"",""centered"":true,""duplicate_timestamp"":""last input occurrence"",""group_by"":""BA local clock hour"",""interpolation"":""none"",""load_outlier_same_hour_deviation_fraction"":0.4,""load_outlier_same_hour_min_periods"":5,""load_outlier_same_hour_window_days"":7,""local_timezone"":""America/New_York"",""method"":""wxdata.load._clean_load_history"",""nonfinite_and_nonpositive"":""excluded"",""reviewed_observation_exclusion_count"":4,""reviewed_observation_exclusions"":[{""action"":""exclude after existing screen, before pool aggregation"",""entity_id"":""NSB"",""original_value_mw"":297.0,""reason"":""Reviewed isolated reporting spike between 30 and 37 MW, one of four spikes on the same local date."",""time_utc"":""2019-11-03T12:00:00Z""},{""action"":""exclude after existing screen, before pool aggregation"",""entity_id"":""NSB"",""original_value_mw"":233.0,""reason"":""Reviewed isolated reporting spike between 52 and 55 MW, one of four spikes on the same local date."",""time_utc"":""2019-11-03T17:00:00Z""},{""action"":""exclude after existing screen, before pool aggregation"",""entity_id"":""NSB"",""original_value_mw"":264.0,""reason"":""Reviewed isolated reporting spike between 51 and 52 MW, one of four spikes on the same local date."",""time_utc"":""2019-11-03T22:00:00Z""},{""action"":""exclude after existing screen, before pool aggregation"",""entity_id"":""NSB"",""original_value_mw"":281.0,""reason"":""Reviewed isolated reporting spike after 43 MW; the next hour is missing and the following observation is 33 MW, one of four spikes on the same local date."",""time_utc"":""2019-11-04T04:00:00Z""}],""ties"":""earliest UTC exact maximum before rounding"",""window_basis"":""complete hourly calendar, missing hours retained as NaN""}","[""NSB""]",66,26620,America/New_York,,297.0,2019-11-03T12:00:00Z,1,reviewed_best_estimate,Best estimate from the maximum retained EIA-930 BA observation after additional review of reporting anomalies. Incomplete coverage limits this to the available screened observations.
ba,NWMT,observed,2600.0,2021-05-20T09:00:00Z,1,35064,34922,142,False,2019-01-01T00:00:00Z,2023-01-01T00:00:00Z,"[""configs/ba/all_bas_2007_2023_eia930_load_actuals.yaml"",""eia930/NWMT_load_2019.csv"",""eia930/NWMT_load_2020.csv"",""eia930/NWMT_load_2021.csv"",""eia930/NWMT_load_2022.csv"",""paper_data/manifests/eia860_2024_operable_capacity_manifest_wtk_bchrrr_nsrdb_2007_2023.csv"",""src/wxdata/load.py"",""src/wxdata/load_settings.py""]","{""configs/ba/all_bas_2007_2023_eia930_load_actuals.yaml"":""27dd570ea03850845d928e57b5e85db6843d141a611f16ce62ec776d2b7171a5"",""eia930/NWMT_load_2019.csv"":""075e3bbed519230eca5078089070fa9c681b510e48e1edc36e890f2b26594dec"",""eia930/NWMT_load_2020.csv"":""f21a532185389f5d1094b7680993e286524eb290690d5dbc5f248ce6efb078a6"",""eia930/NWMT_load_2021.csv"":""e0311d7bf19545301f9ee32479eaa322491e241378b601e9aad60d8634989b8e"",""eia930/NWMT_load_2022.csv"":""418adc00927dfac0f6778573ff692d9d68bddd5610903a81e808cf321d781117"",""paper_data/manifests/eia860_2024_operable_capacity_manifest_wtk_bchrrr_nsrdb_2007_2023.csv"":""0fa5c58fb78444b05819997a71cc7afb03b570cb661d6245895da6aaf735e6b2"",""src/wxdata/load.py"":""df7c525bf214a69cf911ef74ade85560596075d865da5b4729ea34d8434c91fb"",""src/wxdata/load_settings.py"":""efa4071e89cfce6435f0cd2956e50d81d0f9cd009a9ef87e75d5608470c0343b""}","{""boundary"":""UTC start inclusive, end exclusive"",""centered"":true,""duplicate_timestamp"":""last input occurrence"",""group_by"":""BA local clock hour"",""interpolation"":""none"",""load_outlier_same_hour_deviation_fraction"":0.4,""load_outlier_same_hour_min_periods"":5,""load_outlier_same_hour_window_days"":7,""local_timezone"":""America/Denver"",""method"":""wxdata.load._clean_load_history"",""nonfinite_and_nonpositive"":""excluded"",""ties"":""earliest UTC exact maximum before rounding"",""window_basis"":""complete hourly calendar, missing hours retained as NaN""}","[""NWMT""]",41,101,America/Denver,,2600.0,2021-05-20T09:00:00Z,1,available,
ba,NYIS,observed,30919.0,2021-06-29T22:00:00Z,1,35064,35061,3,False,2019-01-01T00:00:00Z,2023-01-01T00:00:00Z,"[""configs/ba/all_bas_2007_2023_eia930_load_actuals.yaml"",""eia930/NYIS_load_2019.csv"",""eia930/NYIS_load_2020.csv"",""eia930/NYIS_load_2021.csv"",""eia930/NYIS_load_2022.csv"",""paper_data/manifests/eia860_2024_operable_capacity_manifest_wtk_bchrrr_nsrdb_2007_2023.csv"",""src/wxdata/load.py"",""src/wxdata/load_settings.py""]","{""configs/ba/all_bas_2007_2023_eia930_load_actuals.yaml"":""27dd570ea03850845d928e57b5e85db6843d141a611f16ce62ec776d2b7171a5"",""eia930/NYIS_load_2019.csv"":""efaed5678aec307c73d479a28ef6581984eb465d10386d9c85a13957f62b66a0"",""eia930/NYIS_load_2020.csv"":""5abcbe061c574f6d4cd7064c47677212d2f4b9b9865c72e290e76625597f02f5"",""eia930/NYIS_load_2021.csv"":""cf4e677525c06e03c8e7970eb8b11878a85df4b022b8376b04e413742e4d972c"",""eia930/NYIS_load_2022.csv"":""031f990de6661d4588cca71fc26ed36254fed91531fc6f3a77a50f3c083bfbb7"",""paper_data/manifests/eia860_2024_operable_capacity_manifest_wtk_bchrrr_nsrdb_2007_2023.csv"":""0fa5c58fb78444b05819997a71cc7afb03b570cb661d6245895da6aaf735e6b2"",""src/wxdata/load.py"":""df7c525bf214a69cf911ef74ade85560596075d865da5b4729ea34d8434c91fb"",""src/wxdata/load_settings.py"":""efa4071e89cfce6435f0cd2956e50d81d0f9cd009a9ef87e75d5608470c0343b""}","{""boundary"":""UTC start inclusive, end exclusive"",""centered"":true,""duplicate_timestamp"":""last input occurrence"",""group_by"":""BA local clock hour"",""interpolation"":""none"",""load_outlier_same_hour_deviation_fraction"":0.4,""load_outlier_same_hour_min_periods"":5,""load_outlier_same_hour_window_days"":7,""local_timezone"":""America/New_York"",""method"":""wxdata.load._clean_load_history"",""nonfinite_and_nonpositive"":""excluded"",""ties"":""earliest UTC exact maximum before rounding"",""window_basis"":""complete hourly calendar, missing hours retained as NaN""}","[""NYIS""]",0,3,America/New_York,,30919.0,2021-06-29T22:00:00Z,1,available,
ba,PACE,observed,9494.0,2022-07-19T00:00:00Z,1,35064,35061,3,False,2019-01-01T00:00:00Z,2023-01-01T00:00:00Z,"[""configs/ba/all_bas_2007_2023_eia930_load_actuals.yaml"",""eia930/PACE_load_2019.csv"",""eia930/PACE_load_2020.csv"",""eia930/PACE_load_2021.csv"",""eia930/PACE_load_2022.csv"",""paper_data/manifests/eia860_2024_operable_capacity_manifest_wtk_bchrrr_nsrdb_2007_2023.csv"",""src/wxdata/load.py"",""src/wxdata/load_settings.py""]","{""configs/ba/all_bas_2007_2023_eia930_load_actuals.yaml"":""27dd570ea03850845d928e57b5e85db6843d141a611f16ce62ec776d2b7171a5"",""eia930/PACE_load_2019.csv"":""b3a2d6f7f082dec10d6bfc0176293ada94238babe05a3356e875b0a95654080f"",""eia930/PACE_load_2020.csv"":""e18a03daa5c65f5f2065854c3e98ba115c7ce8094ca06b466b039caf2fe692be"",""eia930/PACE_load_2021.csv"":""6321e79639cc12d914954671b416b316e965941c9d5e3f73d8739f0ea5ef864b"",""eia930/PACE_load_2022.csv"":""bd3c764424f4d96074708c65a2b5a1ee7972d9f257426b53f336018dd7a122b9"",""paper_data/manifests/eia860_2024_operable_capacity_manifest_wtk_bchrrr_nsrdb_2007_2023.csv"":""0fa5c58fb78444b05819997a71cc7afb03b570cb661d6245895da6aaf735e6b2"",""src/wxdata/load.py"":""df7c525bf214a69cf911ef74ade85560596075d865da5b4729ea34d8434c91fb"",""src/wxdata/load_settings.py"":""efa4071e89cfce6435f0cd2956e50d81d0f9cd009a9ef87e75d5608470c0343b""}","{""boundary"":""UTC start inclusive, end exclusive"",""centered"":true,""duplicate_timestamp"":""last input occurrence"",""group_by"":""BA local clock hour"",""interpolation"":""none"",""load_outlier_same_hour_deviation_fraction"":0.4,""load_outlier_same_hour_min_periods"":5,""load_outlier_same_hour_window_days"":7,""local_timezone"":""America/Denver"",""method"":""wxdata.load._clean_load_history"",""nonfinite_and_nonpositive"":""excluded"",""ties"":""earliest UTC exact maximum before rounding"",""window_basis"":""complete hourly calendar, missing hours retained as NaN""}","[""PACE""]",3,0,America/Denver,,9494.0,2022-07-19T00:00:00Z,1,available,
ba,PACW,observed,4187.0,2021-08-12T21:00:00Z,1,35064,35059,5,False,2019-01-01T00:00:00Z,2023-01-01T00:00:00Z,"[""configs/ba/all_bas_2007_2023_eia930_load_actuals.yaml"",""eia930/PACW_load_2019.csv"",""eia930/PACW_load_2020.csv"",""eia930/PACW_load_2021.csv"",""eia930/PACW_load_2022.csv"",""paper_data/manifests/eia860_2024_operable_capacity_manifest_wtk_bchrrr_nsrdb_2007_2023.csv"",""src/wxdata/load.py"",""src/wxdata/load_settings.py""]","{""configs/ba/all_bas_2007_2023_eia930_load_actuals.yaml"":""27dd570ea03850845d928e57b5e85db6843d141a611f16ce62ec776d2b7171a5"",""eia930/PACW_load_2019.csv"":""6342730d1b235a1dcf7f128813552e49fdc6c410bec035669b32e0cb7d98787e"",""eia930/PACW_load_2020.csv"":""1eae36a85559134200941b72a430f9b323561cc4956e8f5fd210e35db831e5b5"",""eia930/PACW_load_2021.csv"":""60215b13dad874c275766e6eca69eba91c9f41bb59cc1cc585cf5d2a4ba10af5"",""eia930/PACW_load_2022.csv"":""eab1abdcd6e67108b8a84c8f4775a6b5760c2b2f6c482f82d8102fc83662a752"",""paper_data/manifests/eia860_2024_operable_capacity_manifest_wtk_bchrrr_nsrdb_2007_2023.csv"":""0fa5c58fb78444b05819997a71cc7afb03b570cb661d6245895da6aaf735e6b2"",""src/wxdata/load.py"":""df7c525bf214a69cf911ef74ade85560596075d865da5b4729ea34d8434c91fb"",""src/wxdata/load_settings.py"":""efa4071e89cfce6435f0cd2956e50d81d0f9cd009a9ef87e75d5608470c0343b""}","{""boundary"":""UTC start inclusive, end exclusive"",""centered"":true,""duplicate_timestamp"":""last input occurrence"",""group_by"":""BA local clock hour"",""interpolation"":""none"",""load_outlier_same_hour_deviation_fraction"":0.4,""load_outlier_same_hour_min_periods"":5,""load_outlier_same_hour_window_days"":7,""local_timezone"":""America/Los_Angeles"",""method"":""wxdata.load._clean_load_history"",""nonfinite_and_nonpositive"":""excluded"",""ties"":""earliest UTC exact maximum before rounding"",""window_basis"":""complete hourly calendar, missing hours retained as NaN""}","[""PACW""]",5,0,America/Los_Angeles,,4187.0,2021-08-12T21:00:00Z,1,available,
ba,PGE,observed,4471.0,2021-06-29T00:00:00Z,1,35064,34743,321,False,2019-01-01T00:00:00Z,2023-01-01T00:00:00Z,"[""configs/ba/all_bas_2007_2023_eia930_load_actuals.yaml"",""eia930/PGE_load_2019.csv"",""eia930/PGE_load_2020.csv"",""eia930/PGE_load_2021.csv"",""eia930/PGE_load_2022.csv"",""paper_data/manifests/eia860_2024_operable_capacity_manifest_wtk_bchrrr_nsrdb_2007_2023.csv"",""src/wxdata/load.py"",""src/wxdata/load_settings.py""]","{""configs/ba/all_bas_2007_2023_eia930_load_actuals.yaml"":""27dd570ea03850845d928e57b5e85db6843d141a611f16ce62ec776d2b7171a5"",""eia930/PGE_load_2019.csv"":""ee95a3eac8756f9b3c47b315b1cf30a930fccaf822391267f7efaaf9b160cb50"",""eia930/PGE_load_2020.csv"":""81bc39188b073f79fe82e804be4961ac0555eabb06cb986bc793ea800fcdab76"",""eia930/PGE_load_2021.csv"":""0b06cea3a90102ccd96955d61fa39581d3cb5cc65ae2693fd51e0fef3cf9b562"",""eia930/PGE_load_2022.csv"":""98e2f0720adf2db89b001bb5e599ce4148ec28e3ac0a3f271070ba73c5d4d0e7"",""paper_data/manifests/eia860_2024_operable_capacity_manifest_wtk_bchrrr_nsrdb_2007_2023.csv"":""0fa5c58fb78444b05819997a71cc7afb03b570cb661d6245895da6aaf735e6b2"",""src/wxdata/load.py"":""df7c525bf214a69cf911ef74ade85560596075d865da5b4729ea34d8434c91fb"",""src/wxdata/load_settings.py"":""efa4071e89cfce6435f0cd2956e50d81d0f9cd009a9ef87e75d5608470c0343b""}","{""boundary"":""UTC start inclusive, end exclusive"",""centered"":true,""duplicate_timestamp"":""last input occurrence"",""group_by"":""BA local clock hour"",""interpolation"":""none"",""load_outlier_same_hour_deviation_fraction"":0.4,""load_outlier_same_hour_min_periods"":5,""load_outlier_same_hour_window_days"":7,""local_timezone"":""America/Los_Angeles"",""method"":""wxdata.load._clean_load_history"",""nonfinite_and_nonpositive"":""excluded"",""ties"":""earliest UTC exact maximum before rounding"",""window_basis"":""complete hourly calendar, missing hours retained as NaN""}","[""PGE""]",7,314,America/Los_Angeles,,4471.0,2021-06-29T00:00:00Z,1,available,
ba,PJM,observed,152315.0,2019-07-19T22:00:00Z,1,35064,34982,82,False,2019-01-01T00:00:00Z,2023-01-01T00:00:00Z,"[""configs/ba/all_bas_2007_2023_eia930_load_actuals.yaml"",""eia930/PJM_load_2019.csv"",""eia930/PJM_load_2020.csv"",""eia930/PJM_load_2021.csv"",""eia930/PJM_load_2022.csv"",""paper_data/manifests/eia860_2024_operable_capacity_manifest_wtk_bchrrr_nsrdb_2007_2023.csv"",""src/wxdata/load.py"",""src/wxdata/load_settings.py""]","{""configs/ba/all_bas_2007_2023_eia930_load_actuals.yaml"":""27dd570ea03850845d928e57b5e85db6843d141a611f16ce62ec776d2b7171a5"",""eia930/PJM_load_2019.csv"":""6ae9b9793611e840757d17d9bf858282c7e57d2ca71f344ec3d622b15a66f5dd"",""eia930/PJM_load_2020.csv"":""ee0675f8655b9be9111dca9749f5dda0d224104a969e65c9ad30d394161f201b"",""eia930/PJM_load_2021.csv"":""5cd6f5db370575400a192d60cf86f6cd50499928474c65ea3e3e596b9d0bbe16"",""eia930/PJM_load_2022.csv"":""4fb06f47632168a05d37e4b81b0e6e11b3082c5743075eb4163819d96db25b96"",""paper_data/manifests/eia860_2024_operable_capacity_manifest_wtk_bchrrr_nsrdb_2007_2023.csv"":""0fa5c58fb78444b05819997a71cc7afb03b570cb661d6245895da6aaf735e6b2"",""src/wxdata/load.py"":""df7c525bf214a69cf911ef74ade85560596075d865da5b4729ea34d8434c91fb"",""src/wxdata/load_settings.py"":""efa4071e89cfce6435f0cd2956e50d81d0f9cd009a9ef87e75d5608470c0343b""}","{""boundary"":""UTC start inclusive, end exclusive"",""centered"":true,""duplicate_timestamp"":""last input occurrence"",""group_by"":""BA local clock hour"",""interpolation"":""none"",""load_outlier_same_hour_deviation_fraction"":0.4,""load_outlier_same_hour_min_periods"":5,""load_outlier_same_hour_window_days"":7,""local_timezone"":""America/New_York"",""method"":""wxdata.load._clean_load_history"",""nonfinite_and_nonpositive"":""excluded"",""reviewed_observation_exclusion_count"":1,""reviewed_observation_exclusions"":[{""action"":""exclude after existing screen, before pool aggregation"",""entity_id"":""PJM"",""evidence_url"":""https://www.pjm.com/-/media/DotCom/library/reports-notices/load-forecast/2021-load-report.pdf"",""original_value_mw"":176085.0,""reason"":""Reviewed reporting anomaly: 176,085 MW lies between 139,527 and 141,853 MW and exceeds PJM's reported 2020 metered peak of 144,283 MW. Its 27.1% deviation from the 138,522 MW same-hour median survives the existing 40% screen. Exclude this exact observation without imputation, retaining the original screened peak candidate."",""time_utc"":""2020-07-29T21:00:00Z""}],""ties"":""earliest UTC exact maximum before rounding"",""window_basis"":""complete hourly calendar, missing hours retained as NaN""}","[""PJM""]",11,70,America/New_York,,176085.0,2020-07-29T21:00:00Z,1,reviewed_source_exclusion,"Reviewed reporting anomaly: 176,085 MW lies between 139,527 and 141,853 MW and exceeds PJM's reported 2020 metered peak of 144,283 MW. Its 27.1% deviation from the 138,522 MW same-hour median survives the existing 40% screen. Exclude this exact observation without imputation, retaining the original screened peak candidate."
ba,PNM,observed,2787.0,2022-07-20T00:00:00Z,1,35064,35015,49,False,2019-01-01T00:00:00Z,2023-01-01T00:00:00Z,"[""configs/ba/all_bas_2007_2023_eia930_load_actuals.yaml"",""eia930/PNM_load_2019.csv"",""eia930/PNM_load_2020.csv"",""eia930/PNM_load_2021.csv"",""eia930/PNM_load_2022.csv"",""paper_data/manifests/eia860_2024_operable_capacity_manifest_wtk_bchrrr_nsrdb_2007_2023.csv"",""src/wxdata/load.py"",""src/wxdata/load_settings.py""]","{""configs/ba/all_bas_2007_2023_eia930_load_actuals.yaml"":""27dd570ea03850845d928e57b5e85db6843d141a611f16ce62ec776d2b7171a5"",""eia930/PNM_load_2019.csv"":""088835ea1bf175aae39906bb4b9403d304e5a009e78d6436ee9dd01671763cd2"",""eia930/PNM_load_2020.csv"":""4f745080c81b2eecbdc127fbee4a7b05d8602ea0f8ef273887f37112e0e450c4"",""eia930/PNM_load_2021.csv"":""63d3aa75f3e46f95fe44a56db3b303b4392c4687d63a9517f997adc493e0b529"",""eia930/PNM_load_2022.csv"":""2fcfb2516b1f0770b63bdacb4d63e77a038988b4a3bce40dfb2cd37b737f3373"",""paper_data/manifests/eia860_2024_operable_capacity_manifest_wtk_bchrrr_nsrdb_2007_2023.csv"":""0fa5c58fb78444b05819997a71cc7afb03b570cb661d6245895da6aaf735e6b2"",""src/wxdata/load.py"":""df7c525bf214a69cf911ef74ade85560596075d865da5b4729ea34d8434c91fb"",""src/wxdata/load_settings.py"":""efa4071e89cfce6435f0cd2956e50d81d0f9cd009a9ef87e75d5608470c0343b""}","{""boundary"":""UTC start inclusive, end exclusive"",""centered"":true,""duplicate_timestamp"":""last input occurrence"",""group_by"":""BA local clock hour"",""interpolation"":""none"",""load_outlier_same_hour_deviation_fraction"":0.4,""load_outlier_same_hour_min_periods"":5,""load_outlier_same_hour_window_days"":7,""local_timezone"":""America/Denver"",""method"":""wxdata.load._clean_load_history"",""nonfinite_and_nonpositive"":""excluded"",""ties"":""earliest UTC exact maximum before rounding"",""window_basis"":""complete hourly calendar, missing hours retained as NaN""}","[""PNM""]",1,48,America/Denver,,2787.0,2022-07-20T00:00:00Z,1,available,
ba,PSCO,observed,9853.0,2021-07-29T00:00:00Z,1,35064,35061,3,False,2019-01-01T00:00:00Z,2023-01-01T00:00:00Z,"[""configs/ba/all_bas_2007_2023_eia930_load_actuals.yaml"",""eia930/PSCO_load_2019.csv"",""eia930/PSCO_load_2020.csv"",""eia930/PSCO_load_2021.csv"",""eia930/PSCO_load_2022.csv"",""paper_data/manifests/eia860_2024_operable_capacity_manifest_wtk_bchrrr_nsrdb_2007_2023.csv"",""src/wxdata/load.py"",""src/wxdata/load_settings.py""]","{""configs/ba/all_bas_2007_2023_eia930_load_actuals.yaml"":""27dd570ea03850845d928e57b5e85db6843d141a611f16ce62ec776d2b7171a5"",""eia930/PSCO_load_2019.csv"":""8ab591035011ea95b899031b064b458c0261dffd8837c6f992d5368f85ee5606"",""eia930/PSCO_load_2020.csv"":""0883041d650f05eae8a4fdef8e89e1e5b1017f599f1361db3c73318bd27c446e"",""eia930/PSCO_load_2021.csv"":""d2915c797f59c705f8f598f078011040f08ef659464c101fc71c5f726cbfa831"",""eia930/PSCO_load_2022.csv"":""7af5777d273cb3c081c5b02bf4b1eead07ad3f5aeef67cc7e54148171aa544a3"",""paper_data/manifests/eia860_2024_operable_capacity_manifest_wtk_bchrrr_nsrdb_2007_2023.csv"":""0fa5c58fb78444b05819997a71cc7afb03b570cb661d6245895da6aaf735e6b2"",""src/wxdata/load.py"":""df7c525bf214a69cf911ef74ade85560596075d865da5b4729ea34d8434c91fb"",""src/wxdata/load_settings.py"":""efa4071e89cfce6435f0cd2956e50d81d0f9cd009a9ef87e75d5608470c0343b""}","{""boundary"":""UTC start inclusive, end exclusive"",""centered"":true,""duplicate_timestamp"":""last input occurrence"",""group_by"":""BA local clock hour"",""interpolation"":""none"",""load_outlier_same_hour_deviation_fraction"":0.4,""load_outlier_same_hour_min_periods"":5,""load_outlier_same_hour_window_days"":7,""local_timezone"":""America/Denver"",""method"":""wxdata.load._clean_load_history"",""nonfinite_and_nonpositive"":""excluded"",""ties"":""earliest UTC exact maximum before rounding"",""window_basis"":""complete hourly calendar, missing hours retained as NaN""}","[""PSCO""]",2,1,America/Denver,,9853.0,2021-07-29T00:00:00Z,1,available,
ba,PSEI,observed,5431.0,2019-02-06T17:00:00Z,1,35064,25825,9239,False,2019-01-01T00:00:00Z,2023-01-01T00:00:00Z,"[""configs/ba/all_bas_2007_2023_eia930_load_actuals.yaml"",""eia930/PSEI_load_2019.csv"",""eia930/PSEI_load_2020.csv"",""eia930/PSEI_load_2021.csv"",""eia930/PSEI_load_2022.csv"",""paper_data/manifests/eia860_2024_operable_capacity_manifest_wtk_bchrrr_nsrdb_2007_2023.csv"",""src/wxdata/load.py"",""src/wxdata/load_settings.py""]","{""configs/ba/all_bas_2007_2023_eia930_load_actuals.yaml"":""27dd570ea03850845d928e57b5e85db6843d141a611f16ce62ec776d2b7171a5"",""eia930/PSEI_load_2019.csv"":""29b95f326ff10421ab7f76e513e7102a933771ec3a4b3d73e9976921e49b4539"",""eia930/PSEI_load_2020.csv"":""9ef386bf0fac3e6a9233a571895850b38c38a8544e82249f2d91f8225b69db1d"",""eia930/PSEI_load_2021.csv"":""f349ee03c4805bfedaf0b4af6d053574e6702a94b4f82b94426a431dc13b411d"",""eia930/PSEI_load_2022.csv"":""bdd90506b6fab7fe27fc1e5f11e0b337ac976987a7f2bf5ae34dcc72e77b9e62"",""paper_data/manifests/eia860_2024_operable_capacity_manifest_wtk_bchrrr_nsrdb_2007_2023.csv"":""0fa5c58fb78444b05819997a71cc7afb03b570cb661d6245895da6aaf735e6b2"",""src/wxdata/load.py"":""df7c525bf214a69cf911ef74ade85560596075d865da5b4729ea34d8434c91fb"",""src/wxdata/load_settings.py"":""efa4071e89cfce6435f0cd2956e50d81d0f9cd009a9ef87e75d5608470c0343b""}","{""boundary"":""UTC start inclusive, end exclusive"",""centered"":true,""duplicate_timestamp"":""last input occurrence"",""group_by"":""BA local clock hour"",""interpolation"":""none"",""load_outlier_same_hour_deviation_fraction"":0.4,""load_outlier_same_hour_min_periods"":5,""load_outlier_same_hour_window_days"":7,""local_timezone"":""America/Los_Angeles"",""method"":""wxdata.load._clean_load_history"",""nonfinite_and_nonpositive"":""excluded"",""ties"":""earliest UTC exact maximum before rounding"",""window_basis"":""complete hourly calendar, missing hours retained as NaN""}","[""PSEI""]",0,9239,America/Los_Angeles,,5431.0,2019-02-06T17:00:00Z,1,available,
ba,SC,observed,5342.0,2022-12-24T14:00:00Z,1,35064,34798,266,False,2019-01-01T00:00:00Z,2023-01-01T00:00:00Z,"[""configs/ba/all_bas_2007_2023_eia930_load_actuals.yaml"",""eia930/SC_load_2019.csv"",""eia930/SC_load_2020.csv"",""eia930/SC_load_2021.csv"",""eia930/SC_load_2022.csv"",""paper_data/manifests/eia860_2024_operable_capacity_manifest_wtk_bchrrr_nsrdb_2007_2023.csv"",""src/wxdata/load.py"",""src/wxdata/load_settings.py""]","{""configs/ba/all_bas_2007_2023_eia930_load_actuals.yaml"":""27dd570ea03850845d928e57b5e85db6843d141a611f16ce62ec776d2b7171a5"",""eia930/SC_load_2019.csv"":""c05c731c45ce8fd56351dc0c6f65964d109e405fb7520bd7aa4f68c828e68c4a"",""eia930/SC_load_2020.csv"":""97c2e75ba99bacc793bfbc83b5ce1427cbf7e0e6406d4824b9c49d8be4860832"",""eia930/SC_load_2021.csv"":""c0102c4ef8c499888c21ddf14dfe76273525423e002bc9465ac7fd860f6c39c2"",""eia930/SC_load_2022.csv"":""56e600c1b5d639790dd17be7808953eecba7b8a45b724d9511ef4c4f9c5df3b0"",""paper_data/manifests/eia860_2024_operable_capacity_manifest_wtk_bchrrr_nsrdb_2007_2023.csv"":""0fa5c58fb78444b05819997a71cc7afb03b570cb661d6245895da6aaf735e6b2"",""src/wxdata/load.py"":""df7c525bf214a69cf911ef74ade85560596075d865da5b4729ea34d8434c91fb"",""src/wxdata/load_settings.py"":""efa4071e89cfce6435f0cd2956e50d81d0f9cd009a9ef87e75d5608470c0343b""}","{""boundary"":""UTC start inclusive, end exclusive"",""centered"":true,""duplicate_timestamp"":""last input occurrence"",""group_by"":""BA local clock hour"",""interpolation"":""none"",""load_outlier_same_hour_deviation_fraction"":0.4,""load_outlier_same_hour_min_periods"":5,""load_outlier_same_hour_window_days"":7,""local_timezone"":""America/New_York"",""method"":""wxdata.load._clean_load_history"",""nonfinite_and_nonpositive"":""excluded"",""ties"":""earliest UTC exact maximum before rounding"",""window_basis"":""complete hourly calendar, missing hours retained as NaN""}","[""SC""]",147,119,America/New_York,,5342.0,2022-12-24T14:00:00Z,1,available,
ba,SCEG,observed,4800.0,2022-06-13T21:00:00Z,1,35064,35018,46,False,2019-01-01T00:00:00Z,2023-01-01T00:00:00Z,"[""configs/ba/all_bas_2007_2023_eia930_load_actuals.yaml"",""eia930/SCEG_load_2019.csv"",""eia930/SCEG_load_2020.csv"",""eia930/SCEG_load_2021.csv"",""eia930/SCEG_load_2022.csv"",""paper_data/manifests/eia860_2024_operable_capacity_manifest_wtk_bchrrr_nsrdb_2007_2023.csv"",""src/wxdata/load.py"",""src/wxdata/load_settings.py""]","{""configs/ba/all_bas_2007_2023_eia930_load_actuals.yaml"":""27dd570ea03850845d928e57b5e85db6843d141a611f16ce62ec776d2b7171a5"",""eia930/SCEG_load_2019.csv"":""b7e53b0f2658b05945155da6cd7db33817734ec5aa31f58596c2a80e87e8eb68"",""eia930/SCEG_load_2020.csv"":""1b3c46b1b8e015625cc09d5ffd1ec499bf22594bb246e84135bd2f1a9d7f4129"",""eia930/SCEG_load_2021.csv"":""3792782f426f1fbe53899d567ef00f1c1af193b5550d9522e570399b7c9b23b9"",""eia930/SCEG_load_2022.csv"":""b1dd6967085d826cefb304611219af9df0b611feb42af286ab99926e9c156358"",""paper_data/manifests/eia860_2024_operable_capacity_manifest_wtk_bchrrr_nsrdb_2007_2023.csv"":""0fa5c58fb78444b05819997a71cc7afb03b570cb661d6245895da6aaf735e6b2"",""src/wxdata/load.py"":""df7c525bf214a69cf911ef74ade85560596075d865da5b4729ea34d8434c91fb"",""src/wxdata/load_settings.py"":""efa4071e89cfce6435f0cd2956e50d81d0f9cd009a9ef87e75d5608470c0343b""}","{""boundary"":""UTC start inclusive, end exclusive"",""centered"":true,""duplicate_timestamp"":""last input occurrence"",""group_by"":""BA local clock hour"",""interpolation"":""none"",""load_outlier_same_hour_deviation_fraction"":0.4,""load_outlier_same_hour_min_periods"":5,""load_outlier_same_hour_window_days"":7,""local_timezone"":""America/New_York"",""method"":""wxdata.load._clean_load_history"",""nonfinite_and_nonpositive"":""excluded"",""ties"":""earliest UTC exact maximum before rounding"",""window_basis"":""complete hourly calendar, missing hours retained as NaN""}","[""SCEG""]",22,24,America/New_York,,4800.0,2022-06-13T21:00:00Z,1,available,
ba,SCL,observed,1906.0,2022-12-22T02:00:00Z,1,35064,35043,21,False,2019-01-01T00:00:00Z,2023-01-01T00:00:00Z,"[""configs/ba/all_bas_2007_2023_eia930_load_actuals.yaml"",""eia930/SCL_load_2019.csv"",""eia930/SCL_load_2020.csv"",""eia930/SCL_load_2021.csv"",""eia930/SCL_load_2022.csv"",""paper_data/manifests/eia860_2024_operable_capacity_manifest_wtk_bchrrr_nsrdb_2007_2023.csv"",""src/wxdata/load.py"",""src/wxdata/load_settings.py""]","{""configs/ba/all_bas_2007_2023_eia930_load_actuals.yaml"":""27dd570ea03850845d928e57b5e85db6843d141a611f16ce62ec776d2b7171a5"",""eia930/SCL_load_2019.csv"":""e0ba085445a80678b75fe9daa42ba49a77e5f26d1110dc2115ed2753d091476d"",""eia930/SCL_load_2020.csv"":""f3030208cbc290bbe217754d269eb62e73bcaf9d72bae7c78d2d8b3985fcfeb9"",""eia930/SCL_load_2021.csv"":""e42d13aae1d0fd46cce03bacba3a0b1e9814a7854fb728fe4f3e42e6419b9763"",""eia930/SCL_load_2022.csv"":""537904e0907dd4268e80dedab9f69d96c88fb1a70907b0a2d066fbbde9c24137"",""paper_data/manifests/eia860_2024_operable_capacity_manifest_wtk_bchrrr_nsrdb_2007_2023.csv"":""0fa5c58fb78444b05819997a71cc7afb03b570cb661d6245895da6aaf735e6b2"",""src/wxdata/load.py"":""df7c525bf214a69cf911ef74ade85560596075d865da5b4729ea34d8434c91fb"",""src/wxdata/load_settings.py"":""efa4071e89cfce6435f0cd2956e50d81d0f9cd009a9ef87e75d5608470c0343b""}","{""boundary"":""UTC start inclusive, end exclusive"",""centered"":true,""duplicate_timestamp"":""last input occurrence"",""group_by"":""BA local clock hour"",""interpolation"":""none"",""load_outlier_same_hour_deviation_fraction"":0.4,""load_outlier_same_hour_min_periods"":5,""load_outlier_same_hour_window_days"":7,""local_timezone"":""America/Los_Angeles"",""method"":""wxdata.load._clean_load_history"",""nonfinite_and_nonpositive"":""excluded"",""ties"":""earliest UTC exact maximum before rounding"",""window_basis"":""complete hourly calendar, missing hours retained as NaN""}","[""SCL""]",15,6,America/Los_Angeles,,1906.0,2022-12-22T02:00:00Z,1,available,
ba,SEC,observed,1070.0,2020-09-16T21:00:00Z,1,35064,24585,10479,False,2019-01-01T00:00:00Z,2023-01-01T00:00:00Z,"[""configs/ba/all_bas_2007_2023_eia930_load_actuals.yaml"",""eia930/SEC_load_2019.csv"",""eia930/SEC_load_2020.csv"",""eia930/SEC_load_2021.csv"",""eia930/SEC_load_2022.csv"",""paper_data/manifests/eia860_2024_operable_capacity_manifest_wtk_bchrrr_nsrdb_2007_2023.csv"",""src/wxdata/load.py"",""src/wxdata/load_settings.py""]","{""configs/ba/all_bas_2007_2023_eia930_load_actuals.yaml"":""27dd570ea03850845d928e57b5e85db6843d141a611f16ce62ec776d2b7171a5"",""eia930/SEC_load_2019.csv"":""bda5bc94549bb835462477318f757950ffb37321baaa1cfdfc71e5c095a64a86"",""eia930/SEC_load_2020.csv"":""14fd3c701e495a3fbbe4d0679389403f0b635b83bd9759c8827a4ee646d214c4"",""eia930/SEC_load_2021.csv"":""faf40a8e9810147e0f92678fb28dea7464d1747d3ca04fe3509d46862023da4b"",""eia930/SEC_load_2022.csv"":""5e4bb1acbc08504c9b7cc30787da4e82722d8f09788d04c7192cbf24ae8e3997"",""paper_data/manifests/eia860_2024_operable_capacity_manifest_wtk_bchrrr_nsrdb_2007_2023.csv"":""0fa5c58fb78444b05819997a71cc7afb03b570cb661d6245895da6aaf735e6b2"",""src/wxdata/load.py"":""df7c525bf214a69cf911ef74ade85560596075d865da5b4729ea34d8434c91fb"",""src/wxdata/load_settings.py"":""efa4071e89cfce6435f0cd2956e50d81d0f9cd009a9ef87e75d5608470c0343b""}","{""boundary"":""UTC start inclusive, end exclusive"",""centered"":true,""duplicate_timestamp"":""last input occurrence"",""group_by"":""BA local clock hour"",""interpolation"":""none"",""load_outlier_same_hour_deviation_fraction"":0.4,""load_outlier_same_hour_min_periods"":5,""load_outlier_same_hour_window_days"":7,""local_timezone"":""America/New_York"",""method"":""wxdata.load._clean_load_history"",""nonfinite_and_nonpositive"":""excluded"",""reviewed_observation_exclusion_count"":5,""reviewed_observation_exclusions"":[{""action"":""exclude after existing screen, before pool aggregation"",""entity_id"":""SEC"",""original_value_mw"":9497.0,""reason"":""Reviewed isolated positive reporting spike between -403 and -386 MW during a run of invalid negative observations."",""time_utc"":""2019-04-09T11:00:00Z""},{""action"":""exclude after existing screen, before pool aggregation"",""entity_id"":""SEC"",""original_value_mw"":9385.0,""reason"":""Reviewed isolated positive reporting spike between -471 and -477 MW during a run of invalid negative observations."",""time_utc"":""2019-04-14T01:00:00Z""},{""action"":""exclude after existing screen, before pool aggregation"",""entity_id"":""SEC"",""original_value_mw"":9729.0,""reason"":""Reviewed isolated positive reporting spike between -145 and -229 MW during a run of invalid negative observations."",""time_utc"":""2019-05-06T04:00:00Z""},{""action"":""exclude after existing screen, before pool aggregation"",""entity_id"":""SEC"",""original_value_mw"":2656.0,""reason"":""Reviewed isolated positive reporting spike between -981 and -342 MW during a run of invalid negative observations."",""time_utc"":""2019-06-10T21:00:00Z""},{""action"":""exclude after existing screen, before pool aggregation"",""entity_id"":""SEC"",""original_value_mw"":9777.0,""reason"":""Reviewed isolated positive reporting spike between -256 and -319 MW; the other 23 observations that UTC day are negative."",""time_utc"":""2019-08-04T04:00:00Z""}],""ties"":""earliest UTC exact maximum before rounding"",""window_basis"":""complete hourly calendar, missing hours retained as NaN""}","[""SEC""]",3101,7373,America/New_York,,9777.0,2019-08-04T04:00:00Z,1,reviewed_best_estimate,"Best estimate from the maximum retained EIA-930 BA observation after additional review of reporting anomalies. Incomplete coverage limits this to the available screened observations. This cached SEC BA series should not be treated as an independently verified Seminole utility-wide member-load peak; reporting coverage and series scale vary substantially by year."
ba,SEPA,observed,,,0,35064,0,35064,False,2019-01-01T00:00:00Z,2023-01-01T00:00:00Z,"[""configs/ba/all_bas_2007_2023_eia930_load_actuals.yaml"",""paper_data/manifests/eia860_2024_operable_capacity_manifest_wtk_bchrrr_nsrdb_2007_2023.csv"",""src/wxdata/load.py"",""src/wxdata/load_settings.py""]","{""configs/ba/all_bas_2007_2023_eia930_load_actuals.yaml"":""27dd570ea03850845d928e57b5e85db6843d141a611f16ce62ec776d2b7171a5"",""paper_data/manifests/eia860_2024_operable_capacity_manifest_wtk_bchrrr_nsrdb_2007_2023.csv"":""0fa5c58fb78444b05819997a71cc7afb03b570cb661d6245895da6aaf735e6b2"",""src/wxdata/load.py"":""df7c525bf214a69cf911ef74ade85560596075d865da5b4729ea34d8434c91fb"",""src/wxdata/load_settings.py"":""efa4071e89cfce6435f0cd2956e50d81d0f9cd009a9ef87e75d5608470c0343b""}","{""availability"":""No released load product for this resource-only entity"",""boundary"":""UTC start inclusive, end exclusive"",""centered"":true,""duplicate_timestamp"":""last input occurrence"",""group_by"":""BA local clock hour"",""interpolation"":""none"",""load_outlier_same_hour_deviation_fraction"":0.4,""load_outlier_same_hour_min_periods"":5,""load_outlier_same_hour_window_days"":7,""local_timezone"":"""",""method"":""wxdata.load._clean_load_history"",""nonfinite_and_nonpositive"":""excluded"",""ties"":""earliest UTC exact maximum before rounding"",""window_basis"":""complete hourly calendar, missing hours retained as NaN""}",[],0,0,,,,,0,unavailable,
ba,SOCO,observed,48073.0,2022-06-15T21:00:00Z,1,35064,35025,39,False,2019-01-01T00:00:00Z,2023-01-01T00:00:00Z,"[""configs/ba/all_bas_2007_2023_eia930_load_actuals.yaml"",""eia930/SOCO_load_2019.csv"",""eia930/SOCO_load_2020.csv"",""eia930/SOCO_load_2021.csv"",""eia930/SOCO_load_2022.csv"",""paper_data/manifests/eia860_2024_operable_capacity_manifest_wtk_bchrrr_nsrdb_2007_2023.csv"",""src/wxdata/load.py"",""src/wxdata/load_settings.py""]","{""configs/ba/all_bas_2007_2023_eia930_load_actuals.yaml"":""27dd570ea03850845d928e57b5e85db6843d141a611f16ce62ec776d2b7171a5"",""eia930/SOCO_load_2019.csv"":""60352360b6900eca4e8b2c57cc83c96ac12e10e021e161e251d7bb63e7bfde6f"",""eia930/SOCO_load_2020.csv"":""0e711e3b13e969677ee72ba0fcfb37e3d5a458083226dec138a5f03058b12e55"",""eia930/SOCO_load_2021.csv"":""4beff7b2b210aef2e6254841dd47ea8304a3f733232e2fdf075fd2148a2e44c4"",""eia930/SOCO_load_2022.csv"":""96d03afd140283721e5dae4f76558f678c9bf9efbc8f9f1d4f2effea29898d4e"",""paper_data/manifests/eia860_2024_operable_capacity_manifest_wtk_bchrrr_nsrdb_2007_2023.csv"":""0fa5c58fb78444b05819997a71cc7afb03b570cb661d6245895da6aaf735e6b2"",""src/wxdata/load.py"":""df7c525bf214a69cf911ef74ade85560596075d865da5b4729ea34d8434c91fb"",""src/wxdata/load_settings.py"":""efa4071e89cfce6435f0cd2956e50d81d0f9cd009a9ef87e75d5608470c0343b""}","{""boundary"":""UTC start inclusive, end exclusive"",""centered"":true,""duplicate_timestamp"":""last input occurrence"",""group_by"":""BA local clock hour"",""interpolation"":""none"",""load_outlier_same_hour_deviation_fraction"":0.4,""load_outlier_same_hour_min_periods"":5,""load_outlier_same_hour_window_days"":7,""local_timezone"":""America/New_York"",""method"":""wxdata.load._clean_load_history"",""nonfinite_and_nonpositive"":""excluded"",""ties"":""earliest UTC exact maximum before rounding"",""window_basis"":""complete hourly calendar, missing hours retained as NaN""}","[""SOCO""]",14,25,America/New_York,,48073.0,2022-06-15T21:00:00Z,1,available,
ba,SPA,observed,154.0,2022-06-16T03:00:00Z,1,35064,34675,389,False,2019-01-01T00:00:00Z,2023-01-01T00:00:00Z,"[""configs/ba/all_bas_2007_2023_eia930_load_actuals.yaml"",""eia930/SPA_load_2019.csv"",""eia930/SPA_load_2020.csv"",""eia930/SPA_load_2021.csv"",""eia930/SPA_load_2022.csv"",""paper_data/manifests/eia860_2024_operable_capacity_manifest_wtk_bchrrr_nsrdb_2007_2023.csv"",""src/wxdata/load.py"",""src/wxdata/load_settings.py""]","{""configs/ba/all_bas_2007_2023_eia930_load_actuals.yaml"":""27dd570ea03850845d928e57b5e85db6843d141a611f16ce62ec776d2b7171a5"",""eia930/SPA_load_2019.csv"":""d1e70c9c6a6179d18f83e004bbb033d3d946aa26559cd3beb59e9d411987c872"",""eia930/SPA_load_2020.csv"":""bdada921ef3b74aec223cc56d17e9b6d081b0382765b3da2b83bb872365acb63"",""eia930/SPA_load_2021.csv"":""7971e3b8c2203cfcb0ecd197f6f07ff6740e260dc59161e3869dab9d98836337"",""eia930/SPA_load_2022.csv"":""bb8207f44383ab07502c62d6bd77584ac2a493580e67c4ce38f2d529277f5691"",""paper_data/manifests/eia860_2024_operable_capacity_manifest_wtk_bchrrr_nsrdb_2007_2023.csv"":""0fa5c58fb78444b05819997a71cc7afb03b570cb661d6245895da6aaf735e6b2"",""src/wxdata/load.py"":""df7c525bf214a69cf911ef74ade85560596075d865da5b4729ea34d8434c91fb"",""src/wxdata/load_settings.py"":""efa4071e89cfce6435f0cd2956e50d81d0f9cd009a9ef87e75d5608470c0343b""}","{""boundary"":""UTC start inclusive, end exclusive"",""centered"":true,""duplicate_timestamp"":""last input occurrence"",""group_by"":""BA local clock hour"",""interpolation"":""none"",""load_outlier_same_hour_deviation_fraction"":0.4,""load_outlier_same_hour_min_periods"":5,""load_outlier_same_hour_window_days"":7,""local_timezone"":""America/Chicago"",""method"":""wxdata.load._clean_load_history"",""nonfinite_and_nonpositive"":""excluded"",""ties"":""earliest UTC exact maximum before rounding"",""window_basis"":""complete hourly calendar, missing hours retained as NaN""}","[""SPA""]",217,172,America/Chicago,,154.0,2022-06-16T03:00:00Z,1,available,
ba,SRP,observed,7714.0,2020-07-13T01:00:00Z,1,35064,34856,208,False,2019-01-01T00:00:00Z,2023-01-01T00:00:00Z,"[""configs/ba/all_bas_2007_2023_eia930_load_actuals.yaml"",""eia930/SRP_load_2019.csv"",""eia930/SRP_load_2020.csv"",""eia930/SRP_load_2021.csv"",""eia930/SRP_load_2022.csv"",""paper_data/manifests/eia860_2024_operable_capacity_manifest_wtk_bchrrr_nsrdb_2007_2023.csv"",""src/wxdata/load.py"",""src/wxdata/load_settings.py""]","{""configs/ba/all_bas_2007_2023_eia930_load_actuals.yaml"":""27dd570ea03850845d928e57b5e85db6843d141a611f16ce62ec776d2b7171a5"",""eia930/SRP_load_2019.csv"":""90e1819827987a906d855fbdec06584c2f33851b94320e40d6f7044cf147dee7"",""eia930/SRP_load_2020.csv"":""e2ff6b8a788d93e07d51921188fd52f56c677efd3d3b5862bee7ba0dacba744d"",""eia930/SRP_load_2021.csv"":""8ad138c7555578d3efa2e4c630453ea1b6f6e68c0cafa2f4122c30f017488161"",""eia930/SRP_load_2022.csv"":""7a9d62bf07aa08714b813ab2809328905ba25bac1617c8768a31f3908541f1ef"",""paper_data/manifests/eia860_2024_operable_capacity_manifest_wtk_bchrrr_nsrdb_2007_2023.csv"":""0fa5c58fb78444b05819997a71cc7afb03b570cb661d6245895da6aaf735e6b2"",""src/wxdata/load.py"":""df7c525bf214a69cf911ef74ade85560596075d865da5b4729ea34d8434c91fb"",""src/wxdata/load_settings.py"":""efa4071e89cfce6435f0cd2956e50d81d0f9cd009a9ef87e75d5608470c0343b""}","{""boundary"":""UTC start inclusive, end exclusive"",""centered"":true,""duplicate_timestamp"":""last input occurrence"",""group_by"":""BA local clock hour"",""interpolation"":""none"",""load_outlier_same_hour_deviation_fraction"":0.4,""load_outlier_same_hour_min_periods"":5,""load_outlier_same_hour_window_days"":7,""local_timezone"":""America/Phoenix"",""method"":""wxdata.load._clean_load_history"",""nonfinite_and_nonpositive"":""excluded"",""ties"":""earliest UTC exact maximum before rounding"",""window_basis"":""complete hourly calendar, missing hours retained as NaN""}","[""SRP""]",13,195,America/Phoenix,,7714.0,2020-07-13T01:00:00Z,1,available,
ba,SWPP,observed,53016.0,2022-07-19T22:00:00Z,1,35064,35062,2,False,2019-01-01T00:00:00Z,2023-01-01T00:00:00Z,"[""configs/ba/all_bas_2007_2023_eia930_load_actuals.yaml"",""eia930/SWPP_load_2019.csv"",""eia930/SWPP_load_2020.csv"",""eia930/SWPP_load_2021.csv"",""eia930/SWPP_load_2022.csv"",""paper_data/manifests/eia860_2024_operable_capacity_manifest_wtk_bchrrr_nsrdb_2007_2023.csv"",""src/wxdata/load.py"",""src/wxdata/load_settings.py""]","{""configs/ba/all_bas_2007_2023_eia930_load_actuals.yaml"":""27dd570ea03850845d928e57b5e85db6843d141a611f16ce62ec776d2b7171a5"",""eia930/SWPP_load_2019.csv"":""6d15a32a29a494344f41a763c79cc533a22c74fbda12472865a459d45ec55682"",""eia930/SWPP_load_2020.csv"":""d71620fd7ddddd149085608d088650bea72cc80518cb5499c49cf37fed5dfe34"",""eia930/SWPP_load_2021.csv"":""722c402d479cce39a24cddc43753f723f213cdf51f961054c62f47b5257c2040"",""eia930/SWPP_load_2022.csv"":""f81234c02288c35e67ac728d4fc01a2303e75a3106847daed73e9531f3d08223"",""paper_data/manifests/eia860_2024_operable_capacity_manifest_wtk_bchrrr_nsrdb_2007_2023.csv"":""0fa5c58fb78444b05819997a71cc7afb03b570cb661d6245895da6aaf735e6b2"",""src/wxdata/load.py"":""df7c525bf214a69cf911ef74ade85560596075d865da5b4729ea34d8434c91fb"",""src/wxdata/load_settings.py"":""efa4071e89cfce6435f0cd2956e50d81d0f9cd009a9ef87e75d5608470c0343b""}","{""boundary"":""UTC start inclusive, end exclusive"",""centered"":true,""duplicate_timestamp"":""last input occurrence"",""group_by"":""BA local clock hour"",""interpolation"":""none"",""load_outlier_same_hour_deviation_fraction"":0.4,""load_outlier_same_hour_min_periods"":5,""load_outlier_same_hour_window_days"":7,""local_timezone"":""America/Chicago"",""method"":""wxdata.load._clean_load_history"",""nonfinite_and_nonpositive"":""excluded"",""ties"":""earliest UTC exact maximum before rounding"",""window_basis"":""complete hourly calendar, missing hours retained as NaN""}","[""SWPP""]",1,1,America/Chicago,,53016.0,2022-07-19T22:00:00Z,1,available,
ba,TAL,observed,616.0,2019-08-14T20:00:00Z,1,35064,34132,932,False,2019-01-01T00:00:00Z,2023-01-01T00:00:00Z,"[""configs/ba/all_bas_2007_2023_eia930_load_actuals.yaml"",""eia930/TAL_load_2019.csv"",""eia930/TAL_load_2020.csv"",""eia930/TAL_load_2021.csv"",""eia930/TAL_load_2022.csv"",""paper_data/manifests/eia860_2024_operable_capacity_manifest_wtk_bchrrr_nsrdb_2007_2023.csv"",""src/wxdata/load.py"",""src/wxdata/load_settings.py""]","{""configs/ba/all_bas_2007_2023_eia930_load_actuals.yaml"":""27dd570ea03850845d928e57b5e85db6843d141a611f16ce62ec776d2b7171a5"",""eia930/TAL_load_2019.csv"":""7113182e1389de5e5f7cf2d4a590b1101b6c9def0540ec9d942ee25dd30359aa"",""eia930/TAL_load_2020.csv"":""43887b1589b9d137f6b9e4f34382ecc34fb98668804b517e952995c1ed7bc3f1"",""eia930/TAL_load_2021.csv"":""b6ba46a13c2120fb2a75c9fecf04cf4ec0a7d8200e9b3661a21785ead82ecb4b"",""eia930/TAL_load_2022.csv"":""32094a4c508c93cfc341900de411d1dfa44ac8e54c59a8e6592e55223d2580d3"",""paper_data/manifests/eia860_2024_operable_capacity_manifest_wtk_bchrrr_nsrdb_2007_2023.csv"":""0fa5c58fb78444b05819997a71cc7afb03b570cb661d6245895da6aaf735e6b2"",""src/wxdata/load.py"":""df7c525bf214a69cf911ef74ade85560596075d865da5b4729ea34d8434c91fb"",""src/wxdata/load_settings.py"":""efa4071e89cfce6435f0cd2956e50d81d0f9cd009a9ef87e75d5608470c0343b""}","{""boundary"":""UTC start inclusive, end exclusive"",""centered"":true,""duplicate_timestamp"":""last input occurrence"",""group_by"":""BA local clock hour"",""interpolation"":""none"",""load_outlier_same_hour_deviation_fraction"":0.4,""load_outlier_same_hour_min_periods"":5,""load_outlier_same_hour_window_days"":7,""local_timezone"":""America/New_York"",""method"":""wxdata.load._clean_load_history"",""nonfinite_and_nonpositive"":""excluded"",""ties"":""earliest UTC exact maximum before rounding"",""window_basis"":""complete hourly calendar, missing hours retained as NaN""}","[""TAL""]",212,720,America/New_York,,616.0,2019-08-14T20:00:00Z,1,available,
ba,TEC,observed,4485.0,2021-08-18T22:00:00Z,1,35064,34886,178,False,2019-01-01T00:00:00Z,2023-01-01T00:00:00Z,"[""configs/ba/all_bas_2007_2023_eia930_load_actuals.yaml"",""eia930/TEC_load_2019.csv"",""eia930/TEC_load_2020.csv"",""eia930/TEC_load_2021.csv"",""eia930/TEC_load_2022.csv"",""paper_data/manifests/eia860_2024_operable_capacity_manifest_wtk_bchrrr_nsrdb_2007_2023.csv"",""src/wxdata/load.py"",""src/wxdata/load_settings.py""]","{""configs/ba/all_bas_2007_2023_eia930_load_actuals.yaml"":""27dd570ea03850845d928e57b5e85db6843d141a611f16ce62ec776d2b7171a5"",""eia930/TEC_load_2019.csv"":""5fc6353a0457699c81a7efdbea4fcaf068bc77435fe63636e37843a95a92c197"",""eia930/TEC_load_2020.csv"":""ccd3d691a43ff792a22ffaff3983d60e015a1f7c8d6a626bf8da34a1b9054521"",""eia930/TEC_load_2021.csv"":""7ea16765eb17b00aa258ab82800079e4564324ecf2acf6ab1f3beddf3eb25a4b"",""eia930/TEC_load_2022.csv"":""a4e36eeafcf895e78d5718b66b33394740559de3b8ddba7b0e5e4a74eaa2daca"",""paper_data/manifests/eia860_2024_operable_capacity_manifest_wtk_bchrrr_nsrdb_2007_2023.csv"":""0fa5c58fb78444b05819997a71cc7afb03b570cb661d6245895da6aaf735e6b2"",""src/wxdata/load.py"":""df7c525bf214a69cf911ef74ade85560596075d865da5b4729ea34d8434c91fb"",""src/wxdata/load_settings.py"":""efa4071e89cfce6435f0cd2956e50d81d0f9cd009a9ef87e75d5608470c0343b""}","{""boundary"":""UTC start inclusive, end exclusive"",""centered"":true,""duplicate_timestamp"":""last input occurrence"",""group_by"":""BA local clock hour"",""interpolation"":""none"",""load_outlier_same_hour_deviation_fraction"":0.4,""load_outlier_same_hour_min_periods"":5,""load_outlier_same_hour_window_days"":7,""local_timezone"":""America/New_York"",""method"":""wxdata.load._clean_load_history"",""nonfinite_and_nonpositive"":""excluded"",""ties"":""earliest UTC exact maximum before rounding"",""window_basis"":""complete hourly calendar, missing hours retained as NaN""}","[""TEC""]",103,75,America/New_York,,4485.0,2021-08-18T22:00:00Z,1,available,
ba,TEPC,observed,4147.0,2020-07-12T00:00:00Z,1,35064,33928,1136,False,2019-01-01T00:00:00Z,2023-01-01T00:00:00Z,"[""configs/ba/all_bas_2007_2023_eia930_load_actuals.yaml"",""eia930/TEPC_load_2019.csv"",""eia930/TEPC_load_2020.csv"",""eia930/TEPC_load_2021.csv"",""eia930/TEPC_load_2022.csv"",""paper_data/manifests/eia860_2024_operable_capacity_manifest_wtk_bchrrr_nsrdb_2007_2023.csv"",""src/wxdata/load.py"",""src/wxdata/load_settings.py""]","{""configs/ba/all_bas_2007_2023_eia930_load_actuals.yaml"":""27dd570ea03850845d928e57b5e85db6843d141a611f16ce62ec776d2b7171a5"",""eia930/TEPC_load_2019.csv"":""8731b2bea48d990aa95f211e50d440e72ebf78fbdae71c0353878e5401ba03c6"",""eia930/TEPC_load_2020.csv"":""b864bcdee0fb39c8d524b8525cc98d2cc8cea0fe77b832fadd1c8a39fc47ce5e"",""eia930/TEPC_load_2021.csv"":""a4492dc093838eef01731e727065a81b108ea5c06614bc5a14e15bc1a7033e3a"",""eia930/TEPC_load_2022.csv"":""28fe53411b917137b17ddebdbcccb037e21c365f54880efb823ce19cd1e5a031"",""paper_data/manifests/eia860_2024_operable_capacity_manifest_wtk_bchrrr_nsrdb_2007_2023.csv"":""0fa5c58fb78444b05819997a71cc7afb03b570cb661d6245895da6aaf735e6b2"",""src/wxdata/load.py"":""df7c525bf214a69cf911ef74ade85560596075d865da5b4729ea34d8434c91fb"",""src/wxdata/load_settings.py"":""efa4071e89cfce6435f0cd2956e50d81d0f9cd009a9ef87e75d5608470c0343b""}","{""boundary"":""UTC start inclusive, end exclusive"",""centered"":true,""duplicate_timestamp"":""last input occurrence"",""group_by"":""BA local clock hour"",""interpolation"":""none"",""load_outlier_same_hour_deviation_fraction"":0.4,""load_outlier_same_hour_min_periods"":5,""load_outlier_same_hour_window_days"":7,""local_timezone"":""America/Phoenix"",""method"":""wxdata.load._clean_load_history"",""nonfinite_and_nonpositive"":""excluded"",""ties"":""earliest UTC exact maximum before rounding"",""window_basis"":""complete hourly calendar, missing hours retained as NaN""}","[""TEPC""]",268,868,America/Phoenix,,4147.0,2020-07-12T00:00:00Z,1,available,
ba,TIDC,observed,727.0,2022-09-07T01:00:00Z,1,35064,34721,343,False,2019-01-01T00:00:00Z,2023-01-01T00:00:00Z,"[""configs/ba/all_bas_2007_2023_eia930_load_actuals.yaml"",""eia930/TIDC_load_2019.csv"",""eia930/TIDC_load_2020.csv"",""eia930/TIDC_load_2021.csv"",""eia930/TIDC_load_2022.csv"",""paper_data/manifests/eia860_2024_operable_capacity_manifest_wtk_bchrrr_nsrdb_2007_2023.csv"",""src/wxdata/load.py"",""src/wxdata/load_settings.py""]","{""configs/ba/all_bas_2007_2023_eia930_load_actuals.yaml"":""27dd570ea03850845d928e57b5e85db6843d141a611f16ce62ec776d2b7171a5"",""eia930/TIDC_load_2019.csv"":""e2fef37ddc7b137db5d49d49ece3e8c6194b95fa6197f3967dfd9ac45afa1959"",""eia930/TIDC_load_2020.csv"":""caf1f30be9d664e6eba6633588b565ef72d6d601f4ccac7e2c0a6cdcf2bcd0dc"",""eia930/TIDC_load_2021.csv"":""715065d83eee6dd61495b3cf393531cf538c89805c0e394b6b18fa0378f58cb5"",""eia930/TIDC_load_2022.csv"":""0a59ed61bab25520e750ae5bb78492713e8143d2728ae40139da16f5991d6610"",""paper_data/manifests/eia860_2024_operable_capacity_manifest_wtk_bchrrr_nsrdb_2007_2023.csv"":""0fa5c58fb78444b05819997a71cc7afb03b570cb661d6245895da6aaf735e6b2"",""src/wxdata/load.py"":""df7c525bf214a69cf911ef74ade85560596075d865da5b4729ea34d8434c91fb"",""src/wxdata/load_settings.py"":""efa4071e89cfce6435f0cd2956e50d81d0f9cd009a9ef87e75d5608470c0343b""}","{""boundary"":""UTC start inclusive, end exclusive"",""centered"":true,""duplicate_timestamp"":""last input occurrence"",""group_by"":""BA local clock hour"",""interpolation"":""none"",""load_outlier_same_hour_deviation_fraction"":0.4,""load_outlier_same_hour_min_periods"":5,""load_outlier_same_hour_window_days"":7,""local_timezone"":""America/Los_Angeles"",""method"":""wxdata.load._clean_load_history"",""nonfinite_and_nonpositive"":""excluded"",""ties"":""earliest UTC exact maximum before rounding"",""window_basis"":""complete hourly calendar, missing hours retained as NaN""}","[""TIDC""]",26,317,America/Los_Angeles,,727.0,2022-09-07T01:00:00Z,1,available,
ba,TPWR,observed,973.0,2022-12-22T18:00:00Z,1,35064,35034,30,False,2019-01-01T00:00:00Z,2023-01-01T00:00:00Z,"[""configs/ba/all_bas_2007_2023_eia930_load_actuals.yaml"",""eia930/TPWR_load_2019.csv"",""eia930/TPWR_load_2020.csv"",""eia930/TPWR_load_2021.csv"",""eia930/TPWR_load_2022.csv"",""paper_data/manifests/eia860_2024_operable_capacity_manifest_wtk_bchrrr_nsrdb_2007_2023.csv"",""src/wxdata/load.py"",""src/wxdata/load_settings.py""]","{""configs/ba/all_bas_2007_2023_eia930_load_actuals.yaml"":""27dd570ea03850845d928e57b5e85db6843d141a611f16ce62ec776d2b7171a5"",""eia930/TPWR_load_2019.csv"":""ce9e73ad16c57287e1de22a0fac46ebef08fbf77a5fad57209ef4783e6c33fc8"",""eia930/TPWR_load_2020.csv"":""0bb40d6c6687300eb22c4cd93e1180f200eb6b28c1d18fa6079de65aa3b6ca9a"",""eia930/TPWR_load_2021.csv"":""c503ae92ba314f160f25f65ecd3a35020fad0c60832718df1483f561b186f994"",""eia930/TPWR_load_2022.csv"":""2166351f895cf4105dd57b90d53c51a4fb89e221df5a74417d72a679a87d4489"",""paper_data/manifests/eia860_2024_operable_capacity_manifest_wtk_bchrrr_nsrdb_2007_2023.csv"":""0fa5c58fb78444b05819997a71cc7afb03b570cb661d6245895da6aaf735e6b2"",""src/wxdata/load.py"":""df7c525bf214a69cf911ef74ade85560596075d865da5b4729ea34d8434c91fb"",""src/wxdata/load_settings.py"":""efa4071e89cfce6435f0cd2956e50d81d0f9cd009a9ef87e75d5608470c0343b""}","{""boundary"":""UTC start inclusive, end exclusive"",""centered"":true,""duplicate_timestamp"":""last input occurrence"",""group_by"":""BA local clock hour"",""interpolation"":""none"",""load_outlier_same_hour_deviation_fraction"":0.4,""load_outlier_same_hour_min_periods"":5,""load_outlier_same_hour_window_days"":7,""local_timezone"":""America/Los_Angeles"",""method"":""wxdata.load._clean_load_history"",""nonfinite_and_nonpositive"":""excluded"",""ties"":""earliest UTC exact maximum before rounding"",""window_basis"":""complete hourly calendar, missing hours retained as NaN""}","[""TPWR""]",28,2,America/Los_Angeles,,973.0,2022-12-22T18:00:00Z,1,available,
ba,TVA,observed,33225.0,2022-12-24T02:00:00Z,1,35064,34902,162,False,2019-01-01T00:00:00Z,2023-01-01T00:00:00Z,"[""configs/ba/all_bas_2007_2023_eia930_load_actuals.yaml"",""eia930/TVA_load_2019.csv"",""eia930/TVA_load_2020.csv"",""eia930/TVA_load_2021.csv"",""eia930/TVA_load_2022.csv"",""paper_data/manifests/eia860_2024_operable_capacity_manifest_wtk_bchrrr_nsrdb_2007_2023.csv"",""src/wxdata/load.py"",""src/wxdata/load_settings.py""]","{""configs/ba/all_bas_2007_2023_eia930_load_actuals.yaml"":""27dd570ea03850845d928e57b5e85db6843d141a611f16ce62ec776d2b7171a5"",""eia930/TVA_load_2019.csv"":""1b4f0d54a13da4cafcedcc5a42eccd0c5ca3ee69cee51595aad8a8a67cef3044"",""eia930/TVA_load_2020.csv"":""5a13720921c3972e67f714f60e76bb705683c44100d88315d6f7f65d1fda6955"",""eia930/TVA_load_2021.csv"":""9d32145b323c0c1b99c9824daa1f11ba959d30b4cda77b57969875aa8b5679a4"",""eia930/TVA_load_2022.csv"":""c4902e7b653e6de2cd320d1730e55159757232dcfacee2de119af268034f86ae"",""paper_data/manifests/eia860_2024_operable_capacity_manifest_wtk_bchrrr_nsrdb_2007_2023.csv"":""0fa5c58fb78444b05819997a71cc7afb03b570cb661d6245895da6aaf735e6b2"",""src/wxdata/load.py"":""df7c525bf214a69cf911ef74ade85560596075d865da5b4729ea34d8434c91fb"",""src/wxdata/load_settings.py"":""efa4071e89cfce6435f0cd2956e50d81d0f9cd009a9ef87e75d5608470c0343b""}","{""boundary"":""UTC start inclusive, end exclusive"",""centered"":true,""duplicate_timestamp"":""last input occurrence"",""group_by"":""BA local clock hour"",""interpolation"":""none"",""load_outlier_same_hour_deviation_fraction"":0.4,""load_outlier_same_hour_min_periods"":5,""load_outlier_same_hour_window_days"":7,""local_timezone"":""America/Chicago"",""method"":""wxdata.load._clean_load_history"",""nonfinite_and_nonpositive"":""excluded"",""ties"":""earliest UTC exact maximum before rounding"",""window_basis"":""complete hourly calendar, missing hours retained as NaN""}","[""TVA""]",15,147,America/Chicago,,33225.0,2022-12-24T02:00:00Z,1,available,
ba,WACM,observed,4982.0,2022-09-07T00:00:00Z,1,35064,34974,90,False,2019-01-01T00:00:00Z,2023-01-01T00:00:00Z,"[""configs/ba/all_bas_2007_2023_eia930_load_actuals.yaml"",""eia930/WACM_load_2019.csv"",""eia930/WACM_load_2020.csv"",""eia930/WACM_load_2021.csv"",""eia930/WACM_load_2022.csv"",""paper_data/manifests/eia860_2024_operable_capacity_manifest_wtk_bchrrr_nsrdb_2007_2023.csv"",""src/wxdata/load.py"",""src/wxdata/load_settings.py""]","{""configs/ba/all_bas_2007_2023_eia930_load_actuals.yaml"":""27dd570ea03850845d928e57b5e85db6843d141a611f16ce62ec776d2b7171a5"",""eia930/WACM_load_2019.csv"":""5e3ca75406b5d59465c82f3c1490e46dc53f14c7a583c6737a25eba9aa8cc624"",""eia930/WACM_load_2020.csv"":""c719e99b2fba377a67f035cb741a8e3bebfb79db8f68435c9e3fca3c3c42434f"",""eia930/WACM_load_2021.csv"":""a872376790ef023647e983f6a79cd5251d6cd1eadf01284046f58e59b070c55f"",""eia930/WACM_load_2022.csv"":""c36957b0cef7b20429e59e2a21a0c6ea0aead095d6eead16e9d65177d7817646"",""paper_data/manifests/eia860_2024_operable_capacity_manifest_wtk_bchrrr_nsrdb_2007_2023.csv"":""0fa5c58fb78444b05819997a71cc7afb03b570cb661d6245895da6aaf735e6b2"",""src/wxdata/load.py"":""df7c525bf214a69cf911ef74ade85560596075d865da5b4729ea34d8434c91fb"",""src/wxdata/load_settings.py"":""efa4071e89cfce6435f0cd2956e50d81d0f9cd009a9ef87e75d5608470c0343b""}","{""boundary"":""UTC start inclusive, end exclusive"",""centered"":true,""duplicate_timestamp"":""last input occurrence"",""group_by"":""BA local clock hour"",""interpolation"":""none"",""load_outlier_same_hour_deviation_fraction"":0.4,""load_outlier_same_hour_min_periods"":5,""load_outlier_same_hour_window_days"":7,""local_timezone"":""America/Denver"",""method"":""wxdata.load._clean_load_history"",""nonfinite_and_nonpositive"":""excluded"",""ties"":""earliest UTC exact maximum before rounding"",""window_basis"":""complete hourly calendar, missing hours retained as NaN""}","[""WACM""]",49,41,America/Denver,,4982.0,2022-09-07T00:00:00Z,1,available,
ba,WALC,observed,2251.0,2020-08-28T00:00:00Z,1,35064,34989,75,False,2019-01-01T00:00:00Z,2023-01-01T00:00:00Z,"[""configs/ba/all_bas_2007_2023_eia930_load_actuals.yaml"",""eia930/WALC_load_2019.csv"",""eia930/WALC_load_2020.csv"",""eia930/WALC_load_2021.csv"",""eia930/WALC_load_2022.csv"",""paper_data/manifests/eia860_2024_operable_capacity_manifest_wtk_bchrrr_nsrdb_2007_2023.csv"",""src/wxdata/load.py"",""src/wxdata/load_settings.py""]","{""configs/ba/all_bas_2007_2023_eia930_load_actuals.yaml"":""27dd570ea03850845d928e57b5e85db6843d141a611f16ce62ec776d2b7171a5"",""eia930/WALC_load_2019.csv"":""79dfbb30baae5026bda121b683c0bf0e2d716dde935fd76afc4bd2782ade8c3c"",""eia930/WALC_load_2020.csv"":""afbc53f33504c9dc4dc3c302ec896dabb0c7cb5bdae5a3eb7982889a03f5b628"",""eia930/WALC_load_2021.csv"":""036527c26abcd182e0517bd82fed39cc82595b4a8da7a850dd27cff8e309e3d0"",""eia930/WALC_load_2022.csv"":""80f0958c39c027b7f5f8eb4b176187985735019f847542bbeab2cb9caba5f67a"",""paper_data/manifests/eia860_2024_operable_capacity_manifest_wtk_bchrrr_nsrdb_2007_2023.csv"":""0fa5c58fb78444b05819997a71cc7afb03b570cb661d6245895da6aaf735e6b2"",""src/wxdata/load.py"":""df7c525bf214a69cf911ef74ade85560596075d865da5b4729ea34d8434c91fb"",""src/wxdata/load_settings.py"":""efa4071e89cfce6435f0cd2956e50d81d0f9cd009a9ef87e75d5608470c0343b""}","{""boundary"":""UTC start inclusive, end exclusive"",""centered"":true,""duplicate_timestamp"":""last input occurrence"",""group_by"":""BA local clock hour"",""interpolation"":""none"",""load_outlier_same_hour_deviation_fraction"":0.4,""load_outlier_same_hour_min_periods"":5,""load_outlier_same_hour_window_days"":7,""local_timezone"":""America/Phoenix"",""method"":""wxdata.load._clean_load_history"",""nonfinite_and_nonpositive"":""excluded"",""ties"":""earliest UTC exact maximum before rounding"",""window_basis"":""complete hourly calendar, missing hours retained as NaN""}","[""WALC""]",24,51,America/Phoenix,,2251.0,2020-08-28T00:00:00Z,1,available,
ba,WAUW,observed,188.0,2021-07-02T21:00:00Z,2,35064,35042,22,False,2019-01-01T00:00:00Z,2023-01-01T00:00:00Z,"[""configs/ba/all_bas_2007_2023_eia930_load_actuals.yaml"",""eia930/WAUW_load_2019.csv"",""eia930/WAUW_load_2020.csv"",""eia930/WAUW_load_2021.csv"",""eia930/WAUW_load_2022.csv"",""paper_data/manifests/eia860_2024_operable_capacity_manifest_wtk_bchrrr_nsrdb_2007_2023.csv"",""src/wxdata/load.py"",""src/wxdata/load_settings.py""]","{""configs/ba/all_bas_2007_2023_eia930_load_actuals.yaml"":""27dd570ea03850845d928e57b5e85db6843d141a611f16ce62ec776d2b7171a5"",""eia930/WAUW_load_2019.csv"":""efb19ce70b467f0e63622646186ee301f4f86279cff57127decc48d5a82cdd32"",""eia930/WAUW_load_2020.csv"":""a8ac31bbff0b02e14698b6f5b3afe95e51e63e637222f7828a91eabc1270559a"",""eia930/WAUW_load_2021.csv"":""61e1582b830fac542e087c9804538475153fe864e5a02e8caaaf5ff1327c57ba"",""eia930/WAUW_load_2022.csv"":""30cdfe3fc44eef2778db11218abc8b599d7844a6b813029576d0a31f31e454ed"",""paper_data/manifests/eia860_2024_operable_capacity_manifest_wtk_bchrrr_nsrdb_2007_2023.csv"":""0fa5c58fb78444b05819997a71cc7afb03b570cb661d6245895da6aaf735e6b2"",""src/wxdata/load.py"":""df7c525bf214a69cf911ef74ade85560596075d865da5b4729ea34d8434c91fb"",""src/wxdata/load_settings.py"":""efa4071e89cfce6435f0cd2956e50d81d0f9cd009a9ef87e75d5608470c0343b""}","{""boundary"":""UTC start inclusive, end exclusive"",""centered"":true,""duplicate_timestamp"":""last input occurrence"",""group_by"":""BA local clock hour"",""interpolation"":""none"",""load_outlier_same_hour_deviation_fraction"":0.4,""load_outlier_same_hour_min_periods"":5,""load_outlier_same_hour_window_days"":7,""local_timezone"":""America/Denver"",""method"":""wxdata.load._clean_load_history"",""nonfinite_and_nonpositive"":""excluded"",""ties"":""earliest UTC exact maximum before rounding"",""window_basis"":""complete hourly calendar, missing hours retained as NaN""}","[""WAUW""]",15,7,America/Denver,,188.0,2021-07-02T21:00:00Z,2,available,
ba,WWA,observed,,,0,35064,0,35064,False,2019-01-01T00:00:00Z,2023-01-01T00:00:00Z,"[""configs/ba/all_bas_2007_2023_eia930_load_actuals.yaml"",""paper_data/manifests/eia860_2024_operable_capacity_manifest_wtk_bchrrr_nsrdb_2007_2023.csv"",""src/wxdata/load.py"",""src/wxdata/load_settings.py""]","{""configs/ba/all_bas_2007_2023_eia930_load_actuals.yaml"":""27dd570ea03850845d928e57b5e85db6843d141a611f16ce62ec776d2b7171a5"",""paper_data/manifests/eia860_2024_operable_capacity_manifest_wtk_bchrrr_nsrdb_2007_2023.csv"":""0fa5c58fb78444b05819997a71cc7afb03b570cb661d6245895da6aaf735e6b2"",""src/wxdata/load.py"":""df7c525bf214a69cf911ef74ade85560596075d865da5b4729ea34d8434c91fb"",""src/wxdata/load_settings.py"":""efa4071e89cfce6435f0cd2956e50d81d0f9cd009a9ef87e75d5608470c0343b""}","{""availability"":""No released load product for this resource-only entity"",""boundary"":""UTC start inclusive, end exclusive"",""centered"":true,""duplicate_timestamp"":""last input occurrence"",""group_by"":""BA local clock hour"",""interpolation"":""none"",""load_outlier_same_hour_deviation_fraction"":0.4,""load_outlier_same_hour_min_periods"":5,""load_outlier_same_hour_window_days"":7,""local_timezone"":"""",""method"":""wxdata.load._clean_load_history"",""nonfinite_and_nonpositive"":""excluded"",""ties"":""earliest UTC exact maximum before rounding"",""window_basis"":""complete hourly calendar, missing hours retained as NaN""}",[],0,0,,,,,0,unavailable,
pool,MISO_NCA,observed,87910.0,2019-07-19T21:00:00Z,1,35064,35052,12,False,2019-01-01T00:00:00Z,2023-01-01T00:00:00Z,"[""configs/ba/all_bas_2007_2023_eia930_load_actuals.yaml"",""configs/pool/standard_pools_2007_2023.yaml"",""eia930/MISO_0001_load_2019.csv"",""eia930/MISO_0001_load_2020.csv"",""eia930/MISO_0001_load_2021.csv"",""eia930/MISO_0001_load_2022.csv"",""eia930/MISO_0004_load_2019.csv"",""eia930/MISO_0004_load_2020.csv"",""eia930/MISO_0004_load_2021.csv"",""eia930/MISO_0004_load_2022.csv"",""eia930/MISO_0006_load_2019.csv"",""eia930/MISO_0006_load_2020.csv"",""eia930/MISO_0006_load_2021.csv"",""eia930/MISO_0006_load_2022.csv"",""eia930/MISO_0027_load_2019.csv"",""eia930/MISO_0027_load_2020.csv"",""eia930/MISO_0027_load_2021.csv"",""eia930/MISO_0027_load_2022.csv"",""eia930/MISO_0035_load_2019.csv"",""eia930/MISO_0035_load_2020.csv"",""eia930/MISO_0035_load_2021.csv"",""eia930/MISO_0035_load_2022.csv"",""paper_data/manifests/eia860_2024_operable_capacity_manifest_wtk_bchrrr_nsrdb_2007_2023.csv"",""src/wxdata/load.py"",""src/wxdata/load_settings.py""]","{""configs/ba/all_bas_2007_2023_eia930_load_actuals.yaml"":""27dd570ea03850845d928e57b5e85db6843d141a611f16ce62ec776d2b7171a5"",""configs/pool/standard_pools_2007_2023.yaml"":""49b9ffd897cc69f34b62c0b70b12bf7934da880d15012cda8f5b0e2d19c0e767"",""eia930/MISO_0001_load_2019.csv"":""6872f16c9f1b86ba560ceb7a8c06cabc54f665ff4062e5c63e885b5c28601d9b"",""eia930/MISO_0001_load_2020.csv"":""0c12d1e1be550845f69e39ced28ef48fb97b6b8e55e9035df1a465630aca7781"",""eia930/MISO_0001_load_2021.csv"":""d3444aa76b9f9208acc9c13abf40d8221cab57359ad7023359e1e1effdaa32d0"",""eia930/MISO_0001_load_2022.csv"":""0f94ffab2abcdbf340c669b8c1b35d2e273c1dd56cfed3ce04ae4bdcf1c3d913"",""eia930/MISO_0004_load_2019.csv"":""5aad8b8a0a4897c7c80a14135350f5f08816fb5b28a9856011fad103bdcdf3ac"",""eia930/MISO_0004_load_2020.csv"":""09338964756d84817466daba06e93bfd8df94d058917fb8336e39fa6ca2ac9eb"",""eia930/MISO_0004_load_2021.csv"":""0b1cc294ec9d82d0dadb47f25d4a1cb93cd0a4c946c82e200a19be97c4ad4a4e"",""eia930/MISO_0004_load_2022.csv"":""afb96609ecb222cf0235c404cce76dd197454ca9b321d09a8a06d2919e5c5d85"",""eia930/MISO_0006_load_2019.csv"":""f51d807fa9298f090aeb06aa3ecdfc6252973e2b4c1261dbbe2088d5467a10b0"",""eia930/MISO_0006_load_2020.csv"":""b15e69d082937d60b9ce1b00e46a07e9845f3b6dcf5ec469f5e9a8716ff42f9a"",""eia930/MISO_0006_load_2021.csv"":""8303293efc9ae50c36fb957d9f8d843d4cec15fb0dcb138af7de11d486c00a9c"",""eia930/MISO_0006_load_2022.csv"":""827108fd173ebf0bf5592c3f89e77116af02a31854e9ea6626ba4107b95570c5"",""eia930/MISO_0027_load_2019.csv"":""7d66f054328a709572083c4311fda67f2d9a1ff61ee3ddce8a6d7c5f70512808"",""eia930/MISO_0027_load_2020.csv"":""b5397f766d1bb62c1958332ba647115821bfe03511b9be70862a1dc99cd036fe"",""eia930/MISO_0027_load_2021.csv"":""254d0db853a21a55bc5b2fcea22576144aa3efe1ee624b7b69f26542d7e4ca51"",""eia930/MISO_0027_load_2022.csv"":""cf6337a10487ddd05c8dac6004e937e5f46d73a60b05010e3bfba2274dc39db3"",""eia930/MISO_0035_load_2019.csv"":""c5da0bae0ace949d849c363b22d022fe9f00bec6c86542ac7f40cb3a7785b080"",""eia930/MISO_0035_load_2020.csv"":""d076cfd9ba2dce87914a91d1326365d2bfcac3eef8da37b0415e131580141038"",""eia930/MISO_0035_load_2021.csv"":""107979dbb882bee2269d99294067978b251e489f216b6712a62c74bd0d786a1d"",""eia930/MISO_0035_load_2022.csv"":""31cf944880503d49d00d7fa986848938f9c61f6eb311b8729e521475c2d0941b"",""paper_data/manifests/eia860_2024_operable_capacity_manifest_wtk_bchrrr_nsrdb_2007_2023.csv"":""0fa5c58fb78444b05819997a71cc7afb03b570cb661d6245895da6aaf735e6b2"",""src/wxdata/load.py"":""df7c525bf214a69cf911ef74ade85560596075d865da5b4729ea34d8434c91fb"",""src/wxdata/load_settings.py"":""efa4071e89cfce6435f0cd2956e50d81d0f9cd009a9ef87e75d5608470c0343b""}","{""aggregation"":""sum only when every load-bearing member is valid"",""boundary"":""UTC start inclusive, end exclusive"",""centered"":true,""count_basis"":""invalid and screened counts are member-hours; coverage counts are pool-hours"",""duplicate_timestamp"":""last input occurrence"",""group_by"":""BA local clock hour"",""interpolation"":""none"",""load_outlier_same_hour_deviation_fraction"":0.4,""load_outlier_same_hour_min_periods"":5,""load_outlier_same_hour_window_days"":7,""member_timezones"":{""MISO_0001"":""America/Chicago"",""MISO_0004"":""America/Chicago"",""MISO_0006"":""America/New_York"",""MISO_0027"":""America/New_York"",""MISO_0035"":""America/Chicago""},""method"":""wxdata.load._clean_load_history"",""nonfinite_and_nonpositive"":""excluded"",""ties"":""earliest UTC exact maximum before rounding"",""window_basis"":""complete hourly calendar, missing hours retained as NaN""}","[""MISO_0001"",""MISO_0004"",""MISO_0006"",""MISO_0027"",""MISO_0035""]",1,55,per member,,87910.0,2019-07-19T21:00:00Z,1,available,
pool,MISO_SA,observed,31548.0,2022-06-22T22:00:00Z,1,35064,35050,14,False,2019-01-01T00:00:00Z,2023-01-01T00:00:00Z,"[""configs/ba/all_bas_2007_2023_eia930_load_actuals.yaml"",""configs/pool/standard_pools_2007_2023.yaml"",""eia930/MISO_8910_load_2019.csv"",""eia930/MISO_8910_load_2020.csv"",""eia930/MISO_8910_load_2021.csv"",""eia930/MISO_8910_load_2022.csv"",""paper_data/manifests/eia860_2024_operable_capacity_manifest_wtk_bchrrr_nsrdb_2007_2023.csv"",""src/wxdata/load.py"",""src/wxdata/load_settings.py""]","{""configs/ba/all_bas_2007_2023_eia930_load_actuals.yaml"":""27dd570ea03850845d928e57b5e85db6843d141a611f16ce62ec776d2b7171a5"",""configs/pool/standard_pools_2007_2023.yaml"":""49b9ffd897cc69f34b62c0b70b12bf7934da880d15012cda8f5b0e2d19c0e767"",""eia930/MISO_8910_load_2019.csv"":""13f574c9e7b5e5f919ef9801e3a1f2186015927d21254cf6d86bbbc1691f3ebf"",""eia930/MISO_8910_load_2020.csv"":""b806a8510dad3cfbecfadd5909fd0d622e153f4e1197965d3e2f71d3aebe4529"",""eia930/MISO_8910_load_2021.csv"":""cbcbe09e2d58d1c0066a27e7c773a302ac068fd69bdf952e20925fcf22be32bd"",""eia930/MISO_8910_load_2022.csv"":""1d581293cc01d567da6fc2e263791d7cf606dbaada7b366bbdee2d3842a73744"",""paper_data/manifests/eia860_2024_operable_capacity_manifest_wtk_bchrrr_nsrdb_2007_2023.csv"":""0fa5c58fb78444b05819997a71cc7afb03b570cb661d6245895da6aaf735e6b2"",""src/wxdata/load.py"":""df7c525bf214a69cf911ef74ade85560596075d865da5b4729ea34d8434c91fb"",""src/wxdata/load_settings.py"":""efa4071e89cfce6435f0cd2956e50d81d0f9cd009a9ef87e75d5608470c0343b""}","{""aggregation"":""sum only when every load-bearing member is valid"",""boundary"":""UTC start inclusive, end exclusive"",""centered"":true,""count_basis"":""invalid and screened counts are member-hours; coverage counts are pool-hours"",""duplicate_timestamp"":""last input occurrence"",""group_by"":""BA local clock hour"",""interpolation"":""none"",""load_outlier_same_hour_deviation_fraction"":0.4,""load_outlier_same_hour_min_periods"":5,""load_outlier_same_hour_window_days"":7,""member_timezones"":{""MISO_8910"":""America/Chicago""},""method"":""wxdata.load._clean_load_history"",""nonfinite_and_nonpositive"":""excluded"",""ties"":""earliest UTC exact maximum before rounding"",""window_basis"":""complete hourly calendar, missing hours retained as NaN""}","[""MISO_8910""]",3,11,per member,,31548.0,2022-06-22T22:00:00Z,1,available,
pool,MISO_SUBREGION_SUM,observed,116500.0,2019-07-19T21:00:00Z,1,35064,35049,15,False,2019-01-01T00:00:00Z,2023-01-01T00:00:00Z,"[""configs/ba/all_bas_2007_2023_eia930_load_actuals.yaml"",""configs/pool/standard_pools_2007_2023.yaml"",""eia930/MISO_0001_load_2019.csv"",""eia930/MISO_0001_load_2020.csv"",""eia930/MISO_0001_load_2021.csv"",""eia930/MISO_0001_load_2022.csv"",""eia930/MISO_0004_load_2019.csv"",""eia930/MISO_0004_load_2020.csv"",""eia930/MISO_0004_load_2021.csv"",""eia930/MISO_0004_load_2022.csv"",""eia930/MISO_0006_load_2019.csv"",""eia930/MISO_0006_load_2020.csv"",""eia930/MISO_0006_load_2021.csv"",""eia930/MISO_0006_load_2022.csv"",""eia930/MISO_0027_load_2019.csv"",""eia930/MISO_0027_load_2020.csv"",""eia930/MISO_0027_load_2021.csv"",""eia930/MISO_0027_load_2022.csv"",""eia930/MISO_0035_load_2019.csv"",""eia930/MISO_0035_load_2020.csv"",""eia930/MISO_0035_load_2021.csv"",""eia930/MISO_0035_load_2022.csv"",""eia930/MISO_8910_load_2019.csv"",""eia930/MISO_8910_load_2020.csv"",""eia930/MISO_8910_load_2021.csv"",""eia930/MISO_8910_load_2022.csv"",""paper_data/manifests/eia860_2024_operable_capacity_manifest_wtk_bchrrr_nsrdb_2007_2023.csv"",""src/wxdata/load.py"",""src/wxdata/load_settings.py""]","{""configs/ba/all_bas_2007_2023_eia930_load_actuals.yaml"":""27dd570ea03850845d928e57b5e85db6843d141a611f16ce62ec776d2b7171a5"",""configs/pool/standard_pools_2007_2023.yaml"":""49b9ffd897cc69f34b62c0b70b12bf7934da880d15012cda8f5b0e2d19c0e767"",""eia930/MISO_0001_load_2019.csv"":""6872f16c9f1b86ba560ceb7a8c06cabc54f665ff4062e5c63e885b5c28601d9b"",""eia930/MISO_0001_load_2020.csv"":""0c12d1e1be550845f69e39ced28ef48fb97b6b8e55e9035df1a465630aca7781"",""eia930/MISO_0001_load_2021.csv"":""d3444aa76b9f9208acc9c13abf40d8221cab57359ad7023359e1e1effdaa32d0"",""eia930/MISO_0001_load_2022.csv"":""0f94ffab2abcdbf340c669b8c1b35d2e273c1dd56cfed3ce04ae4bdcf1c3d913"",""eia930/MISO_0004_load_2019.csv"":""5aad8b8a0a4897c7c80a14135350f5f08816fb5b28a9856011fad103bdcdf3ac"",""eia930/MISO_0004_load_2020.csv"":""09338964756d84817466daba06e93bfd8df94d058917fb8336e39fa6ca2ac9eb"",""eia930/MISO_0004_load_2021.csv"":""0b1cc294ec9d82d0dadb47f25d4a1cb93cd0a4c946c82e200a19be97c4ad4a4e"",""eia930/MISO_0004_load_2022.csv"":""afb96609ecb222cf0235c404cce76dd197454ca9b321d09a8a06d2919e5c5d85"",""eia930/MISO_0006_load_2019.csv"":""f51d807fa9298f090aeb06aa3ecdfc6252973e2b4c1261dbbe2088d5467a10b0"",""eia930/MISO_0006_load_2020.csv"":""b15e69d082937d60b9ce1b00e46a07e9845f3b6dcf5ec469f5e9a8716ff42f9a"",""eia930/MISO_0006_load_2021.csv"":""8303293efc9ae50c36fb957d9f8d843d4cec15fb0dcb138af7de11d486c00a9c"",""eia930/MISO_0006_load_2022.csv"":""827108fd173ebf0bf5592c3f89e77116af02a31854e9ea6626ba4107b95570c5"",""eia930/MISO_0027_load_2019.csv"":""7d66f054328a709572083c4311fda67f2d9a1ff61ee3ddce8a6d7c5f70512808"",""eia930/MISO_0027_load_2020.csv"":""b5397f766d1bb62c1958332ba647115821bfe03511b9be70862a1dc99cd036fe"",""eia930/MISO_0027_load_2021.csv"":""254d0db853a21a55bc5b2fcea22576144aa3efe1ee624b7b69f26542d7e4ca51"",""eia930/MISO_0027_load_2022.csv"":""cf6337a10487ddd05c8dac6004e937e5f46d73a60b05010e3bfba2274dc39db3"",""eia930/MISO_0035_load_2019.csv"":""c5da0bae0ace949d849c363b22d022fe9f00bec6c86542ac7f40cb3a7785b080"",""eia930/MISO_0035_load_2020.csv"":""d076cfd9ba2dce87914a91d1326365d2bfcac3eef8da37b0415e131580141038"",""eia930/MISO_0035_load_2021.csv"":""107979dbb882bee2269d99294067978b251e489f216b6712a62c74bd0d786a1d"",""eia930/MISO_0035_load_2022.csv"":""31cf944880503d49d00d7fa986848938f9c61f6eb311b8729e521475c2d0941b"",""eia930/MISO_8910_load_2019.csv"":""13f574c9e7b5e5f919ef9801e3a1f2186015927d21254cf6d86bbbc1691f3ebf"",""eia930/MISO_8910_load_2020.csv"":""b806a8510dad3cfbecfadd5909fd0d622e153f4e1197965d3e2f71d3aebe4529"",""eia930/MISO_8910_load_2021.csv"":""cbcbe09e2d58d1c0066a27e7c773a302ac068fd69bdf952e20925fcf22be32bd"",""eia930/MISO_8910_load_2022.csv"":""1d581293cc01d567da6fc2e263791d7cf606dbaada7b366bbdee2d3842a73744"",""paper_data/manifests/eia860_2024_operable_capacity_manifest_wtk_bchrrr_nsrdb_2007_2023.csv"":""0fa5c58fb78444b05819997a71cc7afb03b570cb661d6245895da6aaf735e6b2"",""src/wxdata/load.py"":""df7c525bf214a69cf911ef74ade85560596075d865da5b4729ea34d8434c91fb"",""src/wxdata/load_settings.py"":""efa4071e89cfce6435f0cd2956e50d81d0f9cd009a9ef87e75d5608470c0343b""}","{""aggregation"":""sum only when every load-bearing member is valid"",""boundary"":""UTC start inclusive, end exclusive"",""centered"":true,""count_basis"":""invalid and screened counts are member-hours; coverage counts are pool-hours"",""duplicate_timestamp"":""last input occurrence"",""group_by"":""BA local clock hour"",""interpolation"":""none"",""load_outlier_same_hour_deviation_fraction"":0.4,""load_outlier_same_hour_min_periods"":5,""load_outlier_same_hour_window_days"":7,""member_timezones"":{""MISO_0001"":""America/Chicago"",""MISO_0004"":""America/Chicago"",""MISO_0006"":""America/New_York"",""MISO_0027"":""America/New_York"",""MISO_0035"":""America/Chicago"",""MISO_8910"":""America/Chicago""},""method"":""wxdata.load._clean_load_history"",""nonfinite_and_nonpositive"":""excluded"",""ties"":""earliest UTC exact maximum before rounding"",""window_basis"":""complete hourly calendar, missing hours retained as NaN""}","[""MISO_0001"",""MISO_0004"",""MISO_0006"",""MISO_0027"",""MISO_0035"",""MISO_8910""]",4,66,per member,,116500.0,2019-07-19T21:00:00Z,1,available,
pool,ROE,observed,404728.0,2019-07-17T22:00:00Z,1,35064,1524,33540,False,2019-01-01T00:00:00Z,2023-01-01T00:00:00Z,"[""configs/ba/all_bas_2007_2023_eia930_load_actuals.yaml"",""configs/pool/standard_pools_2007_2023.yaml"",""eia930/AECI_load_2019.csv"",""eia930/AECI_load_2020.csv"",""eia930/AECI_load_2021.csv"",""eia930/AECI_load_2022.csv"",""eia930/AEC_load_2019.csv"",""eia930/AEC_load_2020.csv"",""eia930/AEC_load_2021.csv"",""eia930/AEC_load_2022.csv"",""eia930/CPLE_load_2019.csv"",""eia930/CPLE_load_2020.csv"",""eia930/CPLE_load_2021.csv"",""eia930/CPLE_load_2022.csv"",""eia930/DUK_load_2019.csv"",""eia930/DUK_load_2020.csv"",""eia930/DUK_load_2021.csv"",""eia930/DUK_load_2022.csv"",""eia930/FMPP_load_2019.csv"",""eia930/FMPP_load_2020.csv"",""eia930/FMPP_load_2021.csv"",""eia930/FMPP_load_2022.csv"",""eia930/FPC_load_2019.csv"",""eia930/FPC_load_2020.csv"",""eia930/FPC_load_2021.csv"",""eia930/FPC_load_2022.csv"",""eia930/FPL_load_2019.csv"",""eia930/FPL_load_2020.csv"",""eia930/FPL_load_2021.csv"",""eia930/FPL_load_2022.csv"",""eia930/GVL_load_2019.csv"",""eia930/GVL_load_2020.csv"",""eia930/GVL_load_2021.csv"",""eia930/GVL_load_2022.csv"",""eia930/HST_load_2019.csv"",""eia930/HST_load_2020.csv"",""eia930/HST_load_2021.csv"",""eia930/HST_load_2022.csv"",""eia930/ISNE_load_2019.csv"",""eia930/ISNE_load_2020.csv"",""eia930/ISNE_load_2021.csv"",""eia930/ISNE_load_2022.csv"",""eia930/JEA_load_2019.csv"",""eia930/JEA_load_2020.csv"",""eia930/JEA_load_2021.csv"",""eia930/JEA_load_2022.csv"",""eia930/LGEE_load_2019.csv"",""eia930/LGEE_load_2020.csv"",""eia930/LGEE_load_2021.csv"",""eia930/LGEE_load_2022.csv"",""eia930/NSB_load_2019.csv"",""eia930/NSB_load_2020.csv"",""eia930/NSB_load_2021.csv"",""eia930/NSB_load_2022.csv"",""eia930/NYIS_load_2019.csv"",""eia930/NYIS_load_2020.csv"",""eia930/NYIS_load_2021.csv"",""eia930/NYIS_load_2022.csv"",""eia930/PJM_load_2019.csv"",""eia930/PJM_load_2020.csv"",""eia930/PJM_load_2021.csv"",""eia930/PJM_load_2022.csv"",""eia930/SCEG_load_2019.csv"",""eia930/SCEG_load_2020.csv"",""eia930/SCEG_load_2021.csv"",""eia930/SCEG_load_2022.csv"",""eia930/SC_load_2019.csv"",""eia930/SC_load_2020.csv"",""eia930/SC_load_2021.csv"",""eia930/SC_load_2022.csv"",""eia930/SEC_load_2019.csv"",""eia930/SEC_load_2020.csv"",""eia930/SEC_load_2021.csv"",""eia930/SEC_load_2022.csv"",""eia930/SOCO_load_2019.csv"",""eia930/SOCO_load_2020.csv"",""eia930/SOCO_load_2021.csv"",""eia930/SOCO_load_2022.csv"",""eia930/SPA_load_2019.csv"",""eia930/SPA_load_2020.csv"",""eia930/SPA_load_2021.csv"",""eia930/SPA_load_2022.csv"",""eia930/SWPP_load_2019.csv"",""eia930/SWPP_load_2020.csv"",""eia930/SWPP_load_2021.csv"",""eia930/SWPP_load_2022.csv"",""eia930/TAL_load_2019.csv"",""eia930/TAL_load_2020.csv"",""eia930/TAL_load_2021.csv"",""eia930/TAL_load_2022.csv"",""eia930/TEC_load_2019.csv"",""eia930/TEC_load_2020.csv"",""eia930/TEC_load_2021.csv"",""eia930/TEC_load_2022.csv"",""eia930/TVA_load_2019.csv"",""eia930/TVA_load_2020.csv"",""eia930/TVA_load_2021.csv"",""eia930/TVA_load_2022.csv"",""paper_data/manifests/eia860_2024_operable_capacity_manifest_wtk_bchrrr_nsrdb_2007_2023.csv"",""src/wxdata/load.py"",""src/wxdata/load_settings.py""]","{""configs/ba/all_bas_2007_2023_eia930_load_actuals.yaml"":""27dd570ea03850845d928e57b5e85db6843d141a611f16ce62ec776d2b7171a5"",""configs/pool/standard_pools_2007_2023.yaml"":""49b9ffd897cc69f34b62c0b70b12bf7934da880d15012cda8f5b0e2d19c0e767"",""eia930/AECI_load_2019.csv"":""e4c4fc028e269f1f5831b2440e6f47200931ceb3a2c7684b1daaf636271b5e17"",""eia930/AECI_load_2020.csv"":""759d6da62e33f94bb84bde600ed6bc6069dcd7e736268e9a164c3063a8dd2005"",""eia930/AECI_load_2021.csv"":""7cd9e118a0d30af56d89004d38b01b025000faf95bf8b106d521b95d8148d28c"",""eia930/AECI_load_2022.csv"":""c630cff4dbcf0ba4974879320f80f63eb150832a895ab47897885f298f238b9e"",""eia930/AEC_load_2019.csv"":""2ff96a14bc5724a9fcbaddcfeeda3e70757d301dc55b09477fe068a87a0cd5cd"",""eia930/AEC_load_2020.csv"":""b36a526a52e67e157998aae7d93980e27f4208e00e1141786e30a57142d47c85"",""eia930/AEC_load_2021.csv"":""cb99adb519a90f1ad602de61b9a2759b4789701e52ac18a2664ef439d6034092"",""eia930/AEC_load_2022.csv"":""fc223048f42c4f37c11e4931f2f59ec177eb2abb5b179e1727d29223b079042f"",""eia930/CPLE_load_2019.csv"":""004a00dd91ce0aaf283271d46427b8bae5c0ed0e5bfcde327f58db2ee6f8bba5"",""eia930/CPLE_load_2020.csv"":""5527c257919770d4fd6e789c7d52cbf38b23b76762486429e43a97db22ceff27"",""eia930/CPLE_load_2021.csv"":""bc0547218d35f7da61eeaaea3aed0081488d381298712e533b30c5258c52f0e9"",""eia930/CPLE_load_2022.csv"":""7317e8e0faa457556663c52c210b41d3e3ee9ab6ba851d00233399415f0148e9"",""eia930/DUK_load_2019.csv"":""8e2a518d8dba98b7d4e944cfb843a90b4aecb8193449058f19625cd4595e4090"",""eia930/DUK_load_2020.csv"":""f7d51cdb3461f6cd1a8a0577cb4922c1c2313f4487b6d4ef0f492dfbb842d905"",""eia930/DUK_load_2021.csv"":""440a025221e31514e6a57da0522bf032447754a3842190143fc7680bc02dbbd8"",""eia930/DUK_load_2022.csv"":""aa15a6339f05da2aa751a074ebf4d16e2f1cdbd3661a34a0e49a15c8d9dbd792"",""eia930/FMPP_load_2019.csv"":""7aedc5a17994137a49fb053fa41d3f4f2fff24bd686924898c46852243860a8a"",""eia930/FMPP_load_2020.csv"":""70e8ce190bcf794ca39e034208267b35dd42e13a8585f32a342b971c94413858"",""eia930/FMPP_load_2021.csv"":""02b4524de6eeffe072260b1a89ffa78a04c8ee6cf34a94d40d48d6798be67cc6"",""eia930/FMPP_load_2022.csv"":""70e74b0972f312be31fee09749b798f9cd30c9bf4923b2d57122cb0bc08b8e10"",""eia930/FPC_load_2019.csv"":""cd8c249149f66f173b3864632980dd3105671a3496ae654ad2e82390a6359d2b"",""eia930/FPC_load_2020.csv"":""0770e4e676ff48bcae0d00bbc70fd6694feed69bbc694503ceb5144c84128ad6"",""eia930/FPC_load_2021.csv"":""a389866fc4b26719bcdc4ff2cde6588beb2e7ded7abd106f7547e25fda5adc5d"",""eia930/FPC_load_2022.csv"":""2f9dd98daa8c2e2adaa927372e7ae2dfd3d5d4f238c657c1315ebdbf65b66e0f"",""eia930/FPL_load_2019.csv"":""0b64e7de3c4fdc8ae565e3dbad131656848562b5719779e742edf3a577164a48"",""eia930/FPL_load_2020.csv"":""05104d50c5a7d85de9c4844b89557a3fca67e8a0c88ebbde1c26c878b8ee2c24"",""eia930/FPL_load_2021.csv"":""cc9ed6e8912a475b792adc615ca41e046682d1734deb6afb699f42324a98883a"",""eia930/FPL_load_2022.csv"":""b1df8a775f29e00b1c796e5a20f29060e19826cd705ae6708506050799e77d7f"",""eia930/GVL_load_2019.csv"":""cdb2d0f565215743f5c5efebb9e4fa7f5129cf03fd717e8beeebef83cbfae379"",""eia930/GVL_load_2020.csv"":""3cb9f23aed8c656d643505d698d2a5bd01d13e4ed593088f9541e7429235ff2e"",""eia930/GVL_load_2021.csv"":""e54bbb8f3e49db591d2b798f067bd85400b669199730e03f1891580ff8da0472"",""eia930/GVL_load_2022.csv"":""53f768b26ed701e43b814d3bcfc39a332c53e6bbc704a7c16d9226d982b7de1d"",""eia930/HST_load_2019.csv"":""afcb0aa7b1069d08536507e3eb31ccf3f4cf7cb107f23aef4be193fa965a86ea"",""eia930/HST_load_2020.csv"":""4152ccf467ab9f663a16b992ecb315bc9027e2131ccbb85b9986b6bf2f5751cc"",""eia930/HST_load_2021.csv"":""9ac1730609abf5b98e421b7a138edf080c83650bcc6837cf8e11082b30e756f6"",""eia930/HST_load_2022.csv"":""6e08c5b94f2c9ac38fb36a6eebb22b10cca7fe0ee4485d52b920c6e74a7807df"",""eia930/ISNE_load_2019.csv"":""58a07434c71ef376a2613910fec364b1eb3dad38d59fd24a68ddfb053cd99fcb"",""eia930/ISNE_load_2020.csv"":""493504da6e23d0991aca383fb052e492318fbd1bc75abd3eb79073969ac43c28"",""eia930/ISNE_load_2021.csv"":""685754cec8464b12a3d2f0ce20565fb15878880bf40fd27c9ab20fa6d4f902cd"",""eia930/ISNE_load_2022.csv"":""f627f504b53ed63950b41b6dd992509cb6cc48bcd08644ab471aabc633087fe6"",""eia930/JEA_load_2019.csv"":""319740a4cedb385441a42ca3fe893271fa313d68fbb56c0ce4bda110ea21daf0"",""eia930/JEA_load_2020.csv"":""57eb207ee1680ba4252923f405719d423ddaaa71b974a9a97bb777fa5ddd0121"",""eia930/JEA_load_2021.csv"":""9fb4da4892651328e7f6318fa7af5ce1e369ae1d47d7e44d1660d15524c4738f"",""eia930/JEA_load_2022.csv"":""3a2511d6c8c92619dc174532feb68d0412bfe3c0b4e9eda117392c5e7680b600"",""eia930/LGEE_load_2019.csv"":""b02e02b82742ea2edaf155cf5c69ba243665a6f51c3a6380b3ccfaf85d4a481c"",""eia930/LGEE_load_2020.csv"":""9a7c37d998ae14f73d7bfa921f29da821b63a2837a8e66de74b609994daf2c03"",""eia930/LGEE_load_2021.csv"":""819699ce646d2bbc79921f0883146b6960256ccaf2d08e0f1cada929861a4840"",""eia930/LGEE_load_2022.csv"":""0164ea1cba5f49400cf8ba0fa7fa6d42a0920881b81317262f342072ec8e6190"",""eia930/NSB_load_2019.csv"":""e551785a2ade3f211c55b8ab2be5fd914a65e9eef5e8ad4996299eba367e91d4"",""eia930/NSB_load_2020.csv"":""538921f82de7f6502fedf06a77aee31d5fb51d4dbc6ee0eda0dc1fa0cceddfc9"",""eia930/NSB_load_2021.csv"":""a48386fdaa2ae23e0e38ddf7a4cef11d4752dbd5ecafa62aee7e8ddd061ae8f4"",""eia930/NSB_load_2022.csv"":""fc223048f42c4f37c11e4931f2f59ec177eb2abb5b179e1727d29223b079042f"",""eia930/NYIS_load_2019.csv"":""efaed5678aec307c73d479a28ef6581984eb465d10386d9c85a13957f62b66a0"",""eia930/NYIS_load_2020.csv"":""5abcbe061c574f6d4cd7064c47677212d2f4b9b9865c72e290e76625597f02f5"",""eia930/NYIS_load_2021.csv"":""cf4e677525c06e03c8e7970eb8b11878a85df4b022b8376b04e413742e4d972c"",""eia930/NYIS_load_2022.csv"":""031f990de6661d4588cca71fc26ed36254fed91531fc6f3a77a50f3c083bfbb7"",""eia930/PJM_load_2019.csv"":""6ae9b9793611e840757d17d9bf858282c7e57d2ca71f344ec3d622b15a66f5dd"",""eia930/PJM_load_2020.csv"":""ee0675f8655b9be9111dca9749f5dda0d224104a969e65c9ad30d394161f201b"",""eia930/PJM_load_2021.csv"":""5cd6f5db370575400a192d60cf86f6cd50499928474c65ea3e3e596b9d0bbe16"",""eia930/PJM_load_2022.csv"":""4fb06f47632168a05d37e4b81b0e6e11b3082c5743075eb4163819d96db25b96"",""eia930/SCEG_load_2019.csv"":""b7e53b0f2658b05945155da6cd7db33817734ec5aa31f58596c2a80e87e8eb68"",""eia930/SCEG_load_2020.csv"":""1b3c46b1b8e015625cc09d5ffd1ec499bf22594bb246e84135bd2f1a9d7f4129"",""eia930/SCEG_load_2021.csv"":""3792782f426f1fbe53899d567ef00f1c1af193b5550d9522e570399b7c9b23b9"",""eia930/SCEG_load_2022.csv"":""b1dd6967085d826cefb304611219af9df0b611feb42af286ab99926e9c156358"",""eia930/SC_load_2019.csv"":""c05c731c45ce8fd56351dc0c6f65964d109e405fb7520bd7aa4f68c828e68c4a"",""eia930/SC_load_2020.csv"":""97c2e75ba99bacc793bfbc83b5ce1427cbf7e0e6406d4824b9c49d8be4860832"",""eia930/SC_load_2021.csv"":""c0102c4ef8c499888c21ddf14dfe76273525423e002bc9465ac7fd860f6c39c2"",""eia930/SC_load_2022.csv"":""56e600c1b5d639790dd17be7808953eecba7b8a45b724d9511ef4c4f9c5df3b0"",""eia930/SEC_load_2019.csv"":""bda5bc94549bb835462477318f757950ffb37321baaa1cfdfc71e5c095a64a86"",""eia930/SEC_load_2020.csv"":""14fd3c701e495a3fbbe4d0679389403f0b635b83bd9759c8827a4ee646d214c4"",""eia930/SEC_load_2021.csv"":""faf40a8e9810147e0f92678fb28dea7464d1747d3ca04fe3509d46862023da4b"",""eia930/SEC_load_2022.csv"":""5e4bb1acbc08504c9b7cc30787da4e82722d8f09788d04c7192cbf24ae8e3997"",""eia930/SOCO_load_2019.csv"":""60352360b6900eca4e8b2c57cc83c96ac12e10e021e161e251d7bb63e7bfde6f"",""eia930/SOCO_load_2020.csv"":""0e711e3b13e969677ee72ba0fcfb37e3d5a458083226dec138a5f03058b12e55"",""eia930/SOCO_load_2021.csv"":""4beff7b2b210aef2e6254841dd47ea8304a3f733232e2fdf075fd2148a2e44c4"",""eia930/SOCO_load_2022.csv"":""96d03afd140283721e5dae4f76558f678c9bf9efbc8f9f1d4f2effea29898d4e"",""eia930/SPA_load_2019.csv"":""d1e70c9c6a6179d18f83e004bbb033d3d946aa26559cd3beb59e9d411987c872"",""eia930/SPA_load_2020.csv"":""bdada921ef3b74aec223cc56d17e9b6d081b0382765b3da2b83bb872365acb63"",""eia930/SPA_load_2021.csv"":""7971e3b8c2203cfcb0ecd197f6f07ff6740e260dc59161e3869dab9d98836337"",""eia930/SPA_load_2022.csv"":""bb8207f44383ab07502c62d6bd77584ac2a493580e67c4ce38f2d529277f5691"",""eia930/SWPP_load_2019.csv"":""6d15a32a29a494344f41a763c79cc533a22c74fbda12472865a459d45ec55682"",""eia930/SWPP_load_2020.csv"":""d71620fd7ddddd149085608d088650bea72cc80518cb5499c49cf37fed5dfe34"",""eia930/SWPP_load_2021.csv"":""722c402d479cce39a24cddc43753f723f213cdf51f961054c62f47b5257c2040"",""eia930/SWPP_load_2022.csv"":""f81234c02288c35e67ac728d4fc01a2303e75a3106847daed73e9531f3d08223"",""eia930/TAL_load_2019.csv"":""7113182e1389de5e5f7cf2d4a590b1101b6c9def0540ec9d942ee25dd30359aa"",""eia930/TAL_load_2020.csv"":""43887b1589b9d137f6b9e4f34382ecc34fb98668804b517e952995c1ed7bc3f1"",""eia930/TAL_load_2021.csv"":""b6ba46a13c2120fb2a75c9fecf04cf4ec0a7d8200e9b3661a21785ead82ecb4b"",""eia930/TAL_load_2022.csv"":""32094a4c508c93cfc341900de411d1dfa44ac8e54c59a8e6592e55223d2580d3"",""eia930/TEC_load_2019.csv"":""5fc6353a0457699c81a7efdbea4fcaf068bc77435fe63636e37843a95a92c197"",""eia930/TEC_load_2020.csv"":""ccd3d691a43ff792a22ffaff3983d60e015a1f7c8d6a626bf8da34a1b9054521"",""eia930/TEC_load_2021.csv"":""7ea16765eb17b00aa258ab82800079e4564324ecf2acf6ab1f3beddf3eb25a4b"",""eia930/TEC_load_2022.csv"":""a4e36eeafcf895e78d5718b66b33394740559de3b8ddba7b0e5e4a74eaa2daca"",""eia930/TVA_load_2019.csv"":""1b4f0d54a13da4cafcedcc5a42eccd0c5ca3ee69cee51595aad8a8a67cef3044"",""eia930/TVA_load_2020.csv"":""5a13720921c3972e67f714f60e76bb705683c44100d88315d6f7f65d1fda6955"",""eia930/TVA_load_2021.csv"":""9d32145b323c0c1b99c9824daa1f11ba959d30b4cda77b57969875aa8b5679a4"",""eia930/TVA_load_2022.csv"":""c4902e7b653e6de2cd320d1730e55159757232dcfacee2de119af268034f86ae"",""paper_data/manifests/eia860_2024_operable_capacity_manifest_wtk_bchrrr_nsrdb_2007_2023.csv"":""0fa5c58fb78444b05819997a71cc7afb03b570cb661d6245895da6aaf735e6b2"",""src/wxdata/load.py"":""df7c525bf214a69cf911ef74ade85560596075d865da5b4729ea34d8434c91fb"",""src/wxdata/load_settings.py"":""efa4071e89cfce6435f0cd2956e50d81d0f9cd009a9ef87e75d5608470c0343b""}","{""aggregation"":""sum only when every load-bearing member is valid"",""boundary"":""UTC start inclusive, end exclusive"",""centered"":true,""count_basis"":""invalid and screened counts are member-hours; coverage counts are pool-hours"",""duplicate_timestamp"":""last input occurrence"",""group_by"":""BA local clock hour"",""interpolation"":""none"",""load_outlier_same_hour_deviation_fraction"":0.4,""load_outlier_same_hour_min_periods"":5,""load_outlier_same_hour_window_days"":7,""member_reviewed_observation_exclusions"":{""NSB"":[{""action"":""exclude after existing screen, before pool aggregation"",""entity_id"":""NSB"",""original_value_mw"":297.0,""reason"":""Reviewed isolated reporting spike between 30 and 37 MW, one of four spikes on the same local date."",""time_utc"":""2019-11-03T12:00:00Z""},{""action"":""exclude after existing screen, before pool aggregation"",""entity_id"":""NSB"",""original_value_mw"":233.0,""reason"":""Reviewed isolated reporting spike between 52 and 55 MW, one of four spikes on the same local date."",""time_utc"":""2019-11-03T17:00:00Z""},{""action"":""exclude after existing screen, before pool aggregation"",""entity_id"":""NSB"",""original_value_mw"":264.0,""reason"":""Reviewed isolated reporting spike between 51 and 52 MW, one of four spikes on the same local date."",""time_utc"":""2019-11-03T22:00:00Z""},{""action"":""exclude after existing screen, before pool aggregation"",""entity_id"":""NSB"",""original_value_mw"":281.0,""reason"":""Reviewed isolated reporting spike after 43 MW; the next hour is missing and the following observation is 33 MW, one of four spikes on the same local date."",""time_utc"":""2019-11-04T04:00:00Z""}],""PJM"":[{""action"":""exclude after existing screen, before pool aggregation"",""entity_id"":""PJM"",""evidence_url"":""https://www.pjm.com/-/media/DotCom/library/reports-notices/load-forecast/2021-load-report.pdf"",""original_value_mw"":176085.0,""reason"":""Reviewed reporting anomaly: 176,085 MW lies between 139,527 and 141,853 MW and exceeds PJM's reported 2020 metered peak of 144,283 MW. Its 27.1% deviation from the 138,522 MW same-hour median survives the existing 40% screen. Exclude this exact observation without imputation, retaining the original screened peak candidate."",""time_utc"":""2020-07-29T21:00:00Z""}],""SEC"":[{""action"":""exclude after existing screen, before pool aggregation"",""entity_id"":""SEC"",""original_value_mw"":9497.0,""reason"":""Reviewed isolated positive reporting spike between -403 and -386 MW during a run of invalid negative observations."",""time_utc"":""2019-04-09T11:00:00Z""},{""action"":""exclude after existing screen, before pool aggregation"",""entity_id"":""SEC"",""original_value_mw"":9385.0,""reason"":""Reviewed isolated positive reporting spike between -471 and -477 MW during a run of invalid negative observations."",""time_utc"":""2019-04-14T01:00:00Z""},{""action"":""exclude after existing screen, before pool aggregation"",""entity_id"":""SEC"",""original_value_mw"":9729.0,""reason"":""Reviewed isolated positive reporting spike between -145 and -229 MW during a run of invalid negative observations."",""time_utc"":""2019-05-06T04:00:00Z""},{""action"":""exclude after existing screen, before pool aggregation"",""entity_id"":""SEC"",""original_value_mw"":2656.0,""reason"":""Reviewed isolated positive reporting spike between -981 and -342 MW during a run of invalid negative observations."",""time_utc"":""2019-06-10T21:00:00Z""},{""action"":""exclude after existing screen, before pool aggregation"",""entity_id"":""SEC"",""original_value_mw"":9777.0,""reason"":""Reviewed isolated positive reporting spike between -256 and -319 MW; the other 23 observations that UTC day are negative."",""time_utc"":""2019-08-04T04:00:00Z""}]},""member_timezones"":{""AEC"":""America/Chicago"",""AECI"":""America/Chicago"",""CPLE"":""America/New_York"",""DUK"":""America/New_York"",""FMPP"":""America/New_York"",""FPC"":""America/New_York"",""FPL"":""America/New_York"",""GVL"":""America/New_York"",""HST"":""America/New_York"",""ISNE"":""America/New_York"",""JEA"":""America/New_York"",""LGEE"":""America/New_York"",""NSB"":""America/New_York"",""NYIS"":""America/New_York"",""PJM"":""America/New_York"",""SC"":""America/New_York"",""SCEG"":""America/New_York"",""SEC"":""America/New_York"",""SOCO"":""America/New_York"",""SPA"":""America/Chicago"",""SWPP"":""America/Chicago"",""TAL"":""America/New_York"",""TEC"":""America/New_York"",""TVA"":""America/Chicago""},""method"":""wxdata.load._clean_load_history"",""nonfinite_and_nonpositive"":""excluded"",""ties"":""earliest UTC exact maximum before rounding"",""window_basis"":""complete hourly calendar, missing hours retained as NaN""}","[""AEC"",""AECI"",""CPLE"",""DUK"",""FMPP"",""FPC"",""FPL"",""GVL"",""HST"",""ISNE"",""JEA"",""LGEE"",""NSB"",""NYIS"",""PJM"",""SC"",""SCEG"",""SEC"",""SOCO"",""SPA"",""SWPP"",""TAL"",""TEC"",""TVA""]",5250,49569,per member,,404728.0,2019-07-17T22:00:00Z,1,available,
pool,WECC,observed,143047.0,2022-09-07T01:00:00Z,1,35064,23034,12030,False,2019-01-01T00:00:00Z,2023-01-01T00:00:00Z,"[""configs/ba/all_bas_2007_2023_eia930_load_actuals.yaml"",""configs/pool/standard_pools_2007_2023.yaml"",""eia930/AVA_load_2019.csv"",""eia930/AVA_load_2020.csv"",""eia930/AVA_load_2021.csv"",""eia930/AVA_load_2022.csv"",""eia930/AZPS_load_2019.csv"",""eia930/AZPS_load_2020.csv"",""eia930/AZPS_load_2021.csv"",""eia930/AZPS_load_2022.csv"",""eia930/BANC_load_2019.csv"",""eia930/BANC_load_2020.csv"",""eia930/BANC_load_2021.csv"",""eia930/BANC_load_2022.csv"",""eia930/BPAT_load_2019.csv"",""eia930/BPAT_load_2020.csv"",""eia930/BPAT_load_2021.csv"",""eia930/BPAT_load_2022.csv"",""eia930/CHPD_load_2019.csv"",""eia930/CHPD_load_2020.csv"",""eia930/CHPD_load_2021.csv"",""eia930/CHPD_load_2022.csv"",""eia930/CISO_load_2019.csv"",""eia930/CISO_load_2020.csv"",""eia930/CISO_load_2021.csv"",""eia930/CISO_load_2022.csv"",""eia930/DOPD_load_2019.csv"",""eia930/DOPD_load_2020.csv"",""eia930/DOPD_load_2021.csv"",""eia930/DOPD_load_2022.csv"",""eia930/EPE_load_2019.csv"",""eia930/EPE_load_2020.csv"",""eia930/EPE_load_2021.csv"",""eia930/EPE_load_2022.csv"",""eia930/GCPD_load_2019.csv"",""eia930/GCPD_load_2020.csv"",""eia930/GCPD_load_2021.csv"",""eia930/GCPD_load_2022.csv"",""eia930/IID_load_2019.csv"",""eia930/IID_load_2020.csv"",""eia930/IID_load_2021.csv"",""eia930/IID_load_2022.csv"",""eia930/IPCO_load_2019.csv"",""eia930/IPCO_load_2020.csv"",""eia930/IPCO_load_2021.csv"",""eia930/IPCO_load_2022.csv"",""eia930/LDWP_load_2019.csv"",""eia930/LDWP_load_2020.csv"",""eia930/LDWP_load_2021.csv"",""eia930/LDWP_load_2022.csv"",""eia930/NEVP_load_2019.csv"",""eia930/NEVP_load_2020.csv"",""eia930/NEVP_load_2021.csv"",""eia930/NEVP_load_2022.csv"",""eia930/NWMT_load_2019.csv"",""eia930/NWMT_load_2020.csv"",""eia930/NWMT_load_2021.csv"",""eia930/NWMT_load_2022.csv"",""eia930/PACE_load_2019.csv"",""eia930/PACE_load_2020.csv"",""eia930/PACE_load_2021.csv"",""eia930/PACE_load_2022.csv"",""eia930/PACW_load_2019.csv"",""eia930/PACW_load_2020.csv"",""eia930/PACW_load_2021.csv"",""eia930/PACW_load_2022.csv"",""eia930/PGE_load_2019.csv"",""eia930/PGE_load_2020.csv"",""eia930/PGE_load_2021.csv"",""eia930/PGE_load_2022.csv"",""eia930/PNM_load_2019.csv"",""eia930/PNM_load_2020.csv"",""eia930/PNM_load_2021.csv"",""eia930/PNM_load_2022.csv"",""eia930/PSCO_load_2019.csv"",""eia930/PSCO_load_2020.csv"",""eia930/PSCO_load_2021.csv"",""eia930/PSCO_load_2022.csv"",""eia930/PSEI_load_2019.csv"",""eia930/PSEI_load_2020.csv"",""eia930/PSEI_load_2021.csv"",""eia930/PSEI_load_2022.csv"",""eia930/SCL_load_2019.csv"",""eia930/SCL_load_2020.csv"",""eia930/SCL_load_2021.csv"",""eia930/SCL_load_2022.csv"",""eia930/SRP_load_2019.csv"",""eia930/SRP_load_2020.csv"",""eia930/SRP_load_2021.csv"",""eia930/SRP_load_2022.csv"",""eia930/TEPC_load_2019.csv"",""eia930/TEPC_load_2020.csv"",""eia930/TEPC_load_2021.csv"",""eia930/TEPC_load_2022.csv"",""eia930/TIDC_load_2019.csv"",""eia930/TIDC_load_2020.csv"",""eia930/TIDC_load_2021.csv"",""eia930/TIDC_load_2022.csv"",""eia930/TPWR_load_2019.csv"",""eia930/TPWR_load_2020.csv"",""eia930/TPWR_load_2021.csv"",""eia930/TPWR_load_2022.csv"",""eia930/WACM_load_2019.csv"",""eia930/WACM_load_2020.csv"",""eia930/WACM_load_2021.csv"",""eia930/WACM_load_2022.csv"",""eia930/WALC_load_2019.csv"",""eia930/WALC_load_2020.csv"",""eia930/WALC_load_2021.csv"",""eia930/WALC_load_2022.csv"",""eia930/WAUW_load_2019.csv"",""eia930/WAUW_load_2020.csv"",""eia930/WAUW_load_2021.csv"",""eia930/WAUW_load_2022.csv"",""paper_data/manifests/eia860_2024_operable_capacity_manifest_wtk_bchrrr_nsrdb_2007_2023.csv"",""src/wxdata/load.py"",""src/wxdata/load_settings.py""]","{""configs/ba/all_bas_2007_2023_eia930_load_actuals.yaml"":""27dd570ea03850845d928e57b5e85db6843d141a611f16ce62ec776d2b7171a5"",""configs/pool/standard_pools_2007_2023.yaml"":""49b9ffd897cc69f34b62c0b70b12bf7934da880d15012cda8f5b0e2d19c0e767"",""eia930/AVA_load_2019.csv"":""fcf4605f285d65019e32bcf8a2a0be5fcbdd5161377a3082d6d0ffc3dfec8f78"",""eia930/AVA_load_2020.csv"":""38b045adedfc5fa6d00dec7416e7f3d8b3c22d807739ebd1ad6449865bbc4592"",""eia930/AVA_load_2021.csv"":""90f59c14c53ab333833874cb22eb2580758b9832bb3d742355a4b80c8e10709f"",""eia930/AVA_load_2022.csv"":""ba949387c71c03e3592dee8365bf73003088464bfad33bdb73f904ea28f39d91"",""eia930/AZPS_load_2019.csv"":""4053fa87d58fb1f707b2394cb9e4f6610d8520e8d66b75267a99dcab5b8a0503"",""eia930/AZPS_load_2020.csv"":""8ed677e8421d5e966d4df0f8302f93c69f6deae8dfc96015ea4e49c44510ddec"",""eia930/AZPS_load_2021.csv"":""7af7fba177aaa8efc1c578a9bc7e35fc01495b2656018c0070c486f6a1c96eea"",""eia930/AZPS_load_2022.csv"":""c1d61f3d7542819a2e2b1d65888d4f6ad216addca6c778a27cf2acec063438c5"",""eia930/BANC_load_2019.csv"":""b98e8715bc8ddc3a6aece7dbc26e4338130422dbf77018e0ecc313d4b6a50298"",""eia930/BANC_load_2020.csv"":""a07d6efef2ddcef49c422154da30fb3cf5412012d26b122361128c3aa4ab00e0"",""eia930/BANC_load_2021.csv"":""110c139318210bb582fafd31c302a9c90c60f574d87a3532f397a3a1f322ed46"",""eia930/BANC_load_2022.csv"":""0ae3e5f5fce44f71464c23ee15c8f7e27a8d1cb9cae5491184bdf68d2b63481a"",""eia930/BPAT_load_2019.csv"":""cbcab0ec047ee162873ff10e56919d6fe9ded868b109e8698e9d2a5d928ce000"",""eia930/BPAT_load_2020.csv"":""92fd0c37b83c28031a8cc5ebd6074d904996e79c9c5ff02a2e64ef7f065acfc5"",""eia930/BPAT_load_2021.csv"":""7dbfcfe5824281fdd54577be48b0838905ba24c68d1fc375ab35b5a4286226ae"",""eia930/BPAT_load_2022.csv"":""eb5102ba1b6304bb25019ee71cc981b13ec7604c19e590c0d98e7c25973de2dc"",""eia930/CHPD_load_2019.csv"":""fe1a462fcc2b5d471cdddf1818f6cc0e4e9d4f5f237ca2fe83368e9a5e45b9d0"",""eia930/CHPD_load_2020.csv"":""cd08365bdf728074217228ac6c0bb66e11d46c5b1a1930e6804bc125dc0b7c4f"",""eia930/CHPD_load_2021.csv"":""902ae7c37ecf0724896816df210d4a7035ea7a8f45fd75e64bba17f22b4d8abc"",""eia930/CHPD_load_2022.csv"":""3dd5ee87863b8aa983480b7872723441a7f148c13191761775fa4680df35a774"",""eia930/CISO_load_2019.csv"":""fd5d862459166b72a8eb535ed59e7969deaf3bed64321682fcaee3935e96bf3e"",""eia930/CISO_load_2020.csv"":""42cd0f2237525b2e2c60cf3f5da0df0c54e81c2c96d92bd00a1852332be2282a"",""eia930/CISO_load_2021.csv"":""debae4cb41560c7f2aabdba9e901f3bcbb74dd7b473404755c6f65fc6cc44160"",""eia930/CISO_load_2022.csv"":""8a733ffebb0e1fea74c6274130b15ef25c537cb1ed59f2351dc36362b9b9cb79"",""eia930/DOPD_load_2019.csv"":""ea3e4e3968816421298774b606e0e7c8bf3d4e92de9cca8fa059b3dd164c5d73"",""eia930/DOPD_load_2020.csv"":""5021bd01b63f10ebf130da01e4798151e0ddd928fff8d42fb7fddd3e057224b0"",""eia930/DOPD_load_2021.csv"":""cc9b958c32bf8c9c443957b0cab99529f3e276f00f9a0f8d044bdc80bac6ad71"",""eia930/DOPD_load_2022.csv"":""67954cb93f9f9affc9a40f8a6a1257b18d278edd7d5a6419e7eb8a2cefe3f1d1"",""eia930/EPE_load_2019.csv"":""d6e00b6a810ec1411e844122f9ada47ff718f29db5733ea835e35ef0e3641097"",""eia930/EPE_load_2020.csv"":""e32c23600ba8a90feb41708488865091b3aa91b6573f0f419db797b62ef69b2f"",""eia930/EPE_load_2021.csv"":""cca1b8cd26242b3ce28a53c7115c49104757cac27a1a49cdeb008363e374f5aa"",""eia930/EPE_load_2022.csv"":""8b9ce9c0b730041ded1da3a944c8afa17572bb672dff16cf48c26d351232e241"",""eia930/GCPD_load_2019.csv"":""f6657315c5a83e20c280f67f480dcf4b4bb5177151b182bf85fea3c26c707633"",""eia930/GCPD_load_2020.csv"":""76dbc68e2c03ba3e95dcf83130bc22ae16cdcb22b3f88764673ae424cf6462d6"",""eia930/GCPD_load_2021.csv"":""d7dc48a13656481e30c17af912a0062dae1120b1735578578099003d0dcd7849"",""eia930/GCPD_load_2022.csv"":""7e4462f86f548db1ea4f9c2e27e6309431f3dc2e92973e2c36c0b48813240e85"",""eia930/IID_load_2019.csv"":""e3619fe39718fcfa7605f12e44035ab86f6b05540ab64c1ead2dcf314d407920"",""eia930/IID_load_2020.csv"":""910afb102ff4d73f0290144af6512a0bc46403ba665813e3cd95635f820a3cd8"",""eia930/IID_load_2021.csv"":""024bc81ece995a68a6552edb531473f6f6a047a6223b262291f0aad0d139ea9b"",""eia930/IID_load_2022.csv"":""013aa56c68b770c3feec8bd0a35f54750064b0cc4d4592ea41f83a7c1bf0c53f"",""eia930/IPCO_load_2019.csv"":""dfb1f3c1baf8f062893c9f7cb86ea1b8f1672843af230f8debadfd37be6d3d0b"",""eia930/IPCO_load_2020.csv"":""819cbfcbf03ec5109c9a3f120d830b7f608c29f681d8da1da10d0934a843add3"",""eia930/IPCO_load_2021.csv"":""1f9d146af9683135558bdd3703400a7268a815f32e517b6fad00e97368a702d4"",""eia930/IPCO_load_2022.csv"":""8265f842c798c008d0b86f354cfa0f6d8a69a35d6ea0f53c73886d767d707033"",""eia930/LDWP_load_2019.csv"":""c38ae74e31ad3795fb8545879b33aaf6d8b4c89af28bd3ebc023f19539b44e4a"",""eia930/LDWP_load_2020.csv"":""f49fe907341219e917cb2b6caa5e85baca48a23c3b5577733ad92a0fe230bda1"",""eia930/LDWP_load_2021.csv"":""c1d7ab3733d5f97cab0576f87dab84ee8ac901191ef313a554a1e15c7ef2a789"",""eia930/LDWP_load_2022.csv"":""8dc0a21587aa5ef2f76e665e4af11a390dd6b00bd3216f31f3af770000792c91"",""eia930/NEVP_load_2019.csv"":""8101d9d346fad1ad8963e1af43d40a726389204004c35b52da964ed718f4006a"",""eia930/NEVP_load_2020.csv"":""f46abb05730565b70ed17d4e7a41560af3c7cc9af328529749d00c5e6a10702b"",""eia930/NEVP_load_2021.csv"":""60756dd827a6df245cb28f55c6e144082006f5e268819360ceafb4b7ebcf42dc"",""eia930/NEVP_load_2022.csv"":""dc00725b22fe41e4698d4e2d966848b9c64489a99c1daf630be3396e317a238b"",""eia930/NWMT_load_2019.csv"":""075e3bbed519230eca5078089070fa9c681b510e48e1edc36e890f2b26594dec"",""eia930/NWMT_load_2020.csv"":""f21a532185389f5d1094b7680993e286524eb290690d5dbc5f248ce6efb078a6"",""eia930/NWMT_load_2021.csv"":""e0311d7bf19545301f9ee32479eaa322491e241378b601e9aad60d8634989b8e"",""eia930/NWMT_load_2022.csv"":""418adc00927dfac0f6778573ff692d9d68bddd5610903a81e808cf321d781117"",""eia930/PACE_load_2019.csv"":""b3a2d6f7f082dec10d6bfc0176293ada94238babe05a3356e875b0a95654080f"",""eia930/PACE_load_2020.csv"":""e18a03daa5c65f5f2065854c3e98ba115c7ce8094ca06b466b039caf2fe692be"",""eia930/PACE_load_2021.csv"":""6321e79639cc12d914954671b416b316e965941c9d5e3f73d8739f0ea5ef864b"",""eia930/PACE_load_2022.csv"":""bd3c764424f4d96074708c65a2b5a1ee7972d9f257426b53f336018dd7a122b9"",""eia930/PACW_load_2019.csv"":""6342730d1b235a1dcf7f128813552e49fdc6c410bec035669b32e0cb7d98787e"",""eia930/PACW_load_2020.csv"":""1eae36a85559134200941b72a430f9b323561cc4956e8f5fd210e35db831e5b5"",""eia930/PACW_load_2021.csv"":""60215b13dad874c275766e6eca69eba91c9f41bb59cc1cc585cf5d2a4ba10af5"",""eia930/PACW_load_2022.csv"":""eab1abdcd6e67108b8a84c8f4775a6b5760c2b2f6c482f82d8102fc83662a752"",""eia930/PGE_load_2019.csv"":""ee95a3eac8756f9b3c47b315b1cf30a930fccaf822391267f7efaaf9b160cb50"",""eia930/PGE_load_2020.csv"":""81bc39188b073f79fe82e804be4961ac0555eabb06cb986bc793ea800fcdab76"",""eia930/PGE_load_2021.csv"":""0b06cea3a90102ccd96955d61fa39581d3cb5cc65ae2693fd51e0fef3cf9b562"",""eia930/PGE_load_2022.csv"":""98e2f0720adf2db89b001bb5e599ce4148ec28e3ac0a3f271070ba73c5d4d0e7"",""eia930/PNM_load_2019.csv"":""088835ea1bf175aae39906bb4b9403d304e5a009e78d6436ee9dd01671763cd2"",""eia930/PNM_load_2020.csv"":""4f745080c81b2eecbdc127fbee4a7b05d8602ea0f8ef273887f37112e0e450c4"",""eia930/PNM_load_2021.csv"":""63d3aa75f3e46f95fe44a56db3b303b4392c4687d63a9517f997adc493e0b529"",""eia930/PNM_load_2022.csv"":""2fcfb2516b1f0770b63bdacb4d63e77a038988b4a3bce40dfb2cd37b737f3373"",""eia930/PSCO_load_2019.csv"":""8ab591035011ea95b899031b064b458c0261dffd8837c6f992d5368f85ee5606"",""eia930/PSCO_load_2020.csv"":""0883041d650f05eae8a4fdef8e89e1e5b1017f599f1361db3c73318bd27c446e"",""eia930/PSCO_load_2021.csv"":""d2915c797f59c705f8f598f078011040f08ef659464c101fc71c5f726cbfa831"",""eia930/PSCO_load_2022.csv"":""7af5777d273cb3c081c5b02bf4b1eead07ad3f5aeef67cc7e54148171aa544a3"",""eia930/PSEI_load_2019.csv"":""29b95f326ff10421ab7f76e513e7102a933771ec3a4b3d73e9976921e49b4539"",""eia930/PSEI_load_2020.csv"":""9ef386bf0fac3e6a9233a571895850b38c38a8544e82249f2d91f8225b69db1d"",""eia930/PSEI_load_2021.csv"":""f349ee03c4805bfedaf0b4af6d053574e6702a94b4f82b94426a431dc13b411d"",""eia930/PSEI_load_2022.csv"":""bdd90506b6fab7fe27fc1e5f11e0b337ac976987a7f2bf5ae34dcc72e77b9e62"",""eia930/SCL_load_2019.csv"":""e0ba085445a80678b75fe9daa42ba49a77e5f26d1110dc2115ed2753d091476d"",""eia930/SCL_load_2020.csv"":""f3030208cbc290bbe217754d269eb62e73bcaf9d72bae7c78d2d8b3985fcfeb9"",""eia930/SCL_load_2021.csv"":""e42d13aae1d0fd46cce03bacba3a0b1e9814a7854fb728fe4f3e42e6419b9763"",""eia930/SCL_load_2022.csv"":""537904e0907dd4268e80dedab9f69d96c88fb1a70907b0a2d066fbbde9c24137"",""eia930/SRP_load_2019.csv"":""90e1819827987a906d855fbdec06584c2f33851b94320e40d6f7044cf147dee7"",""eia930/SRP_load_2020.csv"":""e2ff6b8a788d93e07d51921188fd52f56c677efd3d3b5862bee7ba0dacba744d"",""eia930/SRP_load_2021.csv"":""8ad138c7555578d3efa2e4c630453ea1b6f6e68c0cafa2f4122c30f017488161"",""eia930/SRP_load_2022.csv"":""7a9d62bf07aa08714b813ab2809328905ba25bac1617c8768a31f3908541f1ef"",""eia930/TEPC_load_2019.csv"":""8731b2bea48d990aa95f211e50d440e72ebf78fbdae71c0353878e5401ba03c6"",""eia930/TEPC_load_2020.csv"":""b864bcdee0fb39c8d524b8525cc98d2cc8cea0fe77b832fadd1c8a39fc47ce5e"",""eia930/TEPC_load_2021.csv"":""a4492dc093838eef01731e727065a81b108ea5c06614bc5a14e15bc1a7033e3a"",""eia930/TEPC_load_2022.csv"":""28fe53411b917137b17ddebdbcccb037e21c365f54880efb823ce19cd1e5a031"",""eia930/TIDC_load_2019.csv"":""e2fef37ddc7b137db5d49d49ece3e8c6194b95fa6197f3967dfd9ac45afa1959"",""eia930/TIDC_load_2020.csv"":""caf1f30be9d664e6eba6633588b565ef72d6d601f4ccac7e2c0a6cdcf2bcd0dc"",""eia930/TIDC_load_2021.csv"":""715065d83eee6dd61495b3cf393531cf538c89805c0e394b6b18fa0378f58cb5"",""eia930/TIDC_load_2022.csv"":""0a59ed61bab25520e750ae5bb78492713e8143d2728ae40139da16f5991d6610"",""eia930/TPWR_load_2019.csv"":""ce9e73ad16c57287e1de22a0fac46ebef08fbf77a5fad57209ef4783e6c33fc8"",""eia930/TPWR_load_2020.csv"":""0bb40d6c6687300eb22c4cd93e1180f200eb6b28c1d18fa6079de65aa3b6ca9a"",""eia930/TPWR_load_2021.csv"":""c503ae92ba314f160f25f65ecd3a35020fad0c60832718df1483f561b186f994"",""eia930/TPWR_load_2022.csv"":""2166351f895cf4105dd57b90d53c51a4fb89e221df5a74417d72a679a87d4489"",""eia930/WACM_load_2019.csv"":""5e3ca75406b5d59465c82f3c1490e46dc53f14c7a583c6737a25eba9aa8cc624"",""eia930/WACM_load_2020.csv"":""c719e99b2fba377a67f035cb741a8e3bebfb79db8f68435c9e3fca3c3c42434f"",""eia930/WACM_load_2021.csv"":""a872376790ef023647e983f6a79cd5251d6cd1eadf01284046f58e59b070c55f"",""eia930/WACM_load_2022.csv"":""c36957b0cef7b20429e59e2a21a0c6ea0aead095d6eead16e9d65177d7817646"",""eia930/WALC_load_2019.csv"":""79dfbb30baae5026bda121b683c0bf0e2d716dde935fd76afc4bd2782ade8c3c"",""eia930/WALC_load_2020.csv"":""afbc53f33504c9dc4dc3c302ec896dabb0c7cb5bdae5a3eb7982889a03f5b628"",""eia930/WALC_load_2021.csv"":""036527c26abcd182e0517bd82fed39cc82595b4a8da7a850dd27cff8e309e3d0"",""eia930/WALC_load_2022.csv"":""80f0958c39c027b7f5f8eb4b176187985735019f847542bbeab2cb9caba5f67a"",""eia930/WAUW_load_2019.csv"":""efb19ce70b467f0e63622646186ee301f4f86279cff57127decc48d5a82cdd32"",""eia930/WAUW_load_2020.csv"":""a8ac31bbff0b02e14698b6f5b3afe95e51e63e637222f7828a91eabc1270559a"",""eia930/WAUW_load_2021.csv"":""61e1582b830fac542e087c9804538475153fe864e5a02e8caaaf5ff1327c57ba"",""eia930/WAUW_load_2022.csv"":""30cdfe3fc44eef2778db11218abc8b599d7844a6b813029576d0a31f31e454ed"",""paper_data/manifests/eia860_2024_operable_capacity_manifest_wtk_bchrrr_nsrdb_2007_2023.csv"":""0fa5c58fb78444b05819997a71cc7afb03b570cb661d6245895da6aaf735e6b2"",""src/wxdata/load.py"":""df7c525bf214a69cf911ef74ade85560596075d865da5b4729ea34d8434c91fb"",""src/wxdata/load_settings.py"":""efa4071e89cfce6435f0cd2956e50d81d0f9cd009a9ef87e75d5608470c0343b""}","{""aggregation"":""sum only when every load-bearing member is valid"",""boundary"":""UTC start inclusive, end exclusive"",""centered"":true,""count_basis"":""invalid and screened counts are member-hours; coverage counts are pool-hours"",""duplicate_timestamp"":""last input occurrence"",""group_by"":""BA local clock hour"",""interpolation"":""none"",""load_outlier_same_hour_deviation_fraction"":0.4,""load_outlier_same_hour_min_periods"":5,""load_outlier_same_hour_window_days"":7,""member_reviewed_observation_exclusions"":{""BANC"":[{""action"":""exclude after existing screen, before pool aggregation"",""entity_id"":""BANC"",""original_value_mw"":27698.0,""reason"":""Reviewed isolated reporting spike between 1,781 and 1,453 MW during the April-May 2019 corruption episode."",""time_utc"":""2019-04-29T07:00:00Z""},{""action"":""exclude after existing screen, before pool aggregation"",""entity_id"":""BANC"",""original_value_mw"":29942.0,""reason"":""Reviewed reporting spike between 1,897 and -540,673 MW; nearby valid observations are about 1,900-2,000 MW."",""time_utc"":""2019-05-02T01:00:00Z""},{""action"":""exclude after existing screen, before pool aggregation"",""entity_id"":""BANC"",""original_value_mw"":31706.0,""reason"":""Reviewed isolated reporting spike between 2,065 and 2,185 MW during the April-May 2019 corruption episode."",""time_utc"":""2019-05-04T00:00:00Z""},{""action"":""exclude after existing screen, before pool aggregation"",""entity_id"":""BANC"",""original_value_mw"":1837581.0,""reason"":""Reviewed reporting spike between -1,114,866 and -556,518 MW; nearby valid observations are 1,867 and 1,710 MW."",""time_utc"":""2019-05-15T04:00:00Z""}]},""member_timezones"":{""AVA"":""America/Los_Angeles"",""AZPS"":""America/Phoenix"",""BANC"":""America/Los_Angeles"",""BPAT"":""America/Los_Angeles"",""CHPD"":""America/Los_Angeles"",""CISO"":""America/Los_Angeles"",""DOPD"":""America/Los_Angeles"",""EPE"":""America/Denver"",""GCPD"":""America/Los_Angeles"",""IID"":""America/Los_Angeles"",""IPCO"":""America/Denver"",""LDWP"":""America/Los_Angeles"",""NEVP"":""America/Los_Angeles"",""NWMT"":""America/Denver"",""PACE"":""America/Denver"",""PACW"":""America/Los_Angeles"",""PGE"":""America/Los_Angeles"",""PNM"":""America/Denver"",""PSCO"":""America/Denver"",""PSEI"":""America/Los_Angeles"",""SCL"":""America/Los_Angeles"",""SRP"":""America/Phoenix"",""TEPC"":""America/Phoenix"",""TIDC"":""America/Los_Angeles"",""TPWR"":""America/Los_Angeles"",""WACM"":""America/Denver"",""WALC"":""America/Phoenix"",""WAUW"":""America/Denver""},""method"":""wxdata.load._clean_load_history"",""nonfinite_and_nonpositive"":""excluded"",""ties"":""earliest UTC exact maximum before rounding"",""window_basis"":""complete hourly calendar, missing hours retained as NaN""}","[""AVA"",""AZPS"",""BANC"",""BPAT"",""CHPD"",""CISO"",""DOPD"",""EPE"",""GCPD"",""IID"",""IPCO"",""LDWP"",""NEVP"",""NWMT"",""PACE"",""PACW"",""PGE"",""PNM"",""PSCO"",""PSEI"",""SCL"",""SRP"",""TEPC"",""TIDC"",""TPWR"",""WACM"",""WALC"",""WAUW""]",773,13371,per member,,1925010.0,2019-05-15T04:00:00Z,1,reviewed_best_estimate,Best estimate from the maximum retained coincident EIA-930 BA demand after additional review of member reporting anomalies; each included hour requires every load-bearing member. Incomplete coverage limits this to the available screened observations.
state,AL,modeled,17369.396266209566,2022-06-22T21:00:00Z,1,35064,35064,0,True,2019-01-01T00:00:00Z,2023-01-01T00:00:00Z,"[""paper_data/data/wtk_bchrrr_nsrdb_2007_2023/state_load/AL_wtk_bchrrr_nsrdb_2007_2023_load.parquet""]","{""paper_data/data/wtk_bchrrr_nsrdb_2007_2023/state_load/AL_wtk_bchrrr_nsrdb_2007_2023_load.parquet"":""c07b731769aa8720cd4825c23f5eecf58a4cb491897bdccddcfb272cec2ff3d3""}","{""GCAM_scaling"":false,""boundary"":""UTC start inclusive, end exclusive"",""column"":""load_mw__raw"",""duplicate_timestamp"":""last input occurrence"",""interpolation"":""none"",""method"":""finite raw modeled values"",""ties"":""earliest UTC exact maximum before rounding""}",[],0,0,,BC-HRRR/NSRDB,17369.396266209566,2022-06-22T21:00:00Z,1,available,
state,AZ,modeled,20796.56870539635,2021-06-19T01:00:00Z,1,35064,35064,0,True,2019-01-01T00:00:00Z,2023-01-01T00:00:00Z,"[""paper_data/data/wtk_bchrrr_nsrdb_2007_2023/state_load/AZ_wtk_bchrrr_nsrdb_2007_2023_load.parquet""]","{""paper_data/data/wtk_bchrrr_nsrdb_2007_2023/state_load/AZ_wtk_bchrrr_nsrdb_2007_2023_load.parquet"":""c5d440ea6666079407e79b227e68dd2042076d1cd74fe964628319641b4130bd""}","{""GCAM_scaling"":false,""boundary"":""UTC start inclusive, end exclusive"",""column"":""load_mw__raw"",""duplicate_timestamp"":""last input occurrence"",""interpolation"":""none"",""method"":""finite raw modeled values"",""ties"":""earliest UTC exact maximum before rounding""}",[],0,0,,BC-HRRR/NSRDB,20796.56870539635,2021-06-19T01:00:00Z,1,available,
state,AR,modeled,8580.536399037137,2022-07-20T22:00:00Z,1,35064,35064,0,True,2019-01-01T00:00:00Z,2023-01-01T00:00:00Z,"[""paper_data/data/wtk_bchrrr_nsrdb_2007_2023/state_load/AR_wtk_bchrrr_nsrdb_2007_2023_load.parquet""]","{""paper_data/data/wtk_bchrrr_nsrdb_2007_2023/state_load/AR_wtk_bchrrr_nsrdb_2007_2023_load.parquet"":""1fbad4c919fd9c4d5bf6f889700977736d95117cb2f972f74c96df69cb41ea17""}","{""GCAM_scaling"":false,""boundary"":""UTC start inclusive, end exclusive"",""column"":""load_mw__raw"",""duplicate_timestamp"":""last input occurrence"",""interpolation"":""none"",""method"":""finite raw modeled values"",""ties"":""earliest UTC exact maximum before rounding""}",[],0,0,,BC-HRRR/NSRDB,8580.536399037137,2022-07-20T22:00:00Z,1,available,
state,CA,modeled,64776.369540285756,2022-09-07T00:00:00Z,1,35064,35064,0,True,2019-01-01T00:00:00Z,2023-01-01T00:00:00Z,"[""paper_data/data/wtk_bchrrr_nsrdb_2007_2023/state_load/CA_wtk_bchrrr_nsrdb_2007_2023_load.parquet""]","{""paper_data/data/wtk_bchrrr_nsrdb_2007_2023/state_load/CA_wtk_bchrrr_nsrdb_2007_2023_load.parquet"":""fcab2d4253c656a6edbb3e7a6287314f23a3fd729b553854541190dc1bea8d00""}","{""GCAM_scaling"":false,""boundary"":""UTC start inclusive, end exclusive"",""column"":""load_mw__raw"",""duplicate_timestamp"":""last input occurrence"",""interpolation"":""none"",""method"":""finite raw modeled values"",""ties"":""earliest UTC exact maximum before rounding""}",[],0,0,,BC-HRRR/NSRDB,64776.369540285756,2022-09-07T00:00:00Z,1,available,
state,CO,modeled,11891.189721906747,2021-07-28T23:00:00Z,1,35064,35064,0,True,2019-01-01T00:00:00Z,2023-01-01T00:00:00Z,"[""paper_data/data/wtk_bchrrr_nsrdb_2007_2023/state_load/CO_wtk_bchrrr_nsrdb_2007_2023_load.parquet""]","{""paper_data/data/wtk_bchrrr_nsrdb_2007_2023/state_load/CO_wtk_bchrrr_nsrdb_2007_2023_load.parquet"":""1ce70e44fc31a6ba595558854a8d6de09b85c85ed578cf12a702c5a79b420422""}","{""GCAM_scaling"":false,""boundary"":""UTC start inclusive, end exclusive"",""column"":""load_mw__raw"",""duplicate_timestamp"":""last input occurrence"",""interpolation"":""none"",""method"":""finite raw modeled values"",""ties"":""earliest UTC exact maximum before rounding""}",[],0,0,,BC-HRRR/NSRDB,11891.189721906747,2021-07-28T23:00:00Z,1,available,
state,CT,modeled,5509.299569844909,2020-07-27T23:00:00Z,1,35064,35064,0,True,2019-01-01T00:00:00Z,2023-01-01T00:00:00Z,"[""paper_data/data/wtk_bchrrr_nsrdb_2007_2023/state_load/CT_wtk_bchrrr_nsrdb_2007_2023_load.parquet""]","{""paper_data/data/wtk_bchrrr_nsrdb_2007_2023/state_load/CT_wtk_bchrrr_nsrdb_2007_2023_load.parquet"":""18c83d733da36c272085597ca870c19eb7a3b1c9869b01485d6db79b24a67f6d""}","{""GCAM_scaling"":false,""boundary"":""UTC start inclusive, end exclusive"",""column"":""load_mw__raw"",""duplicate_timestamp"":""last input occurrence"",""interpolation"":""none"",""method"":""finite raw modeled values"",""ties"":""earliest UTC exact maximum before rounding""}",[],0,0,,BC-HRRR/NSRDB,5509.299569844909,2020-07-27T23:00:00Z,1,available,
state,DE,modeled,2166.122064815282,2019-07-19T22:00:00Z,1,35064,35064,0,True,2019-01-01T00:00:00Z,2023-01-01T00:00:00Z,"[""paper_data/data/wtk_bchrrr_nsrdb_2007_2023/state_load/DE_wtk_bchrrr_nsrdb_2007_2023_load.parquet""]","{""paper_data/data/wtk_bchrrr_nsrdb_2007_2023/state_load/DE_wtk_bchrrr_nsrdb_2007_2023_load.parquet"":""b1e3986baefd973e5efdb81ecdb4bcc534bef215c3004f5ea5468135ab3e5d30""}","{""GCAM_scaling"":false,""boundary"":""UTC start inclusive, end exclusive"",""column"":""load_mw__raw"",""duplicate_timestamp"":""last input occurrence"",""interpolation"":""none"",""method"":""finite raw modeled values"",""ties"":""earliest UTC exact maximum before rounding""}",[],0,0,,BC-HRRR/NSRDB,2166.122064815282,2019-07-19T22:00:00Z,1,available,
state,DC,modeled,1564.6862419712122,2019-07-19T22:00:00Z,1,35064,35064,0,True,2019-01-01T00:00:00Z,2023-01-01T00:00:00Z,"[""paper_data/data/wtk_bchrrr_nsrdb_2007_2023/state_load/DC_wtk_bchrrr_nsrdb_2007_2023_load.parquet""]","{""paper_data/data/wtk_bchrrr_nsrdb_2007_2023/state_load/DC_wtk_bchrrr_nsrdb_2007_2023_load.parquet"":""8a0fb2e56e9a0d37585091e7e6981cfc40c3ba54703de1f60577996e40847a63""}","{""GCAM_scaling"":false,""boundary"":""UTC start inclusive, end exclusive"",""column"":""load_mw__raw"",""duplicate_timestamp"":""last input occurrence"",""interpolation"":""none"",""method"":""finite raw modeled values"",""ties"":""earliest UTC exact maximum before rounding""}",[],0,0,,BC-HRRR/NSRDB,1564.6862419712122,2019-07-19T22:00:00Z,1,available,
state,FL,modeled,54315.13091111701,2019-06-25T21:00:00Z,1,35064,35064,0,True,2019-01-01T00:00:00Z,2023-01-01T00:00:00Z,"[""paper_data/data/wtk_bchrrr_nsrdb_2007_2023/state_load/FL_wtk_bchrrr_nsrdb_2007_2023_load.parquet""]","{""paper_data/data/wtk_bchrrr_nsrdb_2007_2023/state_load/FL_wtk_bchrrr_nsrdb_2007_2023_load.parquet"":""886c7766936f534c5ed47a07c7302fd14011916da6935a335a6cba01ffde25cd""}","{""GCAM_scaling"":false,""boundary"":""UTC start inclusive, end exclusive"",""column"":""load_mw__raw"",""duplicate_timestamp"":""last input occurrence"",""interpolation"":""none"",""method"":""finite raw modeled values"",""ties"":""earliest UTC exact maximum before rounding""}",[],0,0,,BC-HRRR/NSRDB,54315.13091111701,2019-06-25T21:00:00Z,1,available,
state,GA,modeled,31236.93523801479,2022-06-22T21:00:00Z,1,35064,35064,0,True,2019-01-01T00:00:00Z,2023-01-01T00:00:00Z,"[""paper_data/data/wtk_bchrrr_nsrdb_2007_2023/state_load/GA_wtk_bchrrr_nsrdb_2007_2023_load.parquet""]","{""paper_data/data/wtk_bchrrr_nsrdb_2007_2023/state_load/GA_wtk_bchrrr_nsrdb_2007_2023_load.parquet"":""ac74793ed9598e244f6e3837db70e35edaabe4318820881f5f56977cad80be29""}","{""GCAM_scaling"":false,""boundary"":""UTC start inclusive, end exclusive"",""column"":""load_mw__raw"",""duplicate_timestamp"":""last input occurrence"",""interpolation"":""none"",""method"":""finite raw modeled values"",""ties"":""earliest UTC exact maximum before rounding""}",[],0,0,,BC-HRRR/NSRDB,31236.93523801479,2022-06-22T21:00:00Z,1,available,
state,ID,modeled,5647.998732299979,2021-06-30T00:00:00Z,1,35064,35064,0,True,2019-01-01T00:00:00Z,2023-01-01T00:00:00Z,"[""paper_data/data/wtk_bchrrr_nsrdb_2007_2023/state_load/ID_wtk_bchrrr_nsrdb_2007_2023_load.parquet""]","{""paper_data/data/wtk_bchrrr_nsrdb_2007_2023/state_load/ID_wtk_bchrrr_nsrdb_2007_2023_load.parquet"":""3bf0d4b28d337236c78245bf709c2a356587e2eea95177ce697a71efc94728b8""}","{""GCAM_scaling"":false,""boundary"":""UTC start inclusive, end exclusive"",""column"":""load_mw__raw"",""duplicate_timestamp"":""last input occurrence"",""interpolation"":""none"",""method"":""finite raw modeled values"",""ties"":""earliest UTC exact maximum before rounding""}",[],0,0,,BC-HRRR/NSRDB,5647.998732299979,2021-06-30T00:00:00Z,1,available,
state,IL,modeled,29721.611933665466,2019-07-19T22:00:00Z,1,35064,35064,0,True,2019-01-01T00:00:00Z,2023-01-01T00:00:00Z,"[""paper_data/data/wtk_bchrrr_nsrdb_2007_2023/state_load/IL_wtk_bchrrr_nsrdb_2007_2023_load.parquet""]","{""paper_data/data/wtk_bchrrr_nsrdb_2007_2023/state_load/IL_wtk_bchrrr_nsrdb_2007_2023_load.parquet"":""e5543242d006730b1973bc8b87f8735db993fd02c417d4379ed10de7c87f455d""}","{""GCAM_scaling"":false,""boundary"":""UTC start inclusive, end exclusive"",""column"":""load_mw__raw"",""duplicate_timestamp"":""last input occurrence"",""interpolation"":""none"",""method"":""finite raw modeled values"",""ties"":""earliest UTC exact maximum before rounding""}",[],0,0,,BC-HRRR/NSRDB,29721.611933665466,2019-07-19T22:00:00Z,1,available,
state,IN,modeled,20314.50278855546,2021-08-24T22:00:00Z,1,35064,35064,0,True,2019-01-01T00:00:00Z,2023-01-01T00:00:00Z,"[""paper_data/data/wtk_bchrrr_nsrdb_2007_2023/state_load/IN_wtk_bchrrr_nsrdb_2007_2023_load.parquet""]","{""paper_data/data/wtk_bchrrr_nsrdb_2007_2023/state_load/IN_wtk_bchrrr_nsrdb_2007_2023_load.parquet"":""2fe1d60215674a6990b2da044d7aa8f432312a0488e802c93f9f907bb181cca4""}","{""GCAM_scaling"":false,""boundary"":""UTC start inclusive, end exclusive"",""column"":""load_mw__raw"",""duplicate_timestamp"":""last input occurrence"",""interpolation"":""none"",""method"":""finite raw modeled values"",""ties"":""earliest UTC exact maximum before rounding""}",[],0,0,,BC-HRRR/NSRDB,20314.50278855546,2021-08-24T22:00:00Z,1,available,
state,IA,modeled,10287.852994851903,2022-07-05T22:00:00Z,1,35064,35064,0,True,2019-01-01T00:00:00Z,2023-01-01T00:00:00Z,"[""paper_data/data/wtk_bchrrr_nsrdb_2007_2023/state_load/IA_wtk_bchrrr_nsrdb_2007_2023_load.parquet""]","{""paper_data/data/wtk_bchrrr_nsrdb_2007_2023/state_load/IA_wtk_bchrrr_nsrdb_2007_2023_load.parquet"":""2c401a64f12ace6b1407da9426abaae849e75b4230b6695102d584b1fe7f4a1d""}","{""GCAM_scaling"":false,""boundary"":""UTC start inclusive, end exclusive"",""column"":""load_mw__raw"",""duplicate_timestamp"":""last input occurrence"",""interpolation"":""none"",""method"":""finite raw modeled values"",""ties"":""earliest UTC exact maximum before rounding""}",[],0,0,,BC-HRRR/NSRDB,10287.852994851903,2022-07-05T22:00:00Z,1,available,
state,KS,modeled,8469.103098942738,2022-07-19T22:00:00Z,1,35064,35064,0,True,2019-01-01T00:00:00Z,2023-01-01T00:00:00Z,"[""paper_data/data/wtk_bchrrr_nsrdb_2007_2023/state_load/KS_wtk_bchrrr_nsrdb_2007_2023_load.parquet""]","{""paper_data/data/wtk_bchrrr_nsrdb_2007_2023/state_load/KS_wtk_bchrrr_nsrdb_2007_2023_load.parquet"":""1196716147b59dbf1172964a8e46b03e38f8222cda97fe6c6fb39183aafb4504""}","{""GCAM_scaling"":false,""boundary"":""UTC start inclusive, end exclusive"",""column"":""load_mw__raw"",""duplicate_timestamp"":""last input occurrence"",""interpolation"":""none"",""method"":""finite raw modeled values"",""ties"":""earliest UTC exact maximum before rounding""}",[],0,0,,BC-HRRR/NSRDB,8469.103098942738,2022-07-19T22:00:00Z,1,available,
state,KY,modeled,17642.83433050306,2021-08-12T21:00:00Z,1,35064,35064,0,True,2019-01-01T00:00:00Z,2023-01-01T00:00:00Z,"[""paper_data/data/wtk_bchrrr_nsrdb_2007_2023/state_load/KY_wtk_bchrrr_nsrdb_2007_2023_load.parquet""]","{""paper_data/data/wtk_bchrrr_nsrdb_2007_2023/state_load/KY_wtk_bchrrr_nsrdb_2007_2023_load.parquet"":""19045d82d02343074cb3c5ee832d555840dcf8802c133f9844aa6bf752109ccd""}","{""GCAM_scaling"":false,""boundary"":""UTC start inclusive, end exclusive"",""column"":""load_mw__raw"",""duplicate_timestamp"":""last input occurrence"",""interpolation"":""none"",""method"":""finite raw modeled values"",""ties"":""earliest UTC exact maximum before rounding""}",[],0,0,,BC-HRRR/NSRDB,17642.83433050306,2021-08-12T21:00:00Z,1,available,
state,LA,modeled,10336.786472693037,2022-07-20T22:00:00Z,1,35064,35064,0,True,2019-01-01T00:00:00Z,2023-01-01T00:00:00Z,"[""paper_data/data/wtk_bchrrr_nsrdb_2007_2023/state_load/LA_wtk_bchrrr_nsrdb_2007_2023_load.parquet""]","{""paper_data/data/wtk_bchrrr_nsrdb_2007_2023/state_load/LA_wtk_bchrrr_nsrdb_2007_2023_load.parquet"":""f5b08f21ba6a93ca82a28b23aee9b40570fc1f03b892d2bddceaae2cdcca067a""}","{""GCAM_scaling"":false,""boundary"":""UTC start inclusive, end exclusive"",""column"":""load_mw__raw"",""duplicate_timestamp"":""last input occurrence"",""interpolation"":""none"",""method"":""finite raw modeled values"",""ties"":""earliest UTC exact maximum before rounding""}",[],0,0,,BC-HRRR/NSRDB,10336.786472693037,2022-07-20T22:00:00Z,1,available,
state,ME,modeled,2091.177588828912,2020-07-27T23:00:00Z,1,35064,35064,0,True,2019-01-01T00:00:00Z,2023-01-01T00:00:00Z,"[""paper_data/data/wtk_bchrrr_nsrdb_2007_2023/state_load/ME_wtk_bchrrr_nsrdb_2007_2023_load.parquet""]","{""paper_data/data/wtk_bchrrr_nsrdb_2007_2023/state_load/ME_wtk_bchrrr_nsrdb_2007_2023_load.parquet"":""d6e3332dc6f7992e985378389c3d80b84f4da36d9dafd6dca03c73204b60caaa""}","{""GCAM_scaling"":false,""boundary"":""UTC start inclusive, end exclusive"",""column"":""load_mw__raw"",""duplicate_timestamp"":""last input occurrence"",""interpolation"":""none"",""method"":""finite raw modeled values"",""ties"":""earliest UTC exact maximum before rounding""}",[],0,0,,BC-HRRR/NSRDB,2091.177588828912,2020-07-27T23:00:00Z,1,available,
state,MD,modeled,13292.95368440348,2019-07-19T22:00:00Z,1,35064,35064,0,True,2019-01-01T00:00:00Z,2023-01-01T00:00:00Z,"[""paper_data/data/wtk_bchrrr_nsrdb_2007_2023/state_load/MD_wtk_bchrrr_nsrdb_2007_2023_load.parquet""]","{""paper_data/data/wtk_bchrrr_nsrdb_2007_2023/state_load/MD_wtk_bchrrr_nsrdb_2007_2023_load.parquet"":""2e9ed15b13f7d1e15b36fc2ef7657d80e923f3abb79a7e62c86c731f2779e695""}","{""GCAM_scaling"":false,""boundary"":""UTC start inclusive, end exclusive"",""column"":""load_mw__raw"",""duplicate_timestamp"":""last input occurrence"",""interpolation"":""none"",""method"":""finite raw modeled values"",""ties"":""earliest UTC exact maximum before rounding""}",[],0,0,,BC-HRRR/NSRDB,13292.95368440348,2019-07-19T22:00:00Z,1,available,
state,MA,modeled,10677.171832966838,2020-07-27T23:00:00Z,1,35064,35064,0,True,2019-01-01T00:00:00Z,2023-01-01T00:00:00Z,"[""paper_data/data/wtk_bchrrr_nsrdb_2007_2023/state_load/MA_wtk_bchrrr_nsrdb_2007_2023_load.parquet""]","{""paper_data/data/wtk_bchrrr_nsrdb_2007_2023/state_load/MA_wtk_bchrrr_nsrdb_2007_2023_load.parquet"":""026732873eb388e55b12006435070a3e91a4a8d1b76bf74ecb374f1184ebc163""}","{""GCAM_scaling"":false,""boundary"":""UTC start inclusive, end exclusive"",""column"":""load_mw__raw"",""duplicate_timestamp"":""last input occurrence"",""interpolation"":""none"",""method"":""finite raw modeled values"",""ties"":""earliest UTC exact maximum before rounding""}",[],0,0,,BC-HRRR/NSRDB,10677.171832966838,2020-07-27T23:00:00Z,1,available,
state,MI,modeled,21343.904337352586,2022-06-21T23:00:00Z,1,35064,35064,0,True,2019-01-01T00:00:00Z,2023-01-01T00:00:00Z,"[""paper_data/data/wtk_bchrrr_nsrdb_2007_2023/state_load/MI_wtk_bchrrr_nsrdb_2007_2023_load.parquet""]","{""paper_data/data/wtk_bchrrr_nsrdb_2007_2023/state_load/MI_wtk_bchrrr_nsrdb_2007_2023_load.parquet"":""0e9006bf2050afc845898dbc8f3752f5a4908bc52f4b766d149116fd34ef630b""}","{""GCAM_scaling"":false,""boundary"":""UTC start inclusive, end exclusive"",""column"":""load_mw__raw"",""duplicate_timestamp"":""last input occurrence"",""interpolation"":""none"",""method"":""finite raw modeled values"",""ties"":""earliest UTC exact maximum before rounding""}",[],0,0,,BC-HRRR/NSRDB,21343.904337352586,2022-06-21T23:00:00Z,1,available,
state,MN,modeled,14281.919591355738,2021-07-28T00:00:00Z,1,35064,35064,0,True,2019-01-01T00:00:00Z,2023-01-01T00:00:00Z,"[""paper_data/data/wtk_bchrrr_nsrdb_2007_2023/state_load/MN_wtk_bchrrr_nsrdb_2007_2023_load.parquet""]","{""paper_data/data/wtk_bchrrr_nsrdb_2007_2023/state_load/MN_wtk_bchrrr_nsrdb_2007_2023_load.parquet"":""033a63c2df751b2bff2a45203caa4787a8ac017fd36ced65c707f24381644a61""}","{""GCAM_scaling"":false,""boundary"":""UTC start inclusive, end exclusive"",""column"":""load_mw__raw"",""duplicate_timestamp"":""last input occurrence"",""interpolation"":""none"",""method"":""finite raw modeled values"",""ties"":""earliest UTC exact maximum before rounding""}",[],0,0,,BC-HRRR/NSRDB,14281.919591355738,2021-07-28T00:00:00Z,1,available,
state,MS,modeled,10456.134502576153,2022-06-22T21:00:00Z,1,35064,35064,0,True,2019-01-01T00:00:00Z,2023-01-01T00:00:00Z,"[""paper_data/data/wtk_bchrrr_nsrdb_2007_2023/state_load/MS_wtk_bchrrr_nsrdb_2007_2023_load.parquet""]","{""paper_data/data/wtk_bchrrr_nsrdb_2007_2023/state_load/MS_wtk_bchrrr_nsrdb_2007_2023_load.parquet"":""c6738cb5352a44bb42cc884706b86e46e7bd8e052424c48bac076fa5e18d4e6b""}","{""GCAM_scaling"":false,""boundary"":""UTC start inclusive, end exclusive"",""column"":""load_mw__raw"",""duplicate_timestamp"":""last input occurrence"",""interpolation"":""none"",""method"":""finite raw modeled values"",""ties"":""earliest UTC exact maximum before rounding""}",[],0,0,,BC-HRRR/NSRDB,10456.134502576153,2022-06-22T21:00:00Z,1,available,
state,MO,modeled,19511.572616009933,2022-07-05T22:00:00Z,1,35064,35064,0,True,2019-01-01T00:00:00Z,2023-01-01T00:00:00Z,"[""paper_data/data/wtk_bchrrr_nsrdb_2007_2023/state_load/MO_wtk_bchrrr_nsrdb_2007_2023_load.parquet""]","{""paper_data/data/wtk_bchrrr_nsrdb_2007_2023/state_load/MO_wtk_bchrrr_nsrdb_2007_2023_load.parquet"":""4e5bf989de7236deb21d8f309d45803b35e50d839492502ab47a2cf0790bcbda""}","{""GCAM_scaling"":false,""boundary"":""UTC start inclusive, end exclusive"",""column"":""load_mw__raw"",""duplicate_timestamp"":""last input occurrence"",""interpolation"":""none"",""method"":""finite raw modeled values"",""ties"":""earliest UTC exact maximum before rounding""}",[],0,0,,BC-HRRR/NSRDB,19511.572616009933,2022-07-05T22:00:00Z,1,available,
state,MT,modeled,3544.4207992409893,2021-07-27T23:00:00Z,1,35064,35064,0,True,2019-01-01T00:00:00Z,2023-01-01T00:00:00Z,"[""paper_data/data/wtk_bchrrr_nsrdb_2007_2023/state_load/MT_wtk_bchrrr_nsrdb_2007_2023_load.parquet""]","{""paper_data/data/wtk_bchrrr_nsrdb_2007_2023/state_load/MT_wtk_bchrrr_nsrdb_2007_2023_load.parquet"":""6530eaeffad5f257bb147e4bb91c6dfa0e8e67b44d027e3663b5f75ad21d4d68""}","{""GCAM_scaling"":false,""boundary"":""UTC start inclusive, end exclusive"",""column"":""load_mw__raw"",""duplicate_timestamp"":""last input occurrence"",""interpolation"":""none"",""method"":""finite raw modeled values"",""ties"":""earliest UTC exact maximum before rounding""}",[],0,0,,BC-HRRR/NSRDB,3544.4207992409893,2021-07-27T23:00:00Z,1,available,
state,NE,modeled,5718.237853029442,2022-07-19T22:00:00Z,1,35064,35064,0,True,2019-01-01T00:00:00Z,2023-01-01T00:00:00Z,"[""paper_data/data/wtk_bchrrr_nsrdb_2007_2023/state_load/NE_wtk_bchrrr_nsrdb_2007_2023_load.parquet""]","{""paper_data/data/wtk_bchrrr_nsrdb_2007_2023/state_load/NE_wtk_bchrrr_nsrdb_2007_2023_load.parquet"":""29087435750d76631d09680b8373a30aeaafb5c5f26b949d38d512c6add4a127""}","{""GCAM_scaling"":false,""boundary"":""UTC start inclusive, end exclusive"",""column"":""load_mw__raw"",""duplicate_timestamp"":""last input occurrence"",""interpolation"":""none"",""method"":""finite raw modeled values"",""ties"":""earliest UTC exact maximum before rounding""}",[],0,0,,BC-HRRR/NSRDB,5718.237853029442,2022-07-19T22:00:00Z,1,available,
state,NV,modeled,8753.044469747021,2021-07-10T01:00:00Z,1,35064,35064,0,True,2019-01-01T00:00:00Z,2023-01-01T00:00:00Z,"[""paper_data/data/wtk_bchrrr_nsrdb_2007_2023/state_load/NV_wtk_bchrrr_nsrdb_2007_2023_load.parquet""]","{""paper_data/data/wtk_bchrrr_nsrdb_2007_2023/state_load/NV_wtk_bchrrr_nsrdb_2007_2023_load.parquet"":""031d6ef94ff23d061e5645c600ed6daad5eb57a2a2b8f8d21abc9beae2f3e9c2""}","{""GCAM_scaling"":false,""boundary"":""UTC start inclusive, end exclusive"",""column"":""load_mw__raw"",""duplicate_timestamp"":""last input occurrence"",""interpolation"":""none"",""method"":""finite raw modeled values"",""ties"":""earliest UTC exact maximum before rounding""}",[],0,0,,BC-HRRR/NSRDB,8753.044469747021,2021-07-10T01:00:00Z,1,available,
state,NH,modeled,2116.1668745540073,2020-07-27T23:00:00Z,1,35064,35064,0,True,2019-01-01T00:00:00Z,2023-01-01T00:00:00Z,"[""paper_data/data/wtk_bchrrr_nsrdb_2007_2023/state_load/NH_wtk_bchrrr_nsrdb_2007_2023_load.parquet""]","{""paper_data/data/wtk_bchrrr_nsrdb_2007_2023/state_load/NH_wtk_bchrrr_nsrdb_2007_2023_load.parquet"":""beb56058413cc06b11335cdaa3b11c9b1a490fee065fe1f0e5033c5f0e530aec""}","{""GCAM_scaling"":false,""boundary"":""UTC start inclusive, end exclusive"",""column"":""load_mw__raw"",""duplicate_timestamp"":""last input occurrence"",""interpolation"":""none"",""method"":""finite raw modeled values"",""ties"":""earliest UTC exact maximum before rounding""}",[],0,0,,BC-HRRR/NSRDB,2116.1668745540073,2020-07-27T23:00:00Z,1,available,
state,NJ,modeled,21694.453862826515,2020-07-20T21:00:00Z,1,35064,35064,0,True,2019-01-01T00:00:00Z,2023-01-01T00:00:00Z,"[""paper_data/data/wtk_bchrrr_nsrdb_2007_2023/state_load/NJ_wtk_bchrrr_nsrdb_2007_2023_load.parquet""]","{""paper_data/data/wtk_bchrrr_nsrdb_2007_2023/state_load/NJ_wtk_bchrrr_nsrdb_2007_2023_load.parquet"":""0b565dadd778d8edb99079a2602ab36a48b21f36cffbe0152e95d854cc7b87f8""}","{""GCAM_scaling"":false,""boundary"":""UTC start inclusive, end exclusive"",""column"":""load_mw__raw"",""duplicate_timestamp"":""last input occurrence"",""interpolation"":""none"",""method"":""finite raw modeled values"",""ties"":""earliest UTC exact maximum before rounding""}",[],0,0,,BC-HRRR/NSRDB,21694.453862826515,2020-07-20T21:00:00Z,1,available,
state,NM,modeled,4328.66760929185,2022-07-19T23:00:00Z,1,35064,35064,0,True,2019-01-01T00:00:00Z,2023-01-01T00:00:00Z,"[""paper_data/data/wtk_bchrrr_nsrdb_2007_2023/state_load/NM_wtk_bchrrr_nsrdb_2007_2023_load.parquet""]","{""paper_data/data/wtk_bchrrr_nsrdb_2007_2023/state_load/NM_wtk_bchrrr_nsrdb_2007_2023_load.parquet"":""527b5836a0841c6f755698c3c9ace1a87224c7413faa9c02aa460edb62aef1d8""}","{""GCAM_scaling"":false,""boundary"":""UTC start inclusive, end exclusive"",""column"":""load_mw__raw"",""duplicate_timestamp"":""last input occurrence"",""interpolation"":""none"",""method"":""finite raw modeled values"",""ties"":""earliest UTC exact maximum before rounding""}",[],0,0,,BC-HRRR/NSRDB,4328.66760929185,2022-07-19T23:00:00Z,1,available,
state,NY,modeled,31545.564974988934,2020-07-27T22:00:00Z,1,35064,35064,0,True,2019-01-01T00:00:00Z,2023-01-01T00:00:00Z,"[""paper_data/data/wtk_bchrrr_nsrdb_2007_2023/state_load/NY_wtk_bchrrr_nsrdb_2007_2023_load.parquet""]","{""paper_data/data/wtk_bchrrr_nsrdb_2007_2023/state_load/NY_wtk_bchrrr_nsrdb_2007_2023_load.parquet"":""a73f21ae0ac522babe0f49b47b1fc57da62edcd371ebfd6c0e3ac0fad0c02c94""}","{""GCAM_scaling"":false,""boundary"":""UTC start inclusive, end exclusive"",""column"":""load_mw__raw"",""duplicate_timestamp"":""last input occurrence"",""interpolation"":""none"",""method"":""finite raw modeled values"",""ties"":""earliest UTC exact maximum before rounding""}",[],0,0,,BC-HRRR/NSRDB,31545.564974988934,2020-07-27T22:00:00Z,1,available,
state,NC,modeled,31399.42847467372,2022-12-24T13:00:00Z,1,35064,35064,0,True,2019-01-01T00:00:00Z,2023-01-01T00:00:00Z,"[""paper_data/data/wtk_bchrrr_nsrdb_2007_2023/state_load/NC_wtk_bchrrr_nsrdb_2007_2023_load.parquet""]","{""paper_data/data/wtk_bchrrr_nsrdb_2007_2023/state_load/NC_wtk_bchrrr_nsrdb_2007_2023_load.parquet"":""6255537644923b7545919ee455f212bf1cf76aa65b78c9d1c74384b2045523a4""}","{""GCAM_scaling"":false,""boundary"":""UTC start inclusive, end exclusive"",""column"":""load_mw__raw"",""duplicate_timestamp"":""last input occurrence"",""interpolation"":""none"",""method"":""finite raw modeled values"",""ties"":""earliest UTC exact maximum before rounding""}",[],0,0,,BC-HRRR/NSRDB,31399.42847467372,2022-12-24T13:00:00Z,1,available,
state,ND,modeled,3810.1958736989495,2022-07-18T22:00:00Z,1,35064,35064,0,True,2019-01-01T00:00:00Z,2023-01-01T00:00:00Z,"[""paper_data/data/wtk_bchrrr_nsrdb_2007_2023/state_load/ND_wtk_bchrrr_nsrdb_2007_2023_load.parquet""]","{""paper_data/data/wtk_bchrrr_nsrdb_2007_2023/state_load/ND_wtk_bchrrr_nsrdb_2007_2023_load.parquet"":""ff933fcadd080334f2eff7bd74ca646e1ddcc992f4a110d86fdd53e24baba3ee""}","{""GCAM_scaling"":false,""boundary"":""UTC start inclusive, end exclusive"",""column"":""load_mw__raw"",""duplicate_timestamp"":""last input occurrence"",""interpolation"":""none"",""method"":""finite raw modeled values"",""ties"":""earliest UTC exact maximum before rounding""}",[],0,0,,BC-HRRR/NSRDB,3810.1958736989495,2022-07-18T22:00:00Z,1,available,
state,OH,modeled,25667.51554999311,2019-07-19T22:00:00Z,1,35064,35064,0,True,2019-01-01T00:00:00Z,2023-01-01T00:00:00Z,"[""paper_data/data/wtk_bchrrr_nsrdb_2007_2023/state_load/OH_wtk_bchrrr_nsrdb_2007_2023_load.parquet""]","{""paper_data/data/wtk_bchrrr_nsrdb_2007_2023/state_load/OH_wtk_bchrrr_nsrdb_2007_2023_load.parquet"":""fe0a0886514cfffc2dfa8b136edd73fcfa1ba7fcdb655f93a5a5317131327c2d""}","{""GCAM_scaling"":false,""boundary"":""UTC start inclusive, end exclusive"",""column"":""load_mw__raw"",""duplicate_timestamp"":""last input occurrence"",""interpolation"":""none"",""method"":""finite raw modeled values"",""ties"":""earliest UTC exact maximum before rounding""}",[],0,0,,BC-HRRR/NSRDB,25667.51554999311,2019-07-19T22:00:00Z,1,available,
state,OK,modeled,13225.008126281766,2022-07-19T23:00:00Z,1,35064,35064,0,True,2019-01-01T00:00:00Z,2023-01-01T00:00:00Z,"[""paper_data/data/wtk_bchrrr_nsrdb_2007_2023/state_load/OK_wtk_bchrrr_nsrdb_2007_2023_load.parquet""]","{""paper_data/data/wtk_bchrrr_nsrdb_2007_2023/state_load/OK_wtk_bchrrr_nsrdb_2007_2023_load.parquet"":""74e4cc578c8f6ab4c77dd40e6a1000ff6c77c06369856b5dc1f281df89587451""}","{""GCAM_scaling"":false,""boundary"":""UTC start inclusive, end exclusive"",""column"":""load_mw__raw"",""duplicate_timestamp"":""last input occurrence"",""interpolation"":""none"",""method"":""finite raw modeled values"",""ties"":""earliest UTC exact maximum before rounding""}",[],0,0,,BC-HRRR/NSRDB,13225.008126281766,2022-07-19T23:00:00Z,1,available,
state,OR,modeled,10942.941301992483,2021-06-29T01:00:00Z,1,35064,35064,0,True,2019-01-01T00:00:00Z,2023-01-01T00:00:00Z,"[""paper_data/data/wtk_bchrrr_nsrdb_2007_2023/state_load/OR_wtk_bchrrr_nsrdb_2007_2023_load.parquet""]","{""paper_data/data/wtk_bchrrr_nsrdb_2007_2023/state_load/OR_wtk_bchrrr_nsrdb_2007_2023_load.parquet"":""42f00c5d08077c58f3ab6ca6492b3f6def7c79d201e7ad8746826dd86f4da0dc""}","{""GCAM_scaling"":false,""boundary"":""UTC start inclusive, end exclusive"",""column"":""load_mw__raw"",""duplicate_timestamp"":""last input occurrence"",""interpolation"":""none"",""method"":""finite raw modeled values"",""ties"":""earliest UTC exact maximum before rounding""}",[],0,0,,BC-HRRR/NSRDB,10942.941301992483,2021-06-29T01:00:00Z,1,available,
state,PA,modeled,28134.116891144018,2019-07-19T22:00:00Z,1,35064,35064,0,True,2019-01-01T00:00:00Z,2023-01-01T00:00:00Z,"[""paper_data/data/wtk_bchrrr_nsrdb_2007_2023/state_load/PA_wtk_bchrrr_nsrdb_2007_2023_load.parquet""]","{""paper_data/data/wtk_bchrrr_nsrdb_2007_2023/state_load/PA_wtk_bchrrr_nsrdb_2007_2023_load.parquet"":""097a913c6cafe89b4c156a1a9264df4ee42af856ac073b94d071d5a925f22078""}","{""GCAM_scaling"":false,""boundary"":""UTC start inclusive, end exclusive"",""column"":""load_mw__raw"",""duplicate_timestamp"":""last input occurrence"",""interpolation"":""none"",""method"":""finite raw modeled values"",""ties"":""earliest UTC exact maximum before rounding""}",[],0,0,,BC-HRRR/NSRDB,28134.116891144018,2019-07-19T22:00:00Z,1,available,
state,RI,modeled,1637.3372178096688,2020-07-27T23:00:00Z,1,35064,35064,0,True,2019-01-01T00:00:00Z,2023-01-01T00:00:00Z,"[""paper_data/data/wtk_bchrrr_nsrdb_2007_2023/state_load/RI_wtk_bchrrr_nsrdb_2007_2023_load.parquet""]","{""paper_data/data/wtk_bchrrr_nsrdb_2007_2023/state_load/RI_wtk_bchrrr_nsrdb_2007_2023_load.parquet"":""d034dbbaade4522e0506a23e9b544759c901e09dcea74b1c3619c747f6a2af88""}","{""GCAM_scaling"":false,""boundary"":""UTC start inclusive, end exclusive"",""column"":""load_mw__raw"",""duplicate_timestamp"":""last input occurrence"",""interpolation"":""none"",""method"":""finite raw modeled values"",""ties"":""earliest UTC exact maximum before rounding""}",[],0,0,,BC-HRRR/NSRDB,1637.3372178096688,2020-07-27T23:00:00Z,1,available,
state,SC,modeled,16216.00162571978,2022-12-24T13:00:00Z,1,35064,35064,0,True,2019-01-01T00:00:00Z,2023-01-01T00:00:00Z,"[""paper_data/data/wtk_bchrrr_nsrdb_2007_2023/state_load/SC_wtk_bchrrr_nsrdb_2007_2023_load.parquet""]","{""paper_data/data/wtk_bchrrr_nsrdb_2007_2023/state_load/SC_wtk_bchrrr_nsrdb_2007_2023_load.parquet"":""5266f818e4d3d78af33eb1d28ee94987cd26cde962f4ab942a5bc45815e499bb""}","{""GCAM_scaling"":false,""boundary"":""UTC start inclusive, end exclusive"",""column"":""load_mw__raw"",""duplicate_timestamp"":""last input occurrence"",""interpolation"":""none"",""method"":""finite raw modeled values"",""ties"":""earliest UTC exact maximum before rounding""}",[],0,0,,BC-HRRR/NSRDB,16216.00162571978,2022-12-24T13:00:00Z,1,available,
state,SD,modeled,4254.63930741041,2022-07-18T22:00:00Z,1,35064,35064,0,True,2019-01-01T00:00:00Z,2023-01-01T00:00:00Z,"[""paper_data/data/wtk_bchrrr_nsrdb_2007_2023/state_load/SD_wtk_bchrrr_nsrdb_2007_2023_load.parquet""]","{""paper_data/data/wtk_bchrrr_nsrdb_2007_2023/state_load/SD_wtk_bchrrr_nsrdb_2007_2023_load.parquet"":""c075027992827a1ec623c515160412c6ee0455c180b2ce4d8400412636ce7a1b""}","{""GCAM_scaling"":false,""boundary"":""UTC start inclusive, end exclusive"",""column"":""load_mw__raw"",""duplicate_timestamp"":""last input occurrence"",""interpolation"":""none"",""method"":""finite raw modeled values"",""ties"":""earliest UTC exact maximum before rounding""}",[],0,0,,BC-HRRR/NSRDB,4254.63930741041,2022-07-18T22:00:00Z,1,available,
state,TN,modeled,19439.852709146606,2022-12-24T13:00:00Z,1,35064,35064,0,True,2019-01-01T00:00:00Z,2023-01-01T00:00:00Z,"[""paper_data/data/wtk_bchrrr_nsrdb_2007_2023/state_load/TN_wtk_bchrrr_nsrdb_2007_2023_load.parquet""]","{""paper_data/data/wtk_bchrrr_nsrdb_2007_2023/state_load/TN_wtk_bchrrr_nsrdb_2007_2023_load.parquet"":""29941b45f8a0ae62568dd6f25b06615cd6ab7a8ce5dbb905ce6bea157793d551""}","{""GCAM_scaling"":false,""boundary"":""UTC start inclusive, end exclusive"",""column"":""load_mw__raw"",""duplicate_timestamp"":""last input occurrence"",""interpolation"":""none"",""method"":""finite raw modeled values"",""ties"":""earliest UTC exact maximum before rounding""}",[],0,0,,BC-HRRR/NSRDB,19439.852709146606,2022-12-24T13:00:00Z,1,available,
state,TX,modeled,102483.59068972648,2022-07-20T22:00:00Z,1,35064,35064,0,True,2019-01-01T00:00:00Z,2023-01-01T00:00:00Z,"[""paper_data/data/wtk_bchrrr_nsrdb_2007_2023/state_load/TX_wtk_bchrrr_nsrdb_2007_2023_load.parquet""]","{""paper_data/data/wtk_bchrrr_nsrdb_2007_2023/state_load/TX_wtk_bchrrr_nsrdb_2007_2023_load.parquet"":""ae8a58d26c82d73b77df3b54aa53b3e1f1c009b76d19ad4cce8ba00945e44c64""}","{""GCAM_scaling"":false,""boundary"":""UTC start inclusive, end exclusive"",""column"":""load_mw__raw"",""duplicate_timestamp"":""last input occurrence"",""interpolation"":""none"",""method"":""finite raw modeled values"",""ties"":""earliest UTC exact maximum before rounding""}",[],0,0,,BC-HRRR/NSRDB,102483.59068972648,2022-07-20T22:00:00Z,1,available,
state,UT,modeled,6693.830390884933,2021-07-08T01:00:00Z,1,35064,35064,0,True,2019-01-01T00:00:00Z,2023-01-01T00:00:00Z,"[""paper_data/data/wtk_bchrrr_nsrdb_2007_2023/state_load/UT_wtk_bchrrr_nsrdb_2007_2023_load.parquet""]","{""paper_data/data/wtk_bchrrr_nsrdb_2007_2023/state_load/UT_wtk_bchrrr_nsrdb_2007_2023_load.parquet"":""39ffcf4d0f92d3ad7701edd885fad4bb839dd7cfd97666dbf2034e06f0dbc17f""}","{""GCAM_scaling"":false,""boundary"":""UTC start inclusive, end exclusive"",""column"":""load_mw__raw"",""duplicate_timestamp"":""last input occurrence"",""interpolation"":""none"",""method"":""finite raw modeled values"",""ties"":""earliest UTC exact maximum before rounding""}",[],0,0,,BC-HRRR/NSRDB,6693.830390884933,2021-07-08T01:00:00Z,1,available,
state,VT,modeled,965.4764031784355,2020-07-27T23:00:00Z,1,35064,35064,0,True,2019-01-01T00:00:00Z,2023-01-01T00:00:00Z,"[""paper_data/data/wtk_bchrrr_nsrdb_2007_2023/state_load/VT_wtk_bchrrr_nsrdb_2007_2023_load.parquet""]","{""paper_data/data/wtk_bchrrr_nsrdb_2007_2023/state_load/VT_wtk_bchrrr_nsrdb_2007_2023_load.parquet"":""22e1fb918c11789ea6c66b1d64395452fbaa21ef7632fd54b26c45ad578c982d""}","{""GCAM_scaling"":false,""boundary"":""UTC start inclusive, end exclusive"",""column"":""load_mw__raw"",""duplicate_timestamp"":""last input occurrence"",""interpolation"":""none"",""method"":""finite raw modeled values"",""ties"":""earliest UTC exact maximum before rounding""}",[],0,0,,BC-HRRR/NSRDB,965.4764031784355,2020-07-27T23:00:00Z,1,available,
state,VA,modeled,19336.89828937601,2019-07-19T22:00:00Z,1,35064,35064,0,True,2019-01-01T00:00:00Z,2023-01-01T00:00:00Z,"[""paper_data/data/wtk_bchrrr_nsrdb_2007_2023/state_load/VA_wtk_bchrrr_nsrdb_2007_2023_load.parquet""]","{""paper_data/data/wtk_bchrrr_nsrdb_2007_2023/state_load/VA_wtk_bchrrr_nsrdb_2007_2023_load.parquet"":""fc1fe5fc84cde161a5df79f91a1b530706be9a96785158b94c6fa31a03d38ba0""}","{""GCAM_scaling"":false,""boundary"":""UTC start inclusive, end exclusive"",""column"":""load_mw__raw"",""duplicate_timestamp"":""last input occurrence"",""interpolation"":""none"",""method"":""finite raw modeled values"",""ties"":""earliest UTC exact maximum before rounding""}",[],0,0,,BC-HRRR/NSRDB,19336.89828937601,2019-07-19T22:00:00Z,1,available,
state,WA,modeled,18104.124479779017,2022-12-22T17:00:00Z,1,35064,35064,0,True,2019-01-01T00:00:00Z,2023-01-01T00:00:00Z,"[""paper_data/data/wtk_bchrrr_nsrdb_2007_2023/state_load/WA_wtk_bchrrr_nsrdb_2007_2023_load.parquet""]","{""paper_data/data/wtk_bchrrr_nsrdb_2007_2023/state_load/WA_wtk_bchrrr_nsrdb_2007_2023_load.parquet"":""759e832eaa02b1f5427cb09263865c66babccfd0c2e45a581dac178d969decd5""}","{""GCAM_scaling"":false,""boundary"":""UTC start inclusive, end exclusive"",""column"":""load_mw__raw"",""duplicate_timestamp"":""last input occurrence"",""interpolation"":""none"",""method"":""finite raw modeled values"",""ties"":""earliest UTC exact maximum before rounding""}",[],0,0,,BC-HRRR/NSRDB,18104.124479779017,2022-12-22T17:00:00Z,1,available,
state,WV,modeled,3917.745482353193,2019-07-19T22:00:00Z,1,35064,35064,0,True,2019-01-01T00:00:00Z,2023-01-01T00:00:00Z,"[""paper_data/data/wtk_bchrrr_nsrdb_2007_2023/state_load/WV_wtk_bchrrr_nsrdb_2007_2023_load.parquet""]","{""paper_data/data/wtk_bchrrr_nsrdb_2007_2023/state_load/WV_wtk_bchrrr_nsrdb_2007_2023_load.parquet"":""4bca744cb7c318f825b1463bc004eb7291be2f86e9d29bf16c50385f2f73087f""}","{""GCAM_scaling"":false,""boundary"":""UTC start inclusive, end exclusive"",""column"":""load_mw__raw"",""duplicate_timestamp"":""last input occurrence"",""interpolation"":""none"",""method"":""finite raw modeled values"",""ties"":""earliest UTC exact maximum before rounding""}",[],0,0,,BC-HRRR/NSRDB,3917.745482353193,2019-07-19T22:00:00Z,1,available,
state,WI,modeled,11668.35375510409,2022-06-21T23:00:00Z,1,35064,35064,0,True,2019-01-01T00:00:00Z,2023-01-01T00:00:00Z,"[""paper_data/data/wtk_bchrrr_nsrdb_2007_2023/state_load/WI_wtk_bchrrr_nsrdb_2007_2023_load.parquet""]","{""paper_data/data/wtk_bchrrr_nsrdb_2007_2023/state_load/WI_wtk_bchrrr_nsrdb_2007_2023_load.parquet"":""fe56abd3a18b0053ceb855174f6c5c3a793e2ac482ea38b5b55bf2079a3da642""}","{""GCAM_scaling"":false,""boundary"":""UTC start inclusive, end exclusive"",""column"":""load_mw__raw"",""duplicate_timestamp"":""last input occurrence"",""interpolation"":""none"",""method"":""finite raw modeled values"",""ties"":""earliest UTC exact maximum before rounding""}",[],0,0,,BC-HRRR/NSRDB,11668.35375510409,2022-06-21T23:00:00Z,1,available,
state,WY,modeled,1102.9569181481802,2020-08-19T00:00:00Z,1,35064,35064,0,True,2019-01-01T00:00:00Z,2023-01-01T00:00:00Z,"[""paper_data/data/wtk_bchrrr_nsrdb_2007_2023/state_load/WY_wtk_bchrrr_nsrdb_2007_2023_load.parquet""]","{""paper_data/data/wtk_bchrrr_nsrdb_2007_2023/state_load/WY_wtk_bchrrr_nsrdb_2007_2023_load.parquet"":""0cc83066742ede2bacf4a9c34a66883770fc95f8d3ee816d98e36aea499719b1""}","{""GCAM_scaling"":false,""boundary"":""UTC start inclusive, end exclusive"",""column"":""load_mw__raw"",""duplicate_timestamp"":""last input occurrence"",""interpolation"":""none"",""method"":""finite raw modeled values"",""ties"":""earliest UTC exact maximum before rounding""}",[],0,0,,BC-HRRR/NSRDB,1102.9569181481802,2020-08-19T00:00:00Z,1,available,
