time_utc,wind_actual_mw
2022-01-01T00:00:00Z,12695.0
2022-01-01T01:00:00Z,12742.0
2022-01-01T02:00:00Z,13266.0
2022-01-01T03:00:00Z,13308.0
2022-01-01T04:00:00Z,13184.0
2022-01-01T05:00:00Z,12825.0
2022-01-01T06:00:00Z,13153.0
2022-01-01T07:00:00Z,13291.0
2022-01-01T08:00:00Z,13460.0
2022-01-01T09:00:00Z,13840.0
2022-01-01T10:00:00Z,14083.0
2022-01-01T11:00:00Z,14330.0
2022-01-01T12:00:00Z,14239.0
2022-01-01T13:00:00Z,14391.0
2022-01-01T14:00:00Z,13941.0
2022-01-01T15:00:00Z,14167.0
2022-01-01T16:00:00Z,13785.0
2022-01-01T17:00:00Z,13269.0
2022-01-01T18:00:00Z,12551.0
2022-01-01T19:00:00Z,13177.0
2022-01-01T20:00:00Z,13368.0
2022-01-01T21:00:00Z,13814.0
2022-01-01T22:00:00Z,14147.0
2022-01-01T23:00:00Z,13711.0
2022-01-02T00:00:00Z,13396.0
2022-01-02T01:00:00Z,13249.0
2022-01-02T02:00:00Z,13214.0
2022-01-02T03:00:00Z,13040.0
2022-01-02T04:00:00Z,12641.0
2022-01-02T05:00:00Z,11782.0
2022-01-02T06:00:00Z,10572.0
2022-01-02T07:00:00Z,9871.0
2022-01-02T08:00:00Z,9710.0
2022-01-02T09:00:00Z,9052.0
2022-01-02T10:00:00Z,8473.0
2022-01-02T11:00:00Z,8152.0
2022-01-02T12:00:00Z,8023.0
2022-01-02T13:00:00Z,7768.0
2022-01-02T14:00:00Z,7403.0
2022-01-02T15:00:00Z,7505.0
2022-01-02T16:00:00Z,7184.0
2022-01-02T17:00:00Z,6376.0
2022-01-02T18:00:00Z,5783.0
2022-01-02T19:00:00Z,5369.0
2022-01-02T20:00:00Z,5371.0
2022-01-02T21:00:00Z,5118.0
2022-01-02T22:00:00Z,4994.0
2022-01-02T23:00:00Z,5097.0
2022-01-03T00:00:00Z,6357.0
2022-01-03T01:00:00Z,8702.0
2022-01-03T02:00:00Z,10180.0
2022-01-03T03:00:00Z,11421.0
2022-01-03T04:00:00Z,12505.0
2022-01-03T05:00:00Z,13594.0
2022-01-03T06:00:00Z,13891.0
2022-01-03T07:00:00Z,13847.0
2022-01-03T08:00:00Z,13622.0
2022-01-03T09:00:00Z,13101.0
2022-01-03T10:00:00Z,12892.0
2022-01-03T11:00:00Z,12464.0
2022-01-03T12:00:00Z,11658.0
2022-01-03T13:00:00Z,11203.0
2022-01-03T14:00:00Z,10178.0
2022-01-03T15:00:00Z,9268.0
2022-01-03T16:00:00Z,8092.0
2022-01-03T17:00:00Z,6016.0
2022-01-03T18:00:00Z,5574.0
2022-01-03T19:00:00Z,6069.0
2022-01-03T20:00:00Z,7426.0
2022-01-03T21:00:00Z,9258.0
2022-01-03T22:00:00Z,11110.0
2022-01-03T23:00:00Z,12987.0
2022-01-04T00:00:00Z,15178.0
2022-01-04T01:00:00Z,16953.0
2022-01-04T02:00:00Z,17487.0
2022-01-04T03:00:00Z,17701.0
2022-01-04T04:00:00Z,18143.0
2022-01-04T05:00:00Z,18385.0
2022-01-04T06:00:00Z,18471.0
2022-01-04T07:00:00Z,18491.0
2022-01-04T08:00:00Z,18029.0
2022-01-04T09:00:00Z,17926.0
2022-01-04T10:00:00Z,18174.0
2022-01-04T11:00:00Z,18248.0
2022-01-04T12:00:00Z,18212.0
2022-01-04T13:00:00Z,18452.0
2022-01-04T14:00:00Z,19410.0
2022-01-04T15:00:00Z,19175.0
2022-01-04T16:00:00Z,18528.0
2022-01-04T17:00:00Z,17718.0
2022-01-04T18:00:00Z,17670.0
2022-01-04T19:00:00Z,18246.0
2022-01-04T20:00:00Z,18012.0
2022-01-04T21:00:00Z,17607.0
2022-01-04T22:00:00Z,18204.0
2022-01-04T23:00:00Z,18915.0
2022-01-05T00:00:00Z,19534.0
2022-01-05T01:00:00Z,19715.0
2022-01-05T02:00:00Z,20159.0
2022-01-05T03:00:00Z,20615.0
2022-01-05T04:00:00Z,21263.0
2022-01-05T05:00:00Z,21304.0
2022-01-05T06:00:00Z,21289.0
2022-01-05T07:00:00Z,21183.0
2022-01-05T08:00:00Z,21212.0
2022-01-05T09:00:00Z,20985.0
2022-01-05T10:00:00Z,21063.0
2022-01-05T11:00:00Z,21297.0
2022-01-05T12:00:00Z,21527.0
2022-01-05T13:00:00Z,22034.0
2022-01-05T14:00:00Z,22518.0
2022-01-05T15:00:00Z,22155.0
2022-01-05T16:00:00Z,22239.0
2022-01-05T17:00:00Z,22555.0
2022-01-05T18:00:00Z,22691.0
2022-01-05T19:00:00Z,22727.0
2022-01-05T20:00:00Z,22585.0
2022-01-05T21:00:00Z,22714.0
2022-01-05T22:00:00Z,22579.0
2022-01-05T23:00:00Z,22782.0
2022-01-06T00:00:00Z,22921.0
2022-01-06T01:00:00Z,22644.0
2022-01-06T02:00:00Z,22444.0
2022-01-06T03:00:00Z,22171.0
2022-01-06T04:00:00Z,21556.0
2022-01-06T05:00:00Z,20929.0
2022-01-06T06:00:00Z,20410.0
2022-01-06T07:00:00Z,19985.0
2022-01-06T08:00:00Z,19058.0
2022-01-06T09:00:00Z,18165.0
2022-01-06T10:00:00Z,17361.0
2022-01-06T11:00:00Z,16921.0
2022-01-06T12:00:00Z,16730.0
2022-01-06T13:00:00Z,16463.0
2022-01-06T14:00:00Z,15960.0
2022-01-06T15:00:00Z,15282.0
2022-01-06T16:00:00Z,15486.0
2022-01-06T17:00:00Z,14845.0
2022-01-06T18:00:00Z,14084.0
2022-01-06T19:00:00Z,13910.0
2022-01-06T20:00:00Z,13998.0
2022-01-06T21:00:00Z,13619.0
2022-01-06T22:00:00Z,12985.0
2022-01-06T23:00:00Z,11711.0
2022-01-07T00:00:00Z,9928.0
2022-01-07T01:00:00Z,8359.0
2022-01-07T02:00:00Z,7345.0
2022-01-07T03:00:00Z,6989.0
2022-01-07T04:00:00Z,6544.0
2022-01-07T05:00:00Z,5474.0
2022-01-07T06:00:00Z,4673.0
2022-01-07T07:00:00Z,4326.0
2022-01-07T08:00:00Z,3982.0
2022-01-07T09:00:00Z,3604.0
2022-01-07T10:00:00Z,3347.0
2022-01-07T11:00:00Z,3546.0
2022-01-07T12:00:00Z,3485.0
2022-01-07T13:00:00Z,3692.0
2022-01-07T14:00:00Z,4212.0
2022-01-07T15:00:00Z,5046.0
2022-01-07T16:00:00Z,6007.0
2022-01-07T17:00:00Z,7086.0
2022-01-07T18:00:00Z,8813.0
2022-01-07T19:00:00Z,10530.0
2022-01-07T20:00:00Z,11621.0
2022-01-07T21:00:00Z,12401.0
2022-01-07T22:00:00Z,13351.0
2022-01-07T23:00:00Z,14511.0
2022-01-08T00:00:00Z,15401.0
2022-01-08T01:00:00Z,15947.0
2022-01-08T02:00:00Z,16893.0
2022-01-08T03:00:00Z,17637.0
2022-01-08T04:00:00Z,17865.0
2022-01-08T05:00:00Z,18217.0
2022-01-08T06:00:00Z,18205.0
2022-01-08T07:00:00Z,18653.0
2022-01-08T08:00:00Z,19001.0
2022-01-08T09:00:00Z,19335.0
2022-01-08T10:00:00Z,19815.0
2022-01-08T11:00:00Z,20340.0
2022-01-08T12:00:00Z,20749.0
2022-01-08T13:00:00Z,21010.0
2022-01-08T14:00:00Z,21187.0
2022-01-08T15:00:00Z,21223.0
2022-01-08T16:00:00Z,21424.0
2022-01-08T17:00:00Z,21587.0
2022-01-08T18:00:00Z,21101.0
2022-01-08T19:00:00Z,20351.0
2022-01-08T20:00:00Z,17952.0
2022-01-08T21:00:00Z,14961.0
2022-01-08T22:00:00Z,12580.0
2022-01-08T23:00:00Z,12400.0
2022-01-09T00:00:00Z,13249.0
2022-01-09T01:00:00Z,13905.0
2022-01-09T02:00:00Z,14162.0
2022-01-09T03:00:00Z,15505.0
2022-01-09T04:00:00Z,17000.0
2022-01-09T05:00:00Z,18496.0
2022-01-09T06:00:00Z,19432.0
2022-01-09T07:00:00Z,19572.0
2022-01-09T08:00:00Z,20236.0
2022-01-09T09:00:00Z,20072.0
2022-01-09T10:00:00Z,19752.0
2022-01-09T11:00:00Z,20117.0
2022-01-09T12:00:00Z,20226.0
2022-01-09T13:00:00Z,19914.0
2022-01-09T14:00:00Z,19170.0
2022-01-09T15:00:00Z,18211.0
2022-01-09T16:00:00Z,17039.0
2022-01-09T17:00:00Z,15164.0
2022-01-09T18:00:00Z,13430.0
2022-01-09T19:00:00Z,11869.0
2022-01-09T20:00:00Z,10874.0
2022-01-09T21:00:00Z,10259.0
2022-01-09T22:00:00Z,9313.0
2022-01-09T23:00:00Z,7612.0
2022-01-10T00:00:00Z,7086.0
2022-01-10T01:00:00Z,7557.0
2022-01-10T02:00:00Z,8848.0
2022-01-10T03:00:00Z,9495.0
2022-01-10T04:00:00Z,10186.0
2022-01-10T05:00:00Z,10237.0
2022-01-10T06:00:00Z,9896.0
2022-01-10T07:00:00Z,9771.0
2022-01-10T08:00:00Z,9301.0
2022-01-10T09:00:00Z,9092.0
2022-01-10T10:00:00Z,8775.0
2022-01-10T11:00:00Z,8698.0
2022-01-10T12:00:00Z,8433.0
2022-01-10T13:00:00Z,8873.0
2022-01-10T14:00:00Z,7968.0
2022-01-10T15:00:00Z,6701.0
2022-01-10T16:00:00Z,6188.0
2022-01-10T17:00:00Z,6089.0
2022-01-10T18:00:00Z,5993.0
2022-01-10T19:00:00Z,6083.0
2022-01-10T20:00:00Z,6374.0
2022-01-10T21:00:00Z,6502.0
2022-01-10T22:00:00Z,6280.0
2022-01-10T23:00:00Z,6140.0
2022-01-11T00:00:00Z,6652.0
2022-01-11T01:00:00Z,7981.0
2022-01-11T02:00:00Z,10161.0
2022-01-11T03:00:00Z,11434.0
2022-01-11T04:00:00Z,12585.0
2022-01-11T05:00:00Z,12920.0
2022-01-11T06:00:00Z,13020.0
2022-01-11T07:00:00Z,13559.0
2022-01-11T08:00:00Z,14647.0
2022-01-11T09:00:00Z,14893.0
2022-01-11T10:00:00Z,15724.0
2022-01-11T11:00:00Z,16470.0
2022-01-11T12:00:00Z,16461.0
2022-01-11T13:00:00Z,17184.0
2022-01-11T14:00:00Z,18013.0
2022-01-11T15:00:00Z,18508.0
2022-01-11T16:00:00Z,18924.0
2022-01-11T17:00:00Z,19444.0
2022-01-11T18:00:00Z,19949.0
2022-01-11T19:00:00Z,20215.0
2022-01-11T20:00:00Z,20554.0
2022-01-11T21:00:00Z,20233.0
2022-01-11T22:00:00Z,20606.0
2022-01-11T23:00:00Z,21020.0
2022-01-12T00:00:00Z,21398.0
2022-01-12T01:00:00Z,21730.0
2022-01-12T02:00:00Z,21537.0
2022-01-12T03:00:00Z,20563.0
2022-01-12T04:00:00Z,19743.0
2022-01-12T05:00:00Z,18532.0
2022-01-12T06:00:00Z,17876.0
2022-01-12T07:00:00Z,17699.0
2022-01-12T08:00:00Z,16902.0
2022-01-12T09:00:00Z,15620.0
2022-01-12T10:00:00Z,15193.0
2022-01-12T11:00:00Z,15020.0
2022-01-12T12:00:00Z,14699.0
2022-01-12T13:00:00Z,14191.0
2022-01-12T14:00:00Z,13771.0
2022-01-12T15:00:00Z,11928.0
2022-01-12T16:00:00Z,8823.0
2022-01-12T17:00:00Z,6116.0
2022-01-12T18:00:00Z,4684.0
2022-01-12T19:00:00Z,3533.0
2022-01-12T20:00:00Z,4161.0
2022-01-12T21:00:00Z,5786.0
2022-01-12T22:00:00Z,7273.0
2022-01-12T23:00:00Z,7596.0
2022-01-13T00:00:00Z,7422.0
2022-01-13T01:00:00Z,7172.0
2022-01-13T02:00:00Z,6998.0
2022-01-13T03:00:00Z,6458.0
2022-01-13T04:00:00Z,5961.0
2022-01-13T05:00:00Z,5793.0
2022-01-13T06:00:00Z,5909.0
2022-01-13T07:00:00Z,6097.0
2022-01-13T08:00:00Z,6077.0
2022-01-13T09:00:00Z,6149.0
2022-01-13T10:00:00Z,7120.0
2022-01-13T11:00:00Z,8436.0
2022-01-13T12:00:00Z,9327.0
2022-01-13T13:00:00Z,10249.0
2022-01-13T14:00:00Z,10799.0
2022-01-13T15:00:00Z,10897.0
2022-01-13T16:00:00Z,9629.0
2022-01-13T17:00:00Z,8391.0
2022-01-13T18:00:00Z,8180.0
2022-01-13T19:00:00Z,8495.0
2022-01-13T20:00:00Z,9004.0
2022-01-13T21:00:00Z,9236.0
2022-01-13T22:00:00Z,9146.0
2022-01-13T23:00:00Z,8679.0
2022-01-14T00:00:00Z,9105.0
2022-01-14T01:00:00Z,9349.0
2022-01-14T02:00:00Z,9042.0
2022-01-14T03:00:00Z,7696.0
2022-01-14T04:00:00Z,6237.0
2022-01-14T05:00:00Z,4820.0
2022-01-14T06:00:00Z,4130.0
2022-01-14T07:00:00Z,3924.0
2022-01-14T08:00:00Z,4290.0
2022-01-14T09:00:00Z,4660.0
2022-01-14T10:00:00Z,4926.0
2022-01-14T11:00:00Z,5749.0
2022-01-14T12:00:00Z,6410.0
2022-01-14T13:00:00Z,7562.0
2022-01-14T14:00:00Z,8752.0
2022-01-14T15:00:00Z,9498.0
2022-01-14T16:00:00Z,10596.0
2022-01-14T17:00:00Z,11846.0
2022-01-14T18:00:00Z,13077.0
2022-01-14T19:00:00Z,13020.0
2022-01-14T20:00:00Z,13483.0
2022-01-14T21:00:00Z,14522.0
2022-01-14T22:00:00Z,15572.0
2022-01-14T23:00:00Z,16324.0
2022-01-15T00:00:00Z,16788.0
2022-01-15T01:00:00Z,17067.0
2022-01-15T02:00:00Z,17004.0
2022-01-15T03:00:00Z,16835.0
2022-01-15T04:00:00Z,17123.0
2022-01-15T05:00:00Z,17968.0
2022-01-15T06:00:00Z,18080.0
2022-01-15T07:00:00Z,18075.0
2022-01-15T08:00:00Z,17722.0
2022-01-15T09:00:00Z,17149.0
2022-01-15T10:00:00Z,16558.0
2022-01-15T11:00:00Z,16635.0
2022-01-15T12:00:00Z,16436.0
2022-01-15T13:00:00Z,15564.0
2022-01-15T14:00:00Z,15150.0
2022-01-15T15:00:00Z,14582.0
2022-01-15T16:00:00Z,12818.0
2022-01-15T17:00:00Z,10335.0
2022-01-15T18:00:00Z,8870.0
2022-01-15T19:00:00Z,7870.0
2022-01-15T20:00:00Z,7413.0
2022-01-15T21:00:00Z,7149.0
2022-01-15T22:00:00Z,7169.0
2022-01-15T23:00:00Z,6821.0
2022-01-16T00:00:00Z,6980.0
2022-01-16T01:00:00Z,7095.0
2022-01-16T02:00:00Z,7981.0
2022-01-16T03:00:00Z,9539.0
2022-01-16T04:00:00Z,11112.0
2022-01-16T05:00:00Z,12128.0
2022-01-16T06:00:00Z,12497.0
2022-01-16T07:00:00Z,13182.0
2022-01-16T08:00:00Z,13182.0
2022-01-16T09:00:00Z,13681.0
2022-01-16T10:00:00Z,13547.0
2022-01-16T11:00:00Z,13464.0
2022-01-16T12:00:00Z,13348.0
2022-01-16T13:00:00Z,12713.0
2022-01-16T14:00:00Z,11869.0
2022-01-16T15:00:00Z,10565.0
2022-01-16T16:00:00Z,9756.0
2022-01-16T17:00:00Z,9280.0
2022-01-16T18:00:00Z,8999.0
2022-01-16T19:00:00Z,9369.0
2022-01-16T20:00:00Z,9227.0
2022-01-16T21:00:00Z,9455.0
2022-01-16T22:00:00Z,10629.0
2022-01-16T23:00:00Z,11452.0
2022-01-17T00:00:00Z,12784.0
2022-01-17T01:00:00Z,14572.0
2022-01-17T02:00:00Z,14812.0
2022-01-17T03:00:00Z,14341.0
2022-01-17T04:00:00Z,14383.0
2022-01-17T05:00:00Z,14212.0
2022-01-17T06:00:00Z,14427.0
2022-01-17T07:00:00Z,14357.0
2022-01-17T08:00:00Z,13836.0
2022-01-17T09:00:00Z,13468.0
2022-01-17T10:00:00Z,12826.0
2022-01-17T11:00:00Z,12482.0
2022-01-17T12:00:00Z,11802.0
2022-01-17T13:00:00Z,11623.0
2022-01-17T14:00:00Z,10500.0
2022-01-17T15:00:00Z,9347.0
2022-01-17T16:00:00Z,9064.0
2022-01-17T17:00:00Z,8214.0
2022-01-17T18:00:00Z,6891.0
2022-01-17T19:00:00Z,6141.0
2022-01-17T20:00:00Z,6186.0
2022-01-17T21:00:00Z,5980.0
2022-01-17T22:00:00Z,6254.0
2022-01-17T23:00:00Z,6230.0
2022-01-18T00:00:00Z,6787.0
2022-01-18T01:00:00Z,9003.0
2022-01-18T02:00:00Z,11004.0
2022-01-18T03:00:00Z,12608.0
2022-01-18T04:00:00Z,13791.0
2022-01-18T05:00:00Z,13871.0
2022-01-18T06:00:00Z,14015.0
2022-01-18T07:00:00Z,14152.0
2022-01-18T08:00:00Z,14394.0
2022-01-18T09:00:00Z,15122.0
2022-01-18T10:00:00Z,15078.0
2022-01-18T11:00:00Z,15327.0
2022-01-18T12:00:00Z,15287.0
2022-01-18T13:00:00Z,15261.0
2022-01-18T14:00:00Z,16398.0
2022-01-18T15:00:00Z,17024.0
2022-01-18T16:00:00Z,17521.0
2022-01-18T17:00:00Z,17353.0
2022-01-18T18:00:00Z,17352.0
2022-01-18T19:00:00Z,17754.0
2022-01-18T20:00:00Z,18328.0
2022-01-18T21:00:00Z,18808.0
2022-01-18T22:00:00Z,19358.0
2022-01-18T23:00:00Z,19886.0
2022-01-19T00:00:00Z,21099.0
2022-01-19T01:00:00Z,22054.0
2022-01-19T02:00:00Z,22798.0
2022-01-19T03:00:00Z,23286.0
2022-01-19T04:00:00Z,23186.0
2022-01-19T05:00:00Z,22884.0
2022-01-19T06:00:00Z,22861.0
2022-01-19T07:00:00Z,22287.0
2022-01-19T08:00:00Z,22029.0
2022-01-19T09:00:00Z,22023.0
2022-01-19T10:00:00Z,19072.0
2022-01-19T11:00:00Z,19201.0
2022-01-19T12:00:00Z,19414.0
2022-01-19T13:00:00Z,20272.0
2022-01-19T14:00:00Z,21014.0
2022-01-19T15:00:00Z,20851.0
2022-01-19T16:00:00Z,21672.0
2022-01-19T17:00:00Z,21968.0
2022-01-19T18:00:00Z,21726.0
2022-01-19T19:00:00Z,21543.0
2022-01-19T20:00:00Z,21214.0
2022-01-19T21:00:00Z,21116.0
2022-01-19T22:00:00Z,20843.0
2022-01-19T23:00:00Z,20168.0
2022-01-20T00:00:00Z,19351.0
2022-01-20T01:00:00Z,19926.0
2022-01-20T02:00:00Z,19739.0
2022-01-20T03:00:00Z,19015.0
2022-01-20T04:00:00Z,17937.0
2022-01-20T05:00:00Z,16613.0
2022-01-20T06:00:00Z,15645.0
2022-01-20T07:00:00Z,14761.0
2022-01-20T08:00:00Z,13953.0
2022-01-20T09:00:00Z,12404.0
2022-01-20T10:00:00Z,11545.0
2022-01-20T11:00:00Z,10820.0
2022-01-20T12:00:00Z,9841.0
2022-01-20T13:00:00Z,8672.0
2022-01-20T14:00:00Z,7454.0
2022-01-20T15:00:00Z,6318.0
2022-01-20T16:00:00Z,4684.0
2022-01-20T17:00:00Z,3395.0
2022-01-20T18:00:00Z,3024.0
2022-01-20T19:00:00Z,3141.0
2022-01-20T20:00:00Z,3301.0
2022-01-20T21:00:00Z,3347.0
2022-01-20T22:00:00Z,3350.0
2022-01-20T23:00:00Z,3572.0
2022-01-21T00:00:00Z,4014.0
2022-01-21T01:00:00Z,4866.0
2022-01-21T02:00:00Z,5788.0
2022-01-21T03:00:00Z,6861.0
2022-01-21T04:00:00Z,7784.0
2022-01-21T05:00:00Z,8475.0
2022-01-21T06:00:00Z,8988.0
2022-01-21T07:00:00Z,9792.0
2022-01-21T08:00:00Z,10520.0
2022-01-21T09:00:00Z,11134.0
2022-01-21T10:00:00Z,11725.0
2022-01-21T11:00:00Z,12427.0
2022-01-21T12:00:00Z,12955.0
2022-01-21T13:00:00Z,13428.0
2022-01-21T14:00:00Z,14245.0
2022-01-21T15:00:00Z,14977.0
2022-01-21T16:00:00Z,14514.0
2022-01-21T17:00:00Z,13950.0
2022-01-21T18:00:00Z,13921.0
2022-01-21T19:00:00Z,14628.0
2022-01-21T20:00:00Z,15488.0
2022-01-21T21:00:00Z,16387.0
2022-01-21T22:00:00Z,17118.0
2022-01-21T23:00:00Z,17219.0
2022-01-22T00:00:00Z,17599.0
2022-01-22T01:00:00Z,18268.0
2022-01-22T02:00:00Z,18963.0
2022-01-22T03:00:00Z,19215.0
2022-01-22T04:00:00Z,19734.0
2022-01-22T05:00:00Z,19641.0
2022-01-22T06:00:00Z,19468.0
2022-01-22T07:00:00Z,19535.0
2022-01-22T08:00:00Z,18912.0
2022-01-22T09:00:00Z,18623.0
2022-01-22T10:00:00Z,18783.0
2022-01-22T11:00:00Z,18469.0
2022-01-22T12:00:00Z,18769.0
2022-01-22T13:00:00Z,18991.0
2022-01-22T14:00:00Z,18959.0
2022-01-22T15:00:00Z,18132.0
2022-01-22T16:00:00Z,16177.0
2022-01-22T17:00:00Z,14021.0
2022-01-22T18:00:00Z,11979.0
2022-01-22T19:00:00Z,10325.0
2022-01-22T20:00:00Z,8700.0
2022-01-22T21:00:00Z,8696.0
2022-01-22T22:00:00Z,9963.0
2022-01-22T23:00:00Z,11363.0
2022-01-23T00:00:00Z,12031.0
2022-01-23T01:00:00Z,13101.0
2022-01-23T02:00:00Z,13979.0
2022-01-23T03:00:00Z,13574.0
2022-01-23T04:00:00Z,13692.0
2022-01-23T05:00:00Z,14269.0
2022-01-23T06:00:00Z,13818.0
2022-01-23T07:00:00Z,14147.0
2022-01-23T08:00:00Z,13512.0
2022-01-23T09:00:00Z,14570.0
2022-01-23T10:00:00Z,14880.0
2022-01-23T11:00:00Z,14410.0
2022-01-23T12:00:00Z,13549.0
2022-01-23T13:00:00Z,12459.0
2022-01-23T14:00:00Z,10820.0
2022-01-23T15:00:00Z,8624.0
2022-01-23T16:00:00Z,6594.0
2022-01-23T17:00:00Z,5908.0
2022-01-23T18:00:00Z,6410.0
2022-01-23T19:00:00Z,6995.0
2022-01-23T20:00:00Z,7501.0
2022-01-23T21:00:00Z,7216.0
2022-01-23T22:00:00Z,7599.0
2022-01-23T23:00:00Z,8590.0
2022-01-24T00:00:00Z,9388.0
2022-01-24T01:00:00Z,10534.0
2022-01-24T02:00:00Z,11614.0
2022-01-24T03:00:00Z,12824.0
2022-01-24T04:00:00Z,13532.0
2022-01-24T05:00:00Z,13625.0
2022-01-24T06:00:00Z,13358.0
2022-01-24T07:00:00Z,13315.0
2022-01-24T08:00:00Z,13898.0
2022-01-24T09:00:00Z,14386.0
2022-01-24T10:00:00Z,14785.0
2022-01-24T11:00:00Z,15639.0
2022-01-24T12:00:00Z,16499.0
2022-01-24T13:00:00Z,16895.0
2022-01-24T14:00:00Z,16824.0
2022-01-24T15:00:00Z,16493.0
2022-01-24T16:00:00Z,16354.0
2022-01-24T17:00:00Z,16388.0
2022-01-24T18:00:00Z,16621.0
2022-01-24T19:00:00Z,16278.0
2022-01-24T20:00:00Z,16350.0
2022-01-24T21:00:00Z,16507.0
2022-01-24T22:00:00Z,16033.0
2022-01-24T23:00:00Z,15281.0
2022-01-25T00:00:00Z,14873.0
2022-01-25T01:00:00Z,15207.0
2022-01-25T02:00:00Z,15641.0
2022-01-25T03:00:00Z,15890.0
2022-01-25T04:00:00Z,15917.0
2022-01-25T05:00:00Z,15477.0
2022-01-25T06:00:00Z,15030.0
2022-01-25T07:00:00Z,13993.0
2022-01-25T08:00:00Z,13462.0
2022-01-25T09:00:00Z,12675.0
2022-01-25T10:00:00Z,11903.0
2022-01-25T11:00:00Z,10609.0
2022-01-25T12:00:00Z,9705.0
2022-01-25T13:00:00Z,9410.0
2022-01-25T14:00:00Z,8819.0
2022-01-25T15:00:00Z,7711.0
2022-01-25T16:00:00Z,6304.0
2022-01-25T17:00:00Z,5050.0
2022-01-25T18:00:00Z,4515.0
2022-01-25T19:00:00Z,5129.0
2022-01-25T20:00:00Z,5766.0
2022-01-25T21:00:00Z,5981.0
2022-01-25T22:00:00Z,6123.0
2022-01-25T23:00:00Z,5883.0
2022-01-26T00:00:00Z,6655.0
2022-01-26T01:00:00Z,8228.0
2022-01-26T02:00:00Z,9455.0
2022-01-26T03:00:00Z,10032.0
2022-01-26T04:00:00Z,9733.0
2022-01-26T05:00:00Z,9053.0
2022-01-26T06:00:00Z,8224.0
2022-01-26T07:00:00Z,7813.0
2022-01-26T08:00:00Z,7273.0
2022-01-26T09:00:00Z,8340.0
2022-01-26T10:00:00Z,9628.0
2022-01-26T11:00:00Z,10459.0
2022-01-26T12:00:00Z,11520.0
2022-01-26T13:00:00Z,12368.0
2022-01-26T14:00:00Z,13858.0
2022-01-26T15:00:00Z,14673.0
2022-01-26T16:00:00Z,15858.0
2022-01-26T17:00:00Z,15648.0
2022-01-26T18:00:00Z,16000.0
2022-01-26T19:00:00Z,16401.0
2022-01-26T20:00:00Z,17072.0
2022-01-26T21:00:00Z,17681.0
2022-01-26T22:00:00Z,18631.0
2022-01-26T23:00:00Z,19241.0
2022-01-27T00:00:00Z,19781.0
2022-01-27T01:00:00Z,20406.0
2022-01-27T02:00:00Z,21519.0
2022-01-27T03:00:00Z,22254.0
2022-01-27T04:00:00Z,22423.0
2022-01-27T05:00:00Z,22352.0
2022-01-27T06:00:00Z,22125.0
2022-01-27T07:00:00Z,21580.0
2022-01-27T08:00:00Z,21494.0
2022-01-27T09:00:00Z,21079.0
2022-01-27T10:00:00Z,20761.0
2022-01-27T11:00:00Z,20484.0
2022-01-27T12:00:00Z,20201.0
2022-01-27T13:00:00Z,20030.0
2022-01-27T14:00:00Z,19247.0
2022-01-27T15:00:00Z,17972.0
2022-01-27T16:00:00Z,16945.0
2022-01-27T17:00:00Z,16677.0
2022-01-27T18:00:00Z,17352.0
2022-01-27T19:00:00Z,17712.0
2022-01-27T20:00:00Z,18046.0
2022-01-27T21:00:00Z,17500.0
2022-01-27T22:00:00Z,16554.0
2022-01-27T23:00:00Z,15110.0
2022-01-28T00:00:00Z,14616.0
2022-01-28T01:00:00Z,15497.0
2022-01-28T02:00:00Z,16275.0
2022-01-28T03:00:00Z,16714.0
2022-01-28T04:00:00Z,16551.0
2022-01-28T05:00:00Z,15693.0
2022-01-28T06:00:00Z,14508.0
2022-01-28T07:00:00Z,13341.0
2022-01-28T08:00:00Z,12178.0
2022-01-28T09:00:00Z,11320.0
2022-01-28T10:00:00Z,10485.0
2022-01-28T11:00:00Z,9831.0
2022-01-28T12:00:00Z,9109.0
2022-01-28T13:00:00Z,8090.0
2022-01-28T14:00:00Z,7215.0
2022-01-28T15:00:00Z,6117.0
2022-01-28T16:00:00Z,5417.0
2022-01-28T17:00:00Z,5182.0
2022-01-28T18:00:00Z,4889.0
2022-01-28T19:00:00Z,4830.0
2022-01-28T20:00:00Z,4612.0
2022-01-28T21:00:00Z,4187.0
2022-01-28T22:00:00Z,3806.0
2022-01-28T23:00:00Z,3651.0
2022-01-29T00:00:00Z,4468.0
2022-01-29T01:00:00Z,6309.0
2022-01-29T02:00:00Z,8595.0
2022-01-29T03:00:00Z,10580.0
2022-01-29T04:00:00Z,11690.0
2022-01-29T05:00:00Z,12520.0
2022-01-29T06:00:00Z,13006.0
2022-01-29T07:00:00Z,13844.0
2022-01-29T08:00:00Z,13403.0
2022-01-29T09:00:00Z,13377.0
2022-01-29T10:00:00Z,13652.0
2022-01-29T11:00:00Z,13212.0
2022-01-29T12:00:00Z,12875.0
2022-01-29T13:00:00Z,12899.0
2022-01-29T14:00:00Z,13401.0
2022-01-29T15:00:00Z,13499.0
2022-01-29T16:00:00Z,11682.0
2022-01-29T17:00:00Z,9513.0
2022-01-29T18:00:00Z,8701.0
2022-01-29T19:00:00Z,9021.0
2022-01-29T20:00:00Z,10254.0
2022-01-29T21:00:00Z,10897.0
2022-01-29T22:00:00Z,11301.0
2022-01-29T23:00:00Z,11391.0
2022-01-30T00:00:00Z,12115.0
2022-01-30T01:00:00Z,13561.0
2022-01-30T02:00:00Z,15081.0
2022-01-30T03:00:00Z,16385.0
2022-01-30T04:00:00Z,17274.0
2022-01-30T05:00:00Z,17346.0
2022-01-30T06:00:00Z,16587.0
2022-01-30T07:00:00Z,16237.0
2022-01-30T08:00:00Z,15632.0
2022-01-30T09:00:00Z,15153.0
2022-01-30T10:00:00Z,14800.0
2022-01-30T11:00:00Z,13774.0
2022-01-30T12:00:00Z,12730.0
2022-01-30T13:00:00Z,11395.0
2022-01-30T14:00:00Z,9079.0
2022-01-30T15:00:00Z,6826.0
2022-01-30T16:00:00Z,5378.0
2022-01-30T17:00:00Z,4262.0
2022-01-30T18:00:00Z,3479.0
2022-01-30T19:00:00Z,3263.0
2022-01-30T20:00:00Z,3200.0
2022-01-30T21:00:00Z,3339.0
2022-01-30T22:00:00Z,3472.0
2022-01-30T23:00:00Z,3832.0
2022-01-31T00:00:00Z,4739.0
2022-01-31T01:00:00Z,5859.0
2022-01-31T02:00:00Z,7041.0
2022-01-31T03:00:00Z,8287.0
2022-01-31T04:00:00Z,9254.0
2022-01-31T05:00:00Z,10782.0
2022-01-31T06:00:00Z,12060.0
2022-01-31T07:00:00Z,12047.0
2022-01-31T08:00:00Z,12856.0
2022-01-31T09:00:00Z,13160.0
2022-01-31T10:00:00Z,12831.0
2022-01-31T11:00:00Z,11964.0
2022-01-31T12:00:00Z,11468.0
2022-01-31T13:00:00Z,11817.0
2022-01-31T14:00:00Z,11792.0
2022-01-31T15:00:00Z,12229.0
2022-01-31T16:00:00Z,11225.0
2022-01-31T17:00:00Z,10188.0
2022-01-31T18:00:00Z,9751.0
2022-01-31T19:00:00Z,10058.0
2022-01-31T20:00:00Z,11005.0
2022-01-31T21:00:00Z,12536.0
2022-01-31T22:00:00Z,14478.0
2022-01-31T23:00:00Z,16287.0
2022-02-01T00:00:00Z,17624.0
2022-02-01T01:00:00Z,18990.0
2022-02-01T02:00:00Z,20452.0
2022-02-01T03:00:00Z,21263.0
2022-02-01T04:00:00Z,21375.0
2022-02-01T05:00:00Z,20911.0
2022-02-01T06:00:00Z,20800.0
2022-02-01T07:00:00Z,20765.0
2022-02-01T08:00:00Z,20643.0
2022-02-01T09:00:00Z,20063.0
2022-02-01T10:00:00Z,18938.0
2022-02-01T11:00:00Z,18576.0
2022-02-01T12:00:00Z,19022.0
2022-02-01T13:00:00Z,19979.0
2022-02-01T14:00:00Z,20919.0
2022-02-01T15:00:00Z,21418.0
2022-02-01T16:00:00Z,21822.0
2022-02-01T17:00:00Z,21485.0
2022-02-01T18:00:00Z,21518.0
2022-02-01T19:00:00Z,21678.0
2022-02-01T20:00:00Z,21321.0
2022-02-01T21:00:00Z,20993.0
2022-02-01T22:00:00Z,20765.0
2022-02-01T23:00:00Z,20355.0
2022-02-02T00:00:00Z,20158.0
2022-02-02T01:00:00Z,19468.0
2022-02-02T02:00:00Z,19283.0
2022-02-02T03:00:00Z,19592.0
2022-02-02T04:00:00Z,19244.0
2022-02-02T05:00:00Z,18614.0
2022-02-02T06:00:00Z,18304.0
2022-02-02T07:00:00Z,17483.0
2022-02-02T08:00:00Z,16839.0
2022-02-02T09:00:00Z,16744.0
2022-02-02T10:00:00Z,17303.0
2022-02-02T11:00:00Z,17545.0
2022-02-02T12:00:00Z,17170.0
2022-02-02T13:00:00Z,16589.0
2022-02-02T14:00:00Z,16739.0
2022-02-02T15:00:00Z,16463.0
2022-02-02T16:00:00Z,16522.0
2022-02-02T17:00:00Z,16457.0
2022-02-02T18:00:00Z,16558.0
2022-02-02T19:00:00Z,17707.0
2022-02-02T20:00:00Z,18831.0
2022-02-02T21:00:00Z,19785.0
2022-02-02T22:00:00Z,19955.0
2022-02-02T23:00:00Z,19841.0
2022-02-03T00:00:00Z,19213.0
2022-02-03T01:00:00Z,18623.0
2022-02-03T02:00:00Z,18302.0
2022-02-03T03:00:00Z,17304.0
2022-02-03T04:00:00Z,15915.0
2022-02-03T05:00:00Z,15019.0
2022-02-03T06:00:00Z,14143.0
2022-02-03T07:00:00Z,14258.0
2022-02-03T08:00:00Z,14828.0
2022-02-03T09:00:00Z,14680.0
2022-02-03T10:00:00Z,14572.0
2022-02-03T11:00:00Z,14407.0
2022-02-03T12:00:00Z,14424.0
2022-02-03T13:00:00Z,14428.0
2022-02-03T14:00:00Z,14652.0
2022-02-03T15:00:00Z,14347.0
2022-02-03T16:00:00Z,13035.0
2022-02-03T17:00:00Z,11195.0
2022-02-03T18:00:00Z,10063.0
2022-02-03T19:00:00Z,9280.0
2022-02-03T20:00:00Z,9294.0
2022-02-03T21:00:00Z,9301.0
2022-02-03T22:00:00Z,9250.0
2022-02-03T23:00:00Z,8774.0
2022-02-04T00:00:00Z,8458.0
2022-02-04T01:00:00Z,9152.0
2022-02-04T02:00:00Z,9845.0
2022-02-04T03:00:00Z,10058.0
2022-02-04T04:00:00Z,10078.0
2022-02-04T05:00:00Z,10191.0
2022-02-04T06:00:00Z,10482.0
2022-02-04T07:00:00Z,11125.0
2022-02-04T08:00:00Z,11857.0
2022-02-04T09:00:00Z,12633.0
2022-02-04T10:00:00Z,13187.0
2022-02-04T11:00:00Z,13393.0
2022-02-04T12:00:00Z,13796.0
2022-02-04T13:00:00Z,14482.0
2022-02-04T14:00:00Z,14537.0
2022-02-04T15:00:00Z,14565.0
2022-02-04T16:00:00Z,13372.0
2022-02-04T17:00:00Z,12888.0
2022-02-04T18:00:00Z,13562.0
2022-02-04T19:00:00Z,14540.0
2022-02-04T20:00:00Z,15014.0
2022-02-04T21:00:00Z,15270.0
2022-02-04T22:00:00Z,15511.0
2022-02-04T23:00:00Z,14954.0
2022-02-05T00:00:00Z,13268.0
2022-02-05T01:00:00Z,11447.0
2022-02-05T02:00:00Z,10872.0
2022-02-05T03:00:00Z,10193.0
2022-02-05T04:00:00Z,9087.0
2022-02-05T05:00:00Z,7500.0
2022-02-05T06:00:00Z,6718.0
2022-02-05T07:00:00Z,7128.0
2022-02-05T08:00:00Z,8160.0
2022-02-05T09:00:00Z,9554.0
2022-02-05T10:00:00Z,10956.0
2022-02-05T11:00:00Z,12822.0
2022-02-05T12:00:00Z,14063.0
2022-02-05T13:00:00Z,14798.0
2022-02-05T14:00:00Z,15709.0
2022-02-05T15:00:00Z,16435.0
2022-02-05T16:00:00Z,16896.0
2022-02-05T17:00:00Z,16312.0
2022-02-05T18:00:00Z,16155.0
2022-02-05T19:00:00Z,15993.0
2022-02-05T20:00:00Z,16802.0
2022-02-05T21:00:00Z,17318.0
2022-02-05T22:00:00Z,17620.0
2022-02-05T23:00:00Z,17261.0
2022-02-06T00:00:00Z,17238.0
2022-02-06T01:00:00Z,18105.0
2022-02-06T02:00:00Z,17856.0
2022-02-06T03:00:00Z,16746.0
2022-02-06T04:00:00Z,15334.0
2022-02-06T05:00:00Z,14117.0
2022-02-06T06:00:00Z,13750.0
2022-02-06T07:00:00Z,13854.0
2022-02-06T08:00:00Z,14255.0
2022-02-06T09:00:00Z,14859.0
2022-02-06T10:00:00Z,15003.0
2022-02-06T11:00:00Z,15521.0
2022-02-06T12:00:00Z,16724.0
2022-02-06T13:00:00Z,17009.0
2022-02-06T14:00:00Z,17234.0
2022-02-06T15:00:00Z,17074.0
2022-02-06T16:00:00Z,16792.0
2022-02-06T17:00:00Z,16166.0
2022-02-06T18:00:00Z,16686.0
2022-02-06T19:00:00Z,17021.0
2022-02-06T20:00:00Z,16968.0
2022-02-06T21:00:00Z,16787.0
2022-02-06T22:00:00Z,15966.0
2022-02-06T23:00:00Z,15364.0
2022-02-07T00:00:00Z,13472.0
2022-02-07T01:00:00Z,12296.0
2022-02-07T02:00:00Z,12103.0
2022-02-07T03:00:00Z,11918.0
2022-02-07T04:00:00Z,11129.0
2022-02-07T05:00:00Z,10616.0
2022-02-07T06:00:00Z,9671.0
2022-02-07T07:00:00Z,8602.0
2022-02-07T08:00:00Z,7639.0
2022-02-07T09:00:00Z,7182.0
2022-02-07T10:00:00Z,6815.0
2022-02-07T11:00:00Z,6774.0
2022-02-07T12:00:00Z,7005.0
2022-02-07T13:00:00Z,7270.0
2022-02-07T14:00:00Z,7609.0
2022-02-07T15:00:00Z,7152.0
2022-02-07T16:00:00Z,6143.0
2022-02-07T17:00:00Z,5544.0
2022-02-07T18:00:00Z,5589.0
2022-02-07T19:00:00Z,5499.0
2022-02-07T20:00:00Z,5618.0
2022-02-07T21:00:00Z,5367.0
2022-02-07T22:00:00Z,5368.0
2022-02-07T23:00:00Z,5323.0
2022-02-08T00:00:00Z,5906.0
2022-02-08T01:00:00Z,7535.0
2022-02-08T02:00:00Z,9696.0
2022-02-08T03:00:00Z,11401.0
2022-02-08T04:00:00Z,12379.0
2022-02-08T05:00:00Z,13956.0
2022-02-08T06:00:00Z,14950.0
2022-02-08T07:00:00Z,15930.0
2022-02-08T08:00:00Z,16395.0
2022-02-08T09:00:00Z,16858.0
2022-02-08T10:00:00Z,16877.0
2022-02-08T11:00:00Z,17554.0
2022-02-08T12:00:00Z,17683.0
2022-02-08T13:00:00Z,17873.0
2022-02-08T14:00:00Z,18169.0
2022-02-08T15:00:00Z,17808.0
2022-02-08T16:00:00Z,16615.0
2022-02-08T17:00:00Z,15784.0
2022-02-08T18:00:00Z,15139.0
2022-02-08T19:00:00Z,15025.0
2022-02-08T20:00:00Z,15759.0
2022-02-08T21:00:00Z,16277.0
2022-02-08T22:00:00Z,16387.0
2022-02-08T23:00:00Z,16442.0
2022-02-09T00:00:00Z,17055.0
2022-02-09T01:00:00Z,18361.0
2022-02-09T02:00:00Z,19032.0
2022-02-09T03:00:00Z,19038.0
2022-02-09T04:00:00Z,19099.0
2022-02-09T05:00:00Z,19270.0
2022-02-09T06:00:00Z,18892.0
2022-02-09T07:00:00Z,19144.0
2022-02-09T08:00:00Z,19492.0
2022-02-09T09:00:00Z,18997.0
2022-02-09T10:00:00Z,19287.0
2022-02-09T11:00:00Z,19797.0
2022-02-09T12:00:00Z,19374.0
2022-02-09T13:00:00Z,19674.0
2022-02-09T14:00:00Z,19976.0
2022-02-09T15:00:00Z,19778.0
2022-02-09T16:00:00Z,18861.0
2022-02-09T17:00:00Z,18815.0
2022-02-09T18:00:00Z,19597.0
2022-02-09T19:00:00Z,20305.0
2022-02-09T20:00:00Z,20635.0
2022-02-09T21:00:00Z,20656.0
2022-02-09T22:00:00Z,20495.0
2022-02-09T23:00:00Z,20694.0
2022-02-10T00:00:00Z,20564.0
2022-02-10T01:00:00Z,20284.0
2022-02-10T02:00:00Z,19680.0
2022-02-10T03:00:00Z,19285.0
2022-02-10T04:00:00Z,19040.0
2022-02-10T05:00:00Z,18711.0
2022-02-10T06:00:00Z,17915.0
2022-02-10T07:00:00Z,17339.0
2022-02-10T08:00:00Z,16472.0
2022-02-10T09:00:00Z,15472.0
2022-02-10T10:00:00Z,14321.0
2022-02-10T11:00:00Z,12986.0
2022-02-10T12:00:00Z,11633.0
2022-02-10T13:00:00Z,10745.0
2022-02-10T14:00:00Z,9985.0
2022-02-10T15:00:00Z,10353.0
2022-02-10T16:00:00Z,10759.0
2022-02-10T17:00:00Z,11854.0
2022-02-10T18:00:00Z,14118.0
2022-02-10T19:00:00Z,15949.0
2022-02-10T20:00:00Z,17101.0
2022-02-10T21:00:00Z,17775.0
2022-02-10T22:00:00Z,18522.0
2022-02-10T23:00:00Z,18952.0
2022-02-11T00:00:00Z,20082.0
2022-02-11T01:00:00Z,20918.0
2022-02-11T02:00:00Z,20976.0
2022-02-11T03:00:00Z,21240.0
2022-02-11T04:00:00Z,22069.0
2022-02-11T05:00:00Z,22061.0
2022-02-11T06:00:00Z,21931.0
2022-02-11T07:00:00Z,21354.0
2022-02-11T08:00:00Z,21506.0
2022-02-11T09:00:00Z,21807.0
2022-02-11T10:00:00Z,22186.0
2022-02-11T11:00:00Z,22084.0
2022-02-11T12:00:00Z,21712.0
2022-02-11T13:00:00Z,21783.0
2022-02-11T14:00:00Z,22022.0
2022-02-11T15:00:00Z,21759.0
2022-02-11T16:00:00Z,21737.0
2022-02-11T17:00:00Z,21854.0
2022-02-11T18:00:00Z,21843.0
2022-02-11T19:00:00Z,21747.0
2022-02-11T20:00:00Z,21787.0
2022-02-11T21:00:00Z,21840.0
2022-02-11T22:00:00Z,21761.0
2022-02-11T23:00:00Z,21756.0
2022-02-12T00:00:00Z,21632.0
2022-02-12T01:00:00Z,21557.0
2022-02-12T02:00:00Z,21569.0
2022-02-12T03:00:00Z,21335.0
2022-02-12T04:00:00Z,20922.0
2022-02-12T05:00:00Z,20278.0
2022-02-12T06:00:00Z,20274.0
2022-02-12T07:00:00Z,19973.0
2022-02-12T08:00:00Z,18956.0
2022-02-12T09:00:00Z,17207.0
2022-02-12T10:00:00Z,15044.0
2022-02-12T11:00:00Z,13184.0
2022-02-12T12:00:00Z,11600.0
2022-02-12T13:00:00Z,9943.0
2022-02-12T14:00:00Z,8529.0
2022-02-12T15:00:00Z,7003.0
2022-02-12T16:00:00Z,4907.0
2022-02-12T17:00:00Z,3192.0
2022-02-12T18:00:00Z,2597.0
2022-02-12T19:00:00Z,2521.0
2022-02-12T20:00:00Z,2596.0
2022-02-12T21:00:00Z,2764.0
2022-02-12T22:00:00Z,3043.0
2022-02-12T23:00:00Z,3375.0
2022-02-13T00:00:00Z,3185.0
2022-02-13T01:00:00Z,3019.0
2022-02-13T02:00:00Z,2822.0
2022-02-13T03:00:00Z,2670.0
2022-02-13T04:00:00Z,2605.0
2022-02-13T05:00:00Z,2669.0
2022-02-13T06:00:00Z,2590.0
2022-02-13T07:00:00Z,2845.0
2022-02-13T08:00:00Z,3871.0
2022-02-13T09:00:00Z,5805.0
2022-02-13T10:00:00Z,7627.0
2022-02-13T11:00:00Z,8908.0
2022-02-13T12:00:00Z,9410.0
2022-02-13T13:00:00Z,9426.0
2022-02-13T14:00:00Z,9073.0
2022-02-13T15:00:00Z,8143.0
2022-02-13T16:00:00Z,7155.0
2022-02-13T17:00:00Z,6325.0
2022-02-13T18:00:00Z,6127.0
2022-02-13T19:00:00Z,6083.0
2022-02-13T20:00:00Z,6921.0
2022-02-13T21:00:00Z,7958.0
2022-02-13T22:00:00Z,9270.0
2022-02-13T23:00:00Z,10209.0
2022-02-14T00:00:00Z,10399.0
2022-02-14T01:00:00Z,10577.0
2022-02-14T02:00:00Z,9751.0
2022-02-14T03:00:00Z,9220.0
2022-02-14T04:00:00Z,9683.0
2022-02-14T05:00:00Z,10352.0
2022-02-14T06:00:00Z,11452.0
2022-02-14T07:00:00Z,12184.0
2022-02-14T08:00:00Z,12175.0
2022-02-14T09:00:00Z,11384.0
2022-02-14T10:00:00Z,10778.0
2022-02-14T11:00:00Z,10834.0
2022-02-14T12:00:00Z,10682.0
2022-02-14T13:00:00Z,11200.0
2022-02-14T14:00:00Z,10316.0
2022-02-14T15:00:00Z,10279.0
2022-02-14T16:00:00Z,9072.0
2022-02-14T17:00:00Z,7131.0
2022-02-14T18:00:00Z,4279.0
2022-02-14T19:00:00Z,2143.0
2022-02-14T20:00:00Z,1308.0
2022-02-14T21:00:00Z,1225.0
2022-02-14T22:00:00Z,1469.0
2022-02-14T23:00:00Z,1602.0
2022-02-15T00:00:00Z,1724.0
2022-02-15T01:00:00Z,2678.0
2022-02-15T02:00:00Z,3793.0
2022-02-15T03:00:00Z,4669.0
2022-02-15T04:00:00Z,5317.0
2022-02-15T05:00:00Z,5844.0
2022-02-15T06:00:00Z,6819.0
2022-02-15T07:00:00Z,8125.0
2022-02-15T08:00:00Z,9709.0
2022-02-15T09:00:00Z,11287.0
2022-02-15T10:00:00Z,12854.0
2022-02-15T11:00:00Z,14186.0
2022-02-15T12:00:00Z,14936.0
2022-02-15T13:00:00Z,15929.0
2022-02-15T14:00:00Z,16393.0
2022-02-15T15:00:00Z,16889.0
2022-02-15T16:00:00Z,16214.0
2022-02-15T17:00:00Z,16057.0
2022-02-15T18:00:00Z,16375.0
2022-02-15T19:00:00Z,16447.0
2022-02-15T20:00:00Z,16730.0
2022-02-15T21:00:00Z,16916.0
2022-02-15T22:00:00Z,16880.0
2022-02-15T23:00:00Z,17478.0
2022-02-16T00:00:00Z,17464.0
2022-02-16T01:00:00Z,17776.0
2022-02-16T02:00:00Z,18060.0
2022-02-16T03:00:00Z,18090.0
2022-02-16T04:00:00Z,18515.0
2022-02-16T05:00:00Z,18923.0
2022-02-16T06:00:00Z,19466.0
2022-02-16T07:00:00Z,19661.0
2022-02-16T08:00:00Z,19528.0
2022-02-16T09:00:00Z,19222.0
2022-02-16T10:00:00Z,19583.0
2022-02-16T11:00:00Z,19394.0
2022-02-16T12:00:00Z,19681.0
2022-02-16T13:00:00Z,20159.0
2022-02-16T14:00:00Z,20087.0
2022-02-16T15:00:00Z,19853.0
2022-02-16T16:00:00Z,19997.0
2022-02-16T17:00:00Z,19923.0
2022-02-16T18:00:00Z,19486.0
2022-02-16T19:00:00Z,19202.0
2022-02-16T20:00:00Z,19348.0
2022-02-16T21:00:00Z,19928.0
2022-02-16T22:00:00Z,20973.0
2022-02-16T23:00:00Z,20876.0
2022-02-17T00:00:00Z,21278.0
2022-02-17T01:00:00Z,21432.0
2022-02-17T02:00:00Z,21702.0
2022-02-17T03:00:00Z,22195.0
2022-02-17T04:00:00Z,21769.0
2022-02-17T05:00:00Z,20573.0
2022-02-17T06:00:00Z,19516.0
2022-02-17T07:00:00Z,18714.0
2022-02-17T08:00:00Z,18279.0
2022-02-17T09:00:00Z,18695.0
2022-02-17T10:00:00Z,18418.0
2022-02-17T11:00:00Z,18179.0
2022-02-17T12:00:00Z,17965.0
2022-02-17T13:00:00Z,17388.0
2022-02-17T14:00:00Z,16560.0
2022-02-17T15:00:00Z,17096.0
2022-02-17T16:00:00Z,17148.0
2022-02-17T17:00:00Z,16202.0
2022-02-17T18:00:00Z,14931.0
2022-02-17T19:00:00Z,14187.0
2022-02-17T20:00:00Z,13860.0
2022-02-17T21:00:00Z,14255.0
2022-02-17T22:00:00Z,13521.0
2022-02-17T23:00:00Z,12317.0
2022-02-18T00:00:00Z,11477.0
2022-02-18T01:00:00Z,10507.0
2022-02-18T02:00:00Z,9974.0
2022-02-18T03:00:00Z,9579.0
2022-02-18T04:00:00Z,9813.0
2022-02-18T05:00:00Z,11347.0
2022-02-18T06:00:00Z,13043.0
2022-02-18T07:00:00Z,14043.0
2022-02-18T08:00:00Z,14869.0
2022-02-18T09:00:00Z,15706.0
2022-02-18T10:00:00Z,15605.0
2022-02-18T11:00:00Z,16755.0
2022-02-18T12:00:00Z,17150.0
2022-02-18T13:00:00Z,16770.0
2022-02-18T14:00:00Z,17075.0
2022-02-18T15:00:00Z,17073.0
2022-02-18T16:00:00Z,17051.0
2022-02-18T17:00:00Z,17618.0
2022-02-18T18:00:00Z,18488.0
2022-02-18T19:00:00Z,19372.0
2022-02-18T20:00:00Z,20333.0
2022-02-18T21:00:00Z,20744.0
2022-02-18T22:00:00Z,21560.0
2022-02-18T23:00:00Z,21846.0
2022-02-19T00:00:00Z,21560.0
2022-02-19T01:00:00Z,21587.0
2022-02-19T02:00:00Z,21781.0
2022-02-19T03:00:00Z,21810.0
2022-02-19T04:00:00Z,21627.0
2022-02-19T05:00:00Z,21650.0
2022-02-19T06:00:00Z,21304.0
2022-02-19T07:00:00Z,20587.0
2022-02-19T08:00:00Z,19341.0
2022-02-19T09:00:00Z,17813.0
2022-02-19T10:00:00Z,16357.0
2022-02-19T11:00:00Z,14436.0
2022-02-19T12:00:00Z,12686.0
2022-02-19T13:00:00Z,11045.0
2022-02-19T14:00:00Z,10165.0
2022-02-19T15:00:00Z,9912.0
2022-02-19T16:00:00Z,9518.0
2022-02-19T17:00:00Z,10261.0
2022-02-19T18:00:00Z,12485.0
2022-02-19T19:00:00Z,13666.0
2022-02-19T20:00:00Z,14664.0
2022-02-19T21:00:00Z,15929.0
2022-02-19T22:00:00Z,16586.0
2022-02-19T23:00:00Z,16773.0
2022-02-20T00:00:00Z,17239.0
2022-02-20T01:00:00Z,17908.0
2022-02-20T02:00:00Z,18764.0
2022-02-20T03:00:00Z,19807.0
2022-02-20T04:00:00Z,20591.0
2022-02-20T05:00:00Z,21039.0
2022-02-20T06:00:00Z,21478.0
2022-02-20T07:00:00Z,21590.0
2022-02-20T08:00:00Z,21416.0
2022-02-20T09:00:00Z,21545.0
2022-02-20T10:00:00Z,21745.0
2022-02-20T11:00:00Z,21943.0
2022-02-20T12:00:00Z,21853.0
2022-02-20T13:00:00Z,21997.0
2022-02-20T14:00:00Z,22243.0
2022-02-20T15:00:00Z,21864.0
2022-02-20T16:00:00Z,21434.0
2022-02-20T17:00:00Z,20714.0
2022-02-20T18:00:00Z,19507.0
2022-02-20T19:00:00Z,17457.0
2022-02-20T20:00:00Z,16294.0
2022-02-20T21:00:00Z,15699.0
2022-02-20T22:00:00Z,14783.0
2022-02-20T23:00:00Z,14068.0
2022-02-21T00:00:00Z,14343.0
2022-02-21T01:00:00Z,15089.0
2022-02-21T02:00:00Z,16302.0
2022-02-21T03:00:00Z,16672.0
2022-02-21T04:00:00Z,15809.0
2022-02-21T05:00:00Z,15088.0
2022-02-21T06:00:00Z,14905.0
2022-02-21T07:00:00Z,15966.0
2022-02-21T08:00:00Z,17119.0
2022-02-21T09:00:00Z,17865.0
2022-02-21T10:00:00Z,18314.0
2022-02-21T11:00:00Z,18949.0
2022-02-21T12:00:00Z,18969.0
2022-02-21T13:00:00Z,18361.0
2022-02-21T14:00:00Z,18330.0
2022-02-21T15:00:00Z,18257.0
2022-02-21T16:00:00Z,16707.0
2022-02-21T17:00:00Z,16191.0
2022-02-21T18:00:00Z,16319.0
2022-02-21T19:00:00Z,17043.0
2022-02-21T20:00:00Z,17975.0
2022-02-21T21:00:00Z,18384.0
2022-02-21T22:00:00Z,18653.0
2022-02-21T23:00:00Z,18495.0
2022-02-22T00:00:00Z,18309.0
2022-02-22T01:00:00Z,19007.0
2022-02-22T02:00:00Z,19530.0
2022-02-22T03:00:00Z,19134.0
2022-02-22T04:00:00Z,18378.0
2022-02-22T05:00:00Z,17851.0
2022-02-22T06:00:00Z,17596.0
2022-02-22T07:00:00Z,17365.0
2022-02-22T08:00:00Z,17016.0
2022-02-22T09:00:00Z,16093.0
2022-02-22T10:00:00Z,14589.0
2022-02-22T11:00:00Z,13349.0
2022-02-22T12:00:00Z,12699.0
2022-02-22T13:00:00Z,12655.0
2022-02-22T14:00:00Z,12547.0
2022-02-22T15:00:00Z,12432.0
2022-02-22T16:00:00Z,12437.0
2022-02-22T17:00:00Z,13310.0
2022-02-22T18:00:00Z,14362.0
2022-02-22T19:00:00Z,15028.0
2022-02-22T20:00:00Z,15629.0
2022-02-22T21:00:00Z,15824.0
2022-02-22T22:00:00Z,16020.0
2022-02-22T23:00:00Z,16184.0
2022-02-23T00:00:00Z,16146.0
2022-02-23T01:00:00Z,16118.0
2022-02-23T02:00:00Z,16063.0
2022-02-23T03:00:00Z,15931.0
2022-02-23T04:00:00Z,16121.0
2022-02-23T05:00:00Z,16266.0
2022-02-23T06:00:00Z,16105.0
2022-02-23T07:00:00Z,15821.0
2022-02-23T08:00:00Z,15430.0
2022-02-23T09:00:00Z,14926.0
2022-02-23T10:00:00Z,14299.0
2022-02-23T11:00:00Z,13527.0
2022-02-23T12:00:00Z,12406.0
2022-02-23T13:00:00Z,11548.0
2022-02-23T14:00:00Z,10537.0
2022-02-23T15:00:00Z,9262.0
2022-02-23T16:00:00Z,7667.0
2022-02-23T17:00:00Z,5985.0
2022-02-23T18:00:00Z,4079.0
2022-02-23T19:00:00Z,3031.0
2022-02-23T20:00:00Z,2920.0
2022-02-23T21:00:00Z,2880.0
2022-02-23T22:00:00Z,2727.0
2022-02-23T23:00:00Z,2872.0
2022-02-24T00:00:00Z,3142.0
2022-02-24T01:00:00Z,3405.0
2022-02-24T02:00:00Z,4201.0
2022-02-24T03:00:00Z,4453.0
2022-02-24T04:00:00Z,4373.0
2022-02-24T05:00:00Z,4025.0
2022-02-24T06:00:00Z,3904.0
2022-02-24T07:00:00Z,3590.0
2022-02-24T08:00:00Z,3722.0
2022-02-24T09:00:00Z,4540.0
2022-02-24T10:00:00Z,5528.0
2022-02-24T11:00:00Z,6262.0
2022-02-24T12:00:00Z,6675.0
2022-02-24T13:00:00Z,5899.0
2022-02-24T14:00:00Z,5011.0
2022-02-24T15:00:00Z,4831.0
2022-02-24T16:00:00Z,4453.0
2022-02-24T17:00:00Z,3981.0
2022-02-24T18:00:00Z,3673.0
2022-02-24T19:00:00Z,4302.0
2022-02-24T20:00:00Z,4633.0
2022-02-24T21:00:00Z,5602.0
2022-02-24T22:00:00Z,8066.0
2022-02-24T23:00:00Z,9181.0
2022-02-25T00:00:00Z,8767.0
2022-02-25T01:00:00Z,8754.0
2022-02-25T02:00:00Z,9410.0
2022-02-25T03:00:00Z,9929.0
2022-02-25T04:00:00Z,9658.0
2022-02-25T05:00:00Z,9627.0
2022-02-25T06:00:00Z,10204.0
2022-02-25T07:00:00Z,10513.0
2022-02-25T08:00:00Z,10525.0
2022-02-25T09:00:00Z,10588.0
2022-02-25T10:00:00Z,10483.0
2022-02-25T11:00:00Z,9427.0
2022-02-25T12:00:00Z,8290.0
2022-02-25T13:00:00Z,7266.0
2022-02-25T14:00:00Z,6455.0
2022-02-25T15:00:00Z,5381.0
2022-02-25T16:00:00Z,3948.0
2022-02-25T17:00:00Z,2917.0
2022-02-25T18:00:00Z,2449.0
2022-02-25T19:00:00Z,2772.0
2022-02-25T20:00:00Z,3378.0
2022-02-25T21:00:00Z,3750.0
2022-02-25T22:00:00Z,3670.0
2022-02-25T23:00:00Z,3395.0
2022-02-26T00:00:00Z,3769.0
2022-02-26T01:00:00Z,4815.0
2022-02-26T02:00:00Z,6450.0
2022-02-26T03:00:00Z,8616.0
2022-02-26T04:00:00Z,10550.0
2022-02-26T05:00:00Z,11826.0
2022-02-26T06:00:00Z,13678.0
2022-02-26T07:00:00Z,15234.0
2022-02-26T08:00:00Z,15680.0
2022-02-26T09:00:00Z,16174.0
2022-02-26T10:00:00Z,16708.0
2022-02-26T11:00:00Z,17138.0
2022-02-26T12:00:00Z,17477.0
2022-02-26T13:00:00Z,17486.0
2022-02-26T14:00:00Z,17364.0
2022-02-26T15:00:00Z,16640.0
2022-02-26T16:00:00Z,14751.0
2022-02-26T17:00:00Z,12725.0
2022-02-26T18:00:00Z,12352.0
2022-02-26T19:00:00Z,13232.0
2022-02-26T20:00:00Z,15354.0
2022-02-26T21:00:00Z,16505.0
2022-02-26T22:00:00Z,17000.0
2022-02-26T23:00:00Z,17100.0
2022-02-27T00:00:00Z,16091.0
2022-02-27T01:00:00Z,16883.0
2022-02-27T02:00:00Z,18260.0
2022-02-27T03:00:00Z,19371.0
2022-02-27T04:00:00Z,19743.0
2022-02-27T05:00:00Z,19822.0
2022-02-27T06:00:00Z,19218.0
2022-02-27T07:00:00Z,18154.0
2022-02-27T08:00:00Z,16455.0
2022-02-27T09:00:00Z,14340.0
2022-02-27T10:00:00Z,12842.0
2022-02-27T11:00:00Z,11512.0
2022-02-27T12:00:00Z,10578.0
2022-02-27T13:00:00Z,10535.0
2022-02-27T14:00:00Z,10422.0
2022-02-27T15:00:00Z,9303.0
2022-02-27T16:00:00Z,7364.0
2022-02-27T17:00:00Z,6479.0
2022-02-27T18:00:00Z,6895.0
2022-02-27T19:00:00Z,7619.0
2022-02-27T20:00:00Z,8163.0
2022-02-27T21:00:00Z,8403.0
2022-02-27T22:00:00Z,8392.0
2022-02-27T23:00:00Z,8014.0
2022-02-28T00:00:00Z,6844.0
2022-02-28T01:00:00Z,7118.0
2022-02-28T02:00:00Z,7802.0
2022-02-28T03:00:00Z,8948.0
2022-02-28T04:00:00Z,10085.0
2022-02-28T05:00:00Z,10935.0
2022-02-28T06:00:00Z,11254.0
2022-02-28T07:00:00Z,11554.0
2022-02-28T08:00:00Z,11222.0
2022-02-28T09:00:00Z,10504.0
2022-02-28T10:00:00Z,9898.0
2022-02-28T11:00:00Z,9571.0
2022-02-28T12:00:00Z,9819.0
2022-02-28T13:00:00Z,10058.0
2022-02-28T14:00:00Z,10444.0
2022-02-28T15:00:00Z,10538.0
2022-02-28T16:00:00Z,9065.0
2022-02-28T17:00:00Z,8168.0
2022-02-28T18:00:00Z,9252.0
2022-02-28T19:00:00Z,11890.0
2022-02-28T20:00:00Z,13769.0
2022-02-28T21:00:00Z,14480.0
2022-02-28T22:00:00Z,14626.0
2022-02-28T23:00:00Z,13454.0
2022-03-01T00:00:00Z,12418.0
2022-03-01T01:00:00Z,11616.0
2022-03-01T02:00:00Z,10752.0
2022-03-01T03:00:00Z,10773.0
2022-03-01T04:00:00Z,9991.0
2022-03-01T05:00:00Z,9346.0
2022-03-01T06:00:00Z,10080.0
2022-03-01T07:00:00Z,10054.0
2022-03-01T08:00:00Z,9565.0
2022-03-01T09:00:00Z,8855.0
2022-03-01T10:00:00Z,8686.0
2022-03-01T11:00:00Z,7895.0
2022-03-01T12:00:00Z,6671.0
2022-03-01T13:00:00Z,5563.0
2022-03-01T14:00:00Z,5528.0
2022-03-01T15:00:00Z,4927.0
2022-03-01T16:00:00Z,3242.0
2022-03-01T17:00:00Z,2350.0
2022-03-01T18:00:00Z,1772.0
2022-03-01T19:00:00Z,1332.0
2022-03-01T20:00:00Z,1604.0
2022-03-01T21:00:00Z,2259.0
2022-03-01T22:00:00Z,3062.0
2022-03-01T23:00:00Z,3628.0
2022-03-02T00:00:00Z,3876.0
2022-03-02T01:00:00Z,4394.0
2022-03-02T02:00:00Z,4625.0
2022-03-02T03:00:00Z,4073.0
2022-03-02T04:00:00Z,3783.0
2022-03-02T05:00:00Z,3661.0
2022-03-02T06:00:00Z,3361.0
2022-03-02T07:00:00Z,3412.0
2022-03-02T08:00:00Z,3548.0
2022-03-02T09:00:00Z,4212.0
2022-03-02T10:00:00Z,4666.0
2022-03-02T11:00:00Z,4338.0
2022-03-02T12:00:00Z,4021.0
2022-03-02T13:00:00Z,3472.0
2022-03-02T14:00:00Z,3391.0
2022-03-02T15:00:00Z,3063.0
2022-03-02T16:00:00Z,2796.0
2022-03-02T17:00:00Z,3050.0
2022-03-02T18:00:00Z,3931.0
2022-03-02T19:00:00Z,5277.0
2022-03-02T20:00:00Z,7497.0
2022-03-02T21:00:00Z,9919.0
2022-03-02T22:00:00Z,11163.0
2022-03-02T23:00:00Z,12192.0
2022-03-03T00:00:00Z,13603.0
2022-03-03T01:00:00Z,15164.0
2022-03-03T02:00:00Z,16084.0
2022-03-03T03:00:00Z,17569.0
2022-03-03T04:00:00Z,17239.0
2022-03-03T05:00:00Z,16658.0
2022-03-03T06:00:00Z,15814.0
2022-03-03T07:00:00Z,14958.0
2022-03-03T08:00:00Z,12876.0
2022-03-03T09:00:00Z,10758.0
2022-03-03T10:00:00Z,9826.0
2022-03-03T11:00:00Z,8996.0
2022-03-03T12:00:00Z,8640.0
2022-03-03T13:00:00Z,8344.0
2022-03-03T14:00:00Z,7736.0
2022-03-03T15:00:00Z,7764.0
2022-03-03T16:00:00Z,7306.0
2022-03-03T17:00:00Z,6514.0
2022-03-03T18:00:00Z,6088.0
2022-03-03T19:00:00Z,5909.0
2022-03-03T20:00:00Z,5957.0
2022-03-03T21:00:00Z,6441.0
2022-03-03T22:00:00Z,7535.0
2022-03-03T23:00:00Z,8396.0
2022-03-04T00:00:00Z,8551.0
2022-03-04T01:00:00Z,8690.0
2022-03-04T02:00:00Z,8928.0
2022-03-04T03:00:00Z,8997.0
2022-03-04T04:00:00Z,8756.0
2022-03-04T05:00:00Z,8361.0
2022-03-04T06:00:00Z,8632.0
2022-03-04T07:00:00Z,9025.0
2022-03-04T08:00:00Z,9811.0
2022-03-04T09:00:00Z,10847.0
2022-03-04T10:00:00Z,11647.0
2022-03-04T11:00:00Z,12743.0
2022-03-04T12:00:00Z,13958.0
2022-03-04T13:00:00Z,15294.0
2022-03-04T14:00:00Z,16815.0
2022-03-04T15:00:00Z,16797.0
2022-03-04T16:00:00Z,16527.0
2022-03-04T17:00:00Z,17076.0
2022-03-04T18:00:00Z,17288.0
2022-03-04T19:00:00Z,17440.0
2022-03-04T20:00:00Z,17852.0
2022-03-04T21:00:00Z,18055.0
2022-03-04T22:00:00Z,18341.0
2022-03-04T23:00:00Z,18246.0
2022-03-05T00:00:00Z,18273.0
2022-03-05T01:00:00Z,18514.0
2022-03-05T02:00:00Z,18742.0
2022-03-05T03:00:00Z,18727.0
2022-03-05T04:00:00Z,18272.0
2022-03-05T05:00:00Z,17545.0
2022-03-05T06:00:00Z,17010.0
2022-03-05T07:00:00Z,16935.0
2022-03-05T08:00:00Z,15590.0
2022-03-05T09:00:00Z,13926.0
2022-03-05T10:00:00Z,12584.0
2022-03-05T11:00:00Z,12321.0
2022-03-05T12:00:00Z,12848.0
2022-03-05T13:00:00Z,13824.0
2022-03-05T14:00:00Z,13500.0
2022-03-05T15:00:00Z,12745.0
2022-03-05T16:00:00Z,13143.0
2022-03-05T17:00:00Z,12924.0
2022-03-05T18:00:00Z,14083.0
2022-03-05T19:00:00Z,14950.0
2022-03-05T20:00:00Z,15334.0
2022-03-05T21:00:00Z,16055.0
2022-03-05T22:00:00Z,16104.0
2022-03-05T23:00:00Z,15714.0
2022-03-06T00:00:00Z,16737.0
2022-03-06T01:00:00Z,18071.0
2022-03-06T02:00:00Z,18897.0
2022-03-06T03:00:00Z,19752.0
2022-03-06T04:00:00Z,19909.0
2022-03-06T05:00:00Z,20084.0
2022-03-06T06:00:00Z,20466.0
2022-03-06T07:00:00Z,20360.0
2022-03-06T08:00:00Z,20489.0
2022-03-06T09:00:00Z,20247.0
2022-03-06T10:00:00Z,19937.0
2022-03-06T11:00:00Z,19631.0
2022-03-06T12:00:00Z,19604.0
2022-03-06T13:00:00Z,19220.0
2022-03-06T14:00:00Z,18035.0
2022-03-06T15:00:00Z,18180.0
2022-03-06T16:00:00Z,18231.0
2022-03-06T17:00:00Z,16742.0
2022-03-06T18:00:00Z,15284.0
2022-03-06T19:00:00Z,14030.0
2022-03-06T20:00:00Z,13496.0
2022-03-06T21:00:00Z,13718.0
2022-03-06T22:00:00Z,13624.0
2022-03-06T23:00:00Z,12732.0
2022-03-07T00:00:00Z,12196.0
2022-03-07T01:00:00Z,13128.0
2022-03-07T02:00:00Z,14446.0
2022-03-07T03:00:00Z,14809.0
2022-03-07T04:00:00Z,13457.0
2022-03-07T05:00:00Z,13546.0
2022-03-07T06:00:00Z,14206.0
2022-03-07T07:00:00Z,14793.0
2022-03-07T08:00:00Z,15851.0
2022-03-07T09:00:00Z,15449.0
2022-03-07T10:00:00Z,14919.0
2022-03-07T11:00:00Z,15009.0
2022-03-07T12:00:00Z,14818.0
2022-03-07T13:00:00Z,14903.0
2022-03-07T14:00:00Z,15646.0
2022-03-07T15:00:00Z,14807.0
2022-03-07T16:00:00Z,14219.0
2022-03-07T17:00:00Z,13796.0
2022-03-07T18:00:00Z,13077.0
2022-03-07T19:00:00Z,13150.0
2022-03-07T20:00:00Z,13511.0
2022-03-07T21:00:00Z,14003.0
2022-03-07T22:00:00Z,13814.0
2022-03-07T23:00:00Z,12765.0
2022-03-08T00:00:00Z,11654.0
2022-03-08T01:00:00Z,10713.0
2022-03-08T02:00:00Z,10264.0
2022-03-08T03:00:00Z,9989.0
2022-03-08T04:00:00Z,9846.0
2022-03-08T05:00:00Z,10131.0
2022-03-08T06:00:00Z,10568.0
2022-03-08T07:00:00Z,10897.0
2022-03-08T08:00:00Z,11294.0
2022-03-08T09:00:00Z,11536.0
2022-03-08T10:00:00Z,11667.0
2022-03-08T11:00:00Z,12367.0
2022-03-08T12:00:00Z,13405.0
2022-03-08T13:00:00Z,14078.0
2022-03-08T14:00:00Z,14669.0
2022-03-08T15:00:00Z,13394.0
2022-03-08T16:00:00Z,12372.0
2022-03-08T17:00:00Z,12611.0
2022-03-08T18:00:00Z,13415.0
2022-03-08T19:00:00Z,14551.0
2022-03-08T20:00:00Z,14597.0
2022-03-08T21:00:00Z,14238.0
2022-03-08T22:00:00Z,13547.0
2022-03-08T23:00:00Z,13261.0
2022-03-09T00:00:00Z,13513.0
2022-03-09T01:00:00Z,14306.0
2022-03-09T02:00:00Z,14254.0
2022-03-09T03:00:00Z,12702.0
2022-03-09T04:00:00Z,11988.0
2022-03-09T05:00:00Z,12742.0
2022-03-09T06:00:00Z,13988.0
2022-03-09T07:00:00Z,13903.0
2022-03-09T08:00:00Z,14575.0
2022-03-09T09:00:00Z,14592.0
2022-03-09T10:00:00Z,14920.0
2022-03-09T11:00:00Z,15017.0
2022-03-09T12:00:00Z,14847.0
2022-03-09T13:00:00Z,15096.0
2022-03-09T14:00:00Z,14507.0
2022-03-09T15:00:00Z,13940.0
2022-03-09T16:00:00Z,13199.0
2022-03-09T17:00:00Z,12350.0
2022-03-09T18:00:00Z,12224.0
2022-03-09T19:00:00Z,12787.0
2022-03-09T20:00:00Z,13733.0
2022-03-09T21:00:00Z,14740.0
2022-03-09T22:00:00Z,15131.0
2022-03-09T23:00:00Z,15061.0
2022-03-10T00:00:00Z,13842.0
2022-03-10T01:00:00Z,12449.0
2022-03-10T02:00:00Z,10386.0
2022-03-10T03:00:00Z,8975.0
2022-03-10T04:00:00Z,8374.0
2022-03-10T05:00:00Z,7767.0
2022-03-10T06:00:00Z,6694.0
2022-03-10T07:00:00Z,6579.0
2022-03-10T08:00:00Z,6852.0
2022-03-10T09:00:00Z,7064.0
2022-03-10T10:00:00Z,6588.0
2022-03-10T11:00:00Z,6316.0
2022-03-10T12:00:00Z,5708.0
2022-03-10T13:00:00Z,5383.0
2022-03-10T14:00:00Z,5132.0
2022-03-10T15:00:00Z,5236.0
2022-03-10T16:00:00Z,5301.0
2022-03-10T17:00:00Z,5650.0
2022-03-10T18:00:00Z,6408.0
2022-03-10T19:00:00Z,6793.0
2022-03-10T20:00:00Z,7115.0
2022-03-10T21:00:00Z,7572.0
2022-03-10T22:00:00Z,7853.0
2022-03-10T23:00:00Z,8031.0
2022-03-11T00:00:00Z,8280.0
2022-03-11T01:00:00Z,8711.0
2022-03-11T02:00:00Z,9559.0
2022-03-11T03:00:00Z,10895.0
2022-03-11T04:00:00Z,12443.0
2022-03-11T05:00:00Z,13249.0
2022-03-11T06:00:00Z,14263.0
2022-03-11T07:00:00Z,15072.0
2022-03-11T08:00:00Z,15601.0
2022-03-11T09:00:00Z,16242.0
2022-03-11T10:00:00Z,15951.0
2022-03-11T11:00:00Z,15834.0
2022-03-11T12:00:00Z,16261.0
2022-03-11T13:00:00Z,16621.0
2022-03-11T14:00:00Z,16668.0
2022-03-11T15:00:00Z,16635.0
2022-03-11T16:00:00Z,17042.0
2022-03-11T17:00:00Z,17960.0
2022-03-11T18:00:00Z,18499.0
2022-03-11T19:00:00Z,18938.0
2022-03-11T20:00:00Z,19358.0
2022-03-11T21:00:00Z,20163.0
2022-03-11T22:00:00Z,20678.0
2022-03-11T23:00:00Z,21007.0
2022-03-12T00:00:00Z,21486.0
2022-03-12T01:00:00Z,21264.0
2022-03-12T02:00:00Z,20508.0
2022-03-12T03:00:00Z,19486.0
2022-03-12T04:00:00Z,18710.0
2022-03-12T05:00:00Z,17527.0
2022-03-12T06:00:00Z,16612.0
2022-03-12T07:00:00Z,15558.0
2022-03-12T08:00:00Z,14464.0
2022-03-12T09:00:00Z,13175.0
2022-03-12T10:00:00Z,12687.0
2022-03-12T11:00:00Z,12341.0
2022-03-12T12:00:00Z,12028.0
2022-03-12T13:00:00Z,11344.0
2022-03-12T14:00:00Z,10574.0
2022-03-12T15:00:00Z,10398.0
2022-03-12T16:00:00Z,10433.0
2022-03-12T17:00:00Z,10763.0
2022-03-12T18:00:00Z,12359.0
2022-03-12T19:00:00Z,14583.0
2022-03-12T20:00:00Z,16345.0
2022-03-12T21:00:00Z,17927.0
2022-03-12T22:00:00Z,19103.0
2022-03-12T23:00:00Z,19702.0
2022-03-13T00:00:00Z,20005.0
2022-03-13T01:00:00Z,19591.0
2022-03-13T02:00:00Z,19474.0
2022-03-13T03:00:00Z,19804.0
2022-03-13T04:00:00Z,19446.0
2022-03-13T05:00:00Z,17613.0
2022-03-13T06:00:00Z,18460.0
2022-03-13T07:00:00Z,18176.0
2022-03-13T08:00:00Z,18424.0
2022-03-13T09:00:00Z,18414.0
2022-03-13T10:00:00Z,18267.0
2022-03-13T11:00:00Z,18830.0
2022-03-13T12:00:00Z,17377.0
2022-03-13T13:00:00Z,15759.0
2022-03-13T14:00:00Z,13545.0
2022-03-13T15:00:00Z,9739.0
2022-03-13T16:00:00Z,7183.0
2022-03-13T17:00:00Z,6242.0
2022-03-13T18:00:00Z,5979.0
2022-03-13T19:00:00Z,5705.0
2022-03-13T20:00:00Z,5739.0
2022-03-13T21:00:00Z,6139.0
2022-03-13T22:00:00Z,6696.0
2022-03-13T23:00:00Z,7504.0
2022-03-14T00:00:00Z,8545.0
2022-03-14T01:00:00Z,9039.0
2022-03-14T02:00:00Z,10534.0
2022-03-14T03:00:00Z,11864.0
2022-03-14T04:00:00Z,12996.0
2022-03-14T05:00:00Z,13753.0
2022-03-14T06:00:00Z,14414.0
2022-03-14T07:00:00Z,15152.0
2022-03-14T08:00:00Z,15545.0
2022-03-14T09:00:00Z,15518.0
2022-03-14T10:00:00Z,15307.0
2022-03-14T11:00:00Z,14542.0
2022-03-14T12:00:00Z,14106.0
2022-03-14T13:00:00Z,14415.0
2022-03-14T14:00:00Z,13523.0
2022-03-14T15:00:00Z,12298.0
2022-03-14T16:00:00Z,11971.0
2022-03-14T17:00:00Z,11660.0
2022-03-14T18:00:00Z,10572.0
2022-03-14T19:00:00Z,10521.0
2022-03-14T20:00:00Z,10632.0
2022-03-14T21:00:00Z,10550.0
2022-03-14T22:00:00Z,10474.0
2022-03-14T23:00:00Z,10246.0
2022-03-15T00:00:00Z,9569.0
2022-03-15T01:00:00Z,9950.0
2022-03-15T02:00:00Z,10954.0
2022-03-15T03:00:00Z,12501.0
2022-03-15T04:00:00Z,12500.0
2022-03-15T05:00:00Z,12009.0
2022-03-15T06:00:00Z,11675.0
2022-03-15T07:00:00Z,11468.0
2022-03-15T08:00:00Z,11060.0
2022-03-15T09:00:00Z,9761.0
2022-03-15T10:00:00Z,8547.0
2022-03-15T11:00:00Z,7927.0
2022-03-15T12:00:00Z,7688.0
2022-03-15T13:00:00Z,7666.0
2022-03-15T14:00:00Z,7108.0
2022-03-15T15:00:00Z,5794.0
2022-03-15T16:00:00Z,4683.0
2022-03-15T17:00:00Z,4342.0
2022-03-15T18:00:00Z,4401.0
2022-03-15T19:00:00Z,4660.0
2022-03-15T20:00:00Z,5507.0
2022-03-15T21:00:00Z,6371.0
2022-03-15T22:00:00Z,7641.0
2022-03-15T23:00:00Z,8630.0
2022-03-16T00:00:00Z,8874.0
2022-03-16T01:00:00Z,9734.0
2022-03-16T02:00:00Z,11215.0
2022-03-16T03:00:00Z,12460.0
2022-03-16T04:00:00Z,13153.0
2022-03-16T05:00:00Z,13381.0
2022-03-16T06:00:00Z,12991.0
2022-03-16T07:00:00Z,13826.0
2022-03-16T08:00:00Z,14476.0
2022-03-16T09:00:00Z,15153.0
2022-03-16T10:00:00Z,15970.0
2022-03-16T11:00:00Z,16542.0
2022-03-16T12:00:00Z,16996.0
2022-03-16T13:00:00Z,17198.0
2022-03-16T14:00:00Z,17230.0
2022-03-16T15:00:00Z,16251.0
2022-03-16T16:00:00Z,14858.0
2022-03-16T17:00:00Z,15288.0
2022-03-16T18:00:00Z,15032.0
2022-03-16T19:00:00Z,14700.0
2022-03-16T20:00:00Z,14359.0
2022-03-16T21:00:00Z,13407.0
2022-03-16T22:00:00Z,12140.0
2022-03-16T23:00:00Z,9903.0
2022-03-17T00:00:00Z,7787.0
2022-03-17T01:00:00Z,8061.0
2022-03-17T02:00:00Z,10235.0
2022-03-17T03:00:00Z,11855.0
2022-03-17T04:00:00Z,13240.0
2022-03-17T05:00:00Z,13817.0
2022-03-17T06:00:00Z,14940.0
2022-03-17T07:00:00Z,15696.0
2022-03-17T08:00:00Z,16286.0
2022-03-17T09:00:00Z,17331.0
2022-03-17T10:00:00Z,17212.0
2022-03-17T11:00:00Z,16501.0
2022-03-17T12:00:00Z,15528.0
2022-03-17T13:00:00Z,15170.0
2022-03-17T14:00:00Z,13683.0
2022-03-17T15:00:00Z,11606.0
2022-03-17T16:00:00Z,9621.0
2022-03-17T17:00:00Z,9173.0
2022-03-17T18:00:00Z,9784.0
2022-03-17T19:00:00Z,10841.0
2022-03-17T20:00:00Z,11212.0
2022-03-17T21:00:00Z,11511.0
2022-03-17T22:00:00Z,10547.0
2022-03-17T23:00:00Z,9653.0
2022-03-18T00:00:00Z,9128.0
2022-03-18T01:00:00Z,9007.0
2022-03-18T02:00:00Z,9772.0
2022-03-18T03:00:00Z,11700.0
2022-03-18T04:00:00Z,12915.0
2022-03-18T05:00:00Z,13810.0
2022-03-18T06:00:00Z,13659.0
2022-03-18T07:00:00Z,13293.0
2022-03-18T08:00:00Z,13024.0
2022-03-18T09:00:00Z,13300.0
2022-03-18T10:00:00Z,13246.0
2022-03-18T11:00:00Z,12919.0
2022-03-18T12:00:00Z,13238.0
2022-03-18T13:00:00Z,14059.0
2022-03-18T14:00:00Z,14158.0
2022-03-18T15:00:00Z,13571.0
2022-03-18T16:00:00Z,13361.0
2022-03-18T17:00:00Z,13545.0
2022-03-18T18:00:00Z,14422.0
2022-03-18T19:00:00Z,14882.0
2022-03-18T20:00:00Z,15159.0
2022-03-18T21:00:00Z,15303.0
2022-03-18T22:00:00Z,16052.0
2022-03-18T23:00:00Z,16151.0
2022-03-19T00:00:00Z,15161.0
2022-03-19T01:00:00Z,14215.0
2022-03-19T02:00:00Z,13708.0
2022-03-19T03:00:00Z,13827.0
2022-03-19T04:00:00Z,14726.0
2022-03-19T05:00:00Z,14596.0
2022-03-19T06:00:00Z,13267.0
2022-03-19T07:00:00Z,11918.0
2022-03-19T08:00:00Z,10702.0
2022-03-19T09:00:00Z,10144.0
2022-03-19T10:00:00Z,10560.0
2022-03-19T11:00:00Z,11292.0
2022-03-19T12:00:00Z,12101.0
2022-03-19T13:00:00Z,12137.0
2022-03-19T14:00:00Z,11084.0
2022-03-19T15:00:00Z,8864.0
2022-03-19T16:00:00Z,7757.0
2022-03-19T17:00:00Z,7035.0
2022-03-19T18:00:00Z,6329.0
2022-03-19T19:00:00Z,6560.0
2022-03-19T20:00:00Z,7150.0
2022-03-19T21:00:00Z,7358.0
2022-03-19T22:00:00Z,7624.0
2022-03-19T23:00:00Z,8182.0
2022-03-20T00:00:00Z,7647.0
2022-03-20T01:00:00Z,7137.0
2022-03-20T02:00:00Z,7789.0
2022-03-20T03:00:00Z,7899.0
2022-03-20T04:00:00Z,8254.0
2022-03-20T05:00:00Z,8202.0
2022-03-20T06:00:00Z,7983.0
2022-03-20T07:00:00Z,7584.0
2022-03-20T08:00:00Z,7559.0
2022-03-20T09:00:00Z,7465.0
2022-03-20T10:00:00Z,7673.0
2022-03-20T11:00:00Z,7444.0
2022-03-20T12:00:00Z,7454.0
2022-03-20T13:00:00Z,7503.0
2022-03-20T14:00:00Z,7427.0
2022-03-20T15:00:00Z,7233.0
2022-03-20T16:00:00Z,5761.0
2022-03-20T17:00:00Z,6648.0
2022-03-20T18:00:00Z,8758.0
2022-03-20T19:00:00Z,10135.0
2022-03-20T20:00:00Z,11084.0
2022-03-20T21:00:00Z,12387.0
2022-03-20T22:00:00Z,13572.0
2022-03-20T23:00:00Z,14133.0
2022-03-21T00:00:00Z,14648.0
2022-03-21T01:00:00Z,15901.0
2022-03-21T02:00:00Z,17110.0
2022-03-21T03:00:00Z,17501.0
2022-03-21T04:00:00Z,17464.0
2022-03-21T05:00:00Z,17597.0
2022-03-21T06:00:00Z,17222.0
2022-03-21T07:00:00Z,16919.0
2022-03-21T08:00:00Z,16239.0
2022-03-21T09:00:00Z,16426.0
2022-03-21T10:00:00Z,16941.0
2022-03-21T11:00:00Z,17044.0
2022-03-21T12:00:00Z,17334.0
2022-03-21T13:00:00Z,17399.0
2022-03-21T14:00:00Z,17091.0
2022-03-21T15:00:00Z,16983.0
2022-03-21T16:00:00Z,16736.0
2022-03-21T17:00:00Z,16331.0
2022-03-21T18:00:00Z,16540.0
2022-03-21T19:00:00Z,16995.0
2022-03-21T20:00:00Z,17497.0
2022-03-21T21:00:00Z,18574.0
2022-03-21T22:00:00Z,17498.0
2022-03-21T23:00:00Z,17003.0
2022-03-22T00:00:00Z,14978.0
2022-03-22T01:00:00Z,13590.0
2022-03-22T02:00:00Z,12760.0
2022-03-22T03:00:00Z,11649.0
2022-03-22T04:00:00Z,10478.0
2022-03-22T05:00:00Z,10896.0
2022-03-22T06:00:00Z,11030.0
2022-03-22T07:00:00Z,11512.0
2022-03-22T08:00:00Z,11858.0
2022-03-22T09:00:00Z,13065.0
2022-03-22T10:00:00Z,13735.0
2022-03-22T11:00:00Z,15146.0
2022-03-22T12:00:00Z,15878.0
2022-03-22T13:00:00Z,16704.0
2022-03-22T14:00:00Z,17325.0
2022-03-22T15:00:00Z,17275.0
2022-03-22T16:00:00Z,17321.0
2022-03-22T17:00:00Z,16868.0
2022-03-22T18:00:00Z,16505.0
2022-03-22T19:00:00Z,16887.0
2022-03-22T20:00:00Z,17755.0
2022-03-22T21:00:00Z,17700.0
2022-03-22T22:00:00Z,17281.0
2022-03-22T23:00:00Z,16640.0
2022-03-23T00:00:00Z,16974.0
2022-03-23T01:00:00Z,17190.0
2022-03-23T02:00:00Z,17837.0
2022-03-23T03:00:00Z,18235.0
2022-03-23T04:00:00Z,18641.0
2022-03-23T05:00:00Z,19093.0
2022-03-23T06:00:00Z,18805.0
2022-03-23T07:00:00Z,18875.0
2022-03-23T08:00:00Z,18895.0
2022-03-23T09:00:00Z,19006.0
2022-03-23T10:00:00Z,18539.0
2022-03-23T11:00:00Z,18365.0
2022-03-23T12:00:00Z,18001.0
2022-03-23T13:00:00Z,17860.0
2022-03-23T14:00:00Z,17678.0
2022-03-23T15:00:00Z,17317.0
2022-03-23T16:00:00Z,17358.0
2022-03-23T17:00:00Z,18119.0
2022-03-23T18:00:00Z,18549.0
2022-03-23T19:00:00Z,18505.0
2022-03-23T20:00:00Z,18247.0
2022-03-23T21:00:00Z,17806.0
2022-03-23T22:00:00Z,18391.0
2022-03-23T23:00:00Z,18368.0
2022-03-24T00:00:00Z,18396.0
2022-03-24T01:00:00Z,18387.0
2022-03-24T02:00:00Z,18608.0
2022-03-24T03:00:00Z,17690.0
2022-03-24T04:00:00Z,16750.0
2022-03-24T05:00:00Z,16148.0
2022-03-24T06:00:00Z,15377.0
2022-03-24T07:00:00Z,14957.0
2022-03-24T08:00:00Z,15035.0
2022-03-24T09:00:00Z,14689.0
2022-03-24T10:00:00Z,14361.0
2022-03-24T11:00:00Z,14287.0
2022-03-24T12:00:00Z,13969.0
2022-03-24T13:00:00Z,13426.0
2022-03-24T14:00:00Z,12829.0
2022-03-24T15:00:00Z,12237.0
2022-03-24T16:00:00Z,11881.0
2022-03-24T17:00:00Z,11465.0
2022-03-24T18:00:00Z,11002.0
2022-03-24T19:00:00Z,10275.0
2022-03-24T20:00:00Z,10083.0
2022-03-24T21:00:00Z,9524.0
2022-03-24T22:00:00Z,8815.0
2022-03-24T23:00:00Z,8270.0
2022-03-25T00:00:00Z,7728.0
2022-03-25T01:00:00Z,6912.0
2022-03-25T02:00:00Z,7531.0
2022-03-25T03:00:00Z,8516.0
2022-03-25T04:00:00Z,9195.0
2022-03-25T05:00:00Z,9783.0
2022-03-25T06:00:00Z,10995.0
2022-03-25T07:00:00Z,12587.0
2022-03-25T08:00:00Z,13552.0
2022-03-25T09:00:00Z,14988.0
2022-03-25T10:00:00Z,15954.0
2022-03-25T11:00:00Z,16965.0
2022-03-25T12:00:00Z,18045.0
2022-03-25T13:00:00Z,18509.0
2022-03-25T14:00:00Z,18616.0
2022-03-25T15:00:00Z,19076.0
2022-03-25T16:00:00Z,19645.0
2022-03-25T17:00:00Z,19756.0
2022-03-25T18:00:00Z,20583.0
2022-03-25T19:00:00Z,20864.0
2022-03-25T20:00:00Z,20747.0
2022-03-25T21:00:00Z,20176.0
2022-03-25T22:00:00Z,20199.0
2022-03-25T23:00:00Z,20352.0
2022-03-26T00:00:00Z,20013.0
2022-03-26T01:00:00Z,20136.0
2022-03-26T02:00:00Z,19982.0
2022-03-26T03:00:00Z,20372.0
2022-03-26T04:00:00Z,19979.0
2022-03-26T05:00:00Z,19888.0
2022-03-26T06:00:00Z,19524.0
2022-03-26T07:00:00Z,19522.0
2022-03-26T08:00:00Z,19165.0
2022-03-26T09:00:00Z,19201.0
2022-03-26T10:00:00Z,19056.0
2022-03-26T11:00:00Z,19483.0
2022-03-26T12:00:00Z,19432.0
2022-03-26T13:00:00Z,19782.0
2022-03-26T14:00:00Z,20505.0
2022-03-26T15:00:00Z,20766.0
2022-03-26T16:00:00Z,20744.0
2022-03-26T17:00:00Z,20680.0
2022-03-26T18:00:00Z,20274.0
2022-03-26T19:00:00Z,19983.0
2022-03-26T20:00:00Z,19729.0
2022-03-26T21:00:00Z,19368.0
2022-03-26T22:00:00Z,19092.0
2022-03-26T23:00:00Z,18730.0
2022-03-27T00:00:00Z,18305.0
2022-03-27T01:00:00Z,17008.0
2022-03-27T02:00:00Z,15791.0
2022-03-27T03:00:00Z,14948.0
2022-03-27T04:00:00Z,14702.0
2022-03-27T05:00:00Z,14792.0
2022-03-27T06:00:00Z,14724.0
2022-03-27T07:00:00Z,14759.0
2022-03-27T08:00:00Z,15010.0
2022-03-27T09:00:00Z,14663.0
2022-03-27T10:00:00Z,13740.0
2022-03-27T11:00:00Z,13284.0
2022-03-27T12:00:00Z,12326.0
2022-03-27T13:00:00Z,11271.0
2022-03-27T14:00:00Z,11381.0
2022-03-27T15:00:00Z,9755.0
2022-03-27T16:00:00Z,7282.0
2022-03-27T17:00:00Z,6003.0
2022-03-27T18:00:00Z,5502.0
2022-03-27T19:00:00Z,5532.0
2022-03-27T20:00:00Z,5683.0
2022-03-27T21:00:00Z,5873.0
2022-03-27T22:00:00Z,6058.0
2022-03-27T23:00:00Z,6026.0
2022-03-28T00:00:00Z,5812.0
2022-03-28T01:00:00Z,5499.0
2022-03-28T02:00:00Z,5260.0
2022-03-28T03:00:00Z,5182.0
2022-03-28T04:00:00Z,5173.0
2022-03-28T05:00:00Z,5472.0
2022-03-28T06:00:00Z,6108.0
2022-03-28T07:00:00Z,6584.0
2022-03-28T08:00:00Z,7209.0
2022-03-28T09:00:00Z,8135.0
2022-03-28T10:00:00Z,8791.0
2022-03-28T11:00:00Z,10186.0
2022-03-28T12:00:00Z,11614.0
2022-03-28T13:00:00Z,12709.0
2022-03-28T14:00:00Z,12712.0
2022-03-28T15:00:00Z,14034.0
2022-03-28T16:00:00Z,14133.0
2022-03-28T17:00:00Z,14046.0
2022-03-28T18:00:00Z,14074.0
2022-03-28T19:00:00Z,14017.0
2022-03-28T20:00:00Z,13972.0
2022-03-28T21:00:00Z,13828.0
2022-03-28T22:00:00Z,13551.0
2022-03-28T23:00:00Z,13794.0
2022-03-29T00:00:00Z,14313.0
2022-03-29T01:00:00Z,14665.0
2022-03-29T02:00:00Z,15225.0
2022-03-29T03:00:00Z,15556.0
2022-03-29T04:00:00Z,15399.0
2022-03-29T05:00:00Z,14916.0
2022-03-29T06:00:00Z,15373.0
2022-03-29T07:00:00Z,15286.0
2022-03-29T08:00:00Z,15373.0
2022-03-29T09:00:00Z,15522.0
2022-03-29T10:00:00Z,15732.0
2022-03-29T11:00:00Z,16315.0
2022-03-29T12:00:00Z,16722.0
2022-03-29T13:00:00Z,17482.0
2022-03-29T14:00:00Z,17808.0
2022-03-29T15:00:00Z,18145.0
2022-03-29T16:00:00Z,18152.0
2022-03-29T17:00:00Z,18135.0
2022-03-29T18:00:00Z,18349.0
2022-03-29T19:00:00Z,18502.0
2022-03-29T20:00:00Z,18609.0
2022-03-29T21:00:00Z,18757.0
2022-03-29T22:00:00Z,18891.0
2022-03-29T23:00:00Z,18973.0
2022-03-30T00:00:00Z,18906.0
2022-03-30T01:00:00Z,18885.0
2022-03-30T02:00:00Z,18550.0
2022-03-30T03:00:00Z,17691.0
2022-03-30T04:00:00Z,17697.0
2022-03-30T05:00:00Z,17720.0
2022-03-30T06:00:00Z,18312.0
2022-03-30T07:00:00Z,17305.0
2022-03-30T08:00:00Z,16610.0
2022-03-30T09:00:00Z,16331.0
2022-03-30T10:00:00Z,15570.0
2022-03-30T11:00:00Z,15168.0
2022-03-30T12:00:00Z,15604.0
2022-03-30T13:00:00Z,16360.0
2022-03-30T14:00:00Z,16815.0
2022-03-30T15:00:00Z,17290.0
2022-03-30T16:00:00Z,17968.0
2022-03-30T17:00:00Z,17805.0
2022-03-30T18:00:00Z,17443.0
2022-03-30T19:00:00Z,18123.0
2022-03-30T20:00:00Z,18202.0
2022-03-30T21:00:00Z,17770.0
2022-03-30T22:00:00Z,17606.0
2022-03-30T23:00:00Z,18041.0
2022-03-31T00:00:00Z,17330.0
2022-03-31T01:00:00Z,17051.0
2022-03-31T02:00:00Z,17467.0
2022-03-31T03:00:00Z,17502.0
2022-03-31T04:00:00Z,17722.0
2022-03-31T05:00:00Z,17631.0
2022-03-31T06:00:00Z,17335.0
2022-03-31T07:00:00Z,17041.0
2022-03-31T08:00:00Z,17607.0
2022-03-31T09:00:00Z,17572.0
2022-03-31T10:00:00Z,17703.0
2022-03-31T11:00:00Z,17857.0
2022-03-31T12:00:00Z,18413.0
2022-03-31T13:00:00Z,18267.0
2022-03-31T14:00:00Z,17768.0
2022-03-31T15:00:00Z,17488.0
2022-03-31T16:00:00Z,17550.0
2022-03-31T17:00:00Z,17665.0
2022-03-31T18:00:00Z,16940.0
2022-03-31T19:00:00Z,16220.0
2022-03-31T20:00:00Z,15656.0
2022-03-31T21:00:00Z,14992.0
2022-03-31T22:00:00Z,14235.0
2022-03-31T23:00:00Z,12951.0
2022-04-01T00:00:00Z,11432.0
2022-04-01T01:00:00Z,9354.0
2022-04-01T02:00:00Z,7540.0
2022-04-01T03:00:00Z,6459.0
2022-04-01T04:00:00Z,5857.0
2022-04-01T05:00:00Z,5763.0
2022-04-01T06:00:00Z,5748.0
2022-04-01T07:00:00Z,5369.0
2022-04-01T08:00:00Z,4858.0
2022-04-01T09:00:00Z,4894.0
2022-04-01T10:00:00Z,4919.0
2022-04-01T11:00:00Z,4600.0
2022-04-01T12:00:00Z,4395.0
2022-04-01T13:00:00Z,4648.0
2022-04-01T14:00:00Z,5576.0
2022-04-01T15:00:00Z,5090.0
2022-04-01T16:00:00Z,4878.0
2022-04-01T17:00:00Z,5044.0
2022-04-01T18:00:00Z,5734.0
2022-04-01T19:00:00Z,5845.0
2022-04-01T20:00:00Z,5651.0
2022-04-01T21:00:00Z,5535.0
2022-04-01T22:00:00Z,5599.0
2022-04-01T23:00:00Z,5389.0
2022-04-02T00:00:00Z,5084.0
2022-04-02T01:00:00Z,5220.0
2022-04-02T02:00:00Z,6364.0
2022-04-02T03:00:00Z,6845.0
2022-04-02T04:00:00Z,7406.0
2022-04-02T05:00:00Z,8009.0
2022-04-02T06:00:00Z,8434.0
2022-04-02T07:00:00Z,8482.0
2022-04-02T08:00:00Z,8151.0
2022-04-02T09:00:00Z,6771.0
2022-04-02T10:00:00Z,5877.0
2022-04-02T11:00:00Z,5635.0
2022-04-02T12:00:00Z,5956.0
2022-04-02T13:00:00Z,7021.0
2022-04-02T14:00:00Z,7640.0
2022-04-02T15:00:00Z,7539.0
2022-04-02T16:00:00Z,8547.0
2022-04-02T17:00:00Z,9205.0
2022-04-02T18:00:00Z,11073.0
2022-04-02T19:00:00Z,13151.0
2022-04-02T20:00:00Z,13800.0
2022-04-02T21:00:00Z,13417.0
2022-04-02T22:00:00Z,13583.0
2022-04-02T23:00:00Z,13416.0
2022-04-03T00:00:00Z,11412.0
2022-04-03T01:00:00Z,7885.0
2022-04-03T02:00:00Z,6732.0
2022-04-03T03:00:00Z,6767.0
2022-04-03T04:00:00Z,6566.0
2022-04-03T05:00:00Z,6812.0
2022-04-03T06:00:00Z,7031.0
2022-04-03T07:00:00Z,6810.0
2022-04-03T08:00:00Z,6640.0
2022-04-03T09:00:00Z,6621.0
2022-04-03T10:00:00Z,6786.0
2022-04-03T11:00:00Z,7076.0
2022-04-03T12:00:00Z,7539.0
2022-04-03T13:00:00Z,7964.0
2022-04-03T14:00:00Z,8306.0
2022-04-03T15:00:00Z,8645.0
2022-04-03T16:00:00Z,9633.0
2022-04-03T17:00:00Z,10319.0
2022-04-03T18:00:00Z,10237.0
2022-04-03T19:00:00Z,10533.0
2022-04-03T20:00:00Z,11447.0
2022-04-03T21:00:00Z,11949.0
2022-04-03T22:00:00Z,12106.0
2022-04-03T23:00:00Z,12912.0
2022-04-04T00:00:00Z,12347.0
2022-04-04T01:00:00Z,12147.0
2022-04-04T02:00:00Z,12422.0
2022-04-04T03:00:00Z,13201.0
2022-04-04T04:00:00Z,13719.0
2022-04-04T05:00:00Z,14032.0
2022-04-04T06:00:00Z,15169.0
2022-04-04T07:00:00Z,15129.0
2022-04-04T08:00:00Z,14774.0
2022-04-04T09:00:00Z,15075.0
2022-04-04T10:00:00Z,15375.0
2022-04-04T11:00:00Z,15060.0
2022-04-04T12:00:00Z,14305.0
2022-04-04T13:00:00Z,12537.0
2022-04-04T14:00:00Z,10553.0
2022-04-04T15:00:00Z,8777.0
2022-04-04T16:00:00Z,7827.0
2022-04-04T17:00:00Z,7751.0
2022-04-04T18:00:00Z,7687.0
2022-04-04T19:00:00Z,7017.0
2022-04-04T20:00:00Z,6737.0
2022-04-04T21:00:00Z,6839.0
2022-04-04T22:00:00Z,7314.0
2022-04-04T23:00:00Z,7399.0
2022-04-05T00:00:00Z,7957.0
2022-04-05T01:00:00Z,8789.0
2022-04-05T02:00:00Z,10499.0
2022-04-05T03:00:00Z,12609.0
2022-04-05T04:00:00Z,13103.0
2022-04-05T05:00:00Z,13000.0
2022-04-05T06:00:00Z,13182.0
2022-04-05T07:00:00Z,12717.0
2022-04-05T08:00:00Z,13566.0
2022-04-05T09:00:00Z,13748.0
2022-04-05T10:00:00Z,13937.0
2022-04-05T11:00:00Z,14238.0
2022-04-05T12:00:00Z,14916.0
2022-04-05T13:00:00Z,15252.0
2022-04-05T14:00:00Z,14668.0
2022-04-05T15:00:00Z,14644.0
2022-04-05T16:00:00Z,14293.0
2022-04-05T17:00:00Z,13794.0
2022-04-05T18:00:00Z,13767.0
2022-04-05T19:00:00Z,14118.0
2022-04-05T20:00:00Z,14305.0
2022-04-05T21:00:00Z,14364.0
2022-04-05T22:00:00Z,14761.0
2022-04-05T23:00:00Z,15396.0
2022-04-06T00:00:00Z,15265.0
2022-04-06T01:00:00Z,15627.0
2022-04-06T02:00:00Z,15265.0
2022-04-06T03:00:00Z,15331.0
2022-04-06T04:00:00Z,15605.0
2022-04-06T05:00:00Z,15833.0
2022-04-06T06:00:00Z,15992.0
2022-04-06T07:00:00Z,16702.0
2022-04-06T08:00:00Z,17178.0
2022-04-06T09:00:00Z,17367.0
2022-04-06T10:00:00Z,17354.0
2022-04-06T11:00:00Z,17228.0
2022-04-06T12:00:00Z,17958.0
2022-04-06T13:00:00Z,18607.0
2022-04-06T14:00:00Z,18186.0
2022-04-06T15:00:00Z,18297.0
2022-04-06T16:00:00Z,18844.0
2022-04-06T17:00:00Z,18667.0
2022-04-06T18:00:00Z,18447.0
2022-04-06T19:00:00Z,18410.0
2022-04-06T20:00:00Z,18580.0
2022-04-06T21:00:00Z,18171.0
2022-04-06T22:00:00Z,17858.0
2022-04-06T23:00:00Z,17852.0
2022-04-07T00:00:00Z,17771.0
2022-04-07T01:00:00Z,17293.0
2022-04-07T02:00:00Z,17370.0
2022-04-07T03:00:00Z,17476.0
2022-04-07T04:00:00Z,17661.0
2022-04-07T05:00:00Z,17673.0
2022-04-07T06:00:00Z,17238.0
2022-04-07T07:00:00Z,17140.0
2022-04-07T08:00:00Z,17253.0
2022-04-07T09:00:00Z,17218.0
2022-04-07T10:00:00Z,17603.0
2022-04-07T11:00:00Z,18076.0
2022-04-07T12:00:00Z,17957.0
2022-04-07T13:00:00Z,18407.0
2022-04-07T14:00:00Z,18455.0
2022-04-07T15:00:00Z,18599.0
2022-04-07T16:00:00Z,18879.0
2022-04-07T17:00:00Z,18750.0
2022-04-07T18:00:00Z,18752.0
2022-04-07T19:00:00Z,18853.0
2022-04-07T20:00:00Z,18554.0
2022-04-07T21:00:00Z,18439.0
2022-04-07T22:00:00Z,18009.0
2022-04-07T23:00:00Z,17911.0
2022-04-08T00:00:00Z,17208.0
2022-04-08T01:00:00Z,17048.0
2022-04-08T02:00:00Z,17252.0
2022-04-08T03:00:00Z,16993.0
2022-04-08T04:00:00Z,16794.0
2022-04-08T05:00:00Z,16614.0
2022-04-08T06:00:00Z,15844.0
2022-04-08T07:00:00Z,15604.0
2022-04-08T08:00:00Z,15435.0
2022-04-08T09:00:00Z,15249.0
2022-04-08T10:00:00Z,15098.0
2022-04-08T11:00:00Z,15492.0
2022-04-08T12:00:00Z,15335.0
2022-04-08T13:00:00Z,15417.0
2022-04-08T14:00:00Z,15613.0
2022-04-08T15:00:00Z,15663.0
2022-04-08T16:00:00Z,15147.0
2022-04-08T17:00:00Z,15346.0
2022-04-08T18:00:00Z,15667.0
2022-04-08T19:00:00Z,15845.0
2022-04-08T20:00:00Z,15905.0
2022-04-08T21:00:00Z,15918.0
2022-04-08T22:00:00Z,15929.0
2022-04-08T23:00:00Z,15484.0
2022-04-09T00:00:00Z,15542.0
2022-04-09T01:00:00Z,15517.0
2022-04-09T02:00:00Z,15834.0
2022-04-09T03:00:00Z,15425.0
2022-04-09T04:00:00Z,14499.0
2022-04-09T05:00:00Z,13651.0
2022-04-09T06:00:00Z,12777.0
2022-04-09T07:00:00Z,12036.0
2022-04-09T08:00:00Z,10176.0
2022-04-09T09:00:00Z,9008.0
2022-04-09T10:00:00Z,8313.0
2022-04-09T11:00:00Z,7301.0
2022-04-09T12:00:00Z,6490.0
2022-04-09T13:00:00Z,5988.0
2022-04-09T14:00:00Z,5398.0
2022-04-09T15:00:00Z,5172.0
2022-04-09T16:00:00Z,6186.0
2022-04-09T17:00:00Z,7294.0
2022-04-09T18:00:00Z,7809.0
2022-04-09T19:00:00Z,7650.0
2022-04-09T20:00:00Z,8917.0
2022-04-09T21:00:00Z,9517.0
2022-04-09T22:00:00Z,10383.0
2022-04-09T23:00:00Z,10785.0
2022-04-10T00:00:00Z,11209.0
2022-04-10T01:00:00Z,10543.0
2022-04-10T02:00:00Z,11188.0
2022-04-10T03:00:00Z,12086.0
2022-04-10T04:00:00Z,12248.0
2022-04-10T05:00:00Z,13094.0
2022-04-10T06:00:00Z,13956.0
2022-04-10T07:00:00Z,14381.0
2022-04-10T08:00:00Z,14727.0
2022-04-10T09:00:00Z,15076.0
2022-04-10T10:00:00Z,15385.0
2022-04-10T11:00:00Z,14775.0
2022-04-10T12:00:00Z,13749.0
2022-04-10T13:00:00Z,14064.0
2022-04-10T14:00:00Z,14440.0
2022-04-10T15:00:00Z,14417.0
2022-04-10T16:00:00Z,14778.0
2022-04-10T17:00:00Z,15212.0
2022-04-10T18:00:00Z,14450.0
2022-04-10T19:00:00Z,14713.0
2022-04-10T20:00:00Z,13812.0
2022-04-10T21:00:00Z,14305.0
2022-04-10T22:00:00Z,15330.0
2022-04-10T23:00:00Z,15213.0
2022-04-11T00:00:00Z,15358.0
2022-04-11T01:00:00Z,15874.0
2022-04-11T02:00:00Z,16809.0
2022-04-11T03:00:00Z,17080.0
2022-04-11T04:00:00Z,17033.0
2022-04-11T05:00:00Z,16939.0
2022-04-11T06:00:00Z,16953.0
2022-04-11T07:00:00Z,16474.0
2022-04-11T08:00:00Z,16366.0
2022-04-11T09:00:00Z,16368.0
2022-04-11T10:00:00Z,15113.0
2022-04-11T11:00:00Z,12976.0
2022-04-11T12:00:00Z,12036.0
2022-04-11T13:00:00Z,11681.0
2022-04-11T14:00:00Z,9251.0
2022-04-11T15:00:00Z,7305.0
2022-04-11T16:00:00Z,6146.0
2022-04-11T17:00:00Z,6419.0
2022-04-11T18:00:00Z,7877.0
2022-04-11T19:00:00Z,9716.0
2022-04-11T20:00:00Z,9820.0
2022-04-11T21:00:00Z,8475.0
2022-04-11T22:00:00Z,6427.0
2022-04-11T23:00:00Z,4701.0
2022-04-12T00:00:00Z,3518.0
2022-04-12T01:00:00Z,2959.0
2022-04-12T02:00:00Z,3780.0
2022-04-12T03:00:00Z,5124.0
2022-04-12T04:00:00Z,7285.0
2022-04-12T05:00:00Z,8727.0
2022-04-12T06:00:00Z,9915.0
2022-04-12T07:00:00Z,10683.0
2022-04-12T08:00:00Z,11990.0
2022-04-12T09:00:00Z,12607.0
2022-04-12T10:00:00Z,13225.0
2022-04-12T11:00:00Z,13993.0
2022-04-12T12:00:00Z,14864.0
2022-04-12T13:00:00Z,16528.0
2022-04-12T14:00:00Z,17020.0
2022-04-12T15:00:00Z,16508.0
2022-04-12T16:00:00Z,16583.0
2022-04-12T17:00:00Z,16718.0
2022-04-12T18:00:00Z,16948.0
2022-04-12T19:00:00Z,17137.0
2022-04-12T20:00:00Z,17216.0
2022-04-12T21:00:00Z,17680.0
2022-04-12T22:00:00Z,17995.0
2022-04-12T23:00:00Z,19053.0
2022-04-13T00:00:00Z,19479.0
2022-04-13T01:00:00Z,19821.0
2022-04-13T02:00:00Z,20358.0
2022-04-13T03:00:00Z,19178.0
2022-04-13T04:00:00Z,17710.0
2022-04-13T05:00:00Z,17127.0
2022-04-13T06:00:00Z,17000.0
2022-04-13T07:00:00Z,18552.0
2022-04-13T08:00:00Z,18139.0
2022-04-13T09:00:00Z,18576.0
2022-04-13T10:00:00Z,18494.0
2022-04-13T11:00:00Z,18011.0
2022-04-13T12:00:00Z,18530.0
2022-04-13T13:00:00Z,18846.0
2022-04-13T14:00:00Z,18455.0
2022-04-13T15:00:00Z,18684.0
2022-04-13T16:00:00Z,18873.0
2022-04-13T17:00:00Z,19885.0
2022-04-13T18:00:00Z,20283.0
2022-04-13T19:00:00Z,19992.0
2022-04-13T20:00:00Z,19412.0
2022-04-13T21:00:00Z,18806.0
2022-04-13T22:00:00Z,19056.0
2022-04-13T23:00:00Z,19217.0
2022-04-14T00:00:00Z,18769.0
2022-04-14T01:00:00Z,17727.0
2022-04-14T02:00:00Z,16782.0
2022-04-14T03:00:00Z,16925.0
2022-04-14T04:00:00Z,17456.0
2022-04-14T05:00:00Z,17305.0
2022-04-14T06:00:00Z,17565.0
2022-04-14T07:00:00Z,18675.0
2022-04-14T08:00:00Z,18942.0
2022-04-14T09:00:00Z,18788.0
2022-04-14T10:00:00Z,19314.0
2022-04-14T11:00:00Z,19647.0
2022-04-14T12:00:00Z,20102.0
2022-04-14T13:00:00Z,20704.0
2022-04-14T14:00:00Z,20363.0
2022-04-14T15:00:00Z,20406.0
2022-04-14T16:00:00Z,20702.0
2022-04-14T17:00:00Z,20991.0
2022-04-14T18:00:00Z,20556.0
2022-04-14T19:00:00Z,20081.0
2022-04-14T20:00:00Z,19557.0
2022-04-14T21:00:00Z,19175.0
2022-04-14T22:00:00Z,19489.0
2022-04-14T23:00:00Z,20005.0
2022-04-15T00:00:00Z,20432.0
2022-04-15T01:00:00Z,20024.0
2022-04-15T02:00:00Z,19663.0
2022-04-15T03:00:00Z,18723.0
2022-04-15T04:00:00Z,17461.0
2022-04-15T05:00:00Z,17392.0
2022-04-15T06:00:00Z,17508.0
2022-04-15T07:00:00Z,18468.0
2022-04-15T08:00:00Z,18132.0
2022-04-15T09:00:00Z,18719.0
2022-04-15T10:00:00Z,18737.0
2022-04-15T11:00:00Z,18569.0
2022-04-15T12:00:00Z,17530.0
2022-04-15T13:00:00Z,17105.0
2022-04-15T14:00:00Z,17848.0
2022-04-15T15:00:00Z,17058.0
2022-04-15T16:00:00Z,16610.0
2022-04-15T17:00:00Z,16001.0
2022-04-15T18:00:00Z,14292.0
2022-04-15T19:00:00Z,13380.0
2022-04-15T20:00:00Z,13955.0
2022-04-15T21:00:00Z,14647.0
2022-04-15T22:00:00Z,15352.0
2022-04-15T23:00:00Z,15549.0
2022-04-16T00:00:00Z,15479.0
2022-04-16T01:00:00Z,14695.0
2022-04-16T02:00:00Z,13674.0
2022-04-16T03:00:00Z,13366.0
2022-04-16T04:00:00Z,12984.0
2022-04-16T05:00:00Z,13264.0
2022-04-16T06:00:00Z,13683.0
2022-04-16T07:00:00Z,14027.0
2022-04-16T08:00:00Z,14743.0
2022-04-16T09:00:00Z,15296.0
2022-04-16T10:00:00Z,15823.0
2022-04-16T11:00:00Z,15913.0
2022-04-16T12:00:00Z,15326.0
2022-04-16T13:00:00Z,14625.0
2022-04-16T14:00:00Z,15383.0
2022-04-16T15:00:00Z,15048.0
2022-04-16T16:00:00Z,15027.0
2022-04-16T17:00:00Z,15125.0
2022-04-16T18:00:00Z,15235.0
2022-04-16T19:00:00Z,15216.0
2022-04-16T20:00:00Z,14593.0
2022-04-16T21:00:00Z,13407.0
2022-04-16T22:00:00Z,11976.0
2022-04-16T23:00:00Z,10279.0
2022-04-17T00:00:00Z,8520.0
2022-04-17T01:00:00Z,6642.0
2022-04-17T02:00:00Z,5911.0
2022-04-17T03:00:00Z,6174.0
2022-04-17T04:00:00Z,6673.0
2022-04-17T05:00:00Z,7054.0
2022-04-17T06:00:00Z,7664.0
2022-04-17T07:00:00Z,8440.0
2022-04-17T08:00:00Z,9032.0
2022-04-17T09:00:00Z,9989.0
2022-04-17T10:00:00Z,10651.0
2022-04-17T11:00:00Z,10775.0
2022-04-17T12:00:00Z,10170.0
2022-04-17T13:00:00Z,10393.0
2022-04-17T14:00:00Z,10364.0
2022-04-17T15:00:00Z,11731.0
2022-04-17T16:00:00Z,13068.0
2022-04-17T17:00:00Z,12713.0
2022-04-17T18:00:00Z,11390.0
2022-04-17T19:00:00Z,10126.0
2022-04-17T20:00:00Z,9776.0
2022-04-17T21:00:00Z,9689.0
2022-04-17T22:00:00Z,9094.0
2022-04-17T23:00:00Z,9034.0
2022-04-18T00:00:00Z,9160.0
2022-04-18T01:00:00Z,9848.0
2022-04-18T02:00:00Z,10680.0
2022-04-18T03:00:00Z,11081.0
2022-04-18T04:00:00Z,11256.0
2022-04-18T05:00:00Z,11902.0
2022-04-18T06:00:00Z,12493.0
2022-04-18T07:00:00Z,13312.0
2022-04-18T08:00:00Z,13418.0
2022-04-18T09:00:00Z,13832.0
2022-04-18T10:00:00Z,14019.0
2022-04-18T11:00:00Z,15078.0
2022-04-18T12:00:00Z,15109.0
2022-04-18T13:00:00Z,15291.0
2022-04-18T14:00:00Z,15754.0
2022-04-18T15:00:00Z,15798.0
2022-04-18T16:00:00Z,16274.0
2022-04-18T17:00:00Z,16328.0
2022-04-18T18:00:00Z,16180.0
2022-04-18T19:00:00Z,16919.0
2022-04-18T20:00:00Z,17065.0
2022-04-18T21:00:00Z,16891.0
2022-04-18T22:00:00Z,16794.0
2022-04-18T23:00:00Z,16711.0
2022-04-19T00:00:00Z,16668.0
2022-04-19T01:00:00Z,16256.0
2022-04-19T02:00:00Z,14902.0
2022-04-19T03:00:00Z,13280.0
2022-04-19T04:00:00Z,12003.0
2022-04-19T05:00:00Z,11894.0
2022-04-19T06:00:00Z,11522.0
2022-04-19T07:00:00Z,11367.0
2022-04-19T08:00:00Z,11383.0
2022-04-19T09:00:00Z,11090.0
2022-04-19T10:00:00Z,10149.0
2022-04-19T11:00:00Z,9609.0
2022-04-19T12:00:00Z,9744.0
2022-04-19T13:00:00Z,10382.0
2022-04-19T14:00:00Z,8522.0
2022-04-19T15:00:00Z,8760.0
2022-04-19T16:00:00Z,9486.0
2022-04-19T17:00:00Z,10269.0
2022-04-19T18:00:00Z,11183.0
2022-04-19T19:00:00Z,12547.0
2022-04-19T20:00:00Z,13292.0
2022-04-19T21:00:00Z,13788.0
2022-04-19T22:00:00Z,14112.0
2022-04-19T23:00:00Z,14354.0
2022-04-20T00:00:00Z,14534.0
2022-04-20T01:00:00Z,14836.0
2022-04-20T02:00:00Z,14716.0
2022-04-20T03:00:00Z,14878.0
2022-04-20T04:00:00Z,15352.0
2022-04-20T05:00:00Z,16182.0
2022-04-20T06:00:00Z,16373.0
2022-04-20T07:00:00Z,16089.0
2022-04-20T08:00:00Z,16094.0
2022-04-20T09:00:00Z,15955.0
2022-04-20T10:00:00Z,15971.0
2022-04-20T11:00:00Z,16031.0
2022-04-20T12:00:00Z,16160.0
2022-04-20T13:00:00Z,16801.0
2022-04-20T14:00:00Z,16991.0
2022-04-20T15:00:00Z,17088.0
2022-04-20T16:00:00Z,17048.0
2022-04-20T17:00:00Z,16367.0
2022-04-20T18:00:00Z,15430.0
2022-04-20T19:00:00Z,14700.0
2022-04-20T20:00:00Z,13658.0
2022-04-20T21:00:00Z,12727.0
2022-04-20T22:00:00Z,11985.0
2022-04-20T23:00:00Z,10678.0
2022-04-21T00:00:00Z,9678.0
2022-04-21T01:00:00Z,8617.0
2022-04-21T02:00:00Z,8576.0
2022-04-21T03:00:00Z,9856.0
2022-04-21T04:00:00Z,11070.0
2022-04-21T05:00:00Z,11909.0
2022-04-21T06:00:00Z,12190.0
2022-04-21T07:00:00Z,11356.0
2022-04-21T08:00:00Z,11324.0
2022-04-21T09:00:00Z,11275.0
2022-04-21T10:00:00Z,11549.0
2022-04-21T11:00:00Z,11844.0
2022-04-21T12:00:00Z,11796.0
2022-04-21T13:00:00Z,10967.0
2022-04-21T14:00:00Z,9685.0
2022-04-21T15:00:00Z,8690.0
2022-04-21T16:00:00Z,7157.0
2022-04-21T17:00:00Z,5773.0
2022-04-21T18:00:00Z,5238.0
2022-04-21T19:00:00Z,4748.0
2022-04-21T20:00:00Z,4773.0
2022-04-21T21:00:00Z,5407.0
2022-04-21T22:00:00Z,6949.0
2022-04-21T23:00:00Z,8740.0
2022-04-22T00:00:00Z,10204.0
2022-04-22T01:00:00Z,10588.0
2022-04-22T02:00:00Z,11858.0
2022-04-22T03:00:00Z,13640.0
2022-04-22T04:00:00Z,14754.0
2022-04-22T05:00:00Z,14962.0
2022-04-22T06:00:00Z,15312.0
2022-04-22T07:00:00Z,16195.0
2022-04-22T08:00:00Z,16333.0
2022-04-22T09:00:00Z,16353.0
2022-04-22T10:00:00Z,16282.0
2022-04-22T11:00:00Z,16758.0
2022-04-22T12:00:00Z,17952.0
2022-04-22T13:00:00Z,18697.0
2022-04-22T14:00:00Z,18531.0
2022-04-22T15:00:00Z,18221.0
2022-04-22T16:00:00Z,18623.0
2022-04-22T17:00:00Z,18884.0
2022-04-22T18:00:00Z,18930.0
2022-04-22T19:00:00Z,18739.0
2022-04-22T20:00:00Z,18541.0
2022-04-22T21:00:00Z,18566.0
2022-04-22T22:00:00Z,18453.0
2022-04-22T23:00:00Z,18711.0
2022-04-23T00:00:00Z,19077.0
2022-04-23T01:00:00Z,19276.0
2022-04-23T02:00:00Z,20288.0
2022-04-23T03:00:00Z,20608.0
2022-04-23T04:00:00Z,20552.0
2022-04-23T05:00:00Z,20427.0
2022-04-23T06:00:00Z,19780.0
2022-04-23T07:00:00Z,20015.0
2022-04-23T08:00:00Z,19979.0
2022-04-23T09:00:00Z,19646.0
2022-04-23T10:00:00Z,19577.0
2022-04-23T11:00:00Z,19538.0
2022-04-23T12:00:00Z,19593.0
2022-04-23T13:00:00Z,19821.0
2022-04-23T14:00:00Z,19519.0
2022-04-23T15:00:00Z,19074.0
2022-04-23T16:00:00Z,18848.0
2022-04-23T17:00:00Z,18336.0
2022-04-23T18:00:00Z,18363.0
2022-04-23T19:00:00Z,18618.0
2022-04-23T20:00:00Z,18576.0
2022-04-23T21:00:00Z,19127.0
2022-04-23T22:00:00Z,18977.0
2022-04-23T23:00:00Z,18720.0
2022-04-24T00:00:00Z,18988.0
2022-04-24T01:00:00Z,19764.0
2022-04-24T02:00:00Z,19211.0
2022-04-24T03:00:00Z,19531.0
2022-04-24T04:00:00Z,19517.0
2022-04-24T05:00:00Z,19096.0
2022-04-24T06:00:00Z,19085.0
2022-04-24T07:00:00Z,18804.0
2022-04-24T08:00:00Z,18388.0
2022-04-24T09:00:00Z,18466.0
2022-04-24T10:00:00Z,19125.0
2022-04-24T11:00:00Z,19292.0
2022-04-24T12:00:00Z,19277.0
2022-04-24T13:00:00Z,19639.0
2022-04-24T14:00:00Z,20113.0
2022-04-24T15:00:00Z,20674.0
2022-04-24T16:00:00Z,20565.0
2022-04-24T17:00:00Z,20198.0
2022-04-24T18:00:00Z,19952.0
2022-04-24T19:00:00Z,20006.0
2022-04-24T20:00:00Z,19989.0
2022-04-24T21:00:00Z,20092.0
2022-04-24T22:00:00Z,20065.0
2022-04-24T23:00:00Z,20028.0
2022-04-25T00:00:00Z,19766.0
2022-04-25T01:00:00Z,19047.0
2022-04-25T02:00:00Z,19247.0
2022-04-25T03:00:00Z,18948.0
2022-04-25T04:00:00Z,18600.0
2022-04-25T05:00:00Z,18042.0
2022-04-25T06:00:00Z,17200.0
2022-04-25T07:00:00Z,16388.0
2022-04-25T08:00:00Z,16114.0
2022-04-25T09:00:00Z,15550.0
2022-04-25T10:00:00Z,15350.0
2022-04-25T11:00:00Z,15586.0
2022-04-25T12:00:00Z,15559.0
2022-04-25T13:00:00Z,16123.0
2022-04-25T14:00:00Z,16593.0
2022-04-25T15:00:00Z,17019.0
2022-04-25T16:00:00Z,17735.0
2022-04-25T17:00:00Z,18166.0
2022-04-25T18:00:00Z,18411.0
2022-04-25T19:00:00Z,19022.0
2022-04-25T20:00:00Z,19098.0
2022-04-25T21:00:00Z,18975.0
2022-04-25T22:00:00Z,19321.0
2022-04-25T23:00:00Z,19317.0
2022-04-26T00:00:00Z,18992.0
2022-04-26T01:00:00Z,17985.0
2022-04-26T02:00:00Z,14908.0
2022-04-26T03:00:00Z,12710.0
2022-04-26T04:00:00Z,11474.0
2022-04-26T05:00:00Z,10129.0
2022-04-26T06:00:00Z,9789.0
2022-04-26T07:00:00Z,9358.0
2022-04-26T08:00:00Z,9123.0
2022-04-26T09:00:00Z,8606.0
2022-04-26T10:00:00Z,7737.0
2022-04-26T11:00:00Z,6501.0
2022-04-26T12:00:00Z,5465.0
2022-04-26T13:00:00Z,5020.0
2022-04-26T14:00:00Z,4783.0
2022-04-26T15:00:00Z,4173.0
2022-04-26T16:00:00Z,4158.0
2022-04-26T17:00:00Z,4507.0
2022-04-26T18:00:00Z,5108.0
2022-04-26T19:00:00Z,5982.0
2022-04-26T20:00:00Z,6726.0
2022-04-26T21:00:00Z,7291.0
2022-04-26T22:00:00Z,7579.0
2022-04-26T23:00:00Z,7900.0
2022-04-27T00:00:00Z,9708.0
2022-04-27T01:00:00Z,10794.0
2022-04-27T02:00:00Z,11992.0
2022-04-27T03:00:00Z,13023.0
2022-04-27T04:00:00Z,13466.0
2022-04-27T05:00:00Z,13263.0
2022-04-27T06:00:00Z,12940.0
2022-04-27T07:00:00Z,13027.0
2022-04-27T08:00:00Z,13775.0
2022-04-27T09:00:00Z,14869.0
2022-04-27T10:00:00Z,15272.0
2022-04-27T11:00:00Z,16144.0
2022-04-27T12:00:00Z,16677.0
2022-04-27T13:00:00Z,16599.0
2022-04-27T14:00:00Z,16277.0
2022-04-27T15:00:00Z,15804.0
2022-04-27T16:00:00Z,15830.0
2022-04-27T17:00:00Z,15417.0
2022-04-27T18:00:00Z,14944.0
2022-04-27T19:00:00Z,14763.0
2022-04-27T20:00:00Z,14733.0
2022-04-27T21:00:00Z,14709.0
2022-04-27T22:00:00Z,14810.0
2022-04-27T23:00:00Z,15209.0
2022-04-28T00:00:00Z,15676.0
2022-04-28T01:00:00Z,15032.0
2022-04-28T02:00:00Z,15415.0
2022-04-28T03:00:00Z,15831.0
2022-04-28T04:00:00Z,16273.0
2022-04-28T05:00:00Z,15815.0
2022-04-28T06:00:00Z,15644.0
2022-04-28T07:00:00Z,15003.0
2022-04-28T08:00:00Z,15220.0
2022-04-28T09:00:00Z,15196.0
2022-04-28T10:00:00Z,15295.0
2022-04-28T11:00:00Z,15780.0
2022-04-28T12:00:00Z,15938.0
2022-04-28T13:00:00Z,15935.0
2022-04-28T14:00:00Z,15152.0
2022-04-28T15:00:00Z,14617.0
2022-04-28T16:00:00Z,14765.0
2022-04-28T17:00:00Z,14514.0
2022-04-28T18:00:00Z,13342.0
2022-04-28T19:00:00Z,13026.0
2022-04-28T20:00:00Z,13333.0
2022-04-28T21:00:00Z,14044.0
2022-04-28T22:00:00Z,15127.0
2022-04-28T23:00:00Z,15843.0
2022-04-29T00:00:00Z,15504.0
2022-04-29T01:00:00Z,15913.0
2022-04-29T02:00:00Z,16101.0
2022-04-29T03:00:00Z,16209.0
2022-04-29T04:00:00Z,16535.0
2022-04-29T05:00:00Z,15854.0
2022-04-29T06:00:00Z,15713.0
2022-04-29T07:00:00Z,15419.0
2022-04-29T08:00:00Z,15038.0
2022-04-29T09:00:00Z,15018.0
2022-04-29T10:00:00Z,14700.0
2022-04-29T11:00:00Z,15537.0
2022-04-29T12:00:00Z,16697.0
2022-04-29T13:00:00Z,17745.0
2022-04-29T14:00:00Z,17793.0
2022-04-29T15:00:00Z,18163.0
2022-04-29T16:00:00Z,18337.0
2022-04-29T17:00:00Z,18054.0
2022-04-29T18:00:00Z,18046.0
2022-04-29T19:00:00Z,18429.0
2022-04-29T20:00:00Z,18764.0
2022-04-29T21:00:00Z,18844.0
2022-04-29T22:00:00Z,18668.0
2022-04-29T23:00:00Z,18669.0
2022-04-30T00:00:00Z,18954.0
2022-04-30T01:00:00Z,19404.0
2022-04-30T02:00:00Z,20078.0
2022-04-30T03:00:00Z,20143.0
2022-04-30T04:00:00Z,19897.0
2022-04-30T05:00:00Z,18965.0
2022-04-30T06:00:00Z,18823.0
2022-04-30T07:00:00Z,19539.0
2022-04-30T08:00:00Z,18877.0
2022-04-30T09:00:00Z,19310.0
2022-04-30T10:00:00Z,19025.0
2022-04-30T11:00:00Z,19112.0
2022-04-30T12:00:00Z,18707.0
2022-04-30T13:00:00Z,18451.0
2022-04-30T14:00:00Z,18964.0
2022-04-30T15:00:00Z,20037.0
2022-04-30T16:00:00Z,20518.0
2022-04-30T17:00:00Z,20398.0
2022-04-30T18:00:00Z,20357.0
2022-04-30T19:00:00Z,20090.0
2022-04-30T20:00:00Z,19694.0
2022-04-30T21:00:00Z,19183.0
2022-04-30T22:00:00Z,18368.0
2022-04-30T23:00:00Z,18728.0
2022-05-01T00:00:00Z,18973.0
2022-05-01T01:00:00Z,19179.0
2022-05-01T02:00:00Z,18945.0
2022-05-01T03:00:00Z,18699.0
2022-05-01T04:00:00Z,18918.0
2022-05-01T05:00:00Z,18813.0
2022-05-01T06:00:00Z,18809.0
2022-05-01T07:00:00Z,17837.0
2022-05-01T08:00:00Z,17631.0
2022-05-01T09:00:00Z,17493.0
2022-05-01T10:00:00Z,17934.0
2022-05-01T11:00:00Z,18363.0
2022-05-01T12:00:00Z,18427.0
2022-05-01T13:00:00Z,18832.0
2022-05-01T14:00:00Z,19031.0
2022-05-01T15:00:00Z,19439.0
2022-05-01T16:00:00Z,19972.0
2022-05-01T17:00:00Z,19576.0
2022-05-01T18:00:00Z,19467.0
2022-05-01T19:00:00Z,19919.0
2022-05-01T20:00:00Z,19426.0
2022-05-01T21:00:00Z,19540.0
2022-05-01T22:00:00Z,19216.0
2022-05-01T23:00:00Z,19849.0
2022-05-02T00:00:00Z,19335.0
2022-05-02T01:00:00Z,17581.0
2022-05-02T02:00:00Z,15926.0
2022-05-02T03:00:00Z,14180.0
2022-05-02T04:00:00Z,12860.0
2022-05-02T05:00:00Z,12588.0
2022-05-02T06:00:00Z,11550.0
2022-05-02T07:00:00Z,10407.0
2022-05-02T08:00:00Z,9549.0
2022-05-02T09:00:00Z,9326.0
2022-05-02T10:00:00Z,9451.0
2022-05-02T11:00:00Z,8957.0
2022-05-02T12:00:00Z,8090.0
2022-05-02T13:00:00Z,6893.0
2022-05-02T14:00:00Z,6314.0
2022-05-02T15:00:00Z,6182.0
2022-05-02T16:00:00Z,5732.0
2022-05-02T17:00:00Z,4700.0
2022-05-02T18:00:00Z,3978.0
2022-05-02T19:00:00Z,4065.0
2022-05-02T20:00:00Z,4395.0
2022-05-02T21:00:00Z,4846.0
2022-05-02T22:00:00Z,5515.0
2022-05-02T23:00:00Z,7054.0
2022-05-03T00:00:00Z,8179.0
2022-05-03T01:00:00Z,8416.0
2022-05-03T02:00:00Z,9450.0
2022-05-03T03:00:00Z,9650.0
2022-05-03T04:00:00Z,9819.0
2022-05-03T05:00:00Z,10793.0
2022-05-03T06:00:00Z,11622.0
2022-05-03T07:00:00Z,12030.0
2022-05-03T08:00:00Z,12715.0
2022-05-03T09:00:00Z,13281.0
2022-05-03T10:00:00Z,13723.0
2022-05-03T11:00:00Z,14333.0
2022-05-03T12:00:00Z,14654.0
2022-05-03T13:00:00Z,14764.0
2022-05-03T14:00:00Z,13909.0
2022-05-03T15:00:00Z,13443.0
2022-05-03T16:00:00Z,13751.0
2022-05-03T17:00:00Z,13247.0
2022-05-03T18:00:00Z,11125.0
2022-05-03T19:00:00Z,9387.0
2022-05-03T20:00:00Z,8472.0
2022-05-03T21:00:00Z,8357.0
2022-05-03T22:00:00Z,7957.0
2022-05-03T23:00:00Z,7637.0
2022-05-04T00:00:00Z,6961.0
2022-05-04T01:00:00Z,6111.0
2022-05-04T02:00:00Z,5986.0
2022-05-04T03:00:00Z,6598.0
2022-05-04T04:00:00Z,6550.0
2022-05-04T05:00:00Z,6534.0
2022-05-04T06:00:00Z,6354.0
2022-05-04T07:00:00Z,6039.0
2022-05-04T08:00:00Z,5342.0
2022-05-04T09:00:00Z,4922.0
2022-05-04T10:00:00Z,4625.0
2022-05-04T11:00:00Z,4126.0
2022-05-04T12:00:00Z,4062.0
2022-05-04T13:00:00Z,3904.0
2022-05-04T14:00:00Z,3356.0
2022-05-04T15:00:00Z,3058.0
2022-05-04T16:00:00Z,3402.0
2022-05-04T17:00:00Z,3941.0
2022-05-04T18:00:00Z,4093.0
2022-05-04T19:00:00Z,4251.0
2022-05-04T20:00:00Z,4272.0
2022-05-04T21:00:00Z,4679.0
2022-05-04T22:00:00Z,4691.0
2022-05-04T23:00:00Z,4656.0
2022-05-05T00:00:00Z,4930.0
2022-05-05T01:00:00Z,3952.0
2022-05-05T02:00:00Z,3699.0
2022-05-05T03:00:00Z,4439.0
2022-05-05T04:00:00Z,5328.0
2022-05-05T05:00:00Z,5518.0
2022-05-05T06:00:00Z,5731.0
2022-05-05T07:00:00Z,6477.0
2022-05-05T08:00:00Z,5561.0
2022-05-05T09:00:00Z,4674.0
2022-05-05T10:00:00Z,3894.0
2022-05-05T11:00:00Z,3701.0
2022-05-05T12:00:00Z,4026.0
2022-05-05T13:00:00Z,4433.0
2022-05-05T14:00:00Z,4233.0
2022-05-05T15:00:00Z,4092.0
2022-05-05T16:00:00Z,4989.0
2022-05-05T17:00:00Z,5969.0
2022-05-05T18:00:00Z,6513.0
2022-05-05T19:00:00Z,7267.0
2022-05-05T20:00:00Z,7395.0
2022-05-05T21:00:00Z,7442.0
2022-05-05T22:00:00Z,7608.0
2022-05-05T23:00:00Z,7800.0
2022-05-06T00:00:00Z,7323.0
2022-05-06T01:00:00Z,6703.0
2022-05-06T02:00:00Z,6267.0
2022-05-06T03:00:00Z,6031.0
2022-05-06T04:00:00Z,6104.0
2022-05-06T05:00:00Z,5727.0
2022-05-06T06:00:00Z,5330.0
2022-05-06T07:00:00Z,5288.0
2022-05-06T08:00:00Z,5504.0
2022-05-06T09:00:00Z,5950.0
2022-05-06T10:00:00Z,6379.0
2022-05-06T11:00:00Z,7121.0
2022-05-06T12:00:00Z,7472.0
2022-05-06T13:00:00Z,7292.0
2022-05-06T14:00:00Z,6351.0
2022-05-06T15:00:00Z,6440.0
2022-05-06T16:00:00Z,6928.0
2022-05-06T17:00:00Z,7452.0
2022-05-06T18:00:00Z,8124.0
2022-05-06T19:00:00Z,8481.0
2022-05-06T20:00:00Z,8749.0
2022-05-06T21:00:00Z,8816.0
2022-05-06T22:00:00Z,8837.0
2022-05-06T23:00:00Z,8781.0
2022-05-07T00:00:00Z,8839.0
2022-05-07T01:00:00Z,8998.0
2022-05-07T02:00:00Z,9353.0
2022-05-07T03:00:00Z,10449.0
2022-05-07T04:00:00Z,12308.0
2022-05-07T05:00:00Z,13475.0
2022-05-07T06:00:00Z,14931.0
2022-05-07T07:00:00Z,14763.0
2022-05-07T08:00:00Z,14993.0
2022-05-07T09:00:00Z,14879.0
2022-05-07T10:00:00Z,15196.0
2022-05-07T11:00:00Z,14456.0
2022-05-07T12:00:00Z,14269.0
2022-05-07T13:00:00Z,13773.0
2022-05-07T14:00:00Z,12636.0
2022-05-07T15:00:00Z,13151.0
2022-05-07T16:00:00Z,13190.0
2022-05-07T17:00:00Z,14604.0
2022-05-07T18:00:00Z,15624.0
2022-05-07T19:00:00Z,16557.0
2022-05-07T20:00:00Z,16486.0
2022-05-07T21:00:00Z,16916.0
2022-05-07T22:00:00Z,16803.0
2022-05-07T23:00:00Z,16481.0
2022-05-08T00:00:00Z,15838.0
2022-05-08T01:00:00Z,15512.0
2022-05-08T02:00:00Z,15494.0
2022-05-08T03:00:00Z,16168.0
2022-05-08T04:00:00Z,16673.0
2022-05-08T05:00:00Z,16731.0
2022-05-08T06:00:00Z,16498.0
2022-05-08T07:00:00Z,16526.0
2022-05-08T08:00:00Z,16137.0
2022-05-08T09:00:00Z,15654.0
2022-05-08T10:00:00Z,14882.0
2022-05-08T11:00:00Z,14679.0
2022-05-08T12:00:00Z,15360.0
2022-05-08T13:00:00Z,15828.0
2022-05-08T14:00:00Z,15379.0
2022-05-08T15:00:00Z,15506.0
2022-05-08T16:00:00Z,15422.0
2022-05-08T17:00:00Z,15311.0
2022-05-08T18:00:00Z,14106.0
2022-05-08T19:00:00Z,13022.0
2022-05-08T20:00:00Z,13184.0
2022-05-08T21:00:00Z,13063.0
2022-05-08T22:00:00Z,13117.0
2022-05-08T23:00:00Z,12933.0
2022-05-09T00:00:00Z,12784.0
2022-05-09T01:00:00Z,13633.0
2022-05-09T02:00:00Z,14548.0
2022-05-09T03:00:00Z,16196.0
2022-05-09T04:00:00Z,17283.0
2022-05-09T05:00:00Z,16880.0
2022-05-09T06:00:00Z,16729.0
2022-05-09T07:00:00Z,16230.0
2022-05-09T08:00:00Z,16221.0
2022-05-09T09:00:00Z,16329.0
2022-05-09T10:00:00Z,16728.0
2022-05-09T11:00:00Z,17181.0
2022-05-09T12:00:00Z,17901.0
2022-05-09T13:00:00Z,18177.0
2022-05-09T14:00:00Z,19098.0
2022-05-09T15:00:00Z,20636.0
2022-05-09T16:00:00Z,20976.0
2022-05-09T17:00:00Z,21090.0
2022-05-09T18:00:00Z,21119.0
2022-05-09T19:00:00Z,21290.0
2022-05-09T20:00:00Z,20657.0
2022-05-09T21:00:00Z,20635.0
2022-05-09T22:00:00Z,20627.0
2022-05-09T23:00:00Z,20252.0
2022-05-10T00:00:00Z,20497.0
2022-05-10T01:00:00Z,20128.0
2022-05-10T02:00:00Z,19608.0
2022-05-10T03:00:00Z,19216.0
2022-05-10T04:00:00Z,18675.0
2022-05-10T05:00:00Z,17166.0
2022-05-10T06:00:00Z,15397.0
2022-05-10T07:00:00Z,13277.0
2022-05-10T08:00:00Z,12667.0
2022-05-10T09:00:00Z,13284.0
2022-05-10T10:00:00Z,13844.0
2022-05-10T11:00:00Z,13717.0
2022-05-10T12:00:00Z,13532.0
2022-05-10T13:00:00Z,13069.0
2022-05-10T14:00:00Z,11467.0
2022-05-10T15:00:00Z,10898.0
2022-05-10T16:00:00Z,10995.0
2022-05-10T17:00:00Z,10561.0
2022-05-10T18:00:00Z,10087.0
2022-05-10T19:00:00Z,10038.0
2022-05-10T20:00:00Z,10543.0
2022-05-10T21:00:00Z,10627.0
2022-05-10T22:00:00Z,10233.0
2022-05-10T23:00:00Z,9571.0
2022-05-11T00:00:00Z,8307.0
2022-05-11T01:00:00Z,7410.0
2022-05-11T02:00:00Z,8179.0
2022-05-11T03:00:00Z,10391.0
2022-05-11T04:00:00Z,11597.0
2022-05-11T05:00:00Z,12364.0
2022-05-11T06:00:00Z,12424.0
2022-05-11T07:00:00Z,12592.0
2022-05-11T08:00:00Z,12350.0
2022-05-11T09:00:00Z,11135.0
2022-05-11T10:00:00Z,9565.0
2022-05-11T11:00:00Z,9375.0
2022-05-11T12:00:00Z,8428.0
2022-05-11T13:00:00Z,7852.0
2022-05-11T14:00:00Z,6734.0
2022-05-11T15:00:00Z,6222.0
2022-05-11T16:00:00Z,6981.0
2022-05-11T17:00:00Z,8148.0
2022-05-11T18:00:00Z,10322.0
2022-05-11T19:00:00Z,10760.0
2022-05-11T20:00:00Z,13159.0
2022-05-11T21:00:00Z,14363.0
2022-05-11T22:00:00Z,14596.0
2022-05-11T23:00:00Z,15224.0
2022-05-12T00:00:00Z,15984.0
2022-05-12T01:00:00Z,15004.0
2022-05-12T02:00:00Z,13905.0
2022-05-12T03:00:00Z,13523.0
2022-05-12T04:00:00Z,12981.0
2022-05-12T05:00:00Z,13332.0
2022-05-12T06:00:00Z,12573.0
2022-05-12T07:00:00Z,12631.0
2022-05-12T08:00:00Z,12531.0
2022-05-12T09:00:00Z,13873.0
2022-05-12T10:00:00Z,13879.0
2022-05-12T11:00:00Z,13395.0
2022-05-12T12:00:00Z,13405.0
2022-05-12T13:00:00Z,12790.0
2022-05-12T14:00:00Z,12202.0
2022-05-12T15:00:00Z,12413.0
2022-05-12T16:00:00Z,13340.0
2022-05-12T17:00:00Z,14959.0
2022-05-12T18:00:00Z,15584.0
2022-05-12T19:00:00Z,15492.0
2022-05-12T20:00:00Z,15200.0
2022-05-12T21:00:00Z,15397.0
2022-05-12T22:00:00Z,16452.0
2022-05-12T23:00:00Z,16631.0
2022-05-13T00:00:00Z,15959.0
2022-05-13T01:00:00Z,14866.0
2022-05-13T02:00:00Z,14974.0
2022-05-13T03:00:00Z,16369.0
2022-05-13T04:00:00Z,16371.0
2022-05-13T05:00:00Z,15778.0
2022-05-13T06:00:00Z,15733.0
2022-05-13T07:00:00Z,15932.0
2022-05-13T08:00:00Z,14594.0
2022-05-13T09:00:00Z,13800.0
2022-05-13T10:00:00Z,12446.0
2022-05-13T11:00:00Z,12330.0
2022-05-13T12:00:00Z,11925.0
2022-05-13T13:00:00Z,10579.0
2022-05-13T14:00:00Z,9381.0
2022-05-13T15:00:00Z,8902.0
2022-05-13T16:00:00Z,9401.0
2022-05-13T17:00:00Z,9100.0
2022-05-13T18:00:00Z,8884.0
2022-05-13T19:00:00Z,8766.0
2022-05-13T20:00:00Z,8319.0
2022-05-13T21:00:00Z,7926.0
2022-05-13T22:00:00Z,7715.0
2022-05-13T23:00:00Z,7900.0
2022-05-14T00:00:00Z,7826.0
2022-05-14T01:00:00Z,7017.0
2022-05-14T02:00:00Z,5853.0
2022-05-14T03:00:00Z,5002.0
2022-05-14T04:00:00Z,4523.0
2022-05-14T05:00:00Z,4692.0
2022-05-14T06:00:00Z,6084.0
2022-05-14T07:00:00Z,7750.0
2022-05-14T08:00:00Z,7969.0
2022-05-14T09:00:00Z,8404.0
2022-05-14T10:00:00Z,8570.0
2022-05-14T11:00:00Z,8793.0
2022-05-14T12:00:00Z,8620.0
2022-05-14T13:00:00Z,7899.0
2022-05-14T14:00:00Z,6597.0
2022-05-14T15:00:00Z,7274.0
2022-05-14T16:00:00Z,8666.0
2022-05-14T17:00:00Z,8688.0
2022-05-14T18:00:00Z,9158.0
2022-05-14T19:00:00Z,9781.0
2022-05-14T20:00:00Z,9784.0
2022-05-14T21:00:00Z,10139.0
2022-05-14T22:00:00Z,10415.0
2022-05-14T23:00:00Z,10743.0
2022-05-15T00:00:00Z,9967.0
2022-05-15T01:00:00Z,8841.0
2022-05-15T02:00:00Z,7586.0
2022-05-15T03:00:00Z,7111.0
2022-05-15T04:00:00Z,6520.0
2022-05-15T05:00:00Z,6750.0
2022-05-15T06:00:00Z,5154.0
2022-05-15T07:00:00Z,4687.0
2022-05-15T08:00:00Z,4614.0
2022-05-15T09:00:00Z,5306.0
2022-05-15T10:00:00Z,6918.0
2022-05-15T11:00:00Z,7276.0
2022-05-15T12:00:00Z,6512.0
2022-05-15T13:00:00Z,5605.0
2022-05-15T14:00:00Z,4160.0
2022-05-15T15:00:00Z,4436.0
2022-05-15T16:00:00Z,5446.0
2022-05-15T17:00:00Z,6732.0
2022-05-15T18:00:00Z,8365.0
2022-05-15T19:00:00Z,9542.0
2022-05-15T20:00:00Z,10523.0
2022-05-15T21:00:00Z,11139.0
2022-05-15T22:00:00Z,11832.0
2022-05-15T23:00:00Z,12510.0
2022-05-16T00:00:00Z,13350.0
2022-05-16T01:00:00Z,13168.0
2022-05-16T02:00:00Z,11374.0
2022-05-16T03:00:00Z,9315.0
2022-05-16T04:00:00Z,8564.0
2022-05-16T05:00:00Z,8291.0
2022-05-16T06:00:00Z,7930.0
2022-05-16T07:00:00Z,8029.0
2022-05-16T08:00:00Z,8055.0
2022-05-16T09:00:00Z,8076.0
2022-05-16T10:00:00Z,7667.0
2022-05-16T11:00:00Z,7544.0
2022-05-16T12:00:00Z,7579.0
2022-05-16T13:00:00Z,6473.0
2022-05-16T14:00:00Z,3991.0
2022-05-16T15:00:00Z,4882.0
2022-05-16T16:00:00Z,7600.0
2022-05-16T17:00:00Z,9834.0
2022-05-16T18:00:00Z,11801.0
2022-05-16T19:00:00Z,12319.0
2022-05-16T20:00:00Z,12468.0
2022-05-16T21:00:00Z,12537.0
2022-05-16T22:00:00Z,12133.0
2022-05-16T23:00:00Z,11674.0
2022-05-17T00:00:00Z,11502.0
2022-05-17T01:00:00Z,10330.0
2022-05-17T02:00:00Z,9664.0
2022-05-17T03:00:00Z,10378.0
2022-05-17T04:00:00Z,10627.0
2022-05-17T05:00:00Z,11004.0
2022-05-17T06:00:00Z,10609.0
2022-05-17T07:00:00Z,10281.0
2022-05-17T08:00:00Z,8857.0
2022-05-17T09:00:00Z,7146.0
2022-05-17T10:00:00Z,7192.0
2022-05-17T11:00:00Z,7145.0
2022-05-17T12:00:00Z,7072.0
2022-05-17T13:00:00Z,6241.0
2022-05-17T14:00:00Z,5581.0
2022-05-17T15:00:00Z,6325.0
2022-05-17T16:00:00Z,6804.0
2022-05-17T17:00:00Z,7458.0
2022-05-17T18:00:00Z,8301.0
2022-05-17T19:00:00Z,8833.0
2022-05-17T20:00:00Z,9496.0
2022-05-17T21:00:00Z,9987.0
2022-05-17T22:00:00Z,9733.0
2022-05-17T23:00:00Z,9861.0
2022-05-18T00:00:00Z,9583.0
2022-05-18T01:00:00Z,9543.0
2022-05-18T02:00:00Z,9351.0
2022-05-18T03:00:00Z,9658.0
2022-05-18T04:00:00Z,9471.0
2022-05-18T05:00:00Z,9631.0
2022-05-18T06:00:00Z,9017.0
2022-05-18T07:00:00Z,8524.0
2022-05-18T08:00:00Z,8098.0
2022-05-18T09:00:00Z,7582.0
2022-05-18T10:00:00Z,6589.0
2022-05-18T11:00:00Z,5830.0
2022-05-18T12:00:00Z,5110.0
2022-05-18T13:00:00Z,4654.0
2022-05-18T14:00:00Z,4532.0
2022-05-18T15:00:00Z,5216.0
2022-05-18T16:00:00Z,6292.0
2022-05-18T17:00:00Z,6349.0
2022-05-18T18:00:00Z,5770.0
2022-05-18T19:00:00Z,6397.0
2022-05-18T20:00:00Z,7528.0
2022-05-18T21:00:00Z,8426.0
2022-05-18T22:00:00Z,9071.0
2022-05-18T23:00:00Z,9504.0
2022-05-19T00:00:00Z,9329.0
2022-05-19T01:00:00Z,8400.0
2022-05-19T02:00:00Z,6449.0
2022-05-19T03:00:00Z,6138.0
2022-05-19T04:00:00Z,5997.0
2022-05-19T05:00:00Z,5823.0
2022-05-19T06:00:00Z,5501.0
2022-05-19T07:00:00Z,5036.0
2022-05-19T08:00:00Z,4637.0
2022-05-19T09:00:00Z,3883.0
2022-05-19T10:00:00Z,4411.0
2022-05-19T11:00:00Z,4691.0
2022-05-19T12:00:00Z,5461.0
2022-05-19T13:00:00Z,6773.0
2022-05-19T14:00:00Z,7041.0
2022-05-19T15:00:00Z,8313.0
2022-05-19T16:00:00Z,9934.0
2022-05-19T17:00:00Z,11850.0
2022-05-19T18:00:00Z,14030.0
2022-05-19T19:00:00Z,15260.0
2022-05-19T20:00:00Z,16060.0
2022-05-19T21:00:00Z,17274.0
2022-05-19T22:00:00Z,18006.0
2022-05-19T23:00:00Z,18085.0
2022-05-20T00:00:00Z,17760.0
2022-05-20T01:00:00Z,15663.0
2022-05-20T02:00:00Z,15659.0
2022-05-20T03:00:00Z,16493.0
2022-05-20T04:00:00Z,17355.0
2022-05-20T05:00:00Z,16755.0
2022-05-20T06:00:00Z,16451.0
2022-05-20T07:00:00Z,15520.0
2022-05-20T08:00:00Z,15138.0
2022-05-20T09:00:00Z,14473.0
2022-05-20T10:00:00Z,14226.0
2022-05-20T11:00:00Z,13324.0
2022-05-20T12:00:00Z,11335.0
2022-05-20T13:00:00Z,11432.0
2022-05-20T14:00:00Z,11742.0
2022-05-20T15:00:00Z,12318.0
2022-05-20T16:00:00Z,12997.0
2022-05-20T17:00:00Z,14471.0
2022-05-20T18:00:00Z,15723.0
2022-05-20T19:00:00Z,16337.0
2022-05-20T20:00:00Z,15775.0
2022-05-20T21:00:00Z,16053.0
2022-05-20T22:00:00Z,16227.0
2022-05-20T23:00:00Z,15930.0
2022-05-21T00:00:00Z,16039.0
2022-05-21T01:00:00Z,14362.0
2022-05-21T02:00:00Z,12899.0
2022-05-21T03:00:00Z,13271.0
2022-05-21T04:00:00Z,13726.0
2022-05-21T05:00:00Z,13968.0
2022-05-21T06:00:00Z,13318.0
2022-05-21T07:00:00Z,12411.0
2022-05-21T08:00:00Z,11480.0
2022-05-21T09:00:00Z,10227.0
2022-05-21T10:00:00Z,9879.0
2022-05-21T11:00:00Z,8697.0
2022-05-21T12:00:00Z,7556.0
2022-05-21T13:00:00Z,6245.0
2022-05-21T14:00:00Z,7018.0
2022-05-21T15:00:00Z,6320.0
2022-05-21T16:00:00Z,4839.0
2022-05-21T17:00:00Z,5527.0
2022-05-21T18:00:00Z,6740.0
2022-05-21T19:00:00Z,7008.0
2022-05-21T20:00:00Z,7614.0
2022-05-21T21:00:00Z,7432.0
2022-05-21T22:00:00Z,7743.0
2022-05-21T23:00:00Z,7829.0
2022-05-22T00:00:00Z,8278.0
2022-05-22T01:00:00Z,8467.0
2022-05-22T02:00:00Z,8177.0
2022-05-22T03:00:00Z,6440.0
2022-05-22T04:00:00Z,5507.0
2022-05-22T05:00:00Z,5075.0
2022-05-22T06:00:00Z,5405.0
2022-05-22T07:00:00Z,5952.0
2022-05-22T08:00:00Z,6244.0
2022-05-22T09:00:00Z,6377.0
2022-05-22T10:00:00Z,6419.0
2022-05-22T11:00:00Z,6184.0
2022-05-22T12:00:00Z,5874.0
2022-05-22T13:00:00Z,4378.0
2022-05-22T14:00:00Z,4378.0
2022-05-22T15:00:00Z,6855.0
2022-05-22T16:00:00Z,8852.0
2022-05-22T17:00:00Z,10530.0
2022-05-22T18:00:00Z,11080.0
2022-05-22T19:00:00Z,11499.0
2022-05-22T20:00:00Z,10713.0
2022-05-22T21:00:00Z,8989.0
2022-05-22T22:00:00Z,7541.0
2022-05-22T23:00:00Z,5710.0
2022-05-23T00:00:00Z,4034.0
2022-05-23T01:00:00Z,2914.0
2022-05-23T02:00:00Z,2263.0
2022-05-23T03:00:00Z,2460.0
2022-05-23T04:00:00Z,3074.0
2022-05-23T05:00:00Z,4118.0
2022-05-23T06:00:00Z,5409.0
2022-05-23T07:00:00Z,7053.0
2022-05-23T08:00:00Z,8229.0
2022-05-23T09:00:00Z,9609.0
2022-05-23T10:00:00Z,10033.0
2022-05-23T11:00:00Z,10248.0
2022-05-23T12:00:00Z,10057.0
2022-05-23T13:00:00Z,8040.0
2022-05-23T14:00:00Z,6189.0
2022-05-23T15:00:00Z,6891.0
2022-05-23T16:00:00Z,6940.0
2022-05-23T17:00:00Z,6510.0
2022-05-23T18:00:00Z,6195.0
2022-05-23T19:00:00Z,5565.0
2022-05-23T20:00:00Z,5375.0
2022-05-23T21:00:00Z,5387.0
2022-05-23T22:00:00Z,5762.0
2022-05-23T23:00:00Z,6602.0
2022-05-24T00:00:00Z,7217.0
2022-05-24T01:00:00Z,7309.0
2022-05-24T02:00:00Z,6936.0
2022-05-24T03:00:00Z,7110.0
2022-05-24T04:00:00Z,7396.0
2022-05-24T05:00:00Z,7652.0
2022-05-24T06:00:00Z,7391.0
2022-05-24T07:00:00Z,7168.0
2022-05-24T08:00:00Z,7309.0
2022-05-24T09:00:00Z,7418.0
2022-05-24T10:00:00Z,7329.0
2022-05-24T11:00:00Z,7427.0
2022-05-24T12:00:00Z,7761.0
2022-05-24T13:00:00Z,6724.0
2022-05-24T14:00:00Z,6259.0
2022-05-24T15:00:00Z,7251.0
2022-05-24T16:00:00Z,8479.0
2022-05-24T17:00:00Z,10113.0
2022-05-24T18:00:00Z,11382.0
2022-05-24T19:00:00Z,12217.0
2022-05-24T20:00:00Z,12904.0
2022-05-24T21:00:00Z,14015.0
2022-05-24T22:00:00Z,14620.0
2022-05-24T23:00:00Z,15170.0
2022-05-25T00:00:00Z,15393.0
2022-05-25T01:00:00Z,14885.0
2022-05-25T02:00:00Z,15139.0
2022-05-25T03:00:00Z,15621.0
2022-05-25T04:00:00Z,16138.0
2022-05-25T05:00:00Z,15711.0
2022-05-25T06:00:00Z,15567.0
2022-05-25T07:00:00Z,15065.0
2022-05-25T08:00:00Z,14864.0
2022-05-25T09:00:00Z,14547.0
2022-05-25T10:00:00Z,14357.0
2022-05-25T11:00:00Z,14714.0
2022-05-25T12:00:00Z,15014.0
2022-05-25T13:00:00Z,14129.0
2022-05-25T14:00:00Z,12963.0
2022-05-25T15:00:00Z,13242.0
2022-05-25T16:00:00Z,14500.0
2022-05-25T17:00:00Z,14471.0
2022-05-25T18:00:00Z,13446.0
2022-05-25T19:00:00Z,12919.0
2022-05-25T20:00:00Z,12299.0
2022-05-25T21:00:00Z,12811.0
2022-05-25T22:00:00Z,13637.0
2022-05-25T23:00:00Z,14426.0
2022-05-26T00:00:00Z,14262.0
2022-05-26T01:00:00Z,14920.0
2022-05-26T02:00:00Z,15549.0
2022-05-26T03:00:00Z,15966.0
2022-05-26T04:00:00Z,16729.0
2022-05-26T05:00:00Z,15959.0
2022-05-26T06:00:00Z,15400.0
2022-05-26T07:00:00Z,14522.0
2022-05-26T08:00:00Z,14031.0
2022-05-26T09:00:00Z,13409.0
2022-05-26T10:00:00Z,13628.0
2022-05-26T11:00:00Z,13818.0
2022-05-26T12:00:00Z,13579.0
2022-05-26T13:00:00Z,12390.0
2022-05-26T14:00:00Z,12009.0
2022-05-26T15:00:00Z,11109.0
2022-05-26T16:00:00Z,10157.0
2022-05-26T17:00:00Z,10918.0
2022-05-26T18:00:00Z,11868.0
2022-05-26T19:00:00Z,11861.0
2022-05-26T20:00:00Z,11987.0
2022-05-26T21:00:00Z,12624.0
2022-05-26T22:00:00Z,12258.0
2022-05-26T23:00:00Z,11175.0
2022-05-27T00:00:00Z,9553.0
2022-05-27T01:00:00Z,7952.0
2022-05-27T02:00:00Z,6854.0
2022-05-27T03:00:00Z,6115.0
2022-05-27T04:00:00Z,5950.0
2022-05-27T05:00:00Z,5613.0
2022-05-27T06:00:00Z,5137.0
2022-05-27T07:00:00Z,5232.0
2022-05-27T08:00:00Z,5540.0
2022-05-27T09:00:00Z,5904.0
2022-05-27T10:00:00Z,6025.0
2022-05-27T11:00:00Z,6169.0
2022-05-27T12:00:00Z,6508.0
2022-05-27T13:00:00Z,5901.0
2022-05-27T14:00:00Z,4652.0
2022-05-27T15:00:00Z,4276.0
2022-05-27T16:00:00Z,4413.0
2022-05-27T17:00:00Z,4266.0
2022-05-27T18:00:00Z,3935.0
2022-05-27T19:00:00Z,3974.0
2022-05-27T20:00:00Z,4532.0
2022-05-27T21:00:00Z,4783.0
2022-05-27T22:00:00Z,4885.0
2022-05-27T23:00:00Z,5042.0
2022-05-28T00:00:00Z,5155.0
2022-05-28T01:00:00Z,5823.0
2022-05-28T02:00:00Z,7150.0
2022-05-28T03:00:00Z,9149.0
2022-05-28T04:00:00Z,11219.0
2022-05-28T05:00:00Z,12581.0
2022-05-28T06:00:00Z,13463.0
2022-05-28T07:00:00Z,13462.0
2022-05-28T08:00:00Z,13437.0
2022-05-28T09:00:00Z,13331.0
2022-05-28T10:00:00Z,13520.0
2022-05-28T11:00:00Z,13865.0
2022-05-28T12:00:00Z,13118.0
2022-05-28T13:00:00Z,12923.0
2022-05-28T14:00:00Z,13449.0
2022-05-28T15:00:00Z,13818.0
2022-05-28T16:00:00Z,13803.0
2022-05-28T17:00:00Z,13910.0
2022-05-28T18:00:00Z,13616.0
2022-05-28T19:00:00Z,13028.0
2022-05-28T20:00:00Z,12507.0
2022-05-28T21:00:00Z,12017.0
2022-05-28T22:00:00Z,11756.0
2022-05-28T23:00:00Z,11935.0
2022-05-29T00:00:00Z,12366.0
2022-05-29T01:00:00Z,12822.0
2022-05-29T02:00:00Z,13412.0
2022-05-29T03:00:00Z,14935.0
2022-05-29T04:00:00Z,16374.0
2022-05-29T05:00:00Z,17575.0
2022-05-29T06:00:00Z,17088.0
2022-05-29T07:00:00Z,17139.0
2022-05-29T08:00:00Z,16075.0
2022-05-29T09:00:00Z,15345.0
2022-05-29T10:00:00Z,14915.0
2022-05-29T11:00:00Z,14952.0
2022-05-29T12:00:00Z,14812.0
2022-05-29T13:00:00Z,14605.0
2022-05-29T14:00:00Z,15098.0
2022-05-29T15:00:00Z,16109.0
2022-05-29T16:00:00Z,16900.0
2022-05-29T17:00:00Z,16990.0
2022-05-29T18:00:00Z,17012.0
2022-05-29T19:00:00Z,17015.0
2022-05-29T20:00:00Z,16637.0
2022-05-29T21:00:00Z,17193.0
2022-05-29T22:00:00Z,17519.0
2022-05-29T23:00:00Z,17949.0
2022-05-30T00:00:00Z,17762.0
2022-05-30T01:00:00Z,17366.0
2022-05-30T02:00:00Z,16936.0
2022-05-30T03:00:00Z,17389.0
2022-05-30T04:00:00Z,18408.0
2022-05-30T05:00:00Z,19237.0
2022-05-30T06:00:00Z,19015.0
2022-05-30T07:00:00Z,18171.0
2022-05-30T08:00:00Z,17767.0
2022-05-30T09:00:00Z,17666.0
2022-05-30T10:00:00Z,16987.0
2022-05-30T11:00:00Z,16693.0
2022-05-30T12:00:00Z,17282.0
2022-05-30T13:00:00Z,16916.0
2022-05-30T14:00:00Z,16707.0
2022-05-30T15:00:00Z,18355.0
2022-05-30T16:00:00Z,19442.0
2022-05-30T17:00:00Z,19970.0
2022-05-30T18:00:00Z,20044.0
2022-05-30T19:00:00Z,20326.0
2022-05-30T20:00:00Z,20142.0
2022-05-30T21:00:00Z,19900.0
2022-05-30T22:00:00Z,19073.0
2022-05-30T23:00:00Z,18737.0
2022-05-31T00:00:00Z,19109.0
2022-05-31T01:00:00Z,18498.0
2022-05-31T02:00:00Z,18260.0
2022-05-31T03:00:00Z,18451.0
2022-05-31T04:00:00Z,18795.0
2022-05-31T05:00:00Z,19249.0
2022-05-31T06:00:00Z,18092.0
2022-05-31T07:00:00Z,17734.0
2022-05-31T08:00:00Z,17004.0
2022-05-31T09:00:00Z,16574.0
2022-05-31T10:00:00Z,16294.0
2022-05-31T11:00:00Z,16700.0
2022-05-31T12:00:00Z,16255.0
2022-05-31T13:00:00Z,15933.0
2022-05-31T14:00:00Z,16252.0
2022-05-31T15:00:00Z,15981.0
2022-05-31T16:00:00Z,15279.0
2022-05-31T17:00:00Z,16453.0
2022-05-31T18:00:00Z,16847.0
2022-05-31T19:00:00Z,17094.0
2022-05-31T20:00:00Z,17303.0
2022-05-31T21:00:00Z,17442.0
2022-05-31T22:00:00Z,16891.0
2022-05-31T23:00:00Z,16538.0
2022-06-01T00:00:00Z,15701.0
2022-06-01T01:00:00Z,14462.0
2022-06-01T02:00:00Z,13129.0
2022-06-01T03:00:00Z,12899.0
2022-06-01T04:00:00Z,13208.0
2022-06-01T05:00:00Z,14206.0
2022-06-01T06:00:00Z,13992.0
2022-06-01T07:00:00Z,12476.0
2022-06-01T08:00:00Z,10796.0
2022-06-01T09:00:00Z,9673.0
2022-06-01T10:00:00Z,7776.0
2022-06-01T11:00:00Z,6047.0
2022-06-01T12:00:00Z,5693.0
2022-06-01T13:00:00Z,5132.0
2022-06-01T14:00:00Z,3638.0
2022-06-01T15:00:00Z,3606.0
2022-06-01T16:00:00Z,4256.0
2022-06-01T17:00:00Z,3769.0
2022-06-01T18:00:00Z,3527.0
2022-06-01T19:00:00Z,4825.0
2022-06-01T20:00:00Z,6031.0
2022-06-01T21:00:00Z,6747.0
2022-06-01T22:00:00Z,7564.0
2022-06-01T23:00:00Z,8123.0
2022-06-02T00:00:00Z,8860.0
2022-06-02T01:00:00Z,8128.0
2022-06-02T02:00:00Z,5981.0
2022-06-02T03:00:00Z,5632.0
2022-06-02T04:00:00Z,6528.0
2022-06-02T05:00:00Z,6916.0
2022-06-02T06:00:00Z,6468.0
2022-06-02T07:00:00Z,6293.0
2022-06-02T08:00:00Z,6758.0
2022-06-02T09:00:00Z,6436.0
2022-06-02T10:00:00Z,7163.0
2022-06-02T11:00:00Z,7593.0
2022-06-02T12:00:00Z,7744.0
2022-06-02T13:00:00Z,6851.0
2022-06-02T14:00:00Z,5608.0
2022-06-02T15:00:00Z,7413.0
2022-06-02T16:00:00Z,9524.0
2022-06-02T17:00:00Z,10586.0
2022-06-02T18:00:00Z,11471.0
2022-06-02T19:00:00Z,12501.0
2022-06-02T20:00:00Z,13416.0
2022-06-02T21:00:00Z,14142.0
2022-06-02T22:00:00Z,14368.0
2022-06-02T23:00:00Z,14082.0
2022-06-03T00:00:00Z,13963.0
2022-06-03T01:00:00Z,12841.0
2022-06-03T02:00:00Z,9364.0
2022-06-03T03:00:00Z,7636.0
2022-06-03T04:00:00Z,6672.0
2022-06-03T05:00:00Z,6020.0
2022-06-03T06:00:00Z,5567.0
2022-06-03T07:00:00Z,5485.0
2022-06-03T08:00:00Z,5738.0
2022-06-03T09:00:00Z,6325.0
2022-06-03T10:00:00Z,6864.0
2022-06-03T11:00:00Z,7160.0
2022-06-03T12:00:00Z,7579.0
2022-06-03T13:00:00Z,6509.0
2022-06-03T14:00:00Z,5780.0
2022-06-03T15:00:00Z,5361.0
2022-06-03T16:00:00Z,5313.0
2022-06-03T17:00:00Z,5555.0
2022-06-03T18:00:00Z,6066.0
2022-06-03T19:00:00Z,6293.0
2022-06-03T20:00:00Z,6261.0
2022-06-03T21:00:00Z,5930.0
2022-06-03T22:00:00Z,5728.0
2022-06-03T23:00:00Z,5369.0
2022-06-04T00:00:00Z,5092.0
2022-06-04T01:00:00Z,4573.0
2022-06-04T02:00:00Z,4063.0
2022-06-04T03:00:00Z,4292.0
2022-06-04T04:00:00Z,4830.0
2022-06-04T05:00:00Z,4585.0
2022-06-04T06:00:00Z,4665.0
2022-06-04T07:00:00Z,5307.0
2022-06-04T08:00:00Z,5202.0
2022-06-04T09:00:00Z,4103.0
2022-06-04T10:00:00Z,3913.0
2022-06-04T11:00:00Z,4059.0
2022-06-04T12:00:00Z,4884.0
2022-06-04T13:00:00Z,4680.0
2022-06-04T14:00:00Z,4298.0
2022-06-04T15:00:00Z,4552.0
2022-06-04T16:00:00Z,5354.0
2022-06-04T17:00:00Z,5644.0
2022-06-04T18:00:00Z,5284.0
2022-06-04T19:00:00Z,4939.0
2022-06-04T20:00:00Z,4660.0
2022-06-04T21:00:00Z,5018.0
2022-06-04T22:00:00Z,4484.0
2022-06-04T23:00:00Z,4246.0
2022-06-05T00:00:00Z,4381.0
2022-06-05T01:00:00Z,4700.0
2022-06-05T02:00:00Z,5358.0
2022-06-05T03:00:00Z,6507.0
2022-06-05T04:00:00Z,7576.0
2022-06-05T05:00:00Z,7316.0
2022-06-05T06:00:00Z,6457.0
2022-06-05T07:00:00Z,5776.0
2022-06-05T08:00:00Z,5211.0
2022-06-05T09:00:00Z,5372.0
2022-06-05T10:00:00Z,4900.0
2022-06-05T11:00:00Z,4363.0
2022-06-05T12:00:00Z,4220.0
2022-06-05T13:00:00Z,3283.0
2022-06-05T14:00:00Z,2209.0
2022-06-05T15:00:00Z,2253.0
2022-06-05T16:00:00Z,2911.0
2022-06-05T17:00:00Z,3701.0
2022-06-05T18:00:00Z,4180.0
2022-06-05T19:00:00Z,4610.0
2022-06-05T20:00:00Z,5328.0
2022-06-05T21:00:00Z,6083.0
2022-06-05T22:00:00Z,6536.0
2022-06-05T23:00:00Z,6973.0
2022-06-06T00:00:00Z,6556.0
2022-06-06T01:00:00Z,6061.0
2022-06-06T02:00:00Z,6297.0
2022-06-06T03:00:00Z,5898.0
2022-06-06T04:00:00Z,6500.0
2022-06-06T05:00:00Z,7146.0
2022-06-06T06:00:00Z,7325.0
2022-06-06T07:00:00Z,6957.0
2022-06-06T08:00:00Z,6792.0
2022-06-06T09:00:00Z,6556.0
2022-06-06T10:00:00Z,6549.0
2022-06-06T11:00:00Z,6230.0
2022-06-06T12:00:00Z,6258.0
2022-06-06T13:00:00Z,6169.0
2022-06-06T14:00:00Z,5907.0
2022-06-06T15:00:00Z,5240.0
2022-06-06T16:00:00Z,4959.0
2022-06-06T17:00:00Z,5480.0
2022-06-06T18:00:00Z,5436.0
2022-06-06T19:00:00Z,4466.0
2022-06-06T20:00:00Z,3722.0
2022-06-06T21:00:00Z,3759.0
2022-06-06T22:00:00Z,
2022-06-06T23:00:00Z,5163.0
2022-06-07T00:00:00Z,5295.0
2022-06-07T01:00:00Z,4567.0
2022-06-07T02:00:00Z,4340.0
2022-06-07T03:00:00Z,4112.0
2022-06-07T04:00:00Z,3921.0
2022-06-07T05:00:00Z,3283.0
2022-06-07T06:00:00Z,2644.0
2022-06-07T07:00:00Z,2454.0
2022-06-07T08:00:00Z,2431.0
2022-06-07T09:00:00Z,2457.0
2022-06-07T10:00:00Z,2575.0
2022-06-07T11:00:00Z,2466.0
2022-06-07T12:00:00Z,2229.0
2022-06-07T13:00:00Z,1836.0
2022-06-07T14:00:00Z,1534.0
2022-06-07T15:00:00Z,1298.0
2022-06-07T16:00:00Z,1087.0
2022-06-07T17:00:00Z,1025.0
2022-06-07T18:00:00Z,1218.0
2022-06-07T19:00:00Z,1338.0
2022-06-07T20:00:00Z,1542.0
2022-06-07T21:00:00Z,1725.0
2022-06-07T22:00:00Z,2064.0
2022-06-07T23:00:00Z,2205.0
2022-06-08T00:00:00Z,2355.0
2022-06-08T01:00:00Z,2842.0
2022-06-08T02:00:00Z,2983.0
2022-06-08T03:00:00Z,3259.0
2022-06-08T04:00:00Z,3637.0
2022-06-08T05:00:00Z,3863.0
2022-06-08T06:00:00Z,3927.0
2022-06-08T07:00:00Z,4735.0
2022-06-08T08:00:00Z,4069.0
2022-06-08T09:00:00Z,3247.0
2022-06-08T10:00:00Z,3164.0
2022-06-08T11:00:00Z,3831.0
2022-06-08T12:00:00Z,4816.0
2022-06-08T13:00:00Z,4893.0
2022-06-08T14:00:00Z,4808.0
2022-06-08T15:00:00Z,5860.0
2022-06-08T16:00:00Z,6926.0
2022-06-08T17:00:00Z,6936.0
2022-06-08T18:00:00Z,5918.0
2022-06-08T19:00:00Z,5069.0
2022-06-08T20:00:00Z,5437.0
2022-06-08T21:00:00Z,6094.0
2022-06-08T22:00:00Z,6174.0
2022-06-08T23:00:00Z,6230.0
2022-06-09T00:00:00Z,5939.0
2022-06-09T01:00:00Z,5015.0
2022-06-09T02:00:00Z,3621.0
2022-06-09T03:00:00Z,3791.0
2022-06-09T04:00:00Z,4621.0
2022-06-09T05:00:00Z,4246.0
2022-06-09T06:00:00Z,3969.0
2022-06-09T07:00:00Z,3806.0
2022-06-09T08:00:00Z,3182.0
2022-06-09T09:00:00Z,2623.0
2022-06-09T10:00:00Z,2294.0
2022-06-09T11:00:00Z,2222.0
2022-06-09T12:00:00Z,1951.0
2022-06-09T13:00:00Z,1377.0
2022-06-09T14:00:00Z,997.0
2022-06-09T15:00:00Z,1268.0
2022-06-09T16:00:00Z,2005.0
2022-06-09T17:00:00Z,2603.0
2022-06-09T18:00:00Z,2914.0
2022-06-09T19:00:00Z,3412.0
2022-06-09T20:00:00Z,
2022-06-09T21:00:00Z,
2022-06-09T22:00:00Z,4730.0
2022-06-09T23:00:00Z,4961.0
2022-06-10T00:00:00Z,4785.0
2022-06-10T01:00:00Z,4432.0
2022-06-10T02:00:00Z,3853.0
2022-06-10T03:00:00Z,3360.0
2022-06-10T04:00:00Z,3213.0
2022-06-10T05:00:00Z,3294.0
2022-06-10T06:00:00Z,3094.0
2022-06-10T07:00:00Z,3022.0
2022-06-10T08:00:00Z,2461.0
2022-06-10T09:00:00Z,2160.0
2022-06-10T10:00:00Z,1990.0
2022-06-10T11:00:00Z,1959.0
2022-06-10T12:00:00Z,1999.0
2022-06-10T13:00:00Z,1632.0
2022-06-10T14:00:00Z,1196.0
2022-06-10T15:00:00Z,1355.0
2022-06-10T16:00:00Z,991.0
2022-06-10T17:00:00Z,842.0
2022-06-10T18:00:00Z,1020.0
2022-06-10T19:00:00Z,1385.0
2022-06-10T20:00:00Z,1710.0
2022-06-10T21:00:00Z,2480.0
2022-06-10T22:00:00Z,3196.0
2022-06-10T23:00:00Z,3010.0
2022-06-11T00:00:00Z,2419.0
2022-06-11T01:00:00Z,2069.0
2022-06-11T02:00:00Z,2128.0
2022-06-11T03:00:00Z,2899.0
2022-06-11T04:00:00Z,4197.0
2022-06-11T05:00:00Z,5452.0
2022-06-11T06:00:00Z,6285.0
2022-06-11T07:00:00Z,7180.0
2022-06-11T08:00:00Z,8221.0
2022-06-11T09:00:00Z,8527.0
2022-06-11T10:00:00Z,8442.0
2022-06-11T11:00:00Z,7012.0
2022-06-11T12:00:00Z,6152.0
2022-06-11T13:00:00Z,5440.0
2022-06-11T14:00:00Z,5242.0
2022-06-11T15:00:00Z,5506.0
2022-06-11T16:00:00Z,5502.0
2022-06-11T17:00:00Z,6111.0
2022-06-11T18:00:00Z,7056.0
2022-06-11T19:00:00Z,6785.0
2022-06-11T20:00:00Z,5976.0
2022-06-11T21:00:00Z,5159.0
2022-06-11T22:00:00Z,4416.0
2022-06-11T23:00:00Z,3994.0
2022-06-12T00:00:00Z,3179.0
2022-06-12T01:00:00Z,2887.0
2022-06-12T02:00:00Z,2968.0
2022-06-12T03:00:00Z,3365.0
2022-06-12T04:00:00Z,3479.0
2022-06-12T05:00:00Z,3566.0
2022-06-12T06:00:00Z,3763.0
2022-06-12T07:00:00Z,4305.0
2022-06-12T08:00:00Z,4170.0
2022-06-12T09:00:00Z,4009.0
2022-06-12T10:00:00Z,4821.0
2022-06-12T11:00:00Z,6090.0
2022-06-12T12:00:00Z,5974.0
2022-06-12T13:00:00Z,4369.0
2022-06-12T14:00:00Z,3070.0
2022-06-12T15:00:00Z,3399.0
2022-06-12T16:00:00Z,4071.0
2022-06-12T17:00:00Z,3650.0
2022-06-12T18:00:00Z,3385.0
2022-06-12T19:00:00Z,2976.0
2022-06-12T20:00:00Z,2570.0
2022-06-12T21:00:00Z,2448.0
2022-06-12T22:00:00Z,2288.0
2022-06-12T23:00:00Z,2546.0
2022-06-13T00:00:00Z,3165.0
2022-06-13T01:00:00Z,4401.0
2022-06-13T02:00:00Z,5714.0
2022-06-13T03:00:00Z,7924.0
2022-06-13T04:00:00Z,9898.0
2022-06-13T05:00:00Z,10944.0
2022-06-13T06:00:00Z,10680.0
2022-06-13T07:00:00Z,11342.0
2022-06-13T08:00:00Z,12020.0
2022-06-13T09:00:00Z,12000.0
2022-06-13T10:00:00Z,11945.0
2022-06-13T11:00:00Z,12429.0
2022-06-13T12:00:00Z,11962.0
2022-06-13T13:00:00Z,9627.0
2022-06-13T14:00:00Z,9724.0
2022-06-13T15:00:00Z,9465.0
2022-06-13T16:00:00Z,10783.0
2022-06-13T17:00:00Z,11638.0
2022-06-13T18:00:00Z,12138.0
2022-06-13T19:00:00Z,11954.0
2022-06-13T20:00:00Z,12370.0
2022-06-13T21:00:00Z,12931.0
2022-06-13T22:00:00Z,13361.0
2022-06-13T23:00:00Z,13533.0
2022-06-14T00:00:00Z,14505.0
2022-06-14T01:00:00Z,15588.0
2022-06-14T02:00:00Z,15893.0
2022-06-14T03:00:00Z,17276.0
2022-06-14T04:00:00Z,17564.0
2022-06-14T05:00:00Z,16883.0
2022-06-14T06:00:00Z,16738.0
2022-06-14T07:00:00Z,16409.0
2022-06-14T08:00:00Z,16068.0
2022-06-14T09:00:00Z,15806.0
2022-06-14T10:00:00Z,15297.0
2022-06-14T11:00:00Z,14983.0
2022-06-14T12:00:00Z,14823.0
2022-06-14T13:00:00Z,15338.0
2022-06-14T14:00:00Z,15621.0
2022-06-14T15:00:00Z,15777.0
2022-06-14T16:00:00Z,15958.0
2022-06-14T17:00:00Z,15468.0
2022-06-14T18:00:00Z,15307.0
2022-06-14T19:00:00Z,15816.0
2022-06-14T20:00:00Z,15599.0
2022-06-14T21:00:00Z,15942.0
2022-06-14T22:00:00Z,16547.0
2022-06-14T23:00:00Z,16041.0
2022-06-15T00:00:00Z,15220.0
2022-06-15T01:00:00Z,13107.0
2022-06-15T02:00:00Z,11945.0
2022-06-15T03:00:00Z,12543.0
2022-06-15T04:00:00Z,12370.0
2022-06-15T05:00:00Z,10791.0
2022-06-15T06:00:00Z,10091.0
2022-06-15T07:00:00Z,9917.0
2022-06-15T08:00:00Z,9232.0
2022-06-15T09:00:00Z,9989.0
2022-06-15T10:00:00Z,10156.0
2022-06-15T11:00:00Z,9949.0
2022-06-15T12:00:00Z,11425.0
2022-06-15T13:00:00Z,10156.0
2022-06-15T14:00:00Z,8842.0
2022-06-15T15:00:00Z,8440.0
2022-06-15T16:00:00Z,8646.0
2022-06-15T17:00:00Z,9890.0
2022-06-15T18:00:00Z,10756.0
2022-06-15T19:00:00Z,13262.0
2022-06-15T20:00:00Z,14455.0
2022-06-15T21:00:00Z,13867.0
2022-06-15T22:00:00Z,12298.0
2022-06-15T23:00:00Z,12254.0
2022-06-16T00:00:00Z,11802.0
2022-06-16T01:00:00Z,11685.0
2022-06-16T02:00:00Z,11199.0
2022-06-16T03:00:00Z,12135.0
2022-06-16T04:00:00Z,13091.0
2022-06-16T05:00:00Z,14006.0
2022-06-16T06:00:00Z,13729.0
2022-06-16T07:00:00Z,14414.0
2022-06-16T08:00:00Z,14337.0
2022-06-16T09:00:00Z,13907.0
2022-06-16T10:00:00Z,14407.0
2022-06-16T11:00:00Z,14688.0
2022-06-16T12:00:00Z,14260.0
2022-06-16T13:00:00Z,13234.0
2022-06-16T14:00:00Z,12967.0
2022-06-16T15:00:00Z,13656.0
2022-06-16T16:00:00Z,14347.0
2022-06-16T17:00:00Z,14520.0
2022-06-16T18:00:00Z,14136.0
2022-06-16T19:00:00Z,13986.0
2022-06-16T20:00:00Z,14722.0
2022-06-16T21:00:00Z,15224.0
2022-06-16T22:00:00Z,15372.0
2022-06-16T23:00:00Z,15784.0
2022-06-17T00:00:00Z,14997.0
2022-06-17T01:00:00Z,12702.0
2022-06-17T02:00:00Z,9494.0
2022-06-17T03:00:00Z,8013.0
2022-06-17T04:00:00Z,7233.0
2022-06-17T05:00:00Z,6795.0
2022-06-17T06:00:00Z,6395.0
2022-06-17T07:00:00Z,6241.0
2022-06-17T08:00:00Z,5548.0
2022-06-17T09:00:00Z,4630.0
2022-06-17T10:00:00Z,4399.0
2022-06-17T11:00:00Z,4966.0
2022-06-17T12:00:00Z,6068.0
2022-06-17T13:00:00Z,5566.0
2022-06-17T14:00:00Z,4400.0
2022-06-17T15:00:00Z,4678.0
2022-06-17T16:00:00Z,5541.0
2022-06-17T17:00:00Z,6395.0
2022-06-17T18:00:00Z,6436.0
2022-06-17T19:00:00Z,6182.0
2022-06-17T20:00:00Z,6589.0
2022-06-17T21:00:00Z,6879.0
2022-06-17T22:00:00Z,6998.0
2022-06-17T23:00:00Z,6979.0
2022-06-18T00:00:00Z,6902.0
2022-06-18T01:00:00Z,7149.0
2022-06-18T02:00:00Z,8044.0
2022-06-18T03:00:00Z,10073.0
2022-06-18T04:00:00Z,11828.0
2022-06-18T05:00:00Z,12975.0
2022-06-18T06:00:00Z,12921.0
2022-06-18T07:00:00Z,14297.0
2022-06-18T08:00:00Z,15597.0
2022-06-18T09:00:00Z,17029.0
2022-06-18T10:00:00Z,17298.0
2022-06-18T11:00:00Z,17790.0
2022-06-18T12:00:00Z,17445.0
2022-06-18T13:00:00Z,16384.0
2022-06-18T14:00:00Z,15268.0
2022-06-18T15:00:00Z,15327.0
2022-06-18T16:00:00Z,14976.0
2022-06-18T17:00:00Z,14883.0
2022-06-18T18:00:00Z,14419.0
2022-06-18T19:00:00Z,14315.0
2022-06-18T20:00:00Z,14603.0
2022-06-18T21:00:00Z,15086.0
2022-06-18T22:00:00Z,15622.0
2022-06-18T23:00:00Z,16276.0
2022-06-19T00:00:00Z,16186.0
2022-06-19T01:00:00Z,15551.0
2022-06-19T02:00:00Z,14638.0
2022-06-19T03:00:00Z,15126.0
2022-06-19T04:00:00Z,16098.0
2022-06-19T05:00:00Z,16272.0
2022-06-19T06:00:00Z,15211.0
2022-06-19T07:00:00Z,15130.0
2022-06-19T08:00:00Z,15032.0
2022-06-19T09:00:00Z,14756.0
2022-06-19T10:00:00Z,14455.0
2022-06-19T11:00:00Z,14375.0
2022-06-19T12:00:00Z,13956.0
2022-06-19T13:00:00Z,14400.0
2022-06-19T14:00:00Z,13978.0
2022-06-19T15:00:00Z,13955.0
2022-06-19T16:00:00Z,14448.0
2022-06-19T17:00:00Z,13950.0
2022-06-19T18:00:00Z,13361.0
2022-06-19T19:00:00Z,13574.0
2022-06-19T20:00:00Z,13863.0
2022-06-19T21:00:00Z,14387.0
2022-06-19T22:00:00Z,14817.0
2022-06-19T23:00:00Z,14457.0
2022-06-20T00:00:00Z,14744.0
2022-06-20T01:00:00Z,14289.0
2022-06-20T02:00:00Z,14060.0
2022-06-20T03:00:00Z,15020.0
2022-06-20T04:00:00Z,16308.0
2022-06-20T05:00:00Z,16976.0
2022-06-20T06:00:00Z,16104.0
2022-06-20T07:00:00Z,16166.0
2022-06-20T08:00:00Z,16007.0
2022-06-20T09:00:00Z,15937.0
2022-06-20T10:00:00Z,15892.0
2022-06-20T11:00:00Z,15812.0
2022-06-20T12:00:00Z,15941.0
2022-06-20T13:00:00Z,15618.0
2022-06-20T14:00:00Z,15033.0
2022-06-20T15:00:00Z,14811.0
2022-06-20T16:00:00Z,14833.0
2022-06-20T17:00:00Z,14337.0
2022-06-20T18:00:00Z,14749.0
2022-06-20T19:00:00Z,14751.0
2022-06-20T20:00:00Z,15513.0
2022-06-20T21:00:00Z,15191.0
2022-06-20T22:00:00Z,15953.0
2022-06-20T23:00:00Z,16390.0
2022-06-21T00:00:00Z,16261.0
2022-06-21T01:00:00Z,15592.0
2022-06-21T02:00:00Z,16162.0
2022-06-21T03:00:00Z,17507.0
2022-06-21T04:00:00Z,18660.0
2022-06-21T05:00:00Z,18485.0
2022-06-21T06:00:00Z,17918.0
2022-06-21T07:00:00Z,17503.0
2022-06-21T08:00:00Z,17171.0
2022-06-21T09:00:00Z,16691.0
2022-06-21T10:00:00Z,15987.0
2022-06-21T11:00:00Z,15089.0
2022-06-21T12:00:00Z,14539.0
2022-06-21T13:00:00Z,13979.0
2022-06-21T14:00:00Z,13861.0
2022-06-21T15:00:00Z,13176.0
2022-06-21T16:00:00Z,12891.0
2022-06-21T17:00:00Z,13107.0
2022-06-21T18:00:00Z,12671.0
2022-06-21T19:00:00Z,12160.0
2022-06-21T20:00:00Z,13893.0
2022-06-21T21:00:00Z,14738.0
2022-06-21T22:00:00Z,14319.0
2022-06-21T23:00:00Z,14659.0
2022-06-22T00:00:00Z,14806.0
2022-06-22T01:00:00Z,12928.0
2022-06-22T02:00:00Z,11913.0
2022-06-22T03:00:00Z,11385.0
2022-06-22T04:00:00Z,11019.0
2022-06-22T05:00:00Z,10317.0
2022-06-22T06:00:00Z,10561.0
2022-06-22T07:00:00Z,9846.0
2022-06-22T08:00:00Z,8602.0
2022-06-22T09:00:00Z,8271.0
2022-06-22T10:00:00Z,7439.0
2022-06-22T11:00:00Z,7195.0
2022-06-22T12:00:00Z,6947.0
2022-06-22T13:00:00Z,5318.0
2022-06-22T14:00:00Z,3640.0
2022-06-22T15:00:00Z,3509.0
2022-06-22T16:00:00Z,4221.0
2022-06-22T17:00:00Z,4788.0
2022-06-22T18:00:00Z,5341.0
2022-06-22T19:00:00Z,5597.0
2022-06-22T20:00:00Z,5481.0
2022-06-22T21:00:00Z,5254.0
2022-06-22T22:00:00Z,5251.0
2022-06-22T23:00:00Z,5384.0
2022-06-23T00:00:00Z,4654.0
2022-06-23T01:00:00Z,3321.0
2022-06-23T02:00:00Z,2472.0
2022-06-23T03:00:00Z,2693.0
2022-06-23T04:00:00Z,3518.0
2022-06-23T05:00:00Z,4530.0
2022-06-23T06:00:00Z,5785.0
2022-06-23T07:00:00Z,7313.0
2022-06-23T08:00:00Z,8122.0
2022-06-23T09:00:00Z,8363.0
2022-06-23T10:00:00Z,8717.0
2022-06-23T11:00:00Z,8993.0
2022-06-23T12:00:00Z,8667.0
2022-06-23T13:00:00Z,7511.0
2022-06-23T14:00:00Z,5914.0
2022-06-23T15:00:00Z,6136.0
2022-06-23T16:00:00Z,8418.0
2022-06-23T17:00:00Z,9855.0
2022-06-23T18:00:00Z,10648.0
2022-06-23T19:00:00Z,11716.0
2022-06-23T20:00:00Z,12725.0
2022-06-23T21:00:00Z,12743.0
2022-06-23T22:00:00Z,12118.0
2022-06-23T23:00:00Z,10831.0
2022-06-24T00:00:00Z,9666.0
2022-06-24T01:00:00Z,8401.0
2022-06-24T02:00:00Z,7961.0
2022-06-24T03:00:00Z,9178.0
2022-06-24T04:00:00Z,10392.0
2022-06-24T05:00:00Z,10779.0
2022-06-24T06:00:00Z,11119.0
2022-06-24T07:00:00Z,11254.0
2022-06-24T08:00:00Z,10879.0
2022-06-24T09:00:00Z,10235.0
2022-06-24T10:00:00Z,9720.0
2022-06-24T11:00:00Z,10069.0
2022-06-24T12:00:00Z,10657.0
2022-06-24T13:00:00Z,10222.0
2022-06-24T14:00:00Z,9323.0
2022-06-24T15:00:00Z,9516.0
2022-06-24T16:00:00Z,10656.0
2022-06-24T17:00:00Z,11533.0
2022-06-24T18:00:00Z,12592.0
2022-06-24T19:00:00Z,12872.0
2022-06-24T20:00:00Z,13160.0
2022-06-24T21:00:00Z,12929.0
2022-06-24T22:00:00Z,12430.0
2022-06-24T23:00:00Z,12534.0
2022-06-25T00:00:00Z,13268.0
2022-06-25T01:00:00Z,13520.0
2022-06-25T02:00:00Z,13309.0
2022-06-25T03:00:00Z,12692.0
2022-06-25T04:00:00Z,13591.0
2022-06-25T05:00:00Z,13199.0
2022-06-25T06:00:00Z,12606.0
2022-06-25T07:00:00Z,11236.0
2022-06-25T08:00:00Z,11127.0
2022-06-25T09:00:00Z,11837.0
2022-06-25T10:00:00Z,11283.0
2022-06-25T11:00:00Z,11008.0
2022-06-25T12:00:00Z,10708.0
2022-06-25T13:00:00Z,9545.0
2022-06-25T14:00:00Z,8379.0
2022-06-25T15:00:00Z,6711.0
2022-06-25T16:00:00Z,7721.0
2022-06-25T17:00:00Z,8779.0
2022-06-25T18:00:00Z,9979.0
2022-06-25T19:00:00Z,11470.0
2022-06-25T20:00:00Z,12642.0
2022-06-25T21:00:00Z,13259.0
2022-06-25T22:00:00Z,13808.0
2022-06-25T23:00:00Z,13890.0
2022-06-26T00:00:00Z,13676.0
2022-06-26T01:00:00Z,12905.0
2022-06-26T02:00:00Z,12580.0
2022-06-26T03:00:00Z,12668.0
2022-06-26T04:00:00Z,14622.0
2022-06-26T05:00:00Z,14227.0
2022-06-26T06:00:00Z,13204.0
2022-06-26T07:00:00Z,12644.0
2022-06-26T08:00:00Z,12691.0
2022-06-26T09:00:00Z,13261.0
2022-06-26T10:00:00Z,13340.0
2022-06-26T11:00:00Z,13448.0
2022-06-26T12:00:00Z,12362.0
2022-06-26T13:00:00Z,11985.0
2022-06-26T14:00:00Z,13088.0
2022-06-26T15:00:00Z,13472.0
2022-06-26T16:00:00Z,13755.0
2022-06-26T17:00:00Z,14158.0
2022-06-26T18:00:00Z,15105.0
2022-06-26T19:00:00Z,16111.0
2022-06-26T20:00:00Z,16722.0
2022-06-26T21:00:00Z,17432.0
2022-06-26T22:00:00Z,17755.0
2022-06-26T23:00:00Z,17671.0
2022-06-27T00:00:00Z,16624.0
2022-06-27T01:00:00Z,15036.0
2022-06-27T02:00:00Z,10830.0
2022-06-27T03:00:00Z,8716.0
2022-06-27T04:00:00Z,8399.0
2022-06-27T05:00:00Z,8491.0
2022-06-27T06:00:00Z,8299.0
2022-06-27T07:00:00Z,8149.0
2022-06-27T08:00:00Z,7555.0
2022-06-27T09:00:00Z,6863.0
2022-06-27T10:00:00Z,6533.0
2022-06-27T11:00:00Z,6181.0
2022-06-27T12:00:00Z,6185.0
2022-06-27T13:00:00Z,5679.0
2022-06-27T14:00:00Z,4880.0
2022-06-27T15:00:00Z,4628.0
2022-06-27T16:00:00Z,5700.0
2022-06-27T17:00:00Z,5366.0
2022-06-27T18:00:00Z,4793.0
2022-06-27T19:00:00Z,4776.0
2022-06-27T20:00:00Z,4672.0
2022-06-27T21:00:00Z,4451.0
2022-06-27T22:00:00Z,4018.0
2022-06-27T23:00:00Z,3792.0
2022-06-28T00:00:00Z,3665.0
2022-06-28T01:00:00Z,3403.0
2022-06-28T02:00:00Z,3828.0
2022-06-28T03:00:00Z,5701.0
2022-06-28T04:00:00Z,7834.0
2022-06-28T05:00:00Z,9119.0
2022-06-28T06:00:00Z,9876.0
2022-06-28T07:00:00Z,10454.0
2022-06-28T08:00:00Z,10830.0
2022-06-28T09:00:00Z,11231.0
2022-06-28T10:00:00Z,11088.0
2022-06-28T11:00:00Z,11314.0
2022-06-28T12:00:00Z,11373.0
2022-06-28T13:00:00Z,9942.0
2022-06-28T14:00:00Z,8419.0
2022-06-28T15:00:00Z,8811.0
2022-06-28T16:00:00Z,9723.0
2022-06-28T17:00:00Z,10367.0
2022-06-28T18:00:00Z,11286.0
2022-06-28T19:00:00Z,11863.0
2022-06-28T20:00:00Z,11942.0
2022-06-28T21:00:00Z,11298.0
2022-06-28T22:00:00Z,10785.0
2022-06-28T23:00:00Z,9891.0
2022-06-29T00:00:00Z,8674.0
2022-06-29T01:00:00Z,7319.0
2022-06-29T02:00:00Z,7270.0
2022-06-29T03:00:00Z,8580.0
2022-06-29T04:00:00Z,8650.0
2022-06-29T05:00:00Z,8567.0
2022-06-29T06:00:00Z,8836.0
2022-06-29T07:00:00Z,8947.0
2022-06-29T08:00:00Z,9024.0
2022-06-29T09:00:00Z,9161.0
2022-06-29T10:00:00Z,9714.0
2022-06-29T11:00:00Z,9081.0
2022-06-29T12:00:00Z,9401.0
2022-06-29T13:00:00Z,8806.0
2022-06-29T14:00:00Z,6918.0
2022-06-29T15:00:00Z,7104.0
2022-06-29T16:00:00Z,7809.0
2022-06-29T17:00:00Z,8920.0
2022-06-29T18:00:00Z,10512.0
2022-06-29T19:00:00Z,12339.0
2022-06-29T20:00:00Z,12765.0
2022-06-29T21:00:00Z,12930.0
2022-06-29T22:00:00Z,13108.0
2022-06-29T23:00:00Z,13737.0
2022-06-30T00:00:00Z,13653.0
2022-06-30T01:00:00Z,13740.0
2022-06-30T02:00:00Z,14258.0
2022-06-30T03:00:00Z,15490.0
2022-06-30T04:00:00Z,16335.0
2022-06-30T05:00:00Z,15753.0
2022-06-30T06:00:00Z,16480.0
2022-06-30T07:00:00Z,17430.0
2022-06-30T08:00:00Z,17235.0
2022-06-30T09:00:00Z,16383.0
2022-06-30T10:00:00Z,15748.0
2022-06-30T11:00:00Z,15715.0
2022-06-30T12:00:00Z,15468.0
2022-06-30T13:00:00Z,14595.0
2022-06-30T14:00:00Z,14229.0
2022-06-30T15:00:00Z,14946.0
2022-06-30T16:00:00Z,15727.0
2022-06-30T17:00:00Z,15327.0
2022-06-30T18:00:00Z,15032.0
2022-06-30T19:00:00Z,14831.0
2022-06-30T20:00:00Z,14142.0
2022-06-30T21:00:00Z,13350.0
2022-06-30T22:00:00Z,12800.0
2022-06-30T23:00:00Z,11671.0
2022-07-01T00:00:00Z,10311.0
2022-07-01T01:00:00Z,8111.0
2022-07-01T02:00:00Z,7233.0
2022-07-01T03:00:00Z,8323.0
2022-07-01T04:00:00Z,9745.0
2022-07-01T05:00:00Z,10660.0
2022-07-01T06:00:00Z,11444.0
2022-07-01T07:00:00Z,11621.0
2022-07-01T08:00:00Z,10823.0
2022-07-01T09:00:00Z,10457.0
2022-07-01T10:00:00Z,10183.0
2022-07-01T11:00:00Z,9364.0
2022-07-01T12:00:00Z,7270.0
2022-07-01T13:00:00Z,4941.0
2022-07-01T14:00:00Z,3010.0
2022-07-01T15:00:00Z,2528.0
2022-07-01T16:00:00Z,2549.0
2022-07-01T17:00:00Z,2408.0
2022-07-01T18:00:00Z,2001.0
2022-07-01T19:00:00Z,2161.0
2022-07-01T20:00:00Z,2374.0
2022-07-01T21:00:00Z,2169.0
2022-07-01T22:00:00Z,2234.0
2022-07-01T23:00:00Z,2443.0
2022-07-02T00:00:00Z,2289.0
2022-07-02T01:00:00Z,1708.0
2022-07-02T02:00:00Z,1550.0
2022-07-02T03:00:00Z,1733.0
2022-07-02T04:00:00Z,1672.0
2022-07-02T05:00:00Z,2086.0
2022-07-02T06:00:00Z,3229.0
2022-07-02T07:00:00Z,4481.0
2022-07-02T08:00:00Z,5535.0
2022-07-02T09:00:00Z,5702.0
2022-07-02T10:00:00Z,5667.0
2022-07-02T11:00:00Z,5201.0
2022-07-02T12:00:00Z,4683.0
2022-07-02T13:00:00Z,3428.0
2022-07-02T14:00:00Z,2113.0
2022-07-02T15:00:00Z,2462.0
2022-07-02T16:00:00Z,3861.0
2022-07-02T17:00:00Z,4707.0
2022-07-02T18:00:00Z,5103.0
2022-07-02T19:00:00Z,5355.0
2022-07-02T20:00:00Z,5287.0
2022-07-02T21:00:00Z,4502.0
2022-07-02T22:00:00Z,3840.0
2022-07-02T23:00:00Z,3690.0
2022-07-03T00:00:00Z,3642.0
2022-07-03T01:00:00Z,3717.0
2022-07-03T02:00:00Z,4266.0
2022-07-03T03:00:00Z,5843.0
2022-07-03T04:00:00Z,7808.0
2022-07-03T05:00:00Z,8009.0
2022-07-03T06:00:00Z,8070.0
2022-07-03T07:00:00Z,7652.0
2022-07-03T08:00:00Z,7240.0
2022-07-03T09:00:00Z,7428.0
2022-07-03T10:00:00Z,7430.0
2022-07-03T11:00:00Z,6943.0
2022-07-03T12:00:00Z,5533.0
2022-07-03T13:00:00Z,4736.0
2022-07-03T14:00:00Z,3740.0
2022-07-03T15:00:00Z,3898.0
2022-07-03T16:00:00Z,4287.0
2022-07-03T17:00:00Z,5060.0
2022-07-03T18:00:00Z,5718.0
2022-07-03T19:00:00Z,6458.0
2022-07-03T20:00:00Z,6613.0
2022-07-03T21:00:00Z,6974.0
2022-07-03T22:00:00Z,7534.0
2022-07-03T23:00:00Z,7500.0
2022-07-04T00:00:00Z,7041.0
2022-07-04T01:00:00Z,6920.0
2022-07-04T02:00:00Z,7067.0
2022-07-04T03:00:00Z,9704.0
2022-07-04T04:00:00Z,12233.0
2022-07-04T05:00:00Z,13149.0
2022-07-04T06:00:00Z,13209.0
2022-07-04T07:00:00Z,12504.0
2022-07-04T08:00:00Z,12097.0
2022-07-04T09:00:00Z,11866.0
2022-07-04T10:00:00Z,12149.0
2022-07-04T11:00:00Z,12239.0
2022-07-04T12:00:00Z,10118.0
2022-07-04T13:00:00Z,7945.0
2022-07-04T14:00:00Z,6258.0
2022-07-04T15:00:00Z,6788.0
2022-07-04T16:00:00Z,8338.0
2022-07-04T17:00:00Z,9040.0
2022-07-04T18:00:00Z,8891.0
2022-07-04T19:00:00Z,8690.0
2022-07-04T20:00:00Z,7956.0
2022-07-04T21:00:00Z,7411.0
2022-07-04T22:00:00Z,6878.0
2022-07-04T23:00:00Z,6183.0
2022-07-05T00:00:00Z,5819.0
2022-07-05T01:00:00Z,5436.0
2022-07-05T02:00:00Z,4970.0
2022-07-05T03:00:00Z,5636.0
2022-07-05T04:00:00Z,7128.0
2022-07-05T05:00:00Z,8402.0
2022-07-05T06:00:00Z,8668.0
2022-07-05T07:00:00Z,9151.0
2022-07-05T08:00:00Z,9115.0
2022-07-05T09:00:00Z,8852.0
2022-07-05T10:00:00Z,8427.0
2022-07-05T11:00:00Z,8855.0
2022-07-05T12:00:00Z,9027.0
2022-07-05T13:00:00Z,8309.0
2022-07-05T14:00:00Z,6590.0
2022-07-05T15:00:00Z,5661.0
2022-07-05T16:00:00Z,5136.0
2022-07-05T17:00:00Z,4494.0
2022-07-05T18:00:00Z,4407.0
2022-07-05T19:00:00Z,4338.0
2022-07-05T20:00:00Z,5411.0
2022-07-05T21:00:00Z,6085.0
2022-07-05T22:00:00Z,6365.0
2022-07-05T23:00:00Z,7490.0
2022-07-06T00:00:00Z,8993.0
2022-07-06T01:00:00Z,10318.0
2022-07-06T02:00:00Z,10776.0
2022-07-06T03:00:00Z,9045.0
2022-07-06T04:00:00Z,7315.0
2022-07-06T05:00:00Z,6131.0
2022-07-06T06:00:00Z,4468.0
2022-07-06T07:00:00Z,3267.0
2022-07-06T08:00:00Z,2957.0
2022-07-06T09:00:00Z,2866.0
2022-07-06T10:00:00Z,2619.0
2022-07-06T11:00:00Z,2281.0
2022-07-06T12:00:00Z,1848.0
2022-07-06T13:00:00Z,1619.0
2022-07-06T14:00:00Z,1321.0
2022-07-06T15:00:00Z,1484.0
2022-07-06T16:00:00Z,2011.0
2022-07-06T17:00:00Z,2279.0
2022-07-06T18:00:00Z,2695.0
2022-07-06T19:00:00Z,2970.0
2022-07-06T20:00:00Z,3315.0
2022-07-06T21:00:00Z,3145.0
2022-07-06T22:00:00Z,2624.0
2022-07-06T23:00:00Z,2398.0
2022-07-07T00:00:00Z,2271.0
2022-07-07T01:00:00Z,2222.0
2022-07-07T02:00:00Z,1948.0
2022-07-07T03:00:00Z,1961.0
2022-07-07T04:00:00Z,2433.0
2022-07-07T05:00:00Z,2721.0
2022-07-07T06:00:00Z,2695.0
2022-07-07T07:00:00Z,2708.0
2022-07-07T08:00:00Z,2641.0
2022-07-07T09:00:00Z,2679.0
2022-07-07T10:00:00Z,2348.0
2022-07-07T11:00:00Z,2394.0
2022-07-07T12:00:00Z,2752.0
2022-07-07T13:00:00Z,2631.0
2022-07-07T14:00:00Z,2091.0
2022-07-07T15:00:00Z,1946.0
2022-07-07T16:00:00Z,1899.0
2022-07-07T17:00:00Z,1548.0
2022-07-07T18:00:00Z,1730.0
2022-07-07T19:00:00Z,2295.0
2022-07-07T20:00:00Z,2563.0
2022-07-07T21:00:00Z,3010.0
2022-07-07T22:00:00Z,2988.0
2022-07-07T23:00:00Z,3225.0
2022-07-08T00:00:00Z,3285.0
2022-07-08T01:00:00Z,3011.0
2022-07-08T02:00:00Z,2909.0
2022-07-08T03:00:00Z,2885.0
2022-07-08T04:00:00Z,3267.0
2022-07-08T05:00:00Z,3226.0
2022-07-08T06:00:00Z,3094.0
2022-07-08T07:00:00Z,3398.0
2022-07-08T08:00:00Z,3409.0
2022-07-08T09:00:00Z,3383.0
2022-07-08T10:00:00Z,3858.0
2022-07-08T11:00:00Z,4367.0
2022-07-08T12:00:00Z,4526.0
2022-07-08T13:00:00Z,3955.0
2022-07-08T14:00:00Z,3467.0
2022-07-08T15:00:00Z,3402.0
2022-07-08T16:00:00Z,3526.0
2022-07-08T17:00:00Z,4138.0
2022-07-08T18:00:00Z,5197.0
2022-07-08T19:00:00Z,5867.0
2022-07-08T20:00:00Z,6035.0
2022-07-08T21:00:00Z,5623.0
2022-07-08T22:00:00Z,5728.0
2022-07-08T23:00:00Z,5916.0
2022-07-09T00:00:00Z,6374.0
2022-07-09T01:00:00Z,5815.0
2022-07-09T02:00:00Z,5103.0
2022-07-09T03:00:00Z,5447.0
2022-07-09T04:00:00Z,5882.0
2022-07-09T05:00:00Z,5808.0
2022-07-09T06:00:00Z,6043.0
2022-07-09T07:00:00Z,6104.0
2022-07-09T08:00:00Z,5892.0
2022-07-09T09:00:00Z,6033.0
2022-07-09T10:00:00Z,5674.0
2022-07-09T11:00:00Z,5368.0
2022-07-09T12:00:00Z,5358.0
2022-07-09T13:00:00Z,4451.0
2022-07-09T14:00:00Z,3601.0
2022-07-09T15:00:00Z,3419.0
2022-07-09T16:00:00Z,3551.0
2022-07-09T17:00:00Z,3406.0
2022-07-09T18:00:00Z,3556.0
2022-07-09T19:00:00Z,3973.0
2022-07-09T20:00:00Z,4433.0
2022-07-09T21:00:00Z,5061.0
2022-07-09T22:00:00Z,5152.0
2022-07-09T23:00:00Z,5503.0
2022-07-10T00:00:00Z,5153.0
2022-07-10T01:00:00Z,4040.0
2022-07-10T02:00:00Z,3562.0
2022-07-10T03:00:00Z,4836.0
2022-07-10T04:00:00Z,6755.0
2022-07-10T05:00:00Z,8594.0
2022-07-10T06:00:00Z,10327.0
2022-07-10T07:00:00Z,11172.0
2022-07-10T08:00:00Z,11617.0
2022-07-10T09:00:00Z,11503.0
2022-07-10T10:00:00Z,11183.0
2022-07-10T11:00:00Z,11022.0
2022-07-10T12:00:00Z,11092.0
2022-07-10T13:00:00Z,10692.0
2022-07-10T14:00:00Z,9741.0
2022-07-10T15:00:00Z,10336.0
2022-07-10T16:00:00Z,11598.0
2022-07-10T17:00:00Z,12401.0
2022-07-10T18:00:00Z,13257.0
2022-07-10T19:00:00Z,14117.0
2022-07-10T20:00:00Z,14221.0
2022-07-10T21:00:00Z,14534.0
2022-07-10T22:00:00Z,14168.0
2022-07-10T23:00:00Z,13440.0
2022-07-11T00:00:00Z,11263.0
2022-07-11T01:00:00Z,8429.0
2022-07-11T02:00:00Z,6925.0
2022-07-11T03:00:00Z,7973.0
2022-07-11T04:00:00Z,9579.0
2022-07-11T05:00:00Z,10006.0
2022-07-11T06:00:00Z,9409.0
2022-07-11T07:00:00Z,9181.0
2022-07-11T08:00:00Z,9442.0
2022-07-11T09:00:00Z,10680.0
2022-07-11T10:00:00Z,12402.0
2022-07-11T11:00:00Z,13181.0
2022-07-11T12:00:00Z,13078.0
2022-07-11T13:00:00Z,12287.0
2022-07-11T14:00:00Z,11028.0
2022-07-11T15:00:00Z,9666.0
2022-07-11T16:00:00Z,9647.0
2022-07-11T17:00:00Z,10994.0
2022-07-11T18:00:00Z,12489.0
2022-07-11T19:00:00Z,14185.0
2022-07-11T20:00:00Z,14222.0
2022-07-11T21:00:00Z,15124.0
2022-07-11T22:00:00Z,16131.0
2022-07-11T23:00:00Z,16698.0
2022-07-12T00:00:00Z,16646.0
2022-07-12T01:00:00Z,15025.0
2022-07-12T02:00:00Z,12607.0
2022-07-12T03:00:00Z,13188.0
2022-07-12T04:00:00Z,13717.0
2022-07-12T05:00:00Z,12914.0
2022-07-12T06:00:00Z,13138.0
2022-07-12T07:00:00Z,12374.0
2022-07-12T08:00:00Z,11497.0
2022-07-12T09:00:00Z,11020.0
2022-07-12T10:00:00Z,10574.0
2022-07-12T11:00:00Z,10273.0
2022-07-12T12:00:00Z,9740.0
2022-07-12T13:00:00Z,7934.0
2022-07-12T14:00:00Z,5525.0
2022-07-12T15:00:00Z,5078.0
2022-07-12T16:00:00Z,6385.0
2022-07-12T17:00:00Z,8337.0
2022-07-12T18:00:00Z,8651.0
2022-07-12T19:00:00Z,8352.0
2022-07-12T20:00:00Z,8330.0
2022-07-12T21:00:00Z,8128.0
2022-07-12T22:00:00Z,7560.0
2022-07-12T23:00:00Z,7046.0
2022-07-13T00:00:00Z,6159.0
2022-07-13T01:00:00Z,4446.0
2022-07-13T02:00:00Z,3687.0
2022-07-13T03:00:00Z,4141.0
2022-07-13T04:00:00Z,5017.0
2022-07-13T05:00:00Z,5645.0
2022-07-13T06:00:00Z,5442.0
2022-07-13T07:00:00Z,5273.0
2022-07-13T08:00:00Z,5291.0
2022-07-13T09:00:00Z,5568.0
2022-07-13T10:00:00Z,5316.0
2022-07-13T11:00:00Z,4885.0
2022-07-13T12:00:00Z,4514.0
2022-07-13T13:00:00Z,3559.0
2022-07-13T14:00:00Z,1949.0
2022-07-13T15:00:00Z,1322.0
2022-07-13T16:00:00Z,1537.0
2022-07-13T17:00:00Z,1804.0
2022-07-13T18:00:00Z,1794.0
2022-07-13T19:00:00Z,1651.0
2022-07-13T20:00:00Z,1698.0
2022-07-13T21:00:00Z,1750.0
2022-07-13T22:00:00Z,1807.0
2022-07-13T23:00:00Z,1669.0
2022-07-14T00:00:00Z,1762.0
2022-07-14T01:00:00Z,2375.0
2022-07-14T02:00:00Z,3438.0
2022-07-14T03:00:00Z,5421.0
2022-07-14T04:00:00Z,7205.0
2022-07-14T05:00:00Z,8008.0
2022-07-14T06:00:00Z,8542.0
2022-07-14T07:00:00Z,8746.0
2022-07-14T08:00:00Z,8615.0
2022-07-14T09:00:00Z,8505.0
2022-07-14T10:00:00Z,8150.0
2022-07-14T11:00:00Z,8575.0
2022-07-14T12:00:00Z,9046.0
2022-07-14T13:00:00Z,8296.0
2022-07-14T14:00:00Z,6396.0
2022-07-14T15:00:00Z,5228.0
2022-07-14T16:00:00Z,5561.0
2022-07-14T17:00:00Z,6328.0
2022-07-14T18:00:00Z,6877.0
2022-07-14T19:00:00Z,7702.0
2022-07-14T20:00:00Z,8251.0
2022-07-14T21:00:00Z,8974.0
2022-07-14T22:00:00Z,9752.0
2022-07-14T23:00:00Z,10161.0
2022-07-15T00:00:00Z,9420.0
2022-07-15T01:00:00Z,8662.0
2022-07-15T02:00:00Z,8753.0
2022-07-15T03:00:00Z,10598.0
2022-07-15T04:00:00Z,11707.0
2022-07-15T05:00:00Z,12469.0
2022-07-15T06:00:00Z,11920.0
2022-07-15T07:00:00Z,11579.0
2022-07-15T08:00:00Z,11328.0
2022-07-15T09:00:00Z,10897.0
2022-07-15T10:00:00Z,10350.0
2022-07-15T11:00:00Z,10592.0
2022-07-15T12:00:00Z,9826.0
2022-07-15T13:00:00Z,8832.0
2022-07-15T14:00:00Z,8206.0
2022-07-15T15:00:00Z,7576.0
2022-07-15T16:00:00Z,7478.0
2022-07-15T17:00:00Z,7328.0
2022-07-15T18:00:00Z,6165.0
2022-07-15T19:00:00Z,5052.0
2022-07-15T20:00:00Z,4455.0
2022-07-15T21:00:00Z,4341.0
2022-07-15T22:00:00Z,3764.0
2022-07-15T23:00:00Z,3567.0
2022-07-16T00:00:00Z,3453.0
2022-07-16T01:00:00Z,3966.0
2022-07-16T02:00:00Z,4918.0
2022-07-16T03:00:00Z,5788.0
2022-07-16T04:00:00Z,6138.0
2022-07-16T05:00:00Z,6382.0
2022-07-16T06:00:00Z,5841.0
2022-07-16T07:00:00Z,5293.0
2022-07-16T08:00:00Z,5131.0
2022-07-16T09:00:00Z,4925.0
2022-07-16T10:00:00Z,4536.0
2022-07-16T11:00:00Z,4396.0
2022-07-16T12:00:00Z,3312.0
2022-07-16T13:00:00Z,2394.0
2022-07-16T14:00:00Z,1725.0
2022-07-16T15:00:00Z,1434.0
2022-07-16T16:00:00Z,1466.0
2022-07-16T17:00:00Z,1551.0
2022-07-16T18:00:00Z,1761.0
2022-07-16T19:00:00Z,1619.0
2022-07-16T20:00:00Z,1417.0
2022-07-16T21:00:00Z,1654.0
2022-07-16T22:00:00Z,1543.0
2022-07-16T23:00:00Z,1487.0
2022-07-17T00:00:00Z,1236.0
2022-07-17T01:00:00Z,1061.0
2022-07-17T02:00:00Z,1638.0
2022-07-17T03:00:00Z,2019.0
2022-07-17T04:00:00Z,2248.0
2022-07-17T05:00:00Z,2230.0
2022-07-17T06:00:00Z,3063.0
2022-07-17T07:00:00Z,3253.0
2022-07-17T08:00:00Z,2814.0
2022-07-17T09:00:00Z,2288.0
2022-07-17T10:00:00Z,1944.0
2022-07-17T11:00:00Z,1867.0
2022-07-17T12:00:00Z,2118.0
2022-07-17T13:00:00Z,1782.0
2022-07-17T14:00:00Z,1166.0
2022-07-17T15:00:00Z,822.0
2022-07-17T16:00:00Z,1080.0
2022-07-17T17:00:00Z,1278.0
2022-07-17T18:00:00Z,1391.0
2022-07-17T19:00:00Z,1148.0
2022-07-17T20:00:00Z,1072.0
2022-07-17T21:00:00Z,1206.0
2022-07-17T22:00:00Z,1446.0
2022-07-17T23:00:00Z,1436.0
2022-07-18T00:00:00Z,1274.0
2022-07-18T01:00:00Z,1384.0
2022-07-18T02:00:00Z,1603.0
2022-07-18T03:00:00Z,2170.0
2022-07-18T04:00:00Z,2843.0
2022-07-18T05:00:00Z,3308.0
2022-07-18T06:00:00Z,3837.0
2022-07-18T07:00:00Z,4418.0
2022-07-18T08:00:00Z,4703.0
2022-07-18T09:00:00Z,4800.0
2022-07-18T10:00:00Z,4459.0
2022-07-18T11:00:00Z,4296.0
2022-07-18T12:00:00Z,4184.0
2022-07-18T13:00:00Z,3693.0
2022-07-18T14:00:00Z,2582.0
2022-07-18T15:00:00Z,1961.0
2022-07-18T16:00:00Z,2251.0
2022-07-18T17:00:00Z,3104.0
2022-07-18T18:00:00Z,3747.0
2022-07-18T19:00:00Z,4518.0
2022-07-18T20:00:00Z,5308.0
2022-07-18T21:00:00Z,5736.0
2022-07-18T22:00:00Z,6035.0
2022-07-18T23:00:00Z,6457.0
2022-07-19T00:00:00Z,6874.0
2022-07-19T01:00:00Z,7018.0
2022-07-19T02:00:00Z,7959.0
2022-07-19T03:00:00Z,10308.0
2022-07-19T04:00:00Z,12265.0
2022-07-19T05:00:00Z,13883.0
2022-07-19T06:00:00Z,14022.0
2022-07-19T07:00:00Z,14604.0
2022-07-19T08:00:00Z,15059.0
2022-07-19T09:00:00Z,15171.0
2022-07-19T10:00:00Z,15319.0
2022-07-19T11:00:00Z,15306.0
2022-07-19T12:00:00Z,14861.0
2022-07-19T13:00:00Z,14430.0
2022-07-19T14:00:00Z,13509.0
2022-07-19T15:00:00Z,14267.0
2022-07-19T16:00:00Z,14319.0
2022-07-19T17:00:00Z,15981.0
2022-07-19T18:00:00Z,16669.0
2022-07-19T19:00:00Z,16495.0
2022-07-19T20:00:00Z,16739.0
2022-07-19T21:00:00Z,16682.0
2022-07-19T22:00:00Z,16211.0
2022-07-19T23:00:00Z,14860.0
2022-07-20T00:00:00Z,13249.0
2022-07-20T01:00:00Z,11170.0
2022-07-20T02:00:00Z,10576.0
2022-07-20T03:00:00Z,12144.0
2022-07-20T04:00:00Z,14191.0
2022-07-20T05:00:00Z,16060.0
2022-07-20T06:00:00Z,16465.0
2022-07-20T07:00:00Z,17482.0
2022-07-20T08:00:00Z,17599.0
2022-07-20T09:00:00Z,16830.0
2022-07-20T10:00:00Z,16233.0
2022-07-20T11:00:00Z,15577.0
2022-07-20T12:00:00Z,16179.0
2022-07-20T13:00:00Z,16336.0
2022-07-20T14:00:00Z,15692.0
2022-07-20T15:00:00Z,15216.0
2022-07-20T16:00:00Z,15381.0
2022-07-20T17:00:00Z,16566.0
2022-07-20T18:00:00Z,17070.0
2022-07-20T19:00:00Z,17613.0
2022-07-20T20:00:00Z,18137.0
2022-07-20T21:00:00Z,18210.0
2022-07-20T22:00:00Z,18207.0
2022-07-20T23:00:00Z,17026.0
2022-07-21T00:00:00Z,14299.0
2022-07-21T01:00:00Z,10151.0
2022-07-21T02:00:00Z,8779.0
2022-07-21T03:00:00Z,9027.0
2022-07-21T04:00:00Z,9687.0
2022-07-21T05:00:00Z,10255.0
2022-07-21T06:00:00Z,10919.0
2022-07-21T07:00:00Z,11842.0
2022-07-21T08:00:00Z,13331.0
2022-07-21T09:00:00Z,13288.0
2022-07-21T10:00:00Z,12473.0
2022-07-21T11:00:00Z,11503.0
2022-07-21T12:00:00Z,10125.0
2022-07-21T13:00:00Z,9731.0
2022-07-21T14:00:00Z,6928.0
2022-07-21T15:00:00Z,6240.0
2022-07-21T16:00:00Z,6832.0
2022-07-21T17:00:00Z,7678.0
2022-07-21T18:00:00Z,8656.0
2022-07-21T19:00:00Z,10028.0
2022-07-21T20:00:00Z,10228.0
2022-07-21T21:00:00Z,9467.0
2022-07-21T22:00:00Z,8089.0
2022-07-21T23:00:00Z,7064.0
2022-07-22T00:00:00Z,6079.0
2022-07-22T01:00:00Z,4814.0
2022-07-22T02:00:00Z,4748.0
2022-07-22T03:00:00Z,5373.0
2022-07-22T04:00:00Z,6323.0
2022-07-22T05:00:00Z,7028.0
2022-07-22T06:00:00Z,6660.0
2022-07-22T07:00:00Z,6960.0
2022-07-22T08:00:00Z,8853.0
2022-07-22T09:00:00Z,9755.0
2022-07-22T10:00:00Z,8631.0
2022-07-22T11:00:00Z,6922.0
2022-07-22T12:00:00Z,7749.0
2022-07-22T13:00:00Z,8290.0
2022-07-22T14:00:00Z,7904.0
2022-07-22T15:00:00Z,6989.0
2022-07-22T16:00:00Z,6818.0
2022-07-22T17:00:00Z,7234.0
2022-07-22T18:00:00Z,7436.0
2022-07-22T19:00:00Z,6670.0
2022-07-22T20:00:00Z,6086.0
2022-07-22T21:00:00Z,6149.0
2022-07-22T22:00:00Z,6261.0
2022-07-22T23:00:00Z,6342.0
2022-07-23T00:00:00Z,5938.0
2022-07-23T01:00:00Z,5151.0
2022-07-23T02:00:00Z,5906.0
2022-07-23T03:00:00Z,7574.0
2022-07-23T04:00:00Z,8844.0
2022-07-23T05:00:00Z,10143.0
2022-07-23T06:00:00Z,10849.0
2022-07-23T07:00:00Z,11144.0
2022-07-23T08:00:00Z,11868.0
2022-07-23T09:00:00Z,12369.0
2022-07-23T10:00:00Z,11917.0
2022-07-23T11:00:00Z,11299.0
2022-07-23T12:00:00Z,11275.0
2022-07-23T13:00:00Z,10791.0
2022-07-23T14:00:00Z,8821.0
2022-07-23T15:00:00Z,8532.0
2022-07-23T16:00:00Z,9465.0
2022-07-23T17:00:00Z,11583.0
2022-07-23T18:00:00Z,12898.0
2022-07-23T19:00:00Z,12250.0
2022-07-23T20:00:00Z,11056.0
2022-07-23T21:00:00Z,10847.0
2022-07-23T22:00:00Z,11105.0
2022-07-23T23:00:00Z,10822.0
2022-07-24T00:00:00Z,10318.0
2022-07-24T01:00:00Z,10102.0
2022-07-24T02:00:00Z,10948.0
2022-07-24T03:00:00Z,12739.0
2022-07-24T04:00:00Z,13463.0
2022-07-24T05:00:00Z,12734.0
2022-07-24T06:00:00Z,11783.0
2022-07-24T07:00:00Z,11558.0
2022-07-24T08:00:00Z,12080.0
2022-07-24T09:00:00Z,12731.0
2022-07-24T10:00:00Z,12332.0
2022-07-24T11:00:00Z,10975.0
2022-07-24T12:00:00Z,10346.0
2022-07-24T13:00:00Z,9421.0
2022-07-24T14:00:00Z,7526.0
2022-07-24T15:00:00Z,8100.0
2022-07-24T16:00:00Z,10424.0
2022-07-24T17:00:00Z,12197.0
2022-07-24T18:00:00Z,11847.0
2022-07-24T19:00:00Z,11940.0
2022-07-24T20:00:00Z,11126.0
2022-07-24T21:00:00Z,9996.0
2022-07-24T22:00:00Z,9042.0
2022-07-24T23:00:00Z,8160.0
2022-07-25T00:00:00Z,6971.0
2022-07-25T01:00:00Z,5391.0
2022-07-25T02:00:00Z,4629.0
2022-07-25T03:00:00Z,4794.0
2022-07-25T04:00:00Z,5410.0
2022-07-25T05:00:00Z,6190.0
2022-07-25T06:00:00Z,7166.0
2022-07-25T07:00:00Z,7881.0
2022-07-25T08:00:00Z,7354.0
2022-07-25T09:00:00Z,6459.0
2022-07-25T10:00:00Z,5127.0
2022-07-25T11:00:00Z,3555.0
2022-07-25T12:00:00Z,2916.0
2022-07-25T13:00:00Z,2476.0
2022-07-25T14:00:00Z,2102.0
2022-07-25T15:00:00Z,1871.0
2022-07-25T16:00:00Z,2312.0
2022-07-25T17:00:00Z,2679.0
2022-07-25T18:00:00Z,2929.0
2022-07-25T19:00:00Z,2756.0
2022-07-25T20:00:00Z,2632.0
2022-07-25T21:00:00Z,2456.0
2022-07-25T22:00:00Z,2181.0
2022-07-25T23:00:00Z,1713.0
2022-07-26T00:00:00Z,1450.0
2022-07-26T01:00:00Z,1471.0
2022-07-26T02:00:00Z,1865.0
2022-07-26T03:00:00Z,2921.0
2022-07-26T04:00:00Z,4203.0
2022-07-26T05:00:00Z,4886.0
2022-07-26T06:00:00Z,5071.0
2022-07-26T07:00:00Z,5140.0
2022-07-26T08:00:00Z,5225.0
2022-07-26T09:00:00Z,5444.0
2022-07-26T10:00:00Z,5394.0
2022-07-26T11:00:00Z,5223.0
2022-07-26T12:00:00Z,5023.0
2022-07-26T13:00:00Z,4476.0
2022-07-26T14:00:00Z,3567.0
2022-07-26T15:00:00Z,3522.0
2022-07-26T16:00:00Z,3520.0
2022-07-26T17:00:00Z,3334.0
2022-07-26T18:00:00Z,2677.0
2022-07-26T19:00:00Z,2307.0
2022-07-26T20:00:00Z,2527.0
2022-07-26T21:00:00Z,2579.0
2022-07-26T22:00:00Z,2673.0
2022-07-26T23:00:00Z,2766.0
2022-07-27T00:00:00Z,3099.0
2022-07-27T01:00:00Z,2728.0
2022-07-27T02:00:00Z,2945.0
2022-07-27T03:00:00Z,3866.0
2022-07-27T04:00:00Z,4086.0
2022-07-27T05:00:00Z,4837.0
2022-07-27T06:00:00Z,4565.0
2022-07-27T07:00:00Z,4255.0
2022-07-27T08:00:00Z,4578.0
2022-07-27T09:00:00Z,4952.0
2022-07-27T10:00:00Z,5283.0
2022-07-27T11:00:00Z,5692.0
2022-07-27T12:00:00Z,6260.0
2022-07-27T13:00:00Z,5527.0
2022-07-27T14:00:00Z,3643.0
2022-07-27T15:00:00Z,3206.0
2022-07-27T16:00:00Z,3845.0
2022-07-27T17:00:00Z,4859.0
2022-07-27T18:00:00Z,5642.0
2022-07-27T19:00:00Z,6356.0
2022-07-27T20:00:00Z,6972.0
2022-07-27T21:00:00Z,7282.0
2022-07-27T22:00:00Z,7479.0
2022-07-27T23:00:00Z,7878.0
2022-07-28T00:00:00Z,7240.0
2022-07-28T01:00:00Z,6643.0
2022-07-28T02:00:00Z,6748.0
2022-07-28T03:00:00Z,6031.0
2022-07-28T04:00:00Z,6145.0
2022-07-28T05:00:00Z,7121.0
2022-07-28T06:00:00Z,7544.0
2022-07-28T07:00:00Z,7213.0
2022-07-28T08:00:00Z,6990.0
2022-07-28T09:00:00Z,7623.0
2022-07-28T10:00:00Z,7137.0
2022-07-28T11:00:00Z,7052.0
2022-07-28T12:00:00Z,7101.0
2022-07-28T13:00:00Z,6623.0
2022-07-28T14:00:00Z,4934.0
2022-07-28T15:00:00Z,5395.0
2022-07-28T16:00:00Z,7558.0
2022-07-28T17:00:00Z,8347.0
2022-07-28T18:00:00Z,8891.0
2022-07-28T19:00:00Z,9443.0
2022-07-28T20:00:00Z,9417.0
2022-07-28T21:00:00Z,9213.0
2022-07-28T22:00:00Z,8938.0
2022-07-28T23:00:00Z,8545.0
2022-07-29T00:00:00Z,7189.0
2022-07-29T01:00:00Z,4995.0
2022-07-29T02:00:00Z,3738.0
2022-07-29T03:00:00Z,3559.0
2022-07-29T04:00:00Z,3962.0
2022-07-29T05:00:00Z,4324.0
2022-07-29T06:00:00Z,4431.0
2022-07-29T07:00:00Z,4254.0
2022-07-29T08:00:00Z,4375.0
2022-07-29T09:00:00Z,4315.0
2022-07-29T10:00:00Z,4037.0
2022-07-29T11:00:00Z,3982.0
2022-07-29T12:00:00Z,3556.0
2022-07-29T13:00:00Z,2837.0
2022-07-29T14:00:00Z,1442.0
2022-07-29T15:00:00Z,819.0
2022-07-29T16:00:00Z,1455.0
2022-07-29T17:00:00Z,2226.0
2022-07-29T18:00:00Z,2606.0
2022-07-29T19:00:00Z,2745.0
2022-07-29T20:00:00Z,2809.0
2022-07-29T21:00:00Z,2795.0
2022-07-29T22:00:00Z,2856.0
2022-07-29T23:00:00Z,2639.0
2022-07-30T00:00:00Z,2177.0
2022-07-30T01:00:00Z,1435.0
2022-07-30T02:00:00Z,1361.0
2022-07-30T03:00:00Z,1997.0
2022-07-30T04:00:00Z,2914.0
2022-07-30T05:00:00Z,4131.0
2022-07-30T06:00:00Z,5241.0
2022-07-30T07:00:00Z,6836.0
2022-07-30T08:00:00Z,8003.0
2022-07-30T09:00:00Z,8044.0
2022-07-30T10:00:00Z,7588.0
2022-07-30T11:00:00Z,7208.0
2022-07-30T12:00:00Z,7192.0
2022-07-30T13:00:00Z,6247.0
2022-07-30T14:00:00Z,4430.0
2022-07-30T15:00:00Z,3428.0
2022-07-30T16:00:00Z,3915.0
2022-07-30T17:00:00Z,4975.0
2022-07-30T18:00:00Z,5736.0
2022-07-30T19:00:00Z,6367.0
2022-07-30T20:00:00Z,6791.0
2022-07-30T21:00:00Z,6911.0
2022-07-30T22:00:00Z,6645.0
2022-07-30T23:00:00Z,6128.0
2022-07-31T00:00:00Z,5629.0
2022-07-31T01:00:00Z,4877.0
2022-07-31T02:00:00Z,5628.0
2022-07-31T03:00:00Z,7360.0
2022-07-31T04:00:00Z,9491.0
2022-07-31T05:00:00Z,11419.0
2022-07-31T06:00:00Z,12652.0
2022-07-31T07:00:00Z,12674.0
2022-07-31T08:00:00Z,12312.0
2022-07-31T09:00:00Z,12018.0
2022-07-31T10:00:00Z,11601.0
2022-07-31T11:00:00Z,11081.0
2022-07-31T12:00:00Z,10404.0
2022-07-31T13:00:00Z,9860.0
2022-07-31T14:00:00Z,7682.0
2022-07-31T15:00:00Z,6934.0
2022-07-31T16:00:00Z,8000.0
2022-07-31T17:00:00Z,10243.0
2022-07-31T18:00:00Z,11870.0
2022-07-31T19:00:00Z,13266.0
2022-07-31T20:00:00Z,14565.0
2022-07-31T21:00:00Z,15257.0
2022-07-31T22:00:00Z,15415.0
2022-07-31T23:00:00Z,14796.0
2022-08-01T00:00:00Z,13950.0
2022-08-01T01:00:00Z,11987.0
2022-08-01T02:00:00Z,11022.0
2022-08-01T03:00:00Z,11357.0
2022-08-01T04:00:00Z,12247.0
2022-08-01T05:00:00Z,12344.0
2022-08-01T06:00:00Z,12609.0
2022-08-01T07:00:00Z,11960.0
2022-08-01T08:00:00Z,11290.0
2022-08-01T09:00:00Z,10964.0
2022-08-01T10:00:00Z,10607.0
2022-08-01T11:00:00Z,9626.0
2022-08-01T12:00:00Z,8370.0
2022-08-01T13:00:00Z,6105.0
2022-08-01T14:00:00Z,4545.0
2022-08-01T15:00:00Z,4547.0
2022-08-01T16:00:00Z,4342.0
2022-08-01T17:00:00Z,4236.0
2022-08-01T18:00:00Z,4002.0
2022-08-01T19:00:00Z,4265.0
2022-08-01T20:00:00Z,4252.0
2022-08-01T21:00:00Z,4133.0
2022-08-01T22:00:00Z,4111.0
2022-08-01T23:00:00Z,3848.0
2022-08-02T00:00:00Z,3381.0
2022-08-02T01:00:00Z,3387.0
2022-08-02T02:00:00Z,4233.0
2022-08-02T03:00:00Z,5278.0
2022-08-02T04:00:00Z,6547.0
2022-08-02T05:00:00Z,7310.0
2022-08-02T06:00:00Z,7674.0
2022-08-02T07:00:00Z,8304.0
2022-08-02T08:00:00Z,9032.0
2022-08-02T09:00:00Z,9032.0
2022-08-02T10:00:00Z,9432.0
2022-08-02T11:00:00Z,10211.0
2022-08-02T12:00:00Z,10669.0
2022-08-02T13:00:00Z,10574.0
2022-08-02T14:00:00Z,9269.0
2022-08-02T15:00:00Z,8176.0
2022-08-02T16:00:00Z,8210.0
2022-08-02T17:00:00Z,9421.0
2022-08-02T18:00:00Z,10643.0
2022-08-02T19:00:00Z,12517.0
2022-08-02T20:00:00Z,13302.0
2022-08-02T21:00:00Z,13017.0
2022-08-02T22:00:00Z,12820.0
2022-08-02T23:00:00Z,12838.0
2022-08-03T00:00:00Z,12513.0
2022-08-03T01:00:00Z,12807.0
2022-08-03T02:00:00Z,13856.0
2022-08-03T03:00:00Z,16205.0
2022-08-03T04:00:00Z,18029.0
2022-08-03T05:00:00Z,17416.0
2022-08-03T06:00:00Z,16763.0
2022-08-03T07:00:00Z,14527.0
2022-08-03T08:00:00Z,13239.0
2022-08-03T09:00:00Z,12619.0
2022-08-03T10:00:00Z,12091.0
2022-08-03T11:00:00Z,12057.0
2022-08-03T12:00:00Z,11822.0
2022-08-03T13:00:00Z,10332.0
2022-08-03T14:00:00Z,9686.0
2022-08-03T15:00:00Z,9444.0
2022-08-03T16:00:00Z,9474.0
2022-08-03T17:00:00Z,9076.0
2022-08-03T18:00:00Z,9526.0
2022-08-03T19:00:00Z,9085.0
2022-08-03T20:00:00Z,8271.0
2022-08-03T21:00:00Z,7328.0
2022-08-03T22:00:00Z,7897.0
2022-08-03T23:00:00Z,8815.0
2022-08-04T00:00:00Z,8539.0
2022-08-04T01:00:00Z,7409.0
2022-08-04T02:00:00Z,8179.0
2022-08-04T03:00:00Z,9829.0
2022-08-04T04:00:00Z,10578.0
2022-08-04T05:00:00Z,10910.0
2022-08-04T06:00:00Z,10391.0
2022-08-04T07:00:00Z,9902.0
2022-08-04T08:00:00Z,9786.0
2022-08-04T09:00:00Z,9587.0
2022-08-04T10:00:00Z,8862.0
2022-08-04T11:00:00Z,7919.0
2022-08-04T12:00:00Z,7630.0
2022-08-04T13:00:00Z,6953.0
2022-08-04T14:00:00Z,4329.0
2022-08-04T15:00:00Z,3380.0
2022-08-04T16:00:00Z,3150.0
2022-08-04T17:00:00Z,2854.0
2022-08-04T18:00:00Z,2845.0
2022-08-04T19:00:00Z,2952.0
2022-08-04T20:00:00Z,2924.0
2022-08-04T21:00:00Z,2914.0
2022-08-04T22:00:00Z,2953.0
2022-08-04T23:00:00Z,3171.0
2022-08-05T00:00:00Z,3319.0
2022-08-05T01:00:00Z,3596.0
2022-08-05T02:00:00Z,5724.0
2022-08-05T03:00:00Z,8168.0
2022-08-05T04:00:00Z,9912.0
2022-08-05T05:00:00Z,10792.0
2022-08-05T06:00:00Z,11202.0
2022-08-05T07:00:00Z,11682.0
2022-08-05T08:00:00Z,11734.0
2022-08-05T09:00:00Z,11186.0
2022-08-05T10:00:00Z,10497.0
2022-08-05T11:00:00Z,10299.0
2022-08-05T12:00:00Z,10289.0
2022-08-05T13:00:00Z,10044.0
2022-08-05T14:00:00Z,7880.0
2022-08-05T15:00:00Z,6418.0
2022-08-05T16:00:00Z,6986.0
2022-08-05T17:00:00Z,7933.0
2022-08-05T18:00:00Z,8495.0
2022-08-05T19:00:00Z,9181.0
2022-08-05T20:00:00Z,9390.0
2022-08-05T21:00:00Z,9215.0
2022-08-05T22:00:00Z,9009.0
2022-08-05T23:00:00Z,9972.0
2022-08-06T00:00:00Z,10011.0
2022-08-06T01:00:00Z,9791.0
2022-08-06T02:00:00Z,11238.0
2022-08-06T03:00:00Z,12659.0
2022-08-06T04:00:00Z,14005.0
2022-08-06T05:00:00Z,14697.0
2022-08-06T06:00:00Z,14281.0
2022-08-06T07:00:00Z,13879.0
2022-08-06T08:00:00Z,12932.0
2022-08-06T09:00:00Z,11702.0
2022-08-06T10:00:00Z,10984.0
2022-08-06T11:00:00Z,11119.0
2022-08-06T12:00:00Z,10762.0
2022-08-06T13:00:00Z,9945.0
2022-08-06T14:00:00Z,7336.0
2022-08-06T15:00:00Z,5695.0
2022-08-06T16:00:00Z,4780.0
2022-08-06T17:00:00Z,4442.0
2022-08-06T18:00:00Z,4823.0
2022-08-06T19:00:00Z,5278.0
2022-08-06T20:00:00Z,6170.0
2022-08-06T21:00:00Z,6829.0
2022-08-06T22:00:00Z,7627.0
2022-08-06T23:00:00Z,8027.0
2022-08-07T00:00:00Z,8833.0
2022-08-07T01:00:00Z,8709.0
2022-08-07T02:00:00Z,8694.0
2022-08-07T03:00:00Z,9213.0
2022-08-07T04:00:00Z,9500.0
2022-08-07T05:00:00Z,10687.0
2022-08-07T06:00:00Z,10803.0
2022-08-07T07:00:00Z,10153.0
2022-08-07T08:00:00Z,9363.0
2022-08-07T09:00:00Z,8972.0
2022-08-07T10:00:00Z,8071.0
2022-08-07T11:00:00Z,6411.0
2022-08-07T12:00:00Z,5646.0
2022-08-07T13:00:00Z,5596.0
2022-08-07T14:00:00Z,4899.0
2022-08-07T15:00:00Z,4147.0
2022-08-07T16:00:00Z,4103.0
2022-08-07T17:00:00Z,3752.0
2022-08-07T18:00:00Z,3438.0
2022-08-07T19:00:00Z,4119.0
2022-08-07T20:00:00Z,4848.0
2022-08-07T21:00:00Z,4660.0
2022-08-07T22:00:00Z,4710.0
2022-08-07T23:00:00Z,4083.0
2022-08-08T00:00:00Z,3892.0
2022-08-08T01:00:00Z,4430.0
2022-08-08T02:00:00Z,5364.0
2022-08-08T03:00:00Z,6130.0
2022-08-08T04:00:00Z,6899.0
2022-08-08T05:00:00Z,8067.0
2022-08-08T06:00:00Z,8761.0
2022-08-08T07:00:00Z,8913.0
2022-08-08T08:00:00Z,8606.0
2022-08-08T09:00:00Z,8756.0
2022-08-08T10:00:00Z,9285.0
2022-08-08T11:00:00Z,9672.0
2022-08-08T12:00:00Z,9540.0
2022-08-08T13:00:00Z,8981.0
2022-08-08T14:00:00Z,7861.0
2022-08-08T15:00:00Z,6780.0
2022-08-08T16:00:00Z,6462.0
2022-08-08T17:00:00Z,5421.0
2022-08-08T18:00:00Z,4536.0
2022-08-08T19:00:00Z,4559.0
2022-08-08T20:00:00Z,4832.0
2022-08-08T21:00:00Z,5012.0
2022-08-08T22:00:00Z,5284.0
2022-08-08T23:00:00Z,5441.0
2022-08-09T00:00:00Z,5088.0
2022-08-09T01:00:00Z,4607.0
2022-08-09T02:00:00Z,4246.0
2022-08-09T03:00:00Z,4750.0
2022-08-09T04:00:00Z,4768.0
2022-08-09T05:00:00Z,4828.0
2022-08-09T06:00:00Z,4826.0
2022-08-09T07:00:00Z,4971.0
2022-08-09T08:00:00Z,5179.0
2022-08-09T09:00:00Z,4880.0
2022-08-09T10:00:00Z,4645.0
2022-08-09T11:00:00Z,4987.0
2022-08-09T12:00:00Z,4774.0
2022-08-09T13:00:00Z,4510.0
2022-08-09T14:00:00Z,3510.0
2022-08-09T15:00:00Z,2624.0
2022-08-09T16:00:00Z,2741.0
2022-08-09T17:00:00Z,2497.0
2022-08-09T18:00:00Z,2131.0
2022-08-09T19:00:00Z,1683.0
2022-08-09T20:00:00Z,1443.0
2022-08-09T21:00:00Z,1352.0
2022-08-09T22:00:00Z,1258.0
2022-08-09T23:00:00Z,1244.0
2022-08-10T00:00:00Z,1174.0
2022-08-10T01:00:00Z,1061.0
2022-08-10T02:00:00Z,1408.0
2022-08-10T03:00:00Z,2175.0
2022-08-10T04:00:00Z,2900.0
2022-08-10T05:00:00Z,3627.0
2022-08-10T06:00:00Z,4629.0
2022-08-10T07:00:00Z,5674.0
2022-08-10T08:00:00Z,6089.0
2022-08-10T09:00:00Z,5715.0
2022-08-10T10:00:00Z,5388.0
2022-08-10T11:00:00Z,4652.0
2022-08-10T12:00:00Z,3866.0
2022-08-10T13:00:00Z,3367.0
2022-08-10T14:00:00Z,2283.0
2022-08-10T15:00:00Z,1410.0
2022-08-10T16:00:00Z,1831.0
2022-08-10T17:00:00Z,1847.0
2022-08-10T18:00:00Z,1646.0
2022-08-10T19:00:00Z,1539.0
2022-08-10T20:00:00Z,1493.0
2022-08-10T21:00:00Z,1446.0
2022-08-10T22:00:00Z,1519.0
2022-08-10T23:00:00Z,1593.0
2022-08-11T00:00:00Z,1612.0
2022-08-11T01:00:00Z,1815.0
2022-08-11T02:00:00Z,2715.0
2022-08-11T03:00:00Z,4080.0
2022-08-11T04:00:00Z,4853.0
2022-08-11T05:00:00Z,5315.0
2022-08-11T06:00:00Z,5618.0
2022-08-11T07:00:00Z,5986.0
2022-08-11T08:00:00Z,6154.0
2022-08-11T09:00:00Z,6109.0
2022-08-11T10:00:00Z,6182.0
2022-08-11T11:00:00Z,6231.0
2022-08-11T12:00:00Z,5901.0
2022-08-11T13:00:00Z,5819.0
2022-08-11T14:00:00Z,5073.0
2022-08-11T15:00:00Z,4222.0
2022-08-11T16:00:00Z,4133.0
2022-08-11T17:00:00Z,4377.0
2022-08-11T18:00:00Z,5001.0
2022-08-11T19:00:00Z,5897.0
2022-08-11T20:00:00Z,6288.0
2022-08-11T21:00:00Z,6524.0
2022-08-11T22:00:00Z,6843.0
2022-08-11T23:00:00Z,7211.0
2022-08-12T00:00:00Z,7421.0
2022-08-12T01:00:00Z,7749.0
2022-08-12T02:00:00Z,9019.0
2022-08-12T03:00:00Z,10603.0
2022-08-12T04:00:00Z,11262.0
2022-08-12T05:00:00Z,10946.0
2022-08-12T06:00:00Z,11098.0
2022-08-12T07:00:00Z,11852.0
2022-08-12T08:00:00Z,12029.0
2022-08-12T09:00:00Z,11664.0
2022-08-12T10:00:00Z,11413.0
2022-08-12T11:00:00Z,10812.0
2022-08-12T12:00:00Z,11164.0
2022-08-12T13:00:00Z,10774.0
2022-08-12T14:00:00Z,8425.0
2022-08-12T15:00:00Z,6827.0
2022-08-12T16:00:00Z,8168.0
2022-08-12T17:00:00Z,9939.0
2022-08-12T18:00:00Z,11096.0
2022-08-12T19:00:00Z,11801.0
2022-08-12T20:00:00Z,11934.0
2022-08-12T21:00:00Z,12133.0
2022-08-12T22:00:00Z,12321.0
2022-08-12T23:00:00Z,11889.0
2022-08-13T00:00:00Z,11201.0
2022-08-13T01:00:00Z,10700.0
2022-08-13T02:00:00Z,11826.0
2022-08-13T03:00:00Z,12574.0
2022-08-13T04:00:00Z,13300.0
2022-08-13T05:00:00Z,12854.0
2022-08-13T06:00:00Z,13109.0
2022-08-13T07:00:00Z,12541.0
2022-08-13T08:00:00Z,12479.0
2022-08-13T09:00:00Z,12186.0
2022-08-13T10:00:00Z,11359.0
2022-08-13T11:00:00Z,10630.0
2022-08-13T12:00:00Z,10185.0
2022-08-13T13:00:00Z,9637.0
2022-08-13T14:00:00Z,8277.0
2022-08-13T15:00:00Z,7580.0
2022-08-13T16:00:00Z,7266.0
2022-08-13T17:00:00Z,7002.0
2022-08-13T18:00:00Z,6299.0
2022-08-13T19:00:00Z,6192.0
2022-08-13T20:00:00Z,6132.0
2022-08-13T21:00:00Z,5900.0
2022-08-13T22:00:00Z,5891.0
2022-08-13T23:00:00Z,6039.0
2022-08-14T00:00:00Z,5487.0
2022-08-14T01:00:00Z,5067.0
2022-08-14T02:00:00Z,5321.0
2022-08-14T03:00:00Z,5340.0
2022-08-14T04:00:00Z,5357.0
2022-08-14T05:00:00Z,5039.0
2022-08-14T06:00:00Z,4978.0
2022-08-14T07:00:00Z,5097.0
2022-08-14T08:00:00Z,5135.0
2022-08-14T09:00:00Z,4839.0
2022-08-14T10:00:00Z,4635.0
2022-08-14T11:00:00Z,4186.0
2022-08-14T12:00:00Z,3810.0
2022-08-14T13:00:00Z,3340.0
2022-08-14T14:00:00Z,2645.0
2022-08-14T15:00:00Z,2204.0
2022-08-14T16:00:00Z,2322.0
2022-08-14T17:00:00Z,2617.0
2022-08-14T18:00:00Z,2674.0
2022-08-14T19:00:00Z,2394.0
2022-08-14T20:00:00Z,2032.0
2022-08-14T21:00:00Z,1918.0
2022-08-14T22:00:00Z,1846.0
2022-08-14T23:00:00Z,1898.0
2022-08-15T00:00:00Z,2185.0
2022-08-15T01:00:00Z,2412.0
2022-08-15T02:00:00Z,2797.0
2022-08-15T03:00:00Z,3905.0
2022-08-15T04:00:00Z,4471.0
2022-08-15T05:00:00Z,4885.0
2022-08-15T06:00:00Z,4960.0
2022-08-15T07:00:00Z,4731.0
2022-08-15T08:00:00Z,4533.0
2022-08-15T09:00:00Z,4914.0
2022-08-15T10:00:00Z,4937.0
2022-08-15T11:00:00Z,4460.0
2022-08-15T12:00:00Z,4275.0
2022-08-15T13:00:00Z,4336.0
2022-08-15T14:00:00Z,3356.0
2022-08-15T15:00:00Z,2972.0
2022-08-15T16:00:00Z,3302.0
2022-08-15T17:00:00Z,3796.0
2022-08-15T18:00:00Z,3322.0
2022-08-15T19:00:00Z,2770.0
2022-08-15T20:00:00Z,2389.0
2022-08-15T21:00:00Z,2853.0
2022-08-15T22:00:00Z,3579.0
2022-08-15T23:00:00Z,4002.0
2022-08-16T00:00:00Z,3539.0
2022-08-16T01:00:00Z,3404.0
2022-08-16T02:00:00Z,3851.0
2022-08-16T03:00:00Z,4855.0
2022-08-16T04:00:00Z,5249.0
2022-08-16T05:00:00Z,5174.0
2022-08-16T06:00:00Z,4929.0
2022-08-16T07:00:00Z,5137.0
2022-08-16T08:00:00Z,4413.0
2022-08-16T09:00:00Z,3706.0
2022-08-16T10:00:00Z,3283.0
2022-08-16T11:00:00Z,2972.0
2022-08-16T12:00:00Z,2814.0
2022-08-16T13:00:00Z,2582.0
2022-08-16T14:00:00Z,1787.0
2022-08-16T15:00:00Z,1446.0
2022-08-16T16:00:00Z,1668.0
2022-08-16T17:00:00Z,1711.0
2022-08-16T18:00:00Z,2076.0
2022-08-16T19:00:00Z,2557.0
2022-08-16T20:00:00Z,2798.0
2022-08-16T21:00:00Z,2823.0
2022-08-16T22:00:00Z,2612.0
2022-08-16T23:00:00Z,2323.0
2022-08-17T00:00:00Z,1934.0
2022-08-17T01:00:00Z,1973.0
2022-08-17T02:00:00Z,2571.0
2022-08-17T03:00:00Z,3395.0
2022-08-17T04:00:00Z,4079.0
2022-08-17T05:00:00Z,4426.0
2022-08-17T06:00:00Z,4343.0
2022-08-17T07:00:00Z,4147.0
2022-08-17T08:00:00Z,4018.0
2022-08-17T09:00:00Z,3724.0
2022-08-17T10:00:00Z,3272.0
2022-08-17T11:00:00Z,2853.0
2022-08-17T12:00:00Z,2424.0
2022-08-17T13:00:00Z,1972.0
2022-08-17T14:00:00Z,1207.0
2022-08-17T15:00:00Z,552.0
2022-08-17T16:00:00Z,666.0
2022-08-17T17:00:00Z,943.0
2022-08-17T18:00:00Z,983.0
2022-08-17T19:00:00Z,1002.0
2022-08-17T20:00:00Z,1151.0
2022-08-17T21:00:00Z,1345.0
2022-08-17T22:00:00Z,1408.0
2022-08-17T23:00:00Z,1516.0
2022-08-18T00:00:00Z,1430.0
2022-08-18T01:00:00Z,1374.0
2022-08-18T02:00:00Z,2082.0
2022-08-18T03:00:00Z,3303.0
2022-08-18T04:00:00Z,4176.0
2022-08-18T05:00:00Z,4855.0
2022-08-18T06:00:00Z,5263.0
2022-08-18T07:00:00Z,5064.0
2022-08-18T08:00:00Z,5083.0
2022-08-18T09:00:00Z,5707.0
2022-08-18T10:00:00Z,6584.0
2022-08-18T11:00:00Z,6894.0
2022-08-18T12:00:00Z,6932.0
2022-08-18T13:00:00Z,6855.0
2022-08-18T14:00:00Z,5336.0
2022-08-18T15:00:00Z,3905.0
2022-08-18T16:00:00Z,4524.0
2022-08-18T17:00:00Z,5118.0
2022-08-18T18:00:00Z,5443.0
2022-08-18T19:00:00Z,6123.0
2022-08-18T20:00:00Z,7179.0
2022-08-18T21:00:00Z,8714.0
2022-08-18T22:00:00Z,9670.0
2022-08-18T23:00:00Z,10070.0
2022-08-19T00:00:00Z,9847.0
2022-08-19T01:00:00Z,8857.0
2022-08-19T02:00:00Z,8540.0
2022-08-19T03:00:00Z,7128.0
2022-08-19T04:00:00Z,6239.0
2022-08-19T05:00:00Z,6244.0
2022-08-19T06:00:00Z,6543.0
2022-08-19T07:00:00Z,6674.0
2022-08-19T08:00:00Z,6612.0
2022-08-19T09:00:00Z,6848.0
2022-08-19T10:00:00Z,7674.0
2022-08-19T11:00:00Z,7886.0
2022-08-19T12:00:00Z,7701.0
2022-08-19T13:00:00Z,7336.0
2022-08-19T14:00:00Z,5910.0
2022-08-19T15:00:00Z,5086.0
2022-08-19T16:00:00Z,5684.0
2022-08-19T17:00:00Z,6652.0
2022-08-19T18:00:00Z,7050.0
2022-08-19T19:00:00Z,7814.0
2022-08-19T20:00:00Z,8571.0
2022-08-19T21:00:00Z,9714.0
2022-08-19T22:00:00Z,9869.0
2022-08-19T23:00:00Z,9549.0
2022-08-20T00:00:00Z,8157.0
2022-08-20T01:00:00Z,7408.0
2022-08-20T02:00:00Z,7235.0
2022-08-20T03:00:00Z,8069.0
2022-08-20T04:00:00Z,8683.0
2022-08-20T05:00:00Z,8663.0
2022-08-20T06:00:00Z,8592.0
2022-08-20T07:00:00Z,8163.0
2022-08-20T08:00:00Z,7731.0
2022-08-20T09:00:00Z,7442.0
2022-08-20T10:00:00Z,6764.0
2022-08-20T11:00:00Z,6502.0
2022-08-20T12:00:00Z,6327.0
2022-08-20T13:00:00Z,5912.0
2022-08-20T14:00:00Z,5145.0
2022-08-20T15:00:00Z,5029.0
2022-08-20T16:00:00Z,4750.0
2022-08-20T17:00:00Z,5143.0
2022-08-20T18:00:00Z,5493.0
2022-08-20T19:00:00Z,5967.0
2022-08-20T20:00:00Z,5869.0
2022-08-20T21:00:00Z,5862.0
2022-08-20T22:00:00Z,5453.0
2022-08-20T23:00:00Z,4949.0
2022-08-21T00:00:00Z,4451.0
2022-08-21T01:00:00Z,3631.0
2022-08-21T02:00:00Z,4201.0
2022-08-21T03:00:00Z,4884.0
2022-08-21T04:00:00Z,5070.0
2022-08-21T05:00:00Z,4972.0
2022-08-21T06:00:00Z,4912.0
2022-08-21T07:00:00Z,4574.0
2022-08-21T08:00:00Z,4278.0
2022-08-21T09:00:00Z,3904.0
2022-08-21T10:00:00Z,3536.0
2022-08-21T11:00:00Z,3169.0
2022-08-21T12:00:00Z,2926.0
2022-08-21T13:00:00Z,2631.0
2022-08-21T14:00:00Z,1801.0
2022-08-21T15:00:00Z,1208.0
2022-08-21T16:00:00Z,1176.0
2022-08-21T17:00:00Z,1312.0
2022-08-21T18:00:00Z,1463.0
2022-08-21T19:00:00Z,1562.0
2022-08-21T20:00:00Z,1660.0
2022-08-21T21:00:00Z,1649.0
2022-08-21T22:00:00Z,1709.0
2022-08-21T23:00:00Z,1543.0
2022-08-22T00:00:00Z,1561.0
2022-08-22T01:00:00Z,1911.0
2022-08-22T02:00:00Z,2537.0
2022-08-22T03:00:00Z,2924.0
2022-08-22T04:00:00Z,3233.0
2022-08-22T05:00:00Z,3401.0
2022-08-22T06:00:00Z,3537.0
2022-08-22T07:00:00Z,3696.0
2022-08-22T08:00:00Z,3869.0
2022-08-22T09:00:00Z,4084.0
2022-08-22T10:00:00Z,4141.0
2022-08-22T11:00:00Z,3774.0
2022-08-22T12:00:00Z,3551.0
2022-08-22T13:00:00Z,3450.0
2022-08-22T14:00:00Z,2420.0
2022-08-22T15:00:00Z,1350.0
2022-08-22T16:00:00Z,1346.0
2022-08-22T17:00:00Z,1251.0
2022-08-22T18:00:00Z,1232.0
2022-08-22T19:00:00Z,1230.0
2022-08-22T20:00:00Z,1230.0
2022-08-22T21:00:00Z,1295.0
2022-08-22T22:00:00Z,1237.0
2022-08-22T23:00:00Z,1174.0
2022-08-23T00:00:00Z,1216.0
2022-08-23T01:00:00Z,1433.0
2022-08-23T02:00:00Z,2423.0
2022-08-23T03:00:00Z,3561.0
2022-08-23T04:00:00Z,4188.0
2022-08-23T05:00:00Z,4300.0
2022-08-23T06:00:00Z,4217.0
2022-08-23T07:00:00Z,4250.0
2022-08-23T08:00:00Z,4329.0
2022-08-23T09:00:00Z,4437.0
2022-08-23T10:00:00Z,4081.0
2022-08-23T11:00:00Z,3850.0
2022-08-23T12:00:00Z,3810.0
2022-08-23T13:00:00Z,3552.0
2022-08-23T14:00:00Z,2791.0
2022-08-23T15:00:00Z,1804.0
2022-08-23T16:00:00Z,1818.0
2022-08-23T17:00:00Z,2421.0
2022-08-23T18:00:00Z,2928.0
2022-08-23T19:00:00Z,2911.0
2022-08-23T20:00:00Z,2686.0
2022-08-23T21:00:00Z,2365.0
2022-08-23T22:00:00Z,2201.0
2022-08-23T23:00:00Z,2099.0
2022-08-24T00:00:00Z,2306.0
2022-08-24T01:00:00Z,3230.0
2022-08-24T02:00:00Z,4612.0
2022-08-24T03:00:00Z,5622.0
2022-08-24T04:00:00Z,6387.0
2022-08-24T05:00:00Z,6642.0
2022-08-24T06:00:00Z,6834.0
2022-08-24T07:00:00Z,7434.0
2022-08-24T08:00:00Z,8169.0
2022-08-24T09:00:00Z,8153.0
2022-08-24T10:00:00Z,8098.0
2022-08-24T11:00:00Z,7647.0
2022-08-24T12:00:00Z,7184.0
2022-08-24T13:00:00Z,6977.0
2022-08-24T14:00:00Z,6532.0
2022-08-24T15:00:00Z,5418.0
2022-08-24T16:00:00Z,4944.0
2022-08-24T17:00:00Z,4771.0
2022-08-24T18:00:00Z,4394.0
2022-08-24T19:00:00Z,4188.0
2022-08-24T20:00:00Z,4273.0
2022-08-24T21:00:00Z,4329.0
2022-08-24T22:00:00Z,4547.0
2022-08-24T23:00:00Z,4369.0
2022-08-25T00:00:00Z,4130.0
2022-08-25T01:00:00Z,3891.0
2022-08-25T02:00:00Z,4074.0
2022-08-25T03:00:00Z,4946.0
2022-08-25T04:00:00Z,6240.0
2022-08-25T05:00:00Z,7014.0
2022-08-25T06:00:00Z,6339.0
2022-08-25T07:00:00Z,5537.0
2022-08-25T08:00:00Z,4791.0
2022-08-25T09:00:00Z,4352.0
2022-08-25T10:00:00Z,4477.0
2022-08-25T11:00:00Z,4724.0
2022-08-25T12:00:00Z,4798.0
2022-08-25T13:00:00Z,4361.0
2022-08-25T14:00:00Z,3659.0
2022-08-25T15:00:00Z,3078.0
2022-08-25T16:00:00Z,2705.0
2022-08-25T17:00:00Z,2720.0
2022-08-25T18:00:00Z,2939.0
2022-08-25T19:00:00Z,3265.0
2022-08-25T20:00:00Z,3547.0
2022-08-25T21:00:00Z,3564.0
2022-08-25T22:00:00Z,3200.0
2022-08-25T23:00:00Z,3154.0
2022-08-26T00:00:00Z,2735.0
2022-08-26T01:00:00Z,2359.0
2022-08-26T02:00:00Z,2407.0
2022-08-26T03:00:00Z,2671.0
2022-08-26T04:00:00Z,2968.0
2022-08-26T05:00:00Z,2911.0
2022-08-26T06:00:00Z,2996.0
2022-08-26T07:00:00Z,3106.0
2022-08-26T08:00:00Z,2883.0
2022-08-26T09:00:00Z,2502.0
2022-08-26T10:00:00Z,2493.0
2022-08-26T11:00:00Z,2665.0
2022-08-26T12:00:00Z,2628.0
2022-08-26T13:00:00Z,2777.0
2022-08-26T14:00:00Z,2452.0
2022-08-26T15:00:00Z,2501.0
2022-08-26T16:00:00Z,3029.0
2022-08-26T17:00:00Z,3348.0
2022-08-26T18:00:00Z,3515.0
2022-08-26T19:00:00Z,3703.0
2022-08-26T20:00:00Z,4617.0
2022-08-26T21:00:00Z,5551.0
2022-08-26T22:00:00Z,6554.0
2022-08-26T23:00:00Z,6887.0
2022-08-27T00:00:00Z,7375.0
2022-08-27T01:00:00Z,7721.0
2022-08-27T02:00:00Z,9696.0
2022-08-27T03:00:00Z,12243.0
2022-08-27T04:00:00Z,13618.0
2022-08-27T05:00:00Z,14174.0
2022-08-27T06:00:00Z,14008.0
2022-08-27T07:00:00Z,14080.0
2022-08-27T08:00:00Z,13884.0
2022-08-27T09:00:00Z,13964.0
2022-08-27T10:00:00Z,13522.0
2022-08-27T11:00:00Z,12775.0
2022-08-27T12:00:00Z,13052.0
2022-08-27T13:00:00Z,13508.0
2022-08-27T14:00:00Z,12624.0
2022-08-27T15:00:00Z,11605.0
2022-08-27T16:00:00Z,11092.0
2022-08-27T17:00:00Z,10716.0
2022-08-27T18:00:00Z,10325.0
2022-08-27T19:00:00Z,9093.0
2022-08-27T20:00:00Z,8214.0
2022-08-27T21:00:00Z,8193.0
2022-08-27T22:00:00Z,8648.0
2022-08-27T23:00:00Z,9166.0
2022-08-28T00:00:00Z,10395.0
2022-08-28T01:00:00Z,9870.0
2022-08-28T02:00:00Z,11440.0
2022-08-28T03:00:00Z,13346.0
2022-08-28T04:00:00Z,13712.0
2022-08-28T05:00:00Z,14990.0
2022-08-28T06:00:00Z,15733.0
2022-08-28T07:00:00Z,15560.0
2022-08-28T08:00:00Z,14779.0
2022-08-28T09:00:00Z,13956.0
2022-08-28T10:00:00Z,13594.0
2022-08-28T11:00:00Z,13663.0
2022-08-28T12:00:00Z,13755.0
2022-08-28T13:00:00Z,12952.0
2022-08-28T14:00:00Z,11312.0
2022-08-28T15:00:00Z,10876.0
2022-08-28T16:00:00Z,11750.0
2022-08-28T17:00:00Z,12755.0
2022-08-28T18:00:00Z,14563.0
2022-08-28T19:00:00Z,15813.0
2022-08-28T20:00:00Z,16232.0
2022-08-28T21:00:00Z,16827.0
2022-08-28T22:00:00Z,17257.0
2022-08-28T23:00:00Z,16235.0
2022-08-29T00:00:00Z,13279.0
2022-08-29T01:00:00Z,11850.0
2022-08-29T02:00:00Z,13314.0
2022-08-29T03:00:00Z,14793.0
2022-08-29T04:00:00Z,16264.0
2022-08-29T05:00:00Z,15896.0
2022-08-29T06:00:00Z,15509.0
2022-08-29T07:00:00Z,14668.0
2022-08-29T08:00:00Z,13051.0
2022-08-29T09:00:00Z,11781.0
2022-08-29T10:00:00Z,12283.0
2022-08-29T11:00:00Z,13420.0
2022-08-29T12:00:00Z,13617.0
2022-08-29T13:00:00Z,12494.0
2022-08-29T14:00:00Z,10666.0
2022-08-29T15:00:00Z,9967.0
2022-08-29T16:00:00Z,10487.0
2022-08-29T17:00:00Z,12141.0
2022-08-29T18:00:00Z,12939.0
2022-08-29T19:00:00Z,12928.0
2022-08-29T20:00:00Z,13316.0
2022-08-29T21:00:00Z,13434.0
2022-08-29T22:00:00Z,12868.0
2022-08-29T23:00:00Z,12363.0
2022-08-30T00:00:00Z,10532.0
2022-08-30T01:00:00Z,10047.0
2022-08-30T02:00:00Z,9876.0
2022-08-30T03:00:00Z,10110.0
2022-08-30T04:00:00Z,10581.0
2022-08-30T05:00:00Z,11284.0
2022-08-30T06:00:00Z,10837.0
2022-08-30T07:00:00Z,10564.0
2022-08-30T08:00:00Z,10224.0
2022-08-30T09:00:00Z,9257.0
2022-08-30T10:00:00Z,8913.0
2022-08-30T11:00:00Z,9193.0
2022-08-30T12:00:00Z,9363.0
2022-08-30T13:00:00Z,9860.0
2022-08-30T14:00:00Z,7807.0
2022-08-30T15:00:00Z,5288.0
2022-08-30T16:00:00Z,5585.0
2022-08-30T17:00:00Z,8485.0
2022-08-30T18:00:00Z,11651.0
2022-08-30T19:00:00Z,12038.0
2022-08-30T20:00:00Z,10886.0
2022-08-30T21:00:00Z,9495.0
2022-08-30T22:00:00Z,8236.0
2022-08-30T23:00:00Z,6852.0
2022-08-31T00:00:00Z,4827.0
2022-08-31T01:00:00Z,3903.0
2022-08-31T02:00:00Z,3818.0
2022-08-31T03:00:00Z,4089.0
2022-08-31T04:00:00Z,4598.0
2022-08-31T05:00:00Z,4480.0
2022-08-31T06:00:00Z,4977.0
2022-08-31T07:00:00Z,6218.0
2022-08-31T08:00:00Z,7933.0
2022-08-31T09:00:00Z,9425.0
2022-08-31T10:00:00Z,9971.0
2022-08-31T11:00:00Z,9728.0
2022-08-31T12:00:00Z,9385.0
2022-08-31T13:00:00Z,9164.0
2022-08-31T14:00:00Z,7881.0
2022-08-31T15:00:00Z,4576.0
2022-08-31T16:00:00Z,3483.0
2022-08-31T17:00:00Z,4350.0
2022-08-31T18:00:00Z,5128.0
2022-08-31T19:00:00Z,5375.0
2022-08-31T20:00:00Z,5686.0
2022-08-31T21:00:00Z,5905.0
2022-08-31T22:00:00Z,5912.0
2022-08-31T23:00:00Z,5472.0
2022-09-01T00:00:00Z,4258.0
2022-09-01T01:00:00Z,4738.0
2022-09-01T02:00:00Z,5804.0
2022-09-01T03:00:00Z,7164.0
2022-09-01T04:00:00Z,8473.0
2022-09-01T05:00:00Z,8875.0
2022-09-01T06:00:00Z,7983.0
2022-09-01T07:00:00Z,7186.0
2022-09-01T08:00:00Z,6666.0
2022-09-01T09:00:00Z,6282.0
2022-09-01T10:00:00Z,6050.0
2022-09-01T11:00:00Z,5904.0
2022-09-01T12:00:00Z,5911.0
2022-09-01T13:00:00Z,6155.0
2022-09-01T14:00:00Z,5595.0
2022-09-01T15:00:00Z,4113.0
2022-09-01T16:00:00Z,3250.0
2022-09-01T17:00:00Z,3255.0
2022-09-01T18:00:00Z,3803.0
2022-09-01T19:00:00Z,4514.0
2022-09-01T20:00:00Z,4870.0
2022-09-01T21:00:00Z,5329.0
2022-09-01T22:00:00Z,5887.0
2022-09-01T23:00:00Z,6314.0
2022-09-02T00:00:00Z,6216.0
2022-09-02T01:00:00Z,7295.0
2022-09-02T02:00:00Z,10820.0
2022-09-02T03:00:00Z,13719.0
2022-09-02T04:00:00Z,14845.0
2022-09-02T05:00:00Z,15324.0
2022-09-02T06:00:00Z,15870.0
2022-09-02T07:00:00Z,15905.0
2022-09-02T08:00:00Z,15930.0
2022-09-02T09:00:00Z,15764.0
2022-09-02T10:00:00Z,15574.0
2022-09-02T11:00:00Z,15060.0
2022-09-02T12:00:00Z,14656.0
2022-09-02T13:00:00Z,13446.0
2022-09-02T14:00:00Z,9767.0
2022-09-02T15:00:00Z,7543.0
2022-09-02T16:00:00Z,7302.0
2022-09-02T17:00:00Z,7286.0
2022-09-02T18:00:00Z,7609.0
2022-09-02T19:00:00Z,8051.0
2022-09-02T20:00:00Z,7748.0
2022-09-02T21:00:00Z,7222.0
2022-09-02T22:00:00Z,6929.0
2022-09-02T23:00:00Z,6745.0
2022-09-03T00:00:00Z,6925.0
2022-09-03T01:00:00Z,7536.0
2022-09-03T02:00:00Z,9577.0
2022-09-03T03:00:00Z,11420.0
2022-09-03T04:00:00Z,12458.0
2022-09-03T05:00:00Z,12676.0
2022-09-03T06:00:00Z,12461.0
2022-09-03T07:00:00Z,11621.0
2022-09-03T08:00:00Z,10864.0
2022-09-03T09:00:00Z,10617.0
2022-09-03T10:00:00Z,10224.0
2022-09-03T11:00:00Z,9732.0
2022-09-03T12:00:00Z,9529.0
2022-09-03T13:00:00Z,9131.0
2022-09-03T14:00:00Z,7002.0
2022-09-03T15:00:00Z,5551.0
2022-09-03T16:00:00Z,4845.0
2022-09-03T17:00:00Z,5230.0
2022-09-03T18:00:00Z,6230.0
2022-09-03T19:00:00Z,6900.0
2022-09-03T20:00:00Z,6947.0
2022-09-03T21:00:00Z,6996.0
2022-09-03T22:00:00Z,7398.0
2022-09-03T23:00:00Z,7810.0
2022-09-04T00:00:00Z,7220.0
2022-09-04T01:00:00Z,6699.0
2022-09-04T02:00:00Z,8659.0
2022-09-04T03:00:00Z,9899.0
2022-09-04T04:00:00Z,9822.0
2022-09-04T05:00:00Z,9587.0
2022-09-04T06:00:00Z,8559.0
2022-09-04T07:00:00Z,7790.0
2022-09-04T08:00:00Z,7288.0
2022-09-04T09:00:00Z,7061.0
2022-09-04T10:00:00Z,6588.0
2022-09-04T11:00:00Z,6157.0
2022-09-04T12:00:00Z,5909.0
2022-09-04T13:00:00Z,5896.0
2022-09-04T14:00:00Z,5402.0
2022-09-04T15:00:00Z,4664.0
2022-09-04T16:00:00Z,4512.0
2022-09-04T17:00:00Z,5027.0
2022-09-04T18:00:00Z,5416.0
2022-09-04T19:00:00Z,5989.0
2022-09-04T20:00:00Z,5921.0
2022-09-04T21:00:00Z,5550.0
2022-09-04T22:00:00Z,5357.0
2022-09-04T23:00:00Z,5275.0
2022-09-05T00:00:00Z,5123.0
2022-09-05T01:00:00Z,5539.0
2022-09-05T02:00:00Z,7221.0
2022-09-05T03:00:00Z,8627.0
2022-09-05T04:00:00Z,9016.0
2022-09-05T05:00:00Z,9329.0
2022-09-05T06:00:00Z,9353.0
2022-09-05T07:00:00Z,8876.0
2022-09-05T08:00:00Z,8396.0
2022-09-05T09:00:00Z,7679.0
2022-09-05T10:00:00Z,7054.0
2022-09-05T11:00:00Z,6178.0
2022-09-05T12:00:00Z,5917.0
2022-09-05T13:00:00Z,5651.0
2022-09-05T14:00:00Z,4841.0
2022-09-05T15:00:00Z,4254.0
2022-09-05T16:00:00Z,4343.0
2022-09-05T17:00:00Z,4523.0
2022-09-05T18:00:00Z,4517.0
2022-09-05T19:00:00Z,4436.0
2022-09-05T20:00:00Z,4549.0
2022-09-05T21:00:00Z,4987.0
2022-09-05T22:00:00Z,5411.0
2022-09-05T23:00:00Z,5700.0
2022-09-06T00:00:00Z,5400.0
2022-09-06T01:00:00Z,5070.0
2022-09-06T02:00:00Z,6985.0
2022-09-06T03:00:00Z,9062.0
2022-09-06T04:00:00Z,10189.0
2022-09-06T05:00:00Z,10835.0
2022-09-06T06:00:00Z,10373.0
2022-09-06T07:00:00Z,9956.0
2022-09-06T08:00:00Z,9361.0
2022-09-06T09:00:00Z,8812.0
2022-09-06T10:00:00Z,8420.0
2022-09-06T11:00:00Z,8133.0
2022-09-06T12:00:00Z,7682.0
2022-09-06T13:00:00Z,7371.0
2022-09-06T14:00:00Z,5962.0
2022-09-06T15:00:00Z,4461.0
2022-09-06T16:00:00Z,4010.0
2022-09-06T17:00:00Z,3560.0
2022-09-06T18:00:00Z,3382.0
2022-09-06T19:00:00Z,3436.0
2022-09-06T20:00:00Z,3407.0
2022-09-06T21:00:00Z,3088.0
2022-09-06T22:00:00Z,2616.0
2022-09-06T23:00:00Z,2143.0
2022-09-07T00:00:00Z,1977.0
2022-09-07T01:00:00Z,2065.0
2022-09-07T02:00:00Z,2731.0
2022-09-07T03:00:00Z,3360.0
2022-09-07T04:00:00Z,3680.0
2022-09-07T05:00:00Z,4021.0
2022-09-07T06:00:00Z,4056.0
2022-09-07T07:00:00Z,3947.0
2022-09-07T08:00:00Z,3827.0
2022-09-07T09:00:00Z,3552.0
2022-09-07T10:00:00Z,3040.0
2022-09-07T11:00:00Z,2843.0
2022-09-07T12:00:00Z,2847.0
2022-09-07T13:00:00Z,2776.0
2022-09-07T14:00:00Z,2496.0
2022-09-07T15:00:00Z,2052.0
2022-09-07T16:00:00Z,1984.0
2022-09-07T17:00:00Z,2261.0
2022-09-07T18:00:00Z,3013.0
2022-09-07T19:00:00Z,3575.0
2022-09-07T20:00:00Z,3855.0
2022-09-07T21:00:00Z,4004.0
2022-09-07T22:00:00Z,4385.0
2022-09-07T23:00:00Z,4694.0
2022-09-08T00:00:00Z,4725.0
2022-09-08T01:00:00Z,5596.0
2022-09-08T02:00:00Z,7741.0
2022-09-08T03:00:00Z,8860.0
2022-09-08T04:00:00Z,9277.0
2022-09-08T05:00:00Z,9767.0
2022-09-08T06:00:00Z,10223.0
2022-09-08T07:00:00Z,10370.0
2022-09-08T08:00:00Z,10798.0
2022-09-08T09:00:00Z,11100.0
2022-09-08T10:00:00Z,11844.0
2022-09-08T11:00:00Z,12179.0
2022-09-08T12:00:00Z,12505.0
2022-09-08T13:00:00Z,12986.0
2022-09-08T14:00:00Z,12955.0
2022-09-08T15:00:00Z,11909.0
2022-09-08T16:00:00Z,12009.0
2022-09-08T17:00:00Z,13639.0
2022-09-08T18:00:00Z,14863.0
2022-09-08T19:00:00Z,15383.0
2022-09-08T20:00:00Z,15221.0
2022-09-08T21:00:00Z,15103.0
2022-09-08T22:00:00Z,14561.0
2022-09-08T23:00:00Z,13437.0
2022-09-09T00:00:00Z,12332.0
2022-09-09T01:00:00Z,12838.0
2022-09-09T02:00:00Z,14070.0
2022-09-09T03:00:00Z,14837.0
2022-09-09T04:00:00Z,14646.0
2022-09-09T05:00:00Z,14520.0
2022-09-09T06:00:00Z,15186.0
2022-09-09T07:00:00Z,15633.0
2022-09-09T08:00:00Z,15706.0
2022-09-09T09:00:00Z,15275.0
2022-09-09T10:00:00Z,14971.0
2022-09-09T11:00:00Z,13576.0
2022-09-09T12:00:00Z,12823.0
2022-09-09T13:00:00Z,12536.0
2022-09-09T14:00:00Z,10160.0
2022-09-09T15:00:00Z,6977.0
2022-09-09T16:00:00Z,5296.0
2022-09-09T17:00:00Z,5356.0
2022-09-09T18:00:00Z,6502.0
2022-09-09T19:00:00Z,7604.0
2022-09-09T20:00:00Z,8772.0
2022-09-09T21:00:00Z,7037.0
2022-09-09T22:00:00Z,6298.0
2022-09-09T23:00:00Z,6779.0
2022-09-10T00:00:00Z,7005.0
2022-09-10T01:00:00Z,7412.0
2022-09-10T02:00:00Z,7973.0
2022-09-10T03:00:00Z,7730.0
2022-09-10T04:00:00Z,7979.0
2022-09-10T05:00:00Z,8309.0
2022-09-10T06:00:00Z,8500.0
2022-09-10T07:00:00Z,8490.0
2022-09-10T08:00:00Z,7787.0
2022-09-10T09:00:00Z,7051.0
2022-09-10T10:00:00Z,7183.0
2022-09-10T11:00:00Z,7285.0
2022-09-10T12:00:00Z,7431.0
2022-09-10T13:00:00Z,7107.0
2022-09-10T14:00:00Z,5781.0
2022-09-10T15:00:00Z,3931.0
2022-09-10T16:00:00Z,3471.0
2022-09-10T17:00:00Z,4123.0
2022-09-10T18:00:00Z,4995.0
2022-09-10T19:00:00Z,5608.0
2022-09-10T20:00:00Z,6029.0
2022-09-10T21:00:00Z,6185.0
2022-09-10T22:00:00Z,6015.0
2022-09-10T23:00:00Z,5553.0
2022-09-11T00:00:00Z,4499.0
2022-09-11T01:00:00Z,3820.0
2022-09-11T02:00:00Z,4205.0
2022-09-11T03:00:00Z,3889.0
2022-09-11T04:00:00Z,3741.0
2022-09-11T05:00:00Z,4126.0
2022-09-11T06:00:00Z,4480.0
2022-09-11T07:00:00Z,4466.0
2022-09-11T08:00:00Z,4725.0
2022-09-11T09:00:00Z,4947.0
2022-09-11T10:00:00Z,5398.0
2022-09-11T11:00:00Z,5507.0
2022-09-11T12:00:00Z,5623.0
2022-09-11T13:00:00Z,5954.0
2022-09-11T14:00:00Z,5697.0
2022-09-11T15:00:00Z,4125.0
2022-09-11T16:00:00Z,3905.0
2022-09-11T17:00:00Z,5375.0
2022-09-11T18:00:00Z,6386.0
2022-09-11T19:00:00Z,7485.0
2022-09-11T20:00:00Z,7979.0
2022-09-11T21:00:00Z,8174.0
2022-09-11T22:00:00Z,7831.0
2022-09-11T23:00:00Z,6972.0
2022-09-12T00:00:00Z,5590.0
2022-09-12T01:00:00Z,4898.0
2022-09-12T02:00:00Z,4532.0
2022-09-12T03:00:00Z,4768.0
2022-09-12T04:00:00Z,4371.0
2022-09-12T05:00:00Z,4285.0
2022-09-12T06:00:00Z,4475.0
2022-09-12T07:00:00Z,5386.0
2022-09-12T08:00:00Z,6012.0
2022-09-12T09:00:00Z,6316.0
2022-09-12T10:00:00Z,6868.0
2022-09-12T11:00:00Z,7287.0
2022-09-12T12:00:00Z,8008.0
2022-09-12T13:00:00Z,8111.0
2022-09-12T14:00:00Z,6990.0
2022-09-12T15:00:00Z,4942.0
2022-09-12T16:00:00Z,4547.0
2022-09-12T17:00:00Z,5788.0
2022-09-12T18:00:00Z,6550.0
2022-09-12T19:00:00Z,6737.0
2022-09-12T20:00:00Z,6607.0
2022-09-12T21:00:00Z,6188.0
2022-09-12T22:00:00Z,5525.0
2022-09-12T23:00:00Z,4849.0
2022-09-13T00:00:00Z,3739.0
2022-09-13T01:00:00Z,3413.0
2022-09-13T02:00:00Z,3831.0
2022-09-13T03:00:00Z,4506.0
2022-09-13T04:00:00Z,4337.0
2022-09-13T05:00:00Z,4255.0
2022-09-13T06:00:00Z,4371.0
2022-09-13T07:00:00Z,4563.0
2022-09-13T08:00:00Z,4895.0
2022-09-13T09:00:00Z,5254.0
2022-09-13T10:00:00Z,5191.0
2022-09-13T11:00:00Z,5240.0
2022-09-13T12:00:00Z,5389.0
2022-09-13T13:00:00Z,5309.0
2022-09-13T14:00:00Z,4169.0
2022-09-13T15:00:00Z,3260.0
2022-09-13T16:00:00Z,2149.0
2022-09-13T17:00:00Z,2146.0
2022-09-13T18:00:00Z,2330.0
2022-09-13T19:00:00Z,2610.0
2022-09-13T20:00:00Z,3019.0
2022-09-13T21:00:00Z,3400.0
2022-09-13T22:00:00Z,3548.0
2022-09-13T23:00:00Z,3600.0
2022-09-14T00:00:00Z,3944.0
2022-09-14T01:00:00Z,5270.0
2022-09-14T02:00:00Z,7328.0
2022-09-14T03:00:00Z,9116.0
2022-09-14T04:00:00Z,9654.0
2022-09-14T05:00:00Z,9642.0
2022-09-14T06:00:00Z,9632.0
2022-09-14T07:00:00Z,10215.0
2022-09-14T08:00:00Z,10710.0
2022-09-14T09:00:00Z,10095.0
2022-09-14T10:00:00Z,9912.0
2022-09-14T11:00:00Z,9522.0
2022-09-14T12:00:00Z,9558.0
2022-09-14T13:00:00Z,9655.0
2022-09-14T14:00:00Z,8724.0
2022-09-14T15:00:00Z,5595.0
2022-09-14T16:00:00Z,4190.0
2022-09-14T17:00:00Z,4161.0
2022-09-14T18:00:00Z,5089.0
2022-09-14T19:00:00Z,7235.0
2022-09-14T20:00:00Z,9951.0
2022-09-14T21:00:00Z,10829.0
2022-09-14T22:00:00Z,11153.0
2022-09-14T23:00:00Z,11060.0
2022-09-15T00:00:00Z,11444.0
2022-09-15T01:00:00Z,12916.0
2022-09-15T02:00:00Z,15109.0
2022-09-15T03:00:00Z,15554.0
2022-09-15T04:00:00Z,15322.0
2022-09-15T05:00:00Z,14808.0
2022-09-15T06:00:00Z,14647.0
2022-09-15T07:00:00Z,14095.0
2022-09-15T08:00:00Z,13879.0
2022-09-15T09:00:00Z,13982.0
2022-09-15T10:00:00Z,13895.0
2022-09-15T11:00:00Z,13539.0
2022-09-15T12:00:00Z,14146.0
2022-09-15T13:00:00Z,14599.0
2022-09-15T14:00:00Z,13393.0
2022-09-15T15:00:00Z,11661.0
2022-09-15T16:00:00Z,10632.0
2022-09-15T17:00:00Z,10451.0
2022-09-15T18:00:00Z,11487.0
2022-09-15T19:00:00Z,12540.0
2022-09-15T20:00:00Z,13267.0
2022-09-15T21:00:00Z,13113.0
2022-09-15T22:00:00Z,12698.0
2022-09-15T23:00:00Z,11634.0
2022-09-16T00:00:00Z,10883.0
2022-09-16T01:00:00Z,11782.0
2022-09-16T02:00:00Z,14405.0
2022-09-16T03:00:00Z,16497.0
2022-09-16T04:00:00Z,16526.0
2022-09-16T05:00:00Z,16566.0
2022-09-16T06:00:00Z,15916.0
2022-09-16T07:00:00Z,15219.0
2022-09-16T08:00:00Z,14461.0
2022-09-16T09:00:00Z,13594.0
2022-09-16T10:00:00Z,12142.0
2022-09-16T11:00:00Z,11088.0
2022-09-16T12:00:00Z,10546.0
2022-09-16T13:00:00Z,9794.0
2022-09-16T14:00:00Z,7957.0
2022-09-16T15:00:00Z,5483.0
2022-09-16T16:00:00Z,4488.0
2022-09-16T17:00:00Z,4200.0
2022-09-16T18:00:00Z,4429.0
2022-09-16T19:00:00Z,4626.0
2022-09-16T20:00:00Z,5235.0
2022-09-16T21:00:00Z,6022.0
2022-09-16T22:00:00Z,6021.0
2022-09-16T23:00:00Z,5847.0
2022-09-17T00:00:00Z,5661.0
2022-09-17T01:00:00Z,6567.0
2022-09-17T02:00:00Z,8612.0
2022-09-17T03:00:00Z,9953.0
2022-09-17T04:00:00Z,10330.0
2022-09-17T05:00:00Z,11478.0
2022-09-17T06:00:00Z,12542.0
2022-09-17T07:00:00Z,13117.0
2022-09-17T08:00:00Z,12025.0
2022-09-17T09:00:00Z,10557.0
2022-09-17T10:00:00Z,10783.0
2022-09-17T11:00:00Z,9870.0
2022-09-17T12:00:00Z,8229.0
2022-09-17T13:00:00Z,8549.0
2022-09-17T14:00:00Z,8802.0
2022-09-17T15:00:00Z,8179.0
2022-09-17T16:00:00Z,8087.0
2022-09-17T17:00:00Z,9564.0
2022-09-17T18:00:00Z,10993.0
2022-09-17T19:00:00Z,10437.0
2022-09-17T20:00:00Z,9467.0
2022-09-17T21:00:00Z,9996.0
2022-09-17T22:00:00Z,10403.0
2022-09-17T23:00:00Z,10026.0
2022-09-18T00:00:00Z,9148.0
2022-09-18T01:00:00Z,8617.0
2022-09-18T02:00:00Z,9461.0
2022-09-18T03:00:00Z,11312.0
2022-09-18T04:00:00Z,12227.0
2022-09-18T05:00:00Z,11986.0
2022-09-18T06:00:00Z,10610.0
2022-09-18T07:00:00Z,9500.0
2022-09-18T08:00:00Z,8815.0
2022-09-18T09:00:00Z,8406.0
2022-09-18T10:00:00Z,8070.0
2022-09-18T11:00:00Z,7346.0
2022-09-18T12:00:00Z,6333.0
2022-09-18T13:00:00Z,5773.0
2022-09-18T14:00:00Z,4877.0
2022-09-18T15:00:00Z,3898.0
2022-09-18T16:00:00Z,3681.0
2022-09-18T17:00:00Z,3612.0
2022-09-18T18:00:00Z,3485.0
2022-09-18T19:00:00Z,3043.0
2022-09-18T20:00:00Z,2937.0
2022-09-18T21:00:00Z,2959.0
2022-09-18T22:00:00Z,2841.0
2022-09-18T23:00:00Z,3145.0
2022-09-19T00:00:00Z,3486.0
2022-09-19T01:00:00Z,4676.0
2022-09-19T02:00:00Z,6487.0
2022-09-19T03:00:00Z,8070.0
2022-09-19T04:00:00Z,8323.0
2022-09-19T05:00:00Z,8007.0
2022-09-19T06:00:00Z,7568.0
2022-09-19T07:00:00Z,6391.0
2022-09-19T08:00:00Z,5808.0
2022-09-19T09:00:00Z,5465.0
2022-09-19T10:00:00Z,5665.0
2022-09-19T11:00:00Z,6106.0
2022-09-19T12:00:00Z,7282.0
2022-09-19T13:00:00Z,8535.0
2022-09-19T14:00:00Z,8719.0
2022-09-19T15:00:00Z,6997.0
2022-09-19T16:00:00Z,7133.0
2022-09-19T17:00:00Z,8105.0
2022-09-19T18:00:00Z,8945.0
2022-09-19T19:00:00Z,9720.0
2022-09-19T20:00:00Z,10154.0
2022-09-19T21:00:00Z,10756.0
2022-09-19T22:00:00Z,10450.0
2022-09-19T23:00:00Z,9596.0
2022-09-20T00:00:00Z,9168.0
2022-09-20T01:00:00Z,9753.0
2022-09-20T02:00:00Z,12450.0
2022-09-20T03:00:00Z,13730.0
2022-09-20T04:00:00Z,14583.0
2022-09-20T05:00:00Z,14911.0
2022-09-20T06:00:00Z,14747.0
2022-09-20T07:00:00Z,14913.0
2022-09-20T08:00:00Z,14769.0
2022-09-20T09:00:00Z,13962.0
2022-09-20T10:00:00Z,13667.0
2022-09-20T11:00:00Z,13708.0
2022-09-20T12:00:00Z,13485.0
2022-09-20T13:00:00Z,12547.0
2022-09-20T14:00:00Z,10842.0
2022-09-20T15:00:00Z,8669.0
2022-09-20T16:00:00Z,7822.0
2022-09-20T17:00:00Z,7593.0
2022-09-20T18:00:00Z,7731.0
2022-09-20T19:00:00Z,8168.0
2022-09-20T20:00:00Z,9608.0
2022-09-20T21:00:00Z,10865.0
2022-09-20T22:00:00Z,11687.0
2022-09-20T23:00:00Z,11404.0
2022-09-21T00:00:00Z,11332.0
2022-09-21T01:00:00Z,12542.0
2022-09-21T02:00:00Z,14626.0
2022-09-21T03:00:00Z,16392.0
2022-09-21T04:00:00Z,17251.0
2022-09-21T05:00:00Z,16890.0
2022-09-21T06:00:00Z,16009.0
2022-09-21T07:00:00Z,15331.0
2022-09-21T08:00:00Z,15143.0
2022-09-21T09:00:00Z,15447.0
2022-09-21T10:00:00Z,15545.0
2022-09-21T11:00:00Z,16405.0
2022-09-21T12:00:00Z,17563.0
2022-09-21T13:00:00Z,17970.0
2022-09-21T14:00:00Z,16356.0
2022-09-21T15:00:00Z,15034.0
2022-09-21T16:00:00Z,14337.0
2022-09-21T17:00:00Z,12892.0
2022-09-21T18:00:00Z,13314.0
2022-09-21T19:00:00Z,14818.0
2022-09-21T20:00:00Z,14352.0
2022-09-21T21:00:00Z,13888.0
2022-09-21T22:00:00Z,14340.0
2022-09-21T23:00:00Z,14274.0
2022-09-22T00:00:00Z,14445.0
2022-09-22T01:00:00Z,13477.0
2022-09-22T02:00:00Z,14171.0
2022-09-22T03:00:00Z,14996.0
2022-09-22T04:00:00Z,15322.0
2022-09-22T05:00:00Z,14593.0
2022-09-22T06:00:00Z,13181.0
2022-09-22T07:00:00Z,12576.0
2022-09-22T08:00:00Z,11481.0
2022-09-22T09:00:00Z,11128.0
2022-09-22T10:00:00Z,11250.0
2022-09-22T11:00:00Z,10566.0
2022-09-22T12:00:00Z,9608.0
2022-09-22T13:00:00Z,9257.0
2022-09-22T14:00:00Z,8120.0
2022-09-22T15:00:00Z,7206.0
2022-09-22T16:00:00Z,7555.0
2022-09-22T17:00:00Z,7192.0
2022-09-22T18:00:00Z,6623.0
2022-09-22T19:00:00Z,6126.0
2022-09-22T20:00:00Z,5915.0
2022-09-22T21:00:00Z,5924.0
2022-09-22T22:00:00Z,5981.0
2022-09-22T23:00:00Z,5712.0
2022-09-23T00:00:00Z,5364.0
2022-09-23T01:00:00Z,5850.0
2022-09-23T02:00:00Z,7350.0
2022-09-23T03:00:00Z,8648.0
2022-09-23T04:00:00Z,9609.0
2022-09-23T05:00:00Z,10897.0
2022-09-23T06:00:00Z,11491.0
2022-09-23T07:00:00Z,11233.0
2022-09-23T08:00:00Z,10750.0
2022-09-23T09:00:00Z,10960.0
2022-09-23T10:00:00Z,11298.0
2022-09-23T11:00:00Z,11538.0
2022-09-23T12:00:00Z,11985.0
2022-09-23T13:00:00Z,12982.0
2022-09-23T14:00:00Z,12442.0
2022-09-23T15:00:00Z,11687.0
2022-09-23T16:00:00Z,11922.0
2022-09-23T17:00:00Z,12236.0
2022-09-23T18:00:00Z,13342.0
2022-09-23T19:00:00Z,13763.0
2022-09-23T20:00:00Z,13588.0
2022-09-23T21:00:00Z,14148.0
2022-09-23T22:00:00Z,13758.0
2022-09-23T23:00:00Z,12010.0
2022-09-24T00:00:00Z,10009.0
2022-09-24T01:00:00Z,8445.0
2022-09-24T02:00:00Z,8555.0
2022-09-24T03:00:00Z,9016.0
2022-09-24T04:00:00Z,8944.0
2022-09-24T05:00:00Z,8607.0
2022-09-24T06:00:00Z,8212.0
2022-09-24T07:00:00Z,8038.0
2022-09-24T08:00:00Z,8364.0
2022-09-24T09:00:00Z,8308.0
2022-09-24T10:00:00Z,8103.0
2022-09-24T11:00:00Z,8257.0
2022-09-24T12:00:00Z,8770.0
2022-09-24T13:00:00Z,8728.0
2022-09-24T14:00:00Z,7591.0
2022-09-24T15:00:00Z,6067.0
2022-09-24T16:00:00Z,6041.0
2022-09-24T17:00:00Z,7559.0
2022-09-24T18:00:00Z,10439.0
2022-09-24T19:00:00Z,12377.0
2022-09-24T20:00:00Z,14107.0
2022-09-24T21:00:00Z,14725.0
2022-09-24T22:00:00Z,15124.0
2022-09-24T23:00:00Z,14622.0
2022-09-25T00:00:00Z,13211.0
2022-09-25T01:00:00Z,13281.0
2022-09-25T02:00:00Z,13375.0
2022-09-25T03:00:00Z,13835.0
2022-09-25T04:00:00Z,13646.0
2022-09-25T05:00:00Z,13501.0
2022-09-25T06:00:00Z,12652.0
2022-09-25T07:00:00Z,13447.0
2022-09-25T08:00:00Z,14295.0
2022-09-25T09:00:00Z,14387.0
2022-09-25T10:00:00Z,14183.0
2022-09-25T11:00:00Z,14054.0
2022-09-25T12:00:00Z,15123.0
2022-09-25T13:00:00Z,15605.0
2022-09-25T14:00:00Z,14701.0
2022-09-25T15:00:00Z,14125.0
2022-09-25T16:00:00Z,15608.0
2022-09-25T17:00:00Z,16252.0
2022-09-25T18:00:00Z,16880.0
2022-09-25T19:00:00Z,16675.0
2022-09-25T20:00:00Z,17213.0
2022-09-25T21:00:00Z,17436.0
2022-09-25T22:00:00Z,17493.0
2022-09-25T23:00:00Z,17508.0
2022-09-26T00:00:00Z,17230.0
2022-09-26T01:00:00Z,16018.0
2022-09-26T02:00:00Z,15621.0
2022-09-26T03:00:00Z,14855.0
2022-09-26T04:00:00Z,14736.0
2022-09-26T05:00:00Z,14805.0
2022-09-26T06:00:00Z,13967.0
2022-09-26T07:00:00Z,13408.0
2022-09-26T08:00:00Z,13163.0
2022-09-26T09:00:00Z,13832.0
2022-09-26T10:00:00Z,13265.0
2022-09-26T11:00:00Z,13030.0
2022-09-26T12:00:00Z,12783.0
2022-09-26T13:00:00Z,12174.0
2022-09-26T14:00:00Z,11185.0
2022-09-26T15:00:00Z,9758.0
2022-09-26T16:00:00Z,10540.0
2022-09-26T17:00:00Z,13967.0
2022-09-26T18:00:00Z,15553.0
2022-09-26T19:00:00Z,16041.0
2022-09-26T20:00:00Z,16050.0
2022-09-26T21:00:00Z,15850.0
2022-09-26T22:00:00Z,15250.0
2022-09-26T23:00:00Z,13184.0
2022-09-27T00:00:00Z,9641.0
2022-09-27T01:00:00Z,8218.0
2022-09-27T02:00:00Z,7989.0
2022-09-27T03:00:00Z,7195.0
2022-09-27T04:00:00Z,6448.0
2022-09-27T05:00:00Z,5661.0
2022-09-27T06:00:00Z,5136.0
2022-09-27T07:00:00Z,4824.0
2022-09-27T08:00:00Z,5099.0
2022-09-27T09:00:00Z,5204.0
2022-09-27T10:00:00Z,4831.0
2022-09-27T11:00:00Z,5491.0
2022-09-27T12:00:00Z,6362.0
2022-09-27T13:00:00Z,6617.0
2022-09-27T14:00:00Z,6360.0
2022-09-27T15:00:00Z,5107.0
2022-09-27T16:00:00Z,5905.0
2022-09-27T17:00:00Z,6398.0
2022-09-27T18:00:00Z,6804.0
2022-09-27T19:00:00Z,7300.0
2022-09-27T20:00:00Z,7773.0
2022-09-27T21:00:00Z,8234.0
2022-09-27T22:00:00Z,8411.0
2022-09-27T23:00:00Z,8211.0
2022-09-28T00:00:00Z,7424.0
2022-09-28T01:00:00Z,8786.0
2022-09-28T02:00:00Z,11209.0
2022-09-28T03:00:00Z,12743.0
2022-09-28T04:00:00Z,12890.0
2022-09-28T05:00:00Z,11712.0
2022-09-28T06:00:00Z,10714.0
2022-09-28T07:00:00Z,10033.0
2022-09-28T08:00:00Z,9187.0
2022-09-28T09:00:00Z,8519.0
2022-09-28T10:00:00Z,7984.0
2022-09-28T11:00:00Z,7747.0
2022-09-28T12:00:00Z,7868.0
2022-09-28T13:00:00Z,8073.0
2022-09-28T14:00:00Z,7842.0
2022-09-28T15:00:00Z,5850.0
2022-09-28T16:00:00Z,5946.0
2022-09-28T17:00:00Z,5705.0
2022-09-28T18:00:00Z,5108.0
2022-09-28T19:00:00Z,4825.0
2022-09-28T20:00:00Z,5272.0
2022-09-28T21:00:00Z,5378.0
2022-09-28T22:00:00Z,5401.0
2022-09-28T23:00:00Z,5538.0
2022-09-29T00:00:00Z,5642.0
2022-09-29T01:00:00Z,7890.0
2022-09-29T02:00:00Z,10881.0
2022-09-29T03:00:00Z,13012.0
2022-09-29T04:00:00Z,13280.0
2022-09-29T05:00:00Z,13283.0
2022-09-29T06:00:00Z,12791.0
2022-09-29T07:00:00Z,12429.0
2022-09-29T08:00:00Z,12424.0
2022-09-29T09:00:00Z,12308.0
2022-09-29T10:00:00Z,12137.0
2022-09-29T11:00:00Z,12384.0
2022-09-29T12:00:00Z,12611.0
2022-09-29T13:00:00Z,13143.0
2022-09-29T14:00:00Z,12265.0
2022-09-29T15:00:00Z,10567.0
2022-09-29T16:00:00Z,10718.0
2022-09-29T17:00:00Z,10751.0
2022-09-29T18:00:00Z,11219.0
2022-09-29T19:00:00Z,11329.0
2022-09-29T20:00:00Z,11576.0
2022-09-29T21:00:00Z,11865.0
2022-09-29T22:00:00Z,11900.0
2022-09-29T23:00:00Z,12119.0
2022-09-30T00:00:00Z,11162.0
2022-09-30T01:00:00Z,11819.0
2022-09-30T02:00:00Z,13394.0
2022-09-30T03:00:00Z,14408.0
2022-09-30T04:00:00Z,14390.0
2022-09-30T05:00:00Z,13883.0
2022-09-30T06:00:00Z,13321.0
2022-09-30T07:00:00Z,13093.0
2022-09-30T08:00:00Z,12690.0
2022-09-30T09:00:00Z,12078.0
2022-09-30T10:00:00Z,12079.0
2022-09-30T11:00:00Z,11807.0
2022-09-30T12:00:00Z,11690.0
2022-09-30T13:00:00Z,11493.0
2022-09-30T14:00:00Z,10594.0
2022-09-30T15:00:00Z,7920.0
2022-09-30T16:00:00Z,8253.0
2022-09-30T17:00:00Z,8855.0
2022-09-30T18:00:00Z,9438.0
2022-09-30T19:00:00Z,10459.0
2022-09-30T20:00:00Z,10947.0
2022-09-30T21:00:00Z,11215.0
2022-09-30T22:00:00Z,11503.0
2022-09-30T23:00:00Z,10614.0
2022-10-01T00:00:00Z,9887.0
2022-10-01T01:00:00Z,10964.0
2022-10-01T02:00:00Z,12171.0
2022-10-01T03:00:00Z,12903.0
2022-10-01T04:00:00Z,12885.0
2022-10-01T05:00:00Z,12721.0
2022-10-01T06:00:00Z,12476.0
2022-10-01T07:00:00Z,11809.0
2022-10-01T08:00:00Z,11021.0
2022-10-01T09:00:00Z,9996.0
2022-10-01T10:00:00Z,8857.0
2022-10-01T11:00:00Z,8020.0
2022-10-01T12:00:00Z,7706.0
2022-10-01T13:00:00Z,7983.0
2022-10-01T14:00:00Z,7716.0
2022-10-01T15:00:00Z,5829.0
2022-10-01T16:00:00Z,5923.0
2022-10-01T17:00:00Z,7126.0
2022-10-01T18:00:00Z,8132.0
2022-10-01T19:00:00Z,8607.0
2022-10-01T20:00:00Z,8745.0
2022-10-01T21:00:00Z,8815.0
2022-10-01T22:00:00Z,9442.0
2022-10-01T23:00:00Z,9406.0
2022-10-02T00:00:00Z,9455.0
2022-10-02T01:00:00Z,11471.0
2022-10-02T02:00:00Z,13619.0
2022-10-02T03:00:00Z,14628.0
2022-10-02T04:00:00Z,14606.0
2022-10-02T05:00:00Z,14387.0
2022-10-02T06:00:00Z,14238.0
2022-10-02T07:00:00Z,13319.0
2022-10-02T08:00:00Z,12128.0
2022-10-02T09:00:00Z,10960.0
2022-10-02T10:00:00Z,10576.0
2022-10-02T11:00:00Z,9841.0
2022-10-02T12:00:00Z,9490.0
2022-10-02T13:00:00Z,8979.0
2022-10-02T14:00:00Z,8186.0
2022-10-02T15:00:00Z,6924.0
2022-10-02T16:00:00Z,6664.0
2022-10-02T17:00:00Z,6913.0
2022-10-02T18:00:00Z,6952.0
2022-10-02T19:00:00Z,7134.0
2022-10-02T20:00:00Z,7511.0
2022-10-02T21:00:00Z,7857.0
2022-10-02T22:00:00Z,8137.0
2022-10-02T23:00:00Z,8057.0
2022-10-03T00:00:00Z,7925.0
2022-10-03T01:00:00Z,10575.0
2022-10-03T02:00:00Z,13112.0
2022-10-03T03:00:00Z,14716.0
2022-10-03T04:00:00Z,14726.0
2022-10-03T05:00:00Z,14391.0
2022-10-03T06:00:00Z,14519.0
2022-10-03T07:00:00Z,14054.0
2022-10-03T08:00:00Z,13366.0
2022-10-03T09:00:00Z,12677.0
2022-10-03T10:00:00Z,12825.0
2022-10-03T11:00:00Z,12851.0
2022-10-03T12:00:00Z,12168.0
2022-10-03T13:00:00Z,12267.0
2022-10-03T14:00:00Z,10833.0
2022-10-03T15:00:00Z,8126.0
2022-10-03T16:00:00Z,6946.0
2022-10-03T17:00:00Z,7005.0
2022-10-03T18:00:00Z,7149.0
2022-10-03T19:00:00Z,6933.0
2022-10-03T20:00:00Z,7090.0
2022-10-03T21:00:00Z,7505.0
2022-10-03T22:00:00Z,7299.0
2022-10-03T23:00:00Z,6547.0
2022-10-04T00:00:00Z,6017.0
2022-10-04T01:00:00Z,7903.0
2022-10-04T02:00:00Z,10659.0
2022-10-04T03:00:00Z,11765.0
2022-10-04T04:00:00Z,11582.0
2022-10-04T05:00:00Z,11927.0
2022-10-04T06:00:00Z,11513.0
2022-10-04T07:00:00Z,10814.0
2022-10-04T08:00:00Z,10077.0
2022-10-04T09:00:00Z,9184.0
2022-10-04T10:00:00Z,8821.0
2022-10-04T11:00:00Z,8388.0
2022-10-04T12:00:00Z,8439.0
2022-10-04T13:00:00Z,8548.0
2022-10-04T14:00:00Z,7995.0
2022-10-04T15:00:00Z,5017.0
2022-10-04T16:00:00Z,3403.0
2022-10-04T17:00:00Z,3071.0
2022-10-04T18:00:00Z,3000.0
2022-10-04T19:00:00Z,3454.0
2022-10-04T20:00:00Z,3913.0
2022-10-04T21:00:00Z,4232.0
2022-10-04T22:00:00Z,4296.0
2022-10-04T23:00:00Z,4319.0
2022-10-05T00:00:00Z,4825.0
2022-10-05T01:00:00Z,6342.0
2022-10-05T02:00:00Z,7262.0
2022-10-05T03:00:00Z,6601.0
2022-10-05T04:00:00Z,5762.0
2022-10-05T05:00:00Z,5220.0
2022-10-05T06:00:00Z,5258.0
2022-10-05T07:00:00Z,5174.0
2022-10-05T08:00:00Z,4777.0
2022-10-05T09:00:00Z,4460.0
2022-10-05T10:00:00Z,4511.0
2022-10-05T11:00:00Z,4634.0
2022-10-05T12:00:00Z,4415.0
2022-10-05T13:00:00Z,4294.0
2022-10-05T14:00:00Z,3882.0
2022-10-05T15:00:00Z,2772.0
2022-10-05T16:00:00Z,2084.0
2022-10-05T17:00:00Z,2193.0
2022-10-05T18:00:00Z,2598.0
2022-10-05T19:00:00Z,3269.0
2022-10-05T20:00:00Z,4162.0
2022-10-05T21:00:00Z,4590.0
2022-10-05T22:00:00Z,4636.0
2022-10-05T23:00:00Z,4544.0
2022-10-06T00:00:00Z,4394.0
2022-10-06T01:00:00Z,4726.0
2022-10-06T02:00:00Z,5475.0
2022-10-06T03:00:00Z,5609.0
2022-10-06T04:00:00Z,6064.0
2022-10-06T05:00:00Z,6945.0
2022-10-06T06:00:00Z,7336.0
2022-10-06T07:00:00Z,8541.0
2022-10-06T08:00:00Z,9813.0
2022-10-06T09:00:00Z,10937.0
2022-10-06T10:00:00Z,11558.0
2022-10-06T11:00:00Z,12611.0
2022-10-06T12:00:00Z,13672.0
2022-10-06T13:00:00Z,14229.0
2022-10-06T14:00:00Z,14465.0
2022-10-06T15:00:00Z,13383.0
2022-10-06T16:00:00Z,13217.0
2022-10-06T17:00:00Z,13885.0
2022-10-06T18:00:00Z,15052.0
2022-10-06T19:00:00Z,15716.0
2022-10-06T20:00:00Z,16431.0
2022-10-06T21:00:00Z,17119.0
2022-10-06T22:00:00Z,17702.0
2022-10-06T23:00:00Z,17936.0
2022-10-07T00:00:00Z,15971.0
2022-10-07T01:00:00Z,14553.0
2022-10-07T02:00:00Z,15721.0
2022-10-07T03:00:00Z,15973.0
2022-10-07T04:00:00Z,14638.0
2022-10-07T05:00:00Z,13021.0
2022-10-07T06:00:00Z,11561.0
2022-10-07T07:00:00Z,10288.0
2022-10-07T08:00:00Z,9455.0
2022-10-07T09:00:00Z,9028.0
2022-10-07T10:00:00Z,8440.0
2022-10-07T11:00:00Z,7984.0
2022-10-07T12:00:00Z,7574.0
2022-10-07T13:00:00Z,7217.0
2022-10-07T14:00:00Z,6323.0
2022-10-07T15:00:00Z,5999.0
2022-10-07T16:00:00Z,5021.0
2022-10-07T17:00:00Z,4760.0
2022-10-07T18:00:00Z,4116.0
2022-10-07T19:00:00Z,3903.0
2022-10-07T20:00:00Z,3804.0
2022-10-07T21:00:00Z,3911.0
2022-10-07T22:00:00Z,3866.0
2022-10-07T23:00:00Z,3486.0
2022-10-08T00:00:00Z,2699.0
2022-10-08T01:00:00Z,2737.0
2022-10-08T02:00:00Z,3528.0
2022-10-08T03:00:00Z,3904.0
2022-10-08T04:00:00Z,3930.0
2022-10-08T05:00:00Z,3858.0
2022-10-08T06:00:00Z,4132.0
2022-10-08T07:00:00Z,4578.0
2022-10-08T08:00:00Z,4942.0
2022-10-08T09:00:00Z,5770.0
2022-10-08T10:00:00Z,6942.0
2022-10-08T11:00:00Z,8285.0
2022-10-08T12:00:00Z,9732.0
2022-10-08T13:00:00Z,10716.0
2022-10-08T14:00:00Z,10980.0
2022-10-08T15:00:00Z,8793.0
2022-10-08T16:00:00Z,8463.0
2022-10-08T17:00:00Z,11443.0
2022-10-08T18:00:00Z,12700.0
2022-10-08T19:00:00Z,13659.0
2022-10-08T20:00:00Z,14449.0
2022-10-08T21:00:00Z,14614.0
2022-10-08T22:00:00Z,14326.0
2022-10-08T23:00:00Z,12891.0
2022-10-09T00:00:00Z,9368.0
2022-10-09T01:00:00Z,8558.0
2022-10-09T02:00:00Z,9389.0
2022-10-09T03:00:00Z,10604.0
2022-10-09T04:00:00Z,11805.0
2022-10-09T05:00:00Z,12648.0
2022-10-09T06:00:00Z,12701.0
2022-10-09T07:00:00Z,12563.0
2022-10-09T08:00:00Z,12157.0
2022-10-09T09:00:00Z,11688.0
2022-10-09T10:00:00Z,11545.0
2022-10-09T11:00:00Z,11091.0
2022-10-09T12:00:00Z,10569.0
2022-10-09T13:00:00Z,10384.0
2022-10-09T14:00:00Z,9603.0
2022-10-09T15:00:00Z,6097.0
2022-10-09T16:00:00Z,4234.0
2022-10-09T17:00:00Z,4711.0
2022-10-09T18:00:00Z,6650.0
2022-10-09T19:00:00Z,8679.0
2022-10-09T20:00:00Z,9570.0
2022-10-09T21:00:00Z,9091.0
2022-10-09T22:00:00Z,7640.0
2022-10-09T23:00:00Z,5642.0
2022-10-10T00:00:00Z,4055.0
2022-10-10T01:00:00Z,4420.0
2022-10-10T02:00:00Z,5822.0
2022-10-10T03:00:00Z,6511.0
2022-10-10T04:00:00Z,6188.0
2022-10-10T05:00:00Z,6142.0
2022-10-10T06:00:00Z,5879.0
2022-10-10T07:00:00Z,5160.0
2022-10-10T08:00:00Z,4653.0
2022-10-10T09:00:00Z,4636.0
2022-10-10T10:00:00Z,4625.0
2022-10-10T11:00:00Z,4227.0
2022-10-10T12:00:00Z,3933.0
2022-10-10T13:00:00Z,3908.0
2022-10-10T14:00:00Z,3975.0
2022-10-10T15:00:00Z,2996.0
2022-10-10T16:00:00Z,2076.0
2022-10-10T17:00:00Z,2395.0
2022-10-10T18:00:00Z,3247.0
2022-10-10T19:00:00Z,4424.0
2022-10-10T20:00:00Z,5851.0
2022-10-10T21:00:00Z,6695.0
2022-10-10T22:00:00Z,7426.0
2022-10-10T23:00:00Z,7533.0
2022-10-11T00:00:00Z,7396.0
2022-10-11T01:00:00Z,11033.0
2022-10-11T02:00:00Z,14367.0
2022-10-11T03:00:00Z,16513.0
2022-10-11T04:00:00Z,17227.0
2022-10-11T05:00:00Z,18185.0
2022-10-11T06:00:00Z,18027.0
2022-10-11T07:00:00Z,17832.0
2022-10-11T08:00:00Z,18088.0
2022-10-11T09:00:00Z,17329.0
2022-10-11T10:00:00Z,17087.0
2022-10-11T11:00:00Z,17012.0
2022-10-11T12:00:00Z,17472.0
2022-10-11T13:00:00Z,18149.0
2022-10-11T14:00:00Z,18071.0
2022-10-11T15:00:00Z,17698.0
2022-10-11T16:00:00Z,17530.0
2022-10-11T17:00:00Z,17667.0
2022-10-11T18:00:00Z,18521.0
2022-10-11T19:00:00Z,19115.0
2022-10-11T20:00:00Z,19822.0
2022-10-11T21:00:00Z,19663.0
2022-10-11T22:00:00Z,20537.0
2022-10-11T23:00:00Z,20028.0
2022-10-12T00:00:00Z,19934.0
2022-10-12T01:00:00Z,20428.0
2022-10-12T02:00:00Z,20655.0
2022-10-12T03:00:00Z,21005.0
2022-10-12T04:00:00Z,20791.0
2022-10-12T05:00:00Z,20152.0
2022-10-12T06:00:00Z,18845.0
2022-10-12T07:00:00Z,17900.0
2022-10-12T08:00:00Z,17044.0
2022-10-12T09:00:00Z,16952.0
2022-10-12T10:00:00Z,17353.0
2022-10-12T11:00:00Z,18398.0
2022-10-12T12:00:00Z,18687.0
2022-10-12T13:00:00Z,17899.0
2022-10-12T14:00:00Z,17381.0
2022-10-12T15:00:00Z,16233.0
2022-10-12T16:00:00Z,16009.0
2022-10-12T17:00:00Z,16786.0
2022-10-12T18:00:00Z,18672.0
2022-10-12T19:00:00Z,20123.0
2022-10-12T20:00:00Z,20339.0
2022-10-12T21:00:00Z,20148.0
2022-10-12T22:00:00Z,19776.0
2022-10-12T23:00:00Z,18542.0
2022-10-13T00:00:00Z,16511.0
2022-10-13T01:00:00Z,13979.0
2022-10-13T02:00:00Z,12358.0
2022-10-13T03:00:00Z,13446.0
2022-10-13T04:00:00Z,14287.0
2022-10-13T05:00:00Z,15279.0
2022-10-13T06:00:00Z,15922.0
2022-10-13T07:00:00Z,15722.0
2022-10-13T08:00:00Z,15818.0
2022-10-13T09:00:00Z,15851.0
2022-10-13T10:00:00Z,16177.0
2022-10-13T11:00:00Z,16761.0
2022-10-13T12:00:00Z,17651.0
2022-10-13T13:00:00Z,18030.0
2022-10-13T14:00:00Z,17227.0
2022-10-13T15:00:00Z,16978.0
2022-10-13T16:00:00Z,18014.0
2022-10-13T17:00:00Z,19060.0
2022-10-13T18:00:00Z,19333.0
2022-10-13T19:00:00Z,19417.0
2022-10-13T20:00:00Z,19248.0
2022-10-13T21:00:00Z,18875.0
2022-10-13T22:00:00Z,18870.0
2022-10-13T23:00:00Z,17064.0
2022-10-14T00:00:00Z,12973.0
2022-10-14T01:00:00Z,8718.0
2022-10-14T02:00:00Z,6267.0
2022-10-14T03:00:00Z,5286.0
2022-10-14T04:00:00Z,5297.0
2022-10-14T05:00:00Z,6587.0
2022-10-14T06:00:00Z,8637.0
2022-10-14T07:00:00Z,10821.0
2022-10-14T08:00:00Z,12755.0
2022-10-14T09:00:00Z,14160.0
2022-10-14T10:00:00Z,14741.0
2022-10-14T11:00:00Z,14844.0
2022-10-14T12:00:00Z,15784.0
2022-10-14T13:00:00Z,16648.0
2022-10-14T14:00:00Z,15740.0
2022-10-14T15:00:00Z,14147.0
2022-10-14T16:00:00Z,15197.0
2022-10-14T17:00:00Z,17044.0
2022-10-14T18:00:00Z,18327.0
2022-10-14T19:00:00Z,18841.0
2022-10-14T20:00:00Z,18916.0
2022-10-14T21:00:00Z,18437.0
2022-10-14T22:00:00Z,17635.0
2022-10-14T23:00:00Z,16355.0
2022-10-15T00:00:00Z,14671.0
2022-10-15T01:00:00Z,13415.0
2022-10-15T02:00:00Z,12553.0
2022-10-15T03:00:00Z,12176.0
2022-10-15T04:00:00Z,10712.0
2022-10-15T05:00:00Z,10573.0
2022-10-15T06:00:00Z,10937.0
2022-10-15T07:00:00Z,10969.0
2022-10-15T08:00:00Z,10804.0
2022-10-15T09:00:00Z,10294.0
2022-10-15T10:00:00Z,11464.0
2022-10-15T11:00:00Z,13052.0
2022-10-15T12:00:00Z,14981.0
2022-10-15T13:00:00Z,16029.0
2022-10-15T14:00:00Z,16380.0
2022-10-15T15:00:00Z,15270.0
2022-10-15T16:00:00Z,15519.0
2022-10-15T17:00:00Z,16503.0
2022-10-15T18:00:00Z,17293.0
2022-10-15T19:00:00Z,17691.0
2022-10-15T20:00:00Z,17606.0
2022-10-15T21:00:00Z,17234.0
2022-10-15T22:00:00Z,17405.0
2022-10-15T23:00:00Z,15923.0
2022-10-16T00:00:00Z,14791.0
2022-10-16T01:00:00Z,15501.0
2022-10-16T02:00:00Z,16201.0
2022-10-16T03:00:00Z,15643.0
2022-10-16T04:00:00Z,14701.0
2022-10-16T05:00:00Z,13299.0
2022-10-16T06:00:00Z,12606.0
2022-10-16T07:00:00Z,12415.0
2022-10-16T08:00:00Z,12088.0
2022-10-16T09:00:00Z,11324.0
2022-10-16T10:00:00Z,11059.0
2022-10-16T11:00:00Z,10817.0
2022-10-16T12:00:00Z,10941.0
2022-10-16T13:00:00Z,11188.0
2022-10-16T14:00:00Z,11148.0
2022-10-16T15:00:00Z,10970.0
2022-10-16T16:00:00Z,13089.0
2022-10-16T17:00:00Z,15226.0
2022-10-16T18:00:00Z,16583.0
2022-10-16T19:00:00Z,17632.0
2022-10-16T20:00:00Z,18327.0
2022-10-16T21:00:00Z,18213.0
2022-10-16T22:00:00Z,18178.0
2022-10-16T23:00:00Z,17922.0
2022-10-17T00:00:00Z,17243.0
2022-10-17T01:00:00Z,16599.0
2022-10-17T02:00:00Z,16933.0
2022-10-17T03:00:00Z,16969.0
2022-10-17T04:00:00Z,16458.0
2022-10-17T05:00:00Z,16367.0
2022-10-17T06:00:00Z,16538.0
2022-10-17T07:00:00Z,16837.0
2022-10-17T08:00:00Z,17080.0
2022-10-17T09:00:00Z,17518.0
2022-10-17T10:00:00Z,17624.0
2022-10-17T11:00:00Z,17741.0
2022-10-17T12:00:00Z,18014.0
2022-10-17T13:00:00Z,18086.0
2022-10-17T14:00:00Z,18000.0
2022-10-17T15:00:00Z,18951.0
2022-10-17T16:00:00Z,19131.0
2022-10-17T17:00:00Z,19088.0
2022-10-17T18:00:00Z,18938.0
2022-10-17T19:00:00Z,18784.0
2022-10-17T20:00:00Z,19192.0
2022-10-17T21:00:00Z,19501.0
2022-10-17T22:00:00Z,19853.0
2022-10-17T23:00:00Z,19809.0
2022-10-18T00:00:00Z,19154.0
2022-10-18T01:00:00Z,18173.0
2022-10-18T02:00:00Z,18914.0
2022-10-18T03:00:00Z,18967.0
2022-10-18T04:00:00Z,18365.0
2022-10-18T05:00:00Z,18049.0
2022-10-18T06:00:00Z,17303.0
2022-10-18T07:00:00Z,16710.0
2022-10-18T08:00:00Z,16228.0
2022-10-18T09:00:00Z,16142.0
2022-10-18T10:00:00Z,16151.0
2022-10-18T11:00:00Z,16455.0
2022-10-18T12:00:00Z,16670.0
2022-10-18T13:00:00Z,16463.0
2022-10-18T14:00:00Z,15659.0
2022-10-18T15:00:00Z,13758.0
2022-10-18T16:00:00Z,15196.0
2022-10-18T17:00:00Z,15279.0
2022-10-18T18:00:00Z,14225.0
2022-10-18T19:00:00Z,13861.0
2022-10-18T20:00:00Z,13830.0
2022-10-18T21:00:00Z,13941.0
2022-10-18T22:00:00Z,13611.0
2022-10-18T23:00:00Z,12959.0
2022-10-19T00:00:00Z,11942.0
2022-10-19T01:00:00Z,12676.0
2022-10-19T02:00:00Z,13521.0
2022-10-19T03:00:00Z,13500.0
2022-10-19T04:00:00Z,13225.0
2022-10-19T05:00:00Z,12757.0
2022-10-19T06:00:00Z,12193.0
2022-10-19T07:00:00Z,11489.0
2022-10-19T08:00:00Z,10763.0
2022-10-19T09:00:00Z,10827.0
2022-10-19T10:00:00Z,11057.0
2022-10-19T11:00:00Z,11401.0
2022-10-19T12:00:00Z,11370.0
2022-10-19T13:00:00Z,11317.0
2022-10-19T14:00:00Z,10718.0
2022-10-19T15:00:00Z,7805.0
2022-10-19T16:00:00Z,6259.0
2022-10-19T17:00:00Z,7746.0
2022-10-19T18:00:00Z,7647.0
2022-10-19T19:00:00Z,7790.0
2022-10-19T20:00:00Z,8532.0
2022-10-19T21:00:00Z,9191.0
2022-10-19T22:00:00Z,9511.0
2022-10-19T23:00:00Z,9130.0
2022-10-20T00:00:00Z,8422.0
2022-10-20T01:00:00Z,9303.0
2022-10-20T02:00:00Z,10421.0
2022-10-20T03:00:00Z,11429.0
2022-10-20T04:00:00Z,11964.0
2022-10-20T05:00:00Z,12498.0
2022-10-20T06:00:00Z,13319.0
2022-10-20T07:00:00Z,14033.0
2022-10-20T08:00:00Z,14022.0
2022-10-20T09:00:00Z,14380.0
2022-10-20T10:00:00Z,15152.0
2022-10-20T11:00:00Z,14988.0
2022-10-20T12:00:00Z,14389.0
2022-10-20T13:00:00Z,14107.0
2022-10-20T14:00:00Z,14285.0
2022-10-20T15:00:00Z,10872.0
2022-10-20T16:00:00Z,7251.0
2022-10-20T17:00:00Z,6710.0
2022-10-20T18:00:00Z,6386.0
2022-10-20T19:00:00Z,6143.0
2022-10-20T20:00:00Z,6247.0
2022-10-20T21:00:00Z,5879.0
2022-10-20T22:00:00Z,6004.0
2022-10-20T23:00:00Z,5775.0
2022-10-21T00:00:00Z,7026.0
2022-10-21T01:00:00Z,9672.0
2022-10-21T02:00:00Z,11978.0
2022-10-21T03:00:00Z,13491.0
2022-10-21T04:00:00Z,15033.0
2022-10-21T05:00:00Z,16049.0
2022-10-21T06:00:00Z,16135.0
2022-10-21T07:00:00Z,16394.0
2022-10-21T08:00:00Z,16889.0
2022-10-21T09:00:00Z,17185.0
2022-10-21T10:00:00Z,16945.0
2022-10-21T11:00:00Z,17360.0
2022-10-21T12:00:00Z,19043.0
2022-10-21T13:00:00Z,19819.0
2022-10-21T14:00:00Z,18378.0
2022-10-21T15:00:00Z,13765.0
2022-10-21T16:00:00Z,9623.0
2022-10-21T17:00:00Z,7305.0
2022-10-21T18:00:00Z,6808.0
2022-10-21T19:00:00Z,7307.0
2022-10-21T20:00:00Z,7556.0
2022-10-21T21:00:00Z,7473.0
2022-10-21T22:00:00Z,6825.0
2022-10-21T23:00:00Z,6125.0
2022-10-22T00:00:00Z,6450.0
2022-10-22T01:00:00Z,7579.0
2022-10-22T02:00:00Z,8731.0
2022-10-22T03:00:00Z,10555.0
2022-10-22T04:00:00Z,12924.0
2022-10-22T05:00:00Z,14512.0
2022-10-22T06:00:00Z,15856.0
2022-10-22T07:00:00Z,16256.0
2022-10-22T08:00:00Z,15473.0
2022-10-22T09:00:00Z,14913.0
2022-10-22T10:00:00Z,14871.0
2022-10-22T11:00:00Z,15281.0
2022-10-22T12:00:00Z,15409.0
2022-10-22T13:00:00Z,15913.0
2022-10-22T14:00:00Z,15991.0
2022-10-22T15:00:00Z,15495.0
2022-10-22T16:00:00Z,14503.0
2022-10-22T17:00:00Z,14074.0
2022-10-22T18:00:00Z,13252.0
2022-10-22T19:00:00Z,14781.0
2022-10-22T20:00:00Z,16831.0
2022-10-22T21:00:00Z,17868.0
2022-10-22T22:00:00Z,18083.0
2022-10-22T23:00:00Z,16861.0
2022-10-23T00:00:00Z,16629.0
2022-10-23T01:00:00Z,18164.0
2022-10-23T02:00:00Z,18932.0
2022-10-23T03:00:00Z,18497.0
2022-10-23T04:00:00Z,18317.0
2022-10-23T05:00:00Z,18219.0
2022-10-23T06:00:00Z,17863.0
2022-10-23T07:00:00Z,17139.0
2022-10-23T08:00:00Z,16840.0
2022-10-23T09:00:00Z,17005.0
2022-10-23T10:00:00Z,16949.0
2022-10-23T11:00:00Z,17218.0
2022-10-23T12:00:00Z,17377.0
2022-10-23T13:00:00Z,17533.0
2022-10-23T14:00:00Z,18424.0
2022-10-23T15:00:00Z,18174.0
2022-10-23T16:00:00Z,17786.0
2022-10-23T17:00:00Z,18016.0
2022-10-23T18:00:00Z,19125.0
2022-10-23T19:00:00Z,19900.0
2022-10-23T20:00:00Z,20308.0
2022-10-23T21:00:00Z,20423.0
2022-10-23T22:00:00Z,20274.0
2022-10-23T23:00:00Z,20415.0
2022-10-24T00:00:00Z,20146.0
2022-10-24T01:00:00Z,20553.0
2022-10-24T02:00:00Z,20902.0
2022-10-24T03:00:00Z,20728.0
2022-10-24T04:00:00Z,20097.0
2022-10-24T05:00:00Z,19202.0
2022-10-24T06:00:00Z,18523.0
2022-10-24T07:00:00Z,17469.0
2022-10-24T08:00:00Z,17384.0
2022-10-24T09:00:00Z,17388.0
2022-10-24T10:00:00Z,17783.0
2022-10-24T11:00:00Z,17512.0
2022-10-24T12:00:00Z,18722.0
2022-10-24T13:00:00Z,18880.0
2022-10-24T14:00:00Z,18343.0
2022-10-24T15:00:00Z,18017.0
2022-10-24T16:00:00Z,15764.0
2022-10-24T17:00:00Z,13934.0
2022-10-24T18:00:00Z,13893.0
2022-10-24T19:00:00Z,14302.0
2022-10-24T20:00:00Z,14151.0
2022-10-24T21:00:00Z,13604.0
2022-10-24T22:00:00Z,13002.0
2022-10-24T23:00:00Z,12681.0
2022-10-25T00:00:00Z,12260.0
2022-10-25T01:00:00Z,12693.0
2022-10-25T02:00:00Z,13595.0
2022-10-25T03:00:00Z,14010.0
2022-10-25T04:00:00Z,13198.0
2022-10-25T05:00:00Z,12213.0
2022-10-25T06:00:00Z,11904.0
2022-10-25T07:00:00Z,12276.0
2022-10-25T08:00:00Z,12397.0
2022-10-25T09:00:00Z,12367.0
2022-10-25T10:00:00Z,12396.0
2022-10-25T11:00:00Z,12300.0
2022-10-25T12:00:00Z,12414.0
2022-10-25T13:00:00Z,11727.0
2022-10-25T14:00:00Z,10471.0
2022-10-25T15:00:00Z,9483.0
2022-10-25T16:00:00Z,9603.0
2022-10-25T17:00:00Z,11269.0
2022-10-25T18:00:00Z,13291.0
2022-10-25T19:00:00Z,14920.0
2022-10-25T20:00:00Z,14940.0
2022-10-25T21:00:00Z,14953.0
2022-10-25T22:00:00Z,14996.0
2022-10-25T23:00:00Z,13900.0
2022-10-26T00:00:00Z,11465.0
2022-10-26T01:00:00Z,10237.0
2022-10-26T02:00:00Z,10489.0
2022-10-26T03:00:00Z,11160.0
2022-10-26T04:00:00Z,11406.0
2022-10-26T05:00:00Z,11693.0
2022-10-26T06:00:00Z,12744.0
2022-10-26T07:00:00Z,12934.0
2022-10-26T08:00:00Z,12787.0
2022-10-26T09:00:00Z,12476.0
2022-10-26T10:00:00Z,11623.0
2022-10-26T11:00:00Z,10681.0
2022-10-26T12:00:00Z,10184.0
2022-10-26T13:00:00Z,9122.0
2022-10-26T14:00:00Z,8585.0
2022-10-26T15:00:00Z,6894.0
2022-10-26T16:00:00Z,5432.0
2022-10-26T17:00:00Z,5321.0
2022-10-26T18:00:00Z,5623.0
2022-10-26T19:00:00Z,5722.0
2022-10-26T20:00:00Z,6491.0
2022-10-26T21:00:00Z,6628.0
2022-10-26T22:00:00Z,6010.0
2022-10-26T23:00:00Z,5373.0
2022-10-27T00:00:00Z,5354.0
2022-10-27T01:00:00Z,6734.0
2022-10-27T02:00:00Z,8361.0
2022-10-27T03:00:00Z,9433.0
2022-10-27T04:00:00Z,9859.0
2022-10-27T05:00:00Z,10056.0
2022-10-27T06:00:00Z,10109.0
2022-10-27T07:00:00Z,10205.0
2022-10-27T08:00:00Z,9644.0
2022-10-27T09:00:00Z,9965.0
2022-10-27T10:00:00Z,10322.0
2022-10-27T11:00:00Z,11451.0
2022-10-27T12:00:00Z,12205.0
2022-10-27T13:00:00Z,12922.0
2022-10-27T14:00:00Z,13300.0
2022-10-27T15:00:00Z,12577.0
2022-10-27T16:00:00Z,12675.0
2022-10-27T17:00:00Z,13371.0
2022-10-27T18:00:00Z,13238.0
2022-10-27T19:00:00Z,11993.0
2022-10-27T20:00:00Z,10770.0
2022-10-27T21:00:00Z,10187.0
2022-10-27T22:00:00Z,10137.0
2022-10-27T23:00:00Z,9324.0
2022-10-28T00:00:00Z,10607.0
2022-10-28T01:00:00Z,11258.0
2022-10-28T02:00:00Z,12630.0
2022-10-28T03:00:00Z,13771.0
2022-10-28T04:00:00Z,13808.0
2022-10-28T05:00:00Z,14288.0
2022-10-28T06:00:00Z,14011.0
2022-10-28T07:00:00Z,13245.0
2022-10-28T08:00:00Z,11856.0
2022-10-28T09:00:00Z,11048.0
2022-10-28T10:00:00Z,11025.0
2022-10-28T11:00:00Z,10763.0
2022-10-28T12:00:00Z,10081.0
2022-10-28T13:00:00Z,9681.0
2022-10-28T14:00:00Z,8766.0
2022-10-28T15:00:00Z,6904.0
2022-10-28T16:00:00Z,4353.0
2022-10-28T17:00:00Z,3312.0
2022-10-28T18:00:00Z,3668.0
2022-10-28T19:00:00Z,4831.0
2022-10-28T20:00:00Z,5626.0
2022-10-28T21:00:00Z,5915.0
2022-10-28T22:00:00Z,5619.0
2022-10-28T23:00:00Z,5109.0
2022-10-29T00:00:00Z,5117.0
2022-10-29T01:00:00Z,6413.0
2022-10-29T02:00:00Z,8405.0
2022-10-29T03:00:00Z,9938.0
2022-10-29T04:00:00Z,11680.0
2022-10-29T05:00:00Z,12823.0
2022-10-29T06:00:00Z,13342.0
2022-10-29T07:00:00Z,13309.0
2022-10-29T08:00:00Z,12495.0
2022-10-29T09:00:00Z,11430.0
2022-10-29T10:00:00Z,10861.0
2022-10-29T11:00:00Z,10912.0
2022-10-29T12:00:00Z,10508.0
2022-10-29T13:00:00Z,10415.0
2022-10-29T14:00:00Z,10120.0
2022-10-29T15:00:00Z,8802.0
2022-10-29T16:00:00Z,6564.0
2022-10-29T17:00:00Z,6256.0
2022-10-29T18:00:00Z,6850.0
2022-10-29T19:00:00Z,7136.0
2022-10-29T20:00:00Z,6970.0
2022-10-29T21:00:00Z,7045.0
2022-10-29T22:00:00Z,7134.0
2022-10-29T23:00:00Z,6569.0
2022-10-30T00:00:00Z,6780.0
2022-10-30T01:00:00Z,8309.0
2022-10-30T02:00:00Z,9772.0
2022-10-30T03:00:00Z,10919.0
2022-10-30T04:00:00Z,10872.0
2022-10-30T05:00:00Z,10359.0
2022-10-30T06:00:00Z,9785.0
2022-10-30T07:00:00Z,8785.0
2022-10-30T08:00:00Z,7237.0
2022-10-30T09:00:00Z,5524.0
2022-10-30T10:00:00Z,4423.0
2022-10-30T11:00:00Z,3635.0
2022-10-30T12:00:00Z,2994.0
2022-10-30T13:00:00Z,3043.0
2022-10-30T14:00:00Z,3237.0
2022-10-30T15:00:00Z,3025.0
2022-10-30T16:00:00Z,1866.0
2022-10-30T17:00:00Z,1381.0
2022-10-30T18:00:00Z,1456.0
2022-10-30T19:00:00Z,1610.0
2022-10-30T20:00:00Z,1431.0
2022-10-30T21:00:00Z,1434.0
2022-10-30T22:00:00Z,1511.0
2022-10-30T23:00:00Z,1859.0
2022-10-31T00:00:00Z,2210.0
2022-10-31T01:00:00Z,2617.0
2022-10-31T02:00:00Z,2980.0
2022-10-31T03:00:00Z,3220.0
2022-10-31T04:00:00Z,3181.0
2022-10-31T05:00:00Z,2652.0
2022-10-31T06:00:00Z,2791.0
2022-10-31T07:00:00Z,2609.0
2022-10-31T08:00:00Z,2700.0
2022-10-31T09:00:00Z,2982.0
2022-10-31T10:00:00Z,3314.0
2022-10-31T11:00:00Z,3759.0
2022-10-31T12:00:00Z,4304.0
2022-10-31T13:00:00Z,4511.0
2022-10-31T14:00:00Z,4451.0
2022-10-31T15:00:00Z,4049.0
2022-10-31T16:00:00Z,2957.0
2022-10-31T17:00:00Z,2281.0
2022-10-31T18:00:00Z,2733.0
2022-10-31T19:00:00Z,3389.0
2022-10-31T20:00:00Z,3852.0
2022-10-31T21:00:00Z,4140.0
2022-10-31T22:00:00Z,4124.0
2022-10-31T23:00:00Z,3536.0
2022-11-01T00:00:00Z,3775.0
2022-11-01T01:00:00Z,4864.0
2022-11-01T02:00:00Z,6575.0
2022-11-01T03:00:00Z,8676.0
2022-11-01T04:00:00Z,10671.0
2022-11-01T05:00:00Z,11791.0
2022-11-01T06:00:00Z,11866.0
2022-11-01T07:00:00Z,12416.0
2022-11-01T08:00:00Z,12951.0
2022-11-01T09:00:00Z,13015.0
2022-11-01T10:00:00Z,12123.0
2022-11-01T11:00:00Z,11933.0
2022-11-01T12:00:00Z,11310.0
2022-11-01T13:00:00Z,10891.0
2022-11-01T14:00:00Z,10715.0
2022-11-01T15:00:00Z,9237.0
2022-11-01T16:00:00Z,5805.0
2022-11-01T17:00:00Z,4285.0
2022-11-01T18:00:00Z,4588.0
2022-11-01T19:00:00Z,5824.0
2022-11-01T20:00:00Z,7983.0
2022-11-01T21:00:00Z,10334.0
2022-11-01T22:00:00Z,12020.0
2022-11-01T23:00:00Z,12819.0
2022-11-02T00:00:00Z,14876.0
2022-11-02T01:00:00Z,16658.0
2022-11-02T02:00:00Z,17229.0
2022-11-02T03:00:00Z,17152.0
2022-11-02T04:00:00Z,17048.0
2022-11-02T05:00:00Z,16645.0
2022-11-02T06:00:00Z,16692.0
2022-11-02T07:00:00Z,16389.0
2022-11-02T08:00:00Z,16362.0
2022-11-02T09:00:00Z,16202.0
2022-11-02T10:00:00Z,15916.0
2022-11-02T11:00:00Z,15960.0
2022-11-02T12:00:00Z,16202.0
2022-11-02T13:00:00Z,16728.0
2022-11-02T14:00:00Z,17261.0
2022-11-02T15:00:00Z,16527.0
2022-11-02T16:00:00Z,15238.0
2022-11-02T17:00:00Z,14908.0
2022-11-02T18:00:00Z,15847.0
2022-11-02T19:00:00Z,16657.0
2022-11-02T20:00:00Z,16552.0
2022-11-02T21:00:00Z,16371.0
2022-11-02T22:00:00Z,16080.0
2022-11-02T23:00:00Z,16217.0
2022-11-03T00:00:00Z,17036.0
2022-11-03T01:00:00Z,18205.0
2022-11-03T02:00:00Z,18980.0
2022-11-03T03:00:00Z,19726.0
2022-11-03T04:00:00Z,20018.0
2022-11-03T05:00:00Z,19492.0
2022-11-03T06:00:00Z,18944.0
2022-11-03T07:00:00Z,18483.0
2022-11-03T08:00:00Z,18351.0
2022-11-03T09:00:00Z,18296.0
2022-11-03T10:00:00Z,18448.0
2022-11-03T11:00:00Z,18806.0
2022-11-03T12:00:00Z,19422.0
2022-11-03T13:00:00Z,20517.0
2022-11-03T14:00:00Z,20178.0
2022-11-03T15:00:00Z,18810.0
2022-11-03T16:00:00Z,18235.0
2022-11-03T17:00:00Z,18552.0
2022-11-03T18:00:00Z,19251.0
2022-11-03T19:00:00Z,19919.0
2022-11-03T20:00:00Z,20019.0
2022-11-03T21:00:00Z,19925.0
2022-11-03T22:00:00Z,19221.0
2022-11-03T23:00:00Z,18209.0
2022-11-04T00:00:00Z,18698.0
2022-11-04T01:00:00Z,19160.0
2022-11-04T02:00:00Z,20037.0
2022-11-04T03:00:00Z,20030.0
2022-11-04T04:00:00Z,19507.0
2022-11-04T05:00:00Z,17911.0
2022-11-04T06:00:00Z,16841.0
2022-11-04T07:00:00Z,16621.0
2022-11-04T08:00:00Z,16973.0
2022-11-04T09:00:00Z,17196.0
2022-11-04T10:00:00Z,17080.0
2022-11-04T11:00:00Z,16319.0
2022-11-04T12:00:00Z,15287.0
2022-11-04T13:00:00Z,14096.0
2022-11-04T14:00:00Z,13531.0
2022-11-04T15:00:00Z,13199.0
2022-11-04T16:00:00Z,13213.0
2022-11-04T17:00:00Z,13357.0
2022-11-04T18:00:00Z,12907.0
2022-11-04T19:00:00Z,12122.0
2022-11-04T20:00:00Z,12505.0
2022-11-04T21:00:00Z,12046.0
2022-11-04T22:00:00Z,11299.0
2022-11-04T23:00:00Z,10589.0
2022-11-05T00:00:00Z,11444.0
2022-11-05T01:00:00Z,12067.0
2022-11-05T02:00:00Z,12103.0
2022-11-05T03:00:00Z,13067.0
2022-11-05T04:00:00Z,13339.0
2022-11-05T05:00:00Z,13350.0
2022-11-05T06:00:00Z,13604.0
2022-11-05T07:00:00Z,14817.0
2022-11-05T08:00:00Z,15391.0
2022-11-05T09:00:00Z,16059.0
2022-11-05T10:00:00Z,16155.0
2022-11-05T11:00:00Z,16717.0
2022-11-05T12:00:00Z,16878.0
2022-11-05T13:00:00Z,17010.0
2022-11-05T14:00:00Z,16976.0
2022-11-05T15:00:00Z,16416.0
2022-11-05T16:00:00Z,15383.0
2022-11-05T17:00:00Z,14972.0
2022-11-05T18:00:00Z,15758.0
2022-11-05T19:00:00Z,16503.0
2022-11-05T20:00:00Z,16571.0
2022-11-05T21:00:00Z,16459.0
2022-11-05T22:00:00Z,16931.0
2022-11-05T23:00:00Z,16909.0
2022-11-06T00:00:00Z,17897.0
2022-11-06T01:00:00Z,19897.0
2022-11-06T02:00:00Z,21001.0
2022-11-06T03:00:00Z,21400.0
2022-11-06T04:00:00Z,21205.0
2022-11-06T05:00:00Z,20291.0
2022-11-06T06:00:00Z,20038.0
2022-11-06T07:00:00Z,19539.0
2022-11-06T08:00:00Z,19399.0
2022-11-06T09:00:00Z,18861.0
2022-11-06T10:00:00Z,18708.0
2022-11-06T11:00:00Z,18558.0
2022-11-06T12:00:00Z,18713.0
2022-11-06T13:00:00Z,18524.0
2022-11-06T14:00:00Z,19126.0
2022-11-06T15:00:00Z,19852.0
2022-11-06T16:00:00Z,20010.0
2022-11-06T17:00:00Z,19565.0
2022-11-06T18:00:00Z,18847.0
2022-11-06T19:00:00Z,17929.0
2022-11-06T20:00:00Z,17315.0
2022-11-06T21:00:00Z,16991.0
2022-11-06T22:00:00Z,16639.0
2022-11-06T23:00:00Z,16409.0
2022-11-07T00:00:00Z,17049.0
2022-11-07T01:00:00Z,17049.0
2022-11-07T02:00:00Z,17272.0
2022-11-07T03:00:00Z,17320.0
2022-11-07T04:00:00Z,17541.0
2022-11-07T05:00:00Z,17869.0
2022-11-07T06:00:00Z,18135.0
2022-11-07T07:00:00Z,17986.0
2022-11-07T08:00:00Z,17876.0
2022-11-07T09:00:00Z,16925.0
2022-11-07T10:00:00Z,16280.0
2022-11-07T11:00:00Z,15264.0
2022-11-07T12:00:00Z,13684.0
2022-11-07T13:00:00Z,12506.0
2022-11-07T14:00:00Z,11571.0
2022-11-07T15:00:00Z,9259.0
2022-11-07T16:00:00Z,6917.0
2022-11-07T17:00:00Z,6499.0
2022-11-07T18:00:00Z,6466.0
2022-11-07T19:00:00Z,5865.0
2022-11-07T20:00:00Z,6491.0
2022-11-07T21:00:00Z,7734.0
2022-11-07T22:00:00Z,8830.0
2022-11-07T23:00:00Z,9492.0
2022-11-08T00:00:00Z,11174.0
2022-11-08T01:00:00Z,14916.0
2022-11-08T02:00:00Z,17919.0
2022-11-08T03:00:00Z,19250.0
2022-11-08T04:00:00Z,19698.0
2022-11-08T05:00:00Z,19405.0
2022-11-08T06:00:00Z,19408.0
2022-11-08T07:00:00Z,18844.0
2022-11-08T08:00:00Z,18766.0
2022-11-08T09:00:00Z,19179.0
2022-11-08T10:00:00Z,19244.0
2022-11-08T11:00:00Z,19298.0
2022-11-08T12:00:00Z,19547.0
2022-11-08T13:00:00Z,19385.0
2022-11-08T14:00:00Z,19755.0
2022-11-08T15:00:00Z,19267.0
2022-11-08T16:00:00Z,19124.0
2022-11-08T17:00:00Z,18838.0
2022-11-08T18:00:00Z,18243.0
2022-11-08T19:00:00Z,17820.0
2022-11-08T20:00:00Z,17162.0
2022-11-08T21:00:00Z,17569.0
2022-11-08T22:00:00Z,17439.0
2022-11-08T23:00:00Z,18015.0
2022-11-09T00:00:00Z,19110.0
2022-11-09T01:00:00Z,19243.0
2022-11-09T02:00:00Z,19725.0
2022-11-09T03:00:00Z,19841.0
2022-11-09T04:00:00Z,20011.0
2022-11-09T05:00:00Z,19838.0
2022-11-09T06:00:00Z,19442.0
2022-11-09T07:00:00Z,19352.0
2022-11-09T08:00:00Z,19003.0
2022-11-09T09:00:00Z,18277.0
2022-11-09T10:00:00Z,18345.0
2022-11-09T11:00:00Z,18501.0
2022-11-09T12:00:00Z,19073.0
2022-11-09T13:00:00Z,19295.0
2022-11-09T14:00:00Z,19031.0
2022-11-09T15:00:00Z,17396.0
2022-11-09T16:00:00Z,16501.0
2022-11-09T17:00:00Z,16056.0
2022-11-09T18:00:00Z,15252.0
2022-11-09T19:00:00Z,14499.0
2022-11-09T20:00:00Z,13859.0
2022-11-09T21:00:00Z,13150.0
2022-11-09T22:00:00Z,13037.0
2022-11-09T23:00:00Z,13863.0
2022-11-10T00:00:00Z,15237.0
2022-11-10T01:00:00Z,16834.0
2022-11-10T02:00:00Z,18321.0
2022-11-10T03:00:00Z,19593.0
2022-11-10T04:00:00Z,20368.0
2022-11-10T05:00:00Z,21125.0
2022-11-10T06:00:00Z,20963.0
2022-11-10T07:00:00Z,20215.0
2022-11-10T08:00:00Z,20041.0
2022-11-10T09:00:00Z,19821.0
2022-11-10T10:00:00Z,19431.0
2022-11-10T11:00:00Z,19532.0
2022-11-10T12:00:00Z,19546.0
2022-11-10T13:00:00Z,20123.0
2022-11-10T14:00:00Z,19872.0
2022-11-10T15:00:00Z,19568.0
2022-11-10T16:00:00Z,19994.0
2022-11-10T17:00:00Z,20477.0
2022-11-10T18:00:00Z,21292.0
2022-11-10T19:00:00Z,21570.0
2022-11-10T20:00:00Z,21480.0
2022-11-10T21:00:00Z,20955.0
2022-11-10T22:00:00Z,20559.0
2022-11-10T23:00:00Z,20575.0
2022-11-11T00:00:00Z,20917.0
2022-11-11T01:00:00Z,21614.0
2022-11-11T02:00:00Z,21790.0
2022-11-11T03:00:00Z,21540.0
2022-11-11T04:00:00Z,22169.0
2022-11-11T05:00:00Z,21578.0
2022-11-11T06:00:00Z,20398.0
2022-11-11T07:00:00Z,19283.0
2022-11-11T08:00:00Z,18921.0
2022-11-11T09:00:00Z,18932.0
2022-11-11T10:00:00Z,18794.0
2022-11-11T11:00:00Z,19329.0
2022-11-11T12:00:00Z,19548.0
2022-11-11T13:00:00Z,19874.0
2022-11-11T14:00:00Z,19750.0
2022-11-11T15:00:00Z,19470.0
2022-11-11T16:00:00Z,18569.0
2022-11-11T17:00:00Z,18946.0
2022-11-11T18:00:00Z,19780.0
2022-11-11T19:00:00Z,20114.0
2022-11-11T20:00:00Z,20594.0
2022-11-11T21:00:00Z,20684.0
2022-11-11T22:00:00Z,20774.0
2022-11-11T23:00:00Z,20800.0
2022-11-12T00:00:00Z,20416.0
2022-11-12T01:00:00Z,20467.0
2022-11-12T02:00:00Z,20646.0
2022-11-12T03:00:00Z,20801.0
2022-11-12T04:00:00Z,20258.0
2022-11-12T05:00:00Z,19253.0
2022-11-12T06:00:00Z,17857.0
2022-11-12T07:00:00Z,16390.0
2022-11-12T08:00:00Z,15575.0
2022-11-12T09:00:00Z,14680.0
2022-11-12T10:00:00Z,14409.0
2022-11-12T11:00:00Z,13509.0
2022-11-12T12:00:00Z,12390.0
2022-11-12T13:00:00Z,12175.0
2022-11-12T14:00:00Z,12094.0
2022-11-12T15:00:00Z,12667.0
2022-11-12T16:00:00Z,13494.0
2022-11-12T17:00:00Z,12868.0
2022-11-12T18:00:00Z,12191.0
2022-11-12T19:00:00Z,11774.0
2022-11-12T20:00:00Z,11620.0
2022-11-12T21:00:00Z,11223.0
2022-11-12T22:00:00Z,10570.0
2022-11-12T23:00:00Z,9379.0
2022-11-13T00:00:00Z,8173.0
2022-11-13T01:00:00Z,7050.0
2022-11-13T02:00:00Z,6166.0
2022-11-13T03:00:00Z,5263.0
2022-11-13T04:00:00Z,4650.0
2022-11-13T05:00:00Z,4131.0
2022-11-13T06:00:00Z,3798.0
2022-11-13T07:00:00Z,3680.0
2022-11-13T08:00:00Z,3712.0
2022-11-13T09:00:00Z,3757.0
2022-11-13T10:00:00Z,3817.0
2022-11-13T11:00:00Z,3557.0
2022-11-13T12:00:00Z,3312.0
2022-11-13T13:00:00Z,3059.0
2022-11-13T14:00:00Z,2843.0
2022-11-13T15:00:00Z,2894.0
2022-11-13T16:00:00Z,3328.0
2022-11-13T17:00:00Z,3649.0
2022-11-13T18:00:00Z,4079.0
2022-11-13T19:00:00Z,4415.0
2022-11-13T20:00:00Z,4851.0
2022-11-13T21:00:00Z,5650.0
2022-11-13T22:00:00Z,6934.0
2022-11-13T23:00:00Z,8174.0
2022-11-14T00:00:00Z,8738.0
2022-11-14T01:00:00Z,9519.0
2022-11-14T02:00:00Z,9099.0
2022-11-14T03:00:00Z,8783.0
2022-11-14T04:00:00Z,7680.0
2022-11-14T05:00:00Z,7168.0
2022-11-14T06:00:00Z,6690.0
2022-11-14T07:00:00Z,6160.0
2022-11-14T08:00:00Z,5945.0
2022-11-14T09:00:00Z,6415.0
2022-11-14T10:00:00Z,6677.0
2022-11-14T11:00:00Z,6609.0
2022-11-14T12:00:00Z,6408.0
2022-11-14T13:00:00Z,6385.0
2022-11-14T14:00:00Z,6600.0
2022-11-14T15:00:00Z,6175.0
2022-11-14T16:00:00Z,5223.0
2022-11-14T17:00:00Z,4684.0
2022-11-14T18:00:00Z,4453.0
2022-11-14T19:00:00Z,4606.0
2022-11-14T20:00:00Z,4660.0
2022-11-14T21:00:00Z,4391.0
2022-11-14T22:00:00Z,4010.0
2022-11-14T23:00:00Z,3869.0
2022-11-15T00:00:00Z,4610.0
2022-11-15T01:00:00Z,4950.0
2022-11-15T02:00:00Z,4741.0
2022-11-15T03:00:00Z,4310.0
2022-11-15T04:00:00Z,3817.0
2022-11-15T05:00:00Z,3478.0
2022-11-15T06:00:00Z,3155.0
2022-11-15T07:00:00Z,3117.0
2022-11-15T08:00:00Z,2749.0
2022-11-15T09:00:00Z,2989.0
2022-11-15T10:00:00Z,3453.0
2022-11-15T11:00:00Z,4030.0
2022-11-15T12:00:00Z,4717.0
2022-11-15T13:00:00Z,4592.0
2022-11-15T14:00:00Z,4753.0
2022-11-15T15:00:00Z,4634.0
2022-11-15T16:00:00Z,4439.0
2022-11-15T17:00:00Z,4426.0
2022-11-15T18:00:00Z,4736.0
2022-11-15T19:00:00Z,5728.0
2022-11-15T20:00:00Z,6971.0
2022-11-15T21:00:00Z,8209.0
2022-11-15T22:00:00Z,9491.0
2022-11-15T23:00:00Z,10558.0
2022-11-16T00:00:00Z,11536.0
2022-11-16T01:00:00Z,11675.0
2022-11-16T02:00:00Z,11676.0
2022-11-16T03:00:00Z,11687.0
2022-11-16T04:00:00Z,11231.0
2022-11-16T05:00:00Z,11418.0
2022-11-16T06:00:00Z,11585.0
2022-11-16T07:00:00Z,12041.0
2022-11-16T08:00:00Z,12433.0
2022-11-16T09:00:00Z,12612.0
2022-11-16T10:00:00Z,12535.0
2022-11-16T11:00:00Z,12871.0
2022-11-16T12:00:00Z,13318.0
2022-11-16T13:00:00Z,13856.0
2022-11-16T14:00:00Z,14481.0
2022-11-16T15:00:00Z,14573.0
2022-11-16T16:00:00Z,14719.0
2022-11-16T17:00:00Z,14984.0
2022-11-16T18:00:00Z,14875.0
2022-11-16T19:00:00Z,14889.0
2022-11-16T20:00:00Z,15106.0
2022-11-16T21:00:00Z,15275.0
2022-11-16T22:00:00Z,15190.0
2022-11-16T23:00:00Z,14023.0
2022-11-17T00:00:00Z,13644.0
2022-11-17T01:00:00Z,13334.0
2022-11-17T02:00:00Z,13303.0
2022-11-17T03:00:00Z,13089.0
2022-11-17T04:00:00Z,13508.0
2022-11-17T05:00:00Z,13942.0
2022-11-17T06:00:00Z,14162.0
2022-11-17T07:00:00Z,14632.0
2022-11-17T08:00:00Z,14947.0
2022-11-17T09:00:00Z,14782.0
2022-11-17T10:00:00Z,15209.0
2022-11-17T11:00:00Z,15401.0
2022-11-17T12:00:00Z,16070.0
2022-11-17T13:00:00Z,16806.0
2022-11-17T14:00:00Z,17513.0
2022-11-17T15:00:00Z,17664.0
2022-11-17T16:00:00Z,18286.0
2022-11-17T17:00:00Z,19464.0
2022-11-17T18:00:00Z,20183.0
2022-11-17T19:00:00Z,20694.0
2022-11-17T20:00:00Z,21668.0
2022-11-17T21:00:00Z,21772.0
2022-11-17T22:00:00Z,21431.0
2022-11-17T23:00:00Z,21218.0
2022-11-18T00:00:00Z,21284.0
2022-11-18T01:00:00Z,21360.0
2022-11-18T02:00:00Z,21399.0
2022-11-18T03:00:00Z,21474.0
2022-11-18T04:00:00Z,21068.0
2022-11-18T05:00:00Z,20702.0
2022-11-18T06:00:00Z,20211.0
2022-11-18T07:00:00Z,20017.0
2022-11-18T08:00:00Z,20070.0
2022-11-18T09:00:00Z,20257.0
2022-11-18T10:00:00Z,20040.0
2022-11-18T11:00:00Z,19849.0
2022-11-18T12:00:00Z,19565.0
2022-11-18T13:00:00Z,20480.0
2022-11-18T14:00:00Z,20894.0
2022-11-18T15:00:00Z,20221.0
2022-11-18T16:00:00Z,20383.0
2022-11-18T17:00:00Z,20351.0
2022-11-18T18:00:00Z,20418.0
2022-11-18T19:00:00Z,20339.0
2022-11-18T20:00:00Z,20759.0
2022-11-18T21:00:00Z,21018.0
2022-11-18T22:00:00Z,21573.0
2022-11-18T23:00:00Z,21045.0
2022-11-19T00:00:00Z,20530.0
2022-11-19T01:00:00Z,20206.0
2022-11-19T02:00:00Z,21189.0
2022-11-19T03:00:00Z,21597.0
2022-11-19T04:00:00Z,21712.0
2022-11-19T05:00:00Z,21691.0
2022-11-19T06:00:00Z,21918.0
2022-11-19T07:00:00Z,21892.0
2022-11-19T08:00:00Z,22068.0
2022-11-19T09:00:00Z,21997.0
2022-11-19T10:00:00Z,21810.0
2022-11-19T11:00:00Z,21919.0
2022-11-19T12:00:00Z,22241.0
2022-11-19T13:00:00Z,22758.0
2022-11-19T14:00:00Z,23139.0
2022-11-19T15:00:00Z,23088.0
2022-11-19T16:00:00Z,22987.0
2022-11-19T17:00:00Z,23163.0
2022-11-19T18:00:00Z,23117.0
2022-11-19T19:00:00Z,22907.0
2022-11-19T20:00:00Z,23207.0
2022-11-19T21:00:00Z,23095.0
2022-11-19T22:00:00Z,22894.0
2022-11-19T23:00:00Z,22111.0
2022-11-20T00:00:00Z,19978.0
2022-11-20T01:00:00Z,17983.0
2022-11-20T02:00:00Z,16798.0
2022-11-20T03:00:00Z,15774.0
2022-11-20T04:00:00Z,14222.0
2022-11-20T05:00:00Z,13693.0
2022-11-20T06:00:00Z,13361.0
2022-11-20T07:00:00Z,13718.0
2022-11-20T08:00:00Z,15276.0
2022-11-20T09:00:00Z,16470.0
2022-11-20T10:00:00Z,17622.0
2022-11-20T11:00:00Z,18154.0
2022-11-20T12:00:00Z,18678.0
2022-11-20T13:00:00Z,19022.0
2022-11-20T14:00:00Z,19347.0
2022-11-20T15:00:00Z,19163.0
2022-11-20T16:00:00Z,19196.0
2022-11-20T17:00:00Z,19123.0
2022-11-20T18:00:00Z,18239.0
2022-11-20T19:00:00Z,17843.0
2022-11-20T20:00:00Z,18086.0
2022-11-20T21:00:00Z,17794.0
2022-11-20T22:00:00Z,17547.0
2022-11-20T23:00:00Z,17218.0
2022-11-21T00:00:00Z,18805.0
2022-11-21T01:00:00Z,20357.0
2022-11-21T02:00:00Z,21469.0
2022-11-21T03:00:00Z,21907.0
2022-11-21T04:00:00Z,21963.0
2022-11-21T05:00:00Z,22124.0
2022-11-21T06:00:00Z,21635.0
2022-11-21T07:00:00Z,21096.0
2022-11-21T08:00:00Z,20729.0
2022-11-21T09:00:00Z,20526.0
2022-11-21T10:00:00Z,20710.0
2022-11-21T11:00:00Z,20826.0
2022-11-21T12:00:00Z,20525.0
2022-11-21T13:00:00Z,19162.0
2022-11-21T14:00:00Z,18084.0
2022-11-21T15:00:00Z,16016.0
2022-11-21T16:00:00Z,12745.0
2022-11-21T17:00:00Z,10639.0
2022-11-21T18:00:00Z,8913.0
2022-11-21T19:00:00Z,7918.0
2022-11-21T20:00:00Z,7312.0
2022-11-21T21:00:00Z,6514.0
2022-11-21T22:00:00Z,5528.0
2022-11-21T23:00:00Z,4529.0
2022-11-22T00:00:00Z,4375.0
2022-11-22T01:00:00Z,4020.0
2022-11-22T02:00:00Z,3326.0
2022-11-22T03:00:00Z,2942.0
2022-11-22T04:00:00Z,2802.0
2022-11-22T05:00:00Z,3203.0
2022-11-22T06:00:00Z,3826.0
2022-11-22T07:00:00Z,4712.0
2022-11-22T08:00:00Z,6298.0
2022-11-22T09:00:00Z,7657.0
2022-11-22T10:00:00Z,8634.0
2022-11-22T11:00:00Z,10264.0
2022-11-22T12:00:00Z,12023.0
2022-11-22T13:00:00Z,12978.0
2022-11-22T14:00:00Z,14024.0
2022-11-22T15:00:00Z,14297.0
2022-11-22T16:00:00Z,11408.0
2022-11-22T17:00:00Z,7630.0
2022-11-22T18:00:00Z,6197.0
2022-11-22T19:00:00Z,5962.0
2022-11-22T20:00:00Z,6347.0
2022-11-22T21:00:00Z,6677.0
2022-11-22T22:00:00Z,5863.0
2022-11-22T23:00:00Z,5814.0
2022-11-23T00:00:00Z,7196.0
2022-11-23T01:00:00Z,8521.0
2022-11-23T02:00:00Z,9157.0
2022-11-23T03:00:00Z,10043.0
2022-11-23T04:00:00Z,9929.0
2022-11-23T05:00:00Z,9397.0
2022-11-23T06:00:00Z,9770.0
2022-11-23T07:00:00Z,9920.0
2022-11-23T08:00:00Z,9785.0
2022-11-23T09:00:00Z,9588.0
2022-11-23T10:00:00Z,9459.0
2022-11-23T11:00:00Z,9430.0
2022-11-23T12:00:00Z,9631.0
2022-11-23T13:00:00Z,10007.0
2022-11-23T14:00:00Z,10148.0
2022-11-23T15:00:00Z,10317.0
2022-11-23T16:00:00Z,8953.0
2022-11-23T17:00:00Z,6937.0
2022-11-23T18:00:00Z,6301.0
2022-11-23T19:00:00Z,7540.0
2022-11-23T20:00:00Z,9656.0
2022-11-23T21:00:00Z,10767.0
2022-11-23T22:00:00Z,11275.0
2022-11-23T23:00:00Z,13151.0
2022-11-24T00:00:00Z,16364.0
2022-11-24T01:00:00Z,18572.0
2022-11-24T02:00:00Z,19277.0
2022-11-24T03:00:00Z,19321.0
2022-11-24T04:00:00Z,19266.0
2022-11-24T05:00:00Z,18425.0
2022-11-24T06:00:00Z,18203.0
2022-11-24T07:00:00Z,17575.0
2022-11-24T08:00:00Z,15816.0
2022-11-24T09:00:00Z,13202.0
2022-11-24T10:00:00Z,11702.0
2022-11-24T11:00:00Z,11538.0
2022-11-24T12:00:00Z,11564.0
2022-11-24T13:00:00Z,11049.0
2022-11-24T14:00:00Z,11573.0
2022-11-24T15:00:00Z,12145.0
2022-11-24T16:00:00Z,10713.0
2022-11-24T17:00:00Z,9438.0
2022-11-24T18:00:00Z,9852.0
2022-11-24T19:00:00Z,10911.0
2022-11-24T20:00:00Z,12621.0
2022-11-24T21:00:00Z,14033.0
2022-11-24T22:00:00Z,14554.0
2022-11-24T23:00:00Z,15262.0
2022-11-25T00:00:00Z,15885.0
2022-11-25T01:00:00Z,16448.0
2022-11-25T02:00:00Z,16624.0
2022-11-25T03:00:00Z,16302.0
2022-11-25T04:00:00Z,16601.0
2022-11-25T05:00:00Z,17306.0
2022-11-25T06:00:00Z,17810.0
2022-11-25T07:00:00Z,18357.0
2022-11-25T08:00:00Z,17925.0
2022-11-25T09:00:00Z,16785.0
2022-11-25T10:00:00Z,15793.0
2022-11-25T11:00:00Z,14263.0
2022-11-25T12:00:00Z,13488.0
2022-11-25T13:00:00Z,13154.0
2022-11-25T14:00:00Z,12525.0
2022-11-25T15:00:00Z,12005.0
2022-11-25T16:00:00Z,10951.0
2022-11-25T17:00:00Z,9514.0
2022-11-25T18:00:00Z,9368.0
2022-11-25T19:00:00Z,10801.0
2022-11-25T20:00:00Z,11369.0
2022-11-25T21:00:00Z,11117.0
2022-11-25T22:00:00Z,10648.0
2022-11-25T23:00:00Z,12045.0
2022-11-26T00:00:00Z,14906.0
2022-11-26T01:00:00Z,16585.0
2022-11-26T02:00:00Z,17248.0
2022-11-26T03:00:00Z,17835.0
2022-11-26T04:00:00Z,17712.0
2022-11-26T05:00:00Z,17941.0
2022-11-26T06:00:00Z,18059.0
2022-11-26T07:00:00Z,18432.0
2022-11-26T08:00:00Z,19638.0
2022-11-26T09:00:00Z,19198.0
2022-11-26T10:00:00Z,18462.0
2022-11-26T11:00:00Z,18790.0
2022-11-26T12:00:00Z,19626.0
2022-11-26T13:00:00Z,20083.0
2022-11-26T14:00:00Z,20569.0
2022-11-26T15:00:00Z,20015.0
2022-11-26T16:00:00Z,19464.0
2022-11-26T17:00:00Z,19085.0
2022-11-26T18:00:00Z,19195.0
2022-11-26T19:00:00Z,19060.0
2022-11-26T20:00:00Z,17811.0
2022-11-26T21:00:00Z,17068.0
2022-11-26T22:00:00Z,15413.0
2022-11-26T23:00:00Z,14530.0
2022-11-27T00:00:00Z,15565.0
2022-11-27T01:00:00Z,16275.0
2022-11-27T02:00:00Z,15965.0
2022-11-27T03:00:00Z,15441.0
2022-11-27T04:00:00Z,15695.0
2022-11-27T05:00:00Z,16383.0
2022-11-27T06:00:00Z,17293.0
2022-11-27T07:00:00Z,17284.0
2022-11-27T08:00:00Z,16491.0
2022-11-27T09:00:00Z,15988.0
2022-11-27T10:00:00Z,15611.0
2022-11-27T11:00:00Z,16041.0
2022-11-27T12:00:00Z,16402.0
2022-11-27T13:00:00Z,17246.0
2022-11-27T14:00:00Z,17682.0
2022-11-27T15:00:00Z,16859.0
2022-11-27T16:00:00Z,15527.0
2022-11-27T17:00:00Z,14414.0
2022-11-27T18:00:00Z,13754.0
2022-11-27T19:00:00Z,13379.0
2022-11-27T20:00:00Z,12876.0
2022-11-27T21:00:00Z,12288.0
2022-11-27T22:00:00Z,10724.0
2022-11-27T23:00:00Z,8751.0
2022-11-28T00:00:00Z,9042.0
2022-11-28T01:00:00Z,8455.0
2022-11-28T02:00:00Z,7644.0
2022-11-28T03:00:00Z,7029.0
2022-11-28T04:00:00Z,7087.0
2022-11-28T05:00:00Z,7374.0
2022-11-28T06:00:00Z,7960.0
2022-11-28T07:00:00Z,8931.0
2022-11-28T08:00:00Z,10315.0
2022-11-28T09:00:00Z,11332.0
2022-11-28T10:00:00Z,12769.0
2022-11-28T11:00:00Z,13978.0
2022-11-28T12:00:00Z,14931.0
2022-11-28T13:00:00Z,15869.0
2022-11-28T14:00:00Z,16632.0
2022-11-28T15:00:00Z,16726.0
2022-11-28T16:00:00Z,16822.0
2022-11-28T17:00:00Z,16556.0
2022-11-28T18:00:00Z,16991.0
2022-11-28T19:00:00Z,17348.0
2022-11-28T20:00:00Z,17285.0
2022-11-28T21:00:00Z,16979.0
2022-11-28T22:00:00Z,15923.0
2022-11-28T23:00:00Z,13876.0
2022-11-29T00:00:00Z,13461.0
2022-11-29T01:00:00Z,13696.0
2022-11-29T02:00:00Z,13926.0
2022-11-29T03:00:00Z,14416.0
2022-11-29T04:00:00Z,14252.0
2022-11-29T05:00:00Z,13974.0
2022-11-29T06:00:00Z,13834.0
2022-11-29T07:00:00Z,14028.0
2022-11-29T08:00:00Z,14269.0
2022-11-29T09:00:00Z,14967.0
2022-11-29T10:00:00Z,15164.0
2022-11-29T11:00:00Z,15893.0
2022-11-29T12:00:00Z,16608.0
2022-11-29T13:00:00Z,17599.0
2022-11-29T14:00:00Z,18323.0
2022-11-29T15:00:00Z,18751.0
2022-11-29T16:00:00Z,19929.0
2022-11-29T17:00:00Z,20317.0
2022-11-29T18:00:00Z,21105.0
2022-11-29T19:00:00Z,21482.0
2022-11-29T20:00:00Z,22105.0
2022-11-29T21:00:00Z,22289.0
2022-11-29T22:00:00Z,22314.0
2022-11-29T23:00:00Z,22414.0
2022-11-30T00:00:00Z,22488.0
2022-11-30T01:00:00Z,22784.0
2022-11-30T02:00:00Z,22928.0
2022-11-30T03:00:00Z,22650.0
2022-11-30T04:00:00Z,22171.0
2022-11-30T05:00:00Z,22439.0
2022-11-30T06:00:00Z,22454.0
2022-11-30T07:00:00Z,22454.0
2022-11-30T08:00:00Z,22563.0
2022-11-30T09:00:00Z,22614.0
2022-11-30T10:00:00Z,22599.0
2022-11-30T11:00:00Z,22672.0
2022-11-30T12:00:00Z,23411.0
2022-11-30T13:00:00Z,23926.0
2022-11-30T14:00:00Z,24294.0
2022-11-30T15:00:00Z,24309.0
2022-11-30T16:00:00Z,24234.0
2022-11-30T17:00:00Z,24335.0
2022-11-30T18:00:00Z,24483.0
2022-11-30T19:00:00Z,24117.0
2022-11-30T20:00:00Z,23478.0
2022-11-30T21:00:00Z,22706.0
2022-11-30T22:00:00Z,21197.0
2022-11-30T23:00:00Z,17837.0
2022-12-01T00:00:00Z,15515.0
2022-12-01T01:00:00Z,14718.0
2022-12-01T02:00:00Z,14131.0
2022-12-01T03:00:00Z,13053.0
2022-12-01T04:00:00Z,12183.0
2022-12-01T05:00:00Z,12231.0
2022-12-01T06:00:00Z,12920.0
2022-12-01T07:00:00Z,13045.0
2022-12-01T08:00:00Z,12905.0
2022-12-01T09:00:00Z,13710.0
2022-12-01T10:00:00Z,14940.0
2022-12-01T11:00:00Z,15583.0
2022-12-01T12:00:00Z,16442.0
2022-12-01T13:00:00Z,17946.0
2022-12-01T14:00:00Z,19074.0
2022-12-01T15:00:00Z,19574.0
2022-12-01T16:00:00Z,18650.0
2022-12-01T17:00:00Z,17992.0
2022-12-01T18:00:00Z,18005.0
2022-12-01T19:00:00Z,18269.0
2022-12-01T20:00:00Z,17954.0
2022-12-01T21:00:00Z,18614.0
2022-12-01T22:00:00Z,18904.0
2022-12-01T23:00:00Z,19416.0
2022-12-02T00:00:00Z,19937.0
2022-12-02T01:00:00Z,20548.0
2022-12-02T02:00:00Z,20797.0
2022-12-02T03:00:00Z,20969.0
2022-12-02T04:00:00Z,20360.0
2022-12-02T05:00:00Z,20191.0
2022-12-02T06:00:00Z,19618.0
2022-12-02T07:00:00Z,19653.0
2022-12-02T08:00:00Z,19552.0
2022-12-02T09:00:00Z,19640.0
2022-12-02T10:00:00Z,19997.0
2022-12-02T11:00:00Z,20569.0
2022-12-02T12:00:00Z,20481.0
2022-12-02T13:00:00Z,21249.0
2022-12-02T14:00:00Z,22520.0
2022-12-02T15:00:00Z,22988.0
2022-12-02T16:00:00Z,22941.0
2022-12-02T17:00:00Z,22307.0
2022-12-02T18:00:00Z,22015.0
2022-12-02T19:00:00Z,21525.0
2022-12-02T20:00:00Z,20966.0
2022-12-02T21:00:00Z,20964.0
2022-12-02T22:00:00Z,20536.0
2022-12-02T23:00:00Z,21594.0
2022-12-03T00:00:00Z,22602.0
2022-12-03T01:00:00Z,22991.0
2022-12-03T02:00:00Z,23051.0
2022-12-03T03:00:00Z,22662.0
2022-12-03T04:00:00Z,22850.0
2022-12-03T05:00:00Z,22393.0
2022-12-03T06:00:00Z,22383.0
2022-12-03T07:00:00Z,22419.0
2022-12-03T08:00:00Z,21703.0
2022-12-03T09:00:00Z,22243.0
2022-12-03T10:00:00Z,22237.0
2022-12-03T11:00:00Z,21244.0
2022-12-03T12:00:00Z,19911.0
2022-12-03T13:00:00Z,18149.0
2022-12-03T14:00:00Z,16162.0
2022-12-03T15:00:00Z,15857.0
2022-12-03T16:00:00Z,15356.0
2022-12-03T17:00:00Z,13103.0
2022-12-03T18:00:00Z,11729.0
2022-12-03T19:00:00Z,11013.0
2022-12-03T20:00:00Z,10042.0
2022-12-03T21:00:00Z,9068.0
2022-12-03T22:00:00Z,9047.0
2022-12-03T23:00:00Z,10669.0
2022-12-04T00:00:00Z,13992.0
2022-12-04T01:00:00Z,16361.0
2022-12-04T02:00:00Z,18390.0
2022-12-04T03:00:00Z,19277.0
2022-12-04T04:00:00Z,18919.0
2022-12-04T05:00:00Z,18282.0
2022-12-04T06:00:00Z,17637.0
2022-12-04T07:00:00Z,17423.0
2022-12-04T08:00:00Z,16741.0
2022-12-04T09:00:00Z,16323.0
2022-12-04T10:00:00Z,15521.0
2022-12-04T11:00:00Z,15321.0
2022-12-04T12:00:00Z,14897.0
2022-12-04T13:00:00Z,14609.0
2022-12-04T14:00:00Z,15150.0
2022-12-04T15:00:00Z,15053.0
2022-12-04T16:00:00Z,12959.0
2022-12-04T17:00:00Z,11445.0
2022-12-04T18:00:00Z,10682.0
2022-12-04T19:00:00Z,10455.0
2022-12-04T20:00:00Z,11065.0
2022-12-04T21:00:00Z,11772.0
2022-12-04T22:00:00Z,12509.0
2022-12-04T23:00:00Z,14657.0
2022-12-05T00:00:00Z,18036.0
2022-12-05T01:00:00Z,20356.0
2022-12-05T02:00:00Z,22179.0
2022-12-05T03:00:00Z,22288.0
2022-12-05T04:00:00Z,22308.0
2022-12-05T05:00:00Z,21482.0
2022-12-05T06:00:00Z,21102.0
2022-12-05T07:00:00Z,19900.0
2022-12-05T08:00:00Z,19538.0
2022-12-05T09:00:00Z,18694.0
2022-12-05T10:00:00Z,17046.0
2022-12-05T11:00:00Z,14859.0
2022-12-05T12:00:00Z,12685.0
2022-12-05T13:00:00Z,11011.0
2022-12-05T14:00:00Z,10373.0
2022-12-05T15:00:00Z,9548.0
2022-12-05T16:00:00Z,8799.0
2022-12-05T17:00:00Z,8845.0
2022-12-05T18:00:00Z,8979.0
2022-12-05T19:00:00Z,9107.0
2022-12-05T20:00:00Z,9496.0
2022-12-05T21:00:00Z,9916.0
2022-12-05T22:00:00Z,10364.0
2022-12-05T23:00:00Z,10688.0
2022-12-06T00:00:00Z,10750.0
2022-12-06T01:00:00Z,10715.0
2022-12-06T02:00:00Z,10234.0
2022-12-06T03:00:00Z,9401.0
2022-12-06T04:00:00Z,8078.0
2022-12-06T05:00:00Z,6679.0
2022-12-06T06:00:00Z,6329.0
2022-12-06T07:00:00Z,6628.0
2022-12-06T08:00:00Z,7799.0
2022-12-06T09:00:00Z,8743.0
2022-12-06T10:00:00Z,8112.0
2022-12-06T11:00:00Z,7414.0
2022-12-06T12:00:00Z,7120.0
2022-12-06T13:00:00Z,7064.0
2022-12-06T14:00:00Z,6283.0
2022-12-06T15:00:00Z,5867.0
2022-12-06T16:00:00Z,4963.0
2022-12-06T17:00:00Z,4909.0
2022-12-06T18:00:00Z,5049.0
2022-12-06T19:00:00Z,5121.0
2022-12-06T20:00:00Z,4333.0
2022-12-06T21:00:00Z,3191.0
2022-12-06T22:00:00Z,2609.0
2022-12-06T23:00:00Z,2236.0
2022-12-07T00:00:00Z,2246.0
2022-12-07T01:00:00Z,2297.0
2022-12-07T02:00:00Z,2130.0
2022-12-07T03:00:00Z,2280.0
2022-12-07T04:00:00Z,2099.0
2022-12-07T05:00:00Z,2404.0
2022-12-07T06:00:00Z,3056.0
2022-12-07T07:00:00Z,3529.0
2022-12-07T08:00:00Z,3779.0
2022-12-07T09:00:00Z,3944.0
2022-12-07T10:00:00Z,4120.0
2022-12-07T11:00:00Z,4663.0
2022-12-07T12:00:00Z,5466.0
2022-12-07T13:00:00Z,6653.0
2022-12-07T14:00:00Z,6873.0
2022-12-07T15:00:00Z,7614.0
2022-12-07T16:00:00Z,6932.0
2022-12-07T17:00:00Z,6116.0
2022-12-07T18:00:00Z,5376.0
2022-12-07T19:00:00Z,5250.0
2022-12-07T20:00:00Z,5375.0
2022-12-07T21:00:00Z,5495.0
2022-12-07T22:00:00Z,5671.0
2022-12-07T23:00:00Z,6213.0
2022-12-08T00:00:00Z,7459.0
2022-12-08T01:00:00Z,8757.0
2022-12-08T02:00:00Z,9569.0
2022-12-08T03:00:00Z,9869.0
2022-12-08T04:00:00Z,10456.0
2022-12-08T05:00:00Z,10492.0
2022-12-08T06:00:00Z,10391.0
2022-12-08T07:00:00Z,10357.0
2022-12-08T08:00:00Z,10556.0
2022-12-08T09:00:00Z,10587.0
2022-12-08T10:00:00Z,10347.0
2022-12-08T11:00:00Z,9896.0
2022-12-08T12:00:00Z,9455.0
2022-12-08T13:00:00Z,9264.0
2022-12-08T14:00:00Z,9055.0
2022-12-08T15:00:00Z,8697.0
2022-12-08T16:00:00Z,7498.0
2022-12-08T17:00:00Z,5804.0
2022-12-08T18:00:00Z,4698.0
2022-12-08T19:00:00Z,3882.0
2022-12-08T20:00:00Z,3658.0
2022-12-08T21:00:00Z,4388.0
2022-12-08T22:00:00Z,5197.0
2022-12-08T23:00:00Z,6513.0
2022-12-09T00:00:00Z,9002.0
2022-12-09T01:00:00Z,10713.0
2022-12-09T02:00:00Z,11073.0
2022-12-09T03:00:00Z,12143.0
2022-12-09T04:00:00Z,11877.0
2022-12-09T05:00:00Z,10685.0
2022-12-09T06:00:00Z,10129.0
2022-12-09T07:00:00Z,9348.0
2022-12-09T08:00:00Z,8595.0
2022-12-09T09:00:00Z,8660.0
2022-12-09T10:00:00Z,8922.0
2022-12-09T11:00:00Z,9621.0
2022-12-09T12:00:00Z,10346.0
2022-12-09T13:00:00Z,10217.0
2022-12-09T14:00:00Z,9452.0
2022-12-09T15:00:00Z,8712.0
2022-12-09T16:00:00Z,7879.0
2022-12-09T17:00:00Z,7333.0
2022-12-09T18:00:00Z,6401.0
2022-12-09T19:00:00Z,5711.0
2022-12-09T20:00:00Z,5209.0
2022-12-09T21:00:00Z,4630.0
2022-12-09T22:00:00Z,4768.0
2022-12-09T23:00:00Z,5087.0
2022-12-10T00:00:00Z,5329.0
2022-12-10T01:00:00Z,5337.0
2022-12-10T02:00:00Z,5104.0
2022-12-10T03:00:00Z,5592.0
2022-12-10T04:00:00Z,5815.0
2022-12-10T05:00:00Z,5229.0
2022-12-10T06:00:00Z,5056.0
2022-12-10T07:00:00Z,5068.0
2022-12-10T08:00:00Z,5444.0
2022-12-10T09:00:00Z,5618.0
2022-12-10T10:00:00Z,5741.0
2022-12-10T11:00:00Z,5785.0
2022-12-10T12:00:00Z,5975.0
2022-12-10T13:00:00Z,5614.0
2022-12-10T14:00:00Z,4783.0
2022-12-10T15:00:00Z,3879.0
2022-12-10T16:00:00Z,3490.0
2022-12-10T17:00:00Z,3378.0
2022-12-10T18:00:00Z,3345.0
2022-12-10T19:00:00Z,2982.0
2022-12-10T20:00:00Z,3192.0
2022-12-10T21:00:00Z,3663.0
2022-12-10T22:00:00Z,3542.0
2022-12-10T23:00:00Z,3184.0
2022-12-11T00:00:00Z,2734.0
2022-12-11T01:00:00Z,3152.0
2022-12-11T02:00:00Z,3094.0
2022-12-11T03:00:00Z,2608.0
2022-12-11T04:00:00Z,2170.0
2022-12-11T05:00:00Z,1971.0
2022-12-11T06:00:00Z,1532.0
2022-12-11T07:00:00Z,1798.0
2022-12-11T08:00:00Z,2136.0
2022-12-11T09:00:00Z,2344.0
2022-12-11T10:00:00Z,2734.0
2022-12-11T11:00:00Z,2857.0
2022-12-11T12:00:00Z,2751.0
2022-12-11T13:00:00Z,2979.0
2022-12-11T14:00:00Z,3390.0
2022-12-11T15:00:00Z,3995.0
2022-12-11T16:00:00Z,4649.0
2022-12-11T17:00:00Z,4935.0
2022-12-11T18:00:00Z,5226.0
2022-12-11T19:00:00Z,5820.0
2022-12-11T20:00:00Z,6489.0
2022-12-11T21:00:00Z,6830.0
2022-12-11T22:00:00Z,7259.0
2022-12-11T23:00:00Z,7935.0
2022-12-12T00:00:00Z,8271.0
2022-12-12T01:00:00Z,8763.0
2022-12-12T02:00:00Z,9805.0
2022-12-12T03:00:00Z,10477.0
2022-12-12T04:00:00Z,10929.0
2022-12-12T05:00:00Z,11299.0
2022-12-12T06:00:00Z,11842.0
2022-12-12T07:00:00Z,12183.0
2022-12-12T08:00:00Z,12441.0
2022-12-12T09:00:00Z,12947.0
2022-12-12T10:00:00Z,13145.0
2022-12-12T11:00:00Z,13057.0
2022-12-12T12:00:00Z,13492.0
2022-12-12T13:00:00Z,13601.0
2022-12-12T14:00:00Z,14019.0
2022-12-12T15:00:00Z,14518.0
2022-12-12T16:00:00Z,14813.0
2022-12-12T17:00:00Z,14890.0
2022-12-12T18:00:00Z,14927.0
2022-12-12T19:00:00Z,15166.0
2022-12-12T20:00:00Z,15463.0
2022-12-12T21:00:00Z,15466.0
2022-12-12T22:00:00Z,15468.0
2022-12-12T23:00:00Z,15746.0
2022-12-13T00:00:00Z,16169.0
2022-12-13T01:00:00Z,16877.0
2022-12-13T02:00:00Z,17313.0
2022-12-13T03:00:00Z,17150.0
2022-12-13T04:00:00Z,17726.0
2022-12-13T05:00:00Z,17899.0
2022-12-13T06:00:00Z,17596.0
2022-12-13T07:00:00Z,17583.0
2022-12-13T08:00:00Z,17572.0
2022-12-13T09:00:00Z,17815.0
2022-12-13T10:00:00Z,17664.0
2022-12-13T11:00:00Z,17258.0
2022-12-13T12:00:00Z,17399.0
2022-12-13T13:00:00Z,17393.0
2022-12-13T14:00:00Z,17758.0
2022-12-13T15:00:00Z,18309.0
2022-12-13T16:00:00Z,18265.0
2022-12-13T17:00:00Z,18599.0
2022-12-13T18:00:00Z,18694.0
2022-12-13T19:00:00Z,18720.0
2022-12-13T20:00:00Z,18851.0
2022-12-13T21:00:00Z,19367.0
2022-12-13T22:00:00Z,19659.0
2022-12-13T23:00:00Z,19673.0
2022-12-14T00:00:00Z,19820.0
2022-12-14T01:00:00Z,20194.0
2022-12-14T02:00:00Z,20364.0
2022-12-14T03:00:00Z,20268.0
2022-12-14T04:00:00Z,19875.0
2022-12-14T05:00:00Z,19402.0
2022-12-14T06:00:00Z,19018.0
2022-12-14T07:00:00Z,18999.0
2022-12-14T08:00:00Z,18692.0
2022-12-14T09:00:00Z,18404.0
2022-12-14T10:00:00Z,18290.0
2022-12-14T11:00:00Z,18062.0
2022-12-14T12:00:00Z,17916.0
2022-12-14T13:00:00Z,17816.0
2022-12-14T14:00:00Z,17321.0
2022-12-14T15:00:00Z,16942.0
2022-12-14T16:00:00Z,15575.0
2022-12-14T17:00:00Z,14879.0
2022-12-14T18:00:00Z,14043.0
2022-12-14T19:00:00Z,13036.0
2022-12-14T20:00:00Z,12832.0
2022-12-14T21:00:00Z,12784.0
2022-12-14T22:00:00Z,11761.0
2022-12-14T23:00:00Z,10729.0
2022-12-15T00:00:00Z,10011.0
2022-12-15T01:00:00Z,8798.0
2022-12-15T02:00:00Z,7809.0
2022-12-15T03:00:00Z,8323.0
2022-12-15T04:00:00Z,8572.0
2022-12-15T05:00:00Z,8531.0
2022-12-15T06:00:00Z,8483.0
2022-12-15T07:00:00Z,8722.0
2022-12-15T08:00:00Z,9058.0
2022-12-15T09:00:00Z,9876.0
2022-12-15T10:00:00Z,11161.0
2022-12-15T11:00:00Z,11190.0
2022-12-15T12:00:00Z,11714.0
2022-12-15T13:00:00Z,12204.0
2022-12-15T14:00:00Z,13514.0
2022-12-15T15:00:00Z,15436.0
2022-12-15T16:00:00Z,17394.0
2022-12-15T17:00:00Z,19103.0
2022-12-15T18:00:00Z,19825.0
2022-12-15T19:00:00Z,20126.0
2022-12-15T20:00:00Z,20257.0
2022-12-15T21:00:00Z,19748.0
2022-12-15T22:00:00Z,19055.0
2022-12-15T23:00:00Z,18945.0
2022-12-16T00:00:00Z,19142.0
2022-12-16T01:00:00Z,19538.0
2022-12-16T02:00:00Z,19600.0
2022-12-16T03:00:00Z,19571.0
2022-12-16T04:00:00Z,19902.0
2022-12-16T05:00:00Z,19765.0
2022-12-16T06:00:00Z,19354.0
2022-12-16T07:00:00Z,18843.0
2022-12-16T08:00:00Z,18849.0
2022-12-16T09:00:00Z,18519.0
2022-12-16T10:00:00Z,18468.0
2022-12-16T11:00:00Z,18842.0
2022-12-16T12:00:00Z,19322.0
2022-12-16T13:00:00Z,18915.0
2022-12-16T14:00:00Z,19830.0
2022-12-16T15:00:00Z,19685.0
2022-12-16T16:00:00Z,20225.0
2022-12-16T17:00:00Z,20700.0
2022-12-16T18:00:00Z,20713.0
2022-12-16T19:00:00Z,20718.0
2022-12-16T20:00:00Z,20856.0
2022-12-16T21:00:00Z,21175.0
2022-12-16T22:00:00Z,21447.0
2022-12-16T23:00:00Z,21553.0
2022-12-17T00:00:00Z,21668.0
2022-12-17T01:00:00Z,21797.0
2022-12-17T02:00:00Z,21524.0
2022-12-17T03:00:00Z,21580.0
2022-12-17T04:00:00Z,21228.0
2022-12-17T05:00:00Z,20491.0
2022-12-17T06:00:00Z,19537.0
2022-12-17T07:00:00Z,18614.0
2022-12-17T08:00:00Z,18426.0
2022-12-17T09:00:00Z,18264.0
2022-12-17T10:00:00Z,18011.0
2022-12-17T11:00:00Z,18249.0
2022-12-17T12:00:00Z,18448.0
2022-12-17T13:00:00Z,18773.0
2022-12-17T14:00:00Z,19459.0
2022-12-17T15:00:00Z,19881.0
2022-12-17T16:00:00Z,20317.0
2022-12-17T17:00:00Z,20732.0
2022-12-17T18:00:00Z,20665.0
2022-12-17T19:00:00Z,20451.0
2022-12-17T20:00:00Z,20779.0
2022-12-17T21:00:00Z,20892.0
2022-12-17T22:00:00Z,20741.0
2022-12-17T23:00:00Z,20911.0
2022-12-18T00:00:00Z,21252.0
2022-12-18T01:00:00Z,21047.0
2022-12-18T02:00:00Z,20875.0
2022-12-18T03:00:00Z,20158.0
2022-12-18T04:00:00Z,19421.0
2022-12-18T05:00:00Z,18207.0
2022-12-18T06:00:00Z,16727.0
2022-12-18T07:00:00Z,15729.0
2022-12-18T08:00:00Z,15157.0
2022-12-18T09:00:00Z,13827.0
2022-12-18T10:00:00Z,13064.0
2022-12-18T11:00:00Z,12325.0
2022-12-18T12:00:00Z,11859.0
2022-12-18T13:00:00Z,11563.0
2022-12-18T14:00:00Z,11004.0
2022-12-18T15:00:00Z,9909.0
2022-12-18T16:00:00Z,8166.0
2022-12-18T17:00:00Z,6724.0
2022-12-18T18:00:00Z,5809.0
2022-12-18T19:00:00Z,5443.0
2022-12-18T20:00:00Z,5171.0
2022-12-18T21:00:00Z,4843.0
2022-12-18T22:00:00Z,4460.0
2022-12-18T23:00:00Z,4236.0
2022-12-19T00:00:00Z,4567.0
2022-12-19T01:00:00Z,5606.0
2022-12-19T02:00:00Z,6249.0
2022-12-19T03:00:00Z,5850.0
2022-12-19T04:00:00Z,5244.0
2022-12-19T05:00:00Z,4825.0
2022-12-19T06:00:00Z,4844.0
2022-12-19T07:00:00Z,5163.0
2022-12-19T08:00:00Z,5721.0
2022-12-19T09:00:00Z,6736.0
2022-12-19T10:00:00Z,7600.0
2022-12-19T11:00:00Z,8136.0
2022-12-19T12:00:00Z,8319.0
2022-12-19T13:00:00Z,8732.0
2022-12-19T14:00:00Z,9068.0
2022-12-19T15:00:00Z,9014.0
2022-12-19T16:00:00Z,8427.0
2022-12-19T17:00:00Z,7225.0
2022-12-19T18:00:00Z,6034.0
2022-12-19T19:00:00Z,5546.0
2022-12-19T20:00:00Z,4754.0
2022-12-19T21:00:00Z,4627.0
2022-12-19T22:00:00Z,4786.0
2022-12-19T23:00:00Z,4906.0
2022-12-20T00:00:00Z,5693.0
2022-12-20T01:00:00Z,7691.0
2022-12-20T02:00:00Z,8813.0
2022-12-20T03:00:00Z,10277.0
2022-12-20T04:00:00Z,11502.0
2022-12-20T05:00:00Z,11694.0
2022-12-20T06:00:00Z,11852.0
2022-12-20T07:00:00Z,11514.0
2022-12-20T08:00:00Z,10974.0
2022-12-20T09:00:00Z,10653.0
2022-12-20T10:00:00Z,10778.0
2022-12-20T11:00:00Z,11554.0
2022-12-20T12:00:00Z,11704.0
2022-12-20T13:00:00Z,10800.0
2022-12-20T14:00:00Z,9795.0
2022-12-20T15:00:00Z,9380.0
2022-12-20T16:00:00Z,8602.0
2022-12-20T17:00:00Z,7910.0
2022-12-20T18:00:00Z,7402.0
2022-12-20T19:00:00Z,7683.0
2022-12-20T20:00:00Z,7478.0
2022-12-20T21:00:00Z,6771.0
2022-12-20T22:00:00Z,5845.0
2022-12-20T23:00:00Z,5333.0
2022-12-21T00:00:00Z,5571.0
2022-12-21T01:00:00Z,5862.0
2022-12-21T02:00:00Z,5860.0
2022-12-21T03:00:00Z,5787.0
2022-12-21T04:00:00Z,5275.0
2022-12-21T05:00:00Z,4681.0
2022-12-21T06:00:00Z,3879.0
2022-12-21T07:00:00Z,3261.0
2022-12-21T08:00:00Z,2726.0
2022-12-21T09:00:00Z,2698.0
2022-12-21T10:00:00Z,2636.0
2022-12-21T11:00:00Z,3164.0
2022-12-21T12:00:00Z,3341.0
2022-12-21T13:00:00Z,3748.0
2022-12-21T14:00:00Z,4312.0
2022-12-21T15:00:00Z,4359.0
2022-12-21T16:00:00Z,4407.0
2022-12-21T17:00:00Z,4451.0
2022-12-21T18:00:00Z,3943.0
2022-12-21T19:00:00Z,4090.0
2022-12-21T20:00:00Z,3928.0
2022-12-21T21:00:00Z,4098.0
2022-12-21T22:00:00Z,4427.0
2022-12-21T23:00:00Z,4386.0
2022-12-22T00:00:00Z,4360.0
2022-12-22T01:00:00Z,5292.0
2022-12-22T02:00:00Z,7462.0
2022-12-22T03:00:00Z,10093.0
2022-12-22T04:00:00Z,11950.0
2022-12-22T05:00:00Z,13138.0
2022-12-22T06:00:00Z,14618.0
2022-12-22T07:00:00Z,15748.0
2022-12-22T08:00:00Z,16284.0
2022-12-22T09:00:00Z,16725.0
2022-12-22T10:00:00Z,17006.0
2022-12-22T11:00:00Z,17052.0
2022-12-22T12:00:00Z,16995.0
2022-12-22T13:00:00Z,17352.0
2022-12-22T14:00:00Z,17444.0
2022-12-22T15:00:00Z,17689.0
2022-12-22T16:00:00Z,17639.0
2022-12-22T17:00:00Z,17544.0
2022-12-22T18:00:00Z,17873.0
2022-12-22T19:00:00Z,18392.0
2022-12-22T20:00:00Z,19052.0
2022-12-22T21:00:00Z,19446.0
2022-12-22T22:00:00Z,19765.0
2022-12-22T23:00:00Z,19971.0
2022-12-23T00:00:00Z,20072.0
2022-12-23T01:00:00Z,20070.0
2022-12-23T02:00:00Z,19809.0
2022-12-23T03:00:00Z,19717.0
2022-12-23T04:00:00Z,19865.0
2022-12-23T05:00:00Z,20155.0
2022-12-23T06:00:00Z,19875.0
2022-12-23T07:00:00Z,19911.0
2022-12-23T08:00:00Z,20308.0
2022-12-23T09:00:00Z,20850.0
2022-12-23T10:00:00Z,20983.0
2022-12-23T11:00:00Z,20846.0
2022-12-23T12:00:00Z,20651.0
2022-12-23T13:00:00Z,19980.0
2022-12-23T14:00:00Z,20412.0
2022-12-23T15:00:00Z,20100.0
2022-12-23T16:00:00Z,20131.0
2022-12-23T17:00:00Z,20189.0
2022-12-23T18:00:00Z,20442.0
2022-12-23T19:00:00Z,19659.0
2022-12-23T20:00:00Z,19538.0
2022-12-23T21:00:00Z,19588.0
2022-12-23T22:00:00Z,19737.0
2022-12-23T23:00:00Z,19614.0
2022-12-24T00:00:00Z,19965.0
2022-12-24T01:00:00Z,19131.0
2022-12-24T02:00:00Z,18371.0
2022-12-24T03:00:00Z,18870.0
2022-12-24T04:00:00Z,18626.0
2022-12-24T05:00:00Z,17286.0
2022-12-24T06:00:00Z,17179.0
2022-12-24T07:00:00Z,17981.0
2022-12-24T08:00:00Z,17165.0
2022-12-24T09:00:00Z,16862.0
2022-12-24T10:00:00Z,16860.0
2022-12-24T11:00:00Z,17271.0
2022-12-24T12:00:00Z,17762.0
2022-12-24T13:00:00Z,18001.0
2022-12-24T14:00:00Z,17818.0
2022-12-24T15:00:00Z,17109.0
2022-12-24T16:00:00Z,16836.0
2022-12-24T17:00:00Z,16468.0
2022-12-24T18:00:00Z,16341.0
2022-12-24T19:00:00Z,16069.0
2022-12-24T20:00:00Z,16167.0
2022-12-24T21:00:00Z,17033.0
2022-12-24T22:00:00Z,17320.0
2022-12-24T23:00:00Z,17268.0
2022-12-25T00:00:00Z,17339.0
2022-12-25T01:00:00Z,17286.0
2022-12-25T02:00:00Z,17285.0
2022-12-25T03:00:00Z,17671.0
2022-12-25T04:00:00Z,17720.0
2022-12-25T05:00:00Z,17571.0
2022-12-25T06:00:00Z,17308.0
2022-12-25T07:00:00Z,17078.0
2022-12-25T08:00:00Z,17047.0
2022-12-25T09:00:00Z,17089.0
2022-12-25T10:00:00Z,16974.0
2022-12-25T11:00:00Z,16860.0
2022-12-25T12:00:00Z,15284.0
2022-12-25T13:00:00Z,13982.0
2022-12-25T14:00:00Z,12504.0
2022-12-25T15:00:00Z,11113.0
2022-12-25T16:00:00Z,9528.0
2022-12-25T17:00:00Z,7874.0
2022-12-25T18:00:00Z,7117.0
2022-12-25T19:00:00Z,7754.0
2022-12-25T20:00:00Z,8585.0
2022-12-25T21:00:00Z,9575.0
2022-12-25T22:00:00Z,10185.0
2022-12-25T23:00:00Z,10633.0
2022-12-26T00:00:00Z,11003.0
2022-12-26T01:00:00Z,10918.0
2022-12-26T02:00:00Z,10516.0
2022-12-26T03:00:00Z,10102.0
2022-12-26T04:00:00Z,10013.0
2022-12-26T05:00:00Z,10404.0
2022-12-26T06:00:00Z,10041.0
2022-12-26T07:00:00Z,10166.0
2022-12-26T08:00:00Z,10027.0
2022-12-26T09:00:00Z,10115.0
2022-12-26T10:00:00Z,10773.0
2022-12-26T11:00:00Z,10869.0
2022-12-26T12:00:00Z,11262.0
2022-12-26T13:00:00Z,11459.0
2022-12-26T14:00:00Z,11168.0
2022-12-26T15:00:00Z,11200.0
2022-12-26T16:00:00Z,10919.0
2022-12-26T17:00:00Z,10015.0
2022-12-26T18:00:00Z,8659.0
2022-12-26T19:00:00Z,6954.0
2022-12-26T20:00:00Z,5257.0
2022-12-26T21:00:00Z,4650.0
2022-12-26T22:00:00Z,5504.0
2022-12-26T23:00:00Z,5689.0
2022-12-27T00:00:00Z,5552.0
2022-12-27T01:00:00Z,5818.0
2022-12-27T02:00:00Z,6025.0
2022-12-27T03:00:00Z,6995.0
2022-12-27T04:00:00Z,8477.0
2022-12-27T05:00:00Z,9647.0
2022-12-27T06:00:00Z,10778.0
2022-12-27T07:00:00Z,12093.0
2022-12-27T08:00:00Z,13132.0
2022-12-27T09:00:00Z,13818.0
2022-12-27T10:00:00Z,14413.0
2022-12-27T11:00:00Z,15144.0
2022-12-27T12:00:00Z,15790.0
2022-12-27T13:00:00Z,16412.0
2022-12-27T14:00:00Z,17019.0
2022-12-27T15:00:00Z,17535.0
2022-12-27T16:00:00Z,18044.0
2022-12-27T17:00:00Z,18405.0
2022-12-27T18:00:00Z,18903.0
2022-12-27T19:00:00Z,19519.0
2022-12-27T20:00:00Z,19412.0
2022-12-27T21:00:00Z,19607.0
2022-12-27T22:00:00Z,19517.0
2022-12-27T23:00:00Z,19823.0
2022-12-28T00:00:00Z,20491.0
2022-12-28T01:00:00Z,21500.0
2022-12-28T02:00:00Z,21737.0
2022-12-28T03:00:00Z,21774.0
2022-12-28T04:00:00Z,21438.0
2022-12-28T05:00:00Z,21333.0
2022-12-28T06:00:00Z,21034.0
2022-12-28T07:00:00Z,20079.0
2022-12-28T08:00:00Z,19628.0
2022-12-28T09:00:00Z,19182.0
2022-12-28T10:00:00Z,19005.0
2022-12-28T11:00:00Z,19578.0
2022-12-28T12:00:00Z,19703.0
2022-12-28T13:00:00Z,20333.0
2022-12-28T14:00:00Z,21229.0
2022-12-28T15:00:00Z,20518.0
2022-12-28T16:00:00Z,19750.0
2022-12-28T17:00:00Z,19944.0
2022-12-28T18:00:00Z,19347.0
2022-12-28T19:00:00Z,17879.0
2022-12-28T20:00:00Z,17105.0
2022-12-28T21:00:00Z,17347.0
2022-12-28T22:00:00Z,17417.0
2022-12-28T23:00:00Z,16907.0
2022-12-29T00:00:00Z,17673.0
2022-12-29T01:00:00Z,18136.0
2022-12-29T02:00:00Z,18578.0
2022-12-29T03:00:00Z,18261.0
2022-12-29T04:00:00Z,17688.0
2022-12-29T05:00:00Z,16981.0
2022-12-29T06:00:00Z,16353.0
2022-12-29T07:00:00Z,15487.0
2022-12-29T08:00:00Z,15172.0
2022-12-29T09:00:00Z,14867.0
2022-12-29T10:00:00Z,14689.0
2022-12-29T11:00:00Z,14063.0
2022-12-29T12:00:00Z,13256.0
2022-12-29T13:00:00Z,12361.0
2022-12-29T14:00:00Z,11744.0
2022-12-29T15:00:00Z,11850.0
2022-12-29T16:00:00Z,11725.0
2022-12-29T17:00:00Z,12164.0
2022-12-29T18:00:00Z,11691.0
2022-12-29T19:00:00Z,12269.0
2022-12-29T20:00:00Z,12564.0
2022-12-29T21:00:00Z,12389.0
2022-12-29T22:00:00Z,13008.0
2022-12-29T23:00:00Z,13797.0
2022-12-30T00:00:00Z,14790.0
2022-12-30T01:00:00Z,16050.0
2022-12-30T02:00:00Z,17444.0
2022-12-30T03:00:00Z,18290.0
2022-12-30T04:00:00Z,18385.0
2022-12-30T05:00:00Z,16751.0
2022-12-30T06:00:00Z,14956.0
2022-12-30T07:00:00Z,14217.0
2022-12-30T08:00:00Z,13482.0
2022-12-30T09:00:00Z,11716.0
2022-12-30T10:00:00Z,10521.0
2022-12-30T11:00:00Z,9469.0
2022-12-30T12:00:00Z,8175.0
2022-12-30T13:00:00Z,7457.0
2022-12-30T14:00:00Z,6109.0
2022-12-30T15:00:00Z,5339.0
2022-12-30T16:00:00Z,4763.0
2022-12-30T17:00:00Z,4501.0
2022-12-30T18:00:00Z,4357.0
2022-12-30T19:00:00Z,3970.0
2022-12-30T20:00:00Z,3459.0
2022-12-30T21:00:00Z,3158.0
2022-12-30T22:00:00Z,3780.0
2022-12-30T23:00:00Z,5060.0
2022-12-31T00:00:00Z,6873.0
2022-12-31T01:00:00Z,9163.0
2022-12-31T02:00:00Z,10257.0
2022-12-31T03:00:00Z,11209.0
2022-12-31T04:00:00Z,11772.0
2022-12-31T05:00:00Z,12016.0
2022-12-31T06:00:00Z,12146.0
2022-12-31T07:00:00Z,11914.0
2022-12-31T08:00:00Z,11840.0
2022-12-31T09:00:00Z,11870.0
2022-12-31T10:00:00Z,12502.0
2022-12-31T11:00:00Z,12691.0
2022-12-31T12:00:00Z,12931.0
2022-12-31T13:00:00Z,13160.0
2022-12-31T14:00:00Z,13672.0
2022-12-31T15:00:00Z,13971.0
2022-12-31T16:00:00Z,13893.0
2022-12-31T17:00:00Z,13175.0
2022-12-31T18:00:00Z,12448.0
2022-12-31T19:00:00Z,11370.0
2022-12-31T20:00:00Z,10218.0
2022-12-31T21:00:00Z,9797.0
2022-12-31T22:00:00Z,8605.0
2022-12-31T23:00:00Z,7225.0
