county_fips,county_name,state_name,weather_source,county_pop_lat,county_pop_lon,selected_gid,grid_lat,grid_lon,distance_km
01001,Autauga County,Alabama,wtk,32.500197,-86.487818,1827777,32.49822,-86.487335,0.224451
01001,Autauga County,Alabama,bchrrr,32.500197,-86.487818,1827777,32.49822,-86.487335,0.224451
01001,Autauga County,Alabama,nsrdb,32.500197,-86.487818,926773,32.49,-86.5,1.60964
01003,Baldwin County,Alabama,wtk,30.537375,-87.761515,1772629,30.54324,-87.76813,0.909203
01003,Baldwin County,Alabama,bchrrr,30.537375,-87.761515,1772629,30.54324,-87.76813,0.909203
01003,Baldwin County,Alabama,nsrdb,30.537375,-87.761515,900257,30.53,-87.78,1.951121
01005,Barbour County,Alabama,wtk,31.844091,-85.301177,1891804,31.841358,-85.31064,0.944123
01005,Barbour County,Alabama,bchrrr,31.844091,-85.301177,1891804,31.841358,-85.31064,0.944123
01005,Barbour County,Alabama,nsrdb,31.844091,-85.301177,951038,31.85,-85.3,0.666391
01007,Bibb County,Alabama,wtk,33.032235,-87.136807,1790289,33.036755,-87.13205,0.670263
01007,Bibb County,Alabama,bchrrr,33.032235,-87.136807,1790289,33.036755,-87.13205,0.670263
01007,Bibb County,Alabama,nsrdb,33.032235,-87.136807,913752,33.05,-87.14,1.997676
01009,Blount County,Alabama,wtk,33.954605,-86.592575,1812051,33.957466,-86.58725,0.585169
01009,Blount County,Alabama,bchrrr,33.954605,-86.592575,1812051,33.957466,-86.58725,0.585169
01009,Blount County,Alabama,nsrdb,33.954605,-86.592575,925138,33.97,-86.58,2.067709
01011,Bullock County,Alabama,wtk,32.115906,-85.702397,1870054,32.12251,-85.69827,0.830845
01011,Bullock County,Alabama,bchrrr,32.115906,-85.702397,1870054,32.12251,-85.69827,0.830845
01011,Bullock County,Alabama,nsrdb,32.115906,-85.702397,942799,32.13,-85.7,1.583357
01013,Butler County,Alabama,wtk,31.776019,-86.652362,1824379,31.783787,-86.65192,0.864773
01013,Butler County,Alabama,bchrrr,31.776019,-86.652362,1824379,31.783787,-86.65192,0.864773
01013,Butler County,Alabama,nsrdb,31.776019,-86.652362,923577,31.77,-86.66,0.984515
01015,Calhoun County,Alabama,wtk,33.727216,-85.817938,1852023,33.732304,-85.82327,0.75048
01015,Calhoun County,Alabama,bchrrr,33.727216,-85.817938,1852023,33.732304,-85.82327,0.75048
01015,Calhoun County,Alabama,nsrdb,33.727216,-85.817938,940278,33.73,-85.82,0.363586
01017,Chambers County,Alabama,wtk,32.856442,-85.259676,1886249,32.861378,-85.25653,0.622571
01017,Chambers County,Alabama,bchrrr,32.856442,-85.259676,1886249,32.861378,-85.25653,0.622571
01017,Chambers County,Alabama,nsrdb,32.856442,-85.259676,951838,32.85,-85.26,0.716958
01019,Cherokee County,Alabama,wtk,34.180503,-85.62989,1858505,34.171104,-85.621826,1.281641
01019,Cherokee County,Alabama,bchrrr,34.180503,-85.62989,1858505,34.171104,-85.621826,1.281641
01019,Cherokee County,Alabama,nsrdb,34.180503,-85.62989,944404,34.17,-85.62,1.480448
01021,Chilton County,Alabama,wtk,32.879144,-86.688902,1814258,32.884956,-86.69415,0.811061
01021,Chilton County,Alabama,bchrrr,32.879144,-86.688902,1814258,32.884956,-86.69415,0.811061
01021,Chilton County,Alabama,nsrdb,32.879144,-86.688902,922737,32.89,-86.7,1.590945
01023,Choctaw County,Alabama,wtk,32.016122,-88.262418,1736052,32.020733,-88.254364,0.916223
01023,Choctaw County,Alabama,bchrrr,32.016122,-88.262418,1736052,32.020733,-88.254364,0.916223
01023,Choctaw County,Alabama,nsrdb,32.016122,-88.262418,889725,32.01,-88.26,0.717898
01025,Clarke County,Alabama,wtk,31.683493,-87.815825,1762100,31.69255,-87.821075,1.12294
01025,Clarke County,Alabama,bchrrr,31.683493,-87.815825,1762100,31.69255,-87.821075,1.12294
01025,Clarke County,Alabama,nsrdb,31.683493,-87.815825,899359,31.69,-87.82,0.824362
01027,Clay County,Alabama,wtk,33.274343,-85.817183,1855246,33.27316,-85.827484,0.966631
01027,Clay County,Alabama,bchrrr,33.274343,-85.817183,1855246,33.27316,-85.827484,0.966631
01027,Clay County,Alabama,nsrdb,33.274343,-85.817183,940289,33.29,-85.82,1.760564
01029,Cleburne County,Alabama,wtk,33.62522,-85.495735,1869080,33.622314,-85.486694,0.897318
01029,Cleburne County,Alabama,bchrrr,33.62522,-85.495735,1869080,33.622314,-85.486694,0.897318
01029,Cleburne County,Alabama,nsrdb,33.62522,-85.495735,946879,33.61,-85.5,1.737858
01031,Coffee County,Alabama,wtk,31.353218,-85.899579,1865780,31.358929,-85.8992,0.636054
01031,Coffee County,Alabama,bchrrr,31.353218,-85.899579,1865780,31.358929,-85.8992,0.636054
01031,Coffee County,Alabama,nsrdb,31.353218,-85.899579,938690,31.37,-85.9,1.866504
01033,Colbert County,Alabama,wtk,34.724343,-87.681889,1749265,34.720837,-87.687775,0.664352
01033,Colbert County,Alabama,bchrrr,34.724343,-87.681889,1749265,34.720837,-87.687775,0.664352
01033,Colbert County,Alabama,nsrdb,34.724343,-87.681889,901890,34.73,-87.7,1.770635
01035,Conecuh County,Alabama,wtk,31.416416,-86.997511,1808514,31.416985,-87.0011,0.346401
01035,Conecuh County,Alabama,bchrrr,31.416416,-86.997511,1808514,31.416985,-87.0011,0.346401
01035,Conecuh County,Alabama,nsrdb,31.416416,-86.997511,917082,31.41,-86.98,1.808419
01037,Coosa County,Alabama,wtk,32.976885,-86.15622,1841036,32.977417,-86.1568,0.080165
01037,Coosa County,Alabama,bchrrr,32.976885,-86.15622,1841036,32.977417,-86.1568,0.080165
01037,Coosa County,Alabama,nsrdb,32.976885,-86.15622,933789,32.97,-86.14,1.695726
01039,Covington County,Alabama,wtk,31.28415,-86.409248,1840942,31.284325,-86.40073,0.809678
01039,Covington County,Alabama,bchrrr,31.28415,-86.409248,1840942,31.284325,-86.40073,0.809678
01039,Covington County,Alabama,nsrdb,31.28415,-86.409248,928361,31.29,-86.42,1.211206
01041,Crenshaw County,Alabama,wtk,31.747322,-86.296816,1843162,31.747211,-86.292145,0.441852
01041,Crenshaw County,Alabama,bchrrr,31.747322,-86.296816,1843162,31.747211,-86.292145,0.441852
01041,Crenshaw County,Alabama,nsrdb,31.747322,-86.296816,930690,31.73,-86.3,1.949514
01043,Cullman County,Alabama,wtk,34.162653,-86.832644,1798424,34.164333,-86.824585,0.764655
01043,Cullman County,Alabama,bchrrr,34.162653,-86.832644,1798424,34.164333,-86.824585,0.764655
01043,Cullman County,Alabama,nsrdb,34.162653,-86.832644,920270,34.17,-86.82,1.421503
01045,Dale County,Alabama,wtk,31.383858,-85.637702,1878495,31.385101,-85.638885,0.178085
01045,Dale County,Alabama,bchrrr,31.383858,-85.637702,1878495,31.385101,-85.638885,0.178085
01045,Dale County,Alabama,nsrdb,31.383858,-85.637702,944474,31.37,-85.62,2.280055
01047,Dallas County,Alabama,wtk,32.41182,-87.035326,1799471,32.406113,-87.04181,0.879323
01047,Dallas County,Alabama,bchrrr,32.41182,-87.035326,1799471,32.406113,-87.04181,0.879323
01047,Dallas County,Alabama,nsrdb,32.41182,-87.035326,916244,32.41,-87.02,1.452873
01049,DeKalb County,Alabama,wtk,34.452726,-85.817295,1846599,34.45073,-85.82364,0.622682
01049,DeKalb County,Alabama,bchrrr,34.452726,-85.817295,1846599,34.45073,-85.82364,0.622682
01049,DeKalb County,Alabama,nsrdb,34.452726,-85.817295,940260,34.45,-85.82,0.391661
01051,Elmore County,Alabama,wtk,32.558523,-86.225307,1841013,32.56221,-86.21759,0.831342
01051,Elmore County,Alabama,bchrrr,32.558523,-86.225307,1841013,32.56221,-86.21759,0.831342
01051,Elmore County,Alabama,nsrdb,32.558523,-86.225307,932232,32.57,-86.22,1.369671
01053,Escambia County,Alabama,wtk,31.085446,-87.280019,1795961,31.079498,-87.27905,0.667795
01053,Escambia County,Alabama,bchrrr,31.085446,-87.280019,1795961,31.079498,-87.27905,0.667795
01053,Escambia County,Alabama,nsrdb,31.085446,-87.280019,910449,31.09,-87.3,1.968922
01055,Etowah County,Alabama,wtk,34.012184,-86.025905,1839994,34.011112,-86.02463,0.167391
01055,Etowah County,Alabama,bchrrr,34.012184,-86.025905,1839994,34.011112,-86.02463,0.167391
01055,Etowah County,Alabama,nsrdb,34.012184,-86.025905,936168,34.01,-86.02,0.596001
01057,Fayette County,Alabama,wtk,33.726912,-87.7675,1751580,33.735233,-87.76691,0.926862
01057,Fayette County,Alabama,bchrrr,33.726912,-87.7675,1751580,33.735233,-87.76691,0.926862
01057,Fayette County,Alabama,nsrdb,33.726912,-87.7675,900177,33.73,-87.78,1.205901
01059,Franklin County,Alabama,wtk,34.463509,-87.793571,1745694,34.47164,-87.786194,1.129072
01059,Franklin County,Alabama,bchrrr,34.463509,-87.793571,1745694,34.47164,-87.786194,1.129072
01059,Franklin County,Alabama,nsrdb,34.463509,-87.793571,900159,34.45,-87.78,1.950545
01061,Geneva County,Alabama,wtk,31.094508,-85.781409,1873167,31.091816,-85.789795,0.852774
01061,Geneva County,Alabama,bchrrr,31.094508,-85.781409,1873167,31.091816,-85.789795,0.852774
01061,Geneva County,Alabama,nsrdb,31.094508,-85.781409,941170,31.09,-85.78,0.518912
01063,Greene County,Alabama,wtk,32.833836,-87.924533,1749161,32.83256,-87.92111,0.349878
01063,Greene County,Alabama,bchrrr,32.833836,-87.924533,1749161,32.83256,-87.92111,0.349878
01063,Greene County,Alabama,nsrdb,32.833836,-87.924533,896733,32.85,-87.94,2.306173
01065,Hale County,Alabama,wtk,32.783296,-87.627917,1765696,32.78835,-87.62189,0.795775
01065,Hale County,Alabama,bchrrr,32.783296,-87.627917,1765696,32.78835,-87.62189,0.795775
01065,Hale County,Alabama,nsrdb,32.783296,-87.627917,903669,32.77,-87.62,1.653381
01067,Henry County,Alabama,wtk,31.469257,-85.271092,1897411,31.47026,-85.26196,0.873231
01067,Henry County,Alabama,bchrrr,31.469257,-85.271092,1897411,31.47026,-85.26196,0.873231
01067,Henry County,Alabama,nsrdb,31.469257,-85.271092,951873,31.45,-85.26,2.385784
01069,Houston County,Alabama,wtk,31.204795,-85.396331,1892894,31.210941,-85.38818,1.033427
01069,Houston County,Alabama,bchrrr,31.204795,-85.396331,1892894,31.210941,-85.38818,1.033427
01069,Houston County,Alabama,nsrdb,31.204795,-85.396331,949407,31.21,-85.38,1.65749
01071,Jackson County,Alabama,wtk,34.727292,-85.943413,1838934,34.72104,-85.93878,0.813986
01071,Jackson County,Alabama,bchrrr,34.727292,-85.943413,1838934,34.72104,-85.93878,0.813986
01071,Jackson County,Alabama,nsrdb,34.727292,-85.943413,937785,34.73,-85.94,0.433537
01073,Jefferson County,Alabama,wtk,33.517233,-86.811573,1804093,33.519096,-86.80347,0.779226
01073,Jefferson County,Alabama,bchrrr,33.517233,-86.811573,1804093,33.519096,-86.80347,0.779226
01073,Jefferson County,Alabama,nsrdb,33.517233,-86.811573,920286,33.53,-86.82,1.620362
01075,Lamar County,Alabama,wtk,33.761274,-88.108785,1732576,33.76457,-88.11633,0.7879
01075,Lamar County,Alabama,bchrrr,33.761274,-88.108785,1732576,33.76457,-88.11633,0.7879
01075,Lamar County,Alabama,nsrdb,33.761274,-88.108785,893219,33.77,-88.1,1.265275
01077,Lauderdale County,Alabama,wtk,34.86552,-87.608852,1752826,34.860813,-87.60266,0.770133
01077,Lauderdale County,Alabama,bchrrr,34.86552,-87.608852,1752826,34.860813,-87.60266,0.770133
01077,Lauderdale County,Alabama,nsrdb,34.86552,-87.608852,903617,34.85,-87.62,2.003215
01079,Lawrence County,Alabama,wtk,34.540864,-87.271599,1772850,34.536343,-87.26434,0.833552
01079,Lawrence County,Alabama,bchrrr,34.540864,-87.271599,1772850,34.536343,-87.26434,0.833552
01079,Lawrence County,Alabama,nsrdb,34.540864,-87.271599,911209,34.53,-87.26,1.608774
01081,Lee County,Alabama,wtk,32.592194,-85.359797,1882917,32.598267,-85.36398,0.780753
01081,Lee County,Alabama,bchrrr,32.592194,-85.359797,1882917,32.598267,-85.36398,0.780753
01081,Lee County,Alabama,nsrdb,32.592194,-85.359797,950195,32.61,-85.34,2.712803
01083,Limestone County,Alabama,wtk,34.803981,-86.922396,1789224,34.798954,-86.9151,0.869619
01083,Limestone County,Alabama,bchrrr,34.803981,-86.922396,1789224,34.798954,-86.9151,0.869619
01083,Limestone County,Alabama,nsrdb,34.803981,-86.922396,917811,34.81,-86.94,1.741028
01085,Lowndes County,Alabama,wtk,32.164245,-86.615194,1823270,32.16414,-86.62076,0.524055
01085,Lowndes County,Alabama,bchrrr,32.164245,-86.615194,1823270,32.16414,-86.62076,0.524055
01085,Lowndes County,Alabama,nsrdb,32.164245,-86.615194,924376,32.17,-86.62,0.783676
01087,Macon County,Alabama,wtk,32.429073,-85.711756,1866898,32.435593,-85.71536,0.800013
01087,Macon County,Alabama,bchrrr,32.429073,-85.711756,1866898,32.435593,-85.71536,0.800013
01087,Macon County,Alabama,nsrdb,32.429073,-85.711756,942792,32.41,-85.7,2.390722
01089,Madison County,Alabama,wtk,34.742996,-86.61535,1805296,34.733067,-86.61026,1.198025
01089,Madison County,Alabama,bchrrr,34.742996,-86.61535,1805296,34.733067,-86.61026,1.198025
01089,Madison County,Alabama,nsrdb,34.742996,-86.61535,924312,34.73,-86.62,1.506265
01091,Marengo County,Alabama,wtk,32.342371,-87.803493,1758597,32.347652,-87.806305,0.643904
01091,Marengo County,Alabama,bchrrr,32.342371,-87.803493,1758597,32.347652,-87.806305,0.643904
01091,Marengo County,Alabama,nsrdb,32.342371,-87.803493,899343,32.33,-87.82,2.073021
01093,Marion County,Alabama,wtk,34.110449,-87.876487,1743300,34.111595,-87.875275,0.169378
01093,Marion County,Alabama,bchrrr,34.110449,-87.876487,1743300,34.111595,-87.875275,0.169378
01093,Marion County,Alabama,nsrdb,34.110449,-87.876487,898428,34.13,-87.86,2.651334
01095,Marshall County,Alabama,wtk,34.311248,-86.291372,1824519,34.314552,-86.29089,0.370046
01095,Marshall County,Alabama,bchrrr,34.311248,-86.291372,1824519,34.314552,-86.29089,0.370046
01095,Marshall County,Alabama,nsrdb,34.311248,-86.291372,930625,34.33,-86.3,2.230605
01097,Mobile County,Alabama,wtk,30.684055,-88.175158,1749042,30.68703,-88.17258,0.41256
01097,Mobile County,Alabama,bchrrr,30.684055,-88.175158,1749042,30.68703,-88.17258,0.41256
01097,Mobile County,Alabama,nsrdb,30.684055,-88.175158,891531,30.69,-88.18,0.807077
01099,Monroe County,Alabama,wtk,31.498804,-87.364518,1787879,31.50674,-87.37372,1.24089
01099,Monroe County,Alabama,bchrrr,31.498804,-87.364518,1787879,31.50674,-87.37372,1.24089
01099,Monroe County,Alabama,nsrdb,31.498804,-87.364518,908761,31.49,-87.38,1.764419
01101,Montgomery County,Alabama,wtk,32.346474,-86.23379,1842099,32.343605,-86.22769,0.655863
01101,Montgomery County,Alabama,bchrrr,32.346474,-86.23379,1842099,32.343605,-86.22769,0.655863
01101,Montgomery County,Alabama,nsrdb,32.346474,-86.23379,932238,32.33,-86.22,2.243673
01103,Morgan County,Alabama,wtk,34.513892,-86.932012,1790370,34.5059,-86.93329,0.896353
01103,Morgan County,Alabama,bchrrr,34.513892,-86.932012,1790370,34.5059,-86.93329,0.896353
01103,Morgan County,Alabama,nsrdb,34.513892,-86.932012,917818,34.53,-86.94,1.934866
01105,Perry County,Alabama,wtk,32.584881,-87.369649,1780942,32.582474,-87.36554,0.468881
01105,Perry County,Alabama,bchrrr,32.584881,-87.369649,1780942,32.582474,-87.36554,0.468881
01105,Perry County,Alabama,nsrdb,32.584881,-87.369649,908734,32.57,-87.38,1.917994
01107,Pickens County,Alabama,wtk,33.284667,-88.074316,1738501,33.283722,-88.0636,1.001628
01107,Pickens County,Alabama,bchrrr,33.284667,-88.074316,1738501,33.283722,-88.0636,1.001628
01107,Pickens County,Alabama,nsrdb,33.284667,-88.074316,894109,33.29,-88.06,1.456841
01109,Pike County,Alabama,wtk,31.786042,-85.947008,1860503,31.783459,-85.94324,0.457532
01109,Pike County,Alabama,bchrrr,31.786042,-85.947008,1860503,31.783459,-85.94324,0.457532
01109,Pike County,Alabama,nsrdb,31.786042,-85.947008,937859,31.77,-85.94,1.902824
01111,Randolph County,Alabama,wtk,33.264692,-85.427417,1874344,33.266937,-85.43286,0.564279
01111,Randolph County,Alabama,bchrrr,33.264692,-85.427417,1874344,33.266937,-85.43286,0.564279
01111,Randolph County,Alabama,nsrdb,33.264692,-85.427417,948533,33.25,-85.42,1.773282
01113,Russell County,Alabama,wtk,32.414913,-85.054581,1900841,32.415142,-85.04553,0.849994
01113,Russell County,Alabama,bchrrr,32.414913,-85.054581,1900841,32.415142,-85.04553,0.849994
01113,Russell County,Alabama,nsrdb,32.414913,-85.054581,956003,32.41,-85.06,0.746468
01115,Shelby County,Alabama,wtk,33.660945,-86.374851,1825608,33.659595,-86.36459,0.961467
01115,Shelby County,Alabama,bchrrr,33.660945,-86.374851,1825608,33.659595,-86.36459,0.961467
01115,Shelby County,Alabama,nsrdb,33.660945,-86.374851,929081,33.65,-86.38,1.307015
01117,St. Clair County,Alabama,wtk,33.290341,-86.738928,1808618,33.293415,-86.746826,0.809768
01117,St. Clair County,Alabama,bchrrr,33.290341,-86.738928,1808618,33.293415,-86.746826,0.809768
01117,St. Clair County,Alabama,nsrdb,33.290341,-86.738928,921916,33.29,-86.74,0.106611
01119,Sumter County,Alabama,wtk,32.570981,-88.230913,1733701,32.5664,-88.2348,0.626218
01119,Sumter County,Alabama,bchrrr,32.570981,-88.230913,1733701,32.5664,-88.2348,0.626218
01119,Sumter County,Alabama,nsrdb,32.570981,-88.230913,890599,32.57,-88.22,1.02843
01121,Talladega County,Alabama,wtk,33.376934,-86.165683,1837762,33.381832,-86.1629,0.602828
01121,Talladega County,Alabama,bchrrr,33.376934,-86.165683,1837762,33.381832,-86.1629,0.602828
01121,Talladega County,Alabama,nsrdb,33.376934,-86.165683,932995,33.37,-86.18,1.536868
01123,Tallapoosa County,Alabama,wtk,32.851729,-85.864067,1856296,32.855434,-85.86914,0.627917
01123,Tallapoosa County,Alabama,bchrrr,32.851729,-85.864067,1856296,32.855434,-85.86914,0.627917
01123,Tallapoosa County,Alabama,nsrdb,32.851729,-85.864067,939475,32.85,-85.86,0.425788
01125,Tuscaloosa County,Alabama,wtk,33.214812,-87.518454,1768075,33.219006,-87.52399,0.694767
01125,Tuscaloosa County,Alabama,bchrrr,33.214812,-87.518454,1768075,33.219006,-87.52399,0.694767
01125,Tuscaloosa County,Alabama,nsrdb,33.214812,-87.518454,906198,33.21,-87.5,1.798242
01127,Walker County,Alabama,wtk,33.834208,-87.25056,1778672,33.835987,-87.24603,0.462812
01127,Walker County,Alabama,bchrrr,33.834208,-87.25056,1778672,33.835987,-87.24603,0.462812
01127,Walker County,Alabama,nsrdb,33.834208,-87.25056,911226,33.85,-87.26,1.960514
01129,Washington County,Alabama,wtk,31.413666,-88.195339,1743151,31.41515,-88.19531,0.165036
01129,Washington County,Alabama,bchrrr,31.413666,-88.195339,1743151,31.41515,-88.19531,0.165036
01129,Washington County,Alabama,nsrdb,31.413666,-88.195339,891513,31.41,-88.18,1.511652
01131,Wilcox County,Alabama,wtk,32.007448,-87.376931,1784411,31.998974,-87.37543,0.952838
01131,Wilcox County,Alabama,bchrrr,32.007448,-87.376931,1784411,31.998974,-87.37543,0.952838
01131,Wilcox County,Alabama,nsrdb,32.007448,-87.376931,908748,32.01,-87.38,0.405294
01133,Winston County,Alabama,wtk,34.164348,-87.415688,1766950,34.164425,-87.42462,0.821843
01133,Winston County,Alabama,bchrrr,34.164348,-87.415688,1766950,34.164425,-87.42462,0.821843
01133,Winston County,Alabama,nsrdb,34.164348,-87.415688,907854,34.17,-87.42,0.743213
02013,Aleutians East Borough,Alaska,wtk,54.673912,-163.737687,79706,46.56967,-129.22923,2564.612498
02013,Aleutians East Borough,Alaska,bchrrr,54.673912,-163.737687,79706,46.56967,-129.22923,2564.612498
02013,Aleutians East Borough,Alaska,nsrdb,54.673912,-163.737687,12554,54.69,-163.74,1.795075
02016,Aleutians West Census Area,Alaska,wtk,54.024464,-152.161888,79706,46.56967,-129.22923,1816.482801
02016,Aleutians West Census Area,Alaska,bchrrr,54.024464,-152.161888,79706,46.56967,-129.22923,1816.482801
02016,Aleutians West Census Area,Alaska,nsrdb,54.024464,-152.161888,36973,56.33,-153.7,274.320024
02020,Anchorage Municipality,Alaska,wtk,61.191545,-149.792112,79706,46.56967,-129.22923,2093.29701
02020,Anchorage Municipality,Alaska,bchrrr,61.191545,-149.792112,79706,46.56967,-129.22923,2093.29701
02020,Anchorage Municipality,Alaska,nsrdb,61.191545,-149.792112,41703,59.97,-149.78,135.831405
02050,Bethel Census Area,Alaska,wtk,60.667715,-162.166966,79706,46.56967,-129.22923,2633.971816
02050,Bethel Census Area,Alaska,bchrrr,60.667715,-162.166966,79706,46.56967,-129.22923,2633.971816
02050,Bethel Census Area,Alaska,nsrdb,60.667715,-162.166966,14226,59.97,-162.18,77.585794
02060,Bristol Bay Borough,Alaska,wtk,58.733607,-156.832147,79706,46.56967,-129.22923,2274.684696
02060,Bristol Bay Borough,Alaska,bchrrr,58.733607,-156.832147,79706,46.56967,-129.22923,2274.684696
02060,Bristol Bay Borough,Alaska,nsrdb,58.733607,-156.832147,28447,58.73,-156.82,0.807688
02068,Denali Borough,Alaska,wtk,63.865119,-149.023745,79706,46.56967,-129.22923,2275.503314
02068,Denali Borough,Alaska,bchrrr,63.865119,-149.023745,79706,46.56967,-129.22923,2275.503314
02068,Denali Borough,Alaska,nsrdb,63.865119,-149.023745,42252,59.97,-149.02,433.118114
02070,Dillingham Census Area,Alaska,wtk,59.127771,-158.747157,79706,46.56967,-129.22923,2392.938137
02070,Dillingham Census Area,Alaska,bchrrr,59.127771,-158.747157,79706,46.56967,-129.22923,2392.938137
02070,Dillingham Census Area,Alaska,nsrdb,59.127771,-158.747157,22642,59.13,-158.74,0.477678
02090,Fairbanks North Star Borough,Alaska,wtk,64.831229,-147.623589,79706,46.56967,-129.22923,2315.151244
02090,Fairbanks North Star Borough,Alaska,bchrrr,64.831229,-147.623589,79706,46.56967,-129.22923,2315.151244
02090,Fairbanks North Star Borough,Alaska,nsrdb,64.831229,-147.623589,43024,59.97,-147.62,540.54478
02100,Haines Borough,Alaska,wtk,59.234183,-135.497713,108518,46.953938,-128.55418,1440.200199
02100,Haines Borough,Alaska,bchrrr,59.234183,-135.497713,108518,46.953938,-128.55418,1440.200199
02100,Haines Borough,Alaska,nsrdb,59.234183,-135.497713,54817,59.25,-135.5,1.763574
02105,Hoonah-Angoon Census Area,Alaska,wtk,58.123897,-135.427534,88915,46.695717,-129.01357,1341.701614
02105,Hoonah-Angoon Census Area,Alaska,bchrrr,58.123897,-135.427534,88915,46.695717,-129.01357,1341.701614
02105,Hoonah-Angoon Census Area,Alaska,nsrdb,58.123897,-135.427534,55015,58.13,-135.42,0.81007
02110,Juneau City and Borough,Alaska,wtk,58.360195,-134.533109,108518,46.953938,-128.55418,1329.608108
02110,Juneau City and Borough,Alaska,bchrrr,58.360195,-134.533109,108518,46.953938,-128.55418,1329.608108
02110,Juneau City and Borough,Alaska,nsrdb,58.360195,-134.533109,57125,58.37,-134.54,1.161984
02122,Kenai Peninsula Borough,Alaska,wtk,60.283966,-151.066806,79706,46.56967,-129.22923,2082.803342
02122,Kenai Peninsula Borough,Alaska,bchrrr,60.283966,-151.066806,79706,46.56967,-129.22923,2082.803342
02122,Kenai Peninsula Borough,Alaska,nsrdb,60.283966,-151.066806,40834,59.97,-151.06,34.913509
02130,Ketchikan Gateway Borough,Alaska,wtk,55.369058,-131.67859,145352,47.408962,-127.67738,927.254208
02130,Ketchikan Gateway Borough,Alaska,bchrrr,55.369058,-131.67859,145352,47.408962,-127.67738,927.254208
02130,Ketchikan Gateway Borough,Alaska,nsrdb,55.369058,-131.67859,68083,55.37,-131.66,1.179365
02150,Kodiak Island Borough,Alaska,wtk,57.774634,-152.454082,79706,46.56967,-129.22923,1997.909596
02150,Kodiak Island Borough,Alaska,bchrrr,57.774634,-152.454082,79706,46.56967,-129.22923,1997.909596
02150,Kodiak Island Borough,Alaska,nsrdb,57.774634,-152.454082,39023,57.77,-152.46,0.623428
02164,Lake and Peninsula Borough,Alaska,wtk,58.616599,-156.196458,79706,46.56967,-129.22923,2235.85638
02164,Lake and Peninsula Borough,Alaska,bchrrr,58.616599,-156.196458,79706,46.56967,-129.22923,2235.85638
02164,Lake and Peninsula Borough,Alaska,nsrdb,58.616599,-156.196458,30277,58.61,-156.18,1.20285
02170,Matanuska-Susitna Borough,Alaska,wtk,61.607225,-149.432884,79706,46.56967,-129.22923,2110.289613
02170,Matanuska-Susitna Borough,Alaska,bchrrr,61.607225,-149.432884,79706,46.56967,-129.22923,2110.289613
02170,Matanuska-Susitna Borough,Alaska,nsrdb,61.607225,-149.432884,41978,59.97,-149.42,182.052707
02180,Nome Census Area,Alaska,wtk,64.43209,-165.271059,79706,46.56967,-129.22923,2945.677535
02180,Nome Census Area,Alaska,bchrrr,64.43209,-165.271059,79706,46.56967,-129.22923,2945.677535
02180,Nome Census Area,Alaska,nsrdb,64.43209,-165.271059,11312,59.97,-165.38,496.194426
02185,North Slope Borough,Alaska,wtk,70.481329,-155.268457,79706,46.56967,-129.22923,3004.377375
02185,North Slope Borough,Alaska,bchrrr,70.481329,-155.268457,79706,46.56967,-129.22923,3004.377375
02185,North Slope Borough,Alaska,nsrdb,70.481329,-155.268457,33024,59.97,-155.26,1168.808135
02188,Northwest Arctic Borough,Alaska,wtk,66.896825,-161.593439,79706,46.56967,-129.22923,2933.981644
02188,Northwest Arctic Borough,Alaska,bchrrr,66.896825,-161.593439,79706,46.56967,-129.22923,2933.981644
02188,Northwest Arctic Borough,Alaska,nsrdb,66.896825,-161.593439,15407,59.97,-161.58,770.229147
02195,Petersburg Census Area,Alaska,wtk,56.795091,-132.943563,130175,47.22484,-128.03998,1115.118971
02195,Petersburg Census Area,Alaska,bchrrr,56.795091,-132.943563,130175,47.22484,-128.03998,1115.118971
02195,Petersburg Census Area,Alaska,nsrdb,56.795091,-132.943563,62247,56.81,-132.94,1.671939
02201,Prince of Wales-Hyder Census Area,Alaska,wtk,55.59077,-132.668824,130175,47.22484,-128.03998,983.546109
02201,Prince of Wales-Hyder Census Area,Alaska,bchrrr,55.59077,-132.668824,130175,47.22484,-128.03998,983.546109
02201,Prince of Wales-Hyder Census Area,Alaska,nsrdb,55.59077,-132.668824,63493,55.61,-132.66,2.208966
02220,Sitka City and Borough,Alaska,wtk,57.062789,-135.335988,82420,46.609234,-129.16573,1236.057503
02220,Sitka City and Borough,Alaska,bchrrr,57.062789,-135.335988,82420,46.609234,-129.16573,1236.057503
02220,Sitka City and Borough,Alaska,nsrdb,57.062789,-135.335988,55215,57.05,-135.34,1.442619
02232,Skagway Municipality,Alaska,wtk,59.465893,-135.310551,108518,46.953938,-128.55418,1460.402215
02232,Skagway Municipality,Alaska,bchrrr,59.465893,-135.310551,108518,46.953938,-128.55418,1460.402215
02232,Skagway Municipality,Alaska,nsrdb,59.465893,-135.310551,55243,59.45,-135.3,1.865081
02240,Southeast Fairbanks Census Area,Alaska,wtk,63.861797,-144.709613,79706,46.56967,-129.22923,2145.802754
02240,Southeast Fairbanks Census Area,Alaska,bchrrr,63.861797,-144.709613,79706,46.56967,-129.22923,2145.802754
02240,Southeast Fairbanks Census Area,Alaska,nsrdb,63.861797,-144.709613,45118,59.97,-144.7,432.748971
02261,Valdez-Cordova Census Area,Alaska,wtk,60.881369,-146.199156,79706,46.56967,-129.22923,1931.413533
02261,Valdez-Cordova Census Area,Alaska,bchrrr,60.881369,-146.199156,79706,46.56967,-129.22923,1931.413533
02261,Valdez-Cordova Census Area,Alaska,nsrdb,60.881369,-146.199156,43228,59.97,-146.98,110.025982
02270,Wade Hampton Census Area,Alaska,wtk,62.076819,-164.34049,79706,46.56967,-129.22923,2799.274746
02270,Wade Hampton Census Area,Alaska,bchrrr,62.076819,-164.34049,79706,46.56967,-129.22923,2799.274746
02270,Wade Hampton Census Area,Alaska,nsrdb,62.076819,-164.34049,12051,59.97,-164.34,234.267909
02280,Wrangell City and Borough,Alaska,wtk,56.426145,-132.355422,141550,47.36303,-127.768265,1055.195949
02280,Wrangell City and Borough,Alaska,bchrrr,56.426145,-132.355422,141550,47.36303,-127.768265,1055.195949
02280,Wrangell City and Borough,Alaska,nsrdb,56.426145,-132.355422,64898,56.41,-132.34,2.030423
02282,Yakutat City and Borough,Alaska,wtk,59.545099,-139.714649,79706,46.56967,-129.22923,1599.554148
02282,Yakutat City and Borough,Alaska,bchrrr,59.545099,-139.714649,79706,46.56967,-129.22923,1599.554148
02282,Yakutat City and Borough,Alaska,nsrdb,59.545099,-139.714649,49077,59.53,-139.7,1.871037
02290,Yukon-Koyukuk Census Area,Alaska,wtk,64.966418,-152.644938,79706,46.56967,-129.22923,2484.228782
02290,Yukon-Koyukuk Census Area,Alaska,bchrrr,64.966418,-152.644938,79706,46.56967,-129.22923,2484.228782
02290,Yukon-Koyukuk Census Area,Alaska,nsrdb,64.966418,-152.644938,38713,59.97,-152.66,555.577636
04001,Apache County,Arizona,wtk,35.543661,-109.419267,645023,35.537678,-109.42621,0.915005
04001,Apache County,Arizona,bchrrr,35.543661,-109.419267,645023,35.537678,-109.42621,0.915005
04001,Apache County,Arizona,nsrdb,35.543661,-109.419267,381924,35.53,-109.42,1.520483
04003,Cochise County ,Arizona,wtk,31.603489,-110.072931,580501,31.594593,-110.071655,0.996546
04003,Cochise County ,Arizona,bchrrr,31.603489,-110.072931,580501,31.594593,-110.071655,0.996546
04003,Cochise County ,Arizona,nsrdb,31.603489,-110.072931,367827,31.61,-110.06,1.422588
04005,Coconino County,Arizona,wtk,35.476115,-111.601249,551401,35.47267,-111.61185,1.033576
04005,Coconino County,Arizona,bchrrr,35.476115,-111.601249,551401,35.47267,-111.61185,1.033576
04005,Coconino County,Arizona,nsrdb,35.476115,-111.601249,333242,35.49,-111.62,2.294842
04007,Gila County,Arizona,wtk,33.844385,-111.016445,560111,33.850704,-111.025894,1.120341
04007,Gila County,Arizona,bchrrr,33.844385,-111.016445,560111,33.850704,-111.025894,1.120341
04007,Gila County,Arizona,nsrdb,33.844385,-111.016445,346473,33.85,-111.02,0.705415
04009,Graham County,Arizona,wtk,32.867146,-109.808397,603985,32.867878,-109.81352,0.485341
04009,Graham County,Arizona,bchrrr,32.867146,-109.808397,603985,32.867878,-109.81352,0.485341
04009,Graham County,Arizona,nsrdb,32.867146,-109.808397,373100,32.85,-109.82,2.193061
04011,Greenlee County,Arizona,wtk,32.985037,-109.259575,629317,32.983387,-109.26514,0.550534
04011,Greenlee County,Arizona,bchrrr,32.985037,-109.259575,629317,32.983387,-109.26514,0.550534
04011,Greenlee County,Arizona,nsrdb,32.985037,-109.259575,385584,32.97,-109.26,1.67251
04012,La Paz County,Arizona,wtk,33.954191,-114.183926,426079,33.953648,-114.1772,0.623303
04012,La Paz County,Arizona,bchrrr,33.954191,-114.183926,426079,33.953648,-114.1772,0.623303
04012,La Paz County,Arizona,nsrdb,33.954191,-114.183926,279904,33.97,-114.18,1.794785
04013,Maricopa County,Arizona,wtk,33.490148,-112.044184,512190,33.499313,-112.03784,1.176707
04013,Maricopa County,Arizona,bchrrr,33.490148,-112.044184,512190,33.499313,-112.03784,1.176707
04013,Maricopa County,Arizona,nsrdb,33.490148,-112.044184,323704,33.49,-112.06,1.466783
04015,Mohave County,Arizona,wtk,35.034512,-114.261317,435574,35.02868,-114.25128,1.120582
04015,Mohave County,Arizona,bchrrr,35.034512,-114.261317,435574,35.02868,-114.25128,1.120582
04015,Mohave County,Arizona,nsrdb,35.034512,-114.261317,278276,35.05,-114.26,1.726358
04017,Navajo County,Arizona,wtk,34.862167,-110.206316,605071,34.866665,-110.2169,1.087486
04017,Navajo County,Arizona,bchrrr,34.862167,-110.206316,605071,34.866665,-110.2169,1.087486
04017,Navajo County,Arizona,nsrdb,34.862167,-110.206316,364221,34.85,-110.22,1.841027
04019,Pima County,Arizona,wtk,32.216427,-110.958067,546327,32.211308,-110.96475,0.848111
04019,Pima County,Arizona,bchrrr,32.216427,-110.958067,546327,32.211308,-110.96475,0.848111
04019,Pima County,Arizona,nsrdb,32.216427,-110.958067,348312,32.21,-110.94,1.84385
04021,Pinal County,Arizona,wtk,33.069324,-111.602251,526793,33.07053,-111.601715,0.1431
04021,Pinal County,Arizona,bchrrr,33.069324,-111.602251,526793,33.07053,-111.601715,0.1431
04021,Pinal County,Arizona,nsrdb,33.069324,-111.602251,333303,33.05,-111.62,2.711649
04023,Santa Cruz County,Arizona,wtk,31.439233,-110.945937,539432,31.43977,-110.94513,0.097093
04023,Santa Cruz County,Arizona,bchrrr,31.439233,-110.945937,539432,31.43977,-110.94513,0.097093
04023,Santa Cruz County,Arizona,nsrdb,31.439233,-110.945937,348331,31.45,-110.94,1.323099
04025,Yavapai County,Arizona,wtk,34.628745,-112.273722,514200,34.63429,-112.27307,0.619456
04025,Yavapai County,Arizona,bchrrr,34.628745,-112.273722,514200,34.63429,-112.27307,0.619456
04025,Yavapai County,Arizona,nsrdb,34.628745,-112.273722,319317,34.61,-112.26,2.433355
04027,Yuma County,Arizona,wtk,32.64139,-114.60539,392321,32.633183,-114.61374,1.201718
04027,Yuma County,Arizona,bchrrr,32.64139,-114.60539,392321,32.633183,-114.61374,1.201718
04027,Yuma County,Arizona,nsrdb,32.64139,-114.60539,271085,32.65,-114.62,1.669667
05001,Arkansas County,Arkansas,wtk,34.403487,-91.460954,1545145,34.40167,-91.46442,0.376748
05001,Arkansas County,Arkansas,bchrrr,34.403487,-91.460954,1545145,34.40167,-91.46442,0.376748
05001,Arkansas County,Arkansas,nsrdb,34.403487,-91.460954,815898,34.41,-91.46,0.729483
05003,Ashley County,Arkansas,wtk,33.17959,-91.877873,1526851,33.177074,-91.874115,0.447875
05003,Ashley County,Arkansas,bchrrr,33.17959,-91.877873,1526851,33.177074,-91.874115,0.447875
05003,Ashley County,Arkansas,nsrdb,33.17959,-91.877873,807212,33.17,-91.86,1.975907
05005,Baxter County,Arkansas,wtk,36.331791,-92.383944,1489611,36.331566,-92.37988,0.364907
05005,Baxter County,Arkansas,bchrrr,36.331791,-92.383944,1489611,36.331566,-92.37988,0.364907
05005,Baxter County,Arkansas,nsrdb,36.331791,-92.383944,796342,36.33,-92.38,0.405566
05007,Benton County,Arkansas,wtk,36.335053,-94.230305,1390588,36.326553,-94.2305,0.94532
05007,Benton County,Arkansas,bchrrr,36.335053,-94.230305,1390588,36.326553,-94.2305,0.94532
05007,Benton County,Arkansas,nsrdb,36.335053,-94.230305,758587,36.33,-94.22,1.080653
05009,Boone County,Arkansas,wtk,36.26661,-93.09877,1452157,36.26292,-93.09137,0.780079
05009,Boone County,Arkansas,bchrrr,36.26661,-93.09877,1452157,36.26292,-93.09137,0.780079
05009,Boone County,Arkansas,nsrdb,36.26661,-93.09877,781415,36.25,-93.1,1.85024
05011,Bradley County,Arkansas,wtk,33.574422,-92.101251,1513506,33.569424,-92.09091,1.107584
05011,Bradley County,Arkansas,bchrrr,33.574422,-92.101251,1513506,33.569424,-92.09091,1.107584
05011,Bradley County,Arkansas,nsrdb,33.574422,-92.101251,802176,33.57,-92.1,0.50518
05013,Calhoun County,Arkansas,wtk,33.58599,-92.500678,1490659,33.585438,-92.50644,0.537264
05013,Calhoun County,Arkansas,bchrrr,33.58599,-92.500678,1490659,33.585438,-92.50644,0.537264
05013,Calhoun County,Arkansas,nsrdb,33.58599,-92.500678,793934,33.57,-92.5,1.779118
05015,Carroll County,Arkansas,wtk,36.375745,-93.574776,1426331,36.367718,-93.56665,1.151515
05015,Carroll County,Arkansas,bchrrr,36.375745,-93.574776,1426331,36.367718,-93.56665,1.151515
05015,Carroll County,Arkansas,nsrdb,36.375745,-93.574776,771565,36.37,-93.58,0.791733
05017,Chicot County,Arkansas,wtk,33.325951,-91.318456,1557277,33.333965,-91.31824,0.891343
05017,Chicot County,Arkansas,bchrrr,33.325951,-91.318456,1557277,33.333965,-91.31824,0.891343
05017,Chicot County,Arkansas,nsrdb,33.325951,-91.318456,819470,33.33,-91.3,1.77283
05019,Clark County,Arkansas,wtk,34.099325,-93.123997,1455690,34.099056,-93.11975,0.392194
05019,Clark County,Arkansas,bchrrr,34.099325,-93.123997,1455690,34.099056,-93.11975,0.392194
05019,Clark County,Arkansas,nsrdb,34.099325,-93.123997,780643,34.09,-93.14,1.801836
05021,Clay County,Arkansas,wtk,36.370288,-90.366465,1596434,36.366604,-90.36417,0.458292
05021,Clay County,Arkansas,bchrrr,36.370288,-90.366465,1596434,36.366604,-90.36417,0.458292
05021,Clay County,Arkansas,nsrdb,36.370288,-90.366465,840568,36.37,-90.38,1.212274
05023,Cleburne County,Arkansas,wtk,35.507218,-92.037731,1509979,35.509285,-92.04184,0.437218
05023,Cleburne County,Arkansas,bchrrr,35.507218,-92.037731,1509979,35.509285,-92.04184,0.437218
05023,Cleburne County,Arkansas,nsrdb,35.507218,-92.037731,803791,35.49,-92.02,2.498399
05025,Cleveland County,Arkansas,wtk,33.912968,-92.136372,1509892,33.918438,-92.136444,0.608273
05025,Cleveland County,Arkansas,bchrrr,33.912968,-92.136372,1509892,33.918438,-92.136444,0.608273
05025,Cleveland County,Arkansas,nsrdb,33.912968,-92.136372,801338,33.93,-92.14,1.923232
05027,Columbia County,Arkansas,wtk,33.258766,-93.247158,1450773,33.262794,-93.24292,0.596558
05027,Columbia County,Arkansas,bchrrr,33.258766,-93.247158,1450773,33.262794,-93.24292,0.596558
05027,Columbia County,Arkansas,nsrdb,33.258766,-93.247158,778193,33.25,-93.26,1.541446
05029,Conway County,Arkansas,wtk,35.212991,-92.705889,1475158,35.221825,-92.710815,1.079425
05029,Conway County,Arkansas,bchrrr,35.212991,-92.705889,1475158,35.221825,-92.710815,1.079425
05029,Conway County,Arkansas,nsrdb,35.212991,-92.705889,789748,35.21,-92.7,0.629962
05031,Craighead County,Arkansas,wtk,35.835762,-90.669235,1582989,35.830288,-90.66058,0.989578
05031,Craighead County,Arkansas,bchrrr,35.835762,-90.669235,1582989,35.830288,-90.66058,0.989578
05031,Craighead County,Arkansas,nsrdb,35.835762,-90.669235,833883,35.85,-90.66,1.788696
05033,Crawford County,Arkansas,wtk,35.494096,-94.285898,1389309,35.500385,-94.27545,1.176287
05033,Crawford County,Arkansas,bchrrr,35.494096,-94.285898,1389309,35.500385,-94.27545,1.176287
05033,Crawford County,Arkansas,nsrdb,35.494096,-94.285898,756993,35.49,-94.3,1.355526
05035,Crittenden County,Arkansas,wtk,35.176704,-90.213537,1609863,35.179832,-90.218994,0.605775
05035,Crittenden County,Arkansas,bchrrr,35.176704,-90.213537,1609863,35.179832,-90.218994,0.605775
05035,Crittenden County,Arkansas,nsrdb,35.176704,-90.213537,844412,35.17,-90.22,0.949095
05037,Cross County,Arkansas,wtk,35.251667,-90.77742,1579300,35.247894,-90.775665,0.448788
05037,Cross County,Arkansas,bchrrr,35.251667,-90.77742,1579300,35.247894,-90.775665,0.448788
05037,Cross County,Arkansas,nsrdb,35.251667,-90.77742,831126,35.25,-90.78,0.29874
05039,Dallas County,Arkansas,wtk,33.864882,-92.525307,1488279,33.860508,-92.53601,1.101447
05039,Dallas County,Arkansas,bchrrr,33.864882,-92.525307,1488279,33.860508,-92.53601,1.101447
05039,Dallas County,Arkansas,nsrdb,33.864882,-92.525307,793101,33.85,-92.54,2.13989
05041,Desha County,Arkansas,wtk,33.76803,-91.415222,1549983,33.77729,-91.418976,1.08656
05041,Desha County,Arkansas,bchrrr,33.76803,-91.415222,1549983,33.77729,-91.418976,1.08656
05041,Desha County,Arkansas,nsrdb,33.76803,-91.415222,816799,33.77,-91.42,0.492994
05043,Drew County,Arkansas,wtk,33.627329,-91.784077,1530514,33.629337,-91.78024,0.419594
05043,Drew County,Arkansas,bchrrr,33.627329,-91.784077,1530514,33.629337,-91.78024,0.419594
05043,Drew County,Arkansas,nsrdb,33.627329,-91.784077,808919,33.61,-91.78,1.963533
05045,Faulkner County,Arkansas,wtk,35.105697,-92.406058,1491938,35.100887,-92.402954,0.604812
05045,Faulkner County,Arkansas,bchrrr,35.105697,-92.406058,1491938,35.100887,-92.402954,0.604812
05045,Faulkner County,Arkansas,nsrdb,35.105697,-92.406058,795548,35.09,-92.42,2.157626
05047,Franklin County,Arkansas,wtk,35.442157,-93.890972,1410224,35.43789,-93.894165,0.555693
05047,Franklin County,Arkansas,bchrrr,35.442157,-93.890972,1410224,35.43789,-93.894165,0.555693
05047,Franklin County,Arkansas,nsrdb,35.442157,-93.890972,765075,35.45,-93.9,1.195568
05049,Fulton County,Arkansas,wtk,36.375655,-91.766785,1522170,36.380688,-91.75943,0.864159
05049,Fulton County,Arkansas,bchrrr,36.375655,-91.766785,1522170,36.380688,-91.75943,0.864159
05049,Fulton County,Arkansas,nsrdb,36.375655,-91.766785,808850,36.37,-91.78,1.339875
05051,Garland County,Arkansas,wtk,34.505751,-93.080682,1456925,34.500374,-93.08002,0.600965
05051,Garland County,Arkansas,bchrrr,34.505751,-93.080682,1456925,34.500374,-93.08002,0.600965
05051,Garland County,Arkansas,nsrdb,34.505751,-93.080682,781459,34.49,-93.1,2.490294
05053,Grant County,Arkansas,wtk,34.311672,-92.412589,1494289,34.312824,-92.40149,1.027401
05053,Grant County,Arkansas,bchrrr,34.311672,-92.412589,1494289,34.312824,-92.40149,1.027401
05053,Grant County,Arkansas,nsrdb,34.311672,-92.412589,795567,34.33,-92.42,2.148623
05055,Greene County,Arkansas,wtk,36.071542,-90.522548,1589095,36.080753,-90.52588,1.067096
05055,Greene County,Arkansas,bchrrr,36.071542,-90.522548,1589095,36.080753,-90.52588,1.067096
05055,Greene County,Arkansas,nsrdb,36.071542,-90.522548,836745,36.09,-90.54,2.583065
05057,Hempstead County,Arkansas,wtk,33.698177,-93.620817,1428655,33.692482,-93.62009,0.636818
05057,Hempstead County,Arkansas,bchrrr,33.698177,-93.620817,1428655,33.692482,-93.62009,0.636818
05057,Hempstead County,Arkansas,nsrdb,33.698177,-93.620817,770816,33.69,-93.62,0.912378
05059,Hot Spring County,Arkansas,wtk,34.35357,-92.895471,1467859,34.347946,-92.88727,0.97872
05059,Hot Spring County,Arkansas,bchrrr,34.35357,-92.895471,1467859,34.347946,-92.88727,0.97872
05059,Hot Spring County,Arkansas,nsrdb,34.35357,-92.895471,785615,34.37,-92.9,1.873637
05061,Howard County,Arkansas,wtk,33.981464,-93.908993,1411378,33.973343,-93.91849,1.257899
05061,Howard County,Arkansas,bchrrr,33.981464,-93.908993,1411378,33.973343,-93.91849,1.257899
05061,Howard County,Arkansas,nsrdb,33.981464,-93.908993,765112,33.97,-93.9,1.520733
05063,Independence County,Arkansas,wtk,35.750729,-91.607336,1533058,35.74775,-91.5968,1.006859
05063,Independence County,Arkansas,bchrrr,35.750729,-91.607336,1533058,35.74775,-91.5968,1.006859
05063,Independence County,Arkansas,nsrdb,35.750729,-91.607336,812345,35.77,-91.62,2.428477
05065,Izard County,Arkansas,wtk,36.121499,-91.911713,1514859,36.12932,-91.91266,0.873806
05065,Izard County,Arkansas,bchrrr,36.121499,-91.911713,1514859,36.12932,-91.91266,0.873806
05065,Izard County,Arkansas,nsrdb,36.121499,-91.911713,806293,36.13,-91.9,1.4143
05067,Jackson County,Arkansas,wtk,35.623062,-91.246445,1552522,35.620964,-91.24347,0.355995
05067,Jackson County,Arkansas,bchrrr,35.623062,-91.246445,1552522,35.620964,-91.24347,0.355995
05067,Jackson County,Arkansas,nsrdb,35.623062,-91.246445,820304,35.61,-91.26,1.900235
05069,Jefferson County,Arkansas,wtk,34.234814,-92.045125,1513543,34.24425,-92.050964,1.178556
05069,Jefferson County,Arkansas,bchrrr,34.234814,-92.045125,1513543,34.24425,-92.050964,1.178556
05069,Jefferson County,Arkansas,nsrdb,34.234814,-92.045125,802990,34.25,-92.06,2.172781
05071,Johnson County,Arkansas,wtk,35.476552,-93.47314,1433691,35.4828,-93.464355,1.056146
05071,Johnson County,Arkansas,bchrrr,35.476552,-93.47314,1433691,35.4828,-93.464355,1.056146
05071,Johnson County,Arkansas,nsrdb,35.476552,-93.47314,774038,35.49,-93.46,1.910914
05073,Lafayette County,Arkansas,wtk,33.278875,-93.557654,1433570,33.271095,-93.54785,1.256616
05073,Lafayette County,Arkansas,bchrrr,33.278875,-93.557654,1433570,33.271095,-93.54785,1.256616
05073,Lafayette County,Arkansas,nsrdb,33.278875,-93.557654,772458,33.29,-93.54,2.055045
05075,Lawrence County,Arkansas,wtk,36.070843,-91.064457,1559864,36.072697,-91.07349,0.837623
05075,Lawrence County,Arkansas,bchrrr,36.070843,-91.064457,1559864,36.072697,-91.07349,0.837623
05075,Lawrence County,Arkansas,nsrdb,36.070843,-91.064457,824756,36.09,-91.06,2.167494
05077,Lee County,Arkansas,wtk,34.787429,-90.769609,1581713,34.788357,-90.76752,0.21689
05077,Lee County,Arkansas,bchrrr,34.787429,-90.769609,1581713,34.788357,-90.76752,0.21689
05077,Lee County,Arkansas,nsrdb,34.787429,-90.769609,831138,34.77,-90.78,2.157907
05079,Lincoln County,Arkansas,wtk,33.973434,-91.74584,1531747,33.974716,-91.736206,0.899745
05079,Lincoln County,Arkansas,bchrrr,33.973434,-91.74584,1531747,33.974716,-91.736206,0.899745
05079,Lincoln County,Arkansas,nsrdb,33.973434,-91.74584,809772,33.97,-91.74,0.660173
05081,Little River County,Arkansas,wtk,33.700349,-94.198716,1396595,33.704903,-94.190186,0.937587
05081,Little River County,Arkansas,bchrrr,33.700349,-94.198716,1396595,33.704903,-94.190186,0.937587
05081,Little River County,Arkansas,nsrdb,33.700349,-94.198716,759459,33.69,-94.18,2.079022
05083,Logan County,Arkansas,wtk,35.227671,-93.768166,1417624,35.233215,-93.76599,0.647373
05083,Logan County,Arkansas,bchrrr,35.227671,-93.768166,1417624,35.233215,-93.76599,0.647373
05083,Logan County,Arkansas,nsrdb,35.227671,-93.768166,767517,35.21,-93.78,2.239778
05085,Lonoke County,Arkansas,wtk,34.916984,-91.973962,1516007,34.918694,-91.96561,0.78489
05085,Lonoke County,Arkansas,bchrrr,34.916984,-91.973962,1516007,34.918694,-91.96561,0.78489
05085,Lonoke County,Arkansas,nsrdb,34.916984,-91.973962,804639,34.93,-91.98,1.54847
05087,Madison County,Arkansas,wtk,36.062935,-93.757627,1416433,36.059544,-93.76019,0.441875
05087,Madison County,Arkansas,bchrrr,36.062935,-93.757627,1416433,36.059544,-93.76019,0.441875
05087,Madison County,Arkansas,nsrdb,36.062935,-93.757627,768310,36.05,-93.74,2.139995
05089,Marion County,Arkansas,wtk,36.284395,-92.660217,1475216,36.286034,-92.656494,0.380225
05089,Marion County,Arkansas,bchrrr,36.284395,-92.660217,1475216,36.286034,-92.656494,0.380225
05089,Marion County,Arkansas,nsrdb,36.284395,-92.660217,790553,36.29,-92.66,0.623552
05091,Miller County,Arkansas,wtk,33.402395,-93.98723,1408879,33.4088,-93.97974,0.995299
05091,Miller County,Arkansas,bchrrr,33.402395,-93.98723,1408879,33.4088,-93.97974,0.995299
05091,Miller County,Arkansas,nsrdb,33.402395,-93.98723,763505,33.41,-93.98,1.079586
05093,Mississippi County,Arkansas,wtk,35.843368,-90.001543,1618523,35.847572,-90.000305,0.480598
05093,Mississippi County,Arkansas,bchrrr,35.843368,-90.001543,1618523,35.847572,-90.000305,0.480598
05093,Mississippi County,Arkansas,nsrdb,35.843368,-90.001543,849064,35.85,-90.02,1.819714
05095,Monroe County,Arkansas,wtk,34.777057,-91.221507,1557356,34.77469,-91.21533,0.622547
05095,Monroe County,Arkansas,bchrrr,34.777057,-91.221507,1557356,34.77469,-91.21533,0.622547
05095,Monroe County,Arkansas,nsrdb,34.777057,-91.221507,821216,34.77,-91.22,0.796684
05097,Montgomery County,Arkansas,wtk,34.514568,-93.62248,1427465,34.51492,-93.61261,0.905161
05097,Montgomery County,Arkansas,bchrrr,34.514568,-93.62248,1427465,34.51492,-93.61261,0.905161
05097,Montgomery County,Arkansas,nsrdb,34.514568,-93.62248,770795,34.53,-93.62,1.730939
05099,Nevada County,Arkansas,wtk,33.725543,-93.359458,1443442,33.722107,-93.35559,0.523395
05099,Nevada County,Arkansas,bchrrr,33.725543,-93.359458,1443442,33.722107,-93.35559,0.523395
05099,Nevada County,Arkansas,nsrdb,33.725543,-93.359458,776539,33.73,-93.34,1.866462
05101,Newton County,Arkansas,wtk,35.98261,-93.16563,1448470,35.98932,-93.171814,0.930741
05101,Newton County,Arkansas,bchrrr,35.98261,-93.16563,1448470,35.98932,-93.171814,0.930741
05101,Newton County,Arkansas,nsrdb,35.98261,-93.16563,779771,35.97,-93.18,1.9074
05103,Ouachita County,Arkansas,wtk,33.573845,-92.838643,1472660,33.57859,-92.83551,0.602186
05103,Ouachita County,Arkansas,bchrrr,33.573845,-92.838643,1472660,33.57859,-92.83551,0.602186
05103,Ouachita County,Arkansas,nsrdb,33.573845,-92.838643,787297,33.57,-92.82,1.779345
05105,Perry County,Arkansas,wtk,34.998712,-92.77765,1472738,35.00353,-92.76654,1.145013
05105,Perry County,Arkansas,bchrrr,34.998712,-92.77765,1472738,35.00353,-92.76654,1.145013
05105,Perry County,Arkansas,nsrdb,34.998712,-92.77765,788092,35.01,-92.78,1.273289
05107,Phillips County,Arkansas,wtk,34.530916,-90.703788,1586574,34.52783,-90.69916,0.545425
05107,Phillips County,Arkansas,bchrrr,34.530916,-90.703788,1586574,34.52783,-90.69916,0.545425
05107,Phillips County,Arkansas,nsrdb,34.530916,-90.703788,832980,34.53,-90.7,0.361641
05109,Pike County,Arkansas,wtk,34.186356,-93.626179,1427447,34.1859,-93.62445,0.166925
05109,Pike County,Arkansas,bchrrr,34.186356,-93.626179,1427447,34.1859,-93.62445,0.166925
05109,Pike County,Arkansas,nsrdb,34.186356,-93.626179,770804,34.17,-93.62,1.905463
05111,Poinsett County,Arkansas,wtk,35.604751,-90.558396,1589069,35.604263,-90.56598,0.687796
05111,Poinsett County,Arkansas,bchrrr,35.604751,-90.558396,1589069,35.604263,-90.56598,0.687796
05111,Poinsett County,Arkansas,nsrdb,35.604751,-90.558396,836757,35.61,-90.54,1.762527
05113,Polk County,Arkansas,wtk,34.522847,-94.25787,1391724,34.528618,-94.25641,0.655498
05113,Polk County,Arkansas,bchrrr,34.522847,-94.25787,1391724,34.528618,-94.25641,0.655498
05113,Polk County,Arkansas,nsrdb,34.522847,-94.25787,757825,34.53,-94.26,0.818964
05115,Pope County,Arkansas,wtk,35.309055,-93.096832,1454541,35.30719,-93.08887,0.751656
05115,Pope County,Arkansas,bchrrr,35.309055,-93.096832,1454541,35.30719,-93.08887,0.751656
05115,Pope County,Arkansas,nsrdb,35.309055,-93.096832,781439,35.29,-93.1,2.138238
05117,Prairie County,Arkansas,wtk,34.863817,-91.540542,1539087,34.86367,-91.54425,0.338702
05117,Prairie County,Arkansas,bchrrr,34.863817,-91.540542,1539087,34.86367,-91.54425,0.338702
05117,Prairie County,Arkansas,nsrdb,34.863817,-91.540542,814127,34.85,-91.54,1.537178
05119,Pulaski County,Arkansas,wtk,34.775252,-92.315038,1497909,34.7673,-92.30963,1.012843
05119,Pulaski County,Arkansas,bchrrr,34.775252,-92.315038,1497909,34.7673,-92.30963,1.012843
05119,Pulaski County,Arkansas,nsrdb,34.775252,-92.315038,798030,34.77,-92.3,1.492538
05121,Randolph County,Arkansas,wtk,36.302138,-90.989592,1563529,36.307835,-90.98691,0.677536
05121,Randolph County,Arkansas,bchrrr,36.302138,-90.989592,1563529,36.307835,-90.98691,0.677536
05121,Randolph County,Arkansas,nsrdb,36.302138,-90.989592,826542,36.29,-90.98,1.600194
05123,St. Francis County,Arkansas,wtk,35.016355,-90.774943,1580506,35.0089,-90.77231,0.862945
05123,St. Francis County,Arkansas,bchrrr,35.016355,-90.774943,1580506,35.0089,-90.77231,0.862945
05123,St. Francis County,Arkansas,nsrdb,35.016355,-90.774943,831132,35.01,-90.78,0.843475
05125,Saline County,Arkansas,wtk,34.596992,-92.546134,1485925,34.59259,-92.54196,0.620939
05125,Saline County,Arkansas,bchrrr,34.596992,-92.546134,1485925,34.59259,-92.54196,0.620939
05125,Saline County,Arkansas,nsrdb,34.596992,-92.546134,793082,34.61,-92.54,1.551558
05127,Scott County,Arkansas,wtk,34.904214,-94.097033,1400348,34.910065,-94.08984,0.92386
05127,Scott County,Arkansas,bchrrr,34.904214,-94.097033,1400348,34.910065,-94.08984,0.92386
05127,Scott County,Arkansas,nsrdb,34.904214,-94.097033,761044,34.89,-94.1,1.603523
05129,Searcy County,Arkansas,wtk,35.923072,-92.660703,1476399,35.917942,-92.65277,0.914168
05129,Searcy County,Arkansas,bchrrr,35.923072,-92.660703,1476399,35.917942,-92.65277,0.914168
05129,Searcy County,Arkansas,nsrdb,35.923072,-92.660703,790562,35.93,-92.66,0.772956
05131,Sebastian County,Arkansas,wtk,35.31872,-94.354818,1385595,35.318115,-94.34772,0.647504
05131,Sebastian County,Arkansas,bchrrr,35.31872,-94.354818,1385595,35.318115,-94.34772,0.647504
05131,Sebastian County,Arkansas,nsrdb,35.31872,-94.354818,756191,35.33,-94.34,1.838602
05133,Sevier County,Arkansas,wtk,34.015318,-94.303814,1389228,34.017605,-94.3139,0.963753
05133,Sevier County,Arkansas,bchrrr,34.015318,-94.303814,1389228,34.017605,-94.3139,0.963753
05133,Sevier County,Arkansas,nsrdb,34.015318,-94.303814,757030,34.01,-94.3,0.687938
05135,Sharp County,Arkansas,wtk,36.178092,-91.519488,1535513,36.186035,-91.52124,0.897111
05135,Sharp County,Arkansas,bchrrr,36.178092,-91.519488,1535513,36.186035,-91.52124,0.897111
05135,Sharp County,Arkansas,nsrdb,36.178092,-91.519488,814971,36.17,-91.5,1.967094
05137,Stone County,Arkansas,wtk,35.855716,-92.13383,1503970,35.86221,-92.13376,0.722128
05137,Stone County,Arkansas,bchrrr,35.855716,-92.13383,1503970,35.86221,-92.13376,0.722128
05137,Stone County,Arkansas,nsrdb,35.855716,-92.13383,801290,35.85,-92.14,0.844512
05139,Union County,Arkansas,wtk,33.207421,-92.65201,1483452,33.207645,-92.65689,0.454699
05139,Union County,Arkansas,bchrrr,33.207421,-92.65201,1483452,33.207645,-92.65689,0.454699
05139,Union County,Arkansas,nsrdb,33.207421,-92.65201,790630,33.21,-92.66,0.796746
05141,Van Buren County,Arkansas,wtk,35.56809,-92.420169,1489569,35.56062,-92.4227,0.861599
05141,Van Buren County,Arkansas,bchrrr,35.56809,-92.420169,1489569,35.56062,-92.4227,0.861599
05141,Van Buren County,Arkansas,nsrdb,35.56809,-92.420169,795536,35.57,-92.42,0.212932
05143,Washington County,Arkansas,wtk,36.095922,-94.1723,1394268,36.104713,-94.168304,1.04136
05143,Washington County,Arkansas,bchrrr,36.095922,-94.1723,1394268,36.104713,-94.168304,1.04136
05143,Washington County,Arkansas,nsrdb,36.095922,-94.1723,759399,36.09,-94.18,0.955142
05145,White County,Arkansas,wtk,35.239408,-91.773506,1525751,35.24061,-91.76587,0.706247
05145,White County,Arkansas,bchrrr,35.239408,-91.773506,1525751,35.24061,-91.76587,0.706247
05145,White County,Arkansas,nsrdb,35.239408,-91.773506,808878,35.25,-91.78,1.317175
05147,Woodruff County,Arkansas,wtk,35.233159,-91.251064,1553721,35.235268,-91.24902,0.299097
05147,Woodruff County,Arkansas,bchrrr,35.233159,-91.251064,1553721,35.235268,-91.24902,0.299097
05147,Woodruff County,Arkansas,nsrdb,35.233159,-91.251064,820313,35.25,-91.26,2.040919
05149,Yell County,Arkansas,wtk,35.127752,-93.282847,1444745,35.1291,-93.276215,0.621477
05149,Yell County,Arkansas,bchrrr,35.127752,-93.282847,1444745,35.1291,-93.276215,0.621477
05149,Yell County,Arkansas,nsrdb,35.127752,-93.282847,777324,35.13,-93.3,1.579829
06001,Alameda County,California,wtk,37.706599,-122.098903,165790,37.70809,-122.11066,1.047484
06001,Alameda County,California,bchrrr,37.706599,-122.098903,165790,37.70809,-122.11066,1.047484
06001,Alameda County,California,nsrdb,37.706599,-122.098903,141994,37.69,-122.1,1.848249
06003,Alpine County,California,wtk,38.728486,-119.847703,268719,38.7307,-119.8367,0.985684
06003,Alpine County,California,bchrrr,38.728486,-119.847703,268719,38.7307,-119.8367,0.985684
06003,Alpine County,California,nsrdb,38.728486,-119.847703,177222,38.73,-119.86,1.0799
06005,Amador County,California,wtk,38.395901,-120.777976,229192,38.404816,-120.77182,1.127147
06005,Amador County,California,bchrrr,38.395901,-120.777976,229192,38.404816,-120.77182,1.127147
06005,Amador County,California,nsrdb,38.395901,-120.777976,162196,38.41,-120.78,1.577629
06007,Butte County,California,wtk,39.658924,-121.726705,213073,39.662098,-121.72589,0.359763
06007,Butte County,California,bchrrr,39.658924,-121.726705,213073,39.662098,-121.72589,0.359763
06007,Butte County,California,nsrdb,39.658924,-121.726705,147343,39.65,-121.74,1.51001
06009,Calaveras County,California,wtk,38.157347,-120.645137,230121,38.16393,-120.64928,0.816717
06009,Calaveras County,California,bchrrr,38.157347,-120.645137,230121,38.16393,-120.64928,0.816717
06009,Calaveras County,California,nsrdb,38.157347,-120.645137,164126,38.17,-120.66,1.915209
06011,Colusa County,California,wtk,39.153459,-122.083843,190847,39.157894,-122.08859,0.640882
06011,Colusa County,California,bchrrr,39.153459,-122.083843,190847,39.157894,-122.08859,0.640882
06011,Colusa County,California,nsrdb,39.153459,-122.083843,141957,39.17,-122.1,2.307252
06013,Contra Costa County,California,wtk,37.935011,-122.024971,172513,37.92435,-122.030426,1.278358
06013,Contra Costa County,California,bchrrr,37.935011,-122.024971,172513,37.92435,-122.030426,1.278358
06013,Contra Costa County,California,nsrdb,37.935011,-122.024971,143181,37.93,-122.02,0.707491
06015,Del Norte County,California,wtk,41.790836,-124.164248,159328,41.78939,-124.16086,0.32365
06015,Del Norte County,California,bchrrr,41.790836,-124.164248,159328,41.78939,-124.16086,0.32365
06015,Del Norte County,California,nsrdb,41.790836,-124.164248,113241,41.81,-124.18,2.499167
06017,El Dorado County,California,wtk,38.741048,-120.761058,234847,38.738014,-120.75903,0.380465
06017,El Dorado County,California,bchrrr,38.741048,-120.761058,234847,38.738014,-120.75903,0.380465
06017,El Dorado County,California,nsrdb,38.741048,-120.761058,162188,38.73,-120.78,2.051468
06019,Fresno County,California,wtk,36.743849,-119.76524,242193,36.738613,-119.77283,0.892398
06019,Fresno County,California,bchrrr,36.743849,-119.76524,242193,36.738613,-119.77283,0.892398
06019,Fresno County,California,nsrdb,36.743849,-119.76524,178586,36.73,-119.78,2.025182
06021,Glenn County,California,wtk,39.665748,-122.179236,195695,39.661255,-122.18259,0.576216
06021,Glenn County,California,bchrrr,39.665748,-122.179236,195695,39.661255,-122.18259,0.576216
06021,Glenn County,California,nsrdb,39.665748,-122.179236,140772,39.65,-122.18,1.752321
06023,Humboldt County,California,wtk,40.757637,-124.08815,144018,40.76276,-124.08151,0.798289
06023,Humboldt County,California,bchrrr,40.757637,-124.08815,144018,40.76276,-124.08151,0.798289
06023,Humboldt County,California,nsrdb,40.757637,-124.08815,114280,40.77,-124.1,1.698773
06025,Imperial County,California,wtk,32.841594,-115.540165,356505,32.836926,-115.54027,0.519151
06025,Imperial County,California,bchrrr,32.841594,-115.540165,356505,32.836926,-115.54027,0.519151
06025,Imperial County,California,nsrdb,32.841594,-115.540165,252719,32.85,-115.54,0.934833
06027,Inyo County,California,wtk,37.171422,-118.270016,304256,37.169796,-118.2735,0.357749
06027,Inyo County,California,bchrrr,37.171422,-118.270016,304256,37.169796,-118.2735,0.357749
06027,Inyo County,California,nsrdb,37.171422,-118.270016,204113,37.17,-118.26,0.901439
06029,Kern County,California,wtk,35.36981,-118.94199,255004,35.369114,-118.93198,0.910925
06029,Kern County,California,bchrrr,35.36981,-118.94199,255004,35.369114,-118.93198,0.910925
06029,Kern County,California,nsrdb,35.36981,-118.94199,192521,35.37,-118.94,0.18167
06031,Kings County,California,wtk,36.252658,-119.726823,236576,36.248795,-119.730194,0.525248
06031,Kings County,California,bchrrr,36.252658,-119.726823,236576,36.248795,-119.730194,0.525248
06031,Kings County,California,nsrdb,36.252658,-119.726823,179254,36.25,-119.74,1.218
06033,Lake County,California,wtk,38.976227,-122.733056,162991,38.966515,-122.73489,1.091503
06033,Lake County,California,bchrrr,38.976227,-122.733056,162991,38.966515,-122.73489,1.091503
06033,Lake County,California,nsrdb,38.976227,-122.733056,132737,38.97,-122.74,0.916398
06035,Lassen County,California,wtk,40.393745,-120.584864,266124,40.39428,-120.58536,0.072824
06035,Lassen County,California,bchrrr,40.393745,-120.584864,266124,40.39428,-120.58536,0.072824
06035,Lassen County,California,nsrdb,40.393745,-120.584864,165368,40.41,-120.58,1.853808
06037,Los Angeles County,California,wtk,34.067887,-118.246059,263970,34.06607,-118.24065,0.537642
06037,Los Angeles County,California,bchrrr,34.067887,-118.246059,263970,34.06607,-118.24065,0.537642
06037,Los Angeles County,California,nsrdb,34.067887,-118.246059,204191,34.05,-118.26,2.367536
06039,Madera County,California,wtk,37.037074,-120.009633,237555,37.04605,-120.011536,1.012277
06039,Madera County,California,bchrrr,37.037074,-120.009633,237555,37.04605,-120.011536,1.012277
06039,Madera County,California,nsrdb,37.037074,-120.009633,174636,37.05,-120.02,1.70659
06041,Marin County,California,wtk,37.986472,-122.546711,153380,37.980045,-122.5493,0.749808
06041,Marin County,California,bchrrr,37.986472,-122.546711,153380,37.980045,-122.5493,0.749808
06041,Marin County,California,nsrdb,37.986472,-122.546711,135601,37.97,-122.54,1.923739
06043,Mariposa County,California,wtk,37.532076,-119.97151,245945,37.53546,-119.98331,1.106439
06043,Mariposa County,California,bchrrr,37.532076,-119.97151,245945,37.53546,-119.98331,1.106439
06043,Mariposa County,California,nsrdb,37.532076,-119.97151,175281,37.53,-119.98,0.783432
06045,Mendocino County,California,wtk,39.285647,-123.394392,143933,39.280384,-123.382904,1.14896
06045,Mendocino County,California,bchrrr,39.285647,-123.394392,143933,39.280384,-123.382904,1.14896
06045,Mendocino County,California,nsrdb,39.285647,-123.394392,123885,39.29,-123.38,1.329825
06047,Merced County,California,wtk,37.274813,-120.628831,216774,37.27653,-120.63547,0.617675
06047,Merced County,California,bchrrr,37.274813,-120.628831,216774,37.27653,-120.63547,0.617675
06047,Merced County,California,nsrdb,37.274813,-120.628831,164792,37.29,-120.62,1.860704
06049,Modoc County,California,wtk,41.521667,-120.631306,281372,41.53391,-120.62576,1.437514
06049,Modoc County,California,bchrrr,41.521667,-120.631306,281372,41.53391,-120.62576,1.437514
06049,Modoc County,California,nsrdb,41.521667,-120.631306,164686,41.53,-120.62,1.320759
06051,Mono County,California,wtk,37.773019,-118.971511,286505,37.77552,-118.97916,0.727535
06051,Mono County,California,bchrrr,37.773019,-118.971511,286505,37.77552,-118.97916,0.727535
06051,Mono County,California,nsrdb,37.773019,-118.971511,191806,37.77,-118.98,0.818182
06053,Monterey County,California,wtk,36.614654,-121.646927,165727,36.60699,-121.64789,0.856523
06053,Monterey County,California,bchrrr,36.614654,-121.646927,165727,36.60699,-121.64789,0.856523
06053,Monterey County,California,nsrdb,36.614654,-121.646927,148629,36.61,-121.66,1.276442
06055,Napa County,California,wtk,38.325096,-122.320061,167742,38.314564,-122.32257,1.191386
06055,Napa County,California,bchrrr,38.325096,-122.320061,167742,38.314564,-122.32257,1.191386
06055,Napa County,California,nsrdb,38.325096,-122.320061,138482,38.33,-122.34,1.82276
06057,Nevada County,California,wtk,39.220022,-120.914928,236745,39.22514,-120.90988,0.716214
06057,Nevada County,California,bchrrr,39.220022,-120.914928,236745,39.22514,-120.90988,0.716214
06057,Nevada County,California,nsrdb,39.220022,-120.914928,160277,39.21,-120.9,1.701723
06059,Orange County,California,wtk,33.732684,-117.858872,274696,33.739048,-117.85498,0.793906
06059,Orange County,California,bchrrr,33.732684,-117.858872,274696,33.739048,-117.85498,0.793906
06059,Orange County,California,nsrdb,33.732684,-117.858872,211036,33.73,-117.86,0.316152
06061,Placer County,California,wtk,38.83971,-121.198083,219730,38.84084,-121.20058,0.250116
06061,Placer County,California,bchrrr,38.83971,-121.198083,219730,38.84084,-121.20058,0.250116
06061,Placer County,California,nsrdb,38.83971,-121.198083,155927,38.85,-121.18,1.939518
06063,Plumas County,California,wtk,39.981153,-120.822587,251608,39.98611,-120.82277,0.551414
06063,Plumas County,California,bchrrr,39.981153,-120.822587,251608,39.98611,-120.82277,0.551414
06063,Plumas County,California,nsrdb,39.981153,-120.822587,161516,39.97,-120.82,1.259598
06065,Riverside County,California,wtk,33.799275,-117.077249,305864,33.802673,-117.079025,0.411939
06065,Riverside County,California,bchrrr,33.799275,-117.077249,305864,33.802673,-117.079025,0.411939
06065,Riverside County,California,nsrdb,33.799275,-117.077249,224699,33.81,-117.06,1.990538
06067,Sacramento County,California,wtk,38.568338,-121.381195,208191,38.560925,-121.38257,0.832913
06067,Sacramento County,California,bchrrr,38.568338,-121.381195,208191,38.560925,-121.38257,0.832913
06067,Sacramento County,California,nsrdb,38.568338,-121.381195,152854,38.57,-121.38,0.212007
06069,San Benito County,California,wtk,36.843074,-121.402638,179171,36.845154,-121.40727,0.47264
06069,San Benito County,California,bchrrr,36.843074,-121.402638,179171,36.845154,-121.40727,0.47264
06069,San Benito County,California,nsrdb,36.843074,-121.402638,152283,36.85,-121.42,1.726242
06071,San Bernardino County,California,wtk,34.190969,-117.359506,299631,34.19226,-117.366394,0.649594
06071,San Bernardino County,California,bchrrr,34.190969,-117.359506,299631,34.19226,-117.366394,0.649594
06071,San Bernardino County,California,nsrdb,34.190969,-117.359506,219814,34.21,-117.34,2.774202
06073,San Diego County,California,wtk,32.884413,-117.112495,292447,32.886837,-117.12219,0.944561
06073,San Diego County,California,bchrrr,32.884413,-117.112495,292447,32.886837,-117.12219,0.944561
06073,San Diego County,California,nsrdb,32.884413,-117.112495,224021,32.89,-117.1,1.321812
06075,San Francisco County,California,wtk,37.760569,-122.436498,154321,37.759033,-122.42842,0.730381
06075,San Francisco County,California,bchrrr,37.760569,-122.436498,154321,37.759033,-122.42842,0.730381
06075,San Francisco County,California,nsrdb,37.760569,-122.436498,137337,37.77,-122.42,1.789654
06077,San Joaquin County,California,wtk,37.924541,-121.302258,201385,37.923595,-121.29016,1.06636
06077,San Joaquin County,California,bchrrr,37.924541,-121.302258,201385,37.923595,-121.29016,1.06636
06077,San Joaquin County,California,nsrdb,37.924541,-121.302258,154099,37.93,-121.3,0.638505
06079,San Luis Obispo County,California,wtk,35.341823,-120.665935,184854,35.339924,-120.66168,0.439937
06079,San Luis Obispo County,California,bchrrr,35.341823,-120.665935,184854,35.339924,-120.66168,0.439937
06079,San Luis Obispo County,California,nsrdb,35.341823,-120.665935,164197,35.33,-120.66,1.420622
06081,San Mateo County,California,wtk,37.563577,-122.339969,154310,37.56695,-122.34543,0.610206
06081,San Mateo County,California,bchrrr,37.563577,-122.339969,154310,37.56695,-122.34543,0.610206
06081,San Mateo County,California,nsrdb,37.563577,-122.339969,138501,37.57,-122.34,0.714211
06083,Santa Barbara County,California,wtk,34.64513,-120.103755,196373,34.636738,-120.11055,1.121246
06083,Santa Barbara County,California,bchrrr,34.64513,-120.103755,196373,34.636738,-120.11055,1.121246
06083,Santa Barbara County,California,nsrdb,34.64513,-120.103755,173382,34.65,-120.1,0.641273
06085,Santa Clara County,California,wtk,37.315517,-121.911202,166726,37.311874,-121.91788,0.716155
06085,Santa Clara County,California,bchrrr,37.315517,-121.911202,166726,37.311874,-121.91788,0.716155
06085,Santa Clara County,California,nsrdb,37.315517,-121.911202,144994,37.33,-121.9,1.890687
06087,Santa Cruz County,California,wtk,36.986339,-121.938805,160965,36.99711,-121.9317,1.353748
06087,Santa Cruz County,California,bchrrr,36.986339,-121.938805,160965,36.99711,-121.9317,1.353748
06087,Santa Cruz County,California,nsrdb,36.986339,-121.938805,144403,36.97,-121.94,1.819915
06089,Shasta County,California,wtk,40.578339,-122.299957,206371,40.56963,-122.30475,1.049605
06089,Shasta County,California,bchrrr,40.578339,-122.299957,206371,40.56963,-122.30475,1.049605
06089,Shasta County,California,nsrdb,40.578339,-122.299957,139006,40.57,-122.3,0.927263
06091,Sierra County,California,wtk,39.607184,-120.421684,260686,39.618244,-120.4176,1.278609
06091,Sierra County,California,bchrrr,39.607184,-120.421684,260686,39.618244,-120.4176,1.278609
06091,Sierra County,California,nsrdb,39.607184,-120.421684,168004,39.61,-120.42,0.34476
06093,Siskiyou County,California,wtk,41.572748,-122.493846,216061,41.578526,-122.50241,0.959307
06093,Siskiyou County,California,bchrrr,41.572748,-122.493846,216061,41.578526,-122.50241,0.959307
06093,Siskiyou County,California,nsrdb,41.572748,-122.493846,136087,41.57,-122.5,0.596199
06095,Solano County,California,wtk,38.236295,-122.067108,176370,38.245514,-122.068985,1.038132
06095,Solano County,California,bchrrr,38.236295,-122.067108,176370,38.245514,-122.068985,1.038132
06095,Solano County,California,nsrdb,38.236295,-122.067108,142575,38.25,-122.06,1.645507
06097,Sonoma County,California,wtk,38.412281,-122.720506,154359,38.422688,-122.71901,1.164524
06097,Sonoma County,California,bchrrr,38.412281,-122.720506,154359,38.422688,-122.71901,1.164524
06097,Sonoma County,California,nsrdb,38.412281,-122.720506,132751,38.41,-122.74,1.717334
06099,Stanislaus County,California,wtk,37.618449,-120.955875,210069,37.62369,-120.946106,1.039182
06099,Stanislaus County,California,bchrrr,37.618449,-120.955875,210069,37.62369,-120.946106,1.039182
06099,Stanislaus County,California,nsrdb,37.618449,-120.955875,159691,37.61,-120.94,1.6846
06101,Sutter County,California,wtk,39.137197,-121.64399,207257,39.13493,-121.65074,0.634408
06101,Sutter County,California,bchrrr,39.137197,-121.64399,207257,39.13493,-121.65074,0.634408
06101,Sutter County,California,nsrdb,39.137197,-121.64399,148566,39.13,-121.66,1.596019
06103,Tehama County,California,wtk,40.114793,-122.219107,201510,40.118282,-122.231735,1.141754
06103,Tehama County,California,bchrrr,40.114793,-122.219107,201510,40.118282,-122.231735,1.141754
06103,Tehama County,California,nsrdb,40.114793,-122.219107,140179,40.13,-122.22,1.692647
06105,Trinity County,California,wtk,40.629983,-123.096381,178427,40.639015,-123.08658,1.301018
06105,Trinity County,California,bchrrr,40.629983,-123.096381,178427,40.639015,-123.08658,1.301018
06105,Trinity County,California,nsrdb,40.629983,-123.096381,127687,40.61,-123.1,2.242908
06107,Tulare County,California,wtk,36.254134,-119.234696,255965,36.254807,-119.23221,0.23514
06107,Tulare County,California,bchrrr,36.254134,-119.234696,255965,36.254807,-119.23221,0.23514
06107,Tulare County,California,nsrdb,36.254134,-119.234696,187921,36.25,-119.22,1.395668
06109,Tuolumne County,California,wtk,37.972,-120.32521,239474,37.972946,-120.326645,0.163973
06109,Tuolumne County,California,bchrrr,37.972,-120.32521,239474,37.972946,-120.326645,0.163973
06109,Tuolumne County,California,nsrdb,37.972,-120.32521,169357,37.97,-120.34,1.315391
06111,Ventura County,California,wtk,34.242809,-119.025487,235527,34.241554,-119.01511,0.964021
06111,Ventura County,California,bchrrr,34.242809,-119.025487,235527,34.241554,-119.01511,0.964021
06111,Ventura County,California,nsrdb,34.242809,-119.025487,191240,34.25,-119.02,0.945374
06113,Yolo County,California,wtk,38.598164,-121.71892,195634,38.59086,-121.719055,0.812254
06113,Yolo County,California,bchrrr,38.598164,-121.71892,195634,38.59086,-121.719055,0.812254
06113,Yolo County,California,nsrdb,38.598164,-121.71892,147974,38.61,-121.7,2.105973
06115,Yuba County,California,wtk,39.131906,-121.510516,213043,39.134655,-121.4998,0.973509
06115,Yuba County,California,bchrrr,39.131906,-121.510516,213043,39.134655,-121.4998,0.973509
06115,Yuba County,California,nsrdb,39.131906,-121.510516,151001,39.13,-121.5,0.931485
08001,Adams County,Colorado,wtk,39.876949,-104.920944,866191,39.878544,-104.919495,0.216203
08001,Adams County,Colorado,bchrrr,39.876949,-104.920944,866191,39.878544,-104.919495,0.216203
08001,Adams County,Colorado,nsrdb,39.876949,-104.920944,485627,39.89,-104.94,2.179394
08003,Alamosa County,Colorado,wtk,37.48189,-105.87763,807479,37.481937,-105.86969,0.700632
08003,Alamosa County,Colorado,bchrrr,37.48189,-105.87763,807479,37.481937,-105.86969,0.700632
08003,Alamosa County,Colorado,nsrdb,37.48189,-105.87763,462550,37.49,-105.86,1.798052
08005,Arapahoe County,Colorado,wtk,39.64658,-104.838559,868345,39.6432,-104.83688,0.402395
08005,Arapahoe County,Colorado,bchrrr,39.64658,-104.838559,868345,39.6432,-104.83688,0.402395
08005,Arapahoe County,Colorado,nsrdb,39.64658,-104.838559,488708,39.65,-104.82,1.633849
08007,Archuleta County,Colorado,wtk,37.240274,-107.089779,754318,37.242237,-107.093735,0.412649
08007,Archuleta County,Colorado,bchrrr,37.240274,-107.089779,754318,37.242237,-107.093735,0.412649
08007,Archuleta County,Colorado,nsrdb,37.240274,-107.089779,433446,37.25,-107.1,1.410018
08009,Baca County,Colorado,wtk,37.368106,-102.532064,958635,37.364502,-102.53897,0.730126
08009,Baca County,Colorado,bchrrr,37.368106,-102.532064,958635,37.364502,-102.53897,0.730126
08009,Baca County,Colorado,nsrdb,37.368106,-102.532064,548164,37.37,-102.54,0.732255
08011,Bent County,Colorado,wtk,38.072921,-103.165971,934649,38.08222,-103.155426,1.386038
08011,Bent County,Colorado,bchrrr,38.072921,-103.165971,934649,38.08222,-103.155426,1.386038
08011,Bent County,Colorado,nsrdb,38.072921,-103.165971,531296,38.09,-103.18,2.261484
08013,Boulder County,Colorado,wtk,40.062992,-105.180182,855374,40.06025,-105.18988,0.879851
08013,Boulder County,Colorado,bchrrr,40.062992,-105.180182,855374,40.06025,-105.18988,0.879851
08013,Boulder County,Colorado,nsrdb,40.062992,-105.180182,479486,40.05,-105.18,1.44473
08014,Broomfield County,Colorado,wtk,39.9399,-105.058124,860775,39.94185,-105.050385,0.694498
08014,Broomfield County,Colorado,bchrrr,39.9399,-105.058124,860775,39.94185,-105.050385,0.694498
08014,Broomfield County,Colorado,nsrdb,39.9399,-105.058124,482556,39.93,-105.06,1.112391
08015,Chaffee County,Colorado,wtk,38.676811,-106.08527,806534,38.670986,-106.08252,0.690306
08015,Chaffee County,Colorado,bchrrr,38.676811,-106.08527,806534,38.670986,-106.08252,0.690306
08015,Chaffee County,Colorado,nsrdb,38.676811,-106.08527,456846,38.69,-106.1,1.945638
08017,Cheyenne County,Colorado,wtk,38.817654,-102.470001,968131,38.814045,-102.47705,0.730769
08017,Cheyenne County,Colorado,bchrrr,38.817654,-102.470001,968131,38.814045,-102.47705,0.730769
08017,Cheyenne County,Colorado,nsrdb,38.817654,-102.470001,550239,38.81,-102.46,1.214569
08019,Clear Creek County,Colorado,wtk,39.71346,-105.532573,838134,39.712692,-105.52588,0.578835
08019,Clear Creek County,Colorado,bchrrr,39.71346,-105.532573,838134,39.712692,-105.52588,0.578835
08019,Clear Creek County,Colorado,nsrdb,39.71346,-105.532573,470369,39.73,-105.54,1.94577
08021,Conejos County,Colorado,wtk,37.199613,-105.987292,800430,37.19148,-105.98776,0.905299
08021,Conejos County,Colorado,bchrrr,37.199613,-105.987292,800430,37.19148,-105.98776,0.905299
08021,Conejos County,Colorado,nsrdb,37.199613,-105.987292,459731,37.21,-105.98,1.323276
08023,Costilla County,Colorado,wtk,37.29223,-105.444279,825205,37.29995,-105.44443,0.85853
08023,Costilla County,Colorado,bchrrr,37.29223,-105.444279,825205,37.29995,-105.44443,0.85853
08023,Costilla County,Colorado,nsrdb,37.29223,-105.444279,472445,37.29,-105.46,1.412663
08025,Crowley County,Colorado,wtk,38.193783,-103.856355,904149,38.19763,-103.85339,0.500121
08025,Crowley County,Colorado,bchrrr,38.193783,-103.856355,904149,38.19763,-103.85339,0.500121
08025,Crowley County,Colorado,nsrdb,38.193783,-103.856355,513494,38.21,-103.86,1.831163
08027,Custer County,Colorado,wtk,38.133547,-105.382812,833768,38.142094,-105.3822,0.95189
08027,Custer County,Colorado,bchrrr,38.133547,-105.382812,833768,38.142094,-105.3822,0.95189
08027,Custer County,Colorado,nsrdb,38.133547,-105.382812,474449,38.13,-105.38,0.464813
08029,Delta County,Colorado,wtk,38.798199,-107.913692,732611,38.78991,-107.92285,1.21633
08029,Delta County,Colorado,bchrrr,38.798199,-107.913692,732611,38.78991,-107.92285,1.21633
08029,Delta County,Colorado,nsrdb,38.798199,-107.913692,415396,38.81,-107.9,1.769065
08031,Denver County,Colorado,wtk,39.724861,-104.950015,864014,39.727062,-104.94595,0.425152
08031,Denver County,Colorado,bchrrr,39.724861,-104.950015,864014,39.727062,-104.94595,0.425152
08031,Denver County,Colorado,nsrdb,39.724861,-104.950015,485631,39.73,-104.94,1.029605
08033,Dolores County,Colorado,wtk,37.746935,-108.758813,691039,37.75203,-108.76552,0.81774
08033,Dolores County,Colorado,bchrrr,37.746935,-108.758813,691039,37.75203,-108.76552,0.81774
08033,Dolores County,Colorado,nsrdb,37.746935,-108.758813,396884,37.73,-108.74,2.506545
08035,Douglas County,Colorado,wtk,39.482024,-104.873586,866170,39.4918,-104.863464,1.391473
08035,Douglas County,Colorado,bchrrr,39.482024,-104.873586,866170,39.4918,-104.863464,1.391473
08035,Douglas County,Colorado,nsrdb,39.482024,-104.873586,487686,39.49,-104.86,1.464909
08037,Eagle County,Colorado,wtk,39.600476,-106.733174,785628,39.593403,-106.74347,1.181856
08037,Eagle County,Colorado,bchrrr,39.600476,-106.733174,785628,39.593403,-106.74347,1.181856
08037,Eagle County,Colorado,nsrdb,39.600476,-106.733174,441663,39.61,-106.74,1.209754
08039,Elbert County,Colorado,wtk,39.38855,-104.523223,881411,39.390987,-104.511475,1.04532
08039,Elbert County,Colorado,bchrrr,39.38855,-104.523223,881411,39.390987,-104.511475,1.04532
08039,Elbert County,Colorado,nsrdb,39.38855,-104.523223,495902,39.37,-104.54,2.516725
08041,El Paso County,Colorado,wtk,38.877316,-104.752127,867219,38.86819,-104.75058,1.023565
08041,El Paso County,Colorado,bchrrr,38.877316,-104.752127,867219,38.86819,-104.75058,1.023565
08041,El Paso County,Colorado,nsrdb,38.877316,-104.752127,490779,38.89,-104.74,1.758135
08043,Fremont County,Colorado,wtk,38.426951,-105.214307,843435,38.41833,-105.20993,1.031665
08043,Fremont County,Colorado,bchrrr,38.426951,-105.214307,843435,38.41833,-105.20993,1.031665
08043,Fremont County,Colorado,nsrdb,38.426951,-105.214307,478507,38.41,-105.22,1.949031
08045,Garfield County,Colorado,wtk,39.507105,-107.549067,752521,39.505993,-107.55246,0.316268
08045,Garfield County,Colorado,bchrrr,39.507105,-107.549067,752521,39.505993,-107.55246,0.316268
08045,Garfield County,Colorado,nsrdb,39.507105,-107.549067,423448,39.49,-107.54,2.054949
08047,Gilpin County,Colorado,wtk,39.856061,-105.483205,841363,39.848095,-105.47403,1.182388
08047,Gilpin County,Colorado,bchrrr,39.856061,-105.483205,841363,39.848095,-105.47403,1.182388
08047,Gilpin County,Colorado,nsrdb,39.856061,-105.483205,471372,39.85,-105.5,1.584187
08049,Grand County,Colorado,wtk,40.051143,-105.978558,821113,40.044662,-105.96817,1.140707
08049,Grand County,Colorado,bchrrr,40.051143,-105.978558,821113,40.044662,-105.96817,1.140707
08049,Grand County,Colorado,nsrdb,40.051143,-105.978558,459660,40.05,-105.98,0.176687
08051,Gunnison County,Colorado,wtk,38.659997,-106.944424,770830,38.657173,-106.94029,0.476922
08051,Gunnison County,Colorado,bchrrr,38.659997,-106.944424,770830,38.657173,-106.94029,0.476922
08051,Gunnison County,Colorado,nsrdb,38.659997,-106.944424,437057,38.65,-106.94,1.176125
08053,Hinsdale County,Colorado,wtk,38.002552,-107.298793,751480,38.001976,-107.29932,0.078958
08053,Hinsdale County,Colorado,bchrrr,38.002552,-107.298793,751480,38.001976,-107.29932,0.078958
08053,Hinsdale County,Colorado,nsrdb,38.002552,-107.298793,428897,38.01,-107.3,0.834905
08055,Huerfano County,Colorado,wtk,37.612666,-104.887382,853085,37.611256,-104.88138,0.551442
08055,Huerfano County,Colorado,bchrrr,37.612666,-104.887382,853085,37.611256,-104.88138,0.551442
08055,Huerfano County,Colorado,nsrdb,37.612666,-104.887382,486708,37.61,-104.9,1.150315
08057,Jackson County,Colorado,wtk,40.690193,-106.295502,811732,40.6861,-106.29617,0.458593
08057,Jackson County,Colorado,bchrrr,40.690193,-106.295502,811732,40.6861,-106.29617,0.458593
08057,Jackson County,Colorado,nsrdb,40.690193,-106.295502,452044,40.69,-106.3,0.379848
08059,Jefferson County,Colorado,wtk,39.723693,-105.130295,855356,39.728767,-105.14021,1.018493
08059,Jefferson County,Colorado,bchrrr,39.723693,-105.130295,855356,39.728767,-105.14021,1.018493
08059,Jefferson County,Colorado,nsrdb,39.723693,-105.130295,480516,39.73,-105.14,1.086594
08061,Kiowa County,Colorado,wtk,38.470082,-102.700985,956606,38.46556,-102.7016,0.505667
08061,Kiowa County,Colorado,bchrrr,38.470082,-102.700985,956606,38.46556,-102.7016,0.505667
08061,Kiowa County,Colorado,nsrdb,38.470082,-102.700985,543917,38.49,-102.7,2.216443
08063,Kit Carson County,Colorado,wtk,39.310417,-102.462024,971296,39.31665,-102.4577,0.7866
08063,Kit Carson County,Colorado,bchrrr,39.310417,-102.462024,971296,39.31665,-102.4577,0.7866
08063,Kit Carson County,Colorado,nsrdb,39.310417,-102.462024,550226,39.33,-102.46,2.184483
08065,Lake County,Colorado,wtk,39.244814,-106.307469,801543,39.246624,-106.297195,0.907338
08065,Lake County,Colorado,bchrrr,39.244814,-106.307469,801543,39.246624,-106.297195,0.907338
08065,Lake County,Colorado,nsrdb,39.244814,-106.307469,452080,39.25,-106.3,0.863829
08067,La Plata County,Colorado,wtk,37.266023,-107.803956,725930,37.27292,-107.80138,0.800072
08067,La Plata County,Colorado,bchrrr,37.266023,-107.803956,725930,37.27292,-107.80138,0.800072
08067,La Plata County,Colorado,nsrdb,37.266023,-107.803956,417224,37.25,-107.82,2.278283
08069,Larimer County,Colorado,wtk,40.504402,-105.08913,862972,40.498886,-105.08447,0.729002
08069,Larimer County,Colorado,bchrrr,40.504402,-105.08913,862972,40.498886,-105.08447,0.729002
08069,Larimer County,Colorado,nsrdb,40.504402,-105.08913,481519,40.49,-105.1,1.846453
08071,Las Animas County,Colorado,wtk,37.192051,-104.501304,868212,37.199192,-104.49788,0.849992
08071,Las Animas County,Colorado,bchrrr,37.192051,-104.501304,868212,37.199192,-104.49788,0.849992
08071,Las Animas County,Colorado,nsrdb,37.192051,-104.501304,496984,37.21,-104.5,1.999179
08073,Lincoln County,Colorado,wtk,39.180055,-103.614154,920058,39.18167,-103.61847,0.413087
08073,Lincoln County,Colorado,bchrrr,39.180055,-103.614154,920058,39.18167,-103.61847,0.413087
08073,Lincoln County,Colorado,nsrdb,39.180055,-103.614154,519732,39.17,-103.62,1.226384
08075,Logan County,Colorado,wtk,40.64034,-103.185919,946270,40.645733,-103.18866,0.642724
08075,Logan County,Colorado,bchrrr,40.64034,-103.185919,946270,40.645733,-103.18866,0.642724
08075,Logan County,Colorado,nsrdb,40.64034,-103.185919,531232,40.65,-103.18,1.184556
08077,Mesa County,Colorado,wtk,39.092942,-108.546689,710938,39.090946,-108.53607,0.942938
08077,Mesa County,Colorado,bchrrr,39.092942,-108.546689,710938,39.090946,-108.53607,0.942938
08077,Mesa County,Colorado,nsrdb,39.092942,-108.546689,401218,39.09,-108.54,0.663529
08079,Mineral County,Colorado,wtk,37.779132,-106.94204,763982,37.779205,-106.95273,0.939538
08079,Mineral County,Colorado,bchrrr,37.779132,-106.94204,763982,37.779205,-106.95273,0.939538
08079,Mineral County,Colorado,nsrdb,37.779132,-106.94204,437079,37.77,-106.94,1.031142
08081,Moffat County,Colorado,wtk,40.516061,-107.613846,757383,40.510063,-107.621185,0.910899
08081,Moffat County,Colorado,bchrrr,40.516061,-107.613846,757383,40.510063,-107.621185,0.910899
08081,Moffat County,Colorado,nsrdb,40.516061,-107.613846,421624,40.53,-107.62,1.634903
08083,Montezuma County,Colorado,wtk,37.371912,-108.554441,696685,37.36861,-108.54701,0.752354
08083,Montezuma County,Colorado,bchrrr,37.371912,-108.554441,696685,37.36861,-108.54701,0.752354
08083,Montezuma County,Colorado,nsrdb,37.371912,-108.554441,401261,37.37,-108.54,1.293729
08085,Montrose County,Colorado,wtk,38.481302,-107.922278,730710,38.491802,-107.9135,1.395314
08085,Montrose County,Colorado,bchrrr,38.481302,-107.922278,730710,38.491802,-107.9135,1.395314
08085,Montrose County,Colorado,nsrdb,38.481302,-107.922278,414511,38.49,-107.94,1.820653
08087,Morgan County,Colorado,wtk,40.254229,-103.789052,919067,40.249725,-103.77658,1.170947
08087,Morgan County,Colorado,bchrrr,40.254229,-103.789052,919067,40.249725,-103.77658,1.170947
08087,Morgan County,Colorado,nsrdb,40.254229,-103.789052,515526,40.25,-103.78,0.900699
08089,Otero County,Colorado,wtk,38.023243,-103.655869,911586,38.026276,-103.667114,1.041124
08089,Otero County,Colorado,bchrrr,38.023243,-103.655869,911586,38.026276,-103.667114,1.041124
08089,Otero County,Colorado,nsrdb,38.023243,-103.655869,518714,38.01,-103.66,1.516373
08091,Ouray County,Colorado,wtk,38.146045,-107.75195,734461,38.13708,-107.750946,1.000723
08091,Ouray County,Colorado,bchrrr,38.146045,-107.75195,734461,38.13708,-107.750946,1.000723
08091,Ouray County,Colorado,nsrdb,38.146045,-107.75195,418993,38.13,-107.74,2.067699
08093,Park County,Colorado,wtk,39.305735,-105.625115,830634,39.31099,-105.63258,0.868301
08093,Park County,Colorado,bchrrr,39.305735,-105.625115,830634,39.31099,-105.63258,0.868301
08093,Park County,Colorado,nsrdb,39.305735,-105.625115,468376,39.29,-105.62,1.804167
08095,Phillips County,Colorado,wtk,40.599357,-102.38593,980783,40.605076,-102.37433,1.167679
08095,Phillips County,Colorado,bchrrr,40.599357,-102.38593,980783,40.605076,-102.37433,1.167679
08095,Phillips County,Colorado,nsrdb,40.599357,-102.38593,552306,40.61,-102.38,1.284979
08097,Pitkin County,Colorado,wtk,39.231757,-106.908765,776727,39.240593,-106.89914,1.285503
08097,Pitkin County,Colorado,bchrrr,39.231757,-106.908765,776727,39.240593,-106.89914,1.285503
08097,Pitkin County,Colorado,nsrdb,39.231757,-106.908765,437957,39.25,-106.9,2.164423
08099,Prowers County,Colorado,wtk,38.083025,-102.54866,961811,38.08645,-102.54346,0.593438
08099,Prowers County,Colorado,bchrrr,38.083025,-102.54866,961811,38.08645,-102.54346,0.593438
08099,Prowers County,Colorado,nsrdb,38.083025,-102.54866,548146,38.09,-102.54,1.084423
08101,Pueblo County,Colorado,wtk,38.265772,-104.64696,868270,38.263584,-104.64249,0.459883
08101,Pueblo County,Colorado,bchrrr,38.265772,-104.64696,868270,38.263584,-104.64249,0.459883
08101,Pueblo County,Colorado,nsrdb,38.265772,-104.64696,492848,38.25,-104.66,2.090946
08103,Rio Blanco County,Colorado,wtk,40.05108,-108.268894,728910,40.042168,-108.26657,1.010523
08103,Rio Blanco County,Colorado,bchrrr,40.05108,-108.268894,728910,40.042168,-108.26657,1.010523
08103,Rio Blanco County,Colorado,nsrdb,40.05108,-108.268894,407355,40.05,-108.26,0.766499
08105,Rio Grande County,Colorado,wtk,37.61185,-106.242149,792474,37.612003,-106.24222,0.018126
08105,Rio Grande County,Colorado,bchrrr,37.61185,-106.242149,792474,37.612003,-106.24222,0.018126
08105,Rio Grande County,Colorado,nsrdb,37.61185,-106.242149,453072,37.61,-106.26,1.585818
08107,Routt County,Colorado,wtk,40.455505,-106.897433,785675,40.456882,-106.89679,0.162493
08107,Routt County,Colorado,bchrrr,40.455505,-106.897433,785675,40.456882,-106.89679,0.162493
08107,Routt County,Colorado,nsrdb,40.455505,-106.897433,437927,40.45,-106.9,0.649522
08109,Saguache County,Colorado,wtk,37.925349,-106.006053,804482,37.932938,-106.01135,0.963296
08109,Saguache County,Colorado,bchrrr,37.925349,-106.006053,804482,37.932938,-106.01135,0.963296
08109,Saguache County,Colorado,nsrdb,37.925349,-106.006053,458762,37.93,-106.02,1.328111
08111,San Juan County,Colorado,wtk,37.801879,-107.673574,735386,37.8109,-107.66632,1.188415
08111,San Juan County,Colorado,bchrrr,37.801879,-107.673574,735386,37.8109,-107.66632,1.188415
08111,San Juan County,Colorado,nsrdb,37.801879,-107.673574,420794,37.81,-107.66,1.495852
08113,San Miguel County,Colorado,wtk,37.971821,-107.958247,725025,37.963688,-107.95526,0.941494
08113,San Miguel County,Colorado,bchrrr,37.971821,-107.958247,725025,37.963688,-107.95526,0.941494
08113,San Miguel County,Colorado,nsrdb,37.971821,-107.958247,414524,37.97,-107.94,1.612255
08115,Sedgwick County,Colorado,wtk,40.962163,-102.325647,985014,40.962543,-102.313416,1.02788
08115,Sedgwick County,Colorado,bchrrr,40.962163,-102.325647,985014,40.962543,-102.313416,1.02788
08115,Sedgwick County,Colorado,nsrdb,40.962163,-102.325647,553354,40.97,-102.34,1.487186
08117,Summit County,Colorado,wtk,39.572385,-106.055684,813728,39.56874,-106.060486,0.577655
08117,Summit County,Colorado,bchrrr,39.572385,-106.055684,813728,39.56874,-106.060486,0.577655
08117,Summit County,Colorado,nsrdb,39.572385,-106.055684,457772,39.57,-106.06,0.455175
08119,Teller County,Colorado,wtk,38.944783,-105.139848,849926,38.945507,-105.14458,0.417075
08119,Teller County,Colorado,bchrrr,38.944783,-105.139848,849926,38.945507,-105.14458,0.417075
08119,Teller County,Colorado,nsrdb,38.944783,-105.139848,480536,38.93,-105.14,1.643849
08121,Washington County,Colorado,wtk,40.098312,-103.157095,945195,40.10823,-103.14978,1.26622
08121,Washington County,Colorado,bchrrr,40.098312,-103.157095,945195,40.10823,-103.14978,1.26622
08121,Washington County,Colorado,nsrdb,40.098312,-103.157095,532296,40.09,-103.14,1.723018
08123,Weld County,Colorado,wtk,40.322425,-104.806872,873822,40.31677,-104.812454,0.786994
08123,Weld County,Colorado,bchrrr,40.322425,-104.806872,873822,40.31677,-104.812454,0.786994
08123,Weld County,Colorado,nsrdb,40.322425,-104.806872,488691,40.33,-104.82,1.395705
08125,Yuma County,Colorado,wtk,40.065852,-102.480926,973425,40.05844,-102.48749,0.99565
08125,Yuma County,Colorado,bchrrr,40.065852,-102.480926,973425,40.05844,-102.48749,0.99565
08125,Yuma County,Colorado,nsrdb,40.065852,-102.480926,549152,40.05,-102.5,2.3963
09001,Fairfield County,Connecticut,wtk,41.206023,-73.36713,2317390,41.21192,-73.367676,0.657306
09001,Fairfield County,Connecticut,bchrrr,41.206023,-73.36713,2317390,41.21192,-73.367676,0.657306
09001,Fairfield County,Connecticut,nsrdb,41.206023,-73.36713,1264295,41.21,-73.38,1.163917
09003,Hartford County,Connecticut,wtk,41.761162,-72.717791,2332628,41.76416,-72.71069,0.676767
09003,Hartford County,Connecticut,bchrrr,41.761162,-72.717791,2332628,41.76416,-72.71069,0.676767
09003,Hartford County,Connecticut,nsrdb,41.761162,-72.717791,1286237,41.77,-72.7,1.772856
09005,Litchfield County,Connecticut,wtk,41.726956,-73.19035,2316505,41.73439,-73.190155,0.826783
09005,Litchfield County,Connecticut,bchrrr,41.726956,-73.19035,2316505,41.73439,-73.190155,0.826783
09005,Litchfield County,Connecticut,nsrdb,41.726956,-73.19035,1270677,41.73,-73.18,0.92319
09007,Middlesex County,Connecticut,wtk,41.479018,-72.571759,2341276,41.47934,-72.56555,0.518491
09007,Middlesex County,Connecticut,bchrrr,41.479018,-72.571759,2341276,41.47934,-72.56555,0.518491
09007,Middlesex County,Connecticut,nsrdb,41.479018,-72.571759,1290107,41.49,-72.58,1.400872
09009,New Haven County,Connecticut,wtk,41.396593,-72.942352,2329958,41.388268,-72.93808,0.991924
09009,New Haven County,Connecticut,bchrrr,41.396593,-72.942352,2329958,41.388268,-72.93808,0.991924
09009,New Haven County,Connecticut,nsrdb,41.396593,-72.942352,1278458,41.41,-72.94,1.503643
09011,New London County,Connecticut,wtk,41.443273,-72.097553,2357800,41.447567,-72.08603,1.072584
09011,New London County,Connecticut,bchrrr,41.443273,-72.097553,2357800,41.447567,-72.08603,1.072584
09011,New London County,Connecticut,nsrdb,41.443273,-72.097553,1305575,41.45,-72.1,0.775316
09013,Tolland County,Connecticut,wtk,41.842276,-72.372996,2342990,41.842094,-72.36661,0.529395
09013,Tolland County,Connecticut,bchrrr,41.842276,-72.372996,2342990,41.842094,-72.36661,0.529395
09013,Tolland County,Connecticut,nsrdb,41.842276,-72.372996,1296532,41.85,-72.38,1.036461
09015,Windham County,Connecticut,wtk,41.80508,-71.993439,2355998,41.79592,-71.99429,1.020987
09015,Windham County,Connecticut,bchrrr,41.80508,-71.993439,2355998,41.79592,-71.99429,1.020987
09015,Windham County,Connecticut,nsrdb,41.80508,-71.993439,1309455,41.81,-71.98,1.24097
10001,Kent County,Delaware,wtk,39.127081,-75.55917,2263768,39.132812,-75.55289,0.836375
10001,Kent County,Delaware,bchrrr,39.127081,-75.55917,2263768,39.132812,-75.55289,0.836375
10001,Kent County,Delaware,nsrdb,39.127081,-75.55917,1194572,39.13,-75.54,1.685113
10003,New Castle County,Delaware,wtk,39.678852,-75.635222,2253466,39.686024,-75.638855,0.855948
10003,New Castle County,Delaware,bchrrr,39.678852,-75.635222,2253466,39.686024,-75.638855,0.855948
10003,New Castle County,Delaware,nsrdb,39.678852,-75.635222,1191841,39.69,-75.62,1.798152
10005,Sussex County,Delaware,wtk,38.66176,-75.331459,2277848,38.66861,-75.34073,1.108186
10005,Sussex County,Delaware,bchrrr,38.66176,-75.331459,2277848,38.66861,-75.34073,1.108186
10005,Sussex County,Delaware,nsrdb,38.66176,-75.331459,1201297,38.65,-75.34,1.503329
11000,District of Columbia,District of Columbia,wtk,38.910168,-77.013993,2202768,38.905243,-77.02655,1.216734
11000,District of Columbia,District of Columbia,bchrrr,38.910168,-77.013993,2202768,38.905243,-77.02655,1.216734
11000,District of Columbia,District of Columbia,nsrdb,38.910168,-77.013993,1145369,38.93,-77.02,2.265627
12001,Alachua County,Florida,wtk,29.664707,-82.391602,2050566,29.667171,-82.38336,0.842159
12001,Alachua County,Florida,bchrrr,29.664707,-82.391602,2050566,29.667171,-82.38336,0.842159
12001,Alachua County,Florida,nsrdb,29.664707,-82.391602,1012619,29.65,-82.38,1.982722
12003,Baker County,Florida,wtk,30.286373,-82.184531,2054879,30.292984,-82.17404,1.247011
12003,Baker County,Florida,bchrrr,30.286373,-82.184531,2054879,30.292984,-82.17404,1.247011
12003,Baker County,Florida,nsrdb,30.286373,-82.184531,1016702,30.29,-82.18,0.593233
12005,Bay County,Florida,wtk,30.212814,-85.670569,1886101,30.205364,-85.66901,0.84184
12005,Bay County,Florida,bchrrr,30.212814,-85.670569,1886101,30.205364,-85.66901,0.84184
12005,Bay County,Florida,nsrdb,30.212814,-85.670569,943675,30.21,-85.66,1.062706
12007,Bradford County,Florida,wtk,29.949895,-82.128277,2060299,29.958344,-82.13599,1.197838
12007,Bradford County,Florida,bchrrr,29.949895,-82.128277,2060299,29.958344,-82.13599,1.197838
12007,Bradford County,Florida,nsrdb,29.949895,-82.128277,1017536,29.93,-82.14,2.483928
12009,Brevard County,Florida,wtk,28.225042,-80.690979,2157049,28.231045,-80.68634,0.807539
12009,Brevard County,Florida,bchrrr,28.225042,-80.690979,2157049,28.231045,-80.68634,0.807539
12009,Brevard County,Florida,nsrdb,28.225042,-80.690979,1048686,28.21,-80.7,1.891779
12011,Broward County,Florida,wtk,26.135402,-80.226949,2209021,26.14354,-80.23239,1.05539
12011,Broward County,Florida,bchrrr,26.135402,-80.226949,2209021,26.14354,-80.23239,1.05539
12011,Broward County,Florida,nsrdb,26.135402,-80.226949,1059569,26.13,-80.22,0.917628
12013,Calhoun County,Florida,wtk,30.464333,-85.125851,1912792,30.469715,-85.1228,0.66607
12013,Calhoun County,Florida,bchrrr,30.464333,-85.125851,1912792,30.469715,-85.1228,0.66607
12013,Calhoun County,Florida,nsrdb,30.464333,-85.125851,954376,30.45,-85.14,2.092687
12015,Charlotte County,Florida,wtk,26.953853,-82.117329,2093382,26.945412,-82.117065,0.938962
12015,Charlotte County,Florida,bchrrr,26.953853,-82.117329,2093382,26.945412,-82.117065,0.938962
12015,Charlotte County,Florida,nsrdb,26.953853,-82.117329,1018434,26.97,-82.1,2.484628
12017,Citrus County,Florida,wtk,28.865585,-82.455209,2054798,28.85979,-82.458435,0.716878
12017,Citrus County,Florida,bchrrr,28.865585,-82.455209,2054798,28.85979,-82.458435,0.716878
12017,Citrus County,Florida,nsrdb,28.865585,-82.455209,1011003,28.85,-82.46,1.794687
12019,Clay County,Florida,wtk,30.087736,-81.80044,2076910,30.088432,-81.79285,0.73434
12019,Clay County,Florida,bchrrr,30.087736,-81.80044,2076910,30.088432,-81.79285,0.73434
12019,Clay County,Florida,nsrdb,30.087736,-81.80044,1024094,30.09,-81.82,1.898659
12021,Collier County,Florida,wtk,26.203682,-81.692479,2124458,26.213982,-81.69971,1.353563
12021,Collier County,Florida,bchrrr,26.203682,-81.692479,2124458,26.213982,-81.69971,1.353563
12021,Collier County,Florida,nsrdb,26.203682,-81.692479,1026665,26.21,-81.7,1.027884
12023,Columbia County,Florida,wtk,30.122016,-82.664469,2031731,30.129105,-82.67157,1.042962
12023,Columbia County,Florida,bchrrr,30.122016,-82.664469,2031731,30.129105,-82.67157,1.042962
12023,Columbia County,Florida,nsrdb,30.122016,-82.664469,1006869,30.13,-82.66,0.986352
12027,DeSoto County,Florida,wtk,27.186804,-81.870477,2104504,27.19405,-81.86536,0.951488
12027,DeSoto County,Florida,bchrrr,27.186804,-81.870477,2104504,27.19405,-81.86536,0.951488
12027,DeSoto County,Florida,nsrdb,27.186804,-81.870477,1023345,27.17,-81.86,2.136685
12029,Dixie County,Florida,wtk,29.634594,-83.058646,2017250,29.63805,-83.05957,0.39453
12029,Dixie County,Florida,bchrrr,29.634594,-83.058646,2017250,29.63805,-83.05957,0.39453
12029,Dixie County,Florida,nsrdb,29.634594,-83.058646,998602,29.65,-83.06,1.718062
12031,Duval County,Florida,wtk,30.29864,-81.620442,2083581,30.299595,-81.621765,0.165559
12031,Duval County,Florida,bchrrr,30.29864,-81.620442,2083581,30.299595,-81.621765,0.165559
12031,Duval County,Florida,nsrdb,30.29864,-81.620442,1028220,30.29,-81.62,0.961662
12033,Escambia County,Florida,wtk,30.485634,-87.27718,1800506,30.479568,-87.270905,0.903623
12033,Escambia County,Florida,bchrrr,30.485634,-87.27718,1800506,30.479568,-87.270905,0.903623
12033,Escambia County,Florida,nsrdb,30.485634,-87.27718,911310,30.49,-87.26,1.716297
12035,Flagler County,Florida,wtk,29.521475,-81.222106,2113527,29.521957,-81.21741,0.457528
12035,Flagler County,Florida,bchrrr,29.521475,-81.222106,2113527,29.521957,-81.21741,0.457528
12035,Flagler County,Florida,nsrdb,29.521475,-81.222106,1036974,29.53,-81.22,0.969591
12037,Franklin County,Florida,wtk,29.785968,-84.813126,1933062,29.778458,-84.813446,0.835646
12037,Franklin County,Florida,bchrrr,29.785968,-84.813126,1933062,29.778458,-84.813446,0.835646
12037,Franklin County,Florida,nsrdb,29.785968,-84.813126,961089,29.77,-84.82,1.895458
12039,Gadsden County,Florida,wtk,30.593633,-84.571757,1937841,30.585697,-84.57553,0.953488
12039,Gadsden County,Florida,bchrrr,30.593633,-84.571757,1937841,30.585697,-84.57553,0.953488
12039,Gadsden County,Florida,nsrdb,30.593633,-84.571757,966099,30.61,-84.58,1.983569
12041,Gilchrist County,Florida,wtk,29.705264,-82.808101,2028596,29.712307,-82.81503,1.030118
12041,Gilchrist County,Florida,bchrrr,29.705264,-82.808101,2028596,29.712307,-82.81503,1.030118
12041,Gilchrist County,Florida,nsrdb,29.705264,-82.808101,1003582,29.69,-82.82,2.049807
12043,Glades County,Florida,wtk,26.897006,-81.189448,2144528,26.904766,-81.19574,1.06482
12043,Glades County,Florida,bchrrr,26.897006,-81.189448,2144528,26.904766,-81.19574,1.06482
12043,Glades County,Florida,nsrdb,26.897006,-81.189448,1037936,26.89,-81.18,1.218511
12045,Gulf County,Florida,wtk,29.955613,-85.259664,1909538,29.95956,-85.26605,0.755723
12045,Gulf County,Florida,bchrrr,29.955613,-85.259664,1909538,29.95956,-85.26605,0.755723
12045,Gulf County,Florida,nsrdb,29.955613,-85.259664,951910,29.97,-85.26,1.600091
12047,Hamilton County,Florida,wtk,30.50144,-82.999092,2012170,30.504997,-83.00122,0.444974
12047,Hamilton County,Florida,bchrrr,30.50144,-82.999092,2012170,30.504997,-83.00122,0.444974
12047,Hamilton County,Florida,nsrdb,30.50144,-82.999092,1000228,30.49,-82.98,2.228088
12049,Hardee County,Florida,wtk,27.548142,-81.816978,2103414,27.547016,-81.81464,0.26231
12049,Hardee County,Florida,bchrrr,27.548142,-81.816978,2103414,27.547016,-81.81464,0.26231
12049,Hardee County,Florida,nsrdb,27.548142,-81.816978,1024158,27.53,-81.82,2.039187
12051,Hendry County,Florida,wtk,26.726563,-81.216152,2145635,26.72733,-81.21271,0.352321
12051,Hendry County,Florida,bchrrr,26.726563,-81.216152,2145635,26.72733,-81.21271,0.352321
12051,Hendry County,Florida,nsrdb,26.726563,-81.216152,1037044,26.73,-81.22,0.540468
12053,Hernando County,Florida,wtk,28.504443,-82.496995,2055859,28.50422,-82.506836,0.961944
12053,Hernando County,Florida,bchrrr,28.504443,-82.496995,2055859,28.50422,-82.506836,0.961944
12053,Hernando County,Florida,nsrdb,28.504443,-82.496995,1010199,28.49,-82.5,1.632618
12055,Highlands County,Florida,wtk,27.462624,-81.444871,2124530,27.46922,-81.44345,0.746722
12055,Highlands County,Florida,bchrrr,27.462624,-81.444871,2124530,27.46922,-81.44345,0.746722
12055,Highlands County,Florida,nsrdb,27.462624,-81.444871,1031706,27.45,-81.46,2.04911
12057,Hillsborough County,Florida,wtk,27.96726,-82.398619,2066804,27.964073,-82.40607,0.813061
12057,Hillsborough County,Florida,bchrrr,27.96726,-82.398619,2066804,27.964073,-82.40607,0.813061
12057,Hillsborough County,Florida,nsrdb,27.96726,-82.398619,1012661,27.97,-82.38,1.853744
12059,Holmes County,Florida,wtk,30.847038,-85.754653,1876322,30.852001,-85.76199,0.891699
12059,Holmes County,Florida,bchrrr,30.847038,-85.754653,1876322,30.852001,-85.76199,0.891699
12059,Holmes County,Florida,nsrdb,30.847038,-85.754653,942003,30.85,-85.74,1.437083
12061,Indian River County,Florida,wtk,27.671333,-80.440768,2177726,27.679855,-80.43817,0.981532
12061,Indian River County,Florida,bchrrr,27.671333,-80.440768,2177726,27.679855,-80.43817,0.981532
12061,Indian River County,Florida,nsrdb,27.671333,-80.440768,1054135,27.69,-80.46,2.809758
12063,Jackson County,Florida,wtk,30.797259,-85.219084,1905224,30.790577,-85.22015,0.74995
12063,Jackson County,Florida,bchrrr,30.797259,-85.219084,1905224,30.790577,-85.22015,0.74995
12063,Jackson County,Florida,nsrdb,30.797259,-85.219084,952714,30.81,-85.22,1.419435
12065,Jefferson County,Florida,wtk,30.502892,-83.891299,1969791,30.498577,-83.89209,0.485755
12065,Jefferson County,Florida,bchrrr,30.502892,-83.891299,1969791,30.498577,-83.89209,0.485755
12065,Jefferson County,Florida,nsrdb,30.502892,-83.891299,980580,30.49,-83.9,1.658311
12067,Lafayette County,Florida,wtk,30.063592,-83.176456,2008053,30.054363,-83.170654,1.168299
12067,Lafayette County,Florida,bchrrr,30.063592,-83.176456,2008053,30.054363,-83.170654,1.168299
12067,Lafayette County,Florida,nsrdb,30.063592,-83.176456,996115,30.05,-83.18,1.549373
12069,Lake County,Florida,wtk,28.716924,-81.7506,2094593,28.713284,-81.74164,0.962973
12069,Lake County,Florida,bchrrr,28.716924,-81.7506,2094593,28.713284,-81.74164,0.962973
12069,Lake County,Florida,nsrdb,28.716924,-81.7506,1025775,28.73,-81.74,1.783949
12071,Lee County,Florida,wtk,26.576017,-81.85184,2112248,26.57898,-81.84714,0.571845
12071,Lee County,Florida,bchrrr,26.576017,-81.85184,2112248,26.57898,-81.84714,0.571845
12071,Lee County,Florida,nsrdb,26.576017,-81.85184,1023360,26.57,-81.86,1.051751
12073,Leon County,Florida,wtk,30.466108,-84.269671,1952192,30.475376,-84.276886,1.241038
12073,Leon County,Florida,bchrrr,30.466108,-84.269671,1952192,30.475376,-84.276886,1.241038
12073,Leon County,Florida,nsrdb,30.466108,-84.269671,972881,30.45,-84.26,2.016784
12075,Levy County,Florida,wtk,29.380119,-82.662984,2038983,29.381683,-82.66931,0.637138
12075,Levy County,Florida,bchrrr,29.380119,-82.662984,2038983,29.381683,-82.66931,0.637138
12075,Levy County,Florida,nsrdb,29.380119,-82.662984,1006888,29.37,-82.66,1.161741
12077,Liberty County,Florida,wtk,30.39911,-84.90713,1924299,30.40689,-84.90076,1.059059
12077,Liberty County,Florida,bchrrr,30.39911,-84.90713,1924299,30.40689,-84.90076,1.059059
12077,Liberty County,Florida,nsrdb,30.39911,-84.90713,959402,30.41,-84.9,1.39064
12079,Madison County,Florida,wtk,30.47236,-83.425936,1991821,30.473328,-83.43091,0.488688
12079,Madison County,Florida,bchrrr,30.47236,-83.425936,1991821,30.473328,-83.43091,0.488688
12079,Madison County,Florida,nsrdb,30.47236,-83.425936,991058,30.49,-83.42,2.042297
12081,Manatee County,Florida,wtk,27.478311,-82.520483,2065667,27.475777,-82.52063,0.282141
12081,Manatee County,Florida,bchrrr,27.478311,-82.520483,2065667,27.475777,-82.52063,0.282141
12081,Manatee County,Florida,nsrdb,27.478311,-82.520483,1009401,27.49,-82.54,2.322932
12083,Marion County,Florida,wtk,29.135819,-82.126138,2069089,29.137772,-82.13336,0.734281
12083,Marion County,Florida,bchrrr,29.135819,-82.126138,2069089,29.137772,-82.13336,0.734281
12083,Marion County,Florida,nsrdb,29.135819,-82.126138,1017556,29.13,-82.14,1.493798
12085,Martin County,Florida,wtk,27.145898,-80.245701,2195128,27.139915,-80.25247,0.944041
12085,Martin County,Florida,bchrrr,27.145898,-80.245701,2195128,27.139915,-80.25247,0.944041
12085,Martin County,Florida,nsrdb,27.145898,-80.245701,1058629,27.13,-80.26,2.264309
12086,Miami-Dade County,Florida,wtk,25.769325,-80.30111,2210160,25.759537,-80.297424,1.149267
12086,Miami-Dade County,Florida,bchrrr,25.769325,-80.30111,2210160,25.759537,-80.297424,1.149267
12086,Miami-Dade County,Florida,nsrdb,25.769325,-80.30111,1057752,25.77,-80.3,0.13412
12087,Monroe County,Florida,wtk,24.747401,-81.24383,2167166,24.743683,-81.245636,0.451864
12087,Monroe County,Florida,bchrrr,24.747401,-81.24383,2167166,24.743683,-81.245636,0.451864
12087,Monroe County,Florida,nsrdb,24.747401,-81.24383,1036192,24.73,-81.26,2.531914
12089,Nassau County,Florida,wtk,30.608372,-81.634341,2079158,30.613953,-81.640625,0.864159
12089,Nassau County,Florida,bchrrr,30.608372,-81.634341,2079158,30.613953,-81.640625,0.864159
12089,Nassau County,Florida,nsrdb,30.608372,-81.634341,1028212,30.61,-81.62,1.384338
12091,Okaloosa County,Florida,wtk,30.551646,-86.565568,1837605,30.555542,-86.565765,0.433627
12091,Okaloosa County,Florida,bchrrr,30.551646,-86.565568,1837605,30.555542,-86.565765,0.433627
12091,Okaloosa County,Florida,nsrdb,30.551646,-86.565568,925223,30.57,-86.58,2.464686
12093,Okeechobee County,Florida,wtk,27.271891,-80.824313,2160425,27.276947,-80.83258,0.991787
12093,Okeechobee County,Florida,bchrrr,27.271891,-80.824313,2160425,27.276947,-80.83258,0.991787
12093,Okeechobee County,Florida,nsrdb,27.271891,-80.824313,1046016,27.29,-80.82,2.05825
12095,Orange County,Florida,wtk,28.526082,-81.388366,2115695,28.52927,-81.386505,0.398394
12095,Orange County,Florida,bchrrr,28.526082,-81.388366,2115695,28.52927,-81.386505,0.398394
12095,Orange County,Florida,nsrdb,28.526082,-81.388366,1033407,28.53,-81.38,0.926173
12097,Osceola County,Florida,wtk,28.269074,-81.390344,2117904,28.276901,-81.39816,1.15902
12097,Osceola County,Florida,bchrrr,28.269074,-81.390344,2117904,28.276901,-81.39816,1.15902
12097,Osceola County,Florida,nsrdb,28.269074,-81.390344,1033414,28.25,-81.38,2.350481
12099,Palm Beach County,Florida,wtk,26.616525,-80.143702,2207887,26.615047,-80.14722,0.386421
12099,Palm Beach County,Florida,bchrrr,26.616525,-80.143702,2207887,26.615047,-80.14722,0.386421
12099,Palm Beach County,Florida,nsrdb,26.616525,-80.143702,1061411,26.61,-80.14,0.813552
12101,Pasco County,Florida,wtk,28.258252,-82.51019,2058016,28.251766,-82.514465,0.83395
12101,Pasco County,Florida,bchrrr,28.258252,-82.51019,2058016,28.251766,-82.514465,0.83395
12101,Pasco County,Florida,nsrdb,28.258252,-82.51019,1010205,28.25,-82.5,1.355772
12103,Pinellas County,Florida,wtk,27.900191,-82.727034,2050466,27.90329,-82.72455,0.422291
12103,Pinellas County,Florida,bchrrr,27.900191,-82.727034,2050466,27.90329,-82.72455,0.422291
12103,Pinellas County,Florida,nsrdb,27.900191,-82.727034,1005280,27.89,-82.74,1.705222
12105,Polk County,Florida,wtk,28.042488,-81.786832,2098998,28.05035,-81.794495,1.153167
12105,Polk County,Florida,bchrrr,28.042488,-81.786832,2098998,28.05035,-81.794495,1.153167
12105,Polk County,Florida,nsrdb,28.042488,-81.786832,1024967,28.05,-81.78,1.071101
12107,Putnam County,Florida,wtk,29.609235,-81.72124,2085761,29.602947,-81.724976,0.786975
12107,Putnam County,Florida,bchrrr,29.609235,-81.72124,2085761,29.602947,-81.724976,0.786975
12107,Putnam County,Florida,nsrdb,29.609235,-81.72124,1025753,29.61,-81.74,1.815604
12109,St. Johns County,Florida,wtk,29.99184,-81.43489,2096888,29.995152,-81.43216,0.452494
12109,St. Johns County,Florida,bchrrr,29.99184,-81.43489,2096888,29.995152,-81.43216,0.452494
12109,St. Johns County,Florida,nsrdb,29.99184,-81.43489,1032505,30.01,-81.42,2.476598
12111,St. Lucie County,Florida,wtk,27.333588,-80.357159,2186997,27.338299,-80.35071,0.824743
12111,St. Lucie County,Florida,bchrrr,27.333588,-80.357159,2186997,27.338299,-80.35071,0.824743
12111,St. Lucie County,Florida,nsrdb,27.333588,-80.357159,1056835,27.33,-80.34,1.741314
12113,Santa Rosa County,Florida,wtk,30.547199,-87.035832,1812995,30.547298,-87.03058,0.503064
12113,Santa Rosa County,Florida,bchrrr,30.547199,-87.035832,1812995,30.547298,-87.03058,0.503064
12113,Santa Rosa County,Florida,nsrdb,30.547199,-87.035832,916291,30.53,-87.02,2.440582
12115,Sarasota County,Florida,wtk,27.201163,-82.41616,2074526,27.20668,-82.41,0.864555
12115,Sarasota County,Florida,bchrrr,27.201163,-82.41616,2074526,27.20668,-82.41,0.864555
12115,Sarasota County,Florida,nsrdb,27.201163,-82.41616,1011861,27.21,-82.42,1.053459
12117,Seminole County,Florida,wtk,28.699155,-81.310086,2117928,28.698544,-81.30942,0.093997
12117,Seminole County,Florida,bchrrr,28.699155,-81.310086,2117928,28.698544,-81.30942,0.093997
12117,Seminole County,Florida,nsrdb,28.699155,-81.310086,1035189,28.69,-81.3,1.415674
12119,Sumter County,Florida,wtk,28.83353,-82.024796,2077948,28.830788,-82.02872,0.488948
12119,Sumter County,Florida,bchrrr,28.83353,-82.024796,2077948,28.830788,-82.02872,0.488948
12119,Sumter County,Florida,nsrdb,28.83353,-82.024796,1020027,28.85,-82.02,1.890022
12121,Suwannee County,Florida,wtk,30.213663,-82.985172,2015229,30.211784,-82.99341,0.818704
12121,Suwannee County,Florida,bchrrr,30.213663,-82.985172,2015229,30.211784,-82.99341,0.818704
12121,Suwannee County,Florida,nsrdb,30.213663,-82.985172,1000235,30.21,-82.98,0.642568
12123,Taylor County,Florida,wtk,30.056856,-83.590401,1987762,30.05754,-83.591064,0.099279
12123,Taylor County,Florida,bchrrr,30.056856,-83.590401,1987762,30.05754,-83.591064,0.099279
12123,Taylor County,Florida,nsrdb,30.056856,-83.590401,987592,30.05,-83.58,1.258289
12125,Union County,Florida,wtk,30.011441,-82.357657,2048464,30.009876,-82.35751,0.174595
12125,Union County,Florida,bchrrr,30.011441,-82.357657,2048464,30.009876,-82.35751,0.174595
12125,Union County,Florida,nsrdb,30.011441,-82.357657,1013423,30.01,-82.34,1.70768
12127,Volusia County,Florida,wtk,29.072352,-81.126184,2123509,29.069202,-81.12637,0.350731
12127,Volusia County,Florida,bchrrr,29.072352,-81.126184,2123509,29.069202,-81.12637,0.350731
12127,Volusia County,Florida,nsrdb,29.072352,-81.126184,1038786,29.09,-81.14,2.377702
12129,Wakulla County,Florida,wtk,30.187399,-84.332863,1952176,30.190208,-84.3255,0.773552
12129,Wakulla County,Florida,bchrrr,30.187399,-84.332863,1952176,30.190208,-84.3255,0.773552
12129,Wakulla County,Florida,nsrdb,30.187399,-84.332863,971189,30.17,-84.34,2.052716
12131,Walton County,Florida,wtk,30.543784,-86.190165,1857236,30.53453,-86.18912,1.033855
12131,Walton County,Florida,bchrrr,30.543784,-86.190165,1857236,30.53453,-86.18912,1.033855
12131,Walton County,Florida,nsrdb,30.543784,-86.190165,933066,30.53,-86.18,1.815755
12133,Washington County,Florida,wtk,30.649416,-85.623803,1885015,30.654491,-85.622345,0.581295
12133,Washington County,Florida,bchrrr,30.649416,-85.623803,1885015,30.654491,-85.622345,0.581295
12133,Washington County,Florida,nsrdb,30.649416,-85.623803,944492,30.65,-85.62,0.36955
13001,Appling County,Georgia,wtk,31.770717,-82.33877,2031823,31.767178,-82.34668,0.845002
13001,Appling County,Georgia,bchrrr,31.770717,-82.33877,2031823,31.767178,-82.34668,0.845002
13001,Appling County,Georgia,nsrdb,31.770717,-82.33877,1013379,31.77,-82.34,0.140985
13003,Atkinson County,Georgia,wtk,31.317512,-82.878129,2010169,31.312717,-82.88904,1.165601
13003,Atkinson County,Georgia,bchrrr,31.317512,-82.878129,2010169,31.312717,-82.88904,1.165601
13003,Atkinson County,Georgia,nsrdb,31.317512,-82.878129,1002706,31.33,-82.86,2.212151
13005,Bacon County,Georgia,wtk,31.547069,-82.466119,2028699,31.544289,-82.45633,0.977785
13005,Bacon County,Georgia,bchrrr,31.547069,-82.466119,2028699,31.544289,-82.45633,0.977785
13005,Bacon County,Georgia,nsrdb,31.547069,-82.466119,1010936,31.53,-82.46,1.984602
13007,Baker County,Georgia,wtk,31.310957,-84.433595,1938830,31.316029,-84.43115,0.609938
13007,Baker County,Georgia,bchrrr,31.310957,-84.433595,1938830,31.316029,-84.43115,0.609938
13007,Baker County,Georgia,nsrdb,31.310957,-84.433595,969464,31.33,-84.42,2.480217
13009,Baldwin County,Georgia,wtk,33.085484,-83.243625,1977893,33.09001,-83.24219,0.520723
13009,Baldwin County,Georgia,bchrrr,33.085484,-83.243625,1977893,33.09001,-83.24219,0.520723
13009,Baldwin County,Georgia,nsrdb,33.085484,-83.243625,994386,33.09,-83.26,1.606068
13011,Banks County,Georgia,wtk,34.34914,-83.507464,1955313,34.345394,-83.513214,0.672434
13011,Banks County,Georgia,bchrrr,34.34914,-83.507464,1955313,34.345394,-83.513214,0.672434
13011,Banks County,Georgia,nsrdb,34.34914,-83.507464,989227,34.33,-83.5,2.235888
13013,Barrow County,Georgia,wtk,33.992493,-83.72861,1948532,33.98586,-83.7374,1.095788
13013,Barrow County,Georgia,bchrrr,33.992493,-83.72861,1948532,33.98586,-83.7374,1.095788
13013,Barrow County,Georgia,nsrdb,33.992493,-83.72861,984002,34.01,-83.74,2.211798
13015,Bartow County,Georgia,wtk,34.208544,-84.829166,1896438,34.21209,-84.834656,0.640572
13015,Bartow County,Georgia,bchrrr,34.208544,-84.829166,1896438,34.21209,-84.834656,0.640572
13015,Bartow County,Georgia,nsrdb,34.208544,-84.829166,960978,34.21,-84.82,0.858287
13017,Ben Hill County,Georgia,wtk,31.727139,-83.248146,1989872,31.72829,-83.2399,0.79032
13017,Ben Hill County,Georgia,bchrrr,31.727139,-83.248146,1989872,31.72829,-83.2399,0.79032
13017,Ben Hill County,Georgia,nsrdb,31.727139,-83.248146,994420,31.73,-83.26,1.165377
13019,Berrien County,Georgia,wtk,31.233515,-83.251813,1993886,31.234291,-83.24701,0.464741
13019,Berrien County,Georgia,bchrrr,31.233515,-83.251813,1993886,31.234291,-83.24701,0.464741
13019,Berrien County,Georgia,nsrdb,31.233515,-83.251813,994432,31.25,-83.26,1.991454
13021,Bibb County,Georgia,wtk,32.834626,-83.690073,1960095,32.835464,-83.685394,0.44698
13021,Bibb County,Georgia,bchrrr,32.834626,-83.690073,1960095,32.835464,-83.685394,0.44698
13021,Bibb County,Georgia,nsrdb,32.834626,-83.690073,984913,32.85,-83.7,1.944868
13023,Bleckley County,Georgia,wtk,32.401504,-83.332162,1979856,32.401844,-83.32941,0.261118
13023,Bleckley County,Georgia,bchrrr,32.401504,-83.332162,1979856,32.401844,-83.32941,0.261118
13023,Bleckley County,Georgia,nsrdb,32.401504,-83.332162,992718,32.41,-83.34,1.197465
13025,Brantley County,Georgia,wtk,31.217236,-81.969977,2056012,31.214115,-81.964325,0.639787
13025,Brantley County,Georgia,bchrrr,31.217236,-81.969977,2056012,31.214115,-81.964325,0.639787
13025,Brantley County,Georgia,nsrdb,31.217236,-81.969977,1020786,31.21,-81.98,1.24737
13027,Brooks County,Georgia,wtk,30.841116,-83.542249,1983781,30.834362,-83.53461,1.046872
13027,Brooks County,Georgia,bchrrr,30.841116,-83.542249,1983781,30.834362,-83.53461,1.046872
13027,Brooks County,Georgia,nsrdb,30.841116,-83.542249,988445,30.85,-83.54,1.01092
13029,Bryan County,Georgia,wtk,31.958721,-81.353536,2079234,31.966003,-81.35083,0.849009
13029,Bryan County,Georgia,bchrrr,31.958721,-81.353536,2079234,31.966003,-81.35083,0.849009
13029,Bryan County,Georgia,nsrdb,31.958721,-81.353536,1034201,31.97,-81.34,1.789826
13031,Bulloch County,Georgia,wtk,32.415279,-81.762387,2053924,32.415886,-81.75528,0.670532
13031,Bulloch County,Georgia,bchrrr,32.415279,-81.762387,2053924,32.415886,-81.75528,0.670532
13031,Bulloch County,Georgia,nsrdb,32.415279,-81.762387,1024858,32.41,-81.78,1.754477
13033,Burke County,Georgia,wtk,33.103217,-82.002375,2035018,33.100018,-82.00574,0.474109
13033,Burke County,Georgia,bchrrr,33.103217,-82.002375,2035018,33.100018,-82.00574,0.474109
13033,Burke County,Georgia,nsrdb,33.103217,-82.002375,1019921,33.09,-82.02,2.203529
13035,Butts County,Georgia,wtk,33.294832,-83.972952,1943701,33.29628,-83.97485,0.238837
13035,Butts County,Georgia,bchrrr,33.294832,-83.972952,1943701,33.29628,-83.97485,0.238837
13035,Butts County,Georgia,nsrdb,33.294832,-83.972952,978785,33.29,-83.98,0.847241
13037,Calhoun County,Georgia,wtk,31.526139,-84.662959,1927386,31.526093,-84.65277,0.965757
13037,Calhoun County,Georgia,bchrrr,31.526139,-84.662959,1927386,31.526093,-84.65277,0.965757
13037,Calhoun County,Georgia,nsrdb,31.526139,-84.662959,964395,31.53,-84.66,0.512811
13039,Camden County,Georgia,wtk,30.812592,-81.631432,2076951,30.81569,-81.64075,0.954203
13039,Camden County,Georgia,bchrrr,30.812592,-81.631432,2076951,30.81569,-81.64075,0.954203
13039,Camden County,Georgia,nsrdb,30.812592,-81.631432,1028207,30.81,-81.62,1.129169
13043,Candler County,Georgia,wtk,32.399155,-82.06043,2039153,32.40675,-82.06317,0.882834
13043,Candler County,Georgia,bchrrr,32.399155,-82.06043,2039153,32.40675,-82.06317,0.882834
13043,Candler County,Georgia,nsrdb,32.399155,-82.06043,1019116,32.41,-82.06,1.206586
13045,Carroll County,Georgia,wtk,33.623969,-85.04377,1890777,33.62778,-85.04364,0.423935
13045,Carroll County,Georgia,bchrrr,33.623969,-85.04377,1890777,33.62778,-85.04364,0.423935
13045,Carroll County,Georgia,nsrdb,33.623969,-85.04377,955973,33.61,-85.06,2.161324
13047,Catoosa County,Georgia,wtk,34.928523,-85.172198,1874436,34.932934,-85.16235,1.023017
13047,Catoosa County,Georgia,bchrrr,34.928523,-85.172198,1874436,34.932934,-85.16235,1.023017
13047,Catoosa County,Georgia,nsrdb,34.928523,-85.172198,953438,34.93,-85.18,0.729979
13049,Charlton County,Georgia,wtk,30.786555,-82.024179,2057073,30.784027,-82.031586,0.761359
13049,Charlton County,Georgia,bchrrr,30.786555,-82.024179,2057073,30.784027,-82.031586,0.761359
13049,Charlton County,Georgia,nsrdb,30.786555,-82.024179,1019979,30.77,-82.02,1.88363
13051,Chatham County,Georgia,wtk,32.043164,-81.136646,2089229,32.043076,-81.13809,0.136455
13051,Chatham County,Georgia,bchrrr,32.043164,-81.136646,2089229,32.043076,-81.13809,0.136455
13051,Chatham County,Georgia,nsrdb,32.043164,-81.136646,1038728,32.05,-81.14,0.823242
13053,Chattahoochee County,Georgia,wtk,32.342799,-84.896401,1908589,32.34372,-84.90524,0.836663
13053,Chattahoochee County,Georgia,bchrrr,32.342799,-84.896401,1908589,32.34372,-84.90524,0.836663
13053,Chattahoochee County,Georgia,nsrdb,32.342799,-84.896401,959354,32.33,-84.9,1.462802
13055,Chattooga County,Georgia,wtk,34.496004,-85.344029,1869128,34.491604,-85.3472,0.569058
13055,Chattooga County,Georgia,bchrrr,34.496004,-85.344029,1869128,34.491604,-85.3472,0.569058
13055,Chattooga County,Georgia,nsrdb,34.496004,-85.344029,950148,34.49,-85.34,0.762923
13057,Cherokee County,Georgia,wtk,34.170498,-84.494734,1914066,34.17082,-84.48465,0.928411
13057,Cherokee County,Georgia,bchrrr,34.170498,-84.494734,1914066,34.17082,-84.48465,0.928411
13057,Cherokee County,Georgia,nsrdb,34.170498,-84.494734,967699,34.17,-84.5,0.487625
13059,Clarke County,Georgia,wtk,33.950378,-83.381419,1964074,33.95869,-83.385864,1.011103
13059,Clarke County,Georgia,bchrrr,33.950378,-83.381419,1964074,33.95869,-83.385864,1.011103
13059,Clarke County,Georgia,nsrdb,33.950378,-83.381419,991822,33.97,-83.38,2.185791
13061,Clay County,Georgia,wtk,31.634952,-85.014621,1908550,31.64312,-85.01984,1.03393
13061,Clay County,Georgia,bchrrr,31.634952,-85.014621,1908550,31.64312,-85.01984,1.03393
13061,Clay County,Georgia,nsrdb,31.634952,-85.014621,956859,31.65,-85.02,1.749027
13063,Clayton County,Georgia,wtk,33.551573,-84.361181,1924474,33.548298,-84.37158,1.030192
13063,Clayton County,Georgia,bchrrr,33.551573,-84.361181,1924474,33.548298,-84.37158,1.030192
13063,Clayton County,Georgia,nsrdb,33.551573,-84.361181,970255,33.57,-84.38,2.690543
13065,Clinch County,Georgia,wtk,31.021262,-82.744438,2019383,31.018555,-82.75336,0.901914
13065,Clinch County,Georgia,bchrrr,31.021262,-82.744438,2019383,31.018555,-82.75336,0.901914
13065,Clinch County,Georgia,nsrdb,31.021262,-82.744438,1005202,31.01,-82.74,1.321768
13067,Cobb County,Georgia,wtk,33.941794,-84.557962,1912985,33.938354,-84.547455,1.042016
13067,Cobb County,Georgia,bchrrr,33.941794,-84.557962,1912985,33.938354,-84.547455,1.042016
13067,Cobb County,Georgia,nsrdb,33.941794,-84.557962,966860,33.93,-84.54,2.113233
13069,Coffee County,Georgia,wtk,31.515724,-82.838455,2011203,31.506126,-82.83002,1.333575
13069,Coffee County,Georgia,bchrrr,31.515724,-82.838455,2011203,31.506126,-82.83002,1.333575
13069,Coffee County,Georgia,nsrdb,31.515724,-82.838455,1003536,31.53,-82.82,2.362178
13071,Colquitt County,Georgia,wtk,31.179649,-83.767867,1969829,31.176678,-83.77115,0.454627
13071,Colquitt County,Georgia,bchrrr,31.179649,-83.767867,1969829,31.176678,-83.77115,0.454627
13071,Colquitt County,Georgia,nsrdb,31.179649,-83.767867,983193,31.17,-83.78,1.575938
13073,Columbia County,Georgia,wtk,33.514668,-82.17533,2022611,33.514736,-82.18436,0.83719
13073,Columbia County,Georgia,bchrrr,33.514668,-82.17533,2022611,33.514736,-82.18436,0.83719
13073,Columbia County,Georgia,nsrdb,33.514668,-82.17533,1016621,33.53,-82.18,1.758949
13075,Cook County,Georgia,wtk,31.148355,-83.423812,1985809,31.149944,-83.43393,0.97894
13075,Cook County,Georgia,bchrrr,31.148355,-83.423812,1985809,31.149944,-83.43393,0.97894
13075,Cook County,Georgia,nsrdb,31.148355,-83.423812,991042,31.13,-83.42,2.07298
13077,Coweta County,Georgia,wtk,33.378038,-84.733466,1908646,33.370693,-84.73343,0.816735
13077,Coweta County,Georgia,bchrrr,33.378038,-84.733466,1908646,33.370693,-84.73343,0.816735
13077,Coweta County,Georgia,nsrdb,33.378038,-84.733466,962672,33.37,-84.74,1.080271
13079,Crawford County,Georgia,wtk,32.706715,-83.930204,1950386,32.70124,-83.92874,0.624014
13079,Crawford County,Georgia,bchrrr,32.706715,-83.930204,1950386,32.70124,-83.92874,0.624014
13079,Crawford County,Georgia,nsrdb,32.706715,-83.930204,979659,32.69,-83.94,2.072373
13081,Crisp County,Georgia,wtk,31.949319,-83.77804,1962981,31.947556,-83.78247,0.461667
13081,Crisp County,Georgia,bchrrr,31.949319,-83.77804,1962981,31.947556,-83.78247,0.461667
13081,Crisp County,Georgia,nsrdb,31.949319,-83.77804,983174,31.93,-83.78,2.156125
13083,Dade County,Georgia,wtk,34.881193,-85.497908,1858544,34.878635,-85.50928,1.075633
13083,Dade County,Georgia,bchrrr,34.881193,-85.497908,1858544,34.878635,-85.50928,1.075633
13083,Dade County,Georgia,nsrdb,34.881193,-85.497908,946847,34.89,-85.5,0.997712
13085,Dawson County,Georgia,wtk,34.400218,-84.102208,1929499,34.40219,-84.10791,0.567239
13085,Dawson County,Georgia,bchrrr,34.400218,-84.102208,1929499,34.40219,-84.10791,0.567239
13085,Dawson County,Georgia,nsrdb,34.400218,-84.102208,976180,34.41,-84.1,1.106412
13087,Decatur County,Georgia,wtk,30.889773,-84.570001,1935963,30.89449,-84.566345,0.629928
13087,Decatur County,Georgia,bchrrr,30.889773,-84.570001,1935963,30.89449,-84.566345,0.629928
13087,Decatur County,Georgia,nsrdb,30.889773,-84.570001,966092,30.89,-84.58,0.954465
13089,DeKalb County,Georgia,wtk,33.790212,-84.247612,1928492,33.790405,-84.24014,0.690835
13089,DeKalb County,Georgia,bchrrr,33.790212,-84.247612,1928492,33.790405,-84.24014,0.690835
13089,DeKalb County,Georgia,nsrdb,33.790212,-84.247612,972797,33.81,-84.26,2.480263
13091,Dodge County,Georgia,wtk,32.212397,-83.173715,1988891,32.214573,-83.16916,0.492119
13091,Dodge County,Georgia,bchrrr,32.212397,-83.173715,1988891,32.214573,-83.16916,0.492119
13091,Dodge County,Georgia,nsrdb,32.212397,-83.173715,996061,32.21,-83.18,0.648594
13093,Dooly County,Georgia,wtk,32.170216,-83.780707,1961035,32.168232,-83.785736,0.522236
13093,Dooly County,Georgia,bchrrr,32.170216,-83.780707,1961035,32.168232,-83.785736,0.522236
13093,Dooly County,Georgia,nsrdb,32.170216,-83.780707,983168,32.17,-83.78,0.070747
13095,Dougherty County,Georgia,wtk,31.574149,-84.17121,1948398,31.576141,-84.171875,0.230285
13095,Dougherty County,Georgia,bchrrr,31.574149,-84.17121,1948398,31.576141,-84.171875,0.230285
13095,Dougherty County,Georgia,nsrdb,31.574149,-84.17121,974554,31.57,-84.18,0.95199
13097,Douglas County,Georgia,wtk,33.724594,-84.735497,1905387,33.721478,-84.74011,0.549604
13097,Douglas County,Georgia,bchrrr,33.724594,-84.735497,1905387,33.721478,-84.74011,0.549604
13097,Douglas County,Georgia,nsrdb,33.724594,-84.735497,962663,33.73,-84.74,0.731277
13099,Early County,Georgia,wtk,31.335635,-84.919888,1916034,31.33884,-84.91931,0.360583
13099,Early County,Georgia,bchrrr,31.335635,-84.919888,1916034,31.33884,-84.91931,0.360583
13099,Early County,Georgia,nsrdb,31.335635,-84.919888,959379,31.33,-84.9,1.990144
13101,Echols County,Georgia,wtk,30.712258,-83.050317,2008090,30.712437,-83.04675,0.341582
13101,Echols County,Georgia,bchrrr,30.712258,-83.050317,2008090,30.712437,-83.04675,0.341582
13101,Echols County,Georgia,nsrdb,30.712258,-83.050317,998575,30.73,-83.06,2.179167
13103,Effingham County,Georgia,wtk,32.287349,-81.2998,2078143,32.290466,-81.301605,0.385897
13103,Effingham County,Georgia,bchrrr,32.287349,-81.2998,2078143,32.290466,-81.301605,0.385897
13103,Effingham County,Georgia,nsrdb,32.287349,-81.2998,1035099,32.29,-81.3,0.295377
13105,Elbert County,Georgia,wtk,34.128394,-82.880539,1984970,34.131752,-82.882935,0.433657
13105,Elbert County,Georgia,bchrrr,34.128394,-82.880539,1984970,34.131752,-82.882935,0.433657
13105,Elbert County,Georgia,nsrdb,34.128394,-82.880539,1001803,34.13,-82.9,1.800157
13107,Emanuel County,Georgia,wtk,32.586623,-82.306393,2025654,32.590515,-82.30951,0.522083
13107,Emanuel County,Georgia,bchrrr,32.586623,-82.306393,2025654,32.590515,-82.30951,0.522083
13107,Emanuel County,Georgia,nsrdb,32.586623,-82.306393,1014174,32.57,-82.3,1.943037
13109,Evans County,Georgia,wtk,32.168748,-81.906604,2048585,32.163757,-81.917694,1.18223
13109,Evans County,Georgia,bchrrr,32.168748,-81.906604,2048585,32.163757,-81.917694,1.18223
13109,Evans County,Georgia,nsrdb,32.168748,-81.906604,1022395,32.17,-81.9,0.636995
13111,Fannin County,Georgia,wtk,34.902935,-84.312936,1916232,34.907887,-84.30917,0.648955
13111,Fannin County,Georgia,bchrrr,34.902935,-84.312936,1916232,34.907887,-84.30917,0.648955
13111,Fannin County,Georgia,nsrdb,34.902935,-84.312936,971920,34.89,-84.3,1.860268
13113,Fayette County,Georgia,wtk,33.42812,-84.513188,1919304,33.435097,-84.5018,1.310973
13113,Fayette County,Georgia,bchrrr,33.42812,-84.513188,1919304,33.435097,-84.5018,1.310973
13113,Fayette County,Georgia,nsrdb,33.42812,-84.513188,967718,33.41,-84.5,2.357495
13115,Floyd County,Georgia,wtk,34.256223,-85.183337,1878654,34.252113,-85.18509,0.48458
13115,Floyd County,Georgia,bchrrr,34.256223,-85.183337,1878654,34.252113,-85.18509,0.48458
13115,Floyd County,Georgia,nsrdb,34.256223,-85.183337,953455,34.25,-85.18,0.756891
13117,Forsyth County,Georgia,wtk,34.190481,-84.150226,1929487,34.185192,-84.147156,0.65239
13117,Forsyth County,Georgia,bchrrr,34.190481,-84.150226,1929487,34.185192,-84.147156,0.65239
13117,Forsyth County,Georgia,nsrdb,34.190481,-84.150226,975338,34.21,-84.14,2.36541
13119,Franklin County,Georgia,wtk,34.37813,-83.186335,1969019,34.377357,-83.19299,0.616768
13119,Franklin County,Georgia,bchrrr,34.37813,-83.186335,1969019,34.377357,-83.19299,0.616768
13119,Franklin County,Georgia,nsrdb,34.37813,-83.186335,996007,34.37,-83.18,1.074839
13121,Fulton County,Georgia,wtk,33.832534,-84.396032,1921404,33.827045,-84.3891,0.884599
13121,Fulton County,Georgia,bchrrr,33.832534,-84.396032,1921404,33.827045,-84.3891,0.884599
13121,Fulton County,Georgia,nsrdb,33.832534,-84.396032,970248,33.85,-84.38,2.442181
13123,Gilmer County,Georgia,wtk,34.675066,-84.485987,1909800,34.67006,-84.48663,0.55974
13123,Gilmer County,Georgia,bchrrr,34.675066,-84.485987,1909800,34.67006,-84.48663,0.55974
13123,Gilmer County,Georgia,nsrdb,34.675066,-84.485987,967686,34.69,-84.5,2.097456
13125,Glascock County,Georgia,wtk,33.23663,-82.609652,2005170,33.24373,-82.616516,1.015279
13125,Glascock County,Georgia,bchrrr,33.23663,-82.609652,2005170,33.24373,-82.616516,1.015279
13125,Glascock County,Georgia,nsrdb,33.23663,-82.609652,1007615,33.25,-82.62,1.770965
13127,Glynn County,Georgia,wtk,31.202592,-81.486196,2080301,31.19698,-81.49539,1.074289
13127,Glynn County,Georgia,bchrrr,31.202592,-81.486196,2080301,31.19698,-81.49539,1.074289
13127,Glynn County,Georgia,nsrdb,31.202592,-81.486196,1030744,31.21,-81.5,1.549869
13129,Gordon County,Georgia,wtk,34.498254,-84.907768,1890825,34.49643,-84.898315,0.889715
13129,Gordon County,Georgia,bchrrr,34.498254,-84.907768,1890825,34.49643,-84.898315,0.889715
13129,Gordon County,Georgia,nsrdb,34.498254,-84.907768,959300,34.49,-84.9,1.161536
13131,Grady County,Georgia,wtk,30.881832,-84.212447,1952215,30.885857,-84.2063,0.737841
13131,Grady County,Georgia,bchrrr,30.881832,-84.212447,1952215,30.885857,-84.2063,0.737841
13131,Grady County,Georgia,nsrdb,30.881832,-84.212447,973720,30.89,-84.22,1.15948
13133,Greene County,Georgia,wtk,33.535294,-83.17935,1976919,33.542713,-83.177,0.853224
13133,Greene County,Georgia,bchrrr,33.535294,-83.17935,1976919,33.542713,-83.177,0.853224
13133,Greene County,Georgia,nsrdb,33.535294,-83.17935,996028,33.53,-83.18,0.591742
13135,Gwinnett County,Georgia,wtk,33.954124,-84.05315,1935186,33.95214,-84.05548,0.307986
13135,Gwinnett County,Georgia,bchrrr,33.954124,-84.05315,1935186,33.95214,-84.05548,0.307986
13135,Gwinnett County,Georgia,nsrdb,33.954124,-84.05315,977049,33.97,-84.06,1.874969
13137,Habersham County,Georgia,wtk,34.565654,-83.541388,1952420,34.570766,-83.53766,0.663047
13137,Habersham County,Georgia,bchrrr,34.565654,-83.541388,1952420,34.570766,-83.53766,0.663047
13137,Habersham County,Georgia,nsrdb,34.565654,-83.541388,988352,34.57,-83.54,0.499686
13139,Hall County,Georgia,wtk,34.269355,-83.847606,1941848,34.27622,-83.83984,1.044957
13139,Hall County,Georgia,bchrrr,34.269355,-83.847606,1941848,34.27622,-83.83984,1.044957
13139,Hall County,Georgia,nsrdb,34.269355,-83.847606,981360,34.25,-83.86,2.435012
13141,Hancock County,Georgia,wtk,33.254854,-83.013231,1986934,33.261555,-83.01053,0.786305
13141,Hancock County,Georgia,bchrrr,33.254854,-83.013231,1986934,33.261555,-83.01053,0.786305
13141,Hancock County,Georgia,nsrdb,33.254854,-83.013231,999331,33.25,-83.02,0.829164
13143,Haralson County,Georgia,wtk,33.76072,-85.18472,1882981,33.753574,-85.17792,1.013204
13143,Haralson County,Georgia,bchrrr,33.76072,-85.18472,1882981,33.753574,-85.17792,1.013204
13143,Haralson County,Georgia,nsrdb,33.76072,-85.18472,953467,33.77,-85.18,1.120341
13145,Harris County,Georgia,wtk,32.697543,-84.894298,1906428,32.6907,-84.89136,0.809054
13145,Harris County,Georgia,bchrrr,32.697543,-84.894298,1906428,32.6907,-84.89136,0.809054
13145,Harris County,Georgia,nsrdb,32.697543,-84.894298,959345,32.69,-84.9,0.994085
13147,Hart County,Georgia,wtk,34.355546,-82.964983,1978964,34.366024,-82.97073,1.278963
13147,Hart County,Georgia,bchrrr,34.355546,-82.964983,1978964,34.366024,-82.97073,1.278963
13147,Hart County,Georgia,nsrdb,34.355546,-82.964983,1000131,34.37,-82.98,2.117339
13149,Heard County,Georgia,wtk,33.307966,-85.116761,1889633,33.3051,-85.118774,0.369534
13149,Heard County,Georgia,bchrrr,33.307966,-85.116761,1889633,33.3051,-85.118774,0.369534
13149,Heard County,Georgia,nsrdb,33.307966,-85.116761,955143,33.29,-85.1,2.533279
13151,Henry County,Georgia,wtk,33.470307,-84.174662,1934213,33.467552,-84.164795,0.965144
13151,Henry County,Georgia,bchrrr,33.470307,-84.174662,1934213,33.467552,-84.164795,0.965144
13151,Henry County,Georgia,nsrdb,33.470307,-84.174662,974506,33.49,-84.18,2.245032
13153,Houston County,Georgia,wtk,32.565741,-83.663668,1963016,32.575523,-83.667725,1.152234
13153,Houston County,Georgia,bchrrr,32.565741,-83.663668,1963016,32.575523,-83.667725,1.152234
13153,Houston County,Georgia,nsrdb,32.565741,-83.663668,985790,32.57,-83.66,0.585173
13155,Irwin County,Georgia,wtk,31.604343,-83.279872,1988857,31.605968,-83.284515,0.475383
13155,Irwin County,Georgia,bchrrr,31.604343,-83.279872,1988857,31.605968,-83.284515,0.475383
13155,Irwin County,Georgia,nsrdb,31.604343,-83.279872,994423,31.61,-83.26,1.984235
13157,Jackson County,Georgia,wtk,34.129487,-83.599055,1953363,34.134327,-83.59799,0.547038
13157,Jackson County,Georgia,bchrrr,34.129487,-83.599055,1953363,34.134327,-83.59799,0.547038
13157,Jackson County,Georgia,nsrdb,34.129487,-83.599055,987490,34.13,-83.58,1.754823
13159,Jasper County,Georgia,wtk,33.358302,-83.726513,1954288,33.35605,-83.72119,0.554184
13159,Jasper County,Georgia,bchrrr,33.358302,-83.726513,1954288,33.35605,-83.72119,0.554184
13159,Jasper County,Georgia,nsrdb,33.358302,-83.726513,984018,33.37,-83.74,1.805769
13161,Jeff Davis County,Georgia,wtk,31.847815,-82.600226,2019429,31.839481,-82.591736,1.225525
13161,Jeff Davis County,Georgia,bchrrr,31.847815,-82.600226,2019429,31.839481,-82.591736,1.225525
13161,Jeff Davis County,Georgia,nsrdb,31.847815,-82.600226,1007650,31.85,-82.62,1.883466
13163,Jefferson County,Georgia,wtk,33.068981,-82.408109,2016415,33.066498,-82.40976,0.316068
13163,Jefferson County,Georgia,bchrrr,33.068981,-82.408109,2016415,33.066498,-82.40976,0.316068
13163,Jefferson County,Georgia,nsrdb,33.068981,-82.408109,1011715,33.05,-82.42,2.383825
13165,Jenkins County,Georgia,wtk,32.789886,-81.947163,2041266,32.794228,-81.93811,0.974275
13165,Jenkins County,Georgia,bchrrr,32.789886,-81.947163,2041266,32.794228,-81.93811,0.974275
13165,Jenkins County,Georgia,nsrdb,32.789886,-81.947163,1021570,32.77,-81.94,2.310401
13167,Johnson County,Georgia,wtk,32.699461,-82.684534,2007180,32.699203,-82.68176,0.261151
13167,Johnson County,Georgia,bchrrr,32.699461,-82.684534,2007180,32.699203,-82.68176,0.261151
13167,Johnson County,Georgia,nsrdb,32.699461,-82.684534,1005983,32.69,-82.7,1.789224
13169,Jones County,Georgia,wtk,32.961201,-83.550214,1965000,32.965286,-83.551636,0.473209
13169,Jones County,Georgia,bchrrr,32.961201,-83.550214,1965000,32.965286,-83.551636,0.473209
13169,Jones County,Georgia,nsrdb,32.961201,-83.550214,988392,32.97,-83.54,1.36575
13171,Lamar County,Georgia,wtk,33.08409,-84.154395,1937980,33.07834,-84.14603,1.008073
13171,Lamar County,Georgia,bchrrr,33.08409,-84.154395,1937980,33.07834,-84.14603,1.008073
13171,Lamar County,Georgia,nsrdb,33.08409,-84.154395,975366,33.09,-84.14,1.493452
13173,Lanier County,Georgia,wtk,31.03731,-83.097643,2003009,31.029903,-83.09308,0.931326
13173,Lanier County,Georgia,bchrrr,31.03731,-83.097643,2003009,31.029903,-83.09308,0.931326
13173,Lanier County,Georgia,nsrdb,31.03731,-83.097643,997743,31.05,-83.1,1.428821
13175,Laurens County,Georgia,wtk,32.517506,-82.925393,1998010,32.510876,-82.91583,1.160838
13175,Laurens County,Georgia,bchrrr,32.517506,-82.925393,1998010,32.510876,-82.91583,1.160838
13175,Laurens County,Georgia,nsrdb,32.517506,-82.925393,1001008,32.53,-82.94,1.950794
13177,Lee County,Georgia,wtk,31.680628,-84.177121,1947443,31.686295,-84.1741,0.691949
13177,Lee County,Georgia,bchrrr,31.680628,-84.177121,1947443,31.686295,-84.1741,0.691949
13177,Lee County,Georgia,nsrdb,31.680628,-84.177121,974551,31.69,-84.18,1.077137
13179,Liberty County,Georgia,wtk,31.828777,-81.577689,2069241,31.83498,-81.574585,0.74949
13179,Liberty County,Georgia,bchrrr,31.828777,-81.577689,2069241,31.83498,-81.574585,0.74949
13179,Liberty County,Georgia,nsrdb,31.828777,-81.577689,1029021,31.81,-81.58,2.099297
13181,Lincoln County,Georgia,wtk,33.780598,-82.445477,2008261,33.77393,-82.441956,0.809723
13181,Lincoln County,Georgia,bchrrr,33.780598,-82.445477,2008261,33.77393,-82.441956,0.809723
13181,Lincoln County,Georgia,nsrdb,33.780598,-82.445477,1010880,33.77,-82.46,1.786222
13183,Long County,Georgia,wtk,31.77587,-81.731691,2061498,31.768421,-81.74045,1.171182
13183,Long County,Georgia,bchrrr,31.77587,-81.731691,2061498,31.768421,-81.74045,1.171182
13183,Long County,Georgia,nsrdb,31.77587,-81.731691,1025699,31.77,-81.74,1.021268
13185,Lowndes County,Georgia,wtk,30.860281,-83.281456,1995890,30.853924,-83.27551,0.906535
13185,Lowndes County,Georgia,bchrrr,30.860281,-83.281456,1995890,30.853924,-83.27551,0.906535
13185,Lowndes County,Georgia,nsrdb,30.860281,-83.281456,993610,30.85,-83.3,2.107217
13187,Lumpkin County,Georgia,wtk,34.524429,-83.988252,1933326,34.517952,-83.99707,1.082289
13187,Lumpkin County,Georgia,bchrrr,34.524429,-83.988252,1933326,34.517952,-83.99707,1.082289
13187,Lumpkin County,Georgia,nsrdb,34.524429,-83.988252,978754,34.53,-83.98,0.977349
13189,McDuffie County,Georgia,wtk,33.45958,-82.468726,2010289,33.462086,-82.46149,0.726795
13189,McDuffie County,Georgia,bchrrr,33.45958,-82.468726,2010289,33.462086,-82.46149,0.726795
13189,McDuffie County,Georgia,nsrdb,33.45958,-82.468726,1010888,33.45,-82.46,1.337945
13191,McIntosh County,Georgia,wtk,31.480173,-81.405672,2081427,31.478397,-81.41333,0.752584
13191,McIntosh County,Georgia,bchrrr,31.480173,-81.405672,2081427,31.478397,-81.41333,0.752584
13191,McIntosh County,Georgia,nsrdb,31.480173,-81.405672,1032468,31.49,-81.42,1.743543
13193,Macon County,Georgia,wtk,32.324122,-84.039459,1948440,32.329357,-84.039,0.583702
13193,Macon County,Georgia,bchrrr,32.324122,-84.039459,1948440,32.329357,-84.039,0.583702
13193,Macon County,Georgia,nsrdb,32.324122,-84.039459,977950,32.33,-84.02,1.941698
13195,Madison County,Georgia,wtk,34.101365,-83.240345,1969004,34.106636,-83.24573,0.767691
13195,Madison County,Georgia,bchrrr,34.101365,-83.240345,1969004,34.106636,-83.24573,0.767691
13195,Madison County,Georgia,nsrdb,34.101365,-83.240345,994361,34.09,-83.26,2.207392
13197,Marion County,Georgia,wtk,32.38257,-84.524759,1926445,32.39026,-84.52823,0.915099
13197,Marion County,Georgia,bchrrr,32.38257,-84.524759,1926445,32.39026,-84.52823,0.915099
13197,Marion County,Georgia,nsrdb,32.38257,-84.524759,966899,32.37,-84.54,2.000546
13199,Meriwether County,Georgia,wtk,33.016656,-84.67534,1914002,33.01523,-84.68378,0.802755
13199,Meriwether County,Georgia,bchrrr,33.016656,-84.67534,1914002,33.01523,-84.68378,0.802755
13199,Meriwether County,Georgia,nsrdb,33.016656,-84.67534,964358,33.01,-84.66,1.610471
13201,Miller County,Georgia,wtk,31.160435,-84.738302,1926376,31.152527,-84.73633,0.89913
13201,Miller County,Georgia,bchrrr,31.160435,-84.738302,1926376,31.152527,-84.73633,0.89913
13201,Miller County,Georgia,nsrdb,31.160435,-84.738302,962727,31.17,-84.74,1.075782
13205,Mitchell County,Georgia,wtk,31.218189,-84.171154,1951267,31.210224,-84.17136,0.885885
13205,Mitchell County,Georgia,bchrrr,31.218189,-84.171154,1951267,31.210224,-84.17136,0.885885
13205,Mitchell County,Georgia,nsrdb,31.218189,-84.171154,974563,31.21,-84.18,1.23969
13207,Monroe County,Georgia,wtk,33.037044,-83.90915,1948479,33.030502,-83.912964,0.809677
13207,Monroe County,Georgia,bchrrr,33.037044,-83.90915,1948479,33.030502,-83.912964,0.809677
13207,Monroe County,Georgia,nsrdb,33.037044,-83.90915,980516,33.05,-83.9,1.67417
13209,Montgomery County,Georgia,wtk,32.173329,-82.529475,2019448,32.17924,-82.523834,0.844914
13209,Montgomery County,Georgia,bchrrr,32.173329,-82.529475,2019448,32.17924,-82.523834,0.844914
13209,Montgomery County,Georgia,nsrdb,32.173329,-82.529475,1009284,32.17,-82.54,1.057533
13211,Morgan County,Georgia,wtk,33.600047,-83.485713,1963073,33.600975,-83.4762,0.88708
13211,Morgan County,Georgia,bchrrr,33.600047,-83.485713,1963073,33.600975,-83.4762,0.88708
13211,Morgan County,Georgia,nsrdb,33.600047,-83.485713,989245,33.61,-83.5,1.724974
13213,Murray County,Georgia,wtk,34.78172,-84.791617,1894218,34.778816,-84.782745,0.872249
13213,Murray County,Georgia,bchrrr,34.78172,-84.791617,1894218,34.778816,-84.782745,0.872249
13213,Murray County,Georgia,nsrdb,34.78172,-84.791617,961800,34.77,-84.78,1.680517
13215,Muscogee County,Georgia,wtk,32.49567,-84.928919,1906417,32.492664,-84.92413,0.559872
13215,Muscogee County,Georgia,bchrrr,32.49567,-84.928919,1906417,32.492664,-84.92413,0.559872
13215,Muscogee County,Georgia,nsrdb,32.49567,-84.928919,958514,32.49,-84.94,1.215558
13217,Newton County,Georgia,wtk,33.570603,-83.897981,1944672,33.563915,-83.90405,0.932328
13217,Newton County,Georgia,bchrrr,33.570603,-83.897981,1944672,33.563915,-83.90405,0.932328
13217,Newton County,Georgia,nsrdb,33.570603,-83.897981,980503,33.57,-83.9,0.198712
13219,Oconee County,Georgia,wtk,33.876993,-83.464128,1961130,33.877075,-83.46826,0.381567
13219,Oconee County,Georgia,bchrrr,33.876993,-83.464128,1961130,33.877075,-83.46826,0.381567
13219,Oconee County,Georgia,nsrdb,33.876993,-83.464128,990107,33.89,-83.46,1.495671
13221,Oglethorpe County,Georgia,wtk,33.918797,-83.147432,1974945,33.926876,-83.14673,0.900677
13221,Oglethorpe County,Georgia,bchrrr,33.918797,-83.147432,1974945,33.926876,-83.14673,0.900677
13221,Oglethorpe County,Georgia,nsrdb,33.918797,-83.147432,996845,33.93,-83.14,1.421983
13223,Paulding County,Georgia,wtk,33.913833,-84.814221,1899799,33.914993,-84.81824,0.392655
13223,Paulding County,Georgia,bchrrr,33.913833,-84.814221,1899799,33.914993,-84.81824,0.392655
13223,Paulding County,Georgia,nsrdb,33.913833,-84.814221,960985,33.93,-84.82,1.875106
13225,Peach County,Georgia,wtk,32.589144,-83.822757,1956187,32.59493,-83.816956,0.842191
13225,Peach County,Georgia,bchrrr,32.589144,-83.822757,1956187,32.59493,-83.816956,0.842191
13225,Peach County,Georgia,nsrdb,32.589144,-83.822757,982278,32.57,-83.82,2.144336
13227,Pickens County,Georgia,wtk,34.455828,-84.436016,1914082,34.46033,-84.43378,0.540952
13227,Pickens County,Georgia,bchrrr,34.455828,-84.436016,1914082,34.46033,-84.43378,0.540952
13227,Pickens County,Georgia,nsrdb,34.455828,-84.436016,969386,34.45,-84.42,1.605148
13229,Pierce County,Georgia,wtk,31.31299,-82.242525,2041183,31.311275,-82.24512,0.311673
13229,Pierce County,Georgia,bchrrr,31.31299,-82.242525,2041183,31.311275,-82.24512,0.311673
13229,Pierce County,Georgia,nsrdb,31.31299,-82.242525,1015024,31.33,-82.26,2.516532
13231,Pike County,Georgia,wtk,33.104815,-84.366571,1928454,33.104958,-84.36102,0.517292
13231,Pike County,Georgia,bchrrr,33.104815,-84.366571,1928454,33.104958,-84.36102,0.517292
13231,Pike County,Georgia,nsrdb,33.104815,-84.366571,970267,33.09,-84.38,2.068491
13233,Polk County,Georgia,wtk,34.010839,-85.174595,1880809,34.011787,-85.17999,0.508321
13233,Polk County,Georgia,bchrrr,34.010839,-85.174595,1880809,34.011787,-85.17999,0.508321
13233,Polk County,Georgia,nsrdb,34.010839,-85.174595,953461,34.01,-85.18,0.506858
13235,Pulaski County,Georgia,wtk,32.273409,-83.478955,1973858,32.275425,-83.4837,0.49926
13235,Pulaski County,Georgia,bchrrr,32.273409,-83.478955,1973858,32.275425,-83.4837,0.49926
13235,Pulaski County,Georgia,nsrdb,32.273409,-83.478955,990147,32.29,-83.46,2.564891
13237,Putnam County,Georgia,wtk,33.31972,-83.335447,1971930,33.323147,-83.329865,0.643591
13237,Putnam County,Georgia,bchrrr,33.31972,-83.335447,1971930,33.323147,-83.329865,0.643591
13237,Putnam County,Georgia,nsrdb,33.31972,-83.335447,992695,33.33,-83.34,1.218849
13239,Quitman County,Georgia,wtk,31.859563,-85.078096,1904168,31.850449,-85.07233,1.150486
13239,Quitman County,Georgia,bchrrr,31.859563,-85.078096,1904168,31.850449,-85.07233,1.150486
13239,Quitman County,Georgia,nsrdb,31.859563,-85.078096,956017,31.85,-85.06,2.012921
13241,Rabun County,Georgia,wtk,34.879718,-83.407025,1955343,34.887733,-83.40918,0.912649
13241,Rabun County,Georgia,bchrrr,34.879718,-83.407025,1955343,34.887733,-83.40918,0.912649
13241,Rabun County,Georgia,nsrdb,34.879718,-83.407025,990948,34.89,-83.42,1.645545
13243,Randolph County,Georgia,wtk,31.758591,-84.758081,1920253,31.759098,-84.76434,0.594442
13243,Randolph County,Georgia,bchrrr,31.758591,-84.758081,1920253,31.759098,-84.76434,0.594442
13243,Randolph County,Georgia,nsrdb,31.758591,-84.758081,962712,31.77,-84.74,2.12871
13245,Richmond County,Georgia,wtk,33.427933,-82.051878,2029840,33.420876,-82.04874,0.837001
13245,Richmond County,Georgia,bchrrr,33.427933,-82.051878,2029840,33.420876,-82.04874,0.837001
13245,Richmond County,Georgia,nsrdb,33.427933,-82.051878,1019091,33.41,-82.06,2.131785
13247,Rockdale County,Georgia,wtk,33.642132,-84.019211,1938959,33.63442,-84.02414,0.971382
13247,Rockdale County,Georgia,bchrrr,33.642132,-84.019211,1938959,33.63442,-84.02414,0.971382
13247,Rockdale County,Georgia,nsrdb,33.642132,-84.019211,977917,33.65,-84.02,0.877926
13249,Schley County,Georgia,wtk,32.241832,-84.306643,1936985,32.235706,-84.31604,1.115853
13249,Schley County,Georgia,bchrrr,32.241832,-84.306643,1936985,32.235706,-84.31604,1.115853
13249,Schley County,Georgia,nsrdb,32.241832,-84.306643,971986,32.25,-84.3,1.102363
13251,Screven County,Georgia,wtk,32.722254,-81.62983,2057182,32.728134,-81.62259,0.941373
13251,Screven County,Georgia,bchrrr,32.722254,-81.62983,2057182,32.728134,-81.62259,0.941373
13251,Screven County,Georgia,nsrdb,32.722254,-81.62983,1028159,32.73,-81.62,1.25993
13253,Seminole County,Georgia,wtk,30.967908,-84.866708,1921245,30.968296,-84.87311,0.611919
13253,Seminole County,Georgia,bchrrr,30.967908,-84.866708,1921245,30.968296,-84.87311,0.611919
13253,Seminole County,Georgia,nsrdb,30.967908,-84.866708,960224,30.97,-84.86,0.680556
13255,Spalding County,Georgia,wtk,33.258957,-84.271551,1931361,33.2592,-84.267944,0.33647
13255,Spalding County,Georgia,bchrrr,33.258957,-84.271551,1931361,33.2592,-84.267944,0.33647
13255,Spalding County,Georgia,nsrdb,33.258957,-84.271551,972811,33.25,-84.26,1.464793
13257,Stephens County,Georgia,wtk,34.558396,-83.289707,1963126,34.55733,-83.292755,0.303247
13257,Stephens County,Georgia,bchrrr,34.558396,-83.289707,1963126,34.55733,-83.292755,0.303247
13257,Stephens County,Georgia,nsrdb,34.558396,-83.289707,993517,34.57,-83.3,1.59788
13259,Stewart County,Georgia,wtk,32.06861,-84.758007,1918182,32.06936,-84.75583,0.221438
13259,Stewart County,Georgia,bchrrr,32.06861,-84.758007,1918182,32.06936,-84.75583,0.221438
13259,Stewart County,Georgia,nsrdb,32.06861,-84.758007,962705,32.05,-84.74,2.676149
13261,Sumter County,Georgia,wtk,32.061412,-84.222413,1942678,32.058224,-84.21698,0.622734
13261,Sumter County,Georgia,bchrrr,32.061412,-84.222413,1942678,32.058224,-84.21698,0.622734
13261,Sumter County,Georgia,nsrdb,32.061412,-84.222413,973691,32.05,-84.22,1.289173
13263,Talbot County,Georgia,wtk,32.700766,-84.582949,1921342,32.709015,-84.58273,0.917477
13263,Talbot County,Georgia,bchrrr,32.700766,-84.582949,1921342,32.709015,-84.58273,0.917477
13263,Talbot County,Georgia,nsrdb,32.700766,-84.582949,966047,32.69,-84.58,1.228521
13265,Taliaferro County,Georgia,wtk,33.568971,-82.886109,1989975,33.576473,-82.88205,0.91503
13265,Taliaferro County,Georgia,bchrrr,33.568971,-82.886109,1989975,33.576473,-82.88205,0.91503
13265,Taliaferro County,Georgia,nsrdb,33.568971,-82.886109,1001817,33.57,-82.9,1.29207
13267,Tattnall County,Georgia,wtk,32.036462,-82.05854,2043319,32.03662,-82.05298,0.524387
13267,Tattnall County,Georgia,bchrrr,32.036462,-82.05854,2043319,32.03662,-82.05298,0.524387
13267,Tattnall County,Georgia,nsrdb,32.036462,-82.05854,1019125,32.05,-82.06,1.511636
13269,Taylor County,Georgia,wtk,32.559079,-84.209753,1938899,32.553837,-84.21692,0.88935
13269,Taylor County,Georgia,bchrrr,32.559079,-84.209753,1938899,32.553837,-84.21692,0.88935
13269,Taylor County,Georgia,nsrdb,32.559079,-84.209753,973678,32.57,-84.22,1.548166
13271,Telfair County,Georgia,wtk,32.019316,-82.894972,2003064,32.012463,-82.904236,1.15912
13271,Telfair County,Georgia,bchrrr,32.019316,-82.894972,2003064,32.012463,-82.904236,1.15912
13271,Telfair County,Georgia,nsrdb,32.019316,-82.894972,1001856,32.01,-82.9,1.139213
13273,Terrell County,Georgia,wtk,31.772019,-84.429034,1935065,31.77435,-84.43878,0.957068
13273,Terrell County,Georgia,bchrrr,31.772019,-84.429034,1935065,31.77435,-84.43878,0.957068
13273,Terrell County,Georgia,nsrdb,31.772019,-84.429034,969453,31.77,-84.42,0.883031
13275,Thomas County,Georgia,wtk,30.869269,-83.947984,1963902,30.871582,-83.95349,0.585067
13275,Thomas County,Georgia,bchrrr,30.869269,-83.947984,1963902,30.871582,-83.95349,0.585067
13275,Thomas County,Georgia,nsrdb,30.869269,-83.947984,979705,30.85,-83.94,2.274115
13277,Tift County,Georgia,wtk,31.45507,-83.51385,1979803,31.452713,-83.50659,0.736842
13277,Tift County,Georgia,bchrrr,31.45507,-83.51385,1979803,31.452713,-83.50659,0.736842
13277,Tift County,Georgia,nsrdb,31.45507,-83.51385,989299,31.45,-83.5,1.429627
13279,Toombs County,Georgia,wtk,32.185467,-82.368674,2026666,32.193626,-82.36865,0.907243
13279,Toombs County,Georgia,bchrrr,32.185467,-82.368674,2026666,32.193626,-82.36865,0.907243
13279,Toombs County,Georgia,nsrdb,32.185467,-82.368674,1012556,32.17,-82.38,2.023402
13281,Towns County,Georgia,wtk,34.940132,-83.782898,1939031,34.935795,-83.78439,0.501064
13281,Towns County,Georgia,bchrrr,34.940132,-83.782898,1939031,34.935795,-83.78439,0.501064
13281,Towns County,Georgia,nsrdb,34.940132,-83.782898,983099,34.93,-83.78,1.157187
13283,Treutlen County,Georgia,wtk,32.387282,-82.589228,2014325,32.39134,-82.59024,0.461126
13283,Treutlen County,Georgia,bchrrr,32.387282,-82.589228,2014325,32.39134,-82.59024,0.461126
13283,Treutlen County,Georgia,nsrdb,32.387282,-82.589228,1008458,32.37,-82.58,2.108028
13285,Troup County,Georgia,wtk,33.038116,-85.029712,1896373,33.037605,-85.03088,0.122811
13285,Troup County,Georgia,bchrrr,33.038116,-85.029712,1896373,33.037605,-85.03088,0.122811
13285,Troup County,Georgia,nsrdb,33.038116,-85.029712,956824,33.05,-85.02,1.601776
13287,Turner County,Georgia,wtk,31.702776,-83.638254,1971840,31.707672,-83.63187,0.81309
13287,Turner County,Georgia,bchrrr,31.702776,-83.638254,1971840,31.707672,-83.63187,0.81309
13287,Turner County,Georgia,nsrdb,31.702776,-83.638254,986682,31.69,-83.62,2.236232
13289,Twiggs County,Georgia,wtk,32.702269,-83.416755,1972888,32.709,-83.42432,1.030146
13289,Twiggs County,Georgia,bchrrr,32.702269,-83.416755,1972888,32.709,-83.42432,1.030146
13289,Twiggs County,Georgia,nsrdb,32.702269,-83.416755,991003,32.69,-83.42,1.397637
13291,Union County,Georgia,wtk,34.877461,-84.004838,1930492,34.870083,-83.99994,0.934186
13291,Union County,Georgia,bchrrr,34.877461,-84.004838,1930492,34.870083,-83.99994,0.934186
13291,Union County,Georgia,nsrdb,34.877461,-84.004838,977886,34.89,-84.02,1.963847
13293,Upson County,Georgia,wtk,32.907215,-84.325251,1931342,32.916927,-84.328094,1.112058
13293,Upson County,Georgia,bchrrr,32.907215,-84.325251,1931342,32.916927,-84.328094,1.112058
13293,Upson County,Georgia,nsrdb,32.907215,-84.325251,971121,32.89,-84.34,2.358053
13295,Walker County,Georgia,wtk,34.838709,-85.293114,1869147,34.836304,-85.290955,0.332178
13295,Walker County,Georgia,bchrrr,34.838709,-85.293114,1869147,34.836304,-85.290955,0.332178
13295,Walker County,Georgia,nsrdb,34.838709,-85.293114,950963,34.85,-85.3,1.403989
13297,Walton County,Georgia,wtk,33.795971,-83.785308,1947560,33.790127,-83.79596,1.17949
13297,Walton County,Georgia,bchrrr,33.795971,-83.785308,1947560,33.790127,-83.79596,1.17949
13297,Walton County,Georgia,nsrdb,33.795971,-83.785308,983127,33.81,-83.78,1.635238
13299,Ware County,Georgia,wtk,31.226861,-82.383925,2034913,31.222797,-82.391785,0.873383
13299,Ware County,Georgia,bchrrr,31.226861,-82.383925,2034913,31.222797,-82.391785,0.873383
13299,Ware County,Georgia,nsrdb,31.226861,-82.383925,1012580,31.21,-82.38,1.911651
13301,Warren County,Georgia,wtk,33.406715,-82.661648,2001107,33.417587,-82.66995,1.433616
13301,Warren County,Georgia,bchrrr,33.406715,-82.661648,2001107,33.417587,-82.66995,1.433616
13301,Warren County,Georgia,nsrdb,33.406715,-82.661648,1006787,33.41,-82.66,0.396013
13303,Washington County,Georgia,wtk,32.964341,-82.775589,2000066,32.971428,-82.78125,0.948637
13303,Washington County,Georgia,bchrrr,32.964341,-82.775589,2000066,32.971428,-82.78125,0.948637
13303,Washington County,Georgia,nsrdb,32.964341,-82.775589,1004330,32.97,-82.78,0.751862
13305,Wayne County,Georgia,wtk,31.610571,-81.916566,2053879,31.61242,-81.92462,0.789909
13305,Wayne County,Georgia,bchrrr,31.610571,-81.916566,2053879,31.61242,-81.92462,0.789909
13305,Wayne County,Georgia,nsrdb,31.610571,-81.916566,1022409,31.61,-81.9,1.570041
13307,Webster County,Georgia,wtk,32.052453,-84.561803,1927415,32.046314,-84.565125,0.751003
13307,Webster County,Georgia,bchrrr,32.052453,-84.561803,1927415,32.046314,-84.565125,0.751003
13307,Webster County,Georgia,nsrdb,32.052453,-84.561803,966063,32.05,-84.58,1.736551
13309,Wheeler County,Georgia,wtk,32.147524,-82.756153,2009192,32.137817,-82.74948,1.248908
13309,Wheeler County,Georgia,bchrrr,32.147524,-82.756153,2009192,32.137817,-82.74948,1.248908
13309,Wheeler County,Georgia,nsrdb,32.147524,-82.756153,1005174,32.13,-82.74,2.471863
13311,White County,Georgia,wtk,34.599634,-83.743729,1943773,34.596096,-83.73535,0.861954
13311,White County,Georgia,bchrrr,34.599634,-83.743729,1943773,34.596096,-83.73535,0.861954
13311,White County,Georgia,nsrdb,34.599634,-83.743729,983987,34.61,-83.74,1.202114
13313,Whitfield County,Georgia,wtk,34.793648,-84.9663,1885245,34.79912,-84.95941,0.875236
13313,Whitfield County,Georgia,bchrrr,34.793648,-84.9663,1885245,34.79912,-84.95941,0.875236
13313,Whitfield County,Georgia,nsrdb,34.793648,-84.9663,957618,34.81,-84.98,2.206989
13315,Wilcox County,Georgia,wtk,31.975538,-83.409192,1979832,31.971657,-83.41028,0.443583
13315,Wilcox County,Georgia,bchrrr,31.975538,-83.409192,1979832,31.971657,-83.41028,0.443583
13315,Wilcox County,Georgia,nsrdb,31.975538,-83.409192,991021,31.97,-83.42,1.191031
13317,Wilkes County,Georgia,wtk,33.757275,-82.752787,1994027,33.76251,-82.75604,0.655196
13317,Wilkes County,Georgia,bchrrr,33.757275,-82.752787,1994027,33.76251,-82.75604,0.655196
13317,Wilkes County,Georgia,nsrdb,33.757275,-82.752787,1005133,33.77,-82.74,1.843724
13319,Wilkinson County,Georgia,wtk,32.843979,-83.239292,1979881,32.8506,-83.24408,0.861443
13319,Wilkinson County,Georgia,bchrrr,32.843979,-83.239292,1979881,32.8506,-83.24408,0.861443
13319,Wilkinson County,Georgia,nsrdb,32.843979,-83.239292,995216,32.85,-83.22,1.922549
13321,Worth County,Georgia,wtk,31.545334,-83.859188,1962959,31.553547,-83.853516,1.059668
13321,Worth County,Georgia,bchrrr,31.545334,-83.859188,1962959,31.553547,-83.853516,1.059668
13321,Worth County,Georgia,nsrdb,31.545334,-83.859188,981428,31.53,-83.86,1.706801
15001,Hawaii County,Hawaii,wtk,19.672731,-155.428139,394,36.319393,-126.85657,3340.052056
15001,Hawaii County,Hawaii,bchrrr,19.672731,-155.428139,394,36.319393,-126.85657,3340.052056
15001,Hawaii County,Hawaii,nsrdb,19.672731,-155.428139,32691,19.69,-155.42,2.100816
15003,Honolulu County,Hawaii,wtk,21.371522,-157.91725,0,37.603382,-127.61705,3419.906398
15003,Honolulu County,Hawaii,bchrrr,21.371522,-157.91725,0,37.603382,-127.61705,3419.906398
15003,Honolulu County,Hawaii,nsrdb,21.371522,-157.91725,24978,21.37,-157.9,1.794229
15005,Kalawao County,Hawaii,wtk,21.189607,-156.98206,0,37.603382,-127.61705,3357.335568
15005,Kalawao County,Hawaii,bchrrr,21.189607,-156.98206,0,37.603382,-127.61705,3357.335568
15005,Kalawao County,Hawaii,nsrdb,21.189607,-156.98206,28004,21.17,-156.98,2.190639
15007,Kauai County,Hawaii,wtk,22.019834,-159.438908,22,39.152554,-128.45276,3497.864937
15007,Kauai County,Hawaii,bchrrr,22.019834,-159.438908,22,39.152554,-128.45276,3497.864937
15007,Kauai County,Hawaii,nsrdb,22.019834,-159.438908,20772,22.01,-159.42,2.234954
15009,Maui County,Hawaii,wtk,20.862852,-156.492059,0,37.603382,-127.61705,3341.521829
15009,Maui County,Hawaii,bchrrr,20.862852,-156.492059,0,37.603382,-127.61705,3341.521829
15009,Maui County,Hawaii,nsrdb,20.862852,-156.492059,29519,20.85,-156.5,1.65019
16001,Ada County,Idaho,wtk,43.612095,-116.313168,461695,43.611618,-116.311935,0.112549
16001,Ada County,Idaho,bchrrr,43.612095,-116.313168,461695,43.611618,-116.311935,0.112549
16001,Ada County,Idaho,nsrdb,43.612095,-116.313168,238128,43.61,-116.3,1.085442
16003,Adams County,Idaho,wtk,44.843884,-116.383103,475156,44.84877,-116.38446,0.553732
16003,Adams County,Idaho,bchrrr,44.843884,-116.383103,475156,44.84877,-116.38446,0.553732
16003,Adams County,Idaho,nsrdb,44.843884,-116.383103,236631,44.85,-116.38,0.722729
16005,Bannock County,Idaho,wtk,42.871125,-112.425198,596737,42.876667,-112.42883,0.683633
16005,Bannock County,Idaho,bchrrr,42.871125,-112.425198,596737,42.876667,-112.42883,0.683633
16005,Bannock County,Idaho,nsrdb,42.871125,-112.425198,315656,42.89,-112.42,2.141115
16007,Bear Lake County,Idaho,wtk,42.307481,-111.341218,631777,42.297382,-111.34285,1.130951
16007,Bear Lake County,Idaho,bchrrr,42.307481,-111.341218,631777,42.297382,-111.34285,1.130951
16007,Bear Lake County,Idaho,nsrdb,42.307481,-111.341218,339200,42.29,-111.34,1.946381
16009,Benewah County,Idaho,wtk,47.273064,-116.644685,498406,47.268562,-116.631714,1.099259
16009,Benewah County,Idaho,bchrrr,47.273064,-116.644685,498406,47.268562,-116.631714,1.099259
16009,Benewah County,Idaho,nsrdb,47.273064,-116.644685,231486,47.29,-116.66,2.209323
16011,Bingham County,Idaho,wtk,43.223106,-112.345956,603582,43.231125,-112.34744,0.899743
16011,Bingham County,Idaho,bchrrr,43.223106,-112.345956,603582,43.231125,-112.34744,0.899743
16011,Bingham County,Idaho,nsrdb,43.223106,-112.345956,317362,43.21,-112.34,1.535168
16013,Blaine County,Idaho,wtk,43.548092,-114.299215,534227,43.547348,-114.30521,0.490194
16013,Blaine County,Idaho,bchrrr,43.548092,-114.299215,534227,43.547348,-114.30521,0.490194
16013,Blaine County,Idaho,nsrdb,43.548092,-114.299215,277264,43.53,-114.3,2.012736
16015,Boise County,Idaho,wtk,43.906532,-115.985265,477022,43.902184,-115.9895,0.59065
16015,Boise County,Idaho,bchrrr,43.906532,-115.985265,477022,43.902184,-115.9895,0.59065
16015,Boise County,Idaho,nsrdb,43.906532,-115.985265,244063,43.89,-115.98,1.88606
16017,Bonner County,Idaho,wtk,48.236553,-116.629995,511063,48.230347,-116.636475,0.840571
16017,Bonner County,Idaho,bchrrr,48.236553,-116.629995,511063,48.230347,-116.636475,0.840571
16017,Bonner County,Idaho,nsrdb,48.236553,-116.629995,232183,48.25,-116.62,1.668404
16019,Bonneville County,Idaho,wtk,43.494829,-111.994446,619186,43.49147,-112.002625,0.758163
16019,Bonneville County,Idaho,bchrrr,43.494829,-111.994446,619186,43.49147,-112.002625,0.758163
16019,Bonneville County,Idaho,nsrdb,43.494829,-111.994446,325195,43.49,-111.98,1.283093
16021,Boundary County,Idaho,wtk,48.710581,-116.302637,528637,48.711086,-116.30386,0.105857
16021,Boundary County,Idaho,bchrrr,48.710581,-116.302637,528637,48.711086,-116.30386,0.105857
16021,Boundary County,Idaho,nsrdb,48.710581,-116.302637,238000,48.73,-116.3,2.167945
16023,Butte County,Idaho,wtk,43.697316,-113.302132,573358,43.693382,-113.29617,0.648928
16023,Butte County,Idaho,bchrrr,43.697316,-113.302132,573358,43.693382,-113.29617,0.648928
16023,Butte County,Idaho,nsrdb,43.697316,-113.302132,297315,43.69,-113.3,0.831366
16025,Camas County,Idaho,wtk,43.352908,-114.754473,515656,43.35753,-114.74417,0.978797
16025,Camas County,Idaho,bchrrr,43.352908,-114.754473,515656,43.35753,-114.74417,0.978797
16025,Camas County,Idaho,nsrdb,43.352908,-114.754473,268373,43.37,-114.74,2.231831
16027,Canyon County,Idaho,wtk,43.612485,-116.625109,450267,43.60916,-116.62996,0.537799
16027,Canyon County,Idaho,bchrrr,43.612485,-116.625109,450267,43.60916,-116.62996,0.537799
16027,Canyon County,Idaho,nsrdb,43.612485,-116.625109,232299,43.61,-116.62,0.495518
16029,Caribou County,Idaho,wtk,42.646152,-111.652059,624009,42.652092,-111.64267,1.012872
16029,Caribou County,Idaho,bchrrr,42.646152,-111.652059,624009,42.652092,-111.64267,1.012872
16029,Caribou County,Idaho,nsrdb,42.646152,-111.652059,332192,42.65,-111.66,0.777749
16031,Cassia County,Idaho,wtk,42.487362,-113.747806,542982,42.49634,-113.74103,1.142493
16031,Cassia County,Idaho,bchrrr,42.487362,-113.747806,542982,42.49634,-113.74103,1.142493
16031,Cassia County,Idaho,nsrdb,42.487362,-113.747806,288485,42.49,-113.74,0.704078
16033,Clark County,Idaho,wtk,44.194739,-112.262065,617277,44.1955,-112.25467,0.595597
16033,Clark County,Idaho,bchrrr,44.194739,-112.262065,617277,44.1955,-112.25467,0.595597
16033,Clark County,Idaho,nsrdb,44.194739,-112.262065,319077,44.21,-112.26,1.704913
16035,Clearwater County,Idaho,wtk,46.489092,-116.19084,503203,46.481,-116.190704,0.899851
16035,Clearwater County,Idaho,bchrrr,46.489092,-116.19084,503203,46.481,-116.190704,0.899851
16035,Clearwater County,Idaho,nsrdb,46.489092,-116.19084,240270,46.49,-116.18,0.83599
16037,Custer County,Idaho,wtk,44.280307,-114.09735,550909,44.289906,-114.09259,1.13262
16037,Custer County,Idaho,bchrrr,44.280307,-114.09735,550909,44.289906,-114.09259,1.13262
16037,Custer County,Idaho,nsrdb,44.280307,-114.09735,281243,44.29,-114.1,1.098262
16039,Elmore County,Idaho,wtk,43.117661,-115.685092,477938,43.112667,-115.68767,0.593427
16039,Elmore County,Idaho,bchrrr,43.117661,-115.685092,477938,43.112667,-115.68767,0.593427
16039,Elmore County,Idaho,nsrdb,43.117661,-115.685092,249402,43.13,-115.7,1.829311
16041,Franklin County,Idaho,wtk,42.098189,-111.871832,609368,42.105064,-111.88008,1.023453
16041,Franklin County,Idaho,bchrrr,42.098189,-111.871832,609368,42.105064,-111.88008,1.023453
16041,Franklin County,Idaho,nsrdb,42.098189,-111.871832,327844,42.09,-111.86,1.335017
16043,Fremont County,Idaho,wtk,44.012861,-111.61667,638681,44.00269,-111.61853,1.140706
16043,Fremont County,Idaho,bchrrr,44.012861,-111.61667,638681,44.00269,-111.61853,1.140706
16043,Fremont County,Idaho,nsrdb,44.012861,-111.61667,333029,44.01,-111.62,0.414879
16045,Gem County,Idaho,wtk,43.883068,-116.507698,457895,43.881104,-116.515686,0.676428
16045,Gem County,Idaho,bchrrr,43.883068,-116.507698,457895,43.881104,-116.515686,0.676428
16045,Gem County,Idaho,nsrdb,43.883068,-116.507698,234461,43.89,-116.5,0.987282
16047,Gooding County,Idaho,wtk,42.853482,-114.750388,509794,42.860954,-114.73923,1.231874
16047,Gooding County,Idaho,bchrrr,42.853482,-114.750388,509794,42.860954,-114.73923,1.231874
16047,Gooding County,Idaho,nsrdb,42.853482,-114.750388,268386,42.85,-114.74,0.931134
16049,Idaho County,Idaho,wtk,45.972029,-116.105237,499302,45.975327,-116.11397,0.768081
16049,Idaho County,Idaho,bchrrr,45.972029,-116.105237,499302,45.975327,-116.11397,0.768081
16049,Idaho County,Idaho,nsrdb,45.972029,-116.105237,241773,45.97,-116.1,0.463368
16051,Jefferson County,Idaho,wtk,43.687091,-111.959184,623092,43.688713,-111.95282,0.542562
16051,Jefferson County,Idaho,bchrrr,43.687091,-111.959184,623092,43.688713,-111.95282,0.542562
16051,Jefferson County,Idaho,nsrdb,43.687091,-111.959184,326060,43.69,-111.94,1.576055
16053,Jerome County,Idaho,wtk,42.699506,-114.46505,518542,42.70032,-114.45302,0.987238
16053,Jerome County,Idaho,bchrrr,42.699506,-114.46505,518542,42.70032,-114.45302,0.987238
16053,Jerome County,Idaho,nsrdb,42.699506,-114.46505,274092,42.69,-114.46,1.134736
16055,Kootenai County,Idaho,wtk,47.738595,-116.837397,497465,47.731762,-116.84186,0.829873
16055,Kootenai County,Idaho,bchrrr,47.738595,-116.837397,497465,47.731762,-116.84186,0.829873
16055,Kootenai County,Idaho,nsrdb,47.738595,-116.837397,228601,47.73,-116.82,1.614361
16057,Latah County,Idaho,wtk,46.74259,-116.934818,481021,46.750507,-116.938614,0.926628
16057,Latah County,Idaho,bchrrr,46.74259,-116.934818,481021,46.750507,-116.938614,0.926628
16057,Latah County,Idaho,nsrdb,46.74259,-116.934818,226491,46.73,-116.94,1.45458
16059,Lemhi County,Idaho,wtk,45.130443,-113.861238,569530,45.131355,-113.85211,0.723209
16059,Lemhi County,Idaho,bchrrr,45.130443,-113.861238,569530,45.131355,-113.85211,0.723209
16059,Lemhi County,Idaho,nsrdb,45.130443,-113.861238,286014,45.13,-113.86,0.108897
16061,Lewis County,Idaho,wtk,46.23756,-116.264066,497382,46.23662,-116.266556,0.218175
16061,Lewis County,Idaho,bchrrr,46.23756,-116.264066,497382,46.23662,-116.266556,0.218175
16061,Lewis County,Idaho,nsrdb,46.23756,-116.264066,238796,46.25,-116.26,1.418167
16063,Lincoln County,Idaho,wtk,42.971703,-114.333313,526364,42.969746,-114.330475,0.317286
16063,Lincoln County,Idaho,bchrrr,42.971703,-114.333313,526364,42.969746,-114.330475,0.317286
16063,Lincoln County,Idaho,nsrdb,42.971703,-114.333313,276481,42.97,-114.34,0.576077
16065,Madison County,Idaho,wtk,43.819188,-111.793851,629914,43.823906,-111.80638,1.133837
16065,Madison County,Idaho,bchrrr,43.819188,-111.793851,629914,43.823906,-111.80638,1.133837
16065,Madison County,Idaho,nsrdb,43.819188,-111.793851,329549,43.81,-111.78,1.509604
16067,Minidoka County,Idaho,wtk,42.611173,-113.712601,544946,42.613396,-113.72504,1.047519
16067,Minidoka County,Idaho,bchrrr,42.611173,-113.712601,544946,42.613396,-113.72504,1.047519
16067,Minidoka County,Idaho,nsrdb,42.611173,-113.712601,289286,42.61,-113.7,1.039437
16069,Nez Perce County,Idaho,wtk,46.393946,-116.952072,476201,46.40254,-116.94339,1.164668
16069,Nez Perce County,Idaho,bchrrr,46.393946,-116.952072,476201,46.40254,-116.94339,1.164668
16069,Nez Perce County,Idaho,nsrdb,46.393946,-116.952072,226499,46.41,-116.94,2.010858
16071,Oneida County,Idaho,wtk,42.18223,-112.29545,594748,42.17697,-112.28369,1.131861
16071,Oneida County,Idaho,bchrrr,42.18223,-112.29545,594748,42.17697,-112.28369,1.131861
16071,Oneida County,Idaho,nsrdb,42.18223,-112.29545,318255,42.17,-112.3,1.410657
16073,Owyhee County,Idaho,wtk,43.393388,-116.706428,444560,43.400646,-116.71332,0.980515
16073,Owyhee County,Idaho,bchrrr,43.393388,-116.706428,444560,43.400646,-116.71332,0.980515
16073,Owyhee County,Idaho,nsrdb,43.393388,-116.706428,230863,43.41,-116.7,1.918784
16075,Payette County,Idaho,wtk,44.019562,-116.893378,446492,44.02199,-116.88849,0.475022
16075,Payette County,Idaho,bchrrr,44.019562,-116.893378,446492,44.02199,-116.88849,0.475022
16075,Payette County,Idaho,nsrdb,44.019562,-116.893378,227266,44.01,-116.9,1.187817
16077,Power County,Idaho,wtk,42.774584,-112.82729,581120,42.778893,-112.81557,1.069852
16077,Power County,Idaho,bchrrr,42.774584,-112.82729,581120,42.778893,-112.81557,1.069852
16077,Power County,Idaho,nsrdb,42.774584,-112.82729,307237,42.77,-112.82,0.783506
16079,Shoshone County,Idaho,wtk,47.514917,-116.091817,519783,47.515816,-116.10141,0.72734
16079,Shoshone County,Idaho,bchrrr,47.514917,-116.091817,519783,47.515816,-116.10141,0.72734
16079,Shoshone County,Idaho,nsrdb,47.514917,-116.091817,241734,47.53,-116.1,1.786173
16081,Teton County,Idaho,wtk,43.692414,-111.122084,654219,43.69396,-111.11453,0.631199
16081,Teton County,Idaho,bchrrr,43.692414,-111.122084,654219,43.69396,-111.11453,0.631199
16081,Teton County,Idaho,nsrdb,43.692414,-111.122084,343572,43.69,-111.14,1.465282
16083,Twin Falls County,Idaho,wtk,42.560252,-114.499659,514639,42.556534,-114.51099,1.015985
16083,Twin Falls County,Idaho,bchrrr,42.560252,-114.499659,514639,42.556534,-114.51099,1.015985
16083,Twin Falls County,Idaho,nsrdb,42.560252,-114.499659,273287,42.57,-114.5,1.084289
16085,Valley County,Idaho,wtk,44.766234,-116.074802,484759,44.769096,-116.084305,0.814922
16085,Valley County,Idaho,bchrrr,44.766234,-116.074802,484759,44.769096,-116.084305,0.814922
16085,Valley County,Idaho,nsrdb,44.766234,-116.074802,242548,44.77,-116.06,1.241303
16087,Washington County,Idaho,wtk,44.29827,-116.920811,449356,44.30629,-116.91376,1.053623
16087,Washington County,Idaho,bchrrr,44.29827,-116.920811,449356,44.30629,-116.91376,1.053623
16087,Washington County,Idaho,nsrdb,44.29827,-116.920811,226552,44.29,-116.94,1.782723
17001,Adams County,Illinois,wtk,39.943853,-91.327367,1532072,39.950596,-91.31787,1.103452
17001,Adams County,Illinois,bchrrr,39.943853,-91.327367,1532072,39.950596,-91.31787,1.103452
17001,Adams County,Illinois,nsrdb,39.943853,-91.327367,818417,39.93,-91.34,1.879596
17003,Alexander County,Illinois,wtk,37.152944,-89.295009,1649367,37.150204,-89.29739,0.370616
17003,Alexander County,Illinois,bchrrr,37.152944,-89.295009,1649367,37.150204,-89.29739,0.370616
17003,Alexander County,Illinois,nsrdb,37.152944,-89.295009,865856,37.17,-89.3,1.947431
17005,Bond County,Illinois,wtk,38.884765,-89.432036,1633491,38.88178,-89.42047,1.054709
17005,Bond County,Illinois,bchrrr,38.884765,-89.432036,1633491,38.88178,-89.42047,1.054709
17005,Bond County,Illinois,nsrdb,38.884765,-89.432036,862996,38.89,-89.42,1.193346
17007,Boone County,Illinois,wtk,42.294302,-88.852138,1642285,42.290764,-88.86334,1.001871
17007,Boone County,Illinois,bchrrr,42.294302,-88.852138,1642285,42.290764,-88.86334,1.001871
17007,Boone County,Illinois,nsrdb,42.294302,-88.852138,875954,42.29,-88.86,0.804376
17009,Brown County,Illinois,wtk,39.966021,-90.747526,1560075,39.9612,-90.759705,1.168222
17009,Brown County,Illinois,bchrrr,39.966021,-90.747526,1560075,39.9612,-90.759705,1.168222
17009,Brown County,Illinois,nsrdb,39.966021,-90.747526,831924,39.97,-90.74,0.779173
17011,Bureau County,Illinois,wtk,41.382427,-89.420595,1620056,41.37488,-89.41962,0.843123
17011,Bureau County,Illinois,bchrrr,41.382427,-89.420595,1620056,41.37488,-89.41962,0.843123
17011,Bureau County,Illinois,nsrdb,41.382427,-89.420595,862934,41.37,-89.42,1.382713
17013,Calhoun County,Illinois,wtk,39.122999,-90.63827,1569766,39.119576,-90.639435,0.393665
17013,Calhoun County,Illinois,bchrrr,39.122999,-90.63827,1569766,39.119576,-90.639435,0.393665
17013,Calhoun County,Illinois,nsrdb,39.122999,-90.63827,834754,39.13,-90.62,1.757758
17015,Carroll County,Illinois,wtk,42.067259,-89.969148,1589419,42.0599,-89.97162,0.843346
17015,Carroll County,Illinois,bchrrr,42.067259,-89.969148,1589419,42.0599,-89.97162,0.843346
17015,Carroll County,Illinois,nsrdb,42.067259,-89.969148,849835,42.05,-89.98,2.117941
17017,Cass County,Illinois,wtk,39.98041,-90.321005,1581995,39.97546,-90.32199,0.556778
17017,Cass County,Illinois,bchrrr,39.98041,-90.321005,1581995,39.97546,-90.32199,0.556778
17017,Cass County,Illinois,nsrdb,39.98041,-90.321005,841434,39.97,-90.34,1.989907
17019,Champaign County,Illinois,wtk,40.126857,-88.236458,1686071,40.12052,-88.23987,0.762027
17019,Champaign County,Illinois,bchrrr,40.126857,-88.236458,1686071,40.12052,-88.23987,0.762027
17019,Champaign County,Illinois,nsrdb,40.126857,-88.236458,890410,40.13,-88.22,1.442243
17021,Christian County,Illinois,wtk,39.525377,-89.254155,1638449,39.521374,-89.25577,0.46617
17021,Christian County,Illinois,bchrrr,39.525377,-89.254155,1638449,39.521374,-89.25577,0.46617
17021,Christian County,Illinois,nsrdb,39.525377,-89.254155,866732,39.53,-89.26,0.718025
17023,Clark County,Illinois,wtk,39.351513,-87.796153,1712550,39.3608,-87.805786,1.323769
17023,Clark County,Illinois,bchrrr,39.351513,-87.796153,1712550,39.3608,-87.805786,1.323769
17023,Clark County,Illinois,nsrdb,39.351513,-87.796153,900036,39.37,-87.78,2.480782
17025,Clay County,Illinois,wtk,38.715728,-88.491817,1682359,38.70617,-88.48724,1.134576
17025,Clay County,Illinois,bchrrr,38.715728,-88.491817,1682359,38.70617,-88.48724,1.134576
17025,Clay County,Illinois,nsrdb,38.715728,-88.491817,884202,38.73,-88.5,1.738517
17027,Clinton County,Illinois,wtk,38.588708,-89.48575,1632243,38.58832,-89.47513,0.924046
17027,Clinton County,Illinois,bchrrr,38.588708,-89.48575,1632243,38.58832,-89.47513,0.924046
17027,Clinton County,Illinois,nsrdb,38.588708,-89.48575,861112,38.57,-89.5,2.421108
17029,Coles County,Illinois,wtk,39.487996,-88.264606,1688458,39.489723,-88.27106,0.586195
17029,Coles County,Illinois,bchrrr,39.487996,-88.264606,1688458,39.489723,-88.27106,0.586195
17029,Coles County,Illinois,nsrdb,39.487996,-88.264606,889538,39.49,-88.26,0.453748
17031,Cook County,Illinois,wtk,41.869516,-87.758158,1698253,41.87562,-87.75949,0.687637
17031,Cook County,Illinois,bchrrr,41.869516,-87.758158,1698253,41.87562,-87.75949,0.687637
17031,Cook County,Illinois,nsrdb,41.869516,-87.758158,900843,41.85,-87.74,2.640187
17033,Crawford County,Illinois,wtk,39.004797,-87.750012,1717327,39.00331,-87.75726,0.647757
17033,Crawford County,Illinois,bchrrr,39.004797,-87.750012,1717327,39.00331,-87.75726,0.647757
17033,Crawford County,Illinois,nsrdb,39.004797,-87.750012,900914,39.01,-87.74,1.040724
17035,Cumberland County,Illinois,wtk,39.275025,-88.280713,1689656,39.26673,-88.27493,1.04813
17035,Cumberland County,Illinois,bchrrr,39.275025,-88.280713,1689656,39.26673,-88.27493,1.04813
17035,Cumberland County,Illinois,nsrdb,39.275025,-88.280713,888651,39.29,-88.3,2.351241
17037,DeKalb County,Illinois,wtk,41.927566,-88.726839,1650851,41.927227,-88.731384,0.377885
17037,DeKalb County,Illinois,bchrrr,41.927566,-88.726839,1650851,41.927227,-88.731384,0.377885
17037,DeKalb County,Illinois,nsrdb,41.927566,-88.726839,878708,41.93,-88.74,1.121898
17039,De Witt County,Illinois,wtk,40.170876,-88.911308,1651981,40.16858,-88.91626,0.49216
17039,De Witt County,Illinois,bchrrr,40.170876,-88.911308,1651981,40.16858,-88.91626,0.49216
17039,De Witt County,Illinois,nsrdb,40.170876,-88.911308,875086,40.17,-88.9,0.965736
17041,Douglas County,Illinois,wtk,39.766981,-88.280315,1686052,39.76993,-88.28421,0.467279
17041,Douglas County,Illinois,bchrrr,39.766981,-88.280315,1686052,39.76993,-88.28421,0.467279
17041,Douglas County,Illinois,nsrdb,39.766981,-88.280315,888639,39.77,-88.3,1.715611
17043,DuPage County,Illinois,wtk,41.848928,-88.071254,1683741,41.842632,-88.065,0.870912
17043,DuPage County,Illinois,bchrrr,41.848928,-88.071254,1683741,41.842632,-88.065,0.870912
17043,DuPage County,Illinois,nsrdb,41.848928,-88.071254,893895,41.85,-88.06,0.939751
17045,Edgar County,Illinois,wtk,39.636396,-87.713769,1714964,39.633396,-87.72104,0.706376
17045,Edgar County,Illinois,bchrrr,39.636396,-87.713769,1714964,39.633396,-87.72104,0.706376
17045,Edgar County,Illinois,nsrdb,39.636396,-87.713769,901767,39.65,-87.7,1.91786
17047,Edwards County,Illinois,wtk,38.401606,-88.041234,1706491,38.394463,-88.05078,1.150173
17047,Edwards County,Illinois,bchrrr,38.401606,-88.041234,1706491,38.394463,-88.05078,1.150173
17047,Edwards County,Illinois,nsrdb,38.401606,-88.041234,893981,38.41,-88.06,1.882826
17049,Effingham County,Illinois,wtk,39.095852,-88.573287,1675099,39.103394,-88.582825,1.175048
17049,Effingham County,Illinois,bchrrr,39.095852,-88.573287,1675099,39.103394,-88.582825,1.175048
17049,Effingham County,Illinois,nsrdb,39.095852,-88.573287,882405,39.09,-88.58,0.871242
17051,Fayette County,Illinois,wtk,38.995882,-89.03396,1653141,38.98582,-89.02716,1.263804
17051,Fayette County,Illinois,bchrrr,38.995882,-89.03396,1653141,38.98582,-89.02716,1.263804
17051,Fayette County,Illinois,nsrdb,38.995882,-89.03396,872351,39.01,-89.02,1.979797
17053,Ford County,Illinois,wtk,40.521655,-88.219433,1684882,40.528492,-88.21222,0.974498
17053,Ford County,Illinois,bchrrr,40.521655,-88.219433,1684882,40.528492,-88.21222,0.974498
17053,Ford County,Illinois,nsrdb,40.521655,-88.219433,890400,40.53,-88.22,0.92916
17055,Franklin County,Illinois,wtk,37.963979,-88.953698,1662864,37.959988,-88.952515,0.455737
17055,Franklin County,Illinois,bchrrr,37.963979,-88.953698,1662864,37.959988,-88.952515,0.455737
17055,Franklin County,Illinois,nsrdb,37.963979,-88.953698,874220,37.97,-88.94,1.374829
17057,Fulton County,Illinois,wtk,40.524813,-90.116465,1589336,40.522415,-90.12399,0.689672
17057,Fulton County,Illinois,bchrrr,40.524813,-90.116465,1589336,40.522415,-90.12399,0.689672
17057,Fulton County,Illinois,nsrdb,40.524813,-90.116465,847091,40.53,-90.1,1.506393
17059,Gallatin County,Illinois,wtk,37.772877,-88.239185,1700441,37.77846,-88.2457,0.844554
17059,Gallatin County,Illinois,bchrrr,37.772877,-88.239185,1700441,37.77846,-88.2457,0.844554
17059,Gallatin County,Illinois,nsrdb,37.772877,-88.239185,890469,37.77,-88.22,1.716349
17061,Greene County,Illinois,wtk,39.368918,-90.371192,1581962,39.365494,-90.37799,0.69747
17061,Greene County,Illinois,bchrrr,39.368918,-90.371192,1581962,39.365494,-90.37799,0.69747
17061,Greene County,Illinois,nsrdb,39.368918,-90.371192,840493,39.37,-90.38,0.766651
17063,Grundy County,Illinois,wtk,41.349979,-88.344631,1672790,41.359516,-88.35278,1.25985
17063,Grundy County,Illinois,bchrrr,41.349979,-88.344631,1672790,41.359516,-88.35278,1.25985
17063,Grundy County,Illinois,nsrdb,41.349979,-88.344631,887708,41.33,-88.34,2.254958
17065,Hamilton County,Illinois,wtk,38.091614,-88.559005,1682326,38.098846,-88.559814,0.807273
17065,Hamilton County,Illinois,bchrrr,38.091614,-88.559005,1682326,38.098846,-88.559814,0.807273
17065,Hamilton County,Illinois,nsrdb,38.091614,-88.559005,883324,38.09,-88.54,1.672864
17067,Hancock County,Illinois,wtk,40.425027,-91.20235,1535743,40.42866,-91.207855,0.616705
17067,Hancock County,Illinois,bchrrr,40.425027,-91.20235,1535743,40.42866,-91.207855,0.616705
17067,Hancock County,Illinois,nsrdb,40.425027,-91.20235,821075,40.41,-91.22,2.241571
17069,Hardin County,Illinois,wtk,37.478272,-88.29594,1699220,37.48637,-88.30481,1.193062
17069,Hardin County,Illinois,bchrrr,37.478272,-88.29594,1699220,37.48637,-88.30481,1.193062
17069,Hardin County,Illinois,nsrdb,37.478272,-88.29594,888696,37.49,-88.3,1.352405
17071,Henderson County,Illinois,wtk,40.824767,-90.944675,1546711,40.825928,-90.95517,0.892457
17071,Henderson County,Illinois,bchrrr,40.824767,-90.944675,1546711,40.825928,-90.95517,0.892457
17071,Henderson County,Illinois,nsrdb,40.824767,-90.944675,827336,40.81,-90.94,1.688489
17073,Henry County,Illinois,wtk,41.350891,-90.135956,1584507,41.342594,-90.14288,1.088688
17073,Henry County,Illinois,bchrrr,41.350891,-90.135956,1584507,41.342594,-90.14288,1.088688
17073,Henry County,Illinois,nsrdb,41.350891,-90.135956,846143,41.37,-90.14,2.151465
17075,Iroquois County,Illinois,wtk,40.762253,-87.838412,1701807,40.761208,-87.8374,0.144107
17075,Iroquois County,Illinois,bchrrr,40.762253,-87.838412,1701807,40.761208,-87.8374,0.144107
17075,Iroquois County,Illinois,nsrdb,40.762253,-87.838412,899132,40.77,-87.82,1.773819
17077,Jackson County,Illinois,wtk,37.750197,-89.27714,1646947,37.741463,-89.28146,1.042816
17077,Jackson County,Illinois,bchrrr,37.750197,-89.27714,1646947,37.741463,-89.28146,1.042816
17077,Jackson County,Illinois,nsrdb,37.750197,-89.27714,866776,37.77,-89.26,2.668165
17079,Jasper County,Illinois,wtk,39.003924,-88.162643,1696890,38.99802,-88.164825,0.683037
17079,Jasper County,Illinois,bchrrr,39.003924,-88.162643,1696890,38.99802,-88.164825,0.683037
17079,Jasper County,Illinois,nsrdb,39.003924,-88.162643,891323,39.01,-88.18,1.644909
17081,Jefferson County,Illinois,wtk,38.311196,-88.911601,1662883,38.30963,-88.91321,0.223674
17081,Jefferson County,Illinois,bchrrr,38.311196,-88.911601,1662883,38.30963,-88.91321,0.223674
17081,Jefferson County,Illinois,nsrdb,38.311196,-88.911601,875132,38.33,-88.9,2.322965
17083,Jersey County,Illinois,wtk,39.07525,-90.319328,1586822,39.083233,-90.30792,1.325754
17083,Jersey County,Illinois,bchrrr,39.07525,-90.319328,1586822,39.083233,-90.30792,1.325754
17083,Jersey County,Illinois,nsrdb,39.07525,-90.319328,842408,39.09,-90.3,2.339477
17085,Jo Daviess County,Illinois,wtk,42.411344,-90.308597,1571162,42.414124,-90.31433,0.563093
17085,Jo Daviess County,Illinois,bchrrr,42.411344,-90.308597,1571162,42.414124,-90.31433,0.563093
17085,Jo Daviess County,Illinois,nsrdb,42.411344,-90.308597,842325,42.41,-90.3,0.72145
17087,Johnson County,Illinois,wtk,37.470123,-88.87651,1670146,37.472202,-88.86673,0.893518
17087,Johnson County,Illinois,bchrrr,37.470123,-88.87651,1670146,37.472202,-88.86673,0.893518
17087,Johnson County,Illinois,nsrdb,37.470123,-88.87651,876074,37.49,-88.86,2.64717
17089,Kane County,Illinois,wtk,41.928443,-88.335419,1670388,41.936527,-88.328674,1.057989
17089,Kane County,Illinois,bchrrr,41.928443,-88.335419,1670388,41.936527,-88.328674,1.057989
17089,Kane County,Illinois,nsrdb,41.928443,-88.335419,887693,41.93,-88.34,0.416642
17091,Kankakee County,Illinois,wtk,41.150452,-87.851693,1698214,41.154755,-87.85834,0.73393
17091,Kankakee County,Illinois,bchrrr,41.150452,-87.851693,1698214,41.154755,-87.85834,0.73393
17091,Kankakee County,Illinois,nsrdb,41.150452,-87.851693,898252,41.17,-87.86,2.282178
17093,Kendall County,Illinois,wtk,41.660752,-88.375617,1670373,41.658993,-88.36438,0.953776
17093,Kendall County,Illinois,bchrrr,41.660752,-88.375617,1670373,41.658993,-88.36438,0.953776
17093,Kendall County,Illinois,nsrdb,41.660752,-88.375617,886807,41.65,-88.38,1.249794
17095,Knox County,Illinois,wtk,40.937989,-90.32775,1577173,40.943085,-90.3295,0.585405
17095,Knox County,Illinois,bchrrr,40.937989,-90.32775,1577173,40.943085,-90.3295,0.585405
17095,Knox County,Illinois,nsrdb,40.937989,-90.32775,841410,40.93,-90.34,1.359443
17097,Lake County,Illinois,wtk,42.311646,-87.970539,1684978,42.303303,-87.97778,1.102358
17097,Lake County,Illinois,bchrrr,42.311646,-87.970539,1684978,42.303303,-87.97778,1.102358
17097,Lake County,Illinois,nsrdb,42.311646,-87.970539,895632,42.33,-87.98,2.184082
17099,LaSalle County,Illinois,wtk,41.354296,-88.895125,1645917,41.360104,-88.89957,0.744797
17099,LaSalle County,Illinois,bchrrr,41.354296,-88.895125,1645917,41.360104,-88.89957,0.744797
17099,LaSalle County,Illinois,nsrdb,41.354296,-88.895125,875056,41.37,-88.9,1.792978
17101,Lawrence County,Illinois,wtk,38.718154,-87.745969,1719707,38.72345,-87.74661,0.591509
17101,Lawrence County,Illinois,bchrrr,38.718154,-87.745969,1719707,38.72345,-87.74661,0.591509
17101,Lawrence County,Illinois,nsrdb,38.718154,-87.745969,900921,38.73,-87.74,1.415342
17103,Lee County,Illinois,wtk,41.812145,-89.401983,1618846,41.802357,-89.39737,1.153582
17103,Lee County,Illinois,bchrrr,41.812145,-89.401983,1618846,41.802357,-89.39737,1.153582
17103,Lee County,Illinois,nsrdb,41.812145,-89.401983,862923,41.81,-89.42,1.512159
17105,Livingston County,Illinois,wtk,40.90184,-88.576296,1664243,40.909485,-88.58255,0.999444
17105,Livingston County,Illinois,bchrrr,40.90184,-88.576296,1664243,40.909485,-88.58255,0.999444
17105,Livingston County,Illinois,nsrdb,40.90184,-88.576296,882360,40.89,-88.58,1.35286
17107,Logan County,Illinois,wtk,40.141561,-89.361423,1629861,40.14173,-89.357605,0.325087
17107,Logan County,Illinois,bchrrr,40.141561,-89.361423,1629861,40.14173,-89.357605,0.325087
17107,Logan County,Illinois,nsrdb,40.141561,-89.361423,863911,40.13,-89.38,2.036318
17109,McDonough County,Illinois,wtk,40.469952,-90.667766,1562538,40.476933,-90.66635,0.785439
17109,McDonough County,Illinois,bchrrr,40.469952,-90.667766,1562538,40.476933,-90.66635,0.785439
17109,McDonough County,Illinois,nsrdb,40.469952,-90.667766,833768,40.45,-90.66,2.313811
17111,McHenry County,Illinois,wtk,42.270305,-88.351374,1666754,42.275017,-88.36044,0.911567
17111,McHenry County,Illinois,bchrrr,42.270305,-88.351374,1666754,42.275017,-88.36044,0.911567
17111,McHenry County,Illinois,nsrdb,42.270305,-88.351374,887684,42.29,-88.34,2.381519
17113,McLean County,Illinois,wtk,40.493795,-88.95381,1648322,40.487617,-88.952515,0.695637
17113,McLean County,Illinois,bchrrr,40.493795,-88.95381,1648322,40.487617,-88.952515,0.695637
17113,McLean County,Illinois,nsrdb,40.493795,-88.95381,874157,40.49,-88.94,1.241726
17115,Macon County,Illinois,wtk,39.850655,-88.946569,1651964,39.85461,-88.952515,0.671591
17115,Macon County,Illinois,bchrrr,39.850655,-88.946569,1651964,39.85461,-88.952515,0.671591
17115,Macon County,Illinois,nsrdb,39.850655,-88.946569,874173,39.85,-88.94,0.565484
17117,Macoupin County,Illinois,wtk,39.191697,-89.877052,1608851,39.18788,-89.86719,0.950014
17117,Macoupin County,Illinois,bchrrr,39.191697,-89.877052,1608851,39.18788,-89.86719,0.950014
17117,Macoupin County,Illinois,nsrdb,39.191697,-89.877052,852671,39.21,-89.86,2.51019
17119,Madison County,Illinois,wtk,38.801009,-90.012707,1602690,38.807346,-90.02368,1.183484
17119,Madison County,Illinois,bchrrr,38.801009,-90.012707,1602690,38.807346,-90.02368,1.183484
17119,Madison County,Illinois,nsrdb,38.801009,-90.012707,848990,38.81,-90.02,1.18274
17121,Marion County,Illinois,wtk,38.590624,-89.016081,1655567,38.59559,-89.023224,0.830846
17121,Marion County,Illinois,bchrrr,38.590624,-89.016081,1655567,38.59559,-89.023224,0.830846
17121,Marion County,Illinois,nsrdb,38.590624,-89.016081,872361,38.61,-89.02,2.181266
17123,Marshall County,Illinois,wtk,41.043266,-89.316213,1627441,41.050983,-89.30673,1.16993
17123,Marshall County,Illinois,bchrrr,41.043266,-89.316213,1627441,41.050983,-89.30673,1.16993
17123,Marshall County,Illinois,nsrdb,41.043266,-89.316213,865759,41.05,-89.3,1.552186
17125,Mason County,Illinois,wtk,40.286178,-89.89937,1601544,40.286552,-89.90289,0.301456
17125,Mason County,Illinois,bchrrr,40.286178,-89.89937,1601544,40.286552,-89.90289,0.301456
17125,Mason County,Illinois,nsrdb,40.286178,-89.89937,851720,40.29,-89.9,0.428334
17127,Massac County,Illinois,wtk,37.18088,-88.717779,1679851,37.18345,-88.71326,0.491874
17127,Massac County,Illinois,bchrrr,37.18088,-88.717779,1679851,37.18345,-88.71326,0.491874
17127,Massac County,Illinois,nsrdb,37.18088,-88.717779,879736,37.17,-88.7,1.986173
17129,Menard County,Illinois,wtk,39.996936,-89.799165,1607666,40.0021,-89.809845,1.075794
17129,Menard County,Illinois,bchrrr,39.996936,-89.799165,1607666,40.0021,-89.809845,1.075794
17129,Menard County,Illinois,nsrdb,39.996936,-89.799165,854506,40.01,-89.78,2.18516
17131,Mercer County,Illinois,wtk,41.214503,-90.686562,1558925,41.221573,-90.6745,1.279017
17131,Mercer County,Illinois,bchrrr,41.214503,-90.686562,1558925,41.221573,-90.6745,1.279017
17131,Mercer County,Illinois,nsrdb,41.214503,-90.686562,832813,41.21,-90.7,1.230554
17133,Monroe County,Illinois,wtk,38.362254,-90.172032,1597766,38.3702,-90.15991,1.377527
17133,Monroe County,Illinois,bchrrr,38.362254,-90.172032,1597766,38.3702,-90.15991,1.377527
17133,Monroe County,Illinois,nsrdb,38.362254,-90.172032,845280,38.37,-90.18,1.106547
17135,Montgomery County,Illinois,wtk,39.198371,-89.507414,1627341,39.202923,-89.506226,0.516408
17135,Montgomery County,Illinois,bchrrr,39.198371,-89.507414,1627341,39.202923,-89.506226,0.516408
17135,Montgomery County,Illinois,nsrdb,39.198371,-89.507414,861096,39.21,-89.5,1.442281
17137,Morgan County,Illinois,wtk,39.717059,-90.228442,1588074,39.71001,-90.22574,0.817179
17137,Morgan County,Illinois,bchrrr,39.717059,-90.228442,1588074,39.71001,-90.22574,0.817179
17137,Morgan County,Illinois,nsrdb,39.717059,-90.228442,844298,39.73,-90.22,1.609947
17139,Moultrie County,Illinois,wtk,39.631717,-88.612661,1670263,39.62657,-88.61633,0.652904
17139,Moultrie County,Illinois,bchrrr,39.631717,-88.612661,1670263,39.62657,-88.61633,0.652904
17139,Moultrie County,Illinois,nsrdb,39.631717,-88.612661,881487,39.65,-88.62,2.127889
17141,Ogle County,Illinois,wtk,42.028664,-89.254101,1625026,42.035446,-89.24585,1.016418
17141,Ogle County,Illinois,bchrrr,42.028664,-89.254101,1625026,42.035446,-89.24585,1.016418
17141,Ogle County,Illinois,nsrdb,42.028664,-89.254101,866670,42.01,-89.26,2.13179
17143,Peoria County,Illinois,wtk,40.746693,-89.639932,1612628,40.754562,-89.63452,0.986635
17143,Peoria County,Illinois,bchrrr,40.746693,-89.639932,1612628,40.754562,-89.63452,0.986635
17143,Peoria County,Illinois,nsrdb,40.746693,-89.639932,858230,40.73,-89.62,2.503099
17145,Perry County,Illinois,wtk,38.057689,-89.322406,1643284,38.058903,-89.31818,0.393856
17145,Perry County,Illinois,bchrrr,38.057689,-89.322406,1643284,38.058903,-89.31818,0.393856
17145,Perry County,Illinois,nsrdb,38.057689,-89.322406,864899,38.05,-89.34,1.761858
17147,Piatt County,Illinois,wtk,40.008986,-88.58186,1670284,40.01414,-88.56952,1.197052
17147,Piatt County,Illinois,bchrrr,40.008986,-88.58186,1670284,40.01414,-88.56952,1.197052
17147,Piatt County,Illinois,nsrdb,40.008986,-88.58186,882382,40.01,-88.58,0.194442
17149,Pike County,Illinois,wtk,39.621899,-90.861356,1556399,39.613403,-90.86157,0.944891
17149,Pike County,Illinois,bchrrr,39.621899,-90.861356,1556399,39.613403,-90.86157,0.944891
17149,Pike County,Illinois,nsrdb,39.621899,-90.861356,829185,39.61,-90.86,1.328199
17151,Pope County,Illinois,wtk,37.400789,-88.555687,1687134,37.393612,-88.549225,0.981193
17151,Pope County,Illinois,bchrrr,37.400789,-88.555687,1687134,37.393612,-88.549225,0.981193
17151,Pope County,Illinois,nsrdb,37.400789,-88.555687,883341,37.41,-88.54,1.723062
17153,Pulaski County,Illinois,wtk,37.198537,-89.130522,1657936,37.19438,-89.13019,0.463172
17153,Pulaski County,Illinois,bchrrr,37.198537,-89.130522,1657936,37.19438,-89.13019,0.463172
17153,Pulaski County,Illinois,nsrdb,37.198537,-89.130522,869599,37.21,-89.14,1.526207
17155,Putnam County,Illinois,wtk,41.230538,-89.268097,1628685,41.234497,-89.261475,0.707416
17155,Putnam County,Illinois,bchrrr,41.230538,-89.268097,1628685,41.234497,-89.261475,0.707416
17155,Putnam County,Illinois,nsrdb,41.230538,-89.268097,866689,41.25,-89.26,2.267507
17157,Randolph County,Illinois,wtk,38.061441,-89.809783,1617410,38.053215,-89.81296,0.95605
17157,Randolph County,Illinois,bchrrr,38.061441,-89.809783,1617410,38.053215,-89.81296,0.95605
17157,Randolph County,Illinois,nsrdb,38.061441,-89.809783,853623,38.05,-89.82,1.555214
17159,Richland County,Illinois,wtk,38.725443,-88.087852,1702901,38.731148,-88.079254,0.979132
17159,Richland County,Illinois,bchrrr,38.725443,-88.087852,1702901,38.731148,-88.079254,0.979132
17159,Richland County,Illinois,nsrdb,38.725443,-88.087852,893095,38.73,-88.1,1.169292
17161,Rock Island County,Illinois,wtk,41.489119,-90.50247,1566242,41.49207,-90.50128,0.34278
17161,Rock Island County,Illinois,bchrrr,41.489119,-90.50247,1566242,41.49207,-90.50128,0.34278
17161,Rock Island County,Illinois,nsrdb,41.489119,-90.50247,837569,41.49,-90.5,0.227868
17163,St. Clair County,Illinois,wtk,38.548183,-89.990273,1605131,38.546375,-90.00122,0.973002
17163,St. Clair County,Illinois,bchrrr,38.548183,-89.990273,1605131,38.546375,-90.00122,0.973002
17163,St. Clair County,Illinois,nsrdb,38.548183,-89.990273,849923,38.53,-89.98,2.210486
17165,Saline County,Illinois,wtk,37.75342,-88.538121,1685942,37.744366,-88.53125,1.174103
17165,Saline County,Illinois,bchrrr,37.75342,-88.538121,1685942,37.744366,-88.53125,1.174103
17165,Saline County,Illinois,nsrdb,37.75342,-88.538121,883332,37.77,-88.54,1.850999
17167,Sangamon County,Illinois,wtk,39.771108,-89.654857,1616270,39.770203,-89.66391,0.780239
17167,Sangamon County,Illinois,bchrrr,39.771108,-89.654857,1616270,39.770203,-89.66391,0.780239
17167,Sangamon County,Illinois,nsrdb,39.771108,-89.654857,857314,39.77,-89.66,0.456492
17169,Schuyler County,Illinois,wtk,40.130099,-90.568807,1568603,40.13757,-90.5744,0.957187
17169,Schuyler County,Illinois,bchrrr,40.130099,-90.568807,1568603,40.13757,-90.5744,0.957187
17169,Schuyler County,Illinois,nsrdb,40.130099,-90.568807,835685,40.13,-90.58,0.951669
17171,Scott County,Illinois,wtk,39.645952,-90.462033,1575885,39.64913,-90.47272,0.980871
17171,Scott County,Illinois,bchrrr,39.645952,-90.462033,1575885,39.64913,-90.47272,0.980871
17171,Scott County,Illinois,nsrdb,39.645952,-90.462033,838571,39.65,-90.46,0.4826
17173,Shelby County,Illinois,wtk,39.399381,-88.800682,1661721,39.398537,-88.81207,0.983009
17173,Shelby County,Illinois,bchrrr,39.399381,-88.800682,1661721,39.398537,-88.81207,0.983009
17173,Shelby County,Illinois,nsrdb,39.399381,-88.800682,876947,39.41,-88.82,2.03693
17175,Stark County,Illinois,wtk,41.098392,-89.791957,1602814,41.099373,-89.79584,0.34317
17175,Stark County,Illinois,bchrrr,41.098392,-89.791957,1602814,41.099373,-89.79584,0.34317
17175,Stark County,Illinois,nsrdb,41.098392,-89.791957,854479,41.09,-89.78,1.36922
17177,Stephenson County,Illinois,wtk,42.324958,-89.643632,1604107,42.32075,-89.64224,0.481701
17177,Stephenson County,Illinois,bchrrr,42.324958,-89.643632,1604107,42.32075,-89.64224,0.481701
17177,Stephenson County,Illinois,nsrdb,42.324958,-89.643632,857250,42.33,-89.66,1.457699
17179,Tazewell County,Illinois,wtk,40.605153,-89.530189,1618781,40.59913,-89.52823,0.689847
17179,Tazewell County,Illinois,bchrrr,40.605153,-89.530189,1618781,40.59913,-89.52823,0.689847
17179,Tazewell County,Illinois,nsrdb,40.605153,-89.530189,860115,40.61,-89.54,0.988146
17181,Union County,Illinois,wtk,37.469028,-89.234292,1650609,37.461018,-89.24121,1.079859
17181,Union County,Illinois,bchrrr,37.469028,-89.234292,1650609,37.461018,-89.24121,1.079859
17181,Union County,Illinois,nsrdb,37.469028,-89.234292,867721,37.45,-89.22,2.463337
17183,Vermilion County,Illinois,wtk,40.151056,-87.655512,1714992,40.149628,-87.65094,0.419776
17183,Vermilion County,Illinois,bchrrr,40.151056,-87.655512,1714992,40.149628,-87.65094,0.419776
17183,Vermilion County,Illinois,nsrdb,40.151056,-87.655512,902620,40.17,-87.66,2.140727
17185,Wabash County,Illinois,wtk,38.431889,-87.788858,1719691,38.429142,-87.78546,0.425334
17185,Wabash County,Illinois,bchrrr,38.431889,-87.788858,1719691,38.429142,-87.78546,0.425334
17185,Wabash County,Illinois,nsrdb,38.431889,-87.788858,900059,38.45,-87.78,2.156567
17187,Warren County,Illinois,wtk,40.890677,-90.636735,1562560,40.884342,-90.63037,0.88459
17187,Warren County,Illinois,bchrrr,40.890677,-90.636735,1562560,40.884342,-90.63037,0.88459
17187,Warren County,Illinois,nsrdb,40.890677,-90.636735,834710,40.89,-90.62,1.408748
17189,Washington County,Illinois,wtk,38.360726,-89.395395,1637156,38.361164,-89.404175,0.767075
17189,Washington County,Illinois,bchrrr,38.360726,-89.395395,1637156,38.361164,-89.404175,0.767075
17189,Washington County,Illinois,nsrdb,38.360726,-89.395395,863955,38.37,-89.38,1.692613
17191,Wayne County,Illinois,wtk,38.408213,-88.421781,1687189,38.40468,-88.42868,0.718128
17191,Wayne County,Illinois,bchrrr,38.408213,-88.421781,1687189,38.40468,-88.42868,0.718128
17191,Wayne County,Illinois,nsrdb,38.408213,-88.421781,885995,38.41,-88.42,0.252122
17193,White County,Illinois,wtk,38.088919,-88.196404,1700458,38.090908,-88.20709,0.960986
17193,White County,Illinois,bchrrr,38.088919,-88.196404,1700458,38.090908,-88.20709,0.960986
17193,White County,Illinois,nsrdb,38.088919,-88.196404,891346,38.09,-88.18,1.440635
17195,Whiteside County,Illinois,wtk,41.781958,-89.825257,1597951,41.79049,-89.82385,0.955862
17195,Whiteside County,Illinois,bchrrr,41.781958,-89.825257,1597951,41.79049,-89.82385,0.955862
17195,Whiteside County,Illinois,nsrdb,41.781958,-89.825257,853530,41.77,-89.82,1.399308
17197,Will County,Illinois,wtk,41.565502,-88.058664,1686149,41.561543,-88.05243,0.680296
17197,Will County,Illinois,bchrrr,41.565502,-88.058664,1686149,41.561543,-88.05243,0.680296
17197,Will County,Illinois,nsrdb,41.565502,-88.058664,893902,41.57,-88.06,0.512356
17199,Williamson County,Illinois,wtk,37.754385,-88.976646,1662853,37.757687,-88.9751,0.391515
17199,Williamson County,Illinois,bchrrr,37.754385,-88.976646,1662853,37.757687,-88.9751,0.391515
17199,Williamson County,Illinois,nsrdb,37.754385,-88.976646,873303,37.77,-88.98,1.761166
17201,Winnebago County,Illinois,wtk,42.308321,-89.060439,1632444,42.303818,-89.06372,0.568781
17201,Winnebago County,Illinois,bchrrr,42.308321,-89.060439,1632444,42.303818,-89.06372,0.568781
17201,Winnebago County,Illinois,nsrdb,42.308321,-89.060439,871337,42.29,-89.06,2.037525
17203,Woodford County,Illinois,wtk,40.76916,-89.291645,1629895,40.77036,-89.288574,0.291011
17203,Woodford County,Illinois,bchrrr,40.76916,-89.291645,1629895,40.77036,-89.288574,0.291011
17203,Woodford County,Illinois,nsrdb,40.76916,-89.291645,865766,40.77,-89.3,0.70977
18001,Adams County,Indiana,wtk,40.749532,-84.934315,1839264,40.75671,-84.92529,1.102258
18001,Adams County,Indiana,bchrrr,40.749532,-84.934315,1839264,40.75671,-84.92529,1.102258
18001,Adams County,Indiana,nsrdb,40.749532,-84.934315,958308,40.73,-84.94,2.224049
18003,Allen County,Indiana,wtk,41.100847,-85.125202,1827134,41.097282,-85.13605,0.991671
18003,Allen County,Indiana,bchrrr,41.100847,-85.125202,1827134,41.097282,-85.13605,0.991671
18003,Allen County,Indiana,nsrdb,41.100847,-85.125202,954110,41.09,-85.14,1.729878
18005,Bartholomew County,Indiana,wtk,39.214993,-85.905288,1806676,39.21034,-85.90158,0.608069
18005,Bartholomew County,Indiana,bchrrr,39.214993,-85.905288,1806676,39.21034,-85.90158,0.608069
18005,Bartholomew County,Indiana,nsrdb,39.214993,-85.905288,938494,39.21,-85.9,0.718194
18007,Benton County,Indiana,wtk,40.576259,-87.291895,1729371,40.568676,-87.29834,1.003643
18007,Benton County,Indiana,bchrrr,40.576259,-87.291895,1729371,40.568676,-87.29834,1.003643
18007,Benton County,Indiana,nsrdb,40.576259,-87.291895,910212,40.57,-87.3,0.976214
18009,Blackford County,Indiana,wtk,40.46811,-85.345609,1822594,40.463383,-85.348145,0.567716
18009,Blackford County,Indiana,bchrrr,40.46811,-85.345609,1822594,40.463383,-85.348145,0.567716
18009,Blackford County,Indiana,nsrdb,40.46811,-85.345609,949999,40.45,-85.34,2.068903
18011,Boone County,Indiana,wtk,40.00465,-86.383298,1777839,40.00273,-86.3801,0.346089
18011,Boone County,Indiana,bchrrr,40.00465,-86.383298,1777839,40.00273,-86.3801,0.346089
18011,Boone County,Indiana,nsrdb,40.00465,-86.383298,928922,40.01,-86.38,0.657876
18013,Brown County,Indiana,wtk,39.236662,-86.208688,1791790,39.24016,-86.2099,0.402723
18013,Brown County,Indiana,bchrrr,39.236662,-86.208688,1791790,39.24016,-86.2099,0.402723
18013,Brown County,Indiana,nsrdb,39.236662,-86.208688,932065,39.25,-86.22,1.774435
18015,Carroll County,Indiana,wtk,40.579184,-86.601271,1762587,40.583843,-86.607605,0.744656
18015,Carroll County,Indiana,bchrrr,40.579184,-86.601271,1762587,40.583843,-86.607605,0.744656
18015,Carroll County,Indiana,nsrdb,40.579184,-86.601271,924166,40.57,-86.62,1.882842
18017,Cass County,Indiana,wtk,40.747128,-86.33902,1774363,40.746094,-86.3356,0.310202
18017,Cass County,Indiana,bchrrr,40.747128,-86.33902,1774363,40.746094,-86.3356,0.310202
18017,Cass County,Indiana,nsrdb,40.747128,-86.33902,929683,40.73,-86.34,1.906338
18019,Clark County,Indiana,wtk,38.373411,-85.732536,1821349,38.37244,-85.728,0.409904
18019,Clark County,Indiana,bchrrr,38.373411,-85.732536,1821349,38.37244,-85.728,0.409904
18019,Clark County,Indiana,nsrdb,38.373411,-85.732536,941815,38.37,-85.74,0.753163
18021,Clay County,Indiana,wtk,39.469326,-87.123966,1745967,39.471344,-87.11536,0.772046
18021,Clay County,Indiana,bchrrr,39.469326,-87.123966,1745967,39.471344,-87.11536,0.772046
18021,Clay County,Indiana,nsrdb,39.469326,-87.123966,913592,39.45,-87.14,2.552028
18023,Clinton County,Indiana,wtk,40.297795,-86.513571,1769639,40.294384,-86.50537,0.792221
18023,Clinton County,Indiana,bchrrr,40.297795,-86.513571,1769639,40.294384,-86.50537,0.792221
18023,Clinton County,Indiana,nsrdb,40.297795,-86.513571,926578,40.29,-86.5,1.440856
18025,Crawford County,Indiana,wtk,38.315741,-86.422119,1788253,38.310307,-86.42651,0.715449
18025,Crawford County,Indiana,bchrrr,38.315741,-86.422119,1788253,38.310307,-86.42651,0.715449
18025,Crawford County,Indiana,nsrdb,38.315741,-86.422119,928185,38.33,-86.42,1.59627
18027,Daviess County,Indiana,wtk,38.697523,-87.096105,1751852,38.706852,-87.10516,1.301347
18027,Daviess County,Indiana,bchrrr,38.697523,-87.096105,1751852,38.706852,-87.10516,1.301347
18027,Daviess County,Indiana,nsrdb,38.697523,-87.096105,914439,38.69,-87.1,0.90224
18029,Dearborn County,Indiana,wtk,39.146754,-84.920513,1852320,39.146973,-84.92462,0.355004
18029,Dearborn County,Indiana,bchrrr,39.146754,-84.920513,1852320,39.146973,-84.92462,0.355004
18029,Dearborn County,Indiana,nsrdb,39.146754,-84.920513,958348,39.13,-84.94,2.509038
18031,Decatur County,Indiana,wtk,39.320695,-85.493052,1824793,39.31924,-85.49753,0.417806
18031,Decatur County,Indiana,bchrrr,39.320695,-85.493052,1824793,39.31924,-85.49753,0.417806
18031,Decatur County,Indiana,nsrdb,39.320695,-85.493052,946736,39.33,-85.5,1.194871
18033,DeKalb County,Indiana,wtk,41.377158,-85.034524,1829374,41.368263,-85.03674,1.006217
18033,DeKalb County,Indiana,bchrrr,41.377158,-85.034524,1829374,41.368263,-85.03674,1.006217
18033,DeKalb County,Indiana,nsrdb,41.377158,-85.034524,956616,41.37,-85.02,1.449918
18035,Delaware County,Indiana,wtk,40.205241,-85.4029,1822580,40.20596,-85.39325,0.823401
18035,Delaware County,Indiana,bchrrr,40.205241,-85.4029,1822580,40.20596,-85.39325,0.823401
18035,Delaware County,Indiana,nsrdb,40.205241,-85.4029,948359,40.21,-85.42,1.54556
18037,Dubois County,Indiana,wtk,38.358686,-86.915652,1763645,38.355423,-86.91797,0.415327
18037,Dubois County,Indiana,bchrrr,38.358686,-86.915652,1763645,38.355423,-86.91797,0.415327
18037,Dubois County,Indiana,nsrdb,38.358686,-86.915652,918537,38.37,-86.9,1.856055
18039,Elkhart County,Indiana,wtk,41.637243,-85.905717,1787270,41.64257,-85.91434,0.929697
18039,Elkhart County,Indiana,bchrrr,41.637243,-85.905717,1787270,41.64257,-85.91434,0.929697
18039,Elkhart County,Indiana,nsrdb,41.637243,-85.905717,938433,41.65,-85.9,1.495949
18041,Fayette County,Indiana,wtk,39.64038,-85.147246,1838105,39.63852,-85.15149,0.418139
18041,Fayette County,Indiana,bchrrr,39.64038,-85.147246,1838105,39.63852,-85.15149,0.418139
18041,Fayette County,Indiana,nsrdb,39.64038,-85.147246,954146,39.65,-85.14,1.236593
18043,Floyd County,Indiana,wtk,38.322226,-85.8579,1815690,38.329193,-85.85388,0.850368
18043,Floyd County,Indiana,bchrrr,38.322226,-85.8579,1815690,38.329193,-85.85388,0.850368
18043,Floyd County,Indiana,nsrdb,38.322226,-85.8579,939338,38.33,-85.86,0.883628
18045,Fountain County,Indiana,wtk,40.14941,-87.274347,1732925,40.156918,-87.283875,1.163063
18045,Fountain County,Indiana,bchrrr,40.14941,-87.274347,1732925,40.156918,-87.283875,1.163063
18045,Fountain County,Indiana,nsrdb,40.14941,-87.274347,911069,40.13,-87.26,2.479035
18047,Franklin County,Indiana,wtk,39.398518,-85.070972,1843583,39.405716,-85.071594,0.802164
18047,Franklin County,Indiana,bchrrr,39.398518,-85.070972,1843583,39.405716,-85.071594,0.802164
18047,Franklin County,Indiana,nsrdb,39.398518,-85.070972,955828,39.41,-85.06,1.587059
18049,Fulton County,Indiana,wtk,41.059341,-86.217159,1777896,41.052635,-86.21185,0.868442
18049,Fulton County,Indiana,bchrrr,41.059341,-86.217159,1777896,41.052635,-86.21185,0.868442
18049,Fulton County,Indiana,nsrdb,41.059341,-86.217159,932020,41.05,-86.22,1.065641
18051,Gibson County,Indiana,wtk,38.305849,-87.549426,1732824,38.297714,-87.54227,1.099171
18051,Gibson County,Indiana,bchrrr,38.305849,-87.549426,1732824,38.297714,-87.54227,1.099171
18051,Gibson County,Indiana,nsrdb,38.305849,-87.549426,905232,38.29,-87.54,1.944846
18053,Grant County,Indiana,wtk,40.525257,-85.644204,1809014,40.529312,-85.63202,1.124168
18053,Grant County,Indiana,bchrrr,40.525257,-85.644204,1809014,40.529312,-85.63202,1.124168
18053,Grant County,Indiana,nsrdb,40.525257,-85.644204,943417,40.53,-85.66,1.435452
18055,Greene County,Indiana,wtk,39.052523,-86.994181,1755420,39.050003,-86.98392,0.929312
18055,Greene County,Indiana,bchrrr,39.052523,-86.994181,1755420,39.050003,-86.98392,0.929312
18055,Greene County,Indiana,nsrdb,39.052523,-86.994181,916891,39.05,-86.98,1.256285
18057,Hamilton County,Indiana,wtk,40.001504,-86.057619,1792991,40.010178,-86.06186,1.029928
18057,Hamilton County,Indiana,bchrrr,40.001504,-86.057619,1792991,40.010178,-86.06186,1.029928
18057,Hamilton County,Indiana,nsrdb,40.001504,-86.057619,935208,40.01,-86.06,0.966235
18059,Hancock County,Indiana,wtk,39.815266,-85.829632,1805574,39.819103,-85.82535,0.561947
18059,Hancock County,Indiana,bchrrr,39.815266,-85.829632,1805574,39.819103,-85.82535,0.561947
18059,Hancock County,Indiana,nsrdb,39.815266,-85.829632,940126,39.81,-85.82,1.009809
18061,Harrison County,Indiana,wtk,38.234175,-86.098179,1804352,38.24225,-86.1051,1.082405
18061,Harrison County,Indiana,bchrrr,38.234175,-86.098179,1804352,38.24225,-86.1051,1.082405
18061,Harrison County,Indiana,nsrdb,38.234175,-86.098179,934454,38.25,-86.1,1.766834
18063,Hendricks County,Indiana,wtk,39.773156,-86.411066,1777827,39.781887,-86.414764,1.020984
18063,Hendricks County,Indiana,bchrrr,39.773156,-86.411066,1777827,39.781887,-86.414764,1.020984
18063,Hendricks County,Indiana,nsrdb,39.773156,-86.411066,928149,39.77,-86.42,0.840326
18065,Henry County,Indiana,wtk,39.928844,-85.403735,1824826,39.925373,-85.39319,0.978518
18065,Henry County,Indiana,bchrrr,39.928844,-85.403735,1824826,39.925373,-85.39319,0.978518
18065,Henry County,Indiana,nsrdb,39.928844,-85.403735,948366,39.93,-85.42,1.392834
18067,Howard County,Indiana,wtk,40.470296,-86.13356,1786041,40.46564,-86.13461,0.525289
18067,Howard County,Indiana,bchrrr,40.470296,-86.13356,1786041,40.46564,-86.13461,0.525289
18067,Howard County,Indiana,nsrdb,40.470296,-86.13356,933601,40.49,-86.14,2.257678
18069,Huntington County,Indiana,wtk,40.869855,-85.486179,1813562,40.869316,-85.47443,0.989741
18069,Huntington County,Indiana,bchrrr,40.869855,-85.486179,1813562,40.869316,-85.47443,0.989741
18069,Huntington County,Indiana,nsrdb,40.869855,-85.486179,946698,40.85,-85.5,2.495049
18071,Jackson County,Indiana,wtk,38.928706,-85.936318,1806661,38.934887,-85.94647,1.115117
18071,Jackson County,Indiana,bchrrr,38.928706,-85.936318,1806661,38.934887,-85.94647,1.115117
18071,Jackson County,Indiana,nsrdb,38.928706,-85.936318,937680,38.93,-85.94,0.34949
18073,Jasper County,Indiana,wtk,41.082456,-87.150611,1732975,41.079254,-87.150055,0.359084
18073,Jasper County,Indiana,bchrrr,41.082456,-87.150611,1732975,41.079254,-87.150055,0.359084
18073,Jasper County,Indiana,nsrdb,41.082456,-87.150611,913551,41.09,-87.14,1.222518
18075,Jay County,Indiana,wtk,40.430768,-85.028662,1837051,40.430927,-85.03409,0.459769
18075,Jay County,Indiana,bchrrr,40.430768,-85.028662,1837051,40.430927,-85.03409,0.459769
18075,Jay County,Indiana,nsrdb,40.430768,-85.028662,956639,40.45,-85.02,2.260656
18077,Jefferson County,Indiana,wtk,38.758697,-85.433134,1832555,38.7518,-85.425995,0.985581
18077,Jefferson County,Indiana,bchrrr,38.758697,-85.433134,1832555,38.7518,-85.425995,0.985581
18077,Jefferson County,Indiana,nsrdb,38.758697,-85.433134,948395,38.77,-85.42,1.695988
18079,Jennings County,Indiana,wtk,39.005522,-85.649697,1820251,38.998447,-85.64804,0.799629
18079,Jennings County,Indiana,bchrrr,39.005522,-85.649697,1820251,38.998447,-85.64804,0.799629
18079,Jennings County,Indiana,nsrdb,39.005522,-85.649697,943455,39.01,-85.66,1.020026
18081,Johnson County,Indiana,wtk,39.555914,-86.115212,1794122,39.54809,-86.112366,0.903561
18081,Johnson County,Indiana,bchrrr,39.555914,-86.115212,1794122,39.54809,-86.112366,0.903561
18081,Johnson County,Indiana,nsrdb,39.555914,-86.115212,934421,39.57,-86.1,2.038074
18083,Knox County,Indiana,wtk,38.699309,-87.45478,1734037,38.700214,-87.463745,0.784467
18083,Knox County,Indiana,bchrrr,38.699309,-87.45478,1734037,38.700214,-87.463745,0.784467
18083,Knox County,Indiana,nsrdb,38.699309,-87.45478,906901,38.69,-87.46,1.129909
18085,Kosciusko County,Indiana,wtk,41.267851,-85.830483,1794215,41.259884,-85.829346,0.890974
18085,Kosciusko County,Indiana,bchrrr,41.267851,-85.830483,1794215,41.259884,-85.829346,0.890974
18085,Kosciusko County,Indiana,nsrdb,41.267851,-85.830483,940090,41.25,-85.82,2.169757
18087,LaGrange County,Indiana,wtk,41.632875,-85.467288,1807941,41.63647,-85.46405,0.481884
18087,LaGrange County,Indiana,bchrrr,41.632875,-85.467288,1807941,41.63647,-85.46405,0.481884
18087,LaGrange County,Indiana,nsrdb,41.632875,-85.467288,947500,41.65,-85.46,1.998202
18089,Lake County,Indiana,wtk,41.518995,-87.407523,1717463,41.511738,-87.41046,0.843181
18089,Lake County,Indiana,bchrrr,41.518995,-87.407523,1717463,41.511738,-87.41046,0.843181
18089,Lake County,Indiana,nsrdb,41.518995,-87.407523,907670,41.53,-87.42,1.605095
18091,LaPorte County,Indiana,wtk,41.632277,-86.791243,1746084,41.628487,-86.79324,0.452935
18091,LaPorte County,Indiana,bchrrr,41.632277,-86.791243,1746084,41.628487,-86.79324,0.452935
18091,LaPorte County,Indiana,nsrdb,41.632277,-86.791243,920894,41.65,-86.78,2.180956
18093,Lawrence County,Indiana,wtk,38.847818,-86.495957,1781285,38.83758,-86.48871,1.299969
18093,Lawrence County,Indiana,bchrrr,38.847818,-86.495957,1781285,38.83758,-86.48871,1.299969
18093,Lawrence County,Indiana,nsrdb,38.847818,-86.495957,926614,38.85,-86.5,0.425972
18095,Madison County,Indiana,wtk,40.113496,-85.708804,1808991,40.106224,-85.70404,0.90443
18095,Madison County,Indiana,bchrrr,40.113496,-85.708804,1808991,40.106224,-85.70404,0.90443
18095,Madison County,Indiana,nsrdb,40.113496,-85.708804,942599,40.13,-85.7,1.981972
18097,Marion County,Indiana,wtk,39.788894,-86.13626,1790659,39.793987,-86.14557,0.976447
18097,Marion County,Indiana,bchrrr,39.788894,-86.13626,1790659,39.793987,-86.14557,0.976447
18097,Marion County,Indiana,nsrdb,39.788894,-86.13626,933619,39.77,-86.14,2.12509
18099,Marshall County,Indiana,wtk,41.347653,-86.272234,1773221,41.338203,-86.26483,1.219104
18099,Marshall County,Indiana,bchrrr,41.347653,-86.272234,1773221,41.338203,-86.26483,1.219104
18099,Marshall County,Indiana,nsrdb,41.347653,-86.272234,931231,41.33,-86.26,2.212759
18101,Martin County,Indiana,wtk,38.679659,-86.850515,1764841,38.683968,-86.84613,0.611925
18101,Martin County,Indiana,bchrrr,38.679659,-86.850515,1764841,38.683968,-86.84613,0.611925
18101,Martin County,Indiana,nsrdb,38.679659,-86.850515,919345,38.69,-86.86,1.414211
18103,Miami County,Indiana,wtk,40.729383,-86.076116,1787220,40.721176,-86.06818,1.131386
18103,Miami County,Indiana,bchrrr,40.729383,-86.076116,1787220,40.721176,-86.06818,1.131386
18103,Miami County,Indiana,nsrdb,40.729383,-86.076116,935190,40.73,-86.06,1.359718
18105,Monroe County,Indiana,wtk,39.162276,-86.538576,1776621,39.158745,-86.5354,0.478687
18105,Monroe County,Indiana,bchrrr,39.162276,-86.538576,1776621,39.158745,-86.5354,0.478687
18105,Monroe County,Indiana,nsrdb,39.162276,-86.538576,925809,39.17,-86.54,0.8676
18107,Montgomery County,Indiana,wtk,40.034525,-86.900585,1751924,40.03186,-86.911896,1.007569
18107,Montgomery County,Indiana,bchrrr,40.034525,-86.900585,1751924,40.03186,-86.911896,1.007569
18107,Montgomery County,Indiana,nsrdb,40.034525,-86.900585,918495,40.05,-86.9,1.721464
18109,Morgan County,Indiana,wtk,39.512922,-86.399113,1780153,39.51991,-86.40723,1.043353
18109,Morgan County,Indiana,bchrrr,39.512922,-86.399113,1780153,39.51991,-86.40723,1.043353
18109,Morgan County,Indiana,nsrdb,39.512922,-86.399113,928934,39.53,-86.38,2.508747
18111,Newton County,Indiana,wtk,40.999168,-87.380448,1722225,41.005146,-87.38373,0.719522
18111,Newton County,Indiana,bchrrr,40.999168,-87.380448,1722225,41.005146,-87.38373,0.719522
18111,Newton County,Indiana,nsrdb,40.999168,-87.380448,908523,41.01,-87.38,1.205052
18113,Noble County,Indiana,wtk,41.415845,-85.388963,1813592,41.421616,-85.377014,1.185127
18113,Noble County,Indiana,bchrrr,41.415845,-85.388963,1813592,41.421616,-85.377014,1.185127
18113,Noble County,Indiana,nsrdb,41.415845,-85.388963,949152,41.41,-85.38,0.990498
18115,Ohio County,Indiana,wtk,38.954377,-84.90998,1854480,38.958546,-84.91031,0.46445
18115,Ohio County,Indiana,bchrrr,38.954377,-84.90998,1854480,38.958546,-84.91031,0.46445
18115,Ohio County,Indiana,nsrdb,38.954377,-84.90998,959188,38.97,-84.9,1.939698
18117,Orange County,Indiana,wtk,38.562248,-86.495956,1782438,38.5599,-86.50726,1.01695
18117,Orange County,Indiana,bchrrr,38.562248,-86.495956,1782438,38.5599,-86.50726,1.01695
18117,Orange County,Indiana,nsrdb,38.562248,-86.495956,926621,38.57,-86.5,0.930933
18119,Owen County,Indiana,wtk,39.314581,-86.798174,1762518,39.313305,-86.80087,0.271894
18119,Owen County,Indiana,bchrrr,39.314581,-86.798174,1762518,39.313305,-86.80087,0.271894
18119,Owen County,Indiana,nsrdb,39.314581,-86.798174,920952,39.33,-86.78,2.320248
18121,Parke County,Indiana,wtk,39.75788,-87.225235,1738855,39.75982,-87.219055,0.570616
18121,Parke County,Indiana,bchrrr,39.75788,-87.225235,1738855,39.75982,-87.219055,0.570616
18121,Parke County,Indiana,nsrdb,39.75788,-87.225235,911921,39.77,-87.22,1.420025
18123,Perry County,Indiana,wtk,38.008613,-86.70544,1776558,38.00177,-86.70953,0.841069
18123,Perry County,Indiana,bchrrr,38.008613,-86.70544,1776558,38.00177,-86.70953,0.841069
18123,Perry County,Indiana,nsrdb,38.008613,-86.70544,922609,38.01,-86.7,0.500941
18125,Pike County,Indiana,wtk,38.427008,-87.233128,1747096,38.420933,-87.240814,0.951116
18125,Pike County,Indiana,bchrrr,38.427008,-87.233128,1747096,38.420933,-87.240814,0.951116
18125,Pike County,Indiana,nsrdb,38.427008,-87.233128,911955,38.41,-87.22,2.210147
18127,Porter County,Indiana,wtk,41.513977,-87.104337,1731806,41.505924,-87.111786,1.089293
18127,Porter County,Indiana,bchrrr,41.513977,-87.104337,1731806,41.505924,-87.111786,1.089293
18127,Porter County,Indiana,nsrdb,41.513977,-87.104337,914368,41.53,-87.1,1.817896
18129,Posey County,Indiana,wtk,38.012717,-87.819837,1720865,38.0045,-87.81738,0.938706
18129,Posey County,Indiana,bchrrr,38.012717,-87.819837,1720865,38.0045,-87.81738,0.938706
18129,Posey County,Indiana,nsrdb,38.012717,-87.819837,899201,38.01,-87.82,0.302454
18131,Pulaski County,Indiana,wtk,41.051366,-86.68479,1755529,41.05776,-86.68228,0.741478
18131,Pulaski County,Indiana,bchrrr,41.051366,-86.68479,1755529,41.05776,-86.68228,0.741478
18131,Pulaski County,Indiana,nsrdb,41.051366,-86.68479,922533,41.05,-86.7,1.284454
18133,Putnam County,Indiana,wtk,39.64645,-86.834287,1758997,39.650906,-86.82294,1.090555
18133,Putnam County,Indiana,bchrrr,39.64645,-86.834287,1758997,39.650906,-86.82294,1.090555
18133,Putnam County,Indiana,nsrdb,39.64645,-86.834287,920133,39.65,-86.82,1.285335
18135,Randolph County,Indiana,wtk,40.169494,-84.996902,1840331,40.166065,-85.00836,1.045594
18135,Randolph County,Indiana,bchrrr,40.169494,-84.996902,1840331,40.166065,-85.00836,1.045594
18135,Randolph County,Indiana,nsrdb,40.169494,-84.996902,957484,40.17,-84.98,1.437235
18137,Ripley County,Indiana,wtk,39.160656,-85.219293,1839177,39.158875,-85.21167,0.686438
18137,Ripley County,Indiana,bchrrr,39.160656,-85.219293,1839177,39.158875,-85.21167,0.686438
18137,Ripley County,Indiana,nsrdb,39.160656,-85.219293,952505,39.17,-85.22,1.040793
18139,Rush County,Indiana,wtk,39.622092,-85.475685,1823679,39.615482,-85.47107,0.834554
18139,Rush County,Indiana,bchrrr,39.622092,-85.475685,1823679,39.615482,-85.47107,0.834554
18139,Rush County,Indiana,nsrdb,39.622092,-85.475685,947551,39.61,-85.46,1.900779
18141,St. Joseph County,Indiana,wtk,41.676421,-86.227059,1772065,41.672447,-86.23523,0.809832
18141,St. Joseph County,Indiana,bchrrr,41.676421,-86.227059,1772065,41.672447,-86.23523,0.809832
18141,St. Joseph County,Indiana,nsrdb,41.676421,-86.227059,932004,41.69,-86.22,1.61972
18143,Scott County,Indiana,wtk,38.697942,-85.7641,1816842,38.69363,-85.77048,0.732439
18143,Scott County,Indiana,bchrrr,38.697942,-85.7641,1816842,38.69363,-85.77048,0.732439
18143,Scott County,Indiana,nsrdb,38.697942,-85.7641,940980,38.69,-85.78,1.63831
18145,Shelby County,Indiana,wtk,39.535018,-85.790076,1808960,39.536346,-85.79953,0.824083
18145,Shelby County,Indiana,bchrrr,39.535018,-85.790076,1808960,39.536346,-85.79953,0.824083
18145,Shelby County,Indiana,nsrdb,39.535018,-85.790076,940959,39.53,-85.78,1.028616
18147,Spencer County,Indiana,wtk,38.019171,-87.008932,1761268,38.010765,-87.01495,1.073137
18147,Spencer County,Indiana,bchrrr,38.019171,-87.008932,1761268,38.010765,-87.01495,1.073137
18147,Spencer County,Indiana,nsrdb,38.019171,-87.008932,916104,38.01,-87.02,1.407156
18149,Starke County,Indiana,wtk,41.281735,-86.632673,1756723,41.27696,-86.62329,0.946936
18149,Starke County,Indiana,bchrrr,41.281735,-86.632673,1756723,41.27696,-86.62329,0.946936
18149,Starke County,Indiana,nsrdb,41.281735,-86.632673,924148,41.29,-86.62,1.402093
18151,Steuben County,Indiana,wtk,41.650009,-85.010958,1828278,41.646893,-85.01047,0.348848
18151,Steuben County,Indiana,bchrrr,41.650009,-85.010958,1828278,41.646893,-85.01047,0.348848
18151,Steuben County,Indiana,nsrdb,41.650009,-85.010958,956609,41.65,-85.02,0.751273
18153,Sullivan County,Indiana,wtk,39.103782,-87.393179,1735250,39.102978,-87.384186,0.781125
18153,Sullivan County,Indiana,bchrrr,39.103782,-87.393179,1735250,39.102978,-87.384186,0.781125
18153,Sullivan County,Indiana,nsrdb,39.103782,-87.393179,908571,39.09,-87.38,1.908397
18155,Switzerland County,Indiana,wtk,38.81698,-85.023647,1850121,38.822094,-85.03061,0.829012
18155,Switzerland County,Indiana,bchrrr,38.81698,-85.023647,1850121,38.822094,-85.03061,0.829012
18155,Switzerland County,Indiana,nsrdb,38.81698,-85.023647,956680,38.81,-85.02,0.837999
18157,Tippecanoe County,Indiana,wtk,40.418694,-86.886975,1750761,40.420933,-86.87814,0.788271
18157,Tippecanoe County,Indiana,bchrrr,40.418694,-86.886975,1750761,40.420933,-86.87814,0.788271
18157,Tippecanoe County,Indiana,nsrdb,40.418694,-86.886975,918486,40.41,-86.9,1.466473
18159,Tipton County,Indiana,wtk,40.307544,-86.051283,1790687,40.3092,-86.06195,0.923056
18159,Tipton County,Indiana,bchrrr,40.307544,-86.051283,1790687,40.3092,-86.06195,0.923056
18159,Tipton County,Indiana,nsrdb,40.307544,-86.051283,935201,40.29,-86.06,2.08618
18161,Union County,Indiana,wtk,39.618362,-84.919474,1849071,39.613216,-84.91321,0.784424
18161,Union County,Indiana,bchrrr,39.618362,-84.919474,1849071,39.613216,-84.91321,0.784424
18161,Union County,Indiana,nsrdb,39.618362,-84.919474,959172,39.61,-84.9,1.909774
18163,Vanderburgh County,Indiana,wtk,37.998233,-87.549607,1733999,38.001816,-87.5585,0.875175
18163,Vanderburgh County,Indiana,bchrrr,37.998233,-87.549607,1733999,38.001816,-87.5585,0.875175
18163,Vanderburgh County,Indiana,nsrdb,37.998233,-87.549607,905239,38.01,-87.54,1.555806
18165,Vermillion County,Indiana,wtk,39.759935,-87.439044,1728134,39.759422,-87.43738,0.15325
18165,Vermillion County,Indiana,bchrrr,39.759935,-87.439044,1728134,39.759422,-87.43738,0.15325
18165,Vermillion County,Indiana,nsrdb,39.759935,-87.439044,907714,39.77,-87.42,1.975377
18167,Vigo County,Indiana,wtk,39.460457,-87.386904,1732887,39.456753,-87.382935,0.534549
18167,Vigo County,Indiana,bchrrr,39.460457,-87.386904,1732887,39.456753,-87.382935,0.534549
18167,Vigo County,Indiana,nsrdb,39.460457,-87.386904,908562,39.45,-87.38,1.305136
18169,Wabash County,Indiana,wtk,40.855768,-85.804211,1798790,40.863647,-85.79724,1.054159
18169,Wabash County,Indiana,bchrrr,40.855768,-85.804211,1798790,40.863647,-85.79724,1.054159
18169,Wabash County,Indiana,nsrdb,40.855768,-85.804211,940100,40.85,-85.82,1.474738
18171,Warren County,Indiana,wtk,40.312721,-87.325339,1729357,40.310455,-87.3353,0.881381
18171,Warren County,Indiana,bchrrr,40.312721,-87.325339,1729357,40.310455,-87.3353,0.881381
18171,Warren County,Indiana,nsrdb,40.312721,-87.325339,909379,40.33,-87.34,2.288324
18173,Warrick County,Indiana,wtk,38.011051,-87.355582,1744700,38.00248,-87.34625,1.255713
18173,Warrick County,Indiana,bchrrr,38.011051,-87.355582,1744700,38.00248,-87.34625,1.255713
18173,Warrick County,Indiana,nsrdb,38.011051,-87.355582,909437,38.01,-87.34,1.370137
18175,Washington County,Indiana,wtk,38.573356,-86.084538,1803232,38.574707,-86.07611,0.747911
18175,Washington County,Indiana,bchrrr,38.573356,-86.084538,1803232,38.574707,-86.07611,0.747911
18175,Washington County,Indiana,nsrdb,38.573356,-86.084538,934446,38.57,-86.1,1.395035
18177,Wayne County,Indiana,wtk,39.843304,-84.948686,1845799,39.841137,-84.94495,0.399753
18177,Wayne County,Indiana,bchrrr,39.843304,-84.948686,1845799,39.841137,-84.94495,0.399753
18177,Wayne County,Indiana,nsrdb,39.843304,-84.948686,958330,39.85,-84.94,1.050832
18179,Wells County,Indiana,wtk,40.770771,-85.192981,1827116,40.76613,-85.19571,0.564917
18179,Wells County,Indiana,bchrrr,40.770771,-85.192981,1827116,40.76613,-85.19571,0.564917
18179,Wells County,Indiana,nsrdb,40.770771,-85.192981,953292,40.77,-85.18,1.096508
18181,White County,Indiana,wtk,40.753582,-86.80993,1751963,40.75067,-86.80365,0.620227
18181,White County,Indiana,bchrrr,40.753582,-86.80993,1751963,40.75067,-86.80365,0.620227
18181,White County,Indiana,nsrdb,40.753582,-86.80993,920105,40.77,-86.82,2.01299
18183,Whitley County,Indiana,wtk,41.163049,-85.477983,1811312,41.16872,-85.47162,0.825435
18183,Whitley County,Indiana,bchrrr,41.163049,-85.477983,1811312,41.16872,-85.47162,0.825435
18183,Whitley County,Indiana,nsrdb,41.163049,-85.477983,947512,41.17,-85.46,1.69215
19001,Adair County,Iowa,wtk,41.347727,-94.478342,1371084,41.34388,-94.47815,0.428068
19001,Adair County,Iowa,bchrrr,41.347727,-94.478342,1371084,41.34388,-94.47815,0.428068
19001,Adair County,Iowa,nsrdb,41.347727,-94.478342,753614,41.33,-94.46,2.496076
19003,Adams County,Iowa,wtk,41.007206,-94.708808,1359917,41.012554,-94.70801,0.598429
19003,Adams County,Iowa,bchrrr,41.007206,-94.708808,1359917,41.012554,-94.70801,0.598429
19003,Adams County,Iowa,nsrdb,41.007206,-94.708808,748621,41.01,-94.7,0.801715
19005,Allamakee County,Iowa,wtk,43.252971,-91.424666,1514031,43.249935,-91.43622,0.994784
19005,Allamakee County,Iowa,bchrrr,43.252971,-91.424666,1514031,43.249935,-91.43622,0.994784
19005,Allamakee County,Iowa,nsrdb,43.252971,-91.424666,816562,43.25,-91.42,0.50194
19007,Appanoose County,Iowa,wtk,40.741263,-92.864736,1452399,40.73289,-92.87607,1.333689
19007,Appanoose County,Iowa,bchrrr,40.741263,-92.864736,1452399,40.73289,-92.87607,1.333689
19007,Appanoose County,Iowa,nsrdb,40.741263,-92.864736,786287,40.73,-92.86,1.314424
19009,Audubon County,Iowa,wtk,41.675889,-94.925447,1348731,41.683735,-94.91748,1.094954
19009,Audubon County,Iowa,bchrrr,41.675889,-94.925447,1348731,41.683735,-94.91748,1.094954
19009,Audubon County,Iowa,nsrdb,41.675889,-94.925447,743527,41.69,-94.94,1.98055
19011,Benton County,Iowa,wtk,42.063318,-92.013224,1491119,42.061333,-92.00397,0.795193
19011,Benton County,Iowa,bchrrr,42.063318,-92.013224,1491119,42.061333,-92.00397,0.795193
19011,Benton County,Iowa,nsrdb,42.063318,-92.013224,803627,42.05,-92.02,1.58304
19013,Black Hawk County,Iowa,wtk,42.490203,-92.371823,1471937,42.484146,-92.379364,0.914314
19013,Black Hawk County,Iowa,bchrrr,42.490203,-92.371823,1471937,42.484146,-92.379364,0.914314
19013,Black Hawk County,Iowa,nsrdb,42.490203,-92.371823,796188,42.49,-92.38,0.67085
19015,Boone County,Iowa,wtk,42.026244,-93.892234,1399504,42.021645,-93.88504,0.783992
19015,Boone County,Iowa,bchrrr,42.026244,-93.892234,1399504,42.021645,-93.88504,0.783992
19015,Boone County,Iowa,nsrdb,42.026244,-93.892234,764911,42.01,-93.9,1.916805
19017,Bremer County,Iowa,wtk,42.740346,-92.380644,1470740,42.74516,-92.38864,0.844342
19017,Bremer County,Iowa,bchrrr,42.740346,-92.380644,1470740,42.74516,-92.38864,0.844342
19017,Bremer County,Iowa,nsrdb,42.740346,-92.380644,796182,42.73,-92.38,1.151626
19019,Buchanan County,Iowa,wtk,42.485131,-91.901151,1494732,42.48569,-91.899475,0.150836
19019,Buchanan County,Iowa,bchrrr,42.485131,-91.901151,1494732,42.48569,-91.899475,0.150836
19019,Buchanan County,Iowa,nsrdb,42.485131,-91.901151,806134,42.49,-91.9,0.549574
19021,Buena Vista County,Iowa,wtk,42.676706,-95.184276,1334791,42.67162,-95.17764,0.783679
19021,Buena Vista County,Iowa,bchrrr,42.676706,-95.184276,1334791,42.67162,-95.17764,0.783679
19021,Buena Vista County,Iowa,nsrdb,42.676706,-95.184276,738364,42.69,-95.18,1.518987
19023,Butler County,Iowa,wtk,42.701602,-92.758281,1453724,42.700558,-92.74609,1.002959
19023,Butler County,Iowa,bchrrr,42.701602,-92.758281,1453724,42.700558,-92.74609,1.002959
19023,Butler County,Iowa,nsrdb,42.701602,-92.758281,788730,42.69,-92.74,1.973922
19025,Calhoun County,Iowa,wtk,42.39777,-94.623136,1362470,42.40561,-94.62714,0.931704
19025,Calhoun County,Iowa,bchrrr,42.39777,-94.623136,1362470,42.40561,-94.62714,0.931704
19025,Calhoun County,Iowa,nsrdb,42.39777,-94.623136,750270,42.41,-94.62,1.384078
19027,Carroll County,Iowa,wtk,42.039464,-94.867705,1351269,42.03637,-94.86099,0.652606
19027,Carroll County,Iowa,bchrrr,42.039464,-94.867705,1351269,42.03637,-94.86099,0.652606
19027,Carroll County,Iowa,nsrdb,42.039464,-94.867705,745215,42.05,-94.86,1.33317
19029,Cass County,Iowa,wtk,41.366511,-94.977671,1346181,41.36837,-94.97266,0.466472
19029,Cass County,Iowa,bchrrr,41.366511,-94.977671,1346181,41.36837,-94.97266,0.466472
19029,Cass County,Iowa,nsrdb,41.366511,-94.977671,742682,41.37,-94.98,0.433919
19031,Cedar County,Iowa,wtk,41.756005,-91.140417,1533384,41.765556,-91.1503,1.341589
19031,Cedar County,Iowa,bchrrr,41.756005,-91.140417,1533384,41.765556,-91.1503,1.341589
19031,Cedar County,Iowa,nsrdb,41.756005,-91.140417,822825,41.77,-91.14,1.556559
19033,Cerro Gordo County,Iowa,wtk,43.135215,-93.246094,1427932,43.142868,-93.25748,1.256045
19033,Cerro Gordo County,Iowa,bchrrr,43.135215,-93.246094,1427932,43.142868,-93.25748,1.256045
19033,Cerro Gordo County,Iowa,nsrdb,43.135215,-93.246094,777946,43.13,-93.26,1.26871
19035,Cherokee County,Iowa,wtk,42.751226,-95.591945,1314691,42.748337,-95.58197,0.875554
19035,Cherokee County,Iowa,bchrrr,42.751226,-95.591945,1314691,42.748337,-95.58197,0.875554
19035,Cherokee County,Iowa,nsrdb,42.751226,-95.591945,729705,42.77,-95.58,2.304116
19037,Chickasaw County,Iowa,wtk,43.038731,-92.342818,1471967,43.041733,-92.34482,0.371348
19037,Chickasaw County,Iowa,bchrrr,43.038731,-92.342818,1471967,43.041733,-92.34482,0.371348
19037,Chickasaw County,Iowa,nsrdb,43.038731,-92.342818,796998,43.05,-92.34,1.273811
19039,Clarke County,Iowa,wtk,41.034765,-93.783471,1406827,41.034184,-93.77185,0.976863
19039,Clarke County,Iowa,bchrrr,41.034765,-93.783471,1406827,41.034184,-93.77185,0.976863
19039,Clarke County,Iowa,nsrdb,41.034765,-93.783471,767371,41.05,-93.78,1.718886
19041,Clay County,Iowa,wtk,43.127356,-95.159334,1334816,43.136784,-95.17108,1.416881
19041,Clay County,Iowa,bchrrr,43.127356,-95.159334,1334816,43.136784,-95.17108,1.416881
19041,Clay County,Iowa,nsrdb,43.127356,-95.159334,739214,43.13,-95.14,1.596308
19043,Clayton County,Iowa,wtk,42.860683,-91.321185,1521302,42.853336,-91.314514,0.981371
19043,Clayton County,Iowa,bchrrr,42.860683,-91.321185,1521302,42.853336,-91.314514,0.981371
19043,Clayton County,Iowa,nsrdb,42.860683,-91.321185,818344,42.85,-91.34,1.939923
19045,Clinton County,Iowa,wtk,41.85214,-90.341188,1572350,41.85638,-90.34253,0.484392
19045,Clinton County,Iowa,bchrrr,41.85214,-90.341188,1572350,41.85638,-90.34253,0.484392
19045,Clinton County,Iowa,nsrdb,41.85214,-90.341188,841387,41.85,-90.34,0.2575
19047,Crawford County,Iowa,wtk,42.026696,-95.357453,1325938,42.021904,-95.36182,0.643466
19047,Crawford County,Iowa,bchrrr,42.026696,-95.357453,1325938,42.021904,-95.36182,0.643466
19047,Crawford County,Iowa,nsrdb,42.026696,-95.357453,734930,42.01,-95.34,2.350621
19049,Dallas County,Iowa,wtk,41.63071,-93.900601,1399483,41.631428,-93.8988,0.169645
19049,Dallas County,Iowa,bchrrr,41.63071,-93.900601,1399483,41.631428,-93.8988,0.169645
19049,Dallas County,Iowa,nsrdb,41.63071,-93.900601,764920,41.65,-93.9,2.145534
19051,Davis County,Iowa,wtk,40.762552,-92.418319,1475458,40.7552,-92.408936,1.13705
19051,Davis County,Iowa,bchrrr,40.762552,-92.418319,1475458,40.7552,-92.408936,1.13705
19051,Davis County,Iowa,nsrdb,40.762552,-92.418319,795406,40.77,-92.42,0.840194
19053,Decatur County,Iowa,wtk,40.7123,-93.817087,1405580,40.719204,-93.80789,1.090953
19053,Decatur County,Iowa,bchrrr,40.7123,-93.817087,1405580,40.719204,-93.80789,1.090953
19053,Decatur County,Iowa,nsrdb,40.7123,-93.817087,766566,40.73,-93.82,1.983404
19055,Delaware County,Iowa,wtk,42.48163,-91.383944,1518848,42.48406,-91.39438,0.897438
19055,Delaware County,Iowa,bchrrr,42.48163,-91.383944,1518848,42.48406,-91.39438,0.897438
19055,Delaware County,Iowa,nsrdb,42.48163,-91.383944,817466,42.49,-91.38,0.985292
19057,Des Moines County,Iowa,wtk,40.83528,-91.143273,1536980,40.835094,-91.15106,0.655443
19057,Des Moines County,Iowa,bchrrr,40.83528,-91.143273,1536980,40.835094,-91.15106,0.655443
19057,Des Moines County,Iowa,nsrdb,40.83528,-91.143273,822848,40.85,-91.14,1.659786
19059,Dickinson County,Iowa,wtk,43.388953,-95.13457,1336104,43.397152,-95.141785,1.082145
19059,Dickinson County,Iowa,bchrrr,43.388953,-95.13457,1336104,43.397152,-95.141785,1.082145
19059,Dickinson County,Iowa,nsrdb,43.388953,-95.13457,739208,43.37,-95.14,2.152687
19061,Dubuque County,Iowa,wtk,42.493174,-90.762181,1549237,42.492615,-90.76187,0.067185
19061,Dubuque County,Iowa,bchrrr,42.493174,-90.762181,1549237,42.492615,-90.76187,0.067185
19061,Dubuque County,Iowa,nsrdb,42.493174,-90.762181,830945,42.49,-90.78,1.503051
19063,Emmet County,Iowa,wtk,43.395995,-94.758292,1355086,43.393486,-94.75754,0.285528
19063,Emmet County,Iowa,bchrrr,43.395995,-94.758292,1355086,43.393486,-94.75754,0.285528
19063,Emmet County,Iowa,nsrdb,43.395995,-94.758292,747717,43.41,-94.74,2.146843
19065,Fayette County,Iowa,wtk,42.821543,-91.855649,1495948,42.819157,-91.85077,0.478268
19065,Fayette County,Iowa,bchrrr,42.821543,-91.855649,1495948,42.819157,-91.85077,0.478268
19065,Fayette County,Iowa,nsrdb,42.821543,-91.855649,806971,42.81,-91.86,1.331686
19067,Floyd County,Iowa,wtk,43.075216,-92.751462,1452525,43.073154,-92.750854,0.234542
19067,Floyd County,Iowa,bchrrr,43.075216,-92.751462,1452525,43.073154,-92.750854,0.234542
19067,Floyd County,Iowa,nsrdb,43.075216,-92.751462,788720,43.09,-92.74,1.889167
19069,Franklin County,Iowa,wtk,42.754609,-93.239282,1429146,42.751694,-93.25037,0.961599
19069,Franklin County,Iowa,bchrrr,42.754609,-93.239282,1429146,42.751694,-93.25037,0.961599
19069,Franklin County,Iowa,nsrdb,42.754609,-93.239282,778777,42.77,-93.22,2.325244
19071,Fremont County,Iowa,wtk,40.753742,-95.61682,1313330,40.759827,-95.62015,0.732453
19071,Fremont County,Iowa,bchrrr,40.753742,-95.61682,1313330,40.759827,-95.62015,0.732453
19071,Fremont County,Iowa,nsrdb,40.753742,-95.61682,728883,40.77,-95.62,1.827541
19073,Greene County,Iowa,wtk,42.029106,-94.379873,1374834,42.030304,-94.38547,0.481097
19073,Greene County,Iowa,bchrrr,42.029106,-94.379873,1374834,42.030304,-94.38547,0.481097
19073,Greene County,Iowa,nsrdb,42.029106,-94.379873,755217,42.01,-94.38,2.124519
19075,Grundy County,Iowa,wtk,42.380481,-92.74725,1454924,42.38384,-92.73834,0.821634
19075,Grundy County,Iowa,bchrrr,42.380481,-92.74725,1454924,42.38384,-92.73834,0.821634
19075,Grundy County,Iowa,nsrdb,42.380481,-92.74725,788738,42.37,-92.74,1.308786
19077,Guthrie County,Iowa,wtk,41.665841,-94.427743,1373578,41.658974,-94.42035,0.979909
19077,Guthrie County,Iowa,bchrrr,41.665841,-94.427743,1373578,41.658974,-94.42035,0.979909
19077,Guthrie County,Iowa,nsrdb,41.665841,-94.427743,754417,41.65,-94.42,1.875224
19079,Hamilton County,Iowa,wtk,42.406602,-93.767483,1404441,42.40998,-93.770325,0.442191
19079,Hamilton County,Iowa,bchrrr,42.406602,-93.767483,1404441,42.40998,-93.770325,0.442191
19079,Hamilton County,Iowa,nsrdb,42.406602,-93.767483,767337,42.41,-93.78,1.094927
19081,Hancock County,Iowa,wtk,43.092307,-93.702645,1406938,43.097034,-93.693115,0.935447
19081,Hancock County,Iowa,bchrrr,43.092307,-93.702645,1406938,43.097034,-93.693115,0.935447
19081,Hancock County,Iowa,nsrdb,43.092307,-93.702645,768949,43.09,-93.7,0.334569
19083,Hardin County,Iowa,wtk,42.436347,-93.217057,1431599,42.43435,-93.21472,0.293415
19083,Hardin County,Iowa,bchrrr,42.436347,-93.217057,1431599,42.43435,-93.21472,0.293415
19083,Hardin County,Iowa,nsrdb,42.436347,-93.217057,778785,42.45,-93.22,1.537233
19085,Harrison County,Iowa,wtk,41.662605,-95.804509,1303347,41.67045,-95.813416,1.143833
19085,Harrison County,Iowa,bchrrr,41.662605,-95.804509,1303347,41.67045,-95.813416,1.143833
19085,Harrison County,Iowa,nsrdb,41.662605,-95.804509,724470,41.65,-95.82,1.902847
19087,Henry County,Iowa,wtk,40.977985,-91.536903,1517551,40.98211,-91.53348,0.541252
19087,Henry County,Iowa,bchrrr,40.977985,-91.536903,1517551,40.98211,-91.53348,0.541252
19087,Henry County,Iowa,nsrdb,40.977985,-91.536903,813974,40.97,-91.54,0.925178
19089,Howard County,Iowa,wtk,43.361965,-92.229323,1476801,43.354336,-92.22269,1.003594
19089,Howard County,Iowa,bchrrr,43.361965,-92.229323,1476801,43.354336,-92.22269,1.003594
19089,Howard County,Iowa,nsrdb,43.361965,-92.229323,799458,43.37,-92.22,1.16886
19091,Humboldt County,Iowa,wtk,42.74657,-94.216617,1382289,42.753117,-94.21353,0.770397
19091,Humboldt County,Iowa,bchrrr,42.74657,-94.216617,1382289,42.753117,-94.21353,0.770397
19091,Humboldt County,Iowa,nsrdb,42.74657,-94.216617,758427,42.73,-94.22,1.863102
19093,Ida County,Iowa,wtk,42.393275,-95.505485,1318434,42.394585,-95.50891,0.316745
19093,Ida County,Iowa,bchrrr,42.393275,-95.505485,1318434,42.394585,-95.50891,0.316745
19093,Ida County,Iowa,nsrdb,42.393275,-95.505485,731454,42.41,-95.5,1.913495
19095,Iowa County,Iowa,wtk,41.701021,-92.039141,1491100,41.708576,-92.02759,1.274858
19095,Iowa County,Iowa,bchrrr,41.701021,-92.039141,1491100,41.708576,-92.02759,1.274858
19095,Iowa County,Iowa,nsrdb,41.701021,-92.039141,803636,41.69,-92.02,2.006864
19097,Jackson County,Iowa,wtk,42.141478,-90.567631,1560193,42.147457,-90.56616,0.675807
19097,Jackson County,Iowa,bchrrr,42.141478,-90.567631,1560193,42.147457,-90.56616,0.675807
19097,Jackson County,Iowa,nsrdb,42.141478,-90.567631,835635,42.13,-90.58,1.633758
19099,Jasper County,Iowa,wtk,41.678058,-93.071446,1440187,41.686485,-93.07526,0.989124
19099,Jasper County,Iowa,bchrrr,41.678058,-93.071446,1440187,41.686485,-93.07526,0.989124
19099,Jasper County,Iowa,nsrdb,41.678058,-93.071446,782107,41.69,-93.06,1.633024
19101,Jefferson County,Iowa,wtk,41.0126,-91.965837,1495851,41.01837,-91.97443,0.965102
19101,Jefferson County,Iowa,bchrrr,41.0126,-91.965837,1495851,41.01837,-91.97443,0.965102
19101,Jefferson County,Iowa,nsrdb,41.0126,-91.965837,804487,41.01,-91.98,1.223017
19103,Johnson County,Iowa,wtk,41.683587,-91.561297,1513947,41.690025,-91.5553,0.872048
19103,Johnson County,Iowa,bchrrr,41.683587,-91.561297,1513947,41.690025,-91.5553,0.872048
19103,Johnson County,Iowa,nsrdb,41.683587,-91.561297,813082,41.69,-91.58,1.708973
19105,Jones County,Iowa,wtk,42.138137,-91.200459,1529762,42.140045,-91.19501,0.496861
19105,Jones County,Iowa,bchrrr,42.138137,-91.200459,1529762,42.140045,-91.19501,0.496861
19105,Jones County,Iowa,nsrdb,42.138137,-91.200459,821032,42.13,-91.22,1.847995
19107,Keokuk County,Iowa,wtk,41.324434,-92.175246,1485093,41.32336,-92.17688,0.181329
19107,Keokuk County,Iowa,bchrrr,41.324434,-92.175246,1485093,41.32336,-92.17688,0.181329
19107,Keokuk County,Iowa,nsrdb,41.324434,-92.175246,800325,41.33,-92.18,0.735279
19109,Kossuth County,Iowa,wtk,43.143304,-94.221417,1381074,43.144207,-94.22708,0.470297
19109,Kossuth County,Iowa,bchrrr,43.143304,-94.221417,1381074,43.144207,-94.22708,0.470297
19109,Kossuth County,Iowa,nsrdb,43.143304,-94.221417,758417,43.13,-94.22,1.483801
19111,Lee County,Iowa,wtk,40.560694,-91.397058,1526040,40.56703,-91.3927,0.794913
19111,Lee County,Iowa,bchrrr,40.560694,-91.397058,1526040,40.56703,-91.3927,0.794913
19111,Lee County,Iowa,nsrdb,40.560694,-91.397058,817514,40.57,-91.38,1.773974
19113,Linn County,Iowa,wtk,42.008475,-91.648388,1507916,42.010654,-91.65662,0.72201
19113,Linn County,Iowa,bchrrr,42.008475,-91.648388,1507916,42.010654,-91.65662,0.72201
19113,Linn County,Iowa,nsrdb,42.008475,-91.648388,811308,42.01,-91.66,0.974278
19115,Louisa County,Iowa,wtk,41.225338,-91.262742,1529713,41.23101,-91.26761,0.750676
19115,Louisa County,Iowa,bchrrr,41.225338,-91.262742,1529713,41.23101,-91.26761,0.750676
19115,Louisa County,Iowa,nsrdb,41.225338,-91.262742,820164,41.21,-91.26,1.720862
19117,Lucas County,Iowa,wtk,41.022124,-93.312469,1430288,41.02333,-93.30438,0.691718
19117,Lucas County,Iowa,bchrrr,41.022124,-93.312469,1430288,41.02333,-93.30438,0.691718
19117,Lucas County,Iowa,nsrdb,41.022124,-93.312469,777177,41.01,-93.3,1.70642
19119,Lyon County,Iowa,wtk,43.385476,-96.227293,1283375,43.38166,-96.21771,0.883062
19119,Lyon County,Iowa,bchrrr,43.385476,-96.227293,1283375,43.38166,-96.21771,0.883062
19119,Lyon County,Iowa,nsrdb,43.385476,-96.227293,715481,43.37,-96.22,1.819002
19121,Madison County,Iowa,wtk,41.348668,-93.986828,1395781,41.35425,-93.98279,0.706303
19121,Madison County,Iowa,bchrrr,41.348668,-93.986828,1395781,41.35425,-93.98279,0.706303
19121,Madison County,Iowa,nsrdb,41.348668,-93.986828,763307,41.33,-93.98,2.152639
19123,Mahaska County,Iowa,wtk,41.311761,-92.642121,1462160,41.32061,-92.64746,1.080281
19123,Mahaska County,Iowa,bchrrr,41.311761,-92.642121,1462160,41.32061,-92.64746,1.080281
19123,Mahaska County,Iowa,nsrdb,41.311761,-92.642121,790427,41.33,-92.66,2.518416
19125,Marion County,Iowa,wtk,41.357268,-93.041685,1442628,41.35088,-93.04205,0.710967
19125,Marion County,Iowa,bchrrr,41.357268,-93.041685,1442628,41.35088,-93.04205,0.710967
19125,Marion County,Iowa,nsrdb,41.357268,-93.041685,782115,41.37,-93.06,2.083404
19127,Marshall County,Iowa,wtk,42.030436,-92.938195,1446345,42.03594,-92.9328,0.757037
19127,Marshall County,Iowa,bchrrr,42.030436,-92.938195,1446345,42.03594,-92.9328,0.757037
19127,Marshall County,Iowa,nsrdb,42.030436,-92.938195,784593,42.05,-92.94,2.180521
19129,Mills County,Iowa,wtk,41.050907,-95.693733,1309584,41.057117,-95.69217,0.702849
19129,Mills County,Iowa,bchrrr,41.050907,-95.693733,1309584,41.057117,-95.69217,0.702849
19129,Mills County,Iowa,nsrdb,41.050907,-95.693733,727127,41.05,-95.7,0.535114
19131,Mitchell County,Iowa,wtk,43.334548,-92.806056,1448867,43.335754,-92.81305,0.581339
19131,Mitchell County,Iowa,bchrrr,43.334548,-92.806056,1448867,43.335754,-92.81305,0.581339
19131,Mitchell County,Iowa,nsrdb,43.334548,-92.806056,787053,43.33,-92.82,1.236008
19133,Monona County,Iowa,wtk,42.062618,-95.988903,1294590,42.060978,-95.98749,0.216476
19133,Monona County,Iowa,bchrrr,42.062618,-95.988903,1294590,42.060978,-95.98749,0.216476
19133,Monona County,Iowa,nsrdb,42.062618,-95.988903,720910,42.05,-95.98,1.583938
19135,Monroe County,Iowa,wtk,41.033761,-92.825194,1453634,41.028988,-92.83612,1.059057
19135,Monroe County,Iowa,bchrrr,41.033761,-92.825194,1453634,41.028988,-92.83612,1.059057
19135,Monroe County,Iowa,nsrdb,41.033761,-92.825194,787110,41.05,-92.82,1.857496
19137,Montgomery County,Iowa,wtk,41.009252,-95.169719,1335976,41.017223,-95.17554,1.011991
19137,Montgomery County,Iowa,bchrrr,41.009252,-95.169719,1335976,41.017223,-95.17554,1.011991
19137,Montgomery County,Iowa,nsrdb,41.009252,-95.169719,738406,41.01,-95.18,0.866656
19139,Muscatine County,Iowa,wtk,41.465516,-91.077769,1538229,41.46424,-91.07532,0.248542
19139,Muscatine County,Iowa,bchrrr,41.465516,-91.077769,1538229,41.46424,-91.07532,0.248542
19139,Muscatine County,Iowa,nsrdb,41.465516,-91.077769,824622,41.45,-91.06,2.273621
19141,O'Brien County,Iowa,wtk,43.129231,-95.695369,1308441,43.120914,-95.70679,1.309355
19141,O'Brien County,Iowa,bchrrr,43.129231,-95.695369,1308441,43.120914,-95.70679,1.309355
19141,O'Brien County,Iowa,nsrdb,43.129231,-95.695369,727075,43.13,-95.7,0.385416
19143,Osceola County,Iowa,wtk,43.387203,-95.680973,1309709,43.381413,-95.67987,0.649961
19143,Osceola County,Iowa,bchrrr,43.387203,-95.680973,1309709,43.381413,-95.67987,0.649961
19143,Osceola County,Iowa,nsrdb,43.387203,-95.680973,727069,43.37,-95.7,2.454355
19145,Page County,Iowa,wtk,40.746972,-95.18737,1335961,40.73876,-95.17932,1.13743
19145,Page County,Iowa,bchrrr,40.746972,-95.18737,1335961,40.73876,-95.17932,1.13743
19145,Page County,Iowa,nsrdb,40.746972,-95.18737,738413,40.73,-95.18,1.986731
19147,Palo Alto County,Iowa,wtk,43.101085,-94.688602,1358790,43.09484,-94.68741,0.701125
19147,Palo Alto County,Iowa,bchrrr,43.101085,-94.688602,1358790,43.09484,-94.68741,0.701125
19147,Palo Alto County,Iowa,nsrdb,43.101085,-94.688602,748569,43.09,-94.7,1.541364
19149,Plymouth County,Iowa,wtk,42.748026,-96.203038,1283341,42.748928,-96.21536,1.01114
19149,Plymouth County,Iowa,bchrrr,42.748026,-96.203038,1283341,42.748928,-96.21536,1.01114
19149,Plymouth County,Iowa,nsrdb,42.748026,-96.203038,715497,42.73,-96.22,2.4365
19151,Pocahontas County,Iowa,wtk,42.744042,-94.707002,1358771,42.741333,-94.69531,1.00119
19151,Pocahontas County,Iowa,bchrrr,42.744042,-94.707002,1358771,42.741333,-94.69531,1.00119
19151,Pocahontas County,Iowa,nsrdb,42.744042,-94.707002,748578,42.73,-94.7,1.662826
19153,Polk County,Iowa,wtk,41.630973,-93.640161,1411793,41.62627,-93.6503,0.991775
19153,Polk County,Iowa,bchrrr,41.630973,-93.640161,1411793,41.62627,-93.6503,0.991775
19153,Polk County,Iowa,nsrdb,41.630973,-93.640161,769801,41.65,-93.66,2.682187
19155,Pottawattamie County,Iowa,wtk,41.278455,-95.793721,1304580,41.280228,-95.78989,0.375968
19155,Pottawattamie County,Iowa,bchrrr,41.278455,-95.793721,1304580,41.280228,-95.78989,0.375968
19155,Pottawattamie County,Iowa,nsrdb,41.278455,-95.793721,725361,41.29,-95.78,1.721174
19157,Poweshiek County,Iowa,wtk,41.712452,-92.624981,1462181,41.71047,-92.62558,0.225928
19157,Poweshiek County,Iowa,bchrrr,41.712452,-92.624981,1462181,41.71047,-92.62558,0.225928
19157,Poweshiek County,Iowa,nsrdb,41.712452,-92.624981,791248,41.73,-92.62,1.994563
19159,Ringgold County,Iowa,wtk,40.737978,-94.237092,1383417,40.745987,-94.24808,1.284541
19159,Ringgold County,Iowa,bchrrr,40.737978,-94.237092,1383417,40.745987,-94.24808,1.284541
19159,Ringgold County,Iowa,nsrdb,40.737978,-94.237092,758477,40.73,-94.22,1.691437
19161,Sac County,Iowa,wtk,42.375251,-95.089639,1339870,42.373215,-95.081085,0.73825
19161,Sac County,Iowa,bchrrr,42.375251,-95.089639,1339870,42.373215,-95.081085,0.73825
19161,Sac County,Iowa,nsrdb,42.375251,-95.089639,740091,42.37,-95.1,1.032163
19163,Scott County,Iowa,wtk,41.564701,-90.562663,1562597,41.570023,-90.56879,0.781041
19163,Scott County,Iowa,bchrrr,41.564701,-90.562663,1562597,41.570023,-90.56879,0.781041
19163,Scott County,Iowa,nsrdb,41.564701,-90.562663,835649,41.57,-90.58,1.55804
19165,Shelby County,Iowa,wtk,41.662626,-95.323287,1328427,41.668434,-95.31583,0.894863
19165,Shelby County,Iowa,bchrrr,41.662626,-95.323287,1328427,41.668434,-95.31583,0.894863
19165,Shelby County,Iowa,nsrdb,41.662626,-95.323287,734939,41.65,-95.34,1.974588
19167,Sioux County,Iowa,wtk,43.080798,-96.168012,1285867,43.083958,-96.16562,0.401502
19167,Sioux County,Iowa,bchrrr,43.080798,-96.168012,1285867,43.083958,-96.16562,0.401502
19167,Sioux County,Iowa,nsrdb,43.080798,-96.168012,716398,43.09,-96.18,1.41236
19169,Story County,Iowa,wtk,42.025138,-93.604943,1413050,42.034462,-93.60913,1.092939
19169,Story County,Iowa,bchrrr,42.025138,-93.604943,1413050,42.034462,-93.60913,1.092939
19169,Story County,Iowa,nsrdb,42.025138,-93.604943,770608,42.01,-93.62,2.092996
19171,Tama County,Iowa,wtk,42.062413,-92.544085,1464633,42.061756,-92.55548,0.943528
19171,Tama County,Iowa,bchrrr,42.062413,-92.544085,1464633,42.061756,-92.55548,0.943528
19171,Tama County,Iowa,nsrdb,42.062413,-92.544085,792896,42.05,-92.54,1.420871
19173,Taylor County,Iowa,wtk,40.753586,-94.679758,1361142,40.752377,-94.689026,0.792169
19173,Taylor County,Iowa,bchrrr,40.753586,-94.679758,1361142,40.752377,-94.689026,0.792169
19173,Taylor County,Iowa,nsrdb,40.753586,-94.679758,749470,40.77,-94.66,2.469883
19175,Union County,Iowa,wtk,41.054756,-94.318333,1379726,41.06273,-94.312775,1.001673
19175,Union County,Iowa,bchrrr,41.054756,-94.318333,1379726,41.06273,-94.312775,1.001673
19175,Union County,Iowa,nsrdb,41.054756,-94.318333,756854,41.05,-94.3,1.625703
19177,Van Buren County,Iowa,wtk,40.744223,-91.9425,1498233,40.73837,-91.94394,0.662035
19177,Van Buren County,Iowa,bchrrr,40.744223,-91.9425,1498233,40.73837,-91.94394,0.662035
19177,Van Buren County,Iowa,nsrdb,40.744223,-91.9425,805336,40.73,-91.94,1.595493
19179,Wapello County,Iowa,wtk,41.01642,-92.418914,1474269,41.015694,-92.41806,0.107938
19179,Wapello County,Iowa,bchrrr,41.01642,-92.418914,1474269,41.015694,-92.41806,0.107938
19179,Wapello County,Iowa,nsrdb,41.01642,-92.418914,795400,41.01,-92.42,0.719664
19181,Warren County,Iowa,wtk,41.406851,-93.59569,1415486,41.40173,-93.58475,1.075537
19181,Warren County,Iowa,bchrrr,41.406851,-93.59569,1415486,41.40173,-93.58475,1.075537
19181,Warren County,Iowa,nsrdb,41.406851,-93.59569,771439,41.41,-93.58,1.354552
19183,Washington County,Iowa,wtk,41.36513,-91.694181,1507881,41.361134,-91.70358,0.901511
19183,Washington County,Iowa,bchrrr,41.36513,-91.694181,1507881,41.361134,-91.70358,0.901511
19183,Washington County,Iowa,nsrdb,41.36513,-91.694181,810452,41.37,-91.7,0.727357
19185,Wayne County,Iowa,wtk,40.733312,-93.304145,1431507,40.725838,-93.29309,1.248372
19185,Wayne County,Iowa,bchrrr,40.733312,-93.304145,1431507,40.725838,-93.29309,1.248372
19185,Wayne County,Iowa,nsrdb,40.733312,-93.304145,777184,40.73,-93.3,0.507555
19187,Webster County,Iowa,wtk,42.481229,-94.179502,1384746,42.47331,-94.17157,1.09478
19187,Webster County,Iowa,bchrrr,42.481229,-94.179502,1384746,42.47331,-94.17157,1.09478
19187,Webster County,Iowa,nsrdb,42.481229,-94.179502,759239,42.49,-94.18,0.976147
19189,Winnebago County,Iowa,wtk,43.341509,-93.663927,1408184,43.338356,-93.65796,0.596476
19189,Winnebago County,Iowa,bchrrr,43.341509,-93.663927,1408184,43.338356,-93.65796,0.596476
19189,Winnebago County,Iowa,nsrdb,43.341509,-93.663927,769759,43.33,-93.66,1.318567
19191,Winneshiek County,Iowa,wtk,43.281108,-91.813199,1495973,43.283764,-91.81766,0.4665
19191,Winneshiek County,Iowa,bchrrr,43.281108,-91.813199,1495973,43.283764,-91.81766,0.4665
19191,Winneshiek County,Iowa,nsrdb,43.281108,-91.813199,807817,43.29,-91.82,1.131667
19193,Woodbury County,Iowa,wtk,42.483312,-96.346057,1277057,42.48817,-96.340515,0.705919
19193,Woodbury County,Iowa,bchrrr,42.483312,-96.346057,1277057,42.48817,-96.340515,0.705919
19193,Woodbury County,Iowa,nsrdb,42.483312,-96.346057,712760,42.49,-96.34,0.894276
19195,Worth County,Iowa,wtk,43.369395,-93.250422,1427944,43.36609,-93.24695,0.462412
19195,Worth County,Iowa,bchrrr,43.369395,-93.250422,1427944,43.36609,-93.24695,0.462412
19195,Worth County,Iowa,nsrdb,43.369395,-93.250422,777940,43.37,-93.26,0.777125
19197,Wright County,Iowa,wtk,42.732971,-93.756208,1404458,42.72609,-93.75836,0.785064
19197,Wright County,Iowa,bchrrr,42.732971,-93.756208,1404458,42.72609,-93.75836,0.785064
19197,Wright County,Iowa,nsrdb,42.732971,-93.756208,768143,42.73,-93.74,1.364426
20001,Allen County,Kansas,wtk,37.896945,-95.369299,1326969,37.888535,-95.380005,1.325554
20001,Allen County,Kansas,bchrrr,37.896945,-95.369299,1326969,37.888535,-95.380005,1.325554
20001,Allen County,Kansas,nsrdb,37.896945,-95.369299,734169,37.89,-95.38,1.215778
20003,Anderson County,Kansas,wtk,38.251801,-95.263194,1333279,38.257175,-95.2587,0.714887
20003,Anderson County,Kansas,bchrrr,38.251801,-95.263194,1333279,38.257175,-95.2587,0.714887
20003,Anderson County,Kansas,nsrdb,38.251801,-95.263194,736751,38.25,-95.26,0.343357
20005,Atchison County,Kansas,wtk,39.555375,-95.179178,1337170,39.551785,-95.17105,0.803091
20005,Atchison County,Kansas,bchrrr,39.555375,-95.179178,1337170,39.551785,-95.17105,0.803091
20005,Atchison County,Kansas,nsrdb,39.555375,-95.179178,738442,39.57,-95.18,1.627754
20007,Barber County,Kansas,wtk,37.211909,-98.557795,1155006,37.212116,-98.55826,0.047175
20007,Barber County,Kansas,bchrrr,37.211909,-98.557795,1155006,37.212116,-98.55826,0.047175
20007,Barber County,Kansas,nsrdb,37.211909,-98.557795,655918,37.21,-98.54,1.59011
20009,Barton County,Kansas,wtk,38.396452,-98.758293,1147565,38.389244,-98.747894,1.209856
20009,Barton County,Kansas,bchrrr,38.396452,-98.758293,1147565,38.389244,-98.747894,1.209856
20009,Barton County,Kansas,nsrdb,38.396452,-98.758293,650400,38.41,-98.74,2.193262
20011,Bourbon County,Kansas,wtk,37.845974,-94.74969,1360985,37.845783,-94.749115,0.054774
20011,Bourbon County,Kansas,bchrrr,37.845974,-94.74969,1360985,37.845783,-94.749115,0.054774
20011,Bourbon County,Kansas,nsrdb,37.845974,-94.74969,747856,37.85,-94.74,0.96141
20013,Brown County,Kansas,wtk,39.805025,-95.551814,1317041,39.813564,-95.55359,0.961537
20013,Brown County,Kansas,bchrrr,39.805025,-95.551814,1317041,39.813564,-95.55359,0.961537
20013,Brown County,Kansas,nsrdb,39.805025,-95.551814,730650,39.81,-95.54,1.150832
20015,Butler County,Kansas,wtk,37.725409,-96.998416,1240431,37.719425,-96.9917,0.889757
20015,Butler County,Kansas,bchrrr,37.725409,-96.998416,1240431,37.719425,-96.9917,0.889757
20015,Butler County,Kansas,nsrdb,37.725409,-96.998416,697932,37.73,-96.98,1.698185
20017,Chase County,Kansas,wtk,38.358243,-96.558298,1264294,38.35076,-96.55386,0.917661
20017,Chase County,Kansas,bchrrr,38.358243,-96.558298,1264294,38.35076,-96.55386,0.917661
20017,Chase County,Kansas,nsrdb,38.358243,-96.558298,708252,38.37,-96.54,2.062564
20019,Chautauqua County,Kansas,wtk,37.115752,-96.228073,1281783,37.115395,-96.219574,0.754644
20019,Chautauqua County,Kansas,bchrrr,37.115752,-96.228073,1281783,37.115395,-96.219574,0.754644
20019,Chautauqua County,Kansas,nsrdb,37.115752,-96.228073,715637,37.13,-96.22,1.738487
20021,Cherokee County,Kansas,wtk,37.114829,-94.751773,1362184,37.107727,-94.74045,1.277408
20021,Cherokee County,Kansas,bchrrr,37.114829,-94.751773,1362184,37.107727,-94.74045,1.277408
20021,Cherokee County,Kansas,nsrdb,37.114829,-94.751773,747874,37.13,-94.74,1.98376
20023,Cheyenne County,Kansas,wtk,39.769323,-101.738105,1005166,39.768116,-101.731384,0.589902
20023,Cheyenne County,Kansas,bchrrr,39.769323,-101.738105,1005166,39.768116,-101.731384,0.589902
20023,Cheyenne County,Kansas,nsrdb,39.769323,-101.738105,569265,39.77,-101.74,0.1786
20025,Clark County,Kansas,wtk,37.295814,-99.886596,1084516,37.298805,-99.88403,0.402655
20025,Clark County,Kansas,bchrrr,37.295814,-99.886596,1084516,37.298805,-99.88403,0.402655
20025,Clark County,Kansas,nsrdb,37.295814,-99.886596,618818,37.29,-99.9,1.350521
20027,Clay County,Kansas,wtk,39.354339,-97.122486,1235497,39.34536,-97.11359,1.257761
20027,Clay County,Kansas,bchrrr,39.354339,-97.122486,1235497,39.34536,-97.11359,1.257761
20027,Clay County,Kansas,nsrdb,39.354339,-97.122486,693897,39.37,-97.14,2.302102
20029,Cloud County,Kansas,wtk,39.534859,-97.635798,1207851,39.542057,-97.64569,1.166266
20029,Cloud County,Kansas,bchrrr,39.534859,-97.635798,1207851,39.542057,-97.64569,1.166266
20029,Cloud County,Kansas,nsrdb,39.534859,-97.635798,681228,39.53,-97.62,1.458608
20031,Coffey County,Kansas,wtk,38.249078,-95.741618,1306924,38.24108,-95.75296,1.331161
20031,Coffey County,Kansas,bchrrr,38.249078,-95.741618,1306924,38.24108,-95.75296,1.331161
20031,Coffey County,Kansas,nsrdb,38.249078,-95.741618,726319,38.25,-95.74,0.174567
20033,Comanche County,Kansas,wtk,37.233664,-99.373186,1111486,37.225086,-99.36969,1.002795
20033,Comanche County,Kansas,bchrrr,37.233664,-99.373186,1111486,37.225086,-99.36969,1.002795
20033,Comanche County,Kansas,nsrdb,37.233664,-99.373186,632963,37.25,-99.38,1.914011
20035,Cowley County,Kansas,wtk,37.174611,-96.998324,1239146,37.165894,-97.006226,1.195717
20035,Cowley County,Kansas,bchrrr,37.174611,-96.998324,1239146,37.165894,-97.006226,1.195717
20035,Cowley County,Kansas,nsrdb,37.174611,-96.998324,697946,37.17,-96.98,1.702591
20037,Crawford County,Kansas,wtk,37.438266,-94.7294,1362202,37.43956,-94.73389,0.421723
20037,Crawford County,Kansas,bchrrr,37.438266,-94.7294,1362202,37.43956,-94.73389,0.421723
20037,Crawford County,Kansas,nsrdb,37.438266,-94.7294,747866,37.45,-94.74,1.605655
20039,Decatur County,Kansas,wtk,39.804241,-100.484406,1063436,39.811024,-100.47815,0.92436
20039,Decatur County,Kansas,bchrrr,39.804241,-100.484406,1063436,39.811024,-100.47815,0.92436
20039,Decatur County,Kansas,nsrdb,39.804241,-100.484406,602518,39.81,-100.5,1.477981
20041,Dickinson County,Kansas,wtk,38.886003,-97.152163,1232960,38.882103,-97.15283,0.437487
20041,Dickinson County,Kansas,bchrrr,38.886003,-97.152163,1232960,38.882103,-97.15283,0.437487
20041,Dickinson County,Kansas,nsrdb,38.886003,-97.152163,693909,38.89,-97.14,1.1427
20043,Doniphan County,Kansas,wtk,39.787452,-95.071482,1342279,39.791847,-95.07132,0.488898
20043,Doniphan County,Kansas,bchrrr,39.787452,-95.071482,1342279,39.791847,-95.07132,0.488898
20043,Doniphan County,Kansas,nsrdb,39.787452,-95.071482,741013,39.77,-95.06,2.174534
20045,Douglas County,Kansas,wtk,38.942491,-95.254202,1333316,38.94134,-95.25055,0.340792
20045,Douglas County,Kansas,bchrrr,38.942491,-95.254202,1333316,38.94134,-95.25055,0.340792
20045,Douglas County,Kansas,nsrdb,38.942491,-95.254202,736734,38.93,-95.26,1.476697
20047,Edwards County,Kansas,wtk,37.913197,-99.352792,1113993,37.90869,-99.359344,0.762597
20047,Edwards County,Kansas,bchrrr,37.913197,-99.352792,1113993,37.90869,-99.359344,0.762597
20047,Edwards County,Kansas,nsrdb,37.913197,-99.352792,634035,37.93,-99.34,2.179449
20049,Elk County,Kansas,wtk,37.423677,-96.239093,1280546,37.428776,-96.2439,0.708274
20049,Elk County,Kansas,bchrrr,37.423677,-96.239093,1280546,37.428776,-96.2439,0.708274
20049,Elk County,Kansas,nsrdb,37.423677,-96.239093,715630,37.41,-96.22,2.270716
20051,Ellis County,Kansas,wtk,38.882209,-99.33056,1117754,38.889824,-99.34094,1.234569
20051,Ellis County,Kansas,bchrrr,38.882209,-99.33056,1117754,38.889824,-99.34094,1.234569
20051,Ellis County,Kansas,nsrdb,38.882209,-99.33056,634011,38.89,-99.34,1.190845
20053,Ellsworth County,Kansas,wtk,38.725437,-98.268083,1173864,38.73407,-98.26486,0.99983
20053,Ellsworth County,Kansas,bchrrr,38.725437,-98.268083,1173864,38.73407,-98.26486,0.99983
20053,Ellsworth County,Kansas,nsrdb,38.725437,-98.268083,663575,38.73,-98.26,0.865493
20055,Finney County,Kansas,wtk,37.977247,-100.863049,1038111,37.97713,-100.86441,0.119999
20055,Finney County,Kansas,bchrrr,37.977247,-100.863049,1038111,37.97713,-100.86441,0.119999
20055,Finney County,Kansas,nsrdb,37.977247,-100.863049,592865,37.97,-100.86,0.848994
20057,Ford County,Kansas,wtk,37.753005,-99.995544,1079730,37.75583,-100.005615,0.93947
20057,Ford County,Kansas,bchrrr,37.753005,-99.995544,1079730,37.75583,-100.005615,0.93947
20057,Ford County,Kansas,nsrdb,37.753005,-99.995544,616633,37.77,-99.98,2.332021
20059,Franklin County,Kansas,wtk,38.603543,-95.260331,1333298,38.608387,-95.25455,0.736519
20059,Franklin County,Kansas,bchrrr,38.603543,-95.260331,1333298,38.608387,-95.25455,0.736519
20059,Franklin County,Kansas,nsrdb,38.603543,-95.260331,736742,38.61,-95.26,0.718562
20061,Geary County,Kansas,wtk,39.040483,-96.838826,1249283,39.033142,-96.845856,1.017342
20061,Geary County,Kansas,bchrrr,39.040483,-96.838826,1249283,39.033142,-96.845856,1.017342
20061,Geary County,Kansas,nsrdb,39.040483,-96.838826,701704,39.05,-96.82,1.939876
20063,Gove County,Kansas,wtk,39.047079,-100.377761,1065720,39.054836,-100.375916,0.877131
20063,Gove County,Kansas,bchrrr,39.047079,-100.377761,1065720,39.054836,-100.375916,0.877131
20063,Gove County,Kansas,nsrdb,39.047079,-100.377761,605777,39.05,-100.38,0.377994
20065,Graham County,Kansas,wtk,39.358245,-99.855616,1093119,39.35403,-99.84552,0.986486
20065,Graham County,Kansas,bchrrr,39.358245,-99.855616,1093119,39.35403,-99.84552,0.986486
20065,Graham County,Kansas,nsrdb,39.358245,-99.855616,619853,39.37,-99.86,1.360349
20067,Grant County,Kansas,wtk,37.5803,-101.351337,1013663,37.582806,-101.34744,0.44224
20067,Grant County,Kansas,bchrrr,37.5803,-101.351337,1013663,37.582806,-101.34744,0.44224
20067,Grant County,Kansas,nsrdb,37.5803,-101.351337,579991,37.57,-101.34,1.519852
20069,Gray County,Kansas,wtk,37.724149,-100.41222,1059842,37.72094,-100.400635,1.079612
20069,Gray County,Kansas,bchrrr,37.724149,-100.41222,1059842,37.72094,-100.400635,1.079612
20069,Gray County,Kansas,nsrdb,37.724149,-100.41222,604730,37.73,-100.42,0.944173
20071,Greeley County,Kansas,wtk,38.483554,-101.75809,998677,38.486168,-101.756165,0.335499
20071,Greeley County,Kansas,bchrrr,38.483554,-101.75809,998677,38.486168,-101.756165,0.335499
20071,Greeley County,Kansas,nsrdb,38.483554,-101.75809,569297,38.49,-101.74,1.729989
20073,Greenwood County,Kansas,wtk,37.86192,-96.224546,1281823,37.85326,-96.22214,0.985845
20073,Greenwood County,Kansas,bchrrr,37.86192,-96.224546,1281823,37.85326,-96.22214,0.985845
20073,Greenwood County,Kansas,nsrdb,37.86192,-96.224546,715619,37.85,-96.22,1.384232
20075,Hamilton County,Kansas,wtk,37.98058,-101.760588,996516,37.985897,-101.75748,0.650957
20075,Hamilton County,Kansas,bchrrr,37.98058,-101.760588,996516,37.985897,-101.75748,0.650957
20075,Hamilton County,Kansas,nsrdb,37.98058,-101.760588,568246,37.97,-101.78,2.068611
20077,Harper County,Kansas,wtk,37.215327,-98.049886,1182552,37.223785,-98.049164,0.942658
20077,Harper County,Kansas,bchrrr,37.215327,-98.049886,1182552,37.223785,-98.049164,0.942658
20077,Harper County,Kansas,nsrdb,37.215327,-98.049886,669123,37.21,-98.06,1.073801
20079,Harvey County,Kansas,wtk,38.046133,-97.385852,1219087,38.047054,-97.39563,0.862335
20079,Harvey County,Kansas,bchrrr,38.046133,-97.385852,1219087,38.047054,-97.39563,0.862335
20079,Harvey County,Kansas,nsrdb,38.046133,-97.385852,687724,38.05,-97.38,0.66894
20081,Haskell County,Kansas,wtk,37.495003,-100.890178,1034690,37.494743,-100.89734,0.632515
20081,Haskell County,Kansas,bchrrr,37.495003,-100.890178,1034690,37.494743,-100.89734,0.632515
20081,Haskell County,Kansas,nsrdb,37.495003,-100.890178,591801,37.49,-100.9,1.029755
20083,Hodgeman County,Kansas,wtk,38.085859,-99.860111,1088183,38.094162,-99.86267,0.950026
20083,Hodgeman County,Kansas,bchrrr,38.085859,-99.860111,1088183,38.094162,-99.86267,0.950026
20083,Hodgeman County,Kansas,nsrdb,38.085859,-99.860111,619885,38.09,-99.86,0.460561
20085,Jackson County,Kansas,wtk,39.402316,-95.752833,1306987,39.406597,-95.74829,0.615595
20085,Jackson County,Kansas,bchrrr,39.402316,-95.752833,1306987,39.406597,-95.74829,0.615595
20085,Jackson County,Kansas,nsrdb,39.402316,-95.752833,726290,39.41,-95.74,1.394881
20087,Jefferson County,Kansas,wtk,39.210953,-95.397515,1325787,39.219933,-95.390564,1.164333
20087,Jefferson County,Kansas,bchrrr,39.210953,-95.397515,1325787,39.219933,-95.390564,1.164333
20087,Jefferson County,Kansas,nsrdb,39.210953,-95.397515,734136,39.21,-95.38,1.512759
20089,Jewell County,Kansas,wtk,39.777619,-98.198884,1178929,39.772617,-98.206635,0.864947
20089,Jewell County,Kansas,bchrrr,39.777619,-98.198884,1178929,39.772617,-98.206635,0.864947
20089,Jewell County,Kansas,nsrdb,39.777619,-98.198884,665751,39.77,-98.18,1.822715
20091,Johnson County,Kansas,wtk,38.924917,-94.74028,1359804,38.91799,-94.75134,1.228317
20091,Johnson County,Kansas,bchrrr,38.924917,-94.74028,1359804,38.91799,-94.75134,1.228317
20091,Johnson County,Kansas,nsrdb,38.924917,-94.74028,747829,38.93,-94.74,0.565723
20093,Kearny County,Kansas,wtk,37.951553,-101.241668,1020230,37.9585,-101.238464,0.821965
20093,Kearny County,Kansas,bchrrr,37.951553,-101.241668,1020230,37.9585,-101.238464,0.821965
20093,Kearny County,Kansas,nsrdb,37.951553,-101.241668,582122,37.97,-101.26,2.60585
20095,Kingman County,Kansas,wtk,37.610271,-98.098032,1180065,37.610023,-98.10828,0.903134
20095,Kingman County,Kansas,bchrrr,37.610271,-98.098032,1180065,37.610023,-98.10828,0.903134
20095,Kingman County,Kansas,nsrdb,37.610271,-98.098032,668010,37.61,-98.1,0.175954
20097,Kiowa County,Kansas,wtk,37.596001,-99.252324,1118922,37.598217,-99.249664,0.340056
20097,Kiowa County,Kansas,bchrrr,37.596001,-99.252324,1118922,37.598217,-99.249664,0.340056
20097,Kiowa County,Kansas,nsrdb,37.596001,-99.252324,636222,37.61,-99.26,1.697156
20099,Labette County,Kansas,wtk,37.259854,-95.262437,1333225,37.260452,-95.27026,0.695518
20099,Labette County,Kansas,bchrrr,37.259854,-95.262437,1333225,37.260452,-95.27026,0.695518
20099,Labette County,Kansas,nsrdb,37.259854,-95.262437,736776,37.25,-95.26,1.116743
20101,Lane County,Kansas,wtk,38.504037,-100.483456,1058726,38.51304,-100.48004,1.044283
20101,Lane County,Kansas,bchrrr,38.504037,-100.483456,1058726,38.51304,-100.48004,1.044283
20101,Lane County,Kansas,nsrdb,38.504037,-100.483456,602551,38.49,-100.5,2.123471
20103,Leavenworth County,Kansas,wtk,39.235131,-94.959483,1348599,39.23501,-94.960144,0.058498
20103,Leavenworth County,Kansas,bchrrr,39.235131,-94.959483,1348599,39.23501,-94.960144,0.058498
20103,Leavenworth County,Kansas,nsrdb,39.235131,-94.959483,743588,39.25,-94.94,2.355572
20105,Lincoln County,Kansas,wtk,39.035018,-98.186195,1178889,39.03206,-98.18039,0.599656
20105,Lincoln County,Kansas,bchrrr,39.035018,-98.186195,1178889,39.03206,-98.18039,0.599656
20105,Lincoln County,Kansas,nsrdb,39.035018,-98.186195,665769,39.05,-98.18,1.749728
20107,Linn County,Kansas,wtk,38.239616,-94.800975,1357289,38.23446,-94.81198,1.119168
20107,Linn County,Kansas,bchrrr,38.239616,-94.800975,1357289,38.23446,-94.81198,1.119168
20107,Linn County,Kansas,nsrdb,38.239616,-94.800975,746157,38.25,-94.82,2.023269
20109,Logan County,Kansas,wtk,39.095505,-100.926219,1039306,39.10402,-100.928955,0.975818
20109,Logan County,Kansas,bchrrr,39.095505,-100.926219,1039306,39.10402,-100.928955,0.975818
20109,Logan County,Kansas,nsrdb,39.095505,-100.926219,590685,39.09,-100.94,1.337604
20111,Lyon County,Kansas,wtk,38.416218,-96.179071,1284361,38.407566,-96.17691,0.980311
20111,Lyon County,Kansas,bchrrr,38.416218,-96.179071,1284361,38.407566,-96.17691,0.980311
20111,Lyon County,Kansas,nsrdb,38.416218,-96.179071,716515,38.41,-96.18,0.696133
20113,McPherson County,Kansas,wtk,38.382645,-97.646747,1206529,38.376087,-97.63876,1.008199
20113,McPherson County,Kansas,bchrrr,38.382645,-97.646747,1206529,38.376087,-97.63876,1.008199
20113,McPherson County,Kansas,nsrdb,38.382645,-97.646747,680151,38.37,-97.66,1.819804
20115,Marion County,Kansas,wtk,38.324759,-97.127531,1234186,38.327652,-97.11911,0.801928
20115,Marion County,Kansas,bchrrr,38.324759,-97.127531,1234186,38.327652,-97.11911,0.801928
20115,Marion County,Kansas,nsrdb,38.324759,-97.127531,693923,38.33,-97.14,1.233962
20117,Marshall County,Kansas,wtk,39.800334,-96.573914,1264372,39.794437,-96.566864,0.890354
20117,Marshall County,Kansas,bchrrr,39.800334,-96.573914,1264372,39.794437,-96.566864,0.890354
20117,Marshall County,Kansas,nsrdb,39.800334,-96.573914,707288,39.81,-96.58,1.193943
20119,Meade County,Kansas,wtk,37.292242,-100.396822,1058660,37.296257,-100.3945,0.491433
20119,Meade County,Kansas,bchrrr,37.292242,-100.396822,1058660,37.296257,-100.3945,0.491433
20119,Meade County,Kansas,nsrdb,37.292242,-100.396822,605821,37.29,-100.38,1.508865
20121,Miami County,Kansas,wtk,38.59519,-94.831014,1356068,38.585903,-94.82895,1.048134
20121,Miami County,Kansas,bchrrr,38.59519,-94.831014,1356068,38.585903,-94.82895,1.048134
20121,Miami County,Kansas,nsrdb,38.59519,-94.831014,746148,38.61,-94.82,1.904726
20123,Mitchell County,Kansas,wtk,39.454259,-98.175023,1180165,39.458256,-98.17142,0.541499
20123,Mitchell County,Kansas,bchrrr,39.454259,-98.175023,1180165,39.458256,-98.17142,0.541499
20123,Mitchell County,Kansas,nsrdb,39.454259,-98.175023,665759,39.45,-98.18,0.637875
20125,Montgomery County,Kansas,wtk,37.143444,-95.693859,1310627,37.152,-95.687805,1.092267
20125,Montgomery County,Kansas,bchrrr,37.143444,-95.693859,1310627,37.152,-95.687805,1.092267
20125,Montgomery County,Kansas,nsrdb,37.143444,-95.693859,727225,37.13,-95.7,1.590937
20127,Morris County,Kansas,wtk,38.694353,-96.580894,1263059,38.70192,-96.58066,0.841658
20127,Morris County,Kansas,bchrrr,38.694353,-96.580894,1263059,38.70192,-96.58066,0.841658
20127,Morris County,Kansas,nsrdb,38.694353,-96.580894,707316,38.69,-96.58,0.490212
20129,Morton County,Kansas,wtk,37.043233,-101.839949,989032,37.038177,-101.834076,0.766676
20129,Morton County,Kansas,bchrrr,37.043233,-101.839949,989032,37.038177,-101.834076,0.766676
20129,Morton County,Kansas,nsrdb,37.043233,-101.839949,567206,37.05,-101.82,1.923736
20131,Nemaha County,Kansas,wtk,39.829396,-95.966204,1295724,39.83305,-95.963806,0.454989
20131,Nemaha County,Kansas,bchrrr,39.829396,-95.966204,1295724,39.83305,-95.963806,0.454989
20131,Nemaha County,Kansas,nsrdb,39.829396,-95.966204,720966,39.81,-95.98,2.457598
20133,Neosho County,Kansas,wtk,37.623786,-95.396193,1325701,37.63026,-95.40582,1.112213
20133,Neosho County,Kansas,bchrrr,37.623786,-95.396193,1325701,37.63026,-95.40582,1.112213
20133,Neosho County,Kansas,nsrdb,37.623786,-95.396193,734176,37.61,-95.38,2.093825
20135,Ness County,Kansas,wtk,38.488256,-99.897783,1088204,38.481792,-99.886566,1.212372
20135,Ness County,Kansas,bchrrr,38.488256,-99.897783,1088204,38.481792,-99.886566,1.212372
20135,Ness County,Kansas,nsrdb,38.488256,-99.897783,618788,38.49,-99.9,0.273567
20137,Norton County,Kansas,wtk,39.823509,-99.876722,1093144,39.81667,-99.87445,0.784828
20137,Norton County,Kansas,bchrrr,39.823509,-99.876722,1093144,39.81667,-99.87445,0.784828
20137,Norton County,Kansas,nsrdb,39.823509,-99.876722,619842,39.81,-99.86,2.07272
20139,Osage County,Kansas,wtk,38.69917,-95.713116,1309457,38.703133,-95.703735,0.925687
20139,Osage County,Kansas,bchrrr,38.69917,-95.713116,1309457,38.703133,-95.703735,0.925687
20139,Osage County,Kansas,nsrdb,38.69917,-95.713116,727186,38.69,-95.7,1.528206
20141,Osborne County,Kansas,wtk,39.425897,-98.70518,1152624,39.427364,-98.69812,0.62795
20141,Osborne County,Kansas,bchrrr,39.425897,-98.70518,1152624,39.427364,-98.69812,0.62795
20141,Osborne County,Kansas,nsrdb,39.425897,-98.70518,651472,39.41,-98.7,1.822814
20143,Ottawa County,Kansas,wtk,39.096394,-97.682444,1205309,39.096947,-97.68164,0.09271
20143,Ottawa County,Kansas,bchrrr,39.096394,-97.682444,1205309,39.096947,-97.68164,0.09271
20143,Ottawa County,Kansas,nsrdb,39.096394,-97.682444,679027,39.09,-97.7,1.673624
20145,Pawnee County,Kansas,wtk,38.179763,-99.146961,1126399,38.174564,-99.138336,0.950051
20145,Pawnee County,Kansas,bchrrr,38.179763,-99.146961,1126399,38.174564,-99.138336,0.950051
20145,Pawnee County,Kansas,nsrdb,38.179763,-99.146961,639478,38.17,-99.14,1.244499
20147,Phillips County,Kansas,wtk,39.759486,-99.348626,1120278,39.76098,-99.34003,0.753321
20147,Phillips County,Kansas,bchrrr,39.759486,-99.348626,1120278,39.76098,-99.34003,0.753321
20147,Phillips County,Kansas,nsrdb,39.759486,-99.348626,633989,39.77,-99.34,1.382174
20149,Pottawatomie County,Kansas,wtk,39.251686,-96.33228,1276883,39.25825,-96.322815,1.094026
20149,Pottawatomie County,Kansas,bchrrr,39.251686,-96.33228,1276883,39.25825,-96.322815,1.094026
20149,Pottawatomie County,Kansas,nsrdb,39.251686,-96.33228,712841,39.25,-96.34,0.690681
20151,Pratt County,Kansas,wtk,37.644796,-98.730599,1146276,37.650272,-98.7392,0.971697
20151,Pratt County,Kansas,bchrrr,37.644796,-98.730599,1146276,37.650272,-98.7392,0.971697
20151,Pratt County,Kansas,nsrdb,37.644796,-98.730599,650419,37.65,-98.74,1.009908
20153,Rawlins County,Kansas,wtk,39.807174,-101.050328,1035946,39.803047,-101.05759,0.771631
20153,Rawlins County,Kansas,bchrrr,39.807174,-101.050328,1035946,39.803047,-101.05759,0.771631
20153,Rawlins County,Kansas,nsrdb,39.807174,-101.050328,587442,39.81,-101.06,0.883912
20155,Reno County,Kansas,wtk,38.051647,-97.931921,1190123,38.05669,-97.935486,0.641781
20155,Reno County,Kansas,bchrrr,38.051647,-97.931921,1190123,38.05669,-97.935486,0.641781
20155,Reno County,Kansas,nsrdb,38.051647,-97.931921,672417,38.05,-97.94,0.730736
20157,Republic County,Kansas,wtk,39.817926,-97.659057,1207866,39.81995,-97.65314,0.553196
20157,Republic County,Kansas,bchrrr,39.817926,-97.659057,1207866,39.81995,-97.65314,0.553196
20157,Republic County,Kansas,nsrdb,39.817926,-97.659057,680115,39.81,-97.66,0.885005
20159,Rice County,Kansas,wtk,38.320382,-98.199928,1176346,38.328487,-98.203125,0.9434
20159,Rice County,Kansas,bchrrr,38.320382,-98.199928,1176346,38.328487,-98.203125,0.9434
20159,Rice County,Kansas,nsrdb,38.320382,-98.199928,665787,38.33,-98.18,2.041013
20161,Riley County,Kansas,wtk,39.190165,-96.632699,1260577,39.18276,-96.632935,0.823651
20161,Riley County,Kansas,bchrrr,39.190165,-96.632699,1260577,39.18276,-96.632935,0.823651
20161,Riley County,Kansas,nsrdb,39.190165,-96.632699,706373,39.21,-96.62,2.462093
20163,Rooks County,Kansas,wtk,39.321747,-99.314019,1120254,39.31675,-99.31607,0.582981
20163,Rooks County,Kansas,bchrrr,39.321747,-99.314019,1120254,39.31675,-99.31607,0.582981
20163,Rooks County,Kansas,nsrdb,39.321747,-99.314019,635089,39.33,-99.3,1.515333
20165,Rush County,Kansas,wtk,38.527827,-99.281229,1120211,38.521748,-99.27399,0.923842
20165,Rush County,Kansas,bchrrr,38.527827,-99.281229,1120211,38.521748,-99.27399,0.923842
20165,Rush County,Kansas,nsrdb,38.527827,-99.281229,635109,38.53,-99.3,1.650619
20167,Russell County,Kansas,wtk,38.904216,-98.830598,1143846,38.904835,-98.84204,0.992481
20167,Russell County,Kansas,bchrrr,38.904216,-98.830598,1143846,38.904835,-98.84204,0.992481
20167,Russell County,Kansas,nsrdb,38.904216,-98.830598,648197,38.89,-98.82,1.82755
20169,Saline County,Kansas,wtk,38.814764,-97.605555,1209071,38.82056,-97.602936,0.683263
20169,Saline County,Kansas,bchrrr,38.814764,-97.605555,1209071,38.82056,-97.602936,0.683263
20169,Saline County,Kansas,nsrdb,38.814764,-97.605555,681246,38.81,-97.62,1.359056
20171,Scott County,Kansas,wtk,38.481571,-100.913146,1038138,38.475094,-100.90314,1.130201
20171,Scott County,Kansas,bchrrr,38.481571,-100.913146,1038138,38.475094,-100.90314,1.130201
20171,Scott County,Kansas,nsrdb,38.481571,-100.913146,591776,38.49,-100.9,1.479088
20173,Sedgwick County,Kansas,wtk,37.680274,-97.344401,1221582,37.678482,-97.34085,0.370627
20173,Sedgwick County,Kansas,bchrrr,37.680274,-97.344401,1221582,37.678482,-97.34085,0.370627
20173,Sedgwick County,Kansas,nsrdb,37.680274,-97.344401,688776,37.69,-97.34,1.148734
20175,Seward County,Kansas,wtk,37.051087,-100.918722,1032408,37.050816,-100.909546,0.81488
20175,Seward County,Kansas,bchrrr,37.051087,-100.918722,1032408,37.050816,-100.909546,0.81488
20175,Seward County,Kansas,nsrdb,37.051087,-100.918722,591812,37.05,-100.9,1.66588
20177,Shawnee County,Kansas,wtk,39.034791,-95.70642,1309475,39.03618,-95.70215,0.399841
20177,Shawnee County,Kansas,bchrrr,39.034791,-95.70642,1309475,39.03618,-95.70215,0.399841
20177,Shawnee County,Kansas,nsrdb,39.034791,-95.70642,727177,39.05,-95.7,1.779735
20179,Sheridan County,Kansas,wtk,39.368138,-100.463426,1062250,39.366024,-100.46991,0.604934
20179,Sheridan County,Kansas,bchrrr,39.368138,-100.463426,1062250,39.366024,-100.46991,0.604934
20179,Sheridan County,Kansas,nsrdb,39.368138,-100.463426,603609,39.37,-100.46,0.360003
20181,Sherman County,Kansas,wtk,39.350879,-101.726039,1004073,39.360256,-101.71759,1.27078
20181,Sherman County,Kansas,bchrrr,39.350879,-101.726039,1004073,39.360256,-101.71759,1.27078
20181,Sherman County,Kansas,nsrdb,39.350879,-101.726039,569275,39.37,-101.74,2.441557
20183,Smith County,Kansas,wtk,39.770601,-98.805593,1147640,39.77663,-98.80994,0.766449
20183,Smith County,Kansas,bchrrr,39.770601,-98.805593,1147640,39.77663,-98.80994,0.766449
20183,Smith County,Kansas,nsrdb,39.770601,-98.805593,648175,39.77,-98.82,1.233124
20185,Stafford County,Kansas,wtk,38.005058,-98.733842,1147544,38.001472,-98.73102,0.469186
20185,Stafford County,Kansas,bchrrr,38.005058,-98.733842,1147544,38.001472,-98.73102,0.469186
20185,Stafford County,Kansas,nsrdb,38.005058,-98.733842,650410,38.01,-98.74,0.770109
20187,Stanton County,Kansas,wtk,37.565288,-101.757368,994367,37.559776,-101.76544,0.939082
20187,Stanton County,Kansas,bchrrr,37.565288,-101.757368,994367,37.559776,-101.76544,0.939082
20187,Stanton County,Kansas,nsrdb,37.565288,-101.757368,569320,37.57,-101.74,1.61795
20189,Stevens County,Kansas,wtk,37.187134,-101.322527,1013642,37.196365,-101.315,1.22398
20189,Stevens County,Kansas,bchrrr,37.187134,-101.322527,1013642,37.196365,-101.315,1.22398
20189,Stevens County,Kansas,nsrdb,37.187134,-101.322527,580001,37.17,-101.34,2.454839
20191,Sumner County,Kansas,wtk,37.303365,-97.406734,1217790,37.30864,-97.40265,0.688854
20191,Sumner County,Kansas,bchrrr,37.303365,-97.406734,1217790,37.30864,-97.40265,0.688854
20191,Sumner County,Kansas,nsrdb,37.303365,-97.406734,686696,37.29,-97.42,1.893563
20193,Thomas County,Kansas,wtk,39.384652,-101.050188,1034792,39.376606,-101.04672,0.943021
20193,Thomas County,Kansas,bchrrr,39.384652,-101.050188,1034792,39.376606,-101.04672,0.943021
20193,Thomas County,Kansas,nsrdb,39.384652,-101.050188,587453,39.37,-101.06,1.834571
20195,Trego County,Kansas,wtk,39.003745,-99.881419,1090659,39.000904,-99.87134,0.926468
20195,Trego County,Kansas,bchrrr,39.003745,-99.881419,1090659,39.000904,-99.87134,0.926468
20195,Trego County,Kansas,nsrdb,39.003745,-99.881419,618775,39.01,-99.9,1.749698
20197,Wabaunsee County,Kansas,wtk,38.989699,-96.178614,1284392,38.980927,-96.17856,0.975414
20197,Wabaunsee County,Kansas,bchrrr,38.989699,-96.178614,1284392,38.980927,-96.17856,0.975414
20197,Wabaunsee County,Kansas,nsrdb,38.989699,-96.178614,716501,38.97,-96.18,2.193706
20199,Wallace County,Kansas,wtk,38.885844,-101.761619,999768,38.89335,-101.77002,1.106926
20199,Wallace County,Kansas,bchrrr,38.885844,-101.761619,999768,38.89335,-101.77002,1.106926
20199,Wallace County,Kansas,nsrdb,38.885844,-101.761619,568223,38.89,-101.78,1.656664
20201,Washington County,Kansas,wtk,39.779333,-97.048777,1239287,39.772175,-97.04895,0.796072
20201,Washington County,Kansas,bchrrr,39.779333,-97.048777,1239287,39.772175,-97.04895,0.796072
20201,Washington County,Kansas,nsrdb,39.779333,-97.048777,695908,39.77,-97.06,1.413124
20203,Wichita County,Kansas,wtk,38.494577,-101.349638,1016971,38.489506,-101.35397,0.678303
20203,Wichita County,Kansas,bchrrr,38.494577,-101.349638,1016971,38.489506,-101.35397,0.678303
20203,Wichita County,Kansas,nsrdb,38.494577,-101.349638,579968,38.49,-101.34,0.981133
20205,Wilson County,Kansas,wtk,37.511439,-95.739728,1308138,37.5025,-95.732574,1.17737
20205,Wilson County,Kansas,bchrrr,37.511439,-95.739728,1308138,37.5025,-95.732574,1.17737
20205,Wilson County,Kansas,nsrdb,37.511439,-95.739728,726337,37.53,-95.74,2.064031
20207,Woodson County,Kansas,wtk,37.876072,-95.734987,1308158,37.871605,-95.73102,0.606598
20207,Woodson County,Kansas,bchrrr,37.876072,-95.734987,1308158,37.871605,-95.73102,0.606598
20207,Woodson County,Kansas,nsrdb,37.876072,-95.734987,726328,37.89,-95.74,1.610003
20209,Wyandotte County,Kansas,wtk,39.106037,-94.712826,1361053,39.102757,-94.723785,1.013518
20209,Wyandotte County,Kansas,bchrrr,39.106037,-94.712826,1361053,39.102757,-94.723785,1.013518
20209,Wyandotte County,Kansas,nsrdb,39.106037,-94.712826,748669,39.09,-94.7,2.098804
21001,Adair County,Kentucky,wtk,37.107461,-85.279614,1852209,37.115417,-85.27838,0.89141
21001,Adair County,Kentucky,bchrrr,37.107461,-85.279614,1852209,37.115417,-85.27838,0.89141
21001,Adair County,Kentucky,nsrdb,37.107461,-85.279614,951732,37.09,-85.26,2.606863
21003,Allen County,Kentucky,wtk,36.750247,-86.210146,1809940,36.748,-86.22052,0.957462
21003,Allen County,Kentucky,bchrrr,36.750247,-86.210146,1809940,36.748,-86.22052,0.957462
21003,Allen County,Kentucky,nsrdb,36.750247,-86.210146,932127,36.77,-86.22,2.365358
21005,Anderson County,Kentucky,wtk,38.027987,-84.925674,1860847,38.02768,-84.9328,0.625097
21005,Anderson County,Kentucky,bchrrr,38.027987,-84.925674,1860847,38.02768,-84.9328,0.625097
21005,Anderson County,Kentucky,nsrdb,38.027987,-84.925674,958376,38.01,-84.94,2.361184
21007,Ballard County,Kentucky,wtk,37.043622,-88.976977,1666470,37.036327,-88.984985,1.078513
21007,Ballard County,Kentucky,bchrrr,37.043622,-88.976977,1666470,37.036327,-88.984985,1.078513
21007,Ballard County,Kentucky,nsrdb,37.043622,-88.976977,873321,37.05,-88.98,0.758253
21009,Barren County,Kentucky,wtk,36.995284,-85.932308,1822405,36.99712,-85.92648,0.556386
21009,Barren County,Kentucky,bchrrr,36.995284,-85.932308,1822405,36.99712,-85.92648,0.556386
21009,Barren County,Kentucky,nsrdb,36.995284,-85.932308,937728,37.01,-85.94,1.773189
21011,Bath County,Kentucky,wtk,38.138461,-83.740644,1914284,38.133953,-83.750824,1.021752
21011,Bath County,Kentucky,bchrrr,38.138461,-83.740644,1914284,38.133953,-83.750824,1.021752
21011,Bath County,Kentucky,nsrdb,38.138461,-83.740644,983899,38.13,-83.74,0.942506
21013,Bell County,Kentucky,wtk,36.680915,-83.704482,1928651,36.672855,-83.706055,0.907144
21013,Bell County,Kentucky,bchrrr,36.680915,-83.704482,1928651,36.672855,-83.706055,0.907144
21013,Bell County,Kentucky,nsrdb,36.680915,-83.704482,984817,36.69,-83.7,1.086392
21015,Boone County,Kentucky,wtk,38.98489,-84.679025,1864084,38.99029,-84.6882,0.994678
21015,Boone County,Kentucky,bchrrr,38.98489,-84.679025,1864084,38.99029,-84.6882,0.994678
21015,Boone County,Kentucky,nsrdb,38.98489,-84.679025,964209,38.97,-84.66,2.33365
21017,Bourbon County,Kentucky,wtk,38.203999,-84.246703,1891029,38.210194,-84.23529,1.212001
21017,Bourbon County,Kentucky,bchrrr,38.203999,-84.246703,1891029,38.210194,-84.23529,1.212001
21017,Bourbon County,Kentucky,nsrdb,38.203999,-84.246703,972687,38.21,-84.26,1.339815
21019,Boyd County,Kentucky,wtk,38.43218,-82.666246,1956509,38.427185,-82.66528,0.561757
21019,Boyd County,Kentucky,bchrrr,38.43218,-82.666246,1956509,38.427185,-82.66528,0.561757
21019,Boyd County,Kentucky,nsrdb,38.43218,-82.666246,1006661,38.45,-82.66,2.054811
21021,Boyle County,Kentucky,wtk,37.637852,-84.796828,1870358,37.63898,-84.78931,0.673762
21021,Boyle County,Kentucky,bchrrr,37.637852,-84.796828,1870358,37.63898,-84.78931,0.673762
21021,Boyle County,Kentucky,nsrdb,37.637852,-84.796828,961728,37.65,-84.78,2.004979
21023,Bracken County,Kentucky,wtk,38.701155,-84.072637,1894433,38.695698,-84.07129,0.617949
21023,Bracken County,Kentucky,bchrrr,38.701155,-84.072637,1894433,38.695698,-84.07129,0.617949
21023,Bracken County,Kentucky,nsrdb,38.701155,-84.072637,976931,38.69,-84.06,1.655691
21025,Breathitt County,Kentucky,wtk,37.518699,-83.377381,1935383,37.5268,-83.37436,0.939365
21025,Breathitt County,Kentucky,bchrrr,37.518699,-83.377381,1935383,37.5268,-83.37436,0.939365
21025,Breathitt County,Kentucky,nsrdb,37.518699,-83.377381,991733,37.53,-83.38,1.277665
21027,Breckinridge County,Kentucky,wtk,37.769802,-86.408099,1792869,37.769684,-86.41455,0.567177
21027,Breckinridge County,Kentucky,bchrrr,37.769802,-86.408099,1792869,37.769684,-86.41455,0.567177
21027,Breckinridge County,Kentucky,nsrdb,37.769802,-86.408099,928199,37.77,-86.42,1.046296
21029,Bullitt County,Kentucky,wtk,38.023774,-85.651735,1828081,38.028366,-85.642456,0.959847
21029,Bullitt County,Kentucky,bchrrr,38.023774,-85.651735,1828081,38.028366,-85.642456,0.959847
21029,Bullitt County,Kentucky,nsrdb,38.023774,-85.651735,943480,38.01,-85.66,1.694117
21031,Butler County,Kentucky,wtk,37.217537,-86.677676,1783532,37.219177,-86.68414,0.600727
21031,Butler County,Kentucky,bchrrr,37.217537,-86.677676,1783532,37.219177,-86.68414,0.600727
21031,Butler County,Kentucky,nsrdb,37.217537,-86.677676,923441,37.21,-86.66,1.775522
21033,Caldwell County,Kentucky,wtk,37.125483,-87.878831,1723210,37.119728,-87.88455,0.816461
21033,Caldwell County,Kentucky,bchrrr,37.125483,-87.878831,1723210,37.119728,-87.88455,0.816461
21033,Caldwell County,Kentucky,nsrdb,37.125483,-87.878831,898353,37.13,-87.86,1.74338
21035,Calloway County,Kentucky,wtk,36.621005,-88.306089,1703989,36.617195,-88.316895,1.053357
21035,Calloway County,Kentucky,bchrrr,36.621005,-88.306089,1703989,36.617195,-88.316895,1.053357
21035,Calloway County,Kentucky,nsrdb,36.621005,-88.306089,888718,36.61,-88.3,1.33895
21037,Campbell County,Kentucky,wtk,39.032377,-84.43929,1874661,39.03723,-84.43887,0.540848
21037,Campbell County,Kentucky,bchrrr,39.032377,-84.43929,1874661,39.03723,-84.43887,0.540848
21037,Campbell County,Kentucky,nsrdb,39.032377,-84.43929,969271,39.05,-84.42,2.572053
21039,Carlisle County,Kentucky,wtk,36.85564,-88.946335,1670112,36.847954,-88.93634,1.233418
21039,Carlisle County,Kentucky,bchrrr,36.85564,-88.946335,1670112,36.847954,-88.93634,1.233418
21039,Carlisle County,Kentucky,nsrdb,36.85564,-88.946335,874248,36.85,-88.94,0.84322
21041,Carroll County,Kentucky,wtk,38.669285,-85.140756,1846830,38.664696,-85.13013,1.054267
21041,Carroll County,Kentucky,bchrrr,38.669285,-85.140756,1846830,38.664696,-85.13013,1.054267
21041,Carroll County,Kentucky,nsrdb,38.669285,-85.140756,954171,38.65,-85.14,2.145402
21043,Carter County,Kentucky,wtk,38.314089,-83.034876,1943023,38.305393,-83.02557,1.262648
21043,Carter County,Kentucky,bchrrr,38.314089,-83.034876,1943023,38.305393,-83.02557,1.262648
21043,Carter County,Kentucky,nsrdb,38.314089,-83.034876,999204,38.33,-83.02,2.194144
21045,Casey County,Kentucky,wtk,37.301616,-84.926001,1867166,37.299564,-84.91962,0.608789
21045,Casey County,Kentucky,bchrrr,37.301616,-84.926001,1867166,37.299564,-84.91962,0.608789
21045,Casey County,Kentucky,nsrdb,37.301616,-84.926001,958394,37.29,-84.94,1.78935
21047,Christian County,Kentucky,wtk,36.80904,-87.477865,1745822,36.80857,-87.48468,0.608967
21047,Christian County,Kentucky,bchrrr,36.80904,-87.477865,1745822,36.80857,-87.48468,0.608967
21047,Christian County,Kentucky,nsrdb,36.80904,-87.477865,906948,36.81,-87.46,1.594033
21049,Clark County,Kentucky,wtk,37.986423,-84.182818,1895519,37.98008,-84.18375,0.710025
21049,Clark County,Kentucky,bchrrr,37.986423,-84.182818,1895519,37.98008,-84.18375,0.710025
21049,Clark County,Kentucky,nsrdb,37.986423,-84.182818,974394,37.97,-84.18,1.842785
21051,Clay County,Kentucky,wtk,37.168947,-83.750026,1922619,37.163074,-83.75122,0.661564
21051,Clay County,Kentucky,bchrrr,37.168947,-83.750026,1922619,37.163074,-83.75122,0.661564
21051,Clay County,Kentucky,nsrdb,37.168947,-83.750026,983923,37.17,-83.74,0.896047
21053,Clinton County,Kentucky,wtk,36.715915,-85.134458,1861838,36.70981,-85.13791,0.745329
21053,Clinton County,Kentucky,bchrrr,36.715915,-85.134458,1861838,36.70981,-85.13791,0.745329
21053,Clinton County,Kentucky,nsrdb,36.715915,-85.134458,954219,36.73,-85.14,1.642226
21055,Crittenden County,Kentucky,wtk,37.332252,-88.095021,1711240,37.339924,-88.08951,0.982422
21055,Crittenden County,Kentucky,bchrrr,37.332252,-88.095021,1711240,37.339924,-88.08951,0.982422
21055,Crittenden County,Kentucky,nsrdb,37.332252,-88.095021,893130,37.33,-88.1,0.506461
21057,Cumberland County,Kentucky,wtk,36.78242,-85.389745,1850009,36.77339,-85.38223,1.206721
21057,Cumberland County,Kentucky,bchrrr,36.78242,-85.389745,1850009,36.77339,-85.38223,1.206721
21057,Cumberland County,Kentucky,nsrdb,36.78242,-85.389745,949268,36.77,-85.38,1.631134
21059,Daviess County,Kentucky,wtk,37.74744,-87.095073,1758893,37.739655,-87.100525,0.989529
21059,Daviess County,Kentucky,bchrrr,37.74744,-87.095073,1758893,37.739655,-87.100525,0.989529
21059,Daviess County,Kentucky,nsrdb,37.74744,-87.095073,914463,37.73,-87.1,1.98705
21061,Edmonson County,Kentucky,wtk,37.192286,-86.253287,1805431,37.19586,-86.24475,0.854253
21061,Edmonson County,Kentucky,bchrrr,37.192286,-86.253287,1805431,37.19586,-86.24475,0.854253
21061,Edmonson County,Kentucky,nsrdb,37.192286,-86.253287,931334,37.21,-86.26,2.057489
21063,Elliott County,Kentucky,wtk,38.122973,-83.108682,1941108,38.128975,-83.1098,0.67452
21063,Elliott County,Kentucky,bchrrr,38.122973,-83.108682,1941108,38.128975,-83.1098,0.67452
21063,Elliott County,Kentucky,nsrdb,38.122973,-83.108682,997566,38.13,-83.1,1.089618
21065,Estill County,Kentucky,wtk,37.707053,-83.991852,1906705,37.715363,-83.99756,1.051643
21065,Estill County,Kentucky,bchrrr,37.707053,-83.991852,1906705,37.715363,-83.99756,1.051643
21065,Estill County,Kentucky,nsrdb,37.707053,-83.991852,978675,37.69,-83.98,2.164015
21067,Fayette County,Kentucky,wtk,38.020292,-84.494416,1881029,38.01493,-84.4852,1.003635
21067,Fayette County,Kentucky,bchrrr,38.020292,-84.494416,1881029,38.01493,-84.4852,1.003635
21067,Fayette County,Kentucky,nsrdb,38.020292,-84.494416,967603,38.01,-84.5,1.244588
21069,Fleming County,Kentucky,wtk,38.388871,-83.70969,1914298,38.389633,-83.7005,0.805431
21069,Fleming County,Kentucky,bchrrr,38.388871,-83.70969,1914298,38.389633,-83.7005,0.805431
21069,Fleming County,Kentucky,nsrdb,38.388871,-83.70969,984775,38.37,-83.7,2.261983
21071,Floyd County,Kentucky,wtk,37.558558,-82.739631,1961333,37.55585,-82.73184,0.749884
21071,Floyd County,Kentucky,bchrrr,37.558558,-82.739631,1961333,37.55585,-82.73184,0.749884
21071,Floyd County,Kentucky,nsrdb,37.558558,-82.739631,1005038,37.57,-82.74,1.27271
21073,Franklin County,Kentucky,wtk,38.195366,-84.867159,1862980,38.187237,-84.85712,1.259675
21073,Franklin County,Kentucky,bchrrr,38.195366,-84.867159,1862980,38.187237,-84.85712,1.259675
21073,Franklin County,Kentucky,nsrdb,38.195366,-84.867159,960043,38.21,-84.86,1.743328
21075,Fulton County,Kentucky,wtk,36.538105,-89.037154,1666443,36.541,-89.03912,0.366709
21075,Fulton County,Kentucky,bchrrr,36.538105,-89.037154,1666443,36.541,-89.03912,0.366709
21075,Fulton County,Kentucky,nsrdb,36.538105,-89.037154,872413,36.53,-89.02,1.777975
21077,Gallatin County,Kentucky,wtk,38.764924,-84.84161,1858757,38.76506,-84.84906,0.6461
21077,Gallatin County,Kentucky,bchrrr,38.764924,-84.84161,1858757,38.76506,-84.84906,0.6461
21077,Gallatin County,Kentucky,nsrdb,38.764924,-84.84161,960029,38.77,-84.86,1.691336
21079,Garrard County,Kentucky,wtk,37.650334,-84.575312,1879922,37.65212,-84.57507,0.199734
21079,Garrard County,Kentucky,bchrrr,37.650334,-84.575312,1879922,37.65212,-84.57507,0.199734
21079,Garrard County,Kentucky,nsrdb,37.650334,-84.575312,965923,37.65,-84.58,0.414396
21081,Grant County,Kentucky,wtk,38.689235,-84.602974,1870415,38.68156,-84.60083,0.873476
21081,Grant County,Kentucky,bchrrr,38.689235,-84.602974,1870415,38.68156,-84.60083,0.873476
21081,Grant County,Kentucky,nsrdb,38.689235,-84.602974,965054,38.69,-84.62,1.480177
21083,Graves County,Kentucky,wtk,36.742206,-88.650728,1685887,36.734734,-88.64896,0.845654
21083,Graves County,Kentucky,bchrrr,36.742206,-88.650728,1685887,36.734734,-88.64896,0.845654
21083,Graves County,Kentucky,nsrdb,36.742206,-88.650728,880654,36.73,-88.66,1.588961
21085,Grayson County,Kentucky,wtk,37.471305,-86.304586,1800891,37.461056,-86.297455,1.301872
21085,Grayson County,Kentucky,bchrrr,37.471305,-86.304586,1800891,37.461056,-86.297455,1.301872
21085,Grayson County,Kentucky,nsrdb,37.471305,-86.304586,930546,37.49,-86.3,2.117813
21087,Green County,Kentucky,wtk,37.265988,-85.538897,1839074,37.272514,-85.53226,0.933543
21087,Green County,Kentucky,bchrrr,37.265988,-85.538897,1839074,37.272514,-85.53226,0.933543
21087,Green County,Kentucky,nsrdb,37.265988,-85.538897,945965,37.25,-85.54,1.780465
21089,Greenup County,Kentucky,wtk,38.554369,-82.809229,1949746,38.557926,-82.80499,0.54065
21089,Greenup County,Kentucky,bchrrr,38.554369,-82.809229,1949746,38.557926,-82.80499,0.54065
21089,Greenup County,Kentucky,nsrdb,38.554369,-82.809229,1003360,38.57,-82.82,1.974336
21091,Hancock County,Kentucky,wtk,37.868558,-86.805157,1773032,37.861412,-86.8009,0.878088
21091,Hancock County,Kentucky,bchrrr,37.868558,-86.805157,1773032,37.861412,-86.8009,0.878088
21091,Hancock County,Kentucky,nsrdb,37.868558,-86.805157,920178,37.85,-86.82,2.440551
21093,Hardin County,Kentucky,wtk,37.743558,-85.915869,1816790,37.740532,-85.92511,0.879475
21093,Hardin County,Kentucky,bchrrr,37.743558,-85.915869,1816790,37.740532,-85.92511,0.879475
21093,Hardin County,Kentucky,nsrdb,37.743558,-85.915869,938531,37.73,-85.9,2.054295
21095,Harlan County,Kentucky,wtk,36.866094,-83.233711,1946770,36.872963,-83.22443,1.124728
21095,Harlan County,Kentucky,bchrrr,36.866094,-83.233711,1946770,36.872963,-83.22443,1.124728
21095,Harlan County,Kentucky,nsrdb,36.866094,-83.233711,995116,36.85,-83.22,2.16579
21097,Harrison County,Kentucky,wtk,38.414067,-84.314317,1885443,38.406506,-84.317444,0.883791
21097,Harrison County,Kentucky,bchrrr,38.414067,-84.314317,1885443,38.406506,-84.317444,0.883791
21097,Harrison County,Kentucky,nsrdb,38.414067,-84.314317,971832,38.41,-84.3,1.326861
21099,Hart County,Kentucky,wtk,37.280447,-85.887769,1822420,37.271397,-85.88287,1.095703
21099,Hart County,Kentucky,bchrrr,37.280447,-85.887769,1822420,37.271397,-85.88287,1.095703
21099,Hart County,Kentucky,nsrdb,37.280447,-85.887769,938542,37.29,-85.9,1.516331
21101,Henderson County,Kentucky,wtk,37.817974,-87.564516,1735180,37.816246,-87.559875,0.450682
21101,Henderson County,Kentucky,bchrrr,37.817974,-87.564516,1735180,37.816246,-87.559875,0.450682
21101,Henderson County,Kentucky,nsrdb,37.817974,-87.564516,904401,37.81,-87.58,1.623667
21103,Henry County,Kentucky,wtk,38.431401,-85.180762,1846817,38.426533,-85.17163,0.962172
21103,Henry County,Kentucky,bchrrr,38.431401,-85.180762,1846817,38.426533,-85.17163,0.962172
21103,Henry County,Kentucky,nsrdb,38.431401,-85.180762,953350,38.45,-85.18,2.069182
21105,Hickman County,Kentucky,wtk,36.664417,-88.956582,1670102,36.664528,-88.95657,0.012389
21105,Hickman County,Kentucky,bchrrr,36.664417,-88.956582,1670102,36.664528,-88.95657,0.012389
21105,Hickman County,Kentucky,nsrdb,36.664417,-88.956582,874253,36.65,-88.94,2.181252
21107,Hopkins County,Kentucky,wtk,37.308864,-87.521977,1741099,37.31114,-87.51044,1.051261
21107,Hopkins County,Kentucky,bchrrr,37.308864,-87.521977,1741099,37.31114,-87.51044,1.051261
21107,Hopkins County,Kentucky,nsrdb,37.308864,-87.521977,905257,37.29,-87.54,2.634638
21109,Jackson County,Kentucky,wtk,37.40058,-83.99243,1909950,37.396957,-83.98764,0.58424
21109,Jackson County,Kentucky,bchrrr,37.40058,-83.99243,1909950,37.396957,-83.98764,0.58424
21109,Jackson County,Kentucky,nsrdb,37.40058,-83.99243,978682,37.41,-83.98,1.517435
21111,Jefferson County,Kentucky,wtk,38.201452,-85.686197,1824732,38.200386,-85.68512,0.151351
21111,Jefferson County,Kentucky,bchrrr,38.201452,-85.686197,1824732,38.200386,-85.68512,0.151351
21111,Jefferson County,Kentucky,nsrdb,38.201452,-85.686197,942647,38.21,-85.7,1.535584
21113,Jessamine County,Kentucky,wtk,37.886865,-84.585374,1877778,37.89489,-84.578125,1.095867
21113,Jessamine County,Kentucky,bchrrr,37.886865,-84.585374,1877778,37.89489,-84.578125,1.095867
21113,Jessamine County,Kentucky,nsrdb,37.886865,-84.585374,965917,37.89,-84.58,0.586453
21115,Johnson County,Kentucky,wtk,37.83055,-82.817107,1955505,37.828926,-82.81619,0.197726
21115,Johnson County,Kentucky,bchrrr,37.83055,-82.817107,1955505,37.828926,-82.81619,0.197726
21115,Johnson County,Kentucky,nsrdb,37.83055,-82.817107,1003378,37.85,-82.82,2.177614
21117,Kenton County,Kentucky,wtk,39.011076,-84.54908,1870433,39.011208,-84.54001,0.783796
21117,Kenton County,Kentucky,bchrrr,39.011076,-84.54908,1870433,39.011208,-84.54001,0.783796
21117,Kenton County,Kentucky,nsrdb,39.011076,-84.54908,966733,39.01,-84.54,0.793601
21119,Knott County,Kentucky,wtk,37.32899,-82.942339,1954507,37.322235,-82.945496,0.801318
21119,Knott County,Kentucky,bchrrr,37.32899,-82.942339,1954507,37.322235,-82.945496,0.801318
21119,Knott County,Kentucky,nsrdb,37.32899,-82.942339,1000888,37.33,-82.94,0.235336
21121,Knox County,Kentucky,wtk,36.902733,-83.921085,1917397,36.9038,-83.917725,0.321458
21121,Knox County,Kentucky,bchrrr,36.902733,-83.921085,1917397,36.9038,-83.917725,0.321458
21121,Knox County,Kentucky,nsrdb,36.902733,-83.921085,979554,36.89,-83.94,2.198594
21123,Larue County,Kentucky,wtk,37.542803,-85.723173,1828054,37.5341,-85.72351,0.968187
21123,Larue County,Kentucky,bchrrr,37.542803,-85.723173,1828054,37.5341,-85.72351,0.968187
21123,Larue County,Kentucky,nsrdb,37.542803,-85.723173,941836,37.53,-85.74,2.056234
21125,Laurel County,Kentucky,wtk,37.091993,-84.087511,1907763,37.092514,-84.09204,0.405862
21125,Laurel County,Kentucky,bchrrr,37.091993,-84.087511,1907763,37.092514,-84.09204,0.405862
21125,Laurel County,Kentucky,nsrdb,37.091993,-84.087511,976113,37.09,-84.1,1.129699
21127,Lawrence County,Kentucky,wtk,38.08103,-82.677503,1959408,38.071743,-82.66977,1.234736
21127,Lawrence County,Kentucky,bchrrr,38.08103,-82.677503,1959408,38.071743,-82.66977,1.234736
21127,Lawrence County,Kentucky,nsrdb,38.08103,-82.677503,1006670,38.09,-82.66,1.827973
21129,Lee County,Kentucky,wtk,37.59067,-83.702884,1921611,37.58508,-83.69263,1.096675
21129,Lee County,Kentucky,bchrrr,37.59067,-83.702884,1921611,37.58508,-83.69263,1.096675
21129,Lee County,Kentucky,nsrdb,37.59067,-83.702884,984794,37.61,-83.7,2.164366
21131,Leslie County,Kentucky,wtk,37.115706,-83.375998,1938203,37.11747,-83.38574,0.885794
21131,Leslie County,Kentucky,bchrrr,37.115706,-83.375998,1938203,37.11747,-83.38574,0.885794
21131,Leslie County,Kentucky,nsrdb,37.115706,-83.375998,991743,37.13,-83.38,1.628546
21133,Letcher County,Kentucky,wtk,37.146731,-82.807213,1961311,37.15567,-82.815765,1.249983
21133,Letcher County,Kentucky,bchrrr,37.146731,-82.807213,1961311,37.15567,-82.815765,1.249983
21133,Letcher County,Kentucky,nsrdb,37.146731,-82.807213,1003396,37.13,-82.82,2.1785
21135,Lewis County,Kentucky,wtk,38.564103,-83.350443,1927775,38.571514,-83.35324,0.859196
21135,Lewis County,Kentucky,bchrrr,38.564103,-83.350443,1927775,38.571514,-83.35324,0.859196
21135,Lewis County,Kentucky,nsrdb,38.564103,-83.350443,992564,38.57,-83.34,1.119953
21137,Lincoln County,Kentucky,wtk,37.473356,-84.670418,1876688,37.477303,-84.677155,0.738965
21137,Lincoln County,Kentucky,bchrrr,37.473356,-84.670418,1876688,37.477303,-84.677155,0.738965
21137,Lincoln County,Kentucky,nsrdb,37.473356,-84.670418,964246,37.49,-84.66,2.066461
21139,Livingston County,Kentucky,wtk,37.13308,-88.351336,1699201,37.137634,-88.346954,0.638212
21139,Livingston County,Kentucky,bchrrr,37.13308,-88.351336,1699201,37.137634,-88.346954,0.638212
21139,Livingston County,Kentucky,nsrdb,37.13308,-88.351336,887813,37.13,-88.34,1.061697
21141,Logan County,Kentucky,wtk,36.85995,-86.862826,1777668,36.86367,-86.85193,1.053934
21141,Logan County,Kentucky,bchrrr,36.85995,-86.862826,1777668,36.86367,-86.85193,1.053934
21141,Logan County,Kentucky,nsrdb,36.85995,-86.862826,919391,36.85,-86.86,1.134602
21143,Lyon County,Kentucky,wtk,37.065487,-88.079376,1713625,37.061123,-88.0777,0.507531
21143,Lyon County,Kentucky,bchrrr,37.065487,-88.079376,1713625,37.061123,-88.0777,0.507531
21143,Lyon County,Kentucky,nsrdb,37.065487,-88.079376,894015,37.05,-88.06,2.433469
21145,McCracken County,Kentucky,wtk,37.049301,-88.649882,1683481,37.04993,-88.658936,0.806548
21145,McCracken County,Kentucky,bchrrr,37.049301,-88.649882,1683481,37.04993,-88.658936,0.806548
21145,McCracken County,Kentucky,nsrdb,37.049301,-88.649882,880646,37.05,-88.66,0.901293
21147,McCreary County,Kentucky,wtk,36.713016,-84.447421,1894324,36.70565,-84.44284,0.915218
21147,McCreary County,Kentucky,bchrrr,36.713016,-84.447421,1894324,36.70565,-84.44284,0.915218
21147,McCreary County,Kentucky,nsrdb,36.713016,-84.447421,968483,36.73,-84.46,2.196257
21149,McLean County,Kentucky,wtk,37.51555,-87.221384,1754154,37.50935,-87.22653,0.825409
21149,McLean County,Kentucky,bchrrr,37.51555,-87.221384,1754154,37.50935,-87.22653,0.825409
21149,McLean County,Kentucky,nsrdb,37.51555,-87.221384,911977,37.53,-87.22,1.611398
21151,Madison County,Kentucky,wtk,37.706841,-84.286723,1893253,37.711536,-84.28137,0.70306
21151,Madison County,Kentucky,bchrrr,37.706841,-84.286723,1893253,37.711536,-84.28137,0.70306
21151,Madison County,Kentucky,nsrdb,37.706841,-84.286723,971850,37.69,-84.3,2.207105
21153,Magoffin County,Kentucky,wtk,37.733397,-83.05709,1946817,37.72842,-83.05017,0.822574
21153,Magoffin County,Kentucky,bchrrr,37.733397,-83.05709,1946817,37.72842,-83.05017,0.822574
21153,Magoffin County,Kentucky,nsrdb,37.733397,-83.05709,998400,37.73,-83.06,0.456258
21155,Marion County,Kentucky,wtk,37.570129,-85.284446,1847865,37.56388,-85.29605,1.236465
21155,Marion County,Kentucky,bchrrr,37.570129,-85.284446,1847865,37.56388,-85.29605,1.236465
21155,Marion County,Kentucky,nsrdb,37.570129,-85.284446,950895,37.57,-85.3,1.370914
21157,Marshall County,Kentucky,wtk,36.897005,-88.34002,1701597,36.89566,-88.32965,0.934204
21157,Marshall County,Kentucky,bchrrr,36.897005,-88.34002,1701597,36.89566,-88.32965,0.934204
21157,Marshall County,Kentucky,nsrdb,36.897005,-88.34002,887819,36.89,-88.34,0.778924
21159,Martin County,Kentucky,wtk,37.835469,-82.516961,1968222,37.82555,-82.50879,1.31585
21159,Martin County,Kentucky,bchrrr,37.835469,-82.516961,1968222,37.82555,-82.50879,1.31585
21159,Martin County,Kentucky,nsrdb,37.835469,-82.516961,1009965,37.85,-82.5,2.197477
21161,Mason County,Kentucky,wtk,38.616522,-83.789116,1907847,38.62582,-83.797424,1.260902
21161,Mason County,Kentucky,bchrrr,38.616522,-83.789116,1907847,38.62582,-83.797424,1.260902
21161,Mason County,Kentucky,nsrdb,38.616522,-83.789116,983007,38.61,-83.78,1.073905
21163,Meade County,Kentucky,wtk,37.934448,-86.134718,1805471,37.928326,-86.13092,0.757865
21163,Meade County,Kentucky,bchrrr,37.934448,-86.134718,1805471,37.928326,-86.13092,0.757865
21163,Meade County,Kentucky,nsrdb,37.934448,-86.134718,933665,37.93,-86.14,0.677663
21165,Menifee County,Kentucky,wtk,37.945274,-83.595978,1922662,37.947037,-83.59778,0.25179
21165,Menifee County,Kentucky,bchrrr,37.945274,-83.595978,1922662,37.947037,-83.59778,0.25179
21165,Menifee County,Kentucky,nsrdb,37.945274,-83.595978,987395,37.93,-83.58,2.201814
21167,Mercer County,Kentucky,wtk,37.785037,-84.848921,1866135,37.79546,-84.85574,1.304721
21167,Mercer County,Kentucky,bchrrr,37.785037,-84.848921,1866135,37.79546,-84.85574,1.304721
21167,Mercer County,Kentucky,nsrdb,37.785037,-84.848921,960054,37.77,-84.86,1.934899
21169,Metcalfe County,Kentucky,wtk,36.991045,-85.640981,1835765,36.987274,-85.64899,0.825727
21169,Metcalfe County,Kentucky,bchrrr,36.991045,-85.640981,1835765,36.987274,-85.64899,0.825727
21169,Metcalfe County,Kentucky,nsrdb,36.991045,-85.640981,943505,37.01,-85.66,2.700924
21171,Monroe County,Kentucky,wtk,36.707797,-85.723368,1834650,36.715652,-85.71619,1.082726
21171,Monroe County,Kentucky,bchrrr,36.707797,-85.723368,1834650,36.715652,-85.71619,1.082726
21171,Monroe County,Kentucky,nsrdb,36.707797,-85.723368,941857,36.69,-85.74,2.472845
21173,Montgomery County,Kentucky,wtk,38.038019,-83.91829,1907815,38.041176,-83.91135,0.70187
21173,Montgomery County,Kentucky,bchrrr,38.038019,-83.91829,1907815,38.041176,-83.91135,0.70187
21173,Montgomery County,Kentucky,nsrdb,38.038019,-83.91829,980391,38.05,-83.9,2.083303
21175,Morgan County,Kentucky,wtk,37.914454,-83.268935,1936351,37.90664,-83.27408,0.979124
21175,Morgan County,Kentucky,bchrrr,37.914454,-83.268935,1936351,37.90664,-83.27408,0.979124
21175,Morgan County,Kentucky,nsrdb,37.914454,-83.268935,994265,37.93,-83.26,1.89801
21177,Muhlenberg County,Kentucky,wtk,37.238082,-87.146278,1760046,37.242596,-87.14688,0.504756
21177,Muhlenberg County,Kentucky,bchrrr,37.238082,-87.146278,1760046,37.242596,-87.14688,0.504756
21177,Muhlenberg County,Kentucky,nsrdb,37.238082,-87.146278,913647,37.25,-87.14,1.437025
21179,Nelson County,Kentucky,wtk,37.82077,-85.459459,1838006,37.823658,-85.46402,0.513437
21179,Nelson County,Kentucky,bchrrr,37.82077,-85.459459,1838006,37.823658,-85.46402,0.513437
21179,Nelson County,Kentucky,nsrdb,37.82077,-85.459459,947596,37.81,-85.46,1.198514
21181,Nicholas County,Kentucky,wtk,38.324558,-84.022998,1900041,38.316288,-84.02475,0.932199
21181,Nicholas County,Kentucky,bchrrr,38.324558,-84.022998,1900041,38.316288,-84.02475,0.932199
21181,Nicholas County,Kentucky,nsrdb,38.324558,-84.022998,977800,38.33,-84.02,0.659216
21183,Ohio County,Kentucky,wtk,37.464463,-86.864724,1773010,37.45808,-86.8595,0.846378
21183,Ohio County,Kentucky,bchrrr,37.464463,-86.864724,1773010,37.45808,-86.8595,0.846378
21183,Ohio County,Kentucky,nsrdb,37.464463,-86.864724,919376,37.45,-86.86,1.661392
21185,Oldham County,Kentucky,wtk,38.37262,-85.459211,1833639,38.38276,-85.46472,1.225523
21185,Oldham County,Kentucky,bchrrr,38.37262,-85.459211,1833639,38.38276,-85.46472,1.225523
21185,Oldham County,Kentucky,nsrdb,38.37262,-85.459211,947582,38.37,-85.46,0.299341
21187,Owen County,Kentucky,wtk,38.530977,-84.831062,1860875,38.540142,-84.84161,1.371239
21187,Owen County,Kentucky,bchrrr,38.530977,-84.831062,1860875,38.540142,-84.84161,1.371239
21187,Owen County,Kentucky,nsrdb,38.530977,-84.831062,960870,38.53,-84.82,0.968345
21189,Owsley County,Kentucky,wtk,37.452441,-83.684827,1922635,37.45464,-83.69458,0.894966
21189,Owsley County,Kentucky,bchrrr,37.452441,-83.684827,1922635,37.45464,-83.69458,0.894966
21189,Owsley County,Kentucky,nsrdb,37.452441,-83.684827,984798,37.45,-83.7,1.366616
21191,Pendleton County,Kentucky,wtk,38.715311,-84.359235,1881067,38.709953,-84.35611,0.65458
21191,Pendleton County,Kentucky,bchrrr,38.715311,-84.359235,1881067,38.709953,-84.35611,0.65458
21191,Pendleton County,Kentucky,nsrdb,38.715311,-84.359235,970975,38.73,-84.34,2.335021
21193,Perry County,Kentucky,wtk,37.258832,-83.200349,1944876,37.260887,-83.19287,0.700225
21193,Perry County,Kentucky,bchrrr,37.258832,-83.200349,1944876,37.260887,-83.19287,0.700225
21193,Perry County,Kentucky,nsrdb,37.258832,-83.200349,995106,37.25,-83.22,1.997353
21195,Pike County,Kentucky,wtk,37.463905,-82.427149,1975140,37.45819,-82.422485,0.757164
21195,Pike County,Kentucky,bchrrr,37.463905,-82.427149,1975140,37.45819,-82.422485,0.757164
21195,Pike County,Kentucky,nsrdb,37.463905,-82.427149,1011605,37.45,-82.42,1.669979
21197,Powell County,Kentucky,wtk,37.850733,-83.880551,1911054,37.850273,-83.87714,0.303827
21197,Powell County,Kentucky,bchrrr,37.850733,-83.880551,1911054,37.850273,-83.87714,0.303827
21197,Powell County,Kentucky,nsrdb,37.850733,-83.880551,980396,37.85,-83.9,1.709594
21199,Pulaski County,Kentucky,wtk,37.092146,-84.614416,1883165,37.096607,-84.60504,0.968301
21199,Pulaski County,Kentucky,bchrrr,37.092146,-84.614416,1883165,37.096607,-84.60504,0.968301
21199,Pulaski County,Kentucky,nsrdb,37.092146,-84.614416,965094,37.09,-84.62,0.549775
21201,Robertson County,Kentucky,wtk,38.520935,-84.050989,1896675,38.525616,-84.05612,0.685688
21201,Robertson County,Kentucky,bchrrr,38.520935,-84.050989,1896675,38.525616,-84.05612,0.685688
21201,Robertson County,Kentucky,nsrdb,38.520935,-84.050989,976935,38.53,-84.06,1.276909
21203,Rockcastle County,Kentucky,wtk,37.380898,-84.351172,1893235,37.382973,-84.342285,0.818419
21203,Rockcastle County,Kentucky,bchrrr,37.380898,-84.351172,1893235,37.382973,-84.342285,0.818419
21203,Rockcastle County,Kentucky,nsrdb,37.380898,-84.351172,971009,37.37,-84.34,1.563022
21205,Rowan County,Kentucky,wtk,38.194753,-83.444324,1926765,38.191044,-83.4541,0.948681
21205,Rowan County,Kentucky,bchrrr,38.194753,-83.444324,1926765,38.191044,-83.4541,0.948681
21205,Rowan County,Kentucky,nsrdb,38.194753,-83.444324,989999,38.21,-83.46,2.179597
21207,Russell County,Kentucky,wtk,37.030799,-85.058503,1862917,37.035786,-85.05884,0.555336
21207,Russell County,Kentucky,bchrrr,37.030799,-85.058503,1862917,37.035786,-85.05884,0.555336
21207,Russell County,Kentucky,nsrdb,37.030799,-85.058503,955887,37.05,-85.06,2.139187
21209,Scott County,Kentucky,wtk,38.23061,-84.568265,1875673,38.229256,-84.564514,0.360577
21209,Scott County,Kentucky,bchrrr,38.23061,-84.568265,1875673,38.229256,-84.564514,0.360577
21209,Scott County,Kentucky,nsrdb,38.23061,-84.568265,965908,38.25,-84.58,2.387262
21211,Shelby County,Kentucky,wtk,38.212955,-85.232229,1845710,38.209255,-85.23297,0.416484
21211,Shelby County,Kentucky,bchrrr,38.212955,-85.232229,1845710,38.209255,-85.23297,0.416484
21211,Shelby County,Kentucky,nsrdb,38.212955,-85.232229,952529,38.21,-85.22,1.117827
21213,Simpson County,Kentucky,wtk,36.732481,-86.571949,1792812,36.726208,-86.57092,0.703529
21213,Simpson County,Kentucky,bchrrr,36.732481,-86.571949,1792812,36.726208,-86.57092,0.703529
21213,Simpson County,Kentucky,nsrdb,36.732481,-86.571949,925069,36.73,-86.58,0.768693
21215,Spencer County,Kentucky,wtk,38.063166,-85.350278,1841316,38.072624,-85.351135,1.054356
21215,Spencer County,Kentucky,bchrrr,38.063166,-85.350278,1841316,38.072624,-85.351135,1.054356
21215,Spencer County,Kentucky,nsrdb,38.063166,-85.350278,950059,38.05,-85.34,1.718455
21217,Taylor County,Kentucky,wtk,37.35019,-85.342402,1847853,37.3445,-85.33316,1.033316
21217,Taylor County,Kentucky,bchrrr,37.35019,-85.342402,1847853,37.3445,-85.33316,1.033316
21217,Taylor County,Kentucky,nsrdb,37.35019,-85.342402,950076,37.37,-85.34,2.212981
21219,Todd County,Kentucky,wtk,36.812102,-87.173203,1761203,36.819336,-87.1824,1.147745
21219,Todd County,Kentucky,bchrrr,36.812102,-87.173203,1761203,36.819336,-87.1824,1.147745
21219,Todd County,Kentucky,nsrdb,36.812102,-87.173203,912829,36.81,-87.18,0.648673
21221,Trigg County,Kentucky,wtk,36.845549,-87.8349,1727975,36.83731,-87.82791,1.107354
21221,Trigg County,Kentucky,bchrrr,36.845549,-87.8349,1727975,36.83731,-87.82791,1.107354
21221,Trigg County,Kentucky,nsrdb,36.845549,-87.8349,899230,36.85,-87.82,1.415195
21223,Trimble County,Kentucky,wtk,38.619318,-85.332053,1838049,38.611233,-85.330505,0.909017
21223,Trimble County,Kentucky,bchrrr,38.619318,-85.332053,1838049,38.611233,-85.330505,0.909017
21223,Trimble County,Kentucky,nsrdb,38.619318,-85.332053,950045,38.61,-85.34,1.2451
21225,Union County,Kentucky,wtk,37.652277,-87.929878,1717254,37.66115,-87.93213,1.006354
21225,Union County,Kentucky,bchrrr,37.652277,-87.929878,1717254,37.66115,-87.93213,1.006354
21225,Union County,Kentucky,nsrdb,37.652277,-87.929878,896613,37.65,-87.94,0.926393
21227,Warren County,Kentucky,wtk,36.966984,-86.435806,1797433,36.973537,-86.44141,0.8825
21227,Warren County,Kentucky,bchrrr,36.966984,-86.435806,1797433,36.973537,-86.44141,0.8825
21227,Warren County,Kentucky,nsrdb,36.966984,-86.435806,928219,36.97,-86.42,1.443714
21229,Washington County,Kentucky,wtk,37.738213,-85.192673,1851153,37.73934,-85.19556,0.283112
21229,Washington County,Kentucky,bchrrr,37.738213,-85.192673,1851153,37.73934,-85.19556,0.283112
21229,Washington County,Kentucky,nsrdb,37.738213,-85.192673,953368,37.73,-85.18,1.440846
21231,Wayne County,Kentucky,wtk,36.838184,-84.845943,1874541,36.843678,-84.83624,1.057725
21231,Wayne County,Kentucky,bchrrr,36.838184,-84.845943,1874541,36.843678,-84.83624,1.057725
21231,Wayne County,Kentucky,nsrdb,36.838184,-84.845943,960077,36.85,-84.86,1.814105
21233,Webster County,Kentucky,wtk,37.502387,-87.68184,1731589,37.510033,-87.67084,1.290089
21233,Webster County,Kentucky,bchrrr,37.502387,-87.68184,1731589,37.510033,-87.67084,1.290089
21233,Webster County,Kentucky,nsrdb,37.502387,-87.68184,901821,37.49,-87.7,2.112792
21235,Whitley County,Kentucky,wtk,36.81409,-84.141539,1907748,36.81921,-84.14316,0.587321
21235,Whitley County,Kentucky,bchrrr,36.81409,-84.141539,1907748,36.81921,-84.14316,0.587321
21235,Whitley County,Kentucky,nsrdb,36.81409,-84.141539,975273,36.81,-84.14,0.474977
21237,Wolfe County,Kentucky,wtk,37.739826,-83.509722,1927730,37.75036,-83.51849,1.40227
21237,Wolfe County,Kentucky,bchrrr,37.739826,-83.509722,1927730,37.75036,-83.51849,1.40227
21237,Wolfe County,Kentucky,nsrdb,37.739826,-83.509722,989142,37.73,-83.5,1.387337
21239,Woodford County,Kentucky,wtk,38.04838,-84.726706,1870380,38.041138,-84.717285,1.152857
21239,Woodford County,Kentucky,bchrrr,38.04838,-84.726706,1870380,38.041138,-84.717285,1.152857
21239,Woodford County,Kentucky,nsrdb,38.04838,-84.726706,962555,38.05,-84.74,1.177933
22001,Acadia Parish,Louisiana,wtk,30.281563,-92.350963,1508483,30.277012,-92.35947,0.960934
22001,Acadia Parish,Louisiana,bchrrr,30.281563,-92.350963,1508483,30.277012,-92.35947,0.960934
22001,Acadia Parish,Louisiana,nsrdb,30.281563,-92.350963,797317,30.29,-92.34,1.410043
22003,Allen Parish,Louisiana,wtk,30.669443,-92.779386,1483312,30.67141,-92.77948,0.218905
22003,Allen Parish,Louisiana,bchrrr,30.669443,-92.779386,1483312,30.67141,-92.77948,0.218905
22003,Allen Parish,Louisiana,nsrdb,30.669443,-92.779386,788201,30.65,-92.78,2.162763
22005,Ascension Parish,Louisiana,wtk,30.254393,-90.934062,1591212,30.246475,-90.94141,1.128423
22005,Ascension Parish,Louisiana,bchrrr,30.254393,-90.934062,1591212,30.246475,-90.94141,1.128423
22005,Ascension Parish,Louisiana,nsrdb,30.254393,-90.934062,827600,30.25,-90.94,0.750946
22007,Assumption Parish,Louisiana,wtk,29.921462,-91.065854,1585102,29.928783,-91.06854,0.854222
22007,Assumption Parish,Louisiana,bchrrr,29.921462,-91.065854,1585102,29.928783,-91.06854,0.854222
22007,Assumption Parish,Louisiana,nsrdb,29.921462,-91.065854,824910,29.93,-91.06,1.104352
22009,Avoyelles Parish,Louisiana,wtk,31.057257,-92.067577,1523094,31.059658,-92.06442,0.402131
22009,Avoyelles Parish,Louisiana,bchrrr,31.057257,-92.067577,1523094,31.059658,-92.06442,0.402131
22009,Avoyelles Parish,Louisiana,nsrdb,31.057257,-92.067577,803070,31.05,-92.06,1.082645
22011,Beauregard Parish,Louisiana,wtk,30.723557,-93.282535,1454289,30.723522,-93.28116,0.131491
22011,Beauregard Parish,Louisiana,bchrrr,30.723557,-93.282535,1454289,30.723522,-93.28116,0.131491
22011,Beauregard Parish,Louisiana,nsrdb,30.723557,-93.282535,777434,30.73,-93.3,1.816626
22013,Bienville Parish,Louisiana,wtk,32.384335,-93.078915,1461674,32.384323,-93.08502,0.57327
22013,Bienville Parish,Louisiana,bchrrr,32.384335,-93.078915,1461674,32.384323,-93.08502,0.57327
22013,Bienville Parish,Louisiana,nsrdb,32.384335,-93.078915,782340,32.37,-93.06,2.386623
22015,Bossier Parish,Louisiana,wtk,32.560782,-93.659041,1428593,32.56385,-93.65982,0.348871
22015,Bossier Parish,Louisiana,bchrrr,32.560782,-93.659041,1428593,32.56385,-93.65982,0.348871
22015,Bossier Parish,Louisiana,nsrdb,32.560782,-93.659041,770028,32.57,-93.66,1.028929
22017,Caddo Parish,Louisiana,wtk,32.468934,-93.799201,1421178,32.476124,-93.792145,1.037944
22017,Caddo Parish,Louisiana,bchrrr,32.468934,-93.799201,1421178,32.476124,-93.792145,1.037944
22017,Caddo Parish,Louisiana,nsrdb,32.468934,-93.799201,767586,32.45,-93.78,2.770916
22019,Calcasieu Parish,Louisiana,wtk,30.225066,-93.257764,1456689,30.217873,-93.25931,0.813503
22019,Calcasieu Parish,Louisiana,bchrrr,30.225066,-93.257764,1456689,30.217873,-93.25931,0.813503
22019,Calcasieu Parish,Louisiana,nsrdb,30.225066,-93.257764,778269,30.21,-93.26,1.688986
22021,Caldwell Parish,Louisiana,wtk,32.073033,-92.10462,1517066,32.07681,-92.11243,0.847285
22021,Caldwell Parish,Louisiana,bchrrr,32.073033,-92.10462,1517066,32.07681,-92.11243,0.847285
22021,Caldwell Parish,Louisiana,nsrdb,32.073033,-92.10462,802213,32.09,-92.1,1.936207
22023,Cameron Parish,Louisiana,wtk,29.957137,-93.210823,1460323,29.96421,-93.20703,0.867222
22023,Cameron Parish,Louisiana,bchrrr,29.957137,-93.210823,1460323,29.96421,-93.20703,0.867222
22023,Cameron Parish,Louisiana,nsrdb,29.957137,-93.210823,779097,29.97,-93.22,1.68146
22025,Catahoula Parish,Louisiana,wtk,31.694973,-91.819992,1535267,31.700985,-91.81409,0.871024
22025,Catahoula Parish,Louisiana,bchrrr,31.694973,-91.819992,1535267,31.700985,-91.81409,0.871024
22025,Catahoula Parish,Louisiana,nsrdb,31.694973,-91.819992,808107,31.69,-91.82,0.552974
22027,Claiborne Parish,Louisiana,wtk,32.826371,-93.033212,1464131,32.81895,-93.02283,1.273603
22027,Claiborne Parish,Louisiana,bchrrr,32.826371,-93.033212,1464131,32.81895,-93.02283,1.273603
22027,Claiborne Parish,Louisiana,nsrdb,32.826371,-93.033212,783158,32.81,-93.02,2.199563
22029,Concordia Parish,Louisiana,wtk,31.59217,-91.54629,1551082,31.597862,-91.54364,0.680872
22029,Concordia Parish,Louisiana,bchrrr,31.59217,-91.54629,1551082,31.597862,-91.54364,0.680872
22029,Concordia Parish,Louisiana,nsrdb,31.59217,-91.54629,814208,31.61,-91.54,2.070169
22031,De Soto Parish,Louisiana,wtk,32.121309,-93.778284,1422393,32.11262,-93.78253,1.045656
22031,De Soto Parish,Louisiana,bchrrr,32.121309,-93.778284,1422393,32.11262,-93.78253,1.045656
22031,De Soto Parish,Louisiana,nsrdb,32.121309,-93.778284,767594,32.13,-93.78,0.979814
22033,East Baton Rouge Parish,Louisiana,wtk,30.460286,-91.100077,1581474,30.453232,-91.09384,0.986221
22033,East Baton Rouge Parish,Louisiana,bchrrr,30.460286,-91.100077,1581474,30.453232,-91.09384,0.986221
22033,East Baton Rouge Parish,Louisiana,nsrdb,30.460286,-91.100077,824001,30.45,-91.1,1.143776
22035,East Carroll Parish,Louisiana,wtk,32.76178,-91.184559,1566983,32.76191,-91.18469,0.018947
22035,East Carroll Parish,Louisiana,bchrrr,32.76178,-91.184559,1566983,32.76191,-91.18469,0.018947
22035,East Carroll Parish,Louisiana,nsrdb,32.76178,-91.184559,822158,32.77,-91.18,1.00854
22037,East Feliciana Parish,Louisiana,wtk,30.820502,-91.090594,1580275,30.814419,-91.08908,0.691679
22037,East Feliciana Parish,Louisiana,bchrrr,30.820502,-91.090594,1580275,30.814419,-91.08908,0.691679
22037,East Feliciana Parish,Louisiana,nsrdb,30.820502,-91.090594,823992,30.81,-91.1,1.473272
22039,Evangeline Parish,Louisiana,wtk,30.690294,-92.361543,1507299,30.692009,-92.35849,0.348695
22039,Evangeline Parish,Louisiana,bchrrr,30.690294,-92.361543,1507299,30.692009,-92.35849,0.348695
22039,Evangeline Parish,Louisiana,nsrdb,30.690294,-92.361543,796483,30.69,-92.38,1.765181
22041,Franklin Parish,Louisiana,wtk,32.147658,-91.695646,1540154,32.149803,-91.70047,0.51298
22041,Franklin Parish,Louisiana,bchrrr,32.147658,-91.695646,1540154,32.149803,-91.70047,0.51298
22041,Franklin Parish,Louisiana,nsrdb,32.147658,-91.695646,810683,32.13,-91.7,2.005823
22043,Grant Parish,Louisiana,wtk,31.530202,-92.53814,1494136,31.531357,-92.547485,0.894965
22043,Grant Parish,Louisiana,bchrrr,31.530202,-92.53814,1494136,31.531357,-92.547485,0.894965
22043,Grant Parish,Louisiana,nsrdb,31.530202,-92.53814,793159,31.53,-92.54,0.177714
22045,Iberia Parish,Louisiana,wtk,29.994245,-91.809643,1541251,30.00156,-91.81241,0.855925
22045,Iberia Parish,Louisiana,bchrrr,29.994245,-91.809643,1541251,30.00156,-91.81241,0.855925
22045,Iberia Parish,Louisiana,nsrdb,29.994245,-91.809643,808149,30.01,-91.82,2.015876
22047,Iberville Parish,Louisiana,wtk,30.271031,-91.232015,1574154,30.279915,-91.23151,0.989047
22047,Iberville Parish,Louisiana,bchrrr,30.271031,-91.232015,1574154,30.279915,-91.23151,0.989047
22047,Iberville Parish,Louisiana,nsrdb,30.271031,-91.232015,821328,30.29,-91.22,2.404179
22049,Jackson Parish,Louisiana,wtk,32.28318,-92.643028,1486995,32.27865,-92.638245,0.675209
22049,Jackson Parish,Louisiana,bchrrr,32.28318,-92.643028,1486995,32.27865,-92.638245,0.675209
22049,Jackson Parish,Louisiana,nsrdb,32.28318,-92.643028,790653,32.29,-92.66,1.766479
22051,Jefferson Parish,Louisiana,wtk,29.945816,-90.152326,1639153,29.947327,-90.151855,0.174036
22051,Jefferson Parish,Louisiana,bchrrr,29.945816,-90.152326,1639153,29.947327,-90.151855,0.174036
22051,Jefferson Parish,Louisiana,nsrdb,29.945816,-90.152326,846429,29.93,-90.14,2.122155
22053,Jefferson Davis Parish,Louisiana,wtk,30.241059,-92.74627,1486882,30.236996,-92.73712,0.988302
22053,Jefferson Davis Parish,Louisiana,bchrrr,30.241059,-92.74627,1486882,30.236996,-92.73712,0.988302
22053,Jefferson Davis Parish,Louisiana,nsrdb,30.241059,-92.74627,789041,30.25,-92.74,1.1624
22055,Lafayette Parish,Louisiana,wtk,30.198103,-92.042206,1526686,30.192257,-92.05112,1.075409
22055,Lafayette Parish,Louisiana,bchrrr,30.198103,-92.042206,1526686,30.192257,-92.05112,1.075409
22055,Lafayette Parish,Louisiana,nsrdb,30.198103,-92.042206,803091,30.21,-92.06,2.161965
22057,Lafourche Parish,Louisiana,wtk,29.690273,-90.634195,1612022,29.688114,-90.62973,0.493621
22057,Lafourche Parish,Louisiana,bchrrr,29.690273,-90.634195,1612022,29.688114,-90.62973,0.493621
22057,Lafourche Parish,Louisiana,nsrdb,29.690273,-90.634195,834990,29.69,-90.62,1.371531
22059,La Salle Parish,Louisiana,wtk,31.726006,-92.169582,1514618,31.734486,-92.17462,1.056479
22059,La Salle Parish,Louisiana,bchrrr,31.726006,-92.169582,1514618,31.734486,-92.17462,1.056479
22059,La Salle Parish,Louisiana,nsrdb,31.726006,-92.169582,800565,31.73,-92.18,1.080772
22061,Lincoln Parish,Louisiana,wtk,32.54964,-92.64504,1485813,32.551643,-92.64621,0.248257
22061,Lincoln Parish,Louisiana,bchrrr,32.54964,-92.64504,1485813,32.551643,-92.64621,0.248257
22061,Lincoln Parish,Louisiana,nsrdb,32.54964,-92.64504,790647,32.53,-92.66,2.595353
22063,Livingston Parish,Louisiana,wtk,30.482371,-90.843103,1596110,30.475616,-90.84076,0.783963
22063,Livingston Parish,Louisiana,bchrrr,30.482371,-90.843103,1596110,30.475616,-90.84076,0.783963
22063,Livingston Parish,Louisiana,nsrdb,30.482371,-90.843103,829413,30.49,-90.86,1.827882
22065,Madison Parish,Louisiana,wtk,32.397655,-91.197847,1568181,32.397953,-91.18909,0.822839
22065,Madison Parish,Louisiana,bchrrr,32.397655,-91.197847,1568181,32.397953,-91.18909,0.822839
22065,Madison Parish,Louisiana,nsrdb,32.397655,-91.197847,822167,32.41,-91.18,2.166011
22067,Morehouse Parish,Louisiana,wtk,32.785896,-91.888293,1526830,32.79531,-91.89752,1.356353
22067,Morehouse Parish,Louisiana,bchrrr,32.785896,-91.888293,1526830,32.79531,-91.89752,1.356353
22067,Morehouse Parish,Louisiana,nsrdb,32.785896,-91.888293,806377,32.77,-91.9,2.078981
22069,Natchitoches Parish,Louisiana,wtk,31.75709,-93.097426,1462856,31.74913,-93.09085,1.081677
22069,Natchitoches Parish,Louisiana,bchrrr,31.75709,-93.097426,1462856,31.74913,-93.09085,1.081677
22069,Natchitoches Parish,Louisiana,nsrdb,31.75709,-93.097426,781527,31.77,-93.1,1.456008
22071,Orleans Parish,Louisiana,wtk,29.975765,-90.05294,1645294,29.976593,-90.04529,0.742584
22071,Orleans Parish,Louisiana,bchrrr,29.975765,-90.05294,1645294,29.976593,-90.04529,0.742584
22071,Orleans Parish,Louisiana,nsrdb,29.975765,-90.05294,848283,29.97,-90.06,0.934557
22073,Ouachita Parish,Louisiana,wtk,32.516417,-92.131898,1514661,32.513824,-92.13037,0.321964
22073,Ouachita Parish,Louisiana,bchrrr,32.516417,-92.131898,1514661,32.513824,-92.13037,0.321964
22073,Ouachita Parish,Louisiana,nsrdb,32.516417,-92.131898,801373,32.53,-92.14,1.690625
22075,Plaquemines Parish,Louisiana,wtk,29.725873,-89.903602,1655080,29.732716,-89.90021,0.828406
22075,Plaquemines Parish,Louisiana,bchrrr,29.725873,-89.903602,1655080,29.732716,-89.90021,0.828406
22075,Plaquemines Parish,Louisiana,nsrdb,29.725873,-89.903602,851984,29.73,-89.9,0.575816
22077,Pointe Coupee Parish,Louisiana,wtk,30.664815,-91.494732,1557130,30.67242,-91.49841,0.915887
22077,Pointe Coupee Parish,Louisiana,bchrrr,30.664815,-91.494732,1557130,30.67242,-91.49841,0.915887
22077,Pointe Coupee Parish,Louisiana,nsrdb,30.664815,-91.494732,815109,30.65,-91.5,1.7227
22079,Rapides Parish,Louisiana,wtk,31.286372,-92.455336,1500116,31.292397,-92.45361,0.689733
22079,Rapides Parish,Louisiana,bchrrr,31.286372,-92.455336,1500116,31.292397,-92.45361,0.689733
22079,Rapides Parish,Louisiana,nsrdb,31.286372,-92.455336,794817,31.29,-92.46,0.599301
22081,Red River Parish,Louisiana,wtk,32.054844,-93.305198,1449481,32.064133,-93.31296,1.265668
22081,Red River Parish,Louisiana,bchrrr,32.054844,-93.305198,1449481,32.064133,-93.31296,1.265668
22081,Red River Parish,Louisiana,nsrdb,32.054844,-93.305198,777401,32.05,-93.3,0.728085
22083,Richland Parish,Louisiana,wtk,32.440207,-91.718666,1537738,32.44184,-91.724976,0.619361
22083,Richland Parish,Louisiana,bchrrr,32.440207,-91.718666,1537738,32.44184,-91.724976,0.619361
22083,Richland Parish,Louisiana,nsrdb,32.440207,-91.718666,810675,32.45,-91.7,2.062479
22085,Sabine Parish,Louisiana,wtk,31.578127,-93.564514,1435943,31.581394,-93.56589,0.385951
22085,Sabine Parish,Louisiana,bchrrr,31.578127,-93.564514,1435943,31.581394,-93.56589,0.385951
22085,Sabine Parish,Louisiana,nsrdb,31.578127,-93.564514,771685,31.57,-93.58,1.723047
22087,St. Bernard Parish,Louisiana,wtk,29.930598,-89.937252,1651420,29.933987,-89.944885,0.826456
22087,St. Bernard Parish,Louisiana,bchrrr,29.930598,-89.937252,1651420,29.933987,-89.944885,0.826456
22087,St. Bernard Parish,Louisiana,nsrdb,29.930598,-89.937252,851055,29.93,-89.94,0.273033
22089,St. Charles Parish,Louisiana,wtk,29.938266,-90.376212,1625599,29.943542,-90.38107,0.750525
22089,St. Charles Parish,Louisiana,bchrrr,29.938266,-90.376212,1625599,29.943542,-90.38107,0.750525
22089,St. Charles Parish,Louisiana,nsrdb,29.938266,-90.376212,840729,29.93,-90.38,0.988966
22091,St. Helena Parish,Louisiana,wtk,30.786666,-90.69352,1603478,30.79255,-90.69061,0.710872
22091,St. Helena Parish,Louisiana,bchrrr,30.786666,-90.69352,1603478,30.79255,-90.69061,0.710872
22091,St. Helena Parish,Louisiana,nsrdb,30.786666,-90.69352,833074,30.77,-90.7,1.953842
22093,St. James Parish,Louisiana,wtk,30.020845,-90.736628,1604663,30.01817,-90.729065,0.786567
22093,St. James Parish,Louisiana,bchrrr,30.020845,-90.736628,1604663,30.01817,-90.729065,0.786567
22093,St. James Parish,Louisiana,nsrdb,30.020845,-90.736628,832173,30.01,-90.74,1.248851
22095,St. John the Baptist Parish,Louisiana,wtk,30.072182,-90.511194,1616972,30.077908,-90.51608,0.791477
22095,St. John the Baptist Parish,Louisiana,bchrrr,30.072182,-90.511194,1616972,30.077908,-90.51608,0.791477
22095,St. John the Baptist Parish,Louisiana,nsrdb,30.072182,-90.511194,837854,30.09,-90.5,2.255114
22097,St. Landry Parish,Louisiana,wtk,30.51006,-92.112696,1521847,30.501686,-92.11719,1.025865
22097,St. Landry Parish,Louisiana,bchrrr,30.51006,-92.112696,1521847,30.501686,-92.11719,1.025865
22097,St. Landry Parish,Louisiana,nsrdb,30.51006,-92.112696,802252,30.53,-92.1,2.528854
22099,St. Martin Parish,Louisiana,wtk,30.23107,-91.83743,1538832,30.237091,-91.839874,0.709483
22099,St. Martin Parish,Louisiana,bchrrr,30.23107,-91.83743,1538832,30.237091,-91.839874,0.709483
22099,St. Martin Parish,Louisiana,nsrdb,30.23107,-91.83743,808143,30.25,-91.82,2.68966
22101,St. Mary Parish,Louisiana,wtk,29.738031,-91.339086,1570470,29.74432,-91.330444,1.088668
22101,St. Mary Parish,Louisiana,bchrrr,29.738031,-91.339086,1570470,29.74432,-91.330444,1.088668
22101,St. Mary Parish,Louisiana,nsrdb,29.738031,-91.339086,818672,29.73,-91.34,0.897358
22103,St. Tammany Parish,Louisiana,wtk,30.386936,-89.96194,1647769,30.386814,-89.967926,0.574338
22103,St. Tammany Parish,Louisiana,bchrrr,30.386936,-89.96194,1647769,30.386814,-89.967926,0.574338
22103,St. Tammany Parish,Louisiana,nsrdb,30.386936,-89.96194,850127,30.37,-89.98,2.558883
22105,Tangipahoa Parish,Louisiana,wtk,30.561075,-90.449013,1618232,30.561886,-90.45648,0.720617
22105,Tangipahoa Parish,Louisiana,bchrrr,30.561075,-90.449013,1618232,30.561886,-90.45648,0.720617
22105,Tangipahoa Parish,Louisiana,nsrdb,30.561075,-90.449013,838798,30.57,-90.46,1.446193
22107,Tensas Parish,Louisiana,wtk,31.960596,-91.298894,1563291,31.967438,-91.30524,0.96809
22107,Tensas Parish,Louisiana,bchrrr,31.960596,-91.298894,1563291,31.967438,-91.30524,0.96809
22107,Tensas Parish,Louisiana,nsrdb,31.960596,-91.298894,819504,31.97,-91.3,1.050871
22109,Terrebonne Parish,Louisiana,wtk,29.596253,-90.725683,1607096,29.60329,-90.719086,1.009501
22109,Terrebonne Parish,Louisiana,bchrrr,29.596253,-90.725683,1607096,29.60329,-90.719086,1.009501
22109,Terrebonne Parish,Louisiana,nsrdb,29.596253,-90.725683,832183,29.61,-90.74,2.062173
22111,Union Parish,Louisiana,wtk,32.788832,-92.398612,1498999,32.79728,-92.39569,0.978278
22111,Union Parish,Louisiana,bchrrr,32.788832,-92.398612,1498999,32.79728,-92.39569,0.978278
22111,Union Parish,Louisiana,nsrdb,32.788832,-92.398612,796431,32.77,-92.38,2.722604
22113,Vermilion Parish,Louisiana,wtk,29.998731,-92.16181,1520601,29.99889,-92.16614,0.417349
22113,Vermilion Parish,Louisiana,bchrrr,29.998731,-92.16181,1520601,29.99889,-92.16614,0.417349
22113,Vermilion Parish,Louisiana,nsrdb,29.998731,-92.16181,800608,30.01,-92.18,2.153644
22115,Vernon Parish,Louisiana,wtk,31.094555,-93.247162,1455525,31.101921,-93.245026,0.843935
22115,Vernon Parish,Louisiana,bchrrr,31.094555,-93.247162,1455525,31.101921,-93.245026,0.843935
22115,Vernon Parish,Louisiana,nsrdb,31.094555,-93.247162,778247,31.09,-93.26,1.323214
22117,Washington Parish,Louisiana,wtk,30.839569,-90.004137,1642888,30.841862,-90.01224,0.814541
22117,Washington Parish,Louisiana,bchrrr,30.839569,-90.004137,1642888,30.841862,-90.01224,0.814541
22117,Washington Parish,Louisiana,nsrdb,30.839569,-90.004137,849189,30.85,-90.02,1.907545
22119,Webster Parish,Louisiana,wtk,32.699031,-93.33816,1447064,32.700687,-93.33078,0.71469
22119,Webster Parish,Louisiana,bchrrr,32.699031,-93.33816,1447064,32.700687,-93.33078,0.71469
22119,Webster Parish,Louisiana,nsrdb,32.699031,-93.33816,776565,32.69,-93.34,1.018857
22121,West Baton Rouge Parish,Louisiana,wtk,30.436753,-91.266592,1571727,30.443924,-91.262054,0.90834
22121,West Baton Rouge Parish,Louisiana,bchrrr,30.436753,-91.266592,1571727,30.443924,-91.262054,0.90834
22121,West Baton Rouge Parish,Louisiana,nsrdb,30.436753,-91.266592,820433,30.45,-91.26,1.602835
22123,West Carroll Parish,Louisiana,wtk,32.827036,-91.427369,1553589,32.828125,-91.41852,0.835652
22123,West Carroll Parish,Louisiana,bchrrr,32.827036,-91.427369,1553589,32.828125,-91.41852,0.835652
22123,West Carroll Parish,Louisiana,nsrdb,32.827036,-91.427369,816823,32.81,-91.42,2.015598
22125,West Feliciana Parish,Louisiana,wtk,30.88834,-91.442666,1559579,30.886627,-91.44223,0.194968
22125,West Feliciana Parish,Louisiana,bchrrr,30.88834,-91.442666,1559579,30.886627,-91.44223,0.194968
22125,West Feliciana Parish,Louisiana,nsrdb,30.88834,-91.442666,815986,30.89,-91.46,1.664336
22127,Winn Parish,Louisiana,wtk,31.93058,-92.677883,1485779,31.93496,-92.676636,0.501049
22127,Winn Parish,Louisiana,bchrrr,31.93058,-92.677883,1485779,31.93496,-92.676636,0.501049
22127,Winn Parish,Louisiana,nsrdb,31.93058,-92.677883,790662,31.93,-92.66,1.688858
23001,Androscoggin County,Maine,wtk,44.117227,-70.202089,2382414,44.110966,-70.203125,0.701088
23001,Androscoggin County,Maine,bchrrr,44.117227,-70.202089,2382414,44.110966,-70.203125,0.701088
23001,Androscoggin County,Maine,nsrdb,44.117227,-70.202089,1366832,44.13,-70.22,2.015233
23003,Aroostook County,Maine,wtk,46.701279,-68.089386,2408299,46.712635,-68.09662,1.377949
23003,Aroostook County,Maine,bchrrr,46.701279,-68.089386,2408299,46.712635,-68.09662,1.377949
23003,Aroostook County,Maine,nsrdb,46.701279,-68.089386,1434121,46.69,-68.1,1.492718
23005,Cumberland County,Maine,wtk,43.746359,-70.305051,2384179,43.745876,-70.317444,0.996959
23005,Cumberland County,Maine,bchrrr,43.746359,-70.305051,2384179,43.745876,-70.317444,0.996959
23005,Cumberland County,Maine,nsrdb,43.746359,-70.305051,1364162,43.73,-70.3,1.863753
23007,Franklin County,Maine,wtk,44.707449,-70.226087,2372616,44.705822,-70.22766,0.219507
23007,Franklin County,Maine,bchrrr,44.707449,-70.226087,2372616,44.705822,-70.22766,0.219507
23007,Franklin County,Maine,nsrdb,44.707449,-70.226087,1366818,44.69,-70.22,1.999002
23009,Hancock County,Maine,wtk,44.471046,-68.468215,2431188,44.467953,-68.461395,0.641216
23009,Hancock County,Maine,bchrrr,44.471046,-68.468215,2431188,44.467953,-68.461395,0.641216
23009,Hancock County,Maine,nsrdb,44.471046,-68.468215,1423168,44.49,-68.46,2.206064
23011,Kennebec County,Maine,wtk,44.395617,-69.748741,2393157,44.392567,-69.741394,0.675115
23011,Kennebec County,Maine,bchrrr,44.395617,-69.748741,2393157,44.392567,-69.741394,0.675115
23011,Kennebec County,Maine,nsrdb,44.395617,-69.748741,1382864,44.41,-69.74,1.743564
23013,Knox County,Maine,wtk,44.132937,-69.161649,2415886,44.129265,-69.15292,0.807499
23013,Knox County,Maine,bchrrr,44.132937,-69.161649,2415886,44.129265,-69.15292,0.807499
23013,Knox County,Maine,nsrdb,44.132937,-69.161649,1400665,44.13,-69.18,1.500555
23015,Lincoln County,Maine,wtk,44.034296,-69.553373,2404653,44.032345,-69.55612,0.308688
23015,Lincoln County,Maine,bchrrr,44.034296,-69.553373,2404653,44.032345,-69.55612,0.308688
23015,Lincoln County,Maine,nsrdb,44.034296,-69.553373,1389301,44.05,-69.54,2.047389
23017,Oxford County,Maine,wtk,44.279251,-70.613787,2366236,44.287014,-70.61438,0.864497
23017,Oxford County,Maine,bchrrr,44.279251,-70.613787,2366236,44.287014,-70.61438,0.864497
23017,Oxford County,Maine,nsrdb,44.279251,-70.613787,1353715,44.29,-70.62,1.293518
23019,Penobscot County,Maine,wtk,44.944506,-68.797092,2414236,44.950035,-68.80426,0.834387
23019,Penobscot County,Maine,bchrrr,44.944506,-68.797092,2414236,44.950035,-68.80426,0.834387
23019,Penobscot County,Maine,nsrdb,44.944506,-68.797092,1413215,44.93,-68.78,2.100416
23021,Piscataquis County,Maine,wtk,45.242662,-69.256082,2395882,45.237576,-69.24875,0.805848
23021,Piscataquis County,Maine,bchrrr,45.242662,-69.256082,2395882,45.237576,-69.24875,0.805848
23021,Piscataquis County,Maine,nsrdb,45.242662,-69.256082,1398109,45.25,-69.26,0.871699
23023,Sagadahoc County,Maine,wtk,43.956845,-69.87153,2395809,43.951374,-69.86789,0.674529
23023,Sagadahoc County,Maine,bchrrr,43.956845,-69.87153,2395809,43.951374,-69.86789,0.674529
23023,Sagadahoc County,Maine,nsrdb,43.956845,-69.87153,1378892,43.97,-69.86,1.729536
23025,Somerset County,Maine,wtk,44.820189,-69.685299,2388710,44.810467,-69.67963,1.169874
23025,Somerset County,Maine,bchrrr,44.820189,-69.685299,2388710,44.810467,-69.67963,1.169874
23025,Somerset County,Maine,nsrdb,44.820189,-69.685299,1384165,44.81,-69.7,1.621211
23027,Waldo County,Maine,wtk,44.490052,-69.086146,2412496,44.4879,-69.08832,0.294958
23027,Waldo County,Maine,bchrrr,44.490052,-69.086146,2412496,44.4879,-69.08832,0.294958
23027,Waldo County,Maine,nsrdb,44.490052,-69.086146,1403184,44.49,-69.1,1.098963
23029,Washington County,Maine,wtk,44.861853,-67.465513,2451360,44.866463,-67.476135,0.981627
23029,Washington County,Maine,bchrrr,44.861853,-67.465513,2451360,44.866463,-67.476135,0.981627
23029,Washington County,Maine,nsrdb,44.861853,-67.465513,1452970,44.85,-67.46,1.387787
23031,York County,Maine,wtk,43.42253,-70.640059,2377909,43.433117,-70.64938,1.397293
23031,York County,Maine,bchrrr,43.42253,-70.640059,2377909,43.433117,-70.64938,1.397293
23031,York County,Maine,nsrdb,43.42253,-70.640059,1352462,43.41,-70.66,2.129635
24001,Allegany County,Maryland,wtk,39.628458,-78.820625,2109645,39.62408,-78.8255,0.641333
24001,Allegany County,Maryland,bchrrr,39.628458,-78.820625,2109645,39.62408,-78.8255,0.641333
24001,Allegany County,Maryland,nsrdb,39.628458,-78.820625,1092519,39.61,-78.82,2.053137
24003,Anne Arundel County,Maryland,wtk,39.071038,-76.604454,2220183,39.07308,-76.60614,0.269704
24003,Anne Arundel County,Maryland,bchrrr,39.071038,-76.604454,2220183,39.07308,-76.60614,0.269704
24003,Anne Arundel County,Maryland,nsrdb,39.071038,-76.604454,1158269,39.09,-76.62,2.499264
24005,Baltimore County,Maryland,wtk,39.368837,-76.620356,2215566,39.36045,-76.612976,1.127939
24005,Baltimore County,Maryland,bchrrr,39.368837,-76.620356,2215566,39.36045,-76.612976,1.127939
24005,Baltimore County,Maryland,nsrdb,39.368837,-76.620356,1158262,39.37,-76.62,0.132891
24009,Calvert County,Maryland,wtk,38.551186,-76.544213,2230551,38.54821,-76.55267,0.806459
24009,Calvert County,Maryland,bchrrr,38.551186,-76.544213,2230551,38.54821,-76.55267,0.806459
24009,Calvert County,Maryland,nsrdb,38.551186,-76.544213,1160902,38.57,-76.54,2.123853
24011,Caroline County,Maryland,wtk,38.873476,-75.830189,2256238,38.88332,-75.83295,1.120393
24011,Caroline County,Maryland,bchrrr,38.873476,-75.830189,2256238,38.88332,-75.83295,1.120393
24011,Caroline County,Maryland,nsrdb,38.873476,-75.830189,1185061,38.89,-75.82,2.038094
24013,Carroll County,Maryland,wtk,39.526207,-76.993047,2194663,39.529568,-77.00391,1.003843
24013,Carroll County,Maryland,bchrrr,39.526207,-76.993047,2194663,39.529568,-77.00391,1.003843
24013,Carroll County,Maryland,nsrdb,39.526207,-76.993047,1146618,39.53,-76.98,1.195836
24015,Cecil County,Maryland,wtk,39.614177,-75.936312,2242615,39.611332,-75.937256,0.326522
24015,Cecil County,Maryland,bchrrr,39.614177,-75.936312,2242615,39.611332,-75.937256,0.326522
24015,Cecil County,Maryland,nsrdb,39.614177,-75.936312,1181011,39.61,-75.94,0.561722
24017,Charles County,Maryland,wtk,38.581464,-76.951517,2210885,38.587124,-76.95441,0.67774
24017,Charles County,Maryland,bchrrr,38.581464,-76.951517,2210885,38.587124,-76.95441,0.67774
24017,Charles County,Maryland,nsrdb,38.581464,-76.951517,1147922,38.57,-76.94,1.620902
24019,Dorchester County,Maryland,wtk,38.571273,-76.011603,2253404,38.57456,-76.00775,0.495767
24019,Dorchester County,Maryland,bchrrr,38.571273,-76.011603,2253404,38.57456,-76.00775,0.495767
24019,Dorchester County,Maryland,nsrdb,38.571273,-76.011603,1178362,38.57,-76.02,0.743605
24021,Frederick County,Maryland,wtk,39.427689,-77.400597,2177224,39.43205,-77.40427,0.578504
24021,Frederick County,Maryland,bchrrr,39.427689,-77.400597,2177224,39.43205,-77.40427,0.578504
24021,Frederick County,Maryland,nsrdb,39.427689,-77.400597,1132620,39.41,-77.42,2.578143
24023,Garrett County,Maryland,wtk,39.51324,-79.305695,2089644,39.512955,-79.29892,0.582055
24023,Garrett County,Maryland,bchrrr,39.51324,-79.305695,2089644,39.512955,-79.29892,0.582055
24023,Garrett County,Maryland,nsrdb,39.51324,-79.305695,1080896,39.53,-79.3,1.926585
24025,Harford County,Maryland,wtk,39.520644,-76.309276,2227143,39.513416,-76.31653,1.016442
24025,Harford County,Maryland,bchrrr,39.520644,-76.309276,2227143,39.513416,-76.31653,1.016442
24025,Harford County,Maryland,nsrdb,39.520644,-76.309276,1168904,39.53,-76.3,1.30969
24027,Howard County,Maryland,wtk,39.217633,-76.854273,2206272,39.21591,-76.855865,0.235619
24027,Howard County,Maryland,bchrrr,39.217633,-76.854273,2206272,39.21591,-76.855865,0.235619
24027,Howard County,Maryland,nsrdb,39.217633,-76.854273,1150489,39.21,-76.86,0.981744
24029,Kent County,Maryland,wtk,39.244689,-76.05754,2242595,39.25239,-76.05585,0.868591
24029,Kent County,Maryland,bchrrr,39.244689,-76.05754,2242595,39.25239,-76.05585,0.868591
24029,Kent County,Maryland,nsrdb,39.244689,-76.05754,1177005,39.25,-76.06,0.627401
24031,Montgomery County,Maryland,wtk,39.087067,-77.12418,2195801,39.093166,-77.115234,1.027636
24031,Montgomery County,Maryland,bchrrr,39.087067,-77.12418,2195801,39.093166,-77.115234,1.027636
24031,Montgomery County,Maryland,nsrdb,39.087067,-77.12418,1141573,39.09,-77.14,1.40378
24033,Prince George's County,Maryland,wtk,38.909312,-76.88867,2209742,38.91504,-76.87665,1.219533
24033,Prince George's County,Maryland,bchrrr,38.909312,-76.88867,2209742,38.91504,-76.87665,1.219533
24033,Prince George's County,Maryland,nsrdb,38.909312,-76.88867,1149205,38.89,-76.9,2.360644
24035,Queen Anne's County,Maryland,wtk,39.021374,-76.149683,2241541,39.02368,-76.15527,0.546531
24035,Queen Anne's County,Maryland,bchrrr,39.021374,-76.149683,2241541,39.02368,-76.15527,0.546531
24035,Queen Anne's County,Maryland,nsrdb,39.021374,-76.149683,1174317,39.01,-76.14,1.516376
24037,St. Mary's County,Maryland,wtk,38.307344,-76.578132,2232834,38.30605,-76.58057,0.25682
24037,St. Mary's County,Maryland,bchrrr,38.307344,-76.578132,2232834,38.30605,-76.58057,0.25682
24037,St. Mary's County,Maryland,nsrdb,38.307344,-76.578132,1159592,38.29,-76.58,1.935444
24039,Somerset County,Maryland,wtk,38.133067,-75.742085,2269352,38.138363,-75.73694,0.741132
24039,Somerset County,Maryland,bchrrr,38.133067,-75.742085,2269352,38.138363,-75.73694,0.741132
24039,Somerset County,Maryland,nsrdb,38.133067,-75.742085,1187785,38.13,-75.74,0.386733
24041,Talbot County,Maryland,wtk,38.768509,-76.098005,2247629,38.763237,-76.092926,0.733186
24041,Talbot County,Maryland,bchrrr,38.768509,-76.098005,2247629,38.763237,-76.092926,0.733186
24041,Talbot County,Maryland,nsrdb,38.768509,-76.098005,1175675,38.77,-76.1,0.239586
24043,Washington County,Maryland,wtk,39.618691,-77.731502,2158831,39.625927,-77.74005,1.087848
24043,Washington County,Maryland,bchrrr,39.618691,-77.731502,2158831,39.625927,-77.74005,1.087848
24043,Washington County,Maryland,nsrdb,39.618691,-77.731502,1122381,39.61,-77.74,1.209881
24045,Wicomico County,Maryland,wtk,38.372252,-75.593754,2272186,38.374836,-75.585815,0.749355
24045,Wicomico County,Maryland,bchrrr,38.372252,-75.593754,2272186,38.374836,-75.585815,0.749355
24045,Wicomico County,Maryland,nsrdb,38.372252,-75.593754,1193237,38.37,-75.58,1.224911
24047,Worcester County,Maryland,wtk,38.303611,-75.234278,2286300,38.30435,-75.24396,0.848824
24047,Worcester County,Maryland,bchrrr,38.303611,-75.234278,2286300,38.30435,-75.24396,0.848824
24047,Worcester County,Maryland,nsrdb,38.303611,-75.234278,1205272,38.29,-75.22,1.960389
24510,Baltimore City,Maryland,wtk,39.314378,-76.618104,2215564,39.324497,-76.62445,1.250619
24510,Baltimore City,Maryland,bchrrr,39.314378,-76.618104,2215564,39.324497,-76.62445,1.250619
24510,Baltimore City,Maryland,nsrdb,39.314378,-76.618104,1158263,39.33,-76.62,1.744729
25001,Barnstable County,Massachusetts,wtk,41.692338,-70.328516,2414051,41.692696,-70.33832,0.81502
25001,Barnstable County,Massachusetts,bchrrr,41.692338,-70.328516,2414051,41.692696,-70.33832,0.81502
25001,Barnstable County,Massachusetts,nsrdb,41.692338,-70.328516,1362857,41.69,-70.34,0.988365
25003,Berkshire County,Massachusetts,wtk,42.456887,-73.218191,2305373,42.457314,-73.21835,0.049239
25003,Berkshire County,Massachusetts,bchrrr,42.456887,-73.218191,2305373,42.457314,-73.21835,0.049239
25003,Berkshire County,Massachusetts,nsrdb,42.456887,-73.218191,1269374,42.45,-73.22,0.78005
25005,Bristol County,Massachusetts,wtk,41.794277,-71.109636,2386753,41.80093,-71.10333,0.905835
25005,Bristol County,Massachusetts,bchrrr,41.794277,-71.109636,2386753,41.80093,-71.10333,0.905835
25005,Bristol County,Massachusetts,nsrdb,41.794277,-71.109636,1338353,41.81,-71.1,1.922134
25007,Dukes County,Massachusetts,wtk,41.419703,-70.603288,2408866,41.427654,-70.61212,1.150624
25007,Dukes County,Massachusetts,bchrrr,41.419703,-70.603288,2408866,41.427654,-70.61212,1.150624
25007,Dukes County,Massachusetts,nsrdb,41.419703,-70.603288,1353787,41.41,-70.62,1.762448
25009,Essex County,Massachusetts,wtk,42.625306,-70.99152,2378756,42.61332,-70.987366,1.375444
25009,Essex County,Massachusetts,bchrrr,42.625306,-70.99152,2378756,42.61332,-70.987366,1.375444
25009,Essex County,Massachusetts,nsrdb,42.625306,-70.99152,1342250,42.61,-70.98,1.945566
25011,Franklin County,Massachusetts,wtk,42.578152,-72.559157,2326472,42.58519,-72.56131,0.802198
25011,Franklin County,Massachusetts,bchrrr,42.578152,-72.559157,2326472,42.58519,-72.56131,0.802198
25011,Franklin County,Massachusetts,nsrdb,42.578152,-72.559157,1291373,42.57,-72.54,1.811731
25013,Hampden County,Massachusetts,wtk,42.125556,-72.574334,2332648,42.120255,-72.566895,0.850799
25013,Hampden County,Massachusetts,bchrrr,42.125556,-72.574334,2332648,42.120255,-72.566895,0.850799
25013,Hampden County,Massachusetts,nsrdb,42.125556,-72.574334,1290091,42.13,-72.58,0.680088
25015,Hampshire County,Massachusetts,wtk,42.312742,-72.572184,2330010,42.314396,-72.56659,0.495376
25015,Hampshire County,Massachusetts,bchrrr,42.312742,-72.572184,2330010,42.314396,-72.56659,0.495376
25015,Hampshire County,Massachusetts,nsrdb,42.312742,-72.572184,1290086,42.33,-72.58,2.023736
25017,Middlesex County,Massachusetts,wtk,42.447846,-71.254625,2372488,42.4406,-71.24823,0.961528
25017,Middlesex County,Massachusetts,bchrrr,42.447846,-71.254625,2372488,42.4406,-71.24823,0.961528
25017,Middlesex County,Massachusetts,nsrdb,42.447846,-71.254625,1333083,42.45,-71.26,0.501854
25019,Nantucket County,Massachusetts,wtk,41.267218,-70.089226,2427910,41.25785,-70.087555,1.050997
25019,Nantucket County,Massachusetts,bchrrr,41.267218,-70.089226,2427910,41.25785,-70.087555,1.050997
25019,Nantucket County,Massachusetts,nsrdb,41.267218,-70.089226,1370912,41.25,-70.1,2.115799
25021,Norfolk County,Massachusetts,wtk,42.202441,-71.146284,2379626,42.20042,-71.14093,0.494974
25021,Norfolk County,Massachusetts,bchrrr,42.202441,-71.146284,2379626,42.20042,-71.14093,0.494974
25021,Norfolk County,Massachusetts,nsrdb,42.202441,-71.146284,1337034,42.21,-71.14,0.987105
25023,Plymouth County,Massachusetts,wtk,42.023678,-70.855688,2392128,42.014275,-70.85321,1.065418
25023,Plymouth County,Massachusetts,bchrrr,42.023678,-70.855688,2392128,42.014275,-70.85321,1.065418
25023,Plymouth County,Massachusetts,nsrdb,42.023678,-70.855688,1346141,42.01,-70.86,1.562086
25025,Suffolk County,Massachusetts,wtk,42.336102,-71.07713,2379634,42.342056,-71.07944,0.688742
25025,Suffolk County,Massachusetts,bchrrr,42.336102,-71.07713,2379634,42.342056,-71.07944,0.688742
25025,Suffolk County,Massachusetts,nsrdb,42.336102,-71.07713,1339646,42.33,-71.06,1.56304
25027,Worcester County,Massachusetts,wtk,42.303384,-71.802808,2355119,42.29862,-71.810394,0.818446
25027,Worcester County,Massachusetts,bchrrr,42.303384,-71.802808,2355119,42.29862,-71.810394,0.818446
25027,Worcester County,Massachusetts,nsrdb,42.303384,-71.802808,1314656,42.29,-71.82,2.052862
26001,Alcona County,Michigan,wtk,44.668108,-83.465551,1867567,44.660095,-83.47104,0.99113
26001,Alcona County,Michigan,bchrrr,44.668108,-83.465551,1867567,44.660095,-83.47104,0.99113
26001,Alcona County,Michigan,nsrdb,44.668108,-83.465551,989838,44.65,-83.46,2.060832
26003,Alger County,Michigan,wtk,46.384472,-86.711504,1715329,46.38124,-86.703766,0.693875
26003,Alger County,Michigan,bchrrr,46.384472,-86.711504,1715329,46.38124,-86.703766,0.693875
26003,Alger County,Michigan,nsrdb,46.384472,-86.711504,922400,46.37,-86.7,1.835325
26005,Allegan County,Michigan,wtk,42.608447,-85.871116,1781490,42.61346,-85.87457,0.624992
26005,Allegan County,Michigan,bchrrr,42.608447,-85.871116,1781490,42.61346,-85.87457,0.624992
26005,Allegan County,Michigan,nsrdb,42.608447,-85.871116,939231,42.61,-85.86,0.925959
26007,Alpena County,Michigan,wtk,45.050588,-83.502882,1863353,45.039696,-83.49304,1.436922
26007,Alpena County,Michigan,bchrrr,45.050588,-83.502882,1863353,45.039696,-83.49304,1.436922
26007,Alpena County,Michigan,nsrdb,45.050588,-83.502882,988959,45.05,-83.5,0.235655
26009,Antrim County,Michigan,wtk,44.978316,-85.198568,1792101,44.972904,-85.21109,1.154271
26009,Antrim County,Michigan,bchrrr,44.978316,-85.198568,1792101,44.972904,-85.21109,1.154271
26009,Antrim County,Michigan,nsrdb,44.978316,-85.198568,953187,44.97,-85.18,1.728705
26011,Arenac County,Michigan,wtk,44.044452,-83.884463,1855835,44.047337,-83.89386,0.816699
26011,Arenac County,Michigan,bchrrr,44.044452,-83.884463,1855835,44.047337,-83.89386,0.816699
26011,Arenac County,Michigan,nsrdb,44.044452,-83.884463,980241,44.05,-83.9,1.386567
26013,Baraga County,Michigan,wtk,46.766501,-88.450031,1635149,46.769737,-88.442505,0.676787
26013,Baraga County,Michigan,bchrrr,46.766501,-88.450031,1635149,46.769737,-88.442505,0.676787
26013,Baraga County,Michigan,nsrdb,46.766501,-88.450031,884894,46.77,-88.46,0.853152
26015,Barry County,Michigan,wtk,42.618499,-85.349433,1805726,42.618237,-85.33838,0.904895
26015,Barry County,Michigan,bchrrr,42.618499,-85.349433,1805726,42.618237,-85.33838,0.904895
26015,Barry County,Michigan,nsrdb,42.618499,-85.349433,949945,42.61,-85.34,1.220234
26017,Bay County,Michigan,wtk,43.629992,-83.929252,1857955,43.636772,-83.92822,0.758464
26017,Bay County,Michigan,bchrrr,43.629992,-83.929252,1857955,43.636772,-83.92822,0.758464
26017,Bay County,Michigan,nsrdb,43.629992,-83.929252,979386,43.61,-83.94,2.385442
26019,Benzie County,Michigan,wtk,44.651834,-86.011316,1759268,44.6525,-86.011475,0.075116
26019,Benzie County,Michigan,bchrrr,44.651834,-86.011316,1759268,44.6525,-86.011475,0.075116
26019,Benzie County,Michigan,nsrdb,44.651834,-86.011316,935902,44.65,-86.02,0.716574
26021,Berrien County,Michigan,wtk,41.985705,-86.40639,1761484,41.987846,-86.40997,0.379774
26021,Berrien County,Michigan,bchrrr,41.985705,-86.40639,1761484,41.987846,-86.40997,0.379774
26021,Berrien County,Michigan,nsrdb,41.985705,-86.40639,928094,41.97,-86.42,2.077341
26023,Branch County,Michigan,wtk,41.929178,-85.030717,1824935,41.930702,-85.03345,0.282547
26023,Branch County,Michigan,bchrrr,41.929178,-85.030717,1824935,41.930702,-85.03345,0.282547
26023,Branch County,Michigan,nsrdb,41.929178,-85.030717,956602,41.93,-85.02,0.891268
26025,Calhoun County,Michigan,wtk,42.289629,-85.106101,1818169,42.295876,-85.117676,1.178545
26025,Calhoun County,Michigan,bchrrr,42.289629,-85.106101,1818169,42.295876,-85.117676,1.178545
26025,Calhoun County,Michigan,nsrdb,42.289629,-85.106101,954918,42.29,-85.1,0.50354
26027,Cass County,Michigan,wtk,41.892273,-86.040511,1779112,41.898544,-86.047,0.880172
26027,Cass County,Michigan,bchrrr,41.892273,-86.040511,1779112,41.898544,-86.047,0.880172
26027,Cass County,Michigan,nsrdb,41.892273,-86.040511,935161,41.89,-86.06,1.632886
26029,Charlevoix County,Michigan,wtk,45.244538,-85.111143,1794431,45.244743,-85.10535,0.454109
26029,Charlevoix County,Michigan,bchrrr,45.244538,-85.111143,1794431,45.244743,-85.10535,0.454109
26029,Charlevoix County,Michigan,nsrdb,45.244538,-85.111143,954844,45.25,-85.1,1.062951
26031,Cheboygan County,Michigan,wtk,45.511041,-84.521032,1817212,45.506454,-84.517334,0.585828
26031,Cheboygan County,Michigan,bchrrr,45.511041,-84.521032,1817212,45.506454,-84.517334,0.585828
26031,Cheboygan County,Michigan,nsrdb,45.511041,-84.521032,966570,45.53,-84.54,2.574515
26033,Chippewa County,Michigan,wtk,46.365584,-84.396481,1814993,46.359844,-84.39331,0.683069
26033,Chippewa County,Michigan,bchrrr,46.365584,-84.396481,1814993,46.359844,-84.39331,0.683069
26033,Chippewa County,Michigan,nsrdb,46.365584,-84.396481,969935,46.37,-84.38,1.356538
26035,Clare County,Michigan,wtk,43.944399,-84.825673,1817127,43.939056,-84.83148,0.754416
26035,Clare County,Michigan,bchrrr,43.944399,-84.825673,1817127,43.939056,-84.83148,0.754416
26035,Clare County,Michigan,nsrdb,43.944399,-84.825673,960735,43.93,-84.82,1.664288
26037,Clinton County,Michigan,wtk,42.88626,-84.554295,1838281,42.875664,-84.54788,1.288961
26037,Clinton County,Michigan,bchrrr,42.88626,-84.554295,1838281,42.875664,-84.54788,1.288961
26037,Clinton County,Michigan,nsrdb,42.88626,-84.554295,966636,42.89,-84.54,1.236649
26039,Crawford County,Michigan,wtk,44.657139,-84.668988,1818297,44.655605,-84.663574,0.460952
26039,Crawford County,Michigan,bchrrr,44.657139,-84.668988,1818297,44.655605,-84.663574,0.460952
26039,Crawford County,Michigan,nsrdb,44.657139,-84.668988,964067,44.65,-84.66,1.065652
26041,Delta County,Michigan,wtk,45.801913,-87.065695,1703284,45.81014,-87.0683,0.936822
26041,Delta County,Michigan,bchrrr,45.801913,-87.065695,1703284,45.81014,-87.0683,0.936822
26041,Delta County,Michigan,nsrdb,45.801913,-87.065695,915085,45.81,-87.06,1.001743
26043,Dickinson County,Michigan,wtk,45.832995,-88.014024,1660847,45.823338,-88.00708,1.201063
26043,Dickinson County,Michigan,bchrrr,45.832995,-88.014024,1660847,45.823338,-88.00708,1.201063
26043,Dickinson County,Michigan,nsrdb,45.832995,-88.014024,894671,45.85,-88.02,1.946714
26045,Eaton County,Michigan,wtk,42.645091,-84.739538,1831661,42.652,-84.744965,0.887249
26045,Eaton County,Michigan,bchrrr,42.645091,-84.739538,1831661,42.652,-84.744965,0.887249
26045,Eaton County,Michigan,nsrdb,42.645091,-84.739538,962440,42.65,-84.74,0.547163
26047,Emmet County,Michigan,wtk,45.432043,-84.910387,1801324,45.432434,-84.90793,0.196591
26047,Emmet County,Michigan,bchrrr,45.432043,-84.910387,1801324,45.432434,-84.90793,0.196591
26047,Emmet County,Michigan,nsrdb,45.432043,-84.910387,959026,45.45,-84.9,2.154914
26049,Genesee County,Michigan,wtk,43.00242,-83.693823,1872764,43.008514,-83.6983,0.769224
26049,Genesee County,Michigan,bchrrr,43.00242,-83.693823,1872764,43.008514,-83.6983,0.769224
26049,Genesee County,Michigan,nsrdb,43.00242,-83.693823,984659,43.01,-83.7,0.981171
26051,Gladwin County,Michigan,wtk,43.968005,-84.439821,1833943,43.973263,-84.43274,0.814214
26051,Gladwin County,Michigan,bchrrr,43.968005,-84.439821,1833943,43.973263,-84.43274,0.814214
26051,Gladwin County,Michigan,nsrdb,43.968005,-84.439821,969148,43.97,-84.42,1.601688
26053,Gogebic County,Michigan,wtk,46.446368,-89.993287,1566509,46.449566,-90.00595,1.033291
26053,Gogebic County,Michigan,bchrrr,46.446368,-89.993287,1566509,46.449566,-90.00595,1.033291
26053,Gogebic County,Michigan,nsrdb,46.446368,-89.993287,849725,46.45,-89.98,1.095163
26055,Grand Traverse County,Michigan,wtk,44.713442,-85.61301,1776922,44.709415,-85.60507,0.770832
26055,Grand Traverse County,Michigan,bchrrr,44.713442,-85.61301,1776922,44.709415,-85.60507,0.770832
26055,Grand Traverse County,Michigan,nsrdb,44.713442,-85.61301,944140,44.73,-85.62,1.922211
26057,Gratiot County,Michigan,wtk,43.344136,-84.631245,1830590,43.336292,-84.637634,1.013766
26057,Gratiot County,Michigan,bchrrr,43.344136,-84.631245,1830590,43.336292,-84.637634,1.013766
26057,Gratiot County,Michigan,nsrdb,43.344136,-84.631245,964938,43.33,-84.62,1.815988
26059,Hillsdale County,Michigan,wtk,41.916883,-84.605207,1843720,41.92354,-84.605865,0.742225
26059,Hillsdale County,Michigan,bchrrr,41.916883,-84.605207,1843720,41.92354,-84.605865,0.742225
26059,Hillsdale County,Michigan,nsrdb,41.916883,-84.605207,964973,41.93,-84.62,1.904003
26061,Houghton County,Michigan,wtk,47.127332,-88.541659,1629003,47.13078,-88.529755,0.978773
26061,Houghton County,Michigan,bchrrr,47.127332,-88.541659,1629003,47.13078,-88.529755,0.978773
26061,Houghton County,Michigan,nsrdb,47.127332,-88.541659,883098,47.13,-88.54,0.322124
26063,Huron County,Michigan,wtk,43.832366,-83.062984,1892462,43.838318,-83.0495,1.267966
26063,Huron County,Michigan,bchrrr,43.832366,-83.062984,1892462,43.838318,-83.0495,1.267966
26063,Huron County,Michigan,nsrdb,43.832366,-83.062984,998247,43.85,-83.06,1.975365
26065,Ingham County,Michigan,wtk,42.688382,-84.486284,1842665,42.680885,-84.483765,0.858681
26065,Ingham County,Michigan,bchrrr,42.688382,-84.486284,1842665,42.680885,-84.483765,0.858681
26065,Ingham County,Michigan,nsrdb,42.688382,-84.486284,967486,42.69,-84.5,1.135396
26067,Ionia County,Michigan,wtk,42.957002,-85.086773,1813675,42.95105,-85.09787,1.119661
26067,Ionia County,Michigan,bchrrr,42.957002,-85.086773,1813675,42.95105,-85.09787,1.119661
26067,Ionia County,Michigan,nsrdb,42.957002,-85.086773,954901,42.97,-85.1,1.80204
26069,Iosco County,Michigan,wtk,44.357035,-83.532254,1867551,44.365707,-83.53601,1.009456
26069,Iosco County,Michigan,bchrrr,44.357035,-83.532254,1867551,44.365707,-83.53601,1.009456
26069,Iosco County,Michigan,nsrdb,44.357035,-83.532254,988107,44.37,-83.54,1.567645
26071,Iron County,Michigan,wtk,46.099562,-88.537637,1635113,46.1021,-88.53366,0.416735
26071,Iron County,Michigan,bchrrr,46.099562,-88.537637,1635113,46.1021,-88.53366,0.416735
26071,Iron County,Michigan,nsrdb,46.099562,-88.537637,883124,46.09,-88.54,1.078747
26073,Isabella County,Michigan,wtk,43.60856,-84.803433,1821634,43.615246,-84.790375,1.287597
26073,Isabella County,Michigan,bchrrr,43.60856,-84.803433,1821634,43.615246,-84.790375,1.287597
26073,Isabella County,Michigan,nsrdb,43.60856,-84.803433,960743,43.61,-84.82,1.343418
26075,Jackson County,Michigan,wtk,42.241802,-84.406632,1849214,42.241478,-84.41742,0.888793
26075,Jackson County,Michigan,bchrrr,42.241802,-84.406632,1849214,42.241478,-84.41742,0.888793
26075,Jackson County,Michigan,nsrdb,42.241802,-84.406632,969191,42.25,-84.42,1.428914
26077,Kalamazoo County,Michigan,wtk,42.262549,-85.586362,1797721,42.266544,-85.57947,0.720405
26077,Kalamazoo County,Michigan,bchrrr,42.262549,-85.586362,1797721,42.266544,-85.57947,0.720405
26077,Kalamazoo County,Michigan,nsrdb,42.262549,-85.586362,945018,42.25,-85.58,1.490388
26079,Kalkaska County,Michigan,wtk,44.720583,-85.164932,1796707,44.722923,-85.152954,0.981473
26079,Kalkaska County,Michigan,bchrrr,44.720583,-85.164932,1796707,44.722923,-85.152954,0.981473
26079,Kalkaska County,Michigan,nsrdb,44.720583,-85.164932,953193,44.73,-85.18,1.58542
26081,Kent County,Michigan,wtk,42.961783,-85.625625,1789669,42.965908,-85.63385,0.811366
26081,Kent County,Michigan,bchrrr,42.961783,-85.625625,1789669,42.965908,-85.63385,0.811366
26081,Kent County,Michigan,nsrdb,42.961783,-85.625625,944184,42.97,-85.62,1.021917
26083,Keweenaw County,Michigan,wtk,47.336127,-88.289109,1638871,47.339134,-88.28015,0.753365
26083,Keweenaw County,Michigan,bchrrr,47.336127,-88.289109,1638871,47.339134,-88.28015,0.753365
26083,Keweenaw County,Michigan,nsrdb,47.336127,-88.289109,888450,47.33,-88.3,1.066676
26085,Lake County,Michigan,wtk,43.9572,-85.799454,1774537,43.956917,-85.79367,0.464048
26085,Lake County,Michigan,bchrrr,43.9572,-85.799454,1774537,43.956917,-85.79367,0.464048
26085,Lake County,Michigan,nsrdb,43.9572,-85.799454,940848,43.97,-85.78,2.109524
26087,Lapeer County,Michigan,wtk,43.058195,-83.249433,1891293,43.051144,-83.25098,0.794048
26087,Lapeer County,Michigan,bchrrr,43.058195,-83.249433,1891293,43.051144,-83.25098,0.794048
26087,Lapeer County,Michigan,nsrdb,43.058195,-83.249433,994137,43.05,-83.26,1.25201
26089,Leelanau County,Michigan,wtk,44.906992,-85.729995,1769889,44.90852,-85.72748,0.260955
26089,Leelanau County,Michigan,bchrrr,44.906992,-85.729995,1769889,44.90852,-85.72748,0.260955
26089,Leelanau County,Michigan,nsrdb,44.906992,-85.729995,941652,44.89,-85.74,2.047184
26091,Lenawee County,Michigan,wtk,41.926113,-84.052763,1867418,41.91932,-84.05115,0.767046
26091,Lenawee County,Michigan,bchrrr,41.926113,-84.052763,1867418,41.91932,-84.05115,0.767046
26091,Lenawee County,Michigan,nsrdb,41.926113,-84.052763,976850,41.93,-84.06,0.73841
26093,Livingston County,Michigan,wtk,42.575015,-83.856503,1869570,42.575645,-83.86597,0.778343
26093,Livingston County,Michigan,bchrrr,42.575015,-83.856503,1869570,42.575645,-83.86597,0.778343
26093,Livingston County,Michigan,nsrdb,42.575015,-83.856503,981152,42.57,-83.86,0.62687
26095,Luce County,Michigan,wtk,46.335663,-85.56131,1765256,46.340565,-85.568726,0.788185
26095,Luce County,Michigan,bchrrr,46.335663,-85.56131,1765256,46.340565,-85.568726,0.788185
26095,Luce County,Michigan,nsrdb,46.335663,-85.56131,944916,46.33,-85.58,1.567041
26097,Mackinac County,Michigan,wtk,45.997315,-84.881962,1797923,45.993668,-84.876526,0.583772
26097,Mackinac County,Michigan,bchrrr,45.997315,-84.881962,1797923,45.993668,-84.876526,0.583772
26097,Mackinac County,Michigan,nsrdb,45.997315,-84.881962,959012,46.01,-84.9,1.982567
26099,Macomb County,Michigan,wtk,42.589118,-82.957869,1908043,42.583992,-82.96893,1.069996
26099,Macomb County,Michigan,bchrrr,42.589118,-82.957869,1908043,42.583992,-82.96893,1.069996
26099,Macomb County,Michigan,nsrdb,42.589118,-82.957869,1000757,42.57,-82.94,2.580639
26101,Manistee County,Michigan,wtk,44.306321,-86.185171,1754523,44.310524,-86.17627,0.848553
26101,Manistee County,Michigan,bchrrr,44.306321,-86.185171,1754523,44.310524,-86.17627,0.848553
26101,Manistee County,Michigan,nsrdb,44.306321,-86.185171,932722,44.29,-86.18,1.860889
26103,Marquette County,Michigan,wtk,46.486718,-87.492783,1679141,46.48023,-87.5036,1.098356
26103,Marquette County,Michigan,bchrrr,46.486718,-87.492783,1679141,46.48023,-87.5036,1.098356
26103,Marquette County,Michigan,nsrdb,46.486718,-87.492783,905866,46.49,-87.5,0.662163
26105,Mason County,Michigan,wtk,43.974549,-86.346704,1749768,43.968357,-86.33917,0.915185
26105,Mason County,Michigan,bchrrr,43.974549,-86.346704,1749768,43.968357,-86.33917,0.915185
26105,Mason County,Michigan,nsrdb,43.974549,-86.346704,929602,43.97,-86.34,0.737343
26107,Mecosta County,Michigan,wtk,43.650864,-85.382219,1795499,43.654987,-85.380035,0.490976
26107,Mecosta County,Michigan,bchrrr,43.650864,-85.382219,1795499,43.654987,-85.380035,0.490976
26107,Mecosta County,Michigan,nsrdb,43.650864,-85.382219,949096,43.65,-85.38,0.202742
26109,Menominee County,Michigan,wtk,45.342064,-87.579574,1683930,45.342354,-87.5694,0.795811
26109,Menominee County,Michigan,bchrrr,45.342064,-87.579574,1683930,45.342354,-87.5694,0.795811
26109,Menominee County,Michigan,nsrdb,45.342064,-87.579574,904213,45.33,-87.58,1.341871
26111,Midland County,Michigan,wtk,43.643319,-84.296368,1842717,43.6385,-84.29202,0.639962
26111,Midland County,Michigan,bchrrr,43.643319,-84.296368,1842717,43.6385,-84.29202,0.639962
26111,Midland County,Michigan,nsrdb,43.643319,-84.296368,971701,43.65,-84.3,0.798307
26113,Missaukee County,Michigan,wtk,44.307678,-85.179855,1798977,44.311886,-85.17871,0.476696
26113,Missaukee County,Michigan,bchrrr,44.307678,-85.179855,1798977,44.311886,-85.17871,0.476696
26113,Missaukee County,Michigan,nsrdb,44.307678,-85.179855,953204,44.29,-85.18,1.96574
26115,Monroe County,Michigan,wtk,41.901663,-83.486324,1891231,41.912228,-83.49655,1.447839
26115,Monroe County,Michigan,bchrrr,41.901663,-83.486324,1891231,41.912228,-83.49655,1.447839
26115,Monroe County,Michigan,nsrdb,41.901663,-83.486324,989038,41.89,-83.5,1.721389
26117,Montcalm County,Michigan,wtk,43.283566,-85.172848,1808030,43.27712,-85.16553,0.929885
26117,Montcalm County,Michigan,bchrrr,43.283566,-85.172848,1808030,43.27712,-85.16553,0.929885
26117,Montcalm County,Michigan,nsrdb,43.283566,-85.172848,953229,43.29,-85.18,0.920306
26119,Montmorency County,Michigan,wtk,44.997448,-84.125748,1838396,44.994225,-84.11609,0.839747
26119,Montmorency County,Michigan,bchrrr,44.997448,-84.125748,1838396,44.994225,-84.11609,0.839747
26119,Montmorency County,Michigan,nsrdb,44.997448,-84.125748,975068,45.01,-84.14,1.789858
26121,Muskegon County,Michigan,wtk,43.243846,-86.214966,1761552,43.243557,-86.20236,1.021587
26121,Muskegon County,Michigan,bchrrr,43.243846,-86.214966,1761552,43.243557,-86.20236,1.021587
26121,Muskegon County,Michigan,nsrdb,43.243846,-86.214966,931965,43.25,-86.22,0.796557
26123,Newaygo County,Michigan,wtk,43.466224,-85.811288,1778027,43.469677,-85.802124,0.833274
26123,Newaygo County,Michigan,bchrrr,43.466224,-85.811288,1778027,43.469677,-85.802124,0.833274
26123,Newaygo County,Michigan,nsrdb,43.466224,-85.811288,940035,43.45,-85.82,1.936229
26125,Oakland County,Michigan,wtk,42.586863,-83.314055,1892394,42.588886,-83.32617,1.017
26125,Oakland County,Michigan,bchrrr,42.586863,-83.314055,1892394,42.588886,-83.32617,1.017
26125,Oakland County,Michigan,nsrdb,42.586863,-83.314055,993317,42.57,-83.3,2.200065
26127,Oceana County,Michigan,wtk,43.632683,-86.305808,1753303,43.628918,-86.31827,1.086847
26127,Oceana County,Michigan,bchrrr,43.632683,-86.305808,1753303,43.628918,-86.31827,1.086847
26127,Oceana County,Michigan,nsrdb,43.632683,-86.305808,930392,43.65,-86.3,1.981472
26129,Ogemaw County,Michigan,wtk,44.286804,-84.127123,1843848,44.28045,-84.13364,0.876538
26129,Ogemaw County,Michigan,bchrrr,44.286804,-84.127123,1843848,44.28045,-84.13364,0.876538
26129,Ogemaw County,Michigan,nsrdb,44.286804,-84.127123,975086,44.29,-84.14,1.084834
26131,Ontonagon County,Michigan,wtk,46.718906,-89.288315,1596994,46.72834,-89.293945,1.133404
26131,Ontonagon County,Michigan,bchrrr,46.718906,-89.288315,1596994,46.72834,-89.293945,1.133404
26131,Ontonagon County,Michigan,nsrdb,46.718906,-89.288315,865617,46.73,-89.3,1.521543
26133,Osceola County,Michigan,wtk,43.965434,-85.3578,1794362,43.971195,-85.3475,1.043955
26133,Osceola County,Michigan,bchrrr,43.965434,-85.3578,1794362,43.971195,-85.3475,1.043955
26133,Osceola County,Michigan,nsrdb,43.965434,-85.3578,949911,43.97,-85.34,1.512317
26135,Oscoda County,Michigan,wtk,44.701471,-84.148388,1839478,44.696712,-84.15219,0.608549
26135,Oscoda County,Michigan,bchrrr,44.701471,-84.148388,1839478,44.696712,-84.15219,0.608549
26135,Oscoda County,Michigan,nsrdb,44.701471,-84.148388,975076,44.69,-84.14,1.437545
26137,Otsego County,Michigan,wtk,45.006945,-84.666772,1814920,45.013863,-84.67117,0.843372
26137,Otsego County,Michigan,bchrrr,45.006945,-84.666772,1814920,45.013863,-84.67117,0.843372
26137,Otsego County,Michigan,nsrdb,45.006945,-84.666772,964058,45.01,-84.66,0.631528
26139,Ottawa County,Michigan,wtk,42.911054,-86.015875,1772132,42.908974,-86.02814,1.025312
26139,Ottawa County,Michigan,bchrrr,42.911054,-86.015875,1772132,42.908974,-86.02814,1.025312
26139,Ottawa County,Michigan,nsrdb,42.911054,-86.015875,935945,42.93,-86.02,2.133311
26141,Presque Isle County,Michigan,wtk,45.356976,-83.868388,1845003,45.364346,-83.876434,1.032849
26141,Presque Isle County,Michigan,bchrrr,45.356976,-83.868388,1845003,45.364346,-83.876434,1.032849
26141,Presque Isle County,Michigan,nsrdb,45.356976,-83.868388,981082,45.37,-83.86,1.589574
26143,Roscommon County,Michigan,wtk,44.364342,-84.650116,1821675,44.371136,-84.64133,1.028823
26143,Roscommon County,Michigan,bchrrr,44.364342,-84.650116,1821675,44.371136,-84.64133,1.028823
26143,Roscommon County,Michigan,nsrdb,44.364342,-84.650116,964074,44.37,-84.66,1.006537
26145,Saginaw County,Michigan,wtk,43.399088,-83.996455,1856873,43.400276,-84.0036,0.59218
26145,Saginaw County,Michigan,bchrrr,43.399088,-83.996455,1856873,43.400276,-84.0036,0.59218
26145,Saginaw County,Michigan,nsrdb,43.399088,-83.996455,978532,43.41,-83.98,1.799819
26147,St. Clair County,Michigan,wtk,42.912201,-82.56348,1921858,42.91123,-82.56067,0.253037
26147,St. Clair County,Michigan,bchrrr,42.912201,-82.56348,1921858,42.91123,-82.56067,0.253037
26147,St. Clair County,Michigan,nsrdb,42.912201,-82.56348,1008194,42.93,-82.58,2.393028
26149,St. Joseph County,Michigan,wtk,41.887521,-85.526924,1803412,41.885742,-85.52048,0.568938
26149,St. Joseph County,Michigan,bchrrr,41.887521,-85.526924,1803412,41.885742,-85.52048,0.568938
26149,St. Joseph County,Michigan,nsrdb,41.887521,-85.526924,945849,41.89,-85.54,1.116958
26151,Sanilac County,Michigan,wtk,43.365188,-82.783049,1908086,43.37344,-82.79053,1.098921
26151,Sanilac County,Michigan,bchrrr,43.365188,-82.783049,1908086,43.37344,-82.79053,1.098921
26151,Sanilac County,Michigan,nsrdb,43.365188,-82.783049,1004070,43.37,-82.78,0.589106
26153,Schoolcraft County,Michigan,wtk,46.006088,-86.226717,1739193,46.00404,-86.22693,0.228321
26153,Schoolcraft County,Michigan,bchrrr,46.006088,-86.226717,1739193,46.00404,-86.22693,0.228321
26153,Schoolcraft County,Michigan,nsrdb,46.006088,-86.226717,931896,46.01,-86.22,0.677005
26155,Shiawassee County,Michigan,wtk,42.942702,-84.147867,1854697,42.94566,-84.14871,0.335996
26155,Shiawassee County,Michigan,bchrrr,42.942702,-84.147867,1854697,42.94566,-84.14871,0.335996
26155,Shiawassee County,Michigan,nsrdb,42.942702,-84.147867,975120,42.93,-84.14,1.550814
26157,Tuscola County,Michigan,wtk,43.429917,-83.433817,1880237,43.42967,-83.42685,0.563268
26157,Tuscola County,Michigan,bchrrr,43.429917,-83.433817,1880237,43.42967,-83.42685,0.563268
26157,Tuscola County,Michigan,nsrdb,43.429917,-83.433817,990735,43.41,-83.42,2.479934
26159,Van Buren County,Michigan,wtk,42.260186,-86.001423,1777962,42.269836,-86.00958,1.265682
26159,Van Buren County,Michigan,bchrrr,42.260186,-86.001423,1777962,42.269836,-86.00958,1.265682
26159,Van Buren County,Michigan,nsrdb,42.260186,-86.001423,935962,42.25,-86.02,1.902752
26161,Washtenaw County,Michigan,wtk,42.257603,-83.726956,1878016,42.258915,-83.72797,0.168069
26161,Washtenaw County,Michigan,bchrrr,42.257603,-83.726956,1878016,42.258915,-83.72797,0.168069
26161,Washtenaw County,Michigan,nsrdb,42.257603,-83.726956,983796,42.25,-83.74,1.366484
26163,Wayne County,Michigan,wtk,42.329477,-83.226258,1899134,42.332478,-83.22867,0.388157
26163,Wayne County,Michigan,bchrrr,42.329477,-83.226258,1899134,42.332478,-83.22867,0.388157
26163,Wayne County,Michigan,nsrdb,42.329477,-83.226258,994979,42.33,-83.22,0.517712
26165,Wexford County,Michigan,wtk,44.309687,-85.486645,1785083,44.30464,-85.49518,0.881014
26165,Wexford County,Michigan,bchrrr,44.309687,-85.486645,1785083,44.30464,-85.49518,0.881014
26165,Wexford County,Michigan,nsrdb,44.309687,-85.486645,946612,44.29,-85.5,2.433459
27001,Aitkin County,Minnesota,wtk,46.570804,-93.529881,1408358,46.577682,-93.52005,1.072194
27001,Aitkin County,Minnesota,bchrrr,46.570804,-93.529881,1408358,46.577682,-93.52005,1.072194
27001,Aitkin County,Minnesota,nsrdb,46.570804,-93.529881,772126,46.57,-93.54,0.778671
27003,Anoka County,Minnesota,wtk,45.195029,-93.269347,1423102,45.192604,-93.26358,0.526239
27003,Anoka County,Minnesota,bchrrr,45.195029,-93.269347,1423102,45.192604,-93.26358,0.526239
27003,Anoka County,Minnesota,nsrdb,45.195029,-93.269347,777894,45.21,-93.26,1.818661
27005,Becker County,Minnesota,wtk,46.846944,-95.781084,1304879,46.84598,-95.768524,0.961215
27005,Becker County,Minnesota,bchrrr,46.846944,-95.781084,1304879,46.84598,-95.768524,0.961215
27005,Becker County,Minnesota,nsrdb,46.846944,-95.781084,725222,46.85,-95.78,0.349669
27007,Beltrami County,Minnesota,wtk,47.585274,-94.863378,1346515,47.585575,-94.85437,0.676428
27007,Beltrami County,Minnesota,bchrrr,47.585274,-94.863378,1346515,47.585575,-94.85437,0.676428
27007,Beltrami County,Minnesota,nsrdb,47.585274,-94.863378,745077,47.57,-94.86,1.717191
27009,Benton County,Minnesota,wtk,45.634664,-94.104325,1383680,45.638172,-94.09476,0.839759
27009,Benton County,Minnesota,bchrrr,45.634664,-94.104325,1383680,45.638172,-94.09476,0.839759
27009,Benton County,Minnesota,nsrdb,45.634664,-94.104325,760775,45.65,-94.1,1.738118
27011,Big Stone County,Minnesota,wtk,45.395359,-96.446363,1273451,45.392376,-96.43771,0.752691
27011,Big Stone County,Minnesota,bchrrr,45.395359,-96.446363,1273451,45.392376,-96.43771,0.752691
27011,Big Stone County,Minnesota,nsrdb,45.395359,-96.446363,709926,45.41,-96.46,1.945233
27013,Blue Earth County,Minnesota,wtk,44.133621,-93.994389,1391009,44.12712,-93.989136,0.835657
27013,Blue Earth County,Minnesota,bchrrr,44.133621,-93.994389,1391009,44.12712,-93.989136,0.835657
27013,Blue Earth County,Minnesota,nsrdb,44.133621,-93.994389,763237,44.13,-93.98,1.216914
27015,Brown County,Minnesota,wtk,44.285143,-94.59169,1362571,44.285248,-94.58209,0.764264
27015,Brown County,Minnesota,bchrrr,44.285143,-94.59169,1362571,44.285248,-94.58209,0.764264
27015,Brown County,Minnesota,nsrdb,44.285143,-94.59169,751064,44.29,-94.58,1.075881
27017,Carlton County,Minnesota,wtk,46.64421,-92.532095,1452717,46.64589,-92.53955,0.59897
27017,Carlton County,Minnesota,bchrrr,46.64421,-92.532095,1452717,46.64589,-92.53955,0.59897
27017,Carlton County,Minnesota,nsrdb,46.64421,-92.532095,792781,46.65,-92.54,0.882396
27019,Carver County,Minnesota,wtk,44.836918,-93.679276,1404571,44.829063,-93.67526,0.929076
27019,Carver County,Minnesota,bchrrr,44.836918,-93.679276,1404571,44.829063,-93.67526,0.929076
27019,Carver County,Minnesota,nsrdb,44.836918,-93.679276,769721,44.85,-93.66,2.103722
27021,Cass County,Minnesota,wtk,46.81773,-94.417926,1367661,46.81675,-94.407684,0.786935
27021,Cass County,Minnesota,bchrrr,46.81773,-94.417926,1367661,46.81675,-94.407684,0.786935
27021,Cass County,Minnesota,nsrdb,46.81773,-94.417926,754288,46.81,-94.42,0.873908
27023,Chippewa County,Minnesota,wtk,44.961847,-95.618338,1312302,44.96412,-95.618256,0.252829
27023,Chippewa County,Minnesota,bchrrr,44.961847,-95.618338,1312302,44.96412,-95.618256,0.252829
27023,Chippewa County,Minnesota,nsrdb,44.961847,-95.618338,728778,44.97,-95.62,0.915954
27025,Chisago County,Minnesota,wtk,45.452103,-92.924105,1437927,45.44514,-92.932434,1.010752
27025,Chisago County,Minnesota,bchrrr,45.452103,-92.924105,1437927,45.44514,-92.932434,1.010752
27025,Chisago County,Minnesota,nsrdb,45.452103,-92.924105,784508,45.45,-92.94,1.261754
27027,Clay County,Minnesota,wtk,46.855003,-96.673928,1263498,46.862934,-96.66739,1.012349
27027,Clay County,Minnesota,bchrrr,46.855003,-96.673928,1263498,46.862934,-96.66739,1.012349
27027,Clay County,Minnesota,nsrdb,46.855003,-96.673928,705251,46.85,-96.66,1.196352
27029,Clearwater County,Minnesota,wtk,47.559976,-95.388837,1322473,47.55225,-95.37927,1.11958
27029,Clearwater County,Minnesota,bchrrr,47.559976,-95.388837,1322473,47.55225,-95.37927,1.11958
27029,Clearwater County,Minnesota,nsrdb,47.559976,-95.388837,733927,47.57,-95.38,1.296916
27031,Cook County,Minnesota,wtk,47.790101,-90.338997,1545869,47.791336,-90.32855,0.792437
27031,Cook County,Minnesota,bchrrr,47.790101,-90.338997,1545869,47.791336,-90.32855,0.792437
27031,Cook County,Minnesota,nsrdb,47.790101,-90.338997,841238,47.81,-90.34,2.213939
27033,Cottonwood County,Minnesota,wtk,43.938577,-95.121005,1336133,43.93703,-95.13373,1.03332
27033,Cottonwood County,Minnesota,bchrrr,43.938577,-95.121005,1336133,43.93703,-95.13373,1.03332
27033,Cottonwood County,Minnesota,nsrdb,43.938577,-95.121005,739194,43.93,-95.14,1.795308
27035,Crow Wing County,Minnesota,wtk,46.430855,-94.162294,1378778,46.422108,-94.17584,1.422648
27035,Crow Wing County,Minnesota,bchrrr,46.430855,-94.162294,1378778,46.422108,-94.17584,1.422648
27035,Crow Wing County,Minnesota,nsrdb,46.430855,-94.162294,759140,46.45,-94.18,2.524408
27037,Dakota County,Minnesota,wtk,44.763244,-93.154598,1429254,44.761185,-93.15311,0.257333
27037,Dakota County,Minnesota,bchrrr,44.763244,-93.154598,1429254,44.761185,-93.15311,0.257333
27037,Dakota County,Minnesota,nsrdb,44.763244,-93.154598,780376,44.77,-93.14,1.375687
27039,Dodge County,Minnesota,wtk,44.03008,-92.805948,1447678,44.024803,-92.80078,0.717653
27039,Dodge County,Minnesota,bchrrr,44.03008,-92.805948,1447678,44.024803,-92.80078,0.717653
27039,Dodge County,Minnesota,nsrdb,44.03008,-92.805948,787035,44.05,-92.82,2.48352
27041,Douglas County,Minnesota,wtk,45.907932,-95.389484,1322385,45.91325,-95.39755,0.859715
27041,Douglas County,Minnesota,bchrrr,45.907932,-95.389484,1322385,45.91325,-95.39755,0.859715
27041,Douglas County,Minnesota,nsrdb,45.907932,-95.389484,733969,45.89,-95.38,2.124725
27043,Faribault County,Minnesota,wtk,43.68275,-93.954959,1393448,43.679436,-93.953186,0.395121
27043,Faribault County,Minnesota,bchrrr,43.68275,-93.954959,1393448,43.679436,-93.953186,0.395121
27043,Faribault County,Minnesota,nsrdb,43.68275,-93.954959,764058,43.69,-93.94,1.448002
27045,Fillmore County,Minnesota,wtk,43.696272,-92.081759,1482821,43.703156,-92.070984,1.155967
27045,Fillmore County,Minnesota,bchrrr,43.696272,-92.081759,1482821,43.703156,-92.070984,1.155967
27045,Fillmore County,Minnesota,nsrdb,43.696272,-92.081759,801923,43.69,-92.1,1.62395
27047,Freeborn County,Minnesota,wtk,43.66277,-93.361655,1421785,43.66691,-93.36142,0.460736
27047,Freeborn County,Minnesota,bchrrr,43.66277,-93.361655,1421785,43.66691,-93.36142,0.460736
27047,Freeborn County,Minnesota,nsrdb,43.66277,-93.361655,775472,43.65,-93.38,2.048018
27049,Goodhue County,Minnesota,wtk,44.446352,-92.666441,1452599,44.44975,-92.67255,0.614757
27049,Goodhue County,Minnesota,bchrrr,44.446352,-92.666441,1452599,44.44975,-92.67255,0.614757
27049,Goodhue County,Minnesota,nsrdb,44.446352,-92.666441,790349,44.45,-92.66,0.652656
27051,Grant County,Minnesota,wtk,45.948535,-95.931467,1297307,45.952072,-95.933014,0.41108
27051,Grant County,Minnesota,bchrrr,45.948535,-95.931467,1297307,45.952072,-95.933014,0.41108
27051,Grant County,Minnesota,nsrdb,45.948535,-95.931467,721703,45.93,-95.94,2.164048
27053,Hennepin County,Minnesota,wtk,44.976698,-93.361268,1419385,44.971077,-93.35333,0.883496
27053,Hennepin County,Minnesota,bchrrr,44.976698,-93.361268,1419385,44.971077,-93.35333,0.883496
27053,Hennepin County,Minnesota,nsrdb,44.976698,-93.361268,775439,44.97,-93.38,1.651052
27055,Houston County,Minnesota,wtk,43.720441,-91.438508,1511633,43.71669,-91.45096,1.084154
27055,Houston County,Minnesota,bchrrr,43.720441,-91.438508,1511633,43.71669,-91.45096,1.084154
27055,Houston County,Minnesota,nsrdb,43.720441,-91.438508,816550,43.73,-91.42,1.828023
27057,Hubbard County,Minnesota,wtk,47.058454,-94.933125,1343943,47.064747,-94.92001,1.215133
27057,Hubbard County,Minnesota,bchrrr,47.058454,-94.933125,1343943,47.064747,-94.92001,1.215133
27057,Hubbard County,Minnesota,nsrdb,47.058454,-94.933125,743393,47.05,-94.94,1.074686
27059,Isanti County,Minnesota,wtk,45.542729,-93.259766,1421886,45.546986,-93.27289,1.126335
27059,Isanti County,Minnesota,bchrrr,45.542729,-93.259766,1421886,45.546986,-93.27289,1.126335
27059,Isanti County,Minnesota,nsrdb,45.542729,-93.259766,777886,45.53,-93.26,1.41552
27061,Itasca County,Minnesota,wtk,47.315055,-93.521328,1407165,47.322876,-93.51349,1.051375
27061,Itasca County,Minnesota,bchrrr,47.315055,-93.521328,1407165,47.322876,-93.51349,1.051375
27061,Itasca County,Minnesota,nsrdb,47.315055,-93.521328,772107,47.33,-93.54,2.177715
27063,Jackson County,Minnesota,wtk,43.665362,-95.109649,1337391,43.657562,-95.11218,0.890898
27063,Jackson County,Minnesota,bchrrr,43.665362,-95.109649,1337391,43.657562,-95.11218,0.890898
27063,Jackson County,Minnesota,nsrdb,43.665362,-95.109649,740059,43.65,-95.1,1.876277
27065,Kanabec County,Minnesota,wtk,45.885212,-93.297975,1419434,45.883377,-93.31,0.952885
27065,Kanabec County,Minnesota,bchrrr,45.885212,-93.297975,1419434,45.883377,-93.31,0.952885
27065,Kanabec County,Minnesota,nsrdb,45.885212,-93.297975,777055,45.89,-93.3,0.554993
27067,Kandiyohi County,Minnesota,wtk,45.15461,-95.01746,1341293,45.14672,-95.00952,1.075827
27067,Kandiyohi County,Minnesota,bchrrr,45.15461,-95.01746,1341293,45.14672,-95.00952,1.075827
27067,Kandiyohi County,Minnesota,nsrdb,45.15461,-95.01746,741733,45.17,-95.02,1.722841
27069,Kittson County,Minnesota,wtk,48.729251,-96.77689,1259836,48.723923,-96.77548,0.601407
27069,Kittson County,Minnesota,bchrrr,48.729251,-96.77689,1259836,48.723923,-96.77548,0.601407
27069,Kittson County,Minnesota,nsrdb,48.729251,-96.77689,702401,48.73,-96.78,0.242834
27071,Koochiching County,Minnesota,wtk,48.510965,-93.489205,1405999,48.51421,-93.48575,0.441552
27071,Koochiching County,Minnesota,bchrrr,48.510965,-93.489205,1405999,48.51421,-93.48575,0.441552
27071,Koochiching County,Minnesota,nsrdb,48.510965,-93.489205,772894,48.53,-93.5,2.260996
27073,Lac Qui Parle County,Minnesota,wtk,44.982403,-96.130987,1288477,44.98333,-96.11853,0.985154
27073,Lac Qui Parle County,Minnesota,bchrrr,44.982403,-96.130987,1288477,44.98333,-96.11853,0.985154
27073,Lac Qui Parle County,Minnesota,nsrdb,44.982403,-96.130987,717254,44.97,-96.14,1.550704
27075,Lake County,Minnesota,wtk,47.186489,-91.560385,1493788,47.191372,-91.57193,1.027578
27075,Lake County,Minnesota,bchrrr,47.186489,-91.560385,1493788,47.191372,-91.57193,1.027578
27075,Lake County,Minnesota,nsrdb,47.186489,-91.560385,812945,47.17,-91.58,2.357881
27077,Lake of the Woods County,Minnesota,wtk,48.769435,-94.744847,1350373,48.77571,-94.743866,0.701443
27077,Lake of the Woods County,Minnesota,bchrrr,48.769435,-94.744847,1350373,48.77571,-94.743866,0.701443
27077,Lake of the Woods County,Minnesota,nsrdb,48.769435,-94.744847,747583,48.77,-94.74,0.360736
27079,Le Sueur County,Minnesota,wtk,44.396758,-93.716086,1403319,44.40138,-93.71872,0.554914
27079,Le Sueur County,Minnesota,bchrrr,44.396758,-93.716086,1403319,44.40138,-93.71872,0.554914
27079,Le Sueur County,Minnesota,nsrdb,44.396758,-93.716086,768916,44.41,-93.7,1.949642
27081,Lincoln County,Minnesota,wtk,44.373953,-96.252392,1282174,44.36845,-96.2475,0.725001
27081,Lincoln County,Minnesota,bchrrr,44.373953,-96.252392,1282174,44.36845,-96.2475,0.725001
27081,Lincoln County,Minnesota,nsrdb,44.373953,-96.252392,714544,44.37,-96.26,0.747587
27083,Lyon County,Minnesota,wtk,44.428528,-95.796725,1303495,44.424427,-95.80441,0.76182
27083,Lyon County,Minnesota,bchrrr,44.428528,-95.796725,1303495,44.424427,-95.80441,0.76182
27083,Lyon County,Minnesota,nsrdb,44.428528,-95.796725,725283,44.41,-95.78,2.451302
27085,McLeod County,Minnesota,wtk,44.859671,-94.264787,1377458,44.8581,-94.25238,0.993402
27085,McLeod County,Minnesota,bchrrr,44.859671,-94.264787,1377458,44.8581,-94.25238,0.993402
27085,McLeod County,Minnesota,nsrdb,44.859671,-94.264787,757567,44.85,-94.26,1.139649
27087,Mahnomen County,Minnesota,wtk,47.300157,-95.837512,1301141,47.293087,-95.849,1.169863
27087,Mahnomen County,Minnesota,bchrrr,47.300157,-95.837512,1301141,47.293087,-95.849,1.169863
27087,Mahnomen County,Minnesota,nsrdb,47.300157,-95.837512,724329,47.29,-95.82,1.737736
27089,Marshall County,Minnesota,wtk,48.306928,-96.529886,1271100,48.315956,-96.5177,1.349043
27089,Marshall County,Minnesota,bchrrr,48.306928,-96.529886,1271100,48.315956,-96.5177,1.349043
27089,Marshall County,Minnesota,nsrdb,48.306928,-96.529886,708004,48.29,-96.54,2.025545
27091,Martin County,Minnesota,wtk,43.665561,-94.509352,1366253,43.669834,-94.51993,0.974506
27091,Martin County,Minnesota,bchrrr,43.665561,-94.509352,1366253,43.669834,-94.51993,0.974506
27091,Martin County,Minnesota,nsrdb,43.665561,-94.509352,752744,43.65,-94.5,1.88679
27093,Meeker County,Minnesota,wtk,45.136435,-94.481189,1366332,45.14088,-94.48135,0.494423
27093,Meeker County,Minnesota,bchrrr,45.136435,-94.481189,1366332,45.14088,-94.48135,0.494423
27093,Meeker County,Minnesota,nsrdb,45.136435,-94.481189,752707,45.13,-94.5,1.639942
27095,Mille Lacs County,Minnesota,wtk,45.790805,-93.623065,1404623,45.797333,-93.63495,1.173011
27095,Mille Lacs County,Minnesota,bchrrr,45.790805,-93.623065,1404623,45.797333,-93.63495,1.173011
27095,Mille Lacs County,Minnesota,nsrdb,45.790805,-93.623065,770513,45.81,-93.62,2.147574
27097,Morrison County,Minnesota,wtk,45.984638,-94.329208,1372572,45.97717,-94.32446,0.907838
27097,Morrison County,Minnesota,bchrrr,45.984638,-94.329208,1372572,45.97717,-94.32446,0.907838
27097,Morrison County,Minnesota,nsrdb,45.984638,-94.329208,755925,45.97,-94.34,1.828875
27099,Mower County,Minnesota,wtk,43.665401,-92.901943,1443981,43.673504,-92.89749,0.96959
27099,Mower County,Minnesota,bchrrr,43.665401,-92.901943,1443981,43.673504,-92.89749,0.96959
27099,Mower County,Minnesota,nsrdb,43.665401,-92.901943,785383,43.65,-92.9,1.719634
27101,Murray County,Minnesota,wtk,43.982392,-95.74084,1307233,43.977314,-95.7283,1.151345
27101,Murray County,Minnesota,bchrrr,43.982392,-95.74084,1307233,43.977314,-95.7283,1.151345
27101,Murray County,Minnesota,nsrdb,43.982392,-95.74084,726176,43.97,-95.74,1.379568
27103,Nicollet County,Minnesota,wtk,44.265353,-94.058416,1387313,44.258816,-94.06256,0.798284
27103,Nicollet County,Minnesota,bchrrr,44.265353,-94.058416,1387313,44.258816,-94.06256,0.798284
27103,Nicollet County,Minnesota,nsrdb,44.265353,-94.058416,761617,44.25,-94.06,1.711832
27105,Nobles County,Minnesota,wtk,43.635009,-95.663905,1310977,43.641956,-95.65268,1.188561
27105,Nobles County,Minnesota,bchrrr,43.635009,-95.663905,1310977,43.641956,-95.65268,1.188561
27105,Nobles County,Minnesota,nsrdb,43.635009,-95.663905,727937,43.65,-95.66,1.696284
27107,Norman County,Minnesota,wtk,47.30852,-96.484391,1272300,47.310825,-96.48065,0.381109
27107,Norman County,Minnesota,bchrrr,47.30852,-96.484391,1272300,47.310825,-96.48065,0.381109
27107,Norman County,Minnesota,nsrdb,47.30852,-96.484391,708955,47.29,-96.5,2.371987
27109,Olmsted County,Minnesota,wtk,44.024515,-92.476265,1463522,44.01462,-92.46445,1.450217
27109,Olmsted County,Minnesota,bchrrr,44.024515,-92.476265,1463522,44.01462,-92.46445,1.450217
27109,Olmsted County,Minnesota,nsrdb,44.024515,-92.476265,794499,44.01,-92.46,2.072818
27111,Otter Tail County,Minnesota,wtk,46.408731,-95.78907,1303602,46.41763,-95.79736,1.176042
27111,Otter Tail County,Minnesota,bchrrr,46.408731,-95.78907,1303602,46.41763,-95.79736,1.176042
27111,Otter Tail County,Minnesota,nsrdb,46.408731,-95.78907,725233,46.41,-95.78,0.709561
27113,Pennington County,Minnesota,wtk,48.102852,-96.147985,1287390,48.09363,-96.15326,1.097718
27113,Pennington County,Minnesota,bchrrr,48.102852,-96.147985,1287390,48.09363,-96.15326,1.097718
27113,Pennington County,Minnesota,nsrdb,48.102852,-96.147985,717176,48.09,-96.14,1.54723
27115,Pine County,Minnesota,wtk,46.030418,-92.89391,1437958,46.022213,-92.90057,1.047275
27115,Pine County,Minnesota,bchrrr,46.030418,-92.89391,1437958,46.022213,-92.90057,1.047275
27115,Pine County,Minnesota,nsrdb,46.030418,-92.89391,785323,46.05,-92.9,2.227584
27117,Pipestone County,Minnesota,wtk,43.980739,-96.268339,1280899,43.977314,-96.2717,0.466225
27117,Pipestone County,Minnesota,bchrrr,43.980739,-96.268339,1280899,43.977314,-96.2717,0.466225
27117,Pipestone County,Minnesota,nsrdb,43.980739,-96.268339,714554,43.97,-96.26,1.36792
27119,Polk County,Minnesota,wtk,47.783872,-96.56383,1268563,47.775936,-96.5679,0.933377
27119,Polk County,Minnesota,bchrrr,47.783872,-96.56383,1268563,47.775936,-96.5679,0.933377
27119,Polk County,Minnesota,nsrdb,47.783872,-96.56383,707089,47.77,-96.58,1.959414
27121,Pope County,Minnesota,wtk,45.630222,-95.439412,1321116,45.63396,-95.427185,1.037595
27121,Pope County,Minnesota,bchrrr,45.630222,-95.439412,1321116,45.63396,-95.427185,1.037595
27121,Pope County,Minnesota,nsrdb,45.630222,-95.439412,733109,45.65,-95.42,2.667228
27123,Ramsey County,Minnesota,wtk,44.992909,-93.105652,1430502,45.002514,-93.11459,1.278517
27123,Ramsey County,Minnesota,bchrrr,44.992909,-93.105652,1430502,45.002514,-93.11459,1.278517
27123,Ramsey County,Minnesota,nsrdb,44.992909,-93.105652,781196,45.01,-93.1,1.9517
27125,Red Lake County,Minnesota,wtk,47.875648,-96.132097,1288632,47.870308,-96.12488,0.80146
27125,Red Lake County,Minnesota,bchrrr,47.875648,-96.132097,1288632,47.870308,-96.12488,0.80146
27125,Red Lake County,Minnesota,nsrdb,47.875648,-96.132097,717181,47.89,-96.14,1.701217
27127,Redwood County,Minnesota,wtk,44.440046,-95.18978,1333612,44.440216,-95.17828,0.913196
27127,Redwood County,Minnesota,bchrrr,44.440046,-95.18978,1333612,44.440216,-95.17828,0.913196
27127,Redwood County,Minnesota,nsrdb,44.440046,-95.18978,738320,44.45,-95.18,1.351982
27129,Renville County,Minnesota,wtk,44.721228,-94.942439,1345089,44.7176,-94.938354,0.516641
27129,Renville County,Minnesota,bchrrr,44.721228,-94.942439,1345089,44.7176,-94.938354,0.516641
27129,Renville County,Minnesota,nsrdb,44.721228,-94.942439,743451,44.73,-94.94,0.994253
27131,Rice County,Minnesota,wtk,44.372674,-93.26162,1425528,44.372242,-93.25067,0.871666
27131,Rice County,Minnesota,bchrrr,44.372674,-93.26162,1425528,44.372242,-93.25067,0.871666
27131,Rice County,Minnesota,nsrdb,44.372674,-93.26162,777915,44.37,-93.26,0.32402
27133,Rock County,Minnesota,wtk,43.648083,-96.237056,1282135,43.64223,-96.244385,0.878261
27133,Rock County,Minnesota,bchrrr,43.648083,-96.237056,1282135,43.64223,-96.244385,0.878261
27133,Rock County,Minnesota,nsrdb,43.648083,-96.237056,715474,43.65,-96.22,1.38876
27135,Roseau County,Minnesota,wtk,48.82443,-95.646409,1310001,48.818893,-95.64688,0.616652
27135,Roseau County,Minnesota,bchrrr,48.82443,-95.646409,1310001,48.818893,-95.64688,0.616652
27135,Roseau County,Minnesota,nsrdb,48.82443,-95.646409,727808,48.81,-95.66,1.888067
27137,St. Louis County,Minnesota,wtk,47.078429,-92.308515,1461253,47.086636,-92.319885,1.254577
27137,St. Louis County,Minnesota,bchrrr,47.078429,-92.308515,1461253,47.086636,-92.319885,1.254577
27137,St. Louis County,Minnesota,nsrdb,47.078429,-92.308515,797722,47.09,-92.3,1.43913
27139,Scott County,Minnesota,wtk,44.714553,-93.466413,1414429,44.71284,-93.470215,0.355723
27139,Scott County,Minnesota,bchrrr,44.714553,-93.466413,1414429,44.71284,-93.470215,0.355723
27139,Scott County,Minnesota,nsrdb,44.714553,-93.466413,773807,44.73,-93.46,1.790802
27141,Sherburne County,Minnesota,wtk,45.402461,-93.718993,1400915,45.4079,-93.73096,1.112921
27141,Sherburne County,Minnesota,bchrrr,45.402461,-93.718993,1400915,45.4079,-93.73096,1.112921
27141,Sherburne County,Minnesota,nsrdb,45.402461,-93.718993,768891,45.41,-93.7,1.703304
27143,Sibley County,Minnesota,wtk,44.582521,-94.165479,1382387,44.577106,-94.15637,0.939698
27143,Sibley County,Minnesota,bchrrr,44.582521,-94.165479,1382387,44.577106,-94.15637,0.939698
27143,Sibley County,Minnesota,nsrdb,44.582521,-94.165479,759187,44.57,-94.18,1.8059
27145,Stearns County,Minnesota,wtk,45.559158,-94.355122,1371311,45.567795,-94.36334,1.153975
27145,Stearns County,Minnesota,bchrrr,45.559158,-94.355122,1371311,45.567795,-94.36334,1.153975
27145,Stearns County,Minnesota,nsrdb,45.559158,-94.355122,755935,45.57,-94.34,1.685012
27147,Steele County,Minnesota,wtk,44.065859,-93.214648,1427982,44.07316,-93.213104,0.821153
27147,Steele County,Minnesota,bchrrr,44.065859,-93.214648,1427982,44.07316,-93.213104,0.821153
27147,Steele County,Minnesota,nsrdb,44.065859,-93.214648,778745,44.05,-93.22,1.814562
27149,Stevens County,Minnesota,wtk,45.577957,-95.921821,1297287,45.579487,-95.93347,0.92245
27149,Stevens County,Minnesota,bchrrr,45.577957,-95.921821,1297287,45.579487,-95.93347,0.92245
27149,Stevens County,Minnesota,nsrdb,45.577957,-95.921821,721712,45.57,-95.94,1.668821
27151,Swift County,Minnesota,wtk,45.272889,-95.637543,1311065,45.280884,-95.64258,0.972452
27151,Swift County,Minnesota,bchrrr,45.272889,-95.637543,1311065,45.280884,-95.64258,0.972452
27151,Swift County,Minnesota,nsrdb,45.272889,-95.637543,728770,45.29,-95.62,2.346066
27153,Todd County,Minnesota,wtk,46.065805,-94.889148,1346433,46.058483,-94.885864,0.852687
27153,Todd County,Minnesota,bchrrr,46.065805,-94.889148,1346433,46.058483,-94.885864,0.852687
27153,Todd County,Minnesota,nsrdb,46.065805,-94.889148,744267,46.05,-94.9,1.94673
27155,Traverse County,Minnesota,wtk,45.751962,-96.547103,1268454,45.745865,-96.54727,0.67808
27155,Traverse County,Minnesota,bchrrr,45.751962,-96.547103,1268454,45.745865,-96.54727,0.67808
27155,Traverse County,Minnesota,nsrdb,45.751962,-96.547103,708067,45.77,-96.54,2.080049
27157,Wabasha County,Minnesota,wtk,44.298282,-92.218752,1474446,44.30461,-92.2121,0.880533
27157,Wabasha County,Minnesota,bchrrr,44.298282,-92.218752,1474446,44.30461,-92.2121,0.880533
27157,Wabasha County,Minnesota,nsrdb,44.298282,-92.218752,799435,44.29,-92.22,0.926259
27159,Wadena County,Minnesota,wtk,46.52738,-95.044799,1338819,46.5256,-95.03888,0.494196
27159,Wadena County,Minnesota,bchrrr,46.52738,-95.044799,1338819,46.5256,-95.03888,0.494196
27159,Wadena County,Minnesota,nsrdb,46.52738,-95.044799,740844,46.53,-95.06,1.198833
27161,Waseca County,Minnesota,wtk,44.062526,-93.551343,1411924,44.06246,-93.55069,0.05269
27161,Waseca County,Minnesota,bchrrr,44.062526,-93.551343,1411924,44.06246,-93.55069,0.05269
27161,Waseca County,Minnesota,nsrdb,44.062526,-93.551343,772189,44.05,-93.54,1.661804
27163,Washington County,Minnesota,wtk,44.985719,-92.921427,1439133,44.979046,-92.931335,1.076029
27163,Washington County,Minnesota,bchrrr,44.985719,-92.921427,1439133,44.979046,-92.931335,1.076029
27163,Washington County,Minnesota,nsrdb,44.985719,-92.921427,784520,44.97,-92.94,2.278003
27165,Watonwan County,Minnesota,wtk,43.99277,-94.583544,1362555,43.987328,-94.58942,0.766259
27165,Watonwan County,Minnesota,bchrrr,43.99277,-94.583544,1362555,43.987328,-94.58942,0.766259
27165,Watonwan County,Minnesota,nsrdb,43.99277,-94.583544,751071,44.01,-94.58,1.936748
27167,Wilkin County,Minnesota,wtk,46.31643,-96.525613,1269739,46.32347,-96.526,0.783377
27167,Wilkin County,Minnesota,bchrrr,46.31643,-96.525613,1269739,46.32347,-96.526,0.783377
27167,Wilkin County,Minnesota,nsrdb,46.31643,-96.525613,708053,46.33,-96.54,1.870126
27169,Winona County,Minnesota,wtk,44.02367,-91.718441,1498410,44.025455,-91.71185,0.563116
27169,Winona County,Minnesota,bchrrr,44.02367,-91.718441,1498410,44.025455,-91.71185,0.563116
27169,Winona County,Minnesota,nsrdb,44.02367,-91.718441,810386,44.01,-91.7,2.117787
27171,Wright County,Minnesota,wtk,45.199089,-93.818094,1397217,45.204617,-93.81848,0.61543
27171,Wright County,Minnesota,bchrrr,45.199089,-93.818094,1397217,45.204617,-93.81848,0.61543
27171,Wright County,Minnesota,nsrdb,45.199089,-93.818094,766454,45.21,-93.82,1.222405
27173,Yellow Medicine County,Minnesota,wtk,44.737395,-95.830061,1302258,44.741108,-95.82953,0.414992
27173,Yellow Medicine County,Minnesota,bchrrr,44.737395,-95.830061,1302258,44.741108,-95.82953,0.414992
27173,Yellow Medicine County,Minnesota,nsrdb,44.737395,-95.830061,724393,44.73,-95.82,1.143572
28001,Adams County,Mississippi,wtk,31.545808,-91.354342,1562051,31.552448,-91.35507,0.741551
28001,Adams County,Mississippi,bchrrr,31.545808,-91.354342,1562051,31.552448,-91.35507,0.741551
28001,Adams County,Mississippi,nsrdb,31.545808,-91.354342,818627,31.53,-91.34,2.221981
28003,Alcorn County,Mississippi,wtk,34.909528,-88.529799,1702693,34.918655,-88.53821,1.272065
28003,Alcorn County,Mississippi,bchrrr,34.909528,-88.529799,1702693,34.918655,-88.53821,1.272065
28003,Alcorn County,Mississippi,nsrdb,34.909528,-88.529799,883404,34.89,-88.54,2.362311
28005,Amite County,Mississippi,wtk,31.18711,-90.807599,1594927,31.179363,-90.80878,0.868724
28005,Amite County,Mississippi,bchrrr,31.18711,-90.807599,1594927,31.179363,-90.80878,0.868724
28005,Amite County,Mississippi,nsrdb,31.18711,-90.807599,830312,31.17,-90.82,2.23864
28007,Attala County,Mississippi,wtk,33.065276,-89.589151,1655265,33.06957,-89.59427,0.674922
28007,Attala County,Mississippi,bchrrr,33.065276,-89.589151,1655265,33.06957,-89.59427,0.674922
28007,Attala County,Mississippi,nsrdb,33.065276,-89.589151,859360,33.05,-89.58,1.900687
28009,Benton County,Mississippi,wtk,34.813847,-89.203936,1667567,34.819946,-89.198975,0.815494
28009,Benton County,Mississippi,bchrrr,34.813847,-89.203936,1667567,34.819946,-89.198975,0.815494
28009,Benton County,Mississippi,nsrdb,34.813847,-89.203936,867787,34.81,-89.22,1.527668
28011,Bolivar County,Mississippi,wtk,33.771866,-90.768833,1586533,33.780167,-90.75873,1.312994
28011,Bolivar County,Mississippi,bchrrr,33.771866,-90.768833,1586533,33.780167,-90.75873,1.312994
28011,Bolivar County,Mississippi,nsrdb,33.771866,-90.768833,831163,33.77,-90.78,1.052845
28013,Calhoun County,Mississippi,wtk,33.930069,-89.309558,1666300,33.928543,-89.31238,0.310775
28013,Calhoun County,Mississippi,bchrrr,33.930069,-89.309558,1666300,33.928543,-89.31238,0.310775
28013,Calhoun County,Mississippi,nsrdb,33.930069,-89.309558,865937,33.93,-89.3,0.881862
28015,Carroll County,Mississippi,wtk,33.461771,-89.919339,1634427,33.45699,-89.92969,1.097578
28015,Carroll County,Mississippi,bchrrr,33.461771,-89.919339,1634427,33.45699,-89.92969,1.097578
28015,Carroll County,Mississippi,nsrdb,33.461771,-89.919339,851891,33.45,-89.9,2.220803
28017,Chickasaw County,Mississippi,wtk,33.93085,-88.938873,1686945,33.938313,-88.93579,0.877238
28017,Chickasaw County,Mississippi,bchrrr,33.93085,-88.938873,1686945,33.938313,-88.93579,0.877238
28017,Chickasaw County,Mississippi,nsrdb,33.93085,-88.938873,874321,33.93,-88.94,0.140515
28019,Choctaw County,Mississippi,wtk,33.339227,-89.234155,1673569,33.337616,-89.24017,0.586786
28019,Choctaw County,Mississippi,bchrrr,33.339227,-89.234155,1673569,33.337616,-89.24017,0.586786
28019,Choctaw County,Mississippi,nsrdb,33.339227,-89.234155,867824,33.33,-89.22,1.66791
28021,Claiborne County,Mississippi,wtk,31.931505,-90.950711,1583994,31.93058,-90.94391,0.649997
28021,Claiborne County,Mississippi,bchrrr,31.931505,-90.950711,1583994,31.93058,-90.94391,0.649997
28021,Claiborne County,Mississippi,nsrdb,31.931505,-90.950711,827558,31.93,-90.94,1.024556
28023,Clarke County,Mississippi,wtk,32.067249,-88.731707,1709749,32.05811,-88.72305,1.303147
28023,Clarke County,Mississippi,bchrrr,32.067249,-88.731707,1709749,32.05811,-88.72305,1.303147
28023,Clarke County,Mississippi,nsrdb,32.067249,-88.731707,878955,32.05,-88.74,2.071114
28025,Clay County,Mississippi,wtk,33.624887,-88.693035,1702622,33.626152,-88.68298,0.941552
28025,Clay County,Mississippi,bchrrr,33.624887,-88.693035,1702622,33.626152,-88.68298,0.941552
28025,Clay County,Mississippi,nsrdb,33.624887,-88.693035,879825,33.61,-88.7,1.776563
28027,Coahoma County,Mississippi,wtk,34.220107,-90.57035,1595095,34.227287,-90.568146,0.823695
28027,Coahoma County,Mississippi,bchrrr,34.220107,-90.57035,1595095,34.227287,-90.568146,0.823695
28027,Coahoma County,Mississippi,nsrdb,34.220107,-90.57035,835833,34.21,-90.58,1.431916
28029,Copiah County,Mississippi,wtk,31.893381,-90.378615,1617073,31.897942,-90.36847,1.08374
28029,Copiah County,Mississippi,bchrrr,31.893381,-90.378615,1617073,31.897942,-90.36847,1.08374
28029,Copiah County,Mississippi,nsrdb,31.893381,-90.378615,840680,31.89,-90.38,0.398041
28031,Covington County,Mississippi,wtk,31.634654,-89.546991,1666173,31.626427,-89.53772,1.267795
28031,Covington County,Mississippi,bchrrr,31.634654,-89.546991,1666173,31.626427,-89.53772,1.267795
28031,Covington County,Mississippi,nsrdb,31.634654,-89.546991,860339,31.65,-89.54,1.830241
28033,DeSoto County,Mississippi,wtk,34.927391,-89.949649,1625874,34.924644,-89.95026,0.310491
28033,DeSoto County,Mississippi,bchrrr,34.927391,-89.949649,1625874,34.924644,-89.95026,0.310491
28033,DeSoto County,Mississippi,nsrdb,34.927391,-89.949649,850930,34.93,-89.94,0.926255
28035,Forrest County,Mississippi,wtk,31.30928,-89.287961,1681954,31.318481,-89.29068,1.055208
28035,Forrest County,Mississippi,bchrrr,31.30928,-89.287961,1681954,31.318481,-89.29068,1.055208
28035,Forrest County,Mississippi,nsrdb,31.30928,-89.287961,866003,31.29,-89.3,2.429907
28037,Franklin County,Mississippi,wtk,31.471679,-90.866755,1590061,31.47285,-90.87149,0.467553
28037,Franklin County,Mississippi,bchrrr,31.471679,-90.866755,1590061,31.47285,-90.87149,0.467553
28037,Franklin County,Mississippi,nsrdb,31.471679,-90.866755,829388,31.49,-90.86,2.13554
28039,George County,Mississippi,wtk,30.868417,-88.590918,1724062,30.86676,-88.595764,0.497874
28039,George County,Mississippi,bchrrr,30.868417,-88.590918,1724062,30.86676,-88.595764,0.497874
28039,George County,Mississippi,nsrdb,30.868417,-88.590918,882611,30.85,-88.58,2.297805
28041,Greene County,Mississippi,wtk,31.195402,-88.629463,1720491,31.195583,-88.62378,0.540923
28041,Greene County,Mississippi,bchrrr,31.195402,-88.629463,1720491,31.195583,-88.62378,0.540923
28041,Greene County,Mississippi,nsrdb,31.195402,-88.629463,881698,31.21,-88.62,1.856045
28043,Grenada County,Mississippi,wtk,33.767557,-89.803443,1639364,33.760612,-89.81384,1.232917
28043,Grenada County,Mississippi,bchrrr,33.767557,-89.803443,1639364,33.760612,-89.81384,1.232917
28043,Grenada County,Mississippi,nsrdb,33.767557,-89.803443,853730,33.77,-89.82,1.554369
28045,Hancock County,Mississippi,wtk,30.37914,-89.404106,1680690,30.384403,-89.402405,0.607541
28045,Hancock County,Mississippi,bchrrr,30.37914,-89.404106,1680690,30.384403,-89.402405,0.607541
28045,Hancock County,Mississippi,nsrdb,30.37914,-89.404106,863209,30.37,-89.42,1.832421
28047,Harrison County,Mississippi,wtk,30.434162,-89.063777,1700037,30.431889,-89.062225,0.293294
28047,Harrison County,Mississippi,bchrrr,30.434162,-89.063777,1700037,30.431889,-89.062225,0.293294
28047,Harrison County,Mississippi,nsrdb,30.434162,-89.063777,871633,30.45,-89.06,1.797945
28049,Hinds County,Mississippi,wtk,32.304047,-90.256965,1622028,32.30903,-90.24805,1.004492
28049,Hinds County,Mississippi,bchrrr,32.304047,-90.256965,1622028,32.30903,-90.24805,1.004492
28049,Hinds County,Mississippi,nsrdb,32.304047,-90.256965,843530,32.29,-90.26,1.587793
28051,Holmes County,Mississippi,wtk,33.089594,-90.028786,1630710,33.09769,-90.02762,0.906765
28051,Holmes County,Mississippi,bchrrr,33.089594,-90.028786,1630710,33.09769,-90.02762,0.906765
28051,Holmes County,Mississippi,nsrdb,33.089594,-90.028786,849133,33.09,-90.02,0.819757
28053,Humphreys County,Mississippi,wtk,33.164116,-90.518892,1602382,33.163937,-90.52344,0.423806
28053,Humphreys County,Mississippi,bchrrr,33.164116,-90.518892,1602382,33.163937,-90.52344,0.423806
28053,Humphreys County,Mississippi,nsrdb,33.164116,-90.518892,837777,33.17,-90.5,1.876224
28055,Issaquena County,Mississippi,wtk,32.889296,-91.01859,1575516,32.881237,-91.02417,1.036591
28055,Issaquena County,Mississippi,bchrrr,32.889296,-91.01859,1575516,32.881237,-91.02417,1.036591
28055,Issaquena County,Mississippi,nsrdb,32.889296,-91.01859,825731,32.89,-91.02,0.15317
28057,Itawamba County,Mississippi,wtk,34.28969,-88.404328,1713473,34.2837,-88.40994,0.842298
28057,Itawamba County,Mississippi,bchrrr,34.28969,-88.404328,1713473,34.2837,-88.40994,0.842298
28057,Itawamba County,Mississippi,nsrdb,34.28969,-88.404328,886098,34.29,-88.42,1.440186
28059,Jackson County,Mississippi,wtk,30.443697,-88.668623,1722842,30.437317,-88.6629,0.896828
28059,Jackson County,Mississippi,bchrrr,30.443697,-88.668623,1722842,30.437317,-88.6629,0.896828
28059,Jackson County,Mississippi,nsrdb,30.443697,-88.668623,880811,30.45,-88.66,1.083741
28061,Jasper County,Mississippi,wtk,31.961092,-89.144794,1686836,31.96202,-89.14108,0.365252
28061,Jasper County,Mississippi,bchrrr,31.961092,-89.144794,1686836,31.96202,-89.14108,0.365252
28061,Jasper County,Mississippi,nsrdb,31.961092,-89.144794,869730,31.97,-89.14,1.08888
28063,Jefferson County,Mississippi,wtk,31.714009,-91.05753,1577887,31.719162,-91.066315,1.009365
28063,Jefferson County,Mississippi,bchrrr,31.714009,-91.05753,1577887,31.719162,-91.066315,1.009365
28063,Jefferson County,Mississippi,nsrdb,31.714009,-91.05753,824865,31.73,-91.06,1.793402
28065,Jefferson Davis County,Mississippi,wtk,31.575446,-89.816073,1650286,31.57278,-89.81998,0.474209
28065,Jefferson Davis County,Mississippi,bchrrr,31.575446,-89.816073,1650286,31.57278,-89.81998,0.474209
28065,Jefferson Davis County,Mississippi,nsrdb,31.575446,-89.816073,853785,31.57,-89.82,0.710716
28067,Jones County,Mississippi,wtk,31.667176,-89.167169,1686820,31.673096,-89.17023,0.719195
28067,Jones County,Mississippi,bchrrr,31.667176,-89.167169,1686820,31.673096,-89.17023,0.719195
28067,Jones County,Mississippi,nsrdb,31.667176,-89.167169,868803,31.65,-89.18,2.263296
28069,Kemper County,Mississippi,wtk,32.763781,-88.672955,1708587,32.765247,-88.66803,0.488508
28069,Kemper County,Mississippi,bchrrr,32.763781,-88.672955,1708587,32.765247,-88.66803,0.488508
28069,Kemper County,Mississippi,nsrdb,32.763781,-88.672955,880753,32.77,-88.66,1.394806
28071,Lafayette County,Mississippi,wtk,34.359415,-89.52676,1651665,34.365437,-89.53479,0.995822
28071,Lafayette County,Mississippi,bchrrr,34.359415,-89.52676,1651665,34.365437,-89.53479,0.995822
28071,Lafayette County,Mississippi,nsrdb,34.359415,-89.52676,860271,34.37,-89.54,1.691802
28073,Lamar County,Mississippi,wtk,31.273921,-89.439932,1673455,31.274876,-89.4436,0.364413
28073,Lamar County,Mississippi,bchrrr,31.273921,-89.439932,1673455,31.274876,-89.4436,0.364413
28073,Lamar County,Mississippi,nsrdb,31.273921,-89.439932,863186,31.29,-89.42,2.604679
28075,Lauderdale County,Mississippi,wtk,32.401264,-88.692882,1709768,32.40157,-88.685974,0.64944
28075,Lauderdale County,Mississippi,bchrrr,32.401264,-88.692882,1709768,32.40157,-88.685974,0.64944
28075,Lauderdale County,Mississippi,nsrdb,32.401264,-88.692882,879855,32.41,-88.7,1.179048
28077,Lawrence County,Mississippi,wtk,31.553788,-90.110531,1633090,31.555748,-90.11981,0.90583
28077,Lawrence County,Mississippi,bchrrr,31.553788,-90.110531,1633090,31.555748,-90.11981,0.90583
28077,Lawrence County,Mississippi,nsrdb,31.553788,-90.110531,847315,31.57,-90.1,2.060404
28079,Leake County,Mississippi,wtk,32.733655,-89.510983,1661357,32.73576,-89.51761,0.66258
28079,Leake County,Mississippi,bchrrr,32.733655,-89.510983,1661357,32.73576,-89.51761,0.66258
28079,Leake County,Mississippi,nsrdb,32.733655,-89.510983,861258,32.73,-89.5,1.104803
28081,Lee County,Mississippi,wtk,34.278231,-88.703811,1697839,34.269352,-88.70044,1.034751
28081,Lee County,Mississippi,bchrrr,34.278231,-88.703811,1697839,34.269352,-88.70044,1.034751
28081,Lee County,Mississippi,nsrdb,34.278231,-88.703811,879808,34.29,-88.7,1.354686
28083,Leflore County,Mississippi,wtk,33.513519,-90.203416,1618395,33.510895,-90.20987,0.665705
28083,Leflore County,Mississippi,bchrrr,33.513519,-90.203416,1618395,33.510895,-90.20987,0.665705
28083,Leflore County,Mississippi,nsrdb,33.513519,-90.203416,844453,33.53,-90.22,2.392046
28085,Lincoln County,Mississippi,wtk,31.549271,-90.457902,1613357,31.558323,-90.46045,1.035089
28085,Lincoln County,Mississippi,bchrrr,31.549271,-90.457902,1613357,31.558323,-90.46045,1.035089
28085,Lincoln County,Mississippi,nsrdb,31.549271,-90.457902,838774,31.53,-90.46,2.152045
28087,Lowndes County,Mississippi,wtk,33.520269,-88.389416,1719422,33.51157,-88.38803,0.975783
28087,Lowndes County,Mississippi,bchrrr,33.520269,-88.389416,1719422,33.51157,-88.38803,0.975783
28087,Lowndes County,Mississippi,nsrdb,33.520269,-88.389416,887010,33.53,-88.38,1.390198
28089,Madison County,Mississippi,wtk,32.509897,-90.104771,1629445,32.518517,-90.100494,1.039017
28089,Madison County,Mississippi,bchrrr,32.509897,-90.104771,1629445,32.518517,-90.100494,1.039017
28089,Madison County,Mississippi,nsrdb,32.509897,-90.104771,847292,32.49,-90.1,2.257238
28091,Marion County,Mississippi,wtk,31.245815,-89.830489,1651493,31.24664,-89.82825,0.231779
28091,Marion County,Mississippi,bchrrr,31.245815,-89.830489,1651493,31.24664,-89.82825,0.231779
28091,Marion County,Mississippi,nsrdb,31.245815,-89.830489,853793,31.25,-89.82,1.10037
28093,Marshall County,Mississippi,wtk,34.816553,-89.54415,1649240,34.82442,-89.5343,1.254476
28093,Marshall County,Mississippi,bchrrr,34.816553,-89.54415,1649240,34.82442,-89.5343,1.254476
28093,Marshall County,Mississippi,nsrdb,34.816553,-89.54415,860260,34.81,-89.54,0.821272
28095,Monroe County,Mississippi,wtk,33.926461,-88.499059,1711053,33.92331,-88.49542,0.485279
28095,Monroe County,Mississippi,bchrrr,33.926461,-88.499059,1711053,33.92331,-88.49542,0.485279
28095,Monroe County,Mississippi,nsrdb,33.926461,-88.499059,884322,33.93,-88.5,0.402983
28097,Montgomery County,Mississippi,wtk,33.496328,-89.682481,1647941,33.496025,-89.684845,0.221783
28097,Montgomery County,Mississippi,bchrrr,33.496328,-89.682481,1647941,33.496025,-89.684845,0.221783
28097,Montgomery County,Mississippi,nsrdb,33.496328,-89.682481,856536,33.49,-89.7,1.770398
28099,Neshoba County,Mississippi,wtk,32.755039,-89.120009,1683246,32.762863,-89.12433,0.959242
28099,Neshoba County,Mississippi,bchrrr,32.755039,-89.120009,1683246,32.762863,-89.12433,0.959242
28099,Neshoba County,Mississippi,nsrdb,32.755039,-89.120009,869710,32.77,-89.14,2.502349
28101,Newton County,Mississippi,wtk,32.41527,-89.129362,1684439,32.417213,-89.13794,0.833683
28101,Newton County,Mississippi,bchrrr,32.41527,-89.129362,1684439,32.417213,-89.13794,0.833683
28101,Newton County,Mississippi,nsrdb,32.41527,-89.129362,869719,32.41,-89.14,1.15785
28103,Noxubee County,Mississippi,wtk,33.132851,-88.54965,1713410,33.139114,-88.53964,1.163492
28103,Noxubee County,Mississippi,bchrrr,33.132851,-88.54965,1713410,33.139114,-88.53964,1.163492
28103,Noxubee County,Mississippi,nsrdb,33.132851,-88.54965,883448,33.13,-88.54,0.95286
28105,Oktibbeha County,Mississippi,wtk,33.448416,-88.825437,1695380,33.454395,-88.833496,1.000517
28105,Oktibbeha County,Mississippi,bchrrr,33.448416,-88.825437,1695380,33.454395,-88.833496,1.000517
28105,Oktibbeha County,Mississippi,nsrdb,33.448416,-88.825437,877096,33.45,-88.82,0.534302
28107,Panola County,Mississippi,wtk,34.345346,-89.93488,1629545,34.336468,-89.9375,1.016075
28107,Panola County,Mississippi,bchrrr,34.345346,-89.93488,1629545,34.336468,-89.9375,1.016075
28107,Panola County,Mississippi,nsrdb,34.345346,-89.93488,850945,34.33,-89.94,1.769971
28109,Pearl River County,Mississippi,wtk,30.640758,-89.631615,1666118,30.63551,-89.63068,0.590368
28109,Pearl River County,Mississippi,bchrrr,30.640758,-89.631615,1666118,30.63551,-89.63068,0.590368
28109,Pearl River County,Mississippi,nsrdb,30.640758,-89.631615,858482,30.65,-89.62,1.513525
28111,Perry County,Mississippi,wtk,31.262147,-88.992615,1698878,31.260792,-88.999084,0.633072
28111,Perry County,Mississippi,bchrrr,31.262147,-88.992615,1698878,31.260792,-88.999084,0.633072
28111,Perry County,Mississippi,nsrdb,31.262147,-88.992615,873466,31.25,-88.98,1.806175
28113,Pike County,Mississippi,wtk,31.219048,-90.435054,1617035,31.211617,-90.42493,1.268726
28113,Pike County,Mississippi,bchrrr,31.219048,-90.435054,1617035,31.211617,-90.42493,1.268726
28113,Pike County,Mississippi,nsrdb,31.219048,-90.435054,839739,31.21,-90.42,1.749772
28115,Pontotoc County,Mississippi,wtk,34.25357,-89.015144,1680904,34.255733,-89.01282,0.321667
28115,Pontotoc County,Mississippi,bchrrr,34.25357,-89.015144,1680904,34.255733,-89.01282,0.321667
28115,Pontotoc County,Mississippi,nsrdb,34.25357,-89.015144,872470,34.25,-89.02,0.597313
28117,Prentiss County,Mississippi,wtk,34.63261,-88.55207,1703880,34.62524,-88.549194,0.86072
28117,Prentiss County,Mississippi,bchrrr,34.63261,-88.55207,1703880,34.62524,-88.549194,0.86072
28117,Prentiss County,Mississippi,nsrdb,34.63261,-88.55207,883410,34.65,-88.54,2.226744
28119,Quitman County,Mississippi,wtk,34.267733,-90.263215,1612275,34.264153,-90.25467,0.880384
28119,Quitman County,Mississippi,bchrrr,34.267733,-90.263215,1612275,34.264153,-90.25467,0.880384
28119,Quitman County,Mississippi,nsrdb,34.267733,-90.263215,843481,34.25,-90.26,1.993837
28121,Rankin County,Mississippi,wtk,32.281334,-90.030459,1634362,32.277657,-90.0354,0.618817
28121,Rankin County,Mississippi,bchrrr,32.281334,-90.030459,1634362,32.277657,-90.0354,0.618817
28121,Rankin County,Mississippi,nsrdb,32.281334,-90.030459,849153,32.29,-90.02,1.376667
28123,Scott County,Mississippi,wtk,32.40164,-89.529565,1662560,32.408195,-89.527466,0.755051
28123,Scott County,Mississippi,bchrrr,32.40164,-89.529565,1662560,32.408195,-89.527466,0.755051
28123,Scott County,Mississippi,nsrdb,32.40164,-89.529565,860320,32.41,-89.54,1.350485
28125,Sharkey County,Mississippi,wtk,32.921685,-90.862598,1584049,32.92769,-90.86865,0.874605
28125,Sharkey County,Mississippi,bchrrr,32.921685,-90.862598,1584049,32.92769,-90.86865,0.874605
28125,Sharkey County,Mississippi,nsrdb,32.921685,-90.862598,829352,32.93,-90.86,0.955855
28127,Simpson County,Mississippi,wtk,31.915899,-89.855781,1646628,31.9202,-89.85257,0.56619
28127,Simpson County,Mississippi,bchrrr,31.915899,-89.855781,1646628,31.9202,-89.85257,0.56619
28127,Simpson County,Mississippi,nsrdb,31.915899,-89.855781,852853,31.93,-89.86,1.617731
28129,Smith County,Mississippi,wtk,31.970107,-89.504549,1666192,31.969631,-89.505005,0.068203
28129,Smith County,Mississippi,bchrrr,31.970107,-89.504549,1666192,31.969631,-89.505005,0.068203
28129,Smith County,Mississippi,nsrdb,31.970107,-89.504549,861277,31.97,-89.5,0.42927
28131,Stone County,Mississippi,wtk,30.806398,-89.135853,1694026,30.799053,-89.13052,0.96254
28131,Stone County,Mississippi,bchrrr,30.806398,-89.135853,1694026,30.799053,-89.13052,0.96254
28131,Stone County,Mississippi,nsrdb,30.806398,-89.135853,869759,30.81,-89.14,0.563276
28133,Sunflower County,Mississippi,wtk,33.593307,-90.584041,1597505,33.58717,-90.576416,0.982095
28133,Sunflower County,Mississippi,bchrrr,33.593307,-90.584041,1597505,33.58717,-90.576416,0.982095
28133,Sunflower County,Mississippi,nsrdb,33.593307,-90.584041,835848,33.61,-90.58,1.893534
28135,Tallahatchie County,Mississippi,wtk,33.984172,-90.182087,1617188,33.985497,-90.19046,0.785935
28135,Tallahatchie County,Mississippi,bchrrr,33.984172,-90.182087,1617188,33.985497,-90.19046,0.785935
28135,Tallahatchie County,Mississippi,nsrdb,33.984172,-90.182087,845390,33.97,-90.18,1.587564
28137,Tate County,Mississippi,wtk,34.644191,-89.948251,1627093,34.64936,-89.95325,0.73449
28137,Tate County,Mississippi,bchrrr,34.644191,-89.948251,1627093,34.64936,-89.95325,0.73449
28137,Tate County,Mississippi,nsrdb,34.644191,-89.948251,850937,34.65,-89.94,0.993435
28139,Tippah County,Mississippi,wtk,34.765847,-88.924425,1683356,34.762848,-88.91403,1.006409
28139,Tippah County,Mississippi,bchrrr,34.765847,-88.924425,1683356,34.762848,-88.91403,1.006409
28139,Tippah County,Mississippi,nsrdb,34.765847,-88.924425,874300,34.77,-88.94,1.495743
28141,Tishomingo County,Mississippi,wtk,34.730587,-88.228311,1720686,34.728477,-88.22418,0.444482
28141,Tishomingo County,Mississippi,bchrrr,34.730587,-88.228311,1720686,34.728477,-88.22418,0.444482
28141,Tishomingo County,Mississippi,nsrdb,34.730587,-88.228311,890545,34.73,-88.22,0.762299
28143,Tunica County,Mississippi,wtk,34.720693,-90.341358,1604923,34.72819,-90.34805,1.033916
28143,Tunica County,Mississippi,bchrrr,34.720693,-90.341358,1604923,34.72819,-90.34805,1.033916
28143,Tunica County,Mississippi,nsrdb,34.720693,-90.341358,841565,34.73,-90.34,1.042308
28145,Union County,Mississippi,wtk,34.483103,-89.010525,1679703,34.475952,-89.01172,0.802665
28145,Union County,Mississippi,bchrrr,34.483103,-89.010525,1679703,34.475952,-89.01172,0.802665
28145,Union County,Mississippi,nsrdb,34.483103,-89.010525,872464,34.49,-89.02,1.158578
28147,Walthall County,Mississippi,wtk,31.150825,-90.123012,1634300,31.157478,-90.13287,1.194677
28147,Walthall County,Mississippi,bchrrr,31.150825,-90.123012,1634300,31.157478,-90.13287,1.194677
28147,Walthall County,Mississippi,nsrdb,31.150825,-90.123012,846398,31.17,-90.14,2.675634
28149,Warren County,Mississippi,wtk,32.324816,-90.843761,1587671,32.325512,-90.84973,0.566179
28149,Warren County,Mississippi,bchrrr,32.324816,-90.843761,1587671,32.325512,-90.84973,0.566179
28149,Warren County,Mississippi,nsrdb,32.324816,-90.843761,829367,32.33,-90.86,1.631079
28151,Washington County,Mississippi,wtk,33.368999,-91.010798,1574325,33.373135,-91.00937,0.478639
28151,Washington County,Mississippi,bchrrr,33.368999,-91.010798,1574325,33.373135,-91.00937,0.478639
28151,Washington County,Mississippi,nsrdb,33.368999,-91.010798,825719,33.37,-91.02,0.861749
28153,Wayne County,Mississippi,wtk,31.650518,-88.662566,1715726,31.652718,-88.65961,0.371661
28153,Wayne County,Mississippi,bchrrr,31.650518,-88.662566,1715726,31.652718,-88.65961,0.371661
28153,Wayne County,Mississippi,nsrdb,31.650518,-88.662566,880781,31.65,-88.66,0.249625
28155,Webster County,Mississippi,wtk,33.582806,-89.220685,1673582,33.573795,-89.21619,1.085064
28155,Webster County,Mississippi,bchrrr,33.582806,-89.220685,1673582,33.573795,-89.21619,1.085064
28155,Webster County,Mississippi,nsrdb,33.582806,-89.220685,867818,33.57,-89.22,1.425378
28157,Wilkinson County,Mississippi,wtk,31.123213,-91.245216,1570547,31.129654,-91.23566,1.157724
28157,Wilkinson County,Mississippi,bchrrr,31.123213,-91.245216,1570547,31.129654,-91.23566,1.157724
28157,Wilkinson County,Mississippi,nsrdb,31.123213,-91.245216,820416,31.13,-91.26,1.596822
28159,Winston County,Mississippi,wtk,33.084972,-89.042029,1685687,33.086067,-89.047455,0.519973
28159,Winston County,Mississippi,bchrrr,33.084972,-89.042029,1685687,33.086067,-89.047455,0.519973
28159,Winston County,Mississippi,nsrdb,33.084972,-89.042029,871567,33.09,-89.06,1.765124
28161,Yalobusha County,Mississippi,wtk,34.081548,-89.694959,1644294,34.082638,-89.69522,0.123563
28161,Yalobusha County,Mississippi,bchrrr,34.081548,-89.694959,1644294,34.082638,-89.69522,0.123563
28161,Yalobusha County,Mississippi,nsrdb,34.081548,-89.694959,856521,34.09,-89.7,1.048225
28163,Yazoo County,Mississippi,wtk,32.829242,-90.382176,1612196,32.82698,-90.37726,0.523694
28163,Yazoo County,Mississippi,bchrrr,32.829242,-90.382176,1612196,32.82698,-90.37726,0.523694
28163,Yazoo County,Mississippi,nsrdb,32.829242,-90.382176,840657,32.81,-90.38,2.149256
29001,Adair County,Missouri,wtk,40.195278,-92.581518,1468177,40.20397,-92.58716,1.078773
29001,Adair County,Missouri,bchrrr,40.195278,-92.581518,1468177,40.20397,-92.58716,1.078773
29001,Adair County,Missouri,nsrdb,40.195278,-92.581518,792115,40.21,-92.58,1.642082
29003,Andrew County,Missouri,wtk,39.919859,-94.816608,1354899,39.919155,-94.82767,0.946617
29003,Andrew County,Missouri,bchrrr,39.919859,-94.816608,1354899,39.919155,-94.82767,0.946617
29003,Andrew County,Missouri,nsrdb,39.919859,-94.816608,746115,39.93,-94.82,1.164136
29005,Atchison County,Missouri,wtk,40.420914,-95.436113,1323344,40.424904,-95.42728,0.869439
29005,Atchison County,Missouri,bchrrr,40.420914,-95.436113,1323344,40.424904,-95.42728,0.869439
29005,Atchison County,Missouri,nsrdb,40.420914,-95.436113,733240,40.41,-95.42,1.82582
29007,Audrain County,Missouri,wtk,39.2039,-91.826537,1508972,39.211605,-91.82837,0.871193
29007,Audrain County,Missouri,bchrrr,39.2039,-91.826537,1508972,39.211605,-91.82837,0.871193
29007,Audrain County,Missouri,nsrdb,39.2039,-91.826537,807919,39.21,-91.82,0.881654
29009,Barry County,Missouri,wtk,36.737457,-93.865786,1409061,36.74299,-93.87424,0.972624
29009,Barry County,Missouri,bchrrr,36.737457,-93.865786,1409061,36.74299,-93.87424,0.972624
29009,Barry County,Missouri,nsrdb,36.737457,-93.865786,765854,36.73,-93.86,0.976423
29011,Barton County,Missouri,wtk,37.495947,-94.305393,1384477,37.48877,-94.31436,1.123723
29011,Barton County,Missouri,bchrrr,37.495947,-94.305393,1384477,37.48877,-94.31436,1.123723
29011,Barton County,Missouri,nsrdb,37.495947,-94.305393,756943,37.49,-94.3,0.814661
29013,Bates County,Missouri,wtk,38.280773,-94.362797,1380812,38.2837,-94.36365,0.333875
29013,Bates County,Missouri,bchrrr,38.280773,-94.362797,1380812,38.2837,-94.36365,0.333875
29013,Bates County,Missouri,nsrdb,38.280773,-94.362797,755310,38.29,-94.38,1.818557
29015,Benton County,Missouri,wtk,38.301007,-93.309991,1436310,38.298145,-93.30322,0.671116
29015,Benton County,Missouri,bchrrr,38.301007,-93.309991,1436310,38.298145,-93.30322,0.671116
29015,Benton County,Missouri,nsrdb,38.301007,-93.309991,777245,38.29,-93.3,1.502732
29017,Bollinger County,Missouri,wtk,37.340709,-89.99967,1611212,37.342533,-89.99841,0.231394
29017,Bollinger County,Missouri,bchrrr,37.340709,-89.99967,1611212,37.342533,-89.99841,0.231394
29017,Bollinger County,Missouri,nsrdb,37.340709,-89.99967,849953,37.33,-89.98,2.107667
29019,Boone County,Missouri,wtk,38.956712,-92.321601,1484965,38.952423,-92.322235,0.480056
29019,Boone County,Missouri,bchrrr,38.956712,-92.321601,1484965,38.952423,-92.322235,0.480056
29019,Boone County,Missouri,nsrdb,38.956712,-92.321601,797100,38.97,-92.34,2.171113
29021,Buchanan County,Missouri,wtk,39.750709,-94.819821,1354890,39.75236,-94.83084,0.959731
29021,Buchanan County,Missouri,bchrrr,39.750709,-94.819821,1354890,39.75236,-94.83084,0.959731
29021,Buchanan County,Missouri,nsrdb,39.750709,-94.819821,746119,39.77,-94.82,2.145119
29023,Butler County,Missouri,wtk,36.756984,-90.417981,1591570,36.757305,-90.421936,0.354143
29023,Butler County,Missouri,bchrrr,36.756984,-90.417981,1591570,36.757305,-90.421936,0.354143
29023,Butler County,Missouri,nsrdb,36.756984,-90.417981,839600,36.77,-90.42,1.458447
29025,Caldwell County,Missouri,wtk,39.663864,-93.998914,1398148,39.66538,-93.98984,0.794792
29025,Caldwell County,Missouri,bchrrr,39.663864,-93.998914,1398148,39.66538,-93.98984,0.794792
29025,Caldwell County,Missouri,nsrdb,39.663864,-93.998914,763349,39.65,-93.98,2.235679
29027,Callaway County,Missouri,wtk,38.79755,-91.997421,1501726,38.792156,-91.99902,0.615587
29027,Callaway County,Missouri,bchrrr,38.79755,-91.997421,1501726,38.792156,-91.99902,0.615587
29027,Callaway County,Missouri,nsrdb,38.79755,-91.997421,804542,38.81,-91.98,2.048266
29029,Camden County,Missouri,wtk,38.073064,-92.746058,1465633,38.078583,-92.74902,0.666207
29029,Camden County,Missouri,bchrrr,38.073064,-92.746058,1465633,38.078583,-92.74902,0.666207
29029,Camden County,Missouri,nsrdb,38.073064,-92.746058,788845,38.09,-92.74,1.956421
29031,Cape Girardeau County,Missouri,wtk,37.355228,-89.607708,1632176,37.35505,-89.601654,0.535466
29031,Cape Girardeau County,Missouri,bchrrr,37.355228,-89.607708,1632176,37.35505,-89.601654,0.535466
29031,Cape Girardeau County,Missouri,nsrdb,37.355228,-89.607708,858314,37.37,-89.62,1.969319
29033,Carroll County,Missouri,wtk,39.408302,-93.496496,1424026,39.413662,-93.494385,0.622987
29033,Carroll County,Missouri,bchrrr,39.408302,-93.496496,1424026,39.413662,-93.494385,0.622987
29033,Carroll County,Missouri,nsrdb,39.408302,-93.496496,773122,39.41,-93.5,0.35535
29035,Carter County,Missouri,wtk,36.947474,-90.885775,1565996,36.9485,-90.89041,0.427397
29035,Carter County,Missouri,bchrrr,36.947474,-90.885775,1565996,36.9485,-90.89041,0.427397
29035,Carter County,Missouri,nsrdb,36.947474,-90.885775,828338,36.93,-90.9,2.318122
29037,Cass County,Missouri,wtk,38.751052,-94.424359,1377129,38.746944,-94.42267,0.479698
29037,Cass County,Missouri,bchrrr,38.751052,-94.424359,1377129,38.746944,-94.42267,0.479698
29037,Cass County,Missouri,nsrdb,38.751052,-94.424359,754489,38.77,-94.42,2.140556
29039,Cedar County,Missouri,wtk,37.765491,-93.895363,1406650,37.757603,-93.88681,1.155259
29039,Cedar County,Missouri,bchrrr,37.765491,-93.895363,1406650,37.757603,-93.88681,1.155259
29039,Cedar County,Missouri,nsrdb,37.765491,-93.895363,765017,37.77,-93.9,0.646151
29041,Chariton County,Missouri,wtk,39.486143,-92.931531,1452332,39.491417,-92.93878,0.854919
29041,Chariton County,Missouri,bchrrr,39.486143,-92.931531,1452332,39.491417,-92.93878,0.854919
29041,Chariton County,Missouri,nsrdb,39.486143,-92.931531,784657,39.49,-92.94,0.843881
29043,Christian County,Missouri,wtk,37.027882,-93.264376,1441166,37.02304,-93.26459,0.538742
29043,Christian County,Missouri,bchrrr,37.027882,-93.264376,1441166,37.02304,-93.26459,0.538742
29043,Christian County,Missouri,nsrdb,37.027882,-93.264376,778099,37.01,-93.26,2.02599
29045,Clark County,Missouri,wtk,40.412111,-91.708635,1511455,40.412674,-91.697235,0.967195
29045,Clark County,Missouri,bchrrr,40.412111,-91.708635,1511455,40.412674,-91.697235,0.967195
29045,Clark County,Missouri,nsrdb,40.412111,-91.708635,810476,40.41,-91.7,0.767845
29047,Clay County,Missouri,wtk,39.252954,-94.497288,1372210,39.24796,-94.505585,0.90487
29047,Clay County,Missouri,bchrrr,39.252954,-94.497288,1372210,39.24796,-94.505585,0.90487
29047,Clay County,Missouri,nsrdb,39.252954,-94.497288,752854,39.25,-94.5,0.40302
29049,Clinton County,Missouri,wtk,39.602436,-94.367382,1378411,39.598003,-94.37683,0.94775
29049,Clinton County,Missouri,bchrrr,39.602436,-94.367382,1378411,39.598003,-94.37683,0.94775
29049,Clinton County,Missouri,nsrdb,39.602436,-94.367382,755277,39.61,-94.38,1.369646
29051,Cole County,Missouri,wtk,38.552551,-92.22062,1490930,38.560074,-92.22693,1.000408
29051,Cole County,Missouri,bchrrr,38.552551,-92.22062,1490930,38.560074,-92.22693,1.000408
29051,Cole County,Missouri,nsrdb,38.552551,-92.22062,799578,38.57,-92.22,1.940992
29053,Cooper County,Missouri,wtk,38.910064,-92.772715,1462030,38.912106,-92.776855,0.424109
29053,Cooper County,Missouri,bchrrr,38.910064,-92.772715,1462030,38.912106,-92.776855,0.424109
29053,Cooper County,Missouri,nsrdb,38.910064,-92.772715,787994,38.93,-92.78,2.304635
29055,Crawford County,Missouri,wtk,38.061879,-91.321667,1539261,38.059673,-91.3172,0.461648
29055,Crawford County,Missouri,bchrrr,38.061879,-91.321667,1539261,38.059673,-91.3172,0.461648
29055,Crawford County,Missouri,nsrdb,38.061879,-91.321667,818464,38.05,-91.34,2.078772
29057,Dade County,Missouri,wtk,37.415382,-93.824934,1410332,37.424118,-93.828186,1.012964
29057,Dade County,Missouri,bchrrr,37.415382,-93.824934,1410332,37.424118,-93.828186,1.012964
29057,Dade County,Missouri,nsrdb,37.415382,-93.824934,766649,37.41,-93.82,0.740298
29059,Dallas County,Missouri,wtk,37.643753,-93.066633,1449786,37.645054,-93.07446,0.704157
29059,Dallas County,Missouri,bchrrr,37.643753,-93.066633,1449786,37.645054,-93.07446,0.704157
29059,Dallas County,Missouri,nsrdb,37.643753,-93.066633,782208,37.65,-93.06,0.907504
29061,Daviess County,Missouri,wtk,39.938227,-93.980666,1398163,39.9433,-93.98071,0.564105
29061,Daviess County,Missouri,bchrrr,39.938227,-93.980666,1398163,39.9433,-93.98071,0.564105
29061,Daviess County,Missouri,nsrdb,39.938227,-93.980666,763342,39.93,-93.98,0.916563
29063,DeKalb County,Missouri,wtk,39.825589,-94.354625,1379659,39.81995,-94.34686,0.912644
29063,DeKalb County,Missouri,bchrrr,39.825589,-94.354625,1379659,39.81995,-94.34686,0.912644
29063,DeKalb County,Missouri,nsrdb,39.825589,-94.354625,756079,39.81,-94.34,2.136574
29065,Dent County,Missouri,wtk,37.631337,-91.545129,1529518,37.62574,-91.53595,1.020175
29065,Dent County,Missouri,bchrrr,37.631337,-91.545129,1529518,37.62574,-91.53595,1.020175
29065,Dent County,Missouri,nsrdb,37.631337,-91.545129,814057,37.65,-91.54,2.123805
29067,Douglas County,Missouri,wtk,36.940662,-92.603423,1476455,36.94733,-92.598816,0.846979
29067,Douglas County,Missouri,bchrrr,36.940662,-92.603423,1476455,36.94733,-92.598816,0.846979
29067,Douglas County,Missouri,nsrdb,36.940662,-92.603423,791368,36.93,-92.62,1.891124
29069,Dunklin County,Missouri,wtk,36.324912,-90.057999,1613619,36.32964,-90.046936,1.121876
29069,Dunklin County,Missouri,bchrrr,36.324912,-90.057999,1613619,36.32964,-90.046936,1.121876
29069,Dunklin County,Missouri,nsrdb,36.324912,-90.057999,848124,36.33,-90.06,0.59348
29071,Franklin County,Missouri,wtk,38.436358,-90.998954,1553895,38.433624,-91.005554,0.6503
29071,Franklin County,Missouri,bchrrr,38.436358,-90.998954,1553895,38.433624,-91.005554,0.6503
29071,Franklin County,Missouri,nsrdb,38.436358,-90.998954,826488,38.45,-90.98,2.241858
29073,Gasconade County,Missouri,wtk,38.44636,-91.49009,1528350,38.43817,-91.50165,1.357558
29073,Gasconade County,Missouri,bchrrr,38.44636,-91.49009,1528350,38.43817,-91.50165,1.357558
29073,Gasconade County,Missouri,nsrdb,38.44636,-91.49009,814914,38.45,-91.5,0.95321
29075,Gentry County,Missouri,wtk,40.203737,-94.43279,1374736,40.210716,-94.43344,0.777991
29075,Gentry County,Missouri,bchrrr,40.203737,-94.43279,1374736,40.210716,-94.43344,0.777991
29075,Gentry County,Missouri,nsrdb,40.203737,-94.43279,754453,40.21,-94.42,1.290238
29077,Greene County,Missouri,wtk,37.192244,-93.309503,1438713,37.190067,-93.30371,0.567379
29077,Greene County,Missouri,bchrrr,37.192244,-93.309503,1438713,37.190067,-93.30371,0.567379
29077,Greene County,Missouri,nsrdb,37.192244,-93.309503,777272,37.21,-93.3,2.146296
29079,Grundy County,Missouri,wtk,40.093265,-93.595761,1417888,40.101894,-93.58746,1.191294
29079,Grundy County,Missouri,bchrrr,40.093265,-93.595761,1417888,40.101894,-93.58746,1.191294
29079,Grundy County,Missouri,nsrdb,40.093265,-93.595761,771472,40.09,-93.58,1.38901
29081,Harrison County,Missouri,wtk,40.315597,-94.001241,1396954,40.314526,-93.9928,0.72552
29081,Harrison County,Missouri,bchrrr,40.315597,-94.001241,1396954,40.314526,-93.9928,0.72552
29081,Harrison County,Missouri,nsrdb,40.315597,-94.001241,762524,40.33,-94.02,2.257001
29083,Henry County,Missouri,wtk,38.394272,-93.737658,1412854,38.401367,-93.74713,1.141825
29083,Henry County,Missouri,bchrrr,38.394272,-93.737658,1412854,38.401367,-93.74713,1.141825
29083,Henry County,Missouri,nsrdb,38.394272,-93.737658,768251,38.41,-93.74,1.760744
29085,Hickory County,Missouri,wtk,37.911051,-93.329033,1436289,37.910435,-93.31976,0.816394
29085,Hickory County,Missouri,bchrrr,37.911051,-93.329033,1436289,37.910435,-93.31976,0.816394
29085,Hickory County,Missouri,nsrdb,37.911051,-93.329033,776434,37.93,-93.34,2.316257
29087,Holt County,Missouri,wtk,40.084301,-95.18594,1335926,40.089455,-95.18802,0.599795
29087,Holt County,Missouri,bchrrr,40.084301,-95.18594,1335926,40.089455,-95.18802,0.599795
29087,Holt County,Missouri,nsrdb,40.084301,-95.18594,738429,40.09,-95.18,0.810512
29089,Howard County,Missouri,wtk,39.140551,-92.704481,1465690,39.131756,-92.69382,1.342339
29089,Howard County,Missouri,bchrrr,39.140551,-92.704481,1465690,39.131756,-92.69382,1.342339
29089,Howard County,Missouri,nsrdb,39.140551,-92.704481,789650,39.13,-92.7,1.235238
29091,Howell County,Missouri,wtk,36.792583,-91.873688,1514895,36.790825,-91.87042,0.350567
29091,Howell County,Missouri,bchrrr,36.792583,-91.873688,1514895,36.790825,-91.87042,0.350567
29091,Howell County,Missouri,nsrdb,36.792583,-91.873688,807121,36.81,-91.86,2.288238
29093,Iron County,Missouri,wtk,37.578021,-90.71391,1572119,37.586475,-90.72226,1.193768
29093,Iron County,Missouri,bchrrr,37.578021,-90.71391,1572119,37.586475,-90.72226,1.193768
29093,Iron County,Missouri,nsrdb,37.578021,-90.71391,832904,37.57,-90.7,1.516002
29095,Jackson County,Missouri,wtk,39.009981,-94.444295,1375907,39.006294,-94.43991,0.558242
29095,Jackson County,Missouri,bchrrr,39.009981,-94.444295,1375907,39.006294,-94.43991,0.558242
29095,Jackson County,Missouri,nsrdb,39.009981,-94.444295,753672,39.01,-94.46,1.356955
29097,Jasper County,Missouri,wtk,37.129577,-94.444104,1378277,37.121937,-94.43964,0.937194
29097,Jasper County,Missouri,bchrrr,37.129577,-94.444104,1378277,37.121937,-94.43964,0.937194
29097,Jasper County,Missouri,nsrdb,37.129577,-94.444104,753719,37.13,-94.46,1.410005
29099,Jefferson County,Missouri,wtk,38.340858,-90.475046,1581906,38.331932,-90.47055,1.067185
29099,Jefferson County,Missouri,bchrrr,38.340858,-90.475046,1581906,38.331932,-90.47055,1.067185
29099,Jefferson County,Missouri,nsrdb,38.340858,-90.475046,838604,38.33,-90.46,1.783227
29101,Johnson County,Missouri,wtk,38.758578,-93.770369,1410404,38.753597,-93.78189,1.14227
29101,Johnson County,Missouri,bchrrr,38.758578,-93.770369,1410404,38.753597,-93.78189,1.14227
29101,Johnson County,Missouri,nsrdb,38.758578,-93.770369,767428,38.77,-93.78,1.519983
29103,Knox County,Missouri,wtk,40.155208,-92.154102,1489818,40.151787,-92.15289,0.394098
29103,Knox County,Missouri,bchrrr,40.155208,-92.154102,1489818,40.151787,-92.15289,0.394098
29103,Knox County,Missouri,nsrdb,40.155208,-92.154102,801182,40.17,-92.14,2.035042
29105,Laclede County,Missouri,wtk,37.669689,-92.653798,1471677,37.668922,-92.65338,0.092884
29105,Laclede County,Missouri,bchrrr,37.669689,-92.653798,1471677,37.668922,-92.65338,0.092884
29105,Laclede County,Missouri,nsrdb,37.669689,-92.653798,790519,37.65,-92.66,2.256365
29107,Lafayette County,Missouri,wtk,39.055174,-93.842153,1406720,39.051067,-93.842804,0.460125
29107,Lafayette County,Missouri,bchrrr,39.055174,-93.842153,1406720,39.051067,-93.842804,0.460125
29107,Lafayette County,Missouri,nsrdb,39.055174,-93.842153,765796,39.05,-93.86,1.644986
29109,Lawrence County,Missouri,wtk,37.034976,-93.799726,1412780,37.036102,-93.7952,0.420799
29109,Lawrence County,Missouri,bchrrr,37.034976,-93.799726,1412780,37.036102,-93.7952,0.420799
29109,Lawrence County,Missouri,nsrdb,37.034976,-93.799726,767471,37.05,-93.78,2.419938
29111,Lewis County,Missouri,wtk,40.089164,-91.641738,1515074,40.094814,-91.64676,0.759737
29111,Lewis County,Missouri,bchrrr,40.089164,-91.641738,1515074,40.094814,-91.64676,0.759737
29111,Lewis County,Missouri,nsrdb,40.089164,-91.641738,811356,40.09,-91.66,1.5563
29113,Lincoln County,Missouri,wtk,38.996782,-90.929744,1555146,39.00473,-90.93573,1.024029
29113,Lincoln County,Missouri,bchrrr,38.996782,-90.929744,1555146,39.00473,-90.93573,1.024029
29113,Lincoln County,Missouri,nsrdb,38.996782,-90.929744,827381,39.01,-90.94,1.716288
29115,Linn County,Missouri,wtk,39.797178,-93.066746,1444998,39.79183,-93.068665,0.616858
29115,Linn County,Missouri,bchrrr,39.797178,-93.066746,1444998,39.79183,-93.068665,0.616858
29115,Linn County,Missouri,nsrdb,39.797178,-93.066746,782154,39.81,-93.06,1.537803
29117,Livingston County,Missouri,wtk,39.798081,-93.553064,1420342,39.804276,-93.55087,0.713897
29117,Livingston County,Missouri,bchrrr,39.798081,-93.553064,1420342,39.804276,-93.55087,0.713897
29117,Livingston County,Missouri,nsrdb,39.798081,-93.553064,772295,39.81,-93.54,1.732608
29119,McDonald County,Missouri,wtk,36.615359,-94.399099,1380722,36.623985,-94.40582,1.131281
29119,McDonald County,Missouri,bchrrr,36.615359,-94.399099,1380722,36.623985,-94.40582,1.131281
29119,McDonald County,Missouri,nsrdb,36.615359,-94.399099,755352,36.61,-94.38,1.805826
29121,Macon County,Missouri,wtk,39.796484,-92.508148,1472998,39.793266,-92.51337,0.571913
29121,Macon County,Missouri,bchrrr,39.796484,-92.508148,1472998,39.793266,-92.51337,0.571913
29121,Macon County,Missouri,nsrdb,39.796484,-92.508148,793778,39.81,-92.5,1.656269
29123,Madison County,Missouri,wtk,37.539523,-90.299751,1594054,37.545334,-90.30585,0.840636
29123,Madison County,Missouri,bchrrr,37.539523,-90.299751,1594054,37.545334,-90.30585,0.840636
29123,Madison County,Missouri,nsrdb,37.539523,-90.299751,842447,37.53,-90.3,1.059138
29125,Maries County,Missouri,wtk,38.170014,-91.878773,1510124,38.176285,-91.87344,0.838787
29125,Maries County,Missouri,bchrrr,38.170014,-91.878773,1510124,38.176285,-91.87344,0.838787
29125,Maries County,Missouri,nsrdb,38.170014,-91.878773,807087,38.17,-91.86,1.641125
29127,Marion County,Missouri,wtk,39.741435,-91.457452,1525995,39.733875,-91.45508,0.864756
29127,Marion County,Missouri,bchrrr,39.741435,-91.457452,1525995,39.733875,-91.45508,0.864756
29127,Marion County,Missouri,nsrdb,39.741435,-91.457452,815765,39.73,-91.46,1.290048
29129,Mercer County,Missouri,wtk,40.415017,-93.57949,1417905,40.41707,-93.57498,0.444853
29129,Mercer County,Missouri,bchrrr,40.415017,-93.57949,1417905,40.41707,-93.57498,0.444853
29129,Mercer County,Missouri,nsrdb,40.415017,-93.57949,771464,40.41,-93.58,0.559534
29131,Miller County,Missouri,wtk,38.246348,-92.509039,1477726,38.236923,-92.50537,1.095904
29131,Miller County,Missouri,bchrrr,38.246348,-92.509039,1477726,38.236923,-92.50537,1.095904
29131,Miller County,Missouri,nsrdb,38.246348,-92.509039,793817,38.25,-92.5,0.887669
29133,Mississippi County,Missouri,wtk,36.856032,-89.368446,1646899,36.859486,-89.374084,0.631763
29133,Mississippi County,Missouri,bchrrr,36.856032,-89.368446,1646899,36.859486,-89.374084,0.631763
29133,Mississippi County,Missouri,nsrdb,36.856032,-89.368446,863993,36.85,-89.38,1.227483
29135,Moniteau County,Missouri,wtk,38.627457,-92.611028,1471729,38.62875,-92.60193,0.803289
29135,Moniteau County,Missouri,bchrrr,38.627457,-92.611028,1471729,38.62875,-92.60193,0.803289
29135,Moniteau County,Missouri,nsrdb,38.627457,-92.611028,791326,38.61,-92.62,2.091788
29137,Monroe County,Missouri,wtk,39.524752,-91.966128,1500566,39.532658,-91.97504,1.164925
29137,Monroe County,Missouri,bchrrr,39.524752,-91.966128,1500566,39.532658,-91.97504,1.164925
29137,Monroe County,Missouri,nsrdb,39.524752,-91.966128,804524,39.53,-91.98,1.325165
29139,Montgomery County,Missouri,wtk,38.948972,-91.467453,1528378,38.955235,-91.46423,0.750113
29139,Montgomery County,Missouri,bchrrr,38.948972,-91.467453,1528378,38.955235,-91.46423,0.750113
29139,Montgomery County,Missouri,nsrdb,38.948972,-91.467453,815785,38.93,-91.46,2.205877
29141,Morgan County,Missouri,wtk,38.383774,-92.851025,1459566,38.37768,-92.8515,0.678887
29141,Morgan County,Missouri,bchrrr,38.383774,-92.851025,1459566,38.37768,-92.8515,0.678887
29141,Morgan County,Missouri,nsrdb,38.383774,-92.851025,786346,38.37,-92.86,1.71985
29143,New Madrid County,Missouri,wtk,36.612846,-89.651842,1633368,36.618935,-89.65204,0.677297
29143,New Madrid County,Missouri,bchrrr,36.612846,-89.651842,1633368,36.618935,-89.65204,0.677297
29143,New Madrid County,Missouri,nsrdb,36.612846,-89.651842,857393,36.61,-89.66,0.793947
29145,Newton County,Missouri,wtk,36.921703,-94.414395,1379502,36.918922,-94.42154,0.706447
29145,Newton County,Missouri,bchrrr,36.921703,-94.414395,1379502,36.918922,-94.42154,0.706447
29145,Newton County,Missouri,nsrdb,36.921703,-94.414395,754535,36.93,-94.42,1.048523
29147,Nodaway County,Missouri,wtk,40.35226,-94.868342,1352431,40.34617,-94.868164,0.677346
29147,Nodaway County,Missouri,bchrrr,40.35226,-94.868342,1352431,40.34617,-94.868164,0.677346
29147,Nodaway County,Missouri,nsrdb,40.35226,-94.868342,745257,40.37,-94.86,2.095405
29149,Oregon County,Missouri,wtk,36.614979,-91.473835,1536751,36.607464,-91.46887,0.945869
29149,Oregon County,Missouri,bchrrr,36.614979,-91.473835,1536751,36.607464,-91.46887,0.945869
29149,Oregon County,Missouri,nsrdb,36.614979,-91.473835,815843,36.61,-91.46,1.353274
29151,Osage County,Missouri,wtk,38.455136,-91.884465,1508931,38.454086,-91.878784,0.508276
29151,Osage County,Missouri,bchrrr,38.455136,-91.884465,1508931,38.454086,-91.878784,0.508276
29151,Osage County,Missouri,nsrdb,38.455136,-91.884465,806235,38.45,-91.9,1.468388
29153,Ozark County,Missouri,wtk,36.623314,-92.421853,1486036,36.628155,-92.43204,1.056501
29153,Ozark County,Missouri,bchrrr,36.623314,-92.421853,1486036,36.628155,-92.43204,1.056501
29153,Ozark County,Missouri,nsrdb,36.623314,-92.421853,795510,36.61,-92.42,1.48966
29155,Pemiscot County,Missouri,wtk,36.179974,-89.74467,1630879,36.181667,-89.74072,0.401403
29155,Pemiscot County,Missouri,bchrrr,36.179974,-89.74467,1630879,36.181667,-89.74072,0.401403
29155,Pemiscot County,Missouri,nsrdb,36.179974,-89.74467,855534,36.17,-89.74,1.18563
29157,Perry County,Missouri,wtk,37.713862,-89.857883,1616159,37.72326,-89.86865,1.410299
29157,Perry County,Missouri,bchrrr,37.713862,-89.857883,1616159,37.72326,-89.86865,1.410299
29157,Perry County,Missouri,nsrdb,37.713862,-89.857883,852708,37.73,-89.86,1.804101
29159,Pettis County,Missouri,wtk,38.701438,-93.2475,1438795,38.703396,-93.23828,0.829179
29159,Pettis County,Missouri,bchrrr,38.701438,-93.2475,1438795,38.703396,-93.23828,0.829179
29159,Pettis County,Missouri,nsrdb,38.701438,-93.2475,778057,38.69,-93.26,1.671653
29161,Phelps County,Missouri,wtk,37.943356,-91.746966,1517387,37.949135,-91.74762,0.64515
29161,Phelps County,Missouri,bchrrr,37.943356,-91.746966,1517387,37.949135,-91.74762,0.64515
29161,Phelps County,Missouri,nsrdb,37.943356,-91.746966,809673,37.93,-91.74,1.605862
29163,Pike County,Missouri,wtk,39.363,-91.160033,1541764,39.368397,-91.16998,1.044679
29163,Pike County,Missouri,bchrrr,39.363,-91.160033,1541764,39.368397,-91.16998,1.044679
29163,Pike County,Missouri,nsrdb,39.363,-91.160033,821993,39.37,-91.18,1.884709
29165,Platte County,Missouri,wtk,39.260347,-94.683777,1363539,39.268757,-94.672516,1.346988
29165,Platte County,Missouri,bchrrr,39.260347,-94.683777,1363539,39.268757,-94.672516,1.346988
29165,Platte County,Missouri,nsrdb,39.260347,-94.683777,748665,39.25,-94.7,1.809665
29167,Polk County,Missouri,wtk,37.602024,-93.404472,1432572,37.598633,-93.40283,0.403859
29167,Polk County,Missouri,bchrrr,37.602024,-93.404472,1432572,37.598633,-93.40283,0.403859
29167,Polk County,Missouri,nsrdb,37.602024,-93.404472,774804,37.61,-93.42,1.630242
29169,Pulaski County,Missouri,wtk,37.822042,-92.175744,1495678,37.81836,-92.17758,0.440037
29169,Pulaski County,Missouri,bchrrr,37.822042,-92.175744,1495678,37.81836,-92.17758,0.440037
29169,Pulaski County,Missouri,nsrdb,37.822042,-92.175744,800413,37.81,-92.18,1.390223
29171,Putnam County,Missouri,wtk,40.483036,-92.984535,1447487,40.47612,-92.98688,0.79419
29171,Putnam County,Missouri,bchrrr,40.483036,-92.984535,1447487,40.47612,-92.98688,0.79419
29171,Putnam County,Missouri,nsrdb,40.483036,-92.984535,783799,40.49,-92.98,0.864135
29173,Ralls County,Missouri,wtk,39.579817,-91.469086,1525987,39.585876,-91.46597,0.724722
29173,Ralls County,Missouri,bchrrr,39.579817,-91.469086,1525987,39.585876,-91.46597,0.724722
29173,Ralls County,Missouri,nsrdb,39.579817,-91.469086,815769,39.57,-91.46,1.34091
29175,Randolph County,Missouri,wtk,39.413737,-92.451807,1476589,39.42063,-92.46237,1.187786
29175,Randolph County,Missouri,bchrrr,39.413737,-92.451807,1476589,39.42063,-92.46237,1.187786
29175,Randolph County,Missouri,nsrdb,39.413737,-92.451807,794614,39.41,-92.46,0.817365
29177,Ray County,Missouri,wtk,39.336638,-94.062153,1394443,39.333397,-94.07245,0.956105
29177,Ray County,Missouri,bchrrr,39.336638,-94.062153,1394443,39.333397,-94.07245,0.956105
29177,Ray County,Missouri,nsrdb,39.336638,-94.062153,761740,39.33,-94.06,0.760986
29179,Reynolds County,Missouri,wtk,37.329,-90.970228,1559932,37.32222,-90.97656,0.939068
29179,Reynolds County,Missouri,bchrrr,37.329,-90.970228,1559932,37.32222,-90.97656,0.939068
29179,Reynolds County,Missouri,nsrdb,37.329,-90.970228,826516,37.33,-90.98,0.871147
29181,Ripley County,Missouri,wtk,36.626945,-90.790673,1572067,36.63016,-90.80084,0.975157
29181,Ripley County,Missouri,bchrrr,36.626945,-90.790673,1572067,36.63016,-90.80084,0.975157
29181,Ripley County,Missouri,nsrdb,36.626945,-90.790673,831092,36.61,-90.78,2.111291
29183,St. Charles County,Missouri,wtk,38.778573,-90.671295,1569748,38.787228,-90.66803,1.003142
29183,St. Charles County,Missouri,bchrrr,38.778573,-90.671295,1569748,38.787228,-90.66803,1.003142
29183,St. Charles County,Missouri,nsrdb,38.778573,-90.671295,833810,38.77,-90.66,1.366562
29185,St. Clair County,Missouri,wtk,38.057169,-93.763944,1412835,38.05042,-93.759674,0.838431
29185,St. Clair County,Missouri,bchrrr,38.057169,-93.763944,1412835,38.05042,-93.759674,0.838431
29185,St. Clair County,Missouri,nsrdb,38.057169,-93.763944,767446,38.05,-93.78,1.616125
29186,Ste. Genevieve County,Missouri,wtk,37.940831,-90.165652,1598967,37.945053,-90.17584,1.009235
29186,Ste. Genevieve County,Missouri,bchrrr,37.940831,-90.165652,1598967,37.945053,-90.17584,1.009235
29186,Ste. Genevieve County,Missouri,nsrdb,37.940831,-90.165652,845291,37.93,-90.18,1.741792
29187,St. Francois County,Missouri,wtk,37.834497,-90.488088,1583098,37.833103,-90.49078,0.282699
29187,St. Francois County,Missouri,bchrrr,37.834497,-90.488088,1583098,37.833103,-90.49078,0.282699
29187,St. Francois County,Missouri,nsrdb,37.834497,-90.488088,837660,37.85,-90.5,2.016386
29189,St. Louis County,Missouri,wtk,38.644519,-90.389468,1584361,38.642902,-90.39554,0.557153
29189,St. Louis County,Missouri,bchrrr,38.644519,-90.389468,1584361,38.642902,-90.39554,0.557153
29189,St. Louis County,Missouri,nsrdb,38.644519,-90.389468,840511,38.65,-90.38,1.023483
29195,Saline County,Missouri,wtk,39.1114,-93.202597,1440048,39.109585,-93.19635,0.575535
29195,Saline County,Missouri,bchrrr,39.1114,-93.202597,1440048,39.109585,-93.19635,0.575535
29195,Saline County,Missouri,nsrdb,39.1114,-93.202597,778868,39.13,-93.22,2.555679
29197,Schuyler County,Missouri,wtk,40.461864,-92.520336,1470617,40.461838,-92.523865,0.298573
29197,Schuyler County,Missouri,bchrrr,40.461864,-92.520336,1470617,40.461838,-92.523865,0.298573
29197,Schuyler County,Missouri,nsrdb,40.461864,-92.520336,792936,40.45,-92.54,2.123299
29199,Scotland County,Missouri,wtk,40.44806,-92.151801,1488637,40.449127,-92.15851,0.579969
29199,Scotland County,Missouri,bchrrr,40.44806,-92.151801,1488637,40.449127,-92.15851,0.579969
29199,Scotland County,Missouri,nsrdb,40.44806,-92.151801,801175,40.45,-92.14,1.021607
29201,Scott County,Missouri,wtk,37.015235,-89.577533,1635853,37.019886,-89.565796,1.163333
29201,Scott County,Missouri,bchrrr,37.015235,-89.577533,1635853,37.019886,-89.565796,1.163333
29201,Scott County,Missouri,nsrdb,37.015235,-89.577533,859261,37.01,-89.58,0.621955
29203,Shannon County,Missouri,wtk,37.068999,-91.432909,1536776,37.06716,-91.43622,0.357931
29203,Shannon County,Missouri,bchrrr,37.068999,-91.432909,1536776,37.06716,-91.43622,0.357931
29203,Shannon County,Missouri,nsrdb,37.068999,-91.432909,816717,37.05,-91.42,2.40316
29205,Shelby County,Missouri,wtk,39.761714,-92.077205,1494585,39.759335,-92.08087,0.410026
29205,Shelby County,Missouri,bchrrr,39.761714,-92.077205,1494585,39.759335,-92.08087,0.410026
29205,Shelby County,Missouri,nsrdb,39.761714,-92.077205,802852,39.77,-92.06,1.735339
29207,Stoddard County,Missouri,wtk,36.847862,-89.970858,1614879,36.842194,-89.976105,0.784359
29207,Stoddard County,Missouri,bchrrr,36.847862,-89.970858,1614879,36.842194,-89.976105,0.784359
29207,Stoddard County,Missouri,nsrdb,36.847862,-89.970858,849965,36.85,-89.98,0.847487
29209,Stone County,Missouri,wtk,36.723447,-93.437799,1432524,36.714336,-93.4386,1.015611
29209,Stone County,Missouri,bchrrr,36.723447,-93.437799,1432524,36.714336,-93.4386,1.015611
29209,Stone County,Missouri,nsrdb,36.723447,-93.437799,774826,36.73,-93.42,1.745643
29211,Sullivan County,Missouri,wtk,40.21493,-93.10158,1442567,40.219326,-93.09677,0.636976
29211,Sullivan County,Missouri,bchrrr,40.21493,-93.10158,1442567,40.219326,-93.09677,0.636976
29211,Sullivan County,Missouri,nsrdb,40.21493,-93.10158,781316,40.21,-93.1,0.564371
29213,Taney County,Missouri,wtk,36.657101,-93.19513,1446054,36.652355,-93.18851,0.791987
29213,Taney County,Missouri,bchrrr,36.657101,-93.19513,1446054,36.652355,-93.18851,0.791987
29213,Taney County,Missouri,nsrdb,36.657101,-93.19513,779754,36.65,-93.18,1.563705
29215,Texas County,Missouri,wtk,37.330114,-91.966095,1507663,37.330177,-91.97473,0.763515
29215,Texas County,Missouri,bchrrr,37.330114,-91.966095,1507663,37.330177,-91.97473,0.763515
29215,Texas County,Missouri,nsrdb,37.330114,-91.966095,804579,37.33,-91.98,1.229509
29217,Vernon County,Missouri,wtk,37.836794,-94.33738,1383260,37.83972,-94.32837,0.855504
29217,Vernon County,Missouri,bchrrr,37.836794,-94.33738,1383260,37.83972,-94.32837,0.855504
29217,Vernon County,Missouri,nsrdb,37.836794,-94.33738,756128,37.85,-94.34,1.486355
29219,Warren County,Missouri,wtk,38.790384,-91.09855,1547818,38.790035,-91.095856,0.236693
29219,Warren County,Missouri,bchrrr,38.790384,-91.09855,1547818,38.790035,-91.095856,0.236693
29219,Warren County,Missouri,nsrdb,38.790384,-91.09855,823792,38.81,-91.1,2.184819
29221,Washington County,Missouri,wtk,37.953782,-90.785827,1567267,37.959705,-90.78491,0.663497
29221,Washington County,Missouri,bchrrr,37.953782,-90.785827,1567267,37.959705,-90.78491,0.663497
29221,Washington County,Missouri,nsrdb,37.953782,-90.785827,831058,37.97,-90.78,1.87432
29223,Wayne County,Missouri,wtk,37.109124,-90.523633,1584278,37.114117,-90.52969,0.772475
29223,Wayne County,Missouri,bchrrr,37.109124,-90.523633,1584278,37.114117,-90.52969,0.772475
29223,Wayne County,Missouri,nsrdb,37.109124,-90.523633,836720,37.09,-90.54,2.574683
29225,Webster County,Missouri,wtk,37.262941,-92.906835,1459506,37.270847,-92.90616,0.881135
29225,Webster County,Missouri,bchrrr,37.262941,-92.906835,1459506,37.270847,-92.90616,0.881135
29225,Webster County,Missouri,nsrdb,37.262941,-92.906835,785543,37.25,-92.9,1.560956
29227,Worth County,Missouri,wtk,40.481643,-94.437093,1374751,40.488922,-94.42627,1.221853
29227,Worth County,Missouri,bchrrr,40.481643,-94.437093,1374751,40.488922,-94.42627,1.221853
29227,Worth County,Missouri,nsrdb,40.481643,-94.437093,754446,40.49,-94.42,1.718491
29229,Wright County,Missouri,wtk,37.193295,-92.433323,1484870,37.19947,-92.42319,1.130049
29229,Wright County,Missouri,bchrrr,37.193295,-92.433323,1484870,37.19947,-92.42319,1.130049
29229,Wright County,Missouri,nsrdb,37.193295,-92.433323,795495,37.21,-92.42,2.200624
29510,St. Louis City,Missouri,wtk,38.620558,-90.253328,1591671,38.616592,-90.25552,0.480362
29510,St. Louis City,Missouri,bchrrr,38.620558,-90.253328,1591671,38.616592,-90.25552,0.480362
29510,St. Louis City,Missouri,nsrdb,38.620558,-90.253328,843372,38.61,-90.26,1.309313
30001,Beaverhead County,Montana,wtk,45.225024,-112.693835,612463,45.23402,-112.69354,1.000578
30001,Beaverhead County,Montana,bchrrr,45.225024,-112.693835,612463,45.23402,-112.69354,1.000578
30001,Beaverhead County,Montana,nsrdb,45.225024,-112.693835,309677,45.21,-112.7,1.738985
30003,Big Horn County,Montana,wtk,45.568552,-107.499726,800885,45.561775,-107.49408,0.872382
30003,Big Horn County,Montana,bchrrr,45.568552,-107.499726,800885,45.561775,-107.49408,0.872382
30003,Big Horn County,Montana,nsrdb,45.568552,-107.499726,424196,45.57,-107.5,0.162417
30005,Blaine County,Montana,wtk,48.432438,-108.872026,774292,48.430737,-108.88542,1.006141
30005,Blaine County,Montana,bchrrr,48.432438,-108.872026,774292,48.430737,-108.88542,1.006141
30005,Blaine County,Montana,nsrdb,48.432438,-108.872026,394002,48.45,-108.86,2.144857
30007,Broadwater County,Montana,wtk,46.281618,-111.543343,664070,46.271133,-111.552734,1.371206
30007,Broadwater County,Montana,bchrrr,46.281618,-111.543343,664070,46.271133,-111.552734,1.371206
30007,Broadwater County,Montana,nsrdb,46.281618,-111.543343,334717,46.29,-111.54,0.96679
30009,Carbon County,Montana,wtk,45.322274,-109.084552,741448,45.314434,-109.07834,0.997945
30009,Carbon County,Montana,bchrrr,45.322274,-109.084552,741448,45.314434,-109.07834,0.997945
30009,Carbon County,Montana,nsrdb,45.322274,-109.084552,388825,45.33,-109.1,1.482081
30011,Carter County,Montana,wtk,45.687361,-104.525315,919361,45.69039,-104.536896,0.960549
30011,Carter County,Montana,bchrrr,45.687361,-104.525315,919361,45.69039,-104.536896,0.960549
30011,Carter County,Montana,nsrdb,45.687361,-104.525315,495744,45.69,-104.54,1.177813
30013,Cascade County,Montana,wtk,47.491558,-111.306586,684013,47.479416,-111.31476,1.48328
30013,Cascade County,Montana,bchrrr,47.491558,-111.306586,684013,47.479416,-111.31476,1.48328
30013,Cascade County,Montana,nsrdb,47.491558,-111.306586,339945,47.49,-111.3,0.524292
30015,Chouteau County,Montana,wtk,47.962495,-110.384935,719913,47.95751,-110.37814,0.750506
30015,Chouteau County,Montana,bchrrr,47.962495,-110.384935,719913,47.95751,-110.37814,0.750506
30015,Chouteau County,Montana,nsrdb,47.962495,-110.384935,360382,47.97,-110.38,0.911824
30017,Custer County,Montana,wtk,46.401678,-105.814661,873061,46.394585,-105.81534,0.790424
30017,Custer County,Montana,bchrrr,46.401678,-105.814661,873061,46.394585,-105.81534,0.790424
30017,Custer County,Montana,nsrdb,46.401678,-105.814661,463285,46.41,-105.82,1.011869
30019,Daniels County,Montana,wtk,48.783637,-105.431736,904722,48.78821,-105.43768,0.669484
30019,Daniels County,Montana,bchrrr,48.783637,-105.431736,904722,48.78821,-105.43768,0.669484
30019,Daniels County,Montana,nsrdb,48.783637,-105.431736,473169,48.77,-105.42,1.743253
30021,Dawson County,Montana,wtk,47.137219,-104.748948,920488,47.136868,-104.73691,0.911392
30021,Dawson County,Montana,bchrrr,47.137219,-104.748948,920488,47.136868,-104.73691,0.911392
30021,Dawson County,Montana,nsrdb,47.137219,-104.748948,490573,47.13,-104.74,1.050005
30023,Deer Lodge County,Montana,wtk,46.135852,-112.955549,612512,46.12675,-112.966156,1.300934
30023,Deer Lodge County,Montana,bchrrr,46.135852,-112.955549,612512,46.12675,-112.966156,1.300934
30023,Deer Lodge County,Montana,nsrdb,46.135852,-112.955549,304667,46.13,-112.94,1.363454
30025,Fallon County,Montana,wtk,46.360507,-104.31609,931970,46.362263,-104.31535,0.203348
30025,Fallon County,Montana,bchrrr,46.360507,-104.31609,931970,46.362263,-104.31535,0.203348
30025,Fallon County,Montana,nsrdb,46.360507,-104.31609,501907,46.37,-104.3,1.624341
30027,Fergus County,Montana,wtk,47.092019,-109.414642,744376,47.087467,-109.42436,0.893022
30027,Fergus County,Montana,bchrrr,47.092019,-109.414642,744376,47.087467,-109.42436,0.893022
30027,Fergus County,Montana,nsrdb,47.092019,-109.414642,381635,47.09,-109.42,0.463614
30029,Flathead County,Montana,wtk,48.247385,-114.280952,591181,48.2544,-114.284515,0.823437
30029,Flathead County,Montana,bchrrr,48.247385,-114.280952,591181,48.2544,-114.284515,0.823437
30029,Flathead County,Montana,nsrdb,48.247385,-114.280952,277146,48.25,-114.3,1.440065
30031,Gallatin County,Montana,wtk,45.682957,-111.128814,673517,45.684784,-111.11609,1.009096
30031,Gallatin County,Montana,bchrrr,45.682957,-111.128814,673517,45.684784,-111.11609,1.009096
30031,Gallatin County,Montana,nsrdb,45.682957,-111.128814,343522,45.69,-111.14,1.16976
30033,Garfield County,Montana,wtk,47.309977,-106.946719,835334,47.307632,-106.9507,0.397595
30033,Garfield County,Montana,bchrrr,47.309977,-106.946719,835334,47.307632,-106.9507,0.397595
30033,Garfield County,Montana,nsrdb,47.309977,-106.946719,436841,47.29,-106.94,2.278394
30035,Glacier County,Montana,wtk,48.601081,-112.802964,645740,48.607983,-112.794235,1.000474
30035,Glacier County,Montana,bchrrr,48.601081,-112.802964,645740,48.607983,-112.794235,1.000474
30035,Glacier County,Montana,nsrdb,48.601081,-112.802964,307091,48.61,-112.82,1.597676
30037,Golden Valley County,Montana,wtk,46.297882,-109.120783,748115,46.291447,-109.1201,0.717462
30037,Golden Valley County,Montana,bchrrr,46.297882,-109.120783,748115,46.291447,-109.1201,0.717462
30037,Golden Valley County,Montana,nsrdb,46.297882,-109.120783,387921,46.29,-109.14,1.717002
30039,Granite County,Montana,wtk,46.445393,-113.319798,603759,46.45519,-113.31778,1.100294
30039,Granite County,Montana,bchrrr,46.445393,-113.319798,603759,46.45519,-113.31778,1.100294
30039,Granite County,Montana,nsrdb,46.445393,-113.319798,297246,46.45,-113.3,1.600998
30041,Hill County,Montana,wtk,48.511679,-109.767074,745398,48.52178,-109.762314,1.17663
30041,Hill County,Montana,bchrrr,48.511679,-109.767074,745398,48.52178,-109.762314,1.17663
30041,Hill County,Montana,nsrdb,48.511679,-109.767074,373593,48.53,-109.78,2.248667
30043,Jefferson County,Montana,wtk,46.268427,-112.045111,646583,46.260204,-112.04419,0.917094
30043,Jefferson County,Montana,bchrrr,46.268427,-112.045111,646583,46.260204,-112.04419,0.917094
30043,Jefferson County,Montana,nsrdb,46.268427,-112.045111,323385,46.25,-112.06,2.347046
30045,Judith Basin County,Montana,wtk,47.094037,-110.171727,718922,47.092968,-110.17543,0.304486
30045,Judith Basin County,Montana,bchrrr,47.094037,-110.171727,718922,47.092968,-110.17543,0.304486
30045,Judith Basin County,Montana,nsrdb,47.094037,-110.171727,364795,47.09,-110.18,0.770557
30047,Lake County,Montana,wtk,47.608398,-114.123216,589194,47.61125,-114.11951,0.42161
30047,Lake County,Montana,bchrrr,47.608398,-114.123216,589194,47.61125,-114.11951,0.42161
30047,Lake County,Montana,nsrdb,47.608398,-114.123216,280361,47.61,-114.14,1.270775
30049,Lewis and Clark County,Montana,wtk,46.646708,-112.019796,651465,46.643837,-112.01926,0.321852
30049,Lewis and Clark County,Montana,bchrrr,46.646708,-112.019796,651465,46.643837,-112.01926,0.321852
30049,Lewis and Clark County,Montana,nsrdb,46.646708,-112.019796,324245,46.65,-112.02,0.366385
30051,Liberty County,Montana,wtk,48.538044,-110.985222,704848,48.54363,-110.99625,1.02224
30051,Liberty County,Montana,bchrrr,48.538044,-110.985222,704848,48.54363,-110.99625,1.02224
30051,Liberty County,Montana,nsrdb,48.538044,-110.985222,347004,48.53,-110.98,0.973594
30053,Lincoln County,Montana,wtk,48.553308,-115.425496,556035,48.550457,-115.4292,0.418124
30053,Lincoln County,Montana,bchrrr,48.553308,-115.425496,556035,48.550457,-115.4292,0.418124
30053,Lincoln County,Montana,nsrdb,48.553308,-115.425496,254666,48.57,-115.42,1.899624
30055,McCone County,Montana,wtk,47.569722,-105.638843,888412,47.572365,-105.64108,0.338429
30055,McCone County,Montana,bchrrr,47.569722,-105.638843,888412,47.572365,-105.64108,0.338429
30055,McCone County,Montana,nsrdb,47.569722,-105.638843,468169,47.57,-105.62,1.413983
30057,Madison County,Montana,wtk,45.419015,-111.923035,642649,45.423763,-111.91051,1.110992
30057,Madison County,Montana,bchrrr,45.419015,-111.923035,642649,45.423763,-111.91051,1.110992
30057,Madison County,Montana,nsrdb,45.419015,-111.923035,326017,45.41,-111.94,1.660846
30059,Meagher County,Montana,wtk,46.529825,-110.881615,689630,46.53078,-110.88246,0.124319
30059,Meagher County,Montana,bchrrr,46.529825,-110.881615,689630,46.53078,-110.88246,0.124319
30059,Meagher County,Montana,nsrdb,46.529825,-110.881615,348855,46.53,-110.9,1.406578
30061,Mineral County,Montana,wtk,47.182753,-114.894839,556937,47.180447,-114.90227,0.617378
30061,Mineral County,Montana,bchrrr,47.182753,-114.894839,556937,47.180447,-114.90227,0.617378
30061,Mineral County,Montana,nsrdb,47.182753,-114.894839,265046,47.17,-114.9,1.470746
30063,Missoula County,Montana,wtk,46.875535,-114.021476,584275,46.882572,-114.013824,0.974953
30063,Missoula County,Montana,bchrrr,46.875535,-114.021476,584275,46.882572,-114.013824,0.974953
30063,Missoula County,Montana,nsrdb,46.875535,-114.021476,282776,46.89,-114.02,1.612344
30065,Musselshell County,Montana,wtk,46.420108,-108.482978,771252,46.417812,-108.493515,0.847108
30065,Musselshell County,Montana,bchrrr,46.420108,-108.482978,771252,46.417812,-108.493515,0.847108
30065,Musselshell County,Montana,nsrdb,46.420108,-108.482978,401911,46.41,-108.5,1.722242
30067,Park County,Montana,wtk,45.604897,-110.5968,690524,45.600185,-110.60535,0.846731
30067,Park County,Montana,bchrrr,45.604897,-110.5968,690524,45.600185,-110.60535,0.846731
30067,Park County,Montana,nsrdb,45.604897,-110.5968,356069,45.61,-110.58,1.424723
30069,Petroleum County,Montana,wtk,47.012153,-108.31783,782072,47.001526,-108.32408,1.273158
30069,Petroleum County,Montana,bchrrr,47.012153,-108.31783,782072,47.001526,-108.32408,1.273158
30069,Petroleum County,Montana,nsrdb,47.012153,-108.31783,406297,47.01,-108.3,1.37289
30071,Phillips County,Montana,wtk,48.367246,-107.866055,809088,48.36557,-107.87735,0.854966
30071,Phillips County,Montana,bchrrr,48.367246,-107.866055,809088,48.36557,-107.87735,0.854966
30071,Phillips County,Montana,nsrdb,48.367246,-107.866055,416051,48.37,-107.86,0.542074
30073,Pondera County,Montana,wtk,48.211426,-112.158061,663211,48.22103,-112.15704,1.070594
30073,Pondera County,Montana,bchrrr,48.211426,-112.158061,663211,48.22103,-112.15704,1.070594
30073,Pondera County,Montana,nsrdb,48.211426,-112.158061,321594,48.21,-112.14,1.347674
30075,Powder River County,Montana,wtk,45.438495,-105.544775,877371,45.441936,-105.54111,0.477665
30075,Powder River County,Montana,bchrrr,45.438495,-105.544775,877371,45.441936,-105.54111,0.477665
30075,Powder River County,Montana,nsrdb,45.438495,-105.544775,470226,45.45,-105.54,1.332433
30077,Powell County,Montana,wtk,46.450646,-112.758115,623243,46.442844,-112.76071,0.890035
30077,Powell County,Montana,bchrrr,46.450646,-112.758115,623243,46.442844,-112.76071,0.890035
30077,Powell County,Montana,nsrdb,46.450646,-112.758115,308807,46.45,-112.74,1.389676
30079,Prairie County,Montana,wtk,46.809715,-105.276385,897067,46.813244,-105.28763,0.941446
30079,Prairie County,Montana,bchrrr,46.809715,-105.276385,897067,46.813244,-105.28763,0.941446
30079,Prairie County,Montana,nsrdb,46.809715,-105.276385,477278,46.81,-105.26,1.247372
30081,Ravalli County,Montana,wtk,46.358558,-114.111219,574481,46.350723,-114.11435,0.903744
30081,Ravalli County,Montana,bchrrr,46.358558,-114.111219,574481,46.350723,-114.11435,0.903744
30081,Ravalli County,Montana,nsrdb,46.358558,-114.111219,281191,46.37,-114.1,1.536169
30083,Richland County,Montana,wtk,47.72072,-104.204201,944560,47.71904,-104.19162,0.959509
30083,Richland County,Montana,bchrrr,47.72072,-104.204201,944560,47.71904,-104.19162,0.959509
30083,Richland County,Montana,nsrdb,47.72072,-104.204201,503937,47.73,-104.22,1.568866
30085,Roosevelt County,Montana,wtk,48.134392,-105.212282,908955,48.131542,-105.20886,0.406106
30085,Roosevelt County,Montana,bchrrr,48.134392,-105.212282,908955,48.131542,-105.20886,0.406106
30085,Roosevelt County,Montana,nsrdb,48.134392,-105.212282,478264,48.13,-105.22,0.752714
30087,Rosebud County,Montana,wtk,45.902895,-106.612675,837398,45.90985,-106.62024,0.969896
30087,Rosebud County,Montana,bchrrr,45.902895,-106.612675,837398,45.90985,-106.62024,0.969896
30087,Rosebud County,Montana,nsrdb,45.902895,-106.612675,444326,45.89,-106.62,1.541845
30089,Sanders County,Montana,wtk,47.635009,-115.177181,553050,47.63341,-115.177734,0.182565
30089,Sanders County,Montana,bchrrr,47.635009,-115.177181,553050,47.63341,-115.177734,0.182565
30089,Sanders County,Montana,nsrdb,47.635009,-115.177181,259423,47.65,-115.18,1.680251
30091,Sheridan County,Montana,wtk,48.734098,-104.493722,939394,48.727386,-104.49028,0.787881
30091,Sheridan County,Montana,bchrrr,48.734098,-104.493722,939394,48.727386,-104.49028,0.787881
30091,Sheridan County,Montana,nsrdb,48.734098,-104.493722,496696,48.73,-104.5,0.647803
30093,Silver Bow County,Montana,wtk,45.98746,-112.52552,626139,45.980473,-112.5372,1.19081
30093,Silver Bow County,Montana,bchrrr,45.98746,-112.52552,626139,45.980473,-112.5372,1.19081
30093,Silver Bow County,Montana,nsrdb,45.98746,-112.52552,313043,45.97,-112.54,2.240811
30095,Stillwater County,Montana,wtk,45.615504,-109.23794,738637,45.61772,-109.230804,0.607251
30095,Stillwater County,Montana,bchrrr,45.615504,-109.23794,738637,45.61772,-109.230804,0.607251
30095,Stillwater County,Montana,nsrdb,45.615504,-109.23794,386166,45.61,-109.22,1.523714
30097,Sweet Grass County,Montana,wtk,45.82939,-109.91652,716967,45.83925,-109.90784,1.286186
30097,Sweet Grass County,Montana,bchrrr,45.82939,-109.91652,716967,45.83925,-109.90784,1.286186
30097,Sweet Grass County,Montana,nsrdb,45.82939,-109.91652,371006,45.81,-109.9,2.507501
30099,Teton County,Montana,wtk,47.762519,-112.039518,662215,47.76134,-112.04541,0.459506
30099,Teton County,Montana,bchrrr,47.762519,-112.039518,662215,47.76134,-112.04541,0.459506
30099,Teton County,Montana,nsrdb,47.762519,-112.039518,324217,47.77,-112.02,1.679295
30101,Toole County,Montana,wtk,48.578096,-111.850811,677458,48.586475,-111.83954,1.247188
30101,Toole County,Montana,bchrrr,48.578096,-111.850811,677458,48.586475,-111.83954,1.247188
30101,Toole County,Montana,nsrdb,48.578096,-111.850811,327682,48.57,-111.86,1.125823
30103,Treasure County,Montana,wtk,46.247086,-107.247141,815133,46.24414,-107.25572,0.73657
30103,Treasure County,Montana,bchrrr,46.247086,-107.247141,815133,46.24414,-107.25572,0.73657
30103,Treasure County,Montana,nsrdb,46.247086,-107.247141,429595,46.25,-107.26,1.040528
30105,Valley County,Montana,wtk,48.23627,-106.541657,857977,48.22707,-106.54852,1.142333
30105,Valley County,Montana,bchrrr,48.23627,-106.541657,857977,48.22707,-106.54852,1.142333
30105,Valley County,Montana,nsrdb,48.23627,-106.541657,446157,48.25,-106.54,1.531632
30107,Wheatland County,Montana,wtk,46.454551,-109.845435,724545,46.452137,-109.84433,0.281456
30107,Wheatland County,Montana,bchrrr,46.454551,-109.845435,724545,46.452137,-109.84433,0.281456
30107,Wheatland County,Montana,nsrdb,46.454551,-109.845435,371875,46.45,-109.86,1.225198
30109,Wibaux County,Montana,wtk,46.969955,-104.191238,940342,46.970478,-104.18872,0.199713
30109,Wibaux County,Montana,bchrrr,46.969955,-104.191238,940342,46.970478,-104.18872,0.199713
30109,Wibaux County,Montana,nsrdb,46.969955,-104.191238,504988,46.97,-104.18,0.852726
30111,Yellowstone County,Montana,wtk,45.789945,-108.545962,764418,45.790268,-108.54126,0.366335
30111,Yellowstone County,Montana,bchrrr,45.789945,-108.545962,764418,45.790268,-108.54126,0.366335
30111,Yellowstone County,Montana,nsrdb,45.789945,-108.545962,401051,45.77,-108.54,2.265467
31001,Adams County,Nebraska,wtk,40.585501,-98.415176,1170208,40.58454,-98.40726,0.676963
31001,Adams County,Nebraska,bchrrr,40.585501,-98.415176,1170208,40.58454,-98.40726,0.676963
31001,Adams County,Nebraska,nsrdb,40.585501,-98.415176,659130,40.57,-98.42,1.77113
31003,Antelope County,Nebraska,wtk,42.147051,-98.057425,1190344,42.152706,-98.06946,1.174637
31003,Antelope County,Nebraska,bchrrr,42.147051,-98.057425,1190344,42.152706,-98.06946,1.174637
31003,Antelope County,Nebraska,nsrdb,42.147051,-98.057425,669000,42.13,-98.06,1.907838
31005,Arthur County,Nebraska,wtk,41.569369,-101.67886,1014962,41.575672,-101.680725,0.717829
31005,Arthur County,Nebraska,bchrrr,41.569369,-101.67886,1014962,41.575672,-101.680725,0.717829
31005,Arthur County,Nebraska,nsrdb,41.569369,-101.67886,571348,41.57,-101.66,1.570541
31007,Banner County,Nebraska,wtk,41.558824,-103.721644,928570,41.559387,-103.72269,0.107208
31007,Banner County,Nebraska,bchrrr,41.558824,-103.721644,928570,41.559387,-103.72269,0.107208
31007,Banner County,Nebraska,nsrdb,41.558824,-103.721644,516535,41.57,-103.74,1.968906
31009,Blaine County,Nebraska,wtk,41.906106,-100.013465,1093257,41.911865,-100.01099,0.672328
31009,Blaine County,Nebraska,bchrrr,41.906106,-100.013465,1093257,41.911865,-100.01099,0.672328
31009,Blaine County,Nebraska,nsrdb,41.906106,-100.013465,615445,41.89,-100.02,1.870802
31011,Boone County,Nebraska,wtk,41.677317,-98.014052,1192833,41.670486,-98.00299,1.192093
31011,Boone County,Nebraska,bchrrr,41.677317,-98.014052,1192833,41.670486,-98.00299,1.192093
31011,Boone County,Nebraska,nsrdb,41.677317,-98.014052,670115,41.69,-98.02,1.494286
31013,Box Butte County,Nebraska,wtk,42.136681,-102.905293,965170,42.13708,-102.91675,0.94574
31013,Box Butte County,Nebraska,bchrrr,42.136681,-102.905293,965170,42.13708,-102.91675,0.94574
31013,Box Butte County,Nebraska,nsrdb,42.136681,-102.905293,538557,42.13,-102.9,0.861622
31015,Boyd County,Nebraska,wtk,42.893572,-98.744948,1157816,42.90045,-98.75659,1.218311
31015,Boyd County,Nebraska,bchrrr,42.893572,-98.744948,1157816,42.90045,-98.75659,1.218311
31015,Boyd County,Nebraska,nsrdb,42.893572,-98.744948,650288,42.89,-98.74,0.565901
31017,Brown County,Nebraska,wtk,42.543087,-99.849631,1103135,42.550663,-99.852234,0.868983
31017,Brown County,Nebraska,bchrrr,42.543087,-99.849631,1103135,42.550663,-99.852234,0.868983
31017,Brown County,Nebraska,nsrdb,42.543087,-99.849631,619774,42.53,-99.86,1.685054
31019,Buffalo County,Nebraska,wtk,40.737755,-99.072799,1136471,40.734333,-99.07498,0.422558
31019,Buffalo County,Nebraska,bchrrr,40.737755,-99.072799,1136471,40.734333,-99.07498,0.422558
31019,Buffalo County,Nebraska,nsrdb,40.737755,-99.072799,641596,40.73,-99.06,1.380788
31021,Burt County,Nebraska,wtk,41.845219,-96.347845,1277022,41.837368,-96.33682,1.263428
31021,Burt County,Nebraska,bchrrr,41.845219,-96.347845,1277022,41.837368,-96.33682,1.263428
31021,Burt County,Nebraska,nsrdb,41.845219,-96.347845,712776,41.85,-96.34,0.839573
31023,Butler County,Nebraska,wtk,41.247435,-97.141751,1235600,41.25566,-97.14896,1.09529
31023,Butler County,Nebraska,bchrrr,41.247435,-97.141751,1235600,41.25566,-97.14896,1.09529
31023,Butler County,Nebraska,nsrdb,41.247435,-97.141751,693850,41.25,-97.14,0.320589
31025,Cass County,Nebraska,wtk,40.949444,-96.06362,1290768,40.946133,-96.06146,0.410435
31025,Cass County,Nebraska,bchrrr,40.949444,-96.06362,1290768,40.946133,-96.06146,0.410435
31025,Cass County,Nebraska,nsrdb,40.949444,-96.06362,719151,40.93,-96.06,2.183354
31027,Cedar County,Nebraska,wtk,42.576735,-97.251033,1231902,42.574524,-97.25049,0.24984
31027,Cedar County,Nebraska,bchrrr,42.576735,-97.251033,1231902,42.574524,-97.25049,0.24984
31027,Cedar County,Nebraska,nsrdb,42.576735,-97.251033,690727,42.57,-97.26,1.048807
31029,Chase County,Nebraska,wtk,40.501956,-101.625693,1012739,40.49873,-101.62906,0.457957
31029,Chase County,Nebraska,bchrrr,40.501956,-101.625693,1012739,40.49873,-101.62906,0.457957
31029,Chase County,Nebraska,nsrdb,40.501956,-101.625693,572440,40.49,-101.62,1.41392
31031,Cherry County,Nebraska,wtk,42.788396,-100.749297,1061275,42.794327,-100.75696,0.908804
31031,Cherry County,Nebraska,bchrrr,42.788396,-100.749297,1061275,42.794327,-100.75696,0.908804
31031,Cherry County,Nebraska,nsrdb,42.788396,-100.749297,595975,42.77,-100.74,2.181739
31033,Cheyenne County,Nebraska,wtk,41.164852,-102.982586,957796,41.16309,-102.97812,0.422081
31033,Cheyenne County,Nebraska,bchrrr,41.164852,-102.982586,957796,41.16309,-102.97812,0.422081
31033,Cheyenne County,Nebraska,nsrdb,41.164852,-102.982586,536475,41.17,-102.98,0.611993
31035,Clay County,Nebraska,wtk,40.547593,-98.027859,1189002,40.555176,-98.03961,1.302565
31035,Clay County,Nebraska,bchrrr,40.547593,-98.027859,1189002,40.555176,-98.03961,1.302565
31035,Clay County,Nebraska,nsrdb,40.547593,-98.027859,670144,40.53,-98.02,2.065911
31037,Colfax County,Nebraska,wtk,41.515593,-97.076385,1239381,41.516514,-97.0795,0.278841
31037,Colfax County,Nebraska,bchrrr,41.515593,-97.076385,1239381,41.516514,-97.0795,0.278841
31037,Colfax County,Nebraska,nsrdb,41.515593,-97.076385,695864,41.53,-97.06,2.104053
31039,Cuming County,Nebraska,wtk,41.896853,-96.758474,1255707,41.890965,-96.76166,0.705831
31039,Cuming County,Nebraska,bchrrr,41.896853,-96.758474,1255707,41.890965,-96.76166,0.705831
31039,Cuming County,Nebraska,nsrdb,41.896853,-96.758474,703509,41.89,-96.74,1.708488
31041,Custer County,Nebraska,wtk,41.400577,-99.673881,1108007,41.402805,-99.67941,0.523488
31041,Custer County,Nebraska,bchrrr,41.400577,-99.673881,1108007,41.402805,-99.67941,0.523488
31041,Custer County,Nebraska,nsrdb,41.400577,-99.673881,625240,41.41,-99.66,1.561454
31043,Dakota County,Nebraska,wtk,42.446881,-96.438631,1272039,42.450607,-96.44116,0.46337
31043,Dakota County,Nebraska,bchrrr,42.446881,-96.438631,1272039,42.450607,-96.44116,0.46337
31043,Dakota County,Nebraska,nsrdb,42.446881,-96.438631,710922,42.45,-96.42,1.567507
31045,Dawes County,Nebraska,wtk,42.786275,-103.066216,962065,42.78074,-103.06906,0.657773
31045,Dawes County,Nebraska,bchrrr,42.786275,-103.066216,962065,42.78074,-103.06906,0.657773
31045,Dawes County,Nebraska,nsrdb,42.786275,-103.066216,534331,42.77,-103.06,1.879466
31047,Dawson County,Nebraska,wtk,40.827351,-99.856811,1096877,40.819862,-99.86502,1.081932
31047,Dawson County,Nebraska,bchrrr,40.827351,-99.856811,1096877,40.819862,-99.86502,1.081932
31047,Dawson County,Nebraska,nsrdb,40.827351,-99.856811,619817,40.81,-99.86,1.947919
31049,Deuel County,Nebraska,wtk,41.090926,-102.336556,985021,41.092117,-102.32703,0.809221
31049,Deuel County,Nebraska,bchrrr,41.090926,-102.336556,985021,41.092117,-102.32703,0.809221
31049,Deuel County,Nebraska,nsrdb,41.090926,-102.336556,553351,41.09,-102.34,0.30644
31051,Dixon County,Nebraska,wtk,42.436803,-96.826019,1253228,42.42981,-96.81897,0.96918
31051,Dixon County,Nebraska,bchrrr,42.436803,-96.826019,1253228,42.42981,-96.81897,0.96918
31051,Dixon County,Nebraska,nsrdb,42.436803,-96.826019,701619,42.45,-96.82,1.548327
31053,Dodge County,Nebraska,wtk,41.471293,-96.528699,1266970,41.464878,-96.53308,0.801291
31053,Dodge County,Nebraska,bchrrr,41.471293,-96.528699,1266970,41.464878,-96.53308,0.801291
31053,Dodge County,Nebraska,nsrdb,41.471293,-96.528699,708174,41.49,-96.54,2.283247
31055,Douglas County,Nebraska,wtk,41.261734,-96.069734,1290785,41.261837,-96.06177,0.665776
31055,Douglas County,Nebraska,bchrrr,41.261734,-96.069734,1290785,41.261837,-96.06177,0.665776
31055,Douglas County,Nebraska,nsrdb,41.261734,-96.069734,719143,41.25,-96.06,1.537697
31057,Dundy County,Nebraska,wtk,40.089487,-101.599237,1012717,40.09165,-101.59161,0.691953
31057,Dundy County,Nebraska,bchrrr,40.089487,-101.599237,1012717,40.09165,-101.59161,0.691953
31057,Dundy County,Nebraska,nsrdb,40.089487,-101.599237,573517,40.09,-101.58,1.637453
31059,Fillmore County,Nebraska,wtk,40.541249,-97.58003,1212936,40.54458,-97.575134,0.555287
31059,Fillmore County,Nebraska,bchrrr,40.541249,-97.58003,1212936,40.54458,-97.575134,0.555287
31059,Fillmore County,Nebraska,nsrdb,40.541249,-97.58003,682309,40.53,-97.58,1.250836
31061,Franklin County,Nebraska,wtk,40.185986,-98.954525,1141421,40.18091,-98.94998,0.683851
31061,Franklin County,Nebraska,bchrrr,40.185986,-98.954525,1141421,40.18091,-98.94998,0.683851
31061,Franklin County,Nebraska,nsrdb,40.185986,-98.954525,644886,40.17,-98.94,2.163914
31063,Frontier County,Nebraska,wtk,40.609998,-100.398781,1070459,40.613464,-100.39044,0.802664
31063,Frontier County,Nebraska,bchrrr,40.609998,-100.398781,1070459,40.613464,-100.39044,0.802664
31063,Frontier County,Nebraska,nsrdb,40.609998,-100.398781,605738,40.61,-100.38,1.585391
31065,Furnas County,Nebraska,wtk,40.250811,-99.934157,1091946,40.260235,-99.92694,1.213747
31065,Furnas County,Nebraska,bchrrr,40.250811,-99.934157,1091946,40.260235,-99.92694,1.213747
31065,Furnas County,Nebraska,nsrdb,40.250811,-99.934157,617657,40.25,-99.94,0.504012
31067,Gage County,Nebraska,wtk,40.280867,-96.713547,1256874,40.27561,-96.717224,0.662571
31067,Gage County,Nebraska,bchrrr,40.280867,-96.713547,1256874,40.27561,-96.717224,0.662571
31067,Gage County,Nebraska,nsrdb,40.280867,-96.713547,704483,40.29,-96.7,1.533546
31069,Garden County,Nebraska,wtk,41.429502,-102.323908,987150,41.428352,-102.312805,0.934465
31069,Garden County,Nebraska,bchrrr,41.429502,-102.323908,987150,41.428352,-102.312805,0.934465
31069,Garden County,Nebraska,nsrdb,41.429502,-102.323908,553343,41.41,-102.34,2.550087
31071,Garfield County,Nebraska,wtk,41.803659,-99.104096,1137772,41.811604,-99.10559,0.892081
31071,Garfield County,Nebraska,bchrrr,41.803659,-99.104096,1137772,41.811604,-99.10559,0.892081
31071,Garfield County,Nebraska,nsrdb,41.803659,-99.104096,640478,41.81,-99.1,0.782564
31073,Gosper County,Nebraska,wtk,40.594433,-99.826844,1098098,40.59829,-99.82648,0.429979
31073,Gosper County,Nebraska,bchrrr,40.594433,-99.826844,1098098,40.59829,-99.82648,0.429979
31073,Gosper County,Nebraska,nsrdb,40.594433,-99.826844,620909,40.61,-99.82,1.824863
31075,Grant County,Nebraska,wtk,41.969602,-101.734564,1013900,41.963676,-101.74286,0.951132
31075,Grant County,Nebraska,bchrrr,41.969602,-101.734564,1013900,41.963676,-101.74286,0.951132
31075,Grant County,Nebraska,nsrdb,41.969602,-101.734564,569210,41.97,-101.74,0.451586
31077,Greeley County,Nebraska,wtk,41.555312,-98.499327,1167756,41.54859,-98.4957,0.806088
31077,Greeley County,Nebraska,bchrrr,41.555312,-98.499327,1167756,41.54859,-98.4957,0.806088
31077,Greeley County,Nebraska,nsrdb,41.555312,-98.499327,656907,41.57,-98.5,1.634193
31079,Hall County,Nebraska,wtk,40.916311,-98.377837,1172730,40.919624,-98.37143,0.652323
31079,Hall County,Nebraska,bchrrr,40.916311,-98.377837,1172730,40.919624,-98.37143,0.652323
31079,Hall County,Nebraska,nsrdb,40.916311,-98.377837,660220,40.93,-98.38,1.53296
31081,Hamilton County,Nebraska,wtk,40.879511,-98.022958,1190275,40.87108,-98.025696,0.965337
31081,Hamilton County,Nebraska,bchrrr,40.879511,-98.022958,1190275,40.87108,-98.025696,0.965337
31081,Hamilton County,Nebraska,nsrdb,40.879511,-98.022958,670135,40.89,-98.02,1.19254
31083,Harlan County,Nebraska,wtk,40.14561,-99.40653,1117822,40.14838,-99.40976,0.412604
31083,Harlan County,Nebraska,bchrrr,40.14561,-99.40653,1117822,40.14838,-99.40976,0.412604
31083,Harlan County,Nebraska,nsrdb,40.14561,-99.40653,631802,40.13,-99.42,2.079425
31085,Hayes County,Nebraska,wtk,40.500834,-101.049755,1039382,40.50987,-101.04306,1.153231
31085,Hayes County,Nebraska,bchrrr,40.500834,-101.049755,1039382,40.50987,-101.04306,1.153231
31085,Hayes County,Nebraska,nsrdb,40.500834,-101.049755,587425,40.49,-101.06,1.483834
31087,Hitchcock County,Nebraska,wtk,40.210971,-101.004664,1040501,40.214798,-100.994354,0.97341
31087,Hitchcock County,Nebraska,bchrrr,40.210971,-101.004664,1040501,40.214798,-100.994354,0.97341
31087,Hitchcock County,Nebraska,nsrdb,40.210971,-101.004664,588507,40.21,-101.02,1.306759
31089,Holt County,Nebraska,wtk,42.460458,-98.743996,1157792,42.454224,-98.73578,0.966859
31089,Holt County,Nebraska,bchrrr,42.460458,-98.743996,1157792,42.454224,-98.73578,0.966859
31089,Holt County,Nebraska,nsrdb,42.460458,-98.743996,650299,42.45,-98.74,1.208205
31091,Hooker County,Nebraska,wtk,42.010664,-101.050544,1045140,42.017265,-101.04578,0.832863
31091,Hooker County,Nebraska,bchrrr,42.010664,-101.050544,1045140,42.017265,-101.04578,0.832863
31091,Hooker County,Nebraska,nsrdb,42.010664,-101.050544,587387,42.01,-101.06,0.784742
31093,Howard County,Nebraska,wtk,41.189163,-98.489627,1167737,41.19579,-98.48108,1.026873
31093,Howard County,Nebraska,bchrrr,41.189163,-98.489627,1167737,41.19579,-98.48108,1.026873
31093,Howard County,Nebraska,nsrdb,41.189163,-98.489627,656917,41.17,-98.5,2.300888
31095,Jefferson County,Nebraska,wtk,40.164225,-97.141674,1234285,40.16044,-97.15268,1.025598
31095,Jefferson County,Nebraska,bchrrr,40.164225,-97.141674,1234285,40.16044,-97.15268,1.025598
31095,Jefferson County,Nebraska,nsrdb,40.164225,-97.141674,693877,40.17,-97.14,0.657717
31097,Johnson County,Nebraska,wtk,40.401096,-96.227751,1281961,40.407665,-96.231445,0.794593
31097,Johnson County,Nebraska,bchrrr,40.401096,-96.227751,1281961,40.407665,-96.231445,0.794593
31097,Johnson County,Nebraska,nsrdb,40.401096,-96.227751,715555,40.41,-96.22,1.187848
31099,Kearney County,Nebraska,wtk,40.507239,-98.992122,1140192,40.513897,-98.99057,0.751873
31099,Kearney County,Nebraska,bchrrr,40.507239,-98.992122,1140192,40.513897,-98.99057,0.751873
31099,Kearney County,Nebraska,nsrdb,40.507239,-98.992122,643786,40.49,-98.98,2.173719
31101,Keith County,Nebraska,wtk,41.141819,-101.699822,1012774,41.146835,-101.6897,1.01463
31101,Keith County,Nebraska,bchrrr,41.141819,-101.699822,1012774,41.146835,-101.6897,1.01463
31101,Keith County,Nebraska,nsrdb,41.141819,-101.699822,570295,41.13,-101.7,1.314299
31103,Keya Paha County,Nebraska,wtk,42.868933,-99.717371,1110556,42.871857,-99.720825,0.430051
31103,Keya Paha County,Nebraska,bchrrr,42.868933,-99.717371,1110556,42.871857,-99.720825,0.430051
31103,Keya Paha County,Nebraska,nsrdb,42.868933,-99.717371,624116,42.85,-99.7,2.537093
31105,Kimball County,Nebraska,wtk,41.231309,-103.661615,929599,41.228306,-103.655304,0.624533
31105,Kimball County,Nebraska,bchrrr,41.231309,-103.661615,929599,41.228306,-103.655304,0.624533
31105,Kimball County,Nebraska,nsrdb,41.231309,-103.661615,518633,41.25,-103.66,2.082729
31107,Knox County,Nebraska,wtk,42.624226,-97.782542,1205499,42.622925,-97.7825,0.144706
31107,Knox County,Nebraska,bchrrr,42.624226,-97.782542,1205499,42.622925,-97.7825,0.144706
31107,Knox County,Nebraska,nsrdb,42.624226,-97.782542,676727,42.61,-97.78,1.595478
31109,Lancaster County,Nebraska,wtk,40.799268,-96.671546,1259410,40.79548,-96.67432,0.481603
31109,Lancaster County,Nebraska,bchrrr,40.799268,-96.671546,1259410,40.79548,-96.67432,0.481603
31109,Lancaster County,Nebraska,nsrdb,40.799268,-96.671546,705402,40.81,-96.66,1.538987
31111,Lincoln County,Nebraska,wtk,41.119295,-100.789543,1053092,41.11646,-100.797485,0.736205
31111,Lincoln County,Nebraska,bchrrr,41.119295,-100.789543,1053092,41.11646,-100.797485,0.736205
31111,Lincoln County,Nebraska,nsrdb,41.119295,-100.789543,594939,41.13,-100.78,1.433823
31113,Logan County,Nebraska,wtk,41.499175,-100.507666,1068179,41.501377,-100.50525,0.316915
31113,Logan County,Nebraska,bchrrr,41.499175,-100.507666,1068179,41.501377,-100.50525,0.316915
31113,Logan County,Nebraska,nsrdb,41.499175,-100.507666,602476,41.49,-100.5,1.203534
31115,Loup County,Nebraska,wtk,41.832591,-99.416366,1122872,41.83967,-99.40671,1.122297
31115,Loup County,Nebraska,bchrrr,41.832591,-99.416366,1122872,41.83967,-99.40671,1.122297
31115,Loup County,Nebraska,nsrdb,41.832591,-99.416366,631759,41.85,-99.42,1.959063
31117,McPherson County,Nebraska,wtk,41.560109,-101.005066,1045115,41.553513,-101.00668,0.745636
31117,McPherson County,Nebraska,bchrrr,41.560109,-101.005066,1045115,41.553513,-101.00668,0.745636
31117,McPherson County,Nebraska,nsrdb,41.560109,-101.005066,588473,41.57,-101.02,1.659315
31119,Madison County,Nebraska,wtk,42.006359,-97.4614,1220559,42.01385,-97.46393,0.85879
31119,Madison County,Nebraska,bchrrr,42.006359,-97.4614,1220559,42.01385,-97.46393,0.85879
31119,Madison County,Nebraska,nsrdb,42.006359,-97.4614,685524,42.01,-97.46,0.421062
31121,Merrick County,Nebraska,wtk,41.130779,-98.037105,1190289,41.13096,-98.034424,0.225442
31121,Merrick County,Nebraska,bchrrr,41.130779,-98.037105,1190289,41.13096,-98.034424,0.225442
31121,Merrick County,Nebraska,nsrdb,41.130779,-98.037105,670129,41.13,-98.02,1.435224
31123,Morrill County,Nebraska,wtk,41.708585,-103.163032,952599,41.7101,-103.167114,0.378414
31123,Morrill County,Nebraska,bchrrr,41.708585,-103.163032,952599,41.7101,-103.167114,0.378414
31123,Morrill County,Nebraska,nsrdb,41.708585,-103.163032,531206,41.69,-103.18,2.501045
31125,Nance County,Nebraska,wtk,41.404588,-97.89618,1197857,41.412228,-97.89526,0.852988
31125,Nance County,Nebraska,bchrrr,41.404588,-97.89618,1197857,41.412228,-97.89526,0.852988
31125,Nance County,Nebraska,nsrdb,41.404588,-97.89618,673439,41.41,-97.9,0.680915
31127,Nemaha County,Nebraska,wtk,40.401976,-95.839182,1302025,40.407795,-95.84161,0.67892
31127,Nemaha County,Nebraska,bchrrr,40.401976,-95.839182,1302025,40.407795,-95.84161,0.67892
31127,Nemaha County,Nebraska,nsrdb,40.401976,-95.839182,724501,40.41,-95.82,1.853109
31129,Nuckolls County,Nebraska,wtk,40.11463,-98.061835,1186470,40.10916,-98.07324,1.14483
31129,Nuckolls County,Nebraska,bchrrr,40.11463,-98.061835,1186470,40.10916,-98.07324,1.14483
31129,Nuckolls County,Nebraska,nsrdb,40.11463,-98.061835,669050,40.13,-98.06,1.716176
31131,Otoe County,Nebraska,wtk,40.670811,-96.036886,1292007,40.667694,-96.03671,0.346913
31131,Otoe County,Nebraska,bchrrr,40.670811,-96.036886,1292007,40.667694,-96.03671,0.346913
31131,Otoe County,Nebraska,nsrdb,40.670811,-96.036886,720051,40.69,-96.02,2.565214
31133,Pawnee County,Nebraska,wtk,40.133205,-96.177369,1284454,40.129528,-96.181915,0.562619
31133,Pawnee County,Nebraska,bchrrr,40.133205,-96.177369,1284454,40.129528,-96.181915,0.562619
31133,Pawnee County,Nebraska,nsrdb,40.133205,-96.177369,716472,40.13,-96.18,0.420759
31135,Perkins County,Nebraska,wtk,40.844892,-101.675425,1011677,40.84917,-101.68631,1.031785
31135,Perkins County,Nebraska,bchrrr,40.844892,-101.675425,1011677,40.84917,-101.68631,1.031785
31135,Perkins County,Nebraska,nsrdb,40.844892,-101.675425,571366,40.85,-101.66,1.416334
31137,Phelps County,Nebraska,wtk,40.466364,-99.40457,1119077,40.464233,-99.403046,0.26976
31137,Phelps County,Nebraska,bchrrr,40.466364,-99.40457,1119077,40.464233,-99.403046,0.26976
31137,Phelps County,Nebraska,nsrdb,40.466364,-99.40457,631794,40.45,-99.42,2.239461
31139,Pierce County,Nebraska,wtk,42.259528,-97.591721,1214286,42.253754,-97.59549,0.713045
31139,Pierce County,Nebraska,bchrrr,42.259528,-97.591721,1214286,42.253754,-97.59549,0.713045
31139,Pierce County,Nebraska,nsrdb,42.259528,-97.591721,682266,42.25,-97.58,1.432847
31141,Platte County,Nebraska,wtk,41.466973,-97.385576,1224301,41.47593,-97.3764,1.255567
31141,Platte County,Nebraska,bchrrr,41.466973,-97.385576,1224301,41.47593,-97.3764,1.255567
31141,Platte County,Nebraska,nsrdb,41.466973,-97.385576,687639,41.45,-97.38,1.943675
31143,Polk County,Nebraska,wtk,41.173592,-97.55666,1214228,41.17602,-97.566986,0.905443
31143,Polk County,Nebraska,bchrrr,41.173592,-97.55666,1214228,41.17602,-97.566986,0.905443
31143,Polk County,Nebraska,nsrdb,41.173592,-97.55666,683396,41.17,-97.54,1.450531
31145,Red Willow County,Nebraska,wtk,40.206742,-100.592097,1059977,40.215126,-100.58075,1.340722
31145,Red Willow County,Nebraska,bchrrr,40.206742,-100.592097,1059977,40.215126,-100.58075,1.340722
31145,Red Willow County,Nebraska,nsrdb,40.206742,-100.592097,600350,40.21,-100.58,1.089283
31147,Richardson County,Nebraska,wtk,40.099877,-95.669781,1310786,40.092094,-95.67279,0.902486
31147,Richardson County,Nebraska,bchrrr,40.099877,-95.669781,1310786,40.092094,-95.67279,0.902486
31147,Richardson County,Nebraska,nsrdb,40.099877,-95.669781,728026,40.09,-95.66,1.377829
31149,Rock County,Nebraska,wtk,42.536737,-99.499879,1120428,42.54403,-99.497955,0.826124
31149,Rock County,Nebraska,bchrrr,42.536737,-99.499879,1120428,42.54403,-99.497955,0.826124
31149,Rock County,Nebraska,nsrdb,42.536737,-99.499879,629564,42.53,-99.5,0.749187
31151,Saline County,Nebraska,wtk,40.57922,-97.016894,1241840,40.57004,-97.013855,1.052546
31151,Saline County,Nebraska,bchrrr,40.57922,-97.016894,1241840,40.57004,-97.013855,1.052546
31151,Saline County,Nebraska,nsrdb,40.57922,-97.016894,696879,40.57,-97.02,1.058249
31153,Sarpy County,Nebraska,wtk,41.152881,-96.043697,1292033,41.15041,-96.03699,0.62517
31153,Sarpy County,Nebraska,bchrrr,41.152881,-96.043697,1292033,41.15041,-96.03699,0.62517
31153,Sarpy County,Nebraska,nsrdb,41.152881,-96.043697,719145,41.17,-96.06,2.342254
31155,Saunders County,Nebraska,wtk,41.195379,-96.560137,1265702,41.20469,-96.55548,1.106225
31155,Saunders County,Nebraska,bchrrr,41.195379,-96.560137,1265702,41.20469,-96.55548,1.106225
31155,Saunders County,Nebraska,nsrdb,41.195379,-96.560137,707253,41.21,-96.58,2.324788
31157,Scotts Bluff County,Nebraska,wtk,41.865092,-103.680439,931727,41.860733,-103.686615,0.704635
31157,Scotts Bluff County,Nebraska,bchrrr,41.865092,-103.680439,931727,41.860733,-103.686615,0.704635
31157,Scotts Bluff County,Nebraska,nsrdb,41.865092,-103.680439,517572,41.85,-103.7,2.332524
31159,Seward County,Nebraska,wtk,40.875112,-97.102321,1238091,40.866257,-97.09247,1.286704
31159,Seward County,Nebraska,bchrrr,40.875112,-97.102321,1238091,40.866257,-97.09247,1.286704
31159,Seward County,Nebraska,nsrdb,40.875112,-97.102321,694880,40.89,-97.1,1.666932
31161,Sheridan County,Nebraska,wtk,42.70482,-102.403918,989339,42.710148,-102.39993,0.676148
31161,Sheridan County,Nebraska,bchrrr,42.70482,-102.403918,989339,42.710148,-102.39993,0.676148
31161,Sheridan County,Nebraska,nsrdb,42.70482,-102.403918,551198,42.69,-102.42,2.107815
31163,Sherman County,Nebraska,wtk,41.228648,-98.968615,1142724,41.220264,-98.97626,1.130448
31163,Sherman County,Nebraska,bchrrr,41.228648,-98.968615,1142724,41.220264,-98.97626,1.130448
31163,Sherman County,Nebraska,nsrdb,41.228648,-98.968615,643768,41.21,-98.98,2.281763
31165,Sioux County,Nebraska,wtk,42.408761,-103.832971,928616,42.410538,-103.83429,0.225322
31165,Sioux County,Nebraska,bchrrr,42.408761,-103.832971,928616,42.410538,-103.83429,0.225322
31165,Sioux County,Nebraska,nsrdb,42.408761,-103.832971,514430,42.41,-103.82,1.073798
31167,Stanton County,Nebraska,wtk,41.985104,-97.255124,1230613,41.979206,-97.26297,0.922334
31167,Stanton County,Nebraska,bchrrr,41.985104,-97.255124,1230613,41.979206,-97.26297,0.922334
31167,Stanton County,Nebraska,nsrdb,41.985104,-97.255124,690742,41.97,-97.26,1.72718
31169,Thayer County,Nebraska,wtk,40.178259,-97.628077,1209144,40.172516,-97.6384,1.084908
31169,Thayer County,Nebraska,bchrrr,40.178259,-97.628077,1209144,40.172516,-97.6384,1.084908
31169,Thayer County,Nebraska,nsrdb,40.178259,-97.628077,681212,40.17,-97.62,1.146436
31171,Thomas County,Nebraska,wtk,41.967167,-100.565727,1067040,41.964226,-100.56537,0.328354
31171,Thomas County,Nebraska,bchrrr,41.967167,-100.565727,1067040,41.964226,-100.56537,0.328354
31171,Thomas County,Nebraska,nsrdb,41.967167,-100.565727,600306,41.97,-100.58,1.221342
31173,Thurston County,Nebraska,wtk,42.161935,-96.522451,1268261,42.15272,-96.51416,1.231665
31173,Thurston County,Nebraska,bchrrr,42.161935,-96.522451,1268261,42.15272,-96.51416,1.231665
31173,Thurston County,Nebraska,nsrdb,42.161935,-96.522451,708157,42.17,-96.54,1.701816
31175,Valley County,Nebraska,wtk,41.573673,-98.9489,1145238,41.574387,-98.94415,0.403026
31175,Valley County,Nebraska,bchrrr,41.573673,-98.9489,1145238,41.574387,-98.94415,0.403026
31175,Valley County,Nebraska,nsrdb,41.573673,-98.9489,644851,41.57,-98.94,0.845551
31177,Washington County,Nebraska,wtk,41.504598,-96.156622,1285782,41.50325,-96.161255,0.413908
31177,Washington County,Nebraska,bchrrr,41.504598,-96.156622,1285782,41.50325,-96.161255,0.413908
31177,Washington County,Nebraska,nsrdb,41.504598,-96.156622,717341,41.49,-96.14,2.133369
31179,Wayne County,Nebraska,wtk,42.223618,-97.056277,1240674,42.223057,-97.06726,0.906526
31179,Wayne County,Nebraska,bchrrr,42.223618,-97.056277,1240674,42.223057,-97.06726,0.906526
31179,Wayne County,Nebraska,nsrdb,42.223618,-97.056277,695847,42.21,-97.06,1.544982
31181,Webster County,Nebraska,wtk,40.195861,-98.486595,1165180,40.19287,-98.48901,0.390753
31181,Webster County,Nebraska,bchrrr,40.195861,-98.486595,1165180,40.19287,-98.48901,0.390753
31181,Webster County,Nebraska,nsrdb,40.195861,-98.486595,656941,40.21,-98.5,1.941088
31183,Wheeler County,Nebraska,wtk,41.885212,-98.54539,1166522,41.88238,-98.53467,0.941667
31183,Wheeler County,Nebraska,bchrrr,41.885212,-98.54539,1166522,41.88238,-98.53467,0.941667
31183,Wheeler County,Nebraska,nsrdb,41.885212,-98.54539,655801,41.89,-98.54,0.694645
31185,York County,Nebraska,wtk,40.863483,-97.604993,1211696,40.859673,-97.60791,0.489549
31185,York County,Nebraska,bchrrr,40.863483,-97.604993,1211696,40.859673,-97.60791,0.489549
31185,York County,Nebraska,nsrdb,40.863483,-97.604993,681195,40.85,-97.62,1.959765
32001,Churchill County,Nevada,wtk,39.474491,-118.796022,316257,39.47343,-118.8038,0.677953
32001,Churchill County,Nevada,bchrrr,39.474491,-118.796022,316257,39.47343,-118.8038,0.677953
32001,Churchill County,Nevada,nsrdb,39.474491,-118.796022,195038,39.49,-118.78,2.205619
32003,Clark County,Nevada,wtk,36.141143,-115.152944,412113,36.136745,-115.15546,0.538705
32003,Clark County,Nevada,bchrrr,36.141143,-115.152944,412113,36.136745,-115.15546,0.538705
32003,Clark County,Nevada,nsrdb,36.141143,-115.152944,260507,36.13,-115.14,1.698958
32005,Douglas County,Nevada,wtk,38.957442,-119.756278,274992,38.963223,-119.75423,0.666762
32005,Douglas County,Nevada,bchrrr,38.957442,-119.756278,274992,38.963223,-119.75423,0.666762
32005,Douglas County,Nevada,nsrdb,38.957442,-119.756278,179186,38.97,-119.74,1.982579
32007,Elko County,Nevada,wtk,40.856302,-115.53425,455823,40.862793,-115.52425,1.108244
32007,Elko County,Nevada,bchrrr,40.856302,-115.53425,455823,40.862793,-115.52425,1.108244
32007,Elko County,Nevada,nsrdb,40.856302,-115.53425,252519,40.85,-115.54,0.851431
32009,Esmeralda County,Nevada,wtk,37.704407,-117.6706,334681,37.707584,-117.667755,0.432942
32009,Esmeralda County,Nevada,bchrrr,37.704407,-117.6706,334681,37.707584,-117.667755,0.432942
32009,Esmeralda County,Nevada,nsrdb,37.704407,-117.6706,214289,37.69,-117.66,1.853686
32011,Eureka County,Nevada,wtk,39.946993,-116.210708,418890,39.94778,-116.20009,0.909362
32011,Eureka County,Nevada,bchrrr,39.946993,-116.210708,418890,39.94778,-116.20009,0.909362
32011,Eureka County,Nevada,nsrdb,39.946993,-116.210708,239689,39.93,-116.22,2.048889
32013,Humboldt County,Nevada,wtk,41.017541,-117.744407,376217,41.01722,-117.73872,0.47846
32013,Humboldt County,Nevada,bchrrr,41.017541,-117.744407,376217,41.01722,-117.73872,0.47846
32013,Humboldt County,Nevada,nsrdb,41.017541,-117.744407,212863,41.01,-117.74,0.916428
32015,Lander County,Nevada,wtk,40.498605,-116.949449,398346,40.507816,-116.945404,1.079809
32015,Lander County,Nevada,bchrrr,40.498605,-116.949449,398346,40.507816,-116.945404,1.079809
32015,Lander County,Nevada,nsrdb,40.498605,-116.949449,226647,40.49,-116.94,1.246576
32017,Lincoln County,Nevada,wtk,37.710091,-114.625711,451841,37.714676,-114.634674,0.938912
32017,Lincoln County,Nevada,bchrrr,37.710091,-114.625711,451841,37.714676,-114.634674,0.938912
32017,Lincoln County,Nevada,nsrdb,37.710091,-114.625711,270958,37.73,-114.62,2.270057
32019,Lyon County,Nevada,wtk,39.355756,-119.327028,295478,39.352394,-119.33246,0.598237
32019,Lyon County,Nevada,bchrrr,39.355756,-119.327028,295478,39.352394,-119.33246,0.598237
32019,Lyon County,Nevada,nsrdb,39.355756,-119.327028,185848,39.37,-119.34,1.937084
32021,Mineral County,Nevada,wtk,38.601617,-118.643627,309782,38.602074,-118.6503,0.582099
32021,Mineral County,Nevada,bchrrr,38.601617,-118.643627,309782,38.602074,-118.6503,0.582099
32021,Mineral County,Nevada,nsrdb,38.601617,-118.643627,197096,38.61,-118.66,1.700891
32023,Nye County,Nevada,wtk,36.414297,-116.128463,376874,36.413002,-116.13489,0.59287
32023,Nye County,Nevada,bchrrr,36.414297,-116.128463,376874,36.413002,-116.13489,0.59287
32023,Nye County,Nevada,nsrdb,36.414297,-116.128463,241267,36.41,-116.14,1.137609
32027,Pershing County,Nevada,wtk,40.334659,-118.29339,346811,40.337925,-118.29971,0.647178
32027,Pershing County,Nevada,bchrrr,40.334659,-118.29339,346811,40.337925,-118.29971,0.647178
32027,Pershing County,Nevada,nsrdb,40.334659,-118.29339,203331,40.33,-118.3,0.763093
32029,Storey County,Nevada,wtk,39.389829,-119.622436,285706,39.382168,-119.619354,0.892094
32029,Storey County,Nevada,bchrrr,39.389829,-119.622436,285706,39.382168,-119.619354,0.892094
32029,Storey County,Nevada,nsrdb,39.389829,-119.622436,181177,39.37,-119.62,2.214806
32031,Washoe County,Nevada,wtk,39.534486,-119.793514,281259,39.532303,-119.80409,0.938914
32031,Washoe County,Nevada,bchrrr,39.534486,-119.793514,281259,39.532303,-119.80409,0.938914
32031,Washoe County,Nevada,nsrdb,39.534486,-119.793514,178516,39.53,-119.78,1.261763
32033,White Pine County,Nevada,wtk,39.278318,-114.875499,461455,39.28617,-114.87088,0.959353
32033,White Pine County,Nevada,bchrrr,39.278318,-114.875499,461455,39.28617,-114.87088,0.959353
32033,White Pine County,Nevada,nsrdb,39.278318,-114.875499,266050,39.29,-114.86,1.861926
32510,Carson City,Nevada,wtk,39.166096,-119.754081,277677,39.156467,-119.75552,1.077862
32510,Carson City,Nevada,bchrrr,39.166096,-119.754081,277677,39.156467,-119.75552,1.077862
32510,Carson City,Nevada,nsrdb,39.166096,-119.754081,179181,39.17,-119.74,1.289197
33001,Belknap County,New Hampshire,wtk,43.518189,-71.439602,2349837,43.52146,-71.44568,0.610302
33001,Belknap County,New Hampshire,bchrrr,43.518189,-71.439602,2349837,43.52146,-71.44568,0.610302
33001,Belknap County,New Hampshire,nsrdb,43.518189,-71.439602,1327798,43.53,-71.42,2.054891
33003,Carroll County,New Hampshire,wtk,43.810005,-71.170059,2355204,43.806854,-71.1579,1.036701
33003,Carroll County,New Hampshire,bchrrr,43.810005,-71.170059,2355204,43.806854,-71.1579,1.036701
33003,Carroll County,New Hampshire,nsrdb,43.810005,-71.170059,1335680,43.81,-71.18,0.797693
33005,Cheshire County,New Hampshire,wtk,42.89795,-72.260673,2331813,42.908855,-72.26874,1.379162
33005,Cheshire County,New Hampshire,bchrrr,42.89795,-72.260673,2331813,42.908855,-72.26874,1.379162
33005,Cheshire County,New Hampshire,nsrdb,42.89795,-72.260673,1300373,42.89,-72.26,0.885699
33007,Coos County,New Hampshire,wtk,44.544519,-71.363677,2338011,44.54102,-71.37634,1.076345
33007,Coos County,New Hampshire,bchrrr,44.544519,-71.363677,2338011,44.54102,-71.37634,1.076345
33007,Coos County,New Hampshire,nsrdb,44.544519,-71.363677,1329085,44.53,-71.38,2.068866
33009,Grafton County,New Hampshire,wtk,43.837441,-71.95679,2329206,43.83266,-71.95834,0.545967
33009,Grafton County,New Hampshire,bchrrr,43.837441,-71.95679,2329206,43.83266,-71.95834,0.545967
33009,Grafton County,New Hampshire,nsrdb,43.837441,-71.95679,1310702,43.85,-71.94,1.939926
33011,Hillsborough County,New Hampshire,wtk,42.879415,-71.531593,2356059,42.87882,-71.536835,0.432226
33011,Hillsborough County,New Hampshire,bchrrr,42.879415,-71.531593,2356059,42.87882,-71.536835,0.432226
33011,Hillsborough County,New Hampshire,nsrdb,42.879415,-71.531593,1323871,42.89,-71.54,1.361802
33013,Merrimack County,New Hampshire,wtk,43.244052,-71.586922,2348967,43.243042,-71.593445,0.540166
33013,Merrimack County,New Hampshire,bchrrr,43.244052,-71.586922,2348967,43.243042,-71.593445,0.540166
33013,Merrimack County,New Hampshire,nsrdb,43.244052,-71.586922,1322547,43.25,-71.58,0.867042
33015,Rockingham County,New Hampshire,wtk,42.937485,-71.105712,2369811,42.93601,-71.11209,0.5445
33015,Rockingham County,New Hampshire,bchrrr,42.937485,-71.105712,2369811,42.93601,-71.11209,0.5445
33015,Rockingham County,New Hampshire,nsrdb,42.937485,-71.105712,1338325,42.93,-71.1,0.953392
33017,Strafford County,New Hampshire,wtk,43.246141,-70.954408,2370733,43.24912,-70.94708,0.679707
33017,Strafford County,New Hampshire,bchrrr,43.246141,-70.954408,2370733,43.24912,-70.94708,0.679707
33017,Strafford County,New Hampshire,nsrdb,43.246141,-70.954408,1343537,43.25,-70.94,1.243351
33019,Sullivan County,New Hampshire,wtk,43.370228,-72.256427,2325628,43.374096,-72.26068,0.550602
33019,Sullivan County,New Hampshire,bchrrr,43.370228,-72.256427,2325628,43.374096,-72.26068,0.550602
33019,Sullivan County,New Hampshire,nsrdb,43.370228,-72.256427,1300361,43.37,-72.26,0.289921
34001,Atlantic County,New Jersey,wtk,39.428155,-74.584816,2296723,39.4304,-74.58331,0.281154
34001,Atlantic County,New Jersey,bchrrr,39.428155,-74.584816,2296723,39.4304,-74.58331,0.281154
34001,Atlantic County,New Jersey,nsrdb,39.428155,-74.584816,1225980,39.41,-74.58,2.0607
34003,Bergen County,New Jersey,wtk,40.916919,-74.056838,2295865,40.918575,-74.06799,0.954964
34003,Bergen County,New Jersey,bchrrr,40.916919,-74.056838,2295865,40.918575,-74.06799,0.954964
34003,Bergen County,New Jersey,nsrdb,40.916919,-74.056838,1242678,40.93,-74.06,1.478605
34005,Burlington County,New Jersey,wtk,39.98374,-74.836619,2279803,39.982925,-74.83707,0.098434
34005,Burlington County,New Jersey,bchrrr,39.98374,-74.836619,2279803,39.982925,-74.83707,0.098434
34005,Burlington County,New Jersey,nsrdb,39.98374,-74.836619,1218303,39.97,-74.82,2.083159
34007,Camden County,New Jersey,wtk,39.863129,-75.026405,2274151,39.86866,-75.027405,0.620914
34007,Camden County,New Jersey,bchrrr,39.863129,-75.026405,2274151,39.86866,-75.027405,0.620914
34007,Camden County,New Jersey,nsrdb,39.863129,-75.026405,1211795,39.85,-75.02,1.558896
34009,Cape May County,New Jersey,wtk,39.09688,-74.806794,2292936,39.092594,-74.80139,0.6668
34009,Cape May County,New Jersey,bchrrr,39.09688,-74.806794,2292936,39.092594,-74.80139,0.6668
34009,Cape May County,New Jersey,nsrdb,39.09688,-74.806794,1218325,39.09,-74.82,1.37264
34011,Cumberland County,New Jersey,wtk,39.431713,-75.089607,2277890,39.419918,-75.0838,1.403186
34011,Cumberland County,New Jersey,bchrrr,39.431713,-75.089607,2277890,39.419918,-75.0838,1.403186
34011,Cumberland County,New Jersey,nsrdb,39.431713,-75.089607,1209182,39.45,-75.1,2.220664
34013,Essex County,New Jersey,wtk,40.76792,-74.216057,2292089,40.777687,-74.22208,1.198636
34013,Essex County,New Jersey,bchrrr,40.76792,-74.216057,2292089,40.777687,-74.22208,1.198636
34013,Essex County,New Jersey,nsrdb,40.76792,-74.216057,1237557,40.77,-74.22,0.404664
34015,Gloucester County,New Jersey,wtk,39.748758,-75.130325,2272263,39.7529,-75.117676,1.175364
34015,Gloucester County,New Jersey,bchrrr,39.748758,-75.130325,2272263,39.7529,-75.117676,1.175364
34015,Gloucester County,New Jersey,nsrdb,39.748758,-75.130325,1207862,39.73,-75.14,2.243859
34017,Hudson County,New Jersey,wtk,40.741644,-74.061436,2298681,40.742653,-74.056885,0.399489
34017,Hudson County,New Jersey,bchrrr,40.741644,-74.061436,2298681,40.742653,-74.056885,0.399489
34017,Hudson County,New Jersey,nsrdb,40.741644,-74.061436,1242683,40.73,-74.06,1.300396
34019,Hunterdon County,New Jersey,wtk,40.572604,-74.895967,2269488,40.57334,-74.90503,0.769836
34019,Hunterdon County,New Jersey,bchrrr,40.572604,-74.895967,2269488,40.57334,-74.90503,0.769836
34019,Hunterdon County,New Jersey,nsrdb,40.572604,-74.895967,1215694,40.57,-74.9,0.447076
34021,Mercer County,New Jersey,wtk,40.255387,-74.699442,2281701,40.25954,-74.68857,1.031701
34021,Mercer County,New Jersey,bchrrr,40.255387,-74.699442,2281701,40.25954,-74.68857,1.031701
34021,Mercer County,New Jersey,nsrdb,40.255387,-74.699442,1222119,40.25,-74.7,0.600877
34023,Middlesex County,New Jersey,wtk,40.484412,-74.388539,2290189,40.483646,-74.38049,0.68604
34023,Middlesex County,New Jersey,bchrrr,40.484412,-74.388539,2290189,40.483646,-74.38049,0.68604
34023,Middlesex County,New Jersey,nsrdb,40.484412,-74.388539,1232388,40.49,-74.38,0.952665
34025,Monmouth County,New Jersey,wtk,40.291181,-74.148586,2301483,40.29884,-74.14462,0.915661
34025,Monmouth County,New Jersey,bchrrr,40.291181,-74.148586,2301483,40.29884,-74.14462,0.915661
34025,Monmouth County,New Jersey,nsrdb,40.291181,-74.148586,1240130,40.29,-74.14,0.739983
34027,Morris County,New Jersey,wtk,40.859147,-74.50029,2280793,40.855053,-74.49921,0.464206
34027,Morris County,New Jersey,bchrrr,40.859147,-74.50029,2280793,40.855053,-74.49921,0.464206
34027,Morris County,New Jersey,nsrdb,40.859147,-74.50029,1228508,40.85,-74.5,1.017394
34029,Ocean County,New Jersey,wtk,39.978587,-74.215865,2303350,39.985233,-74.20892,0.946718
34029,Ocean County,New Jersey,bchrrr,39.978587,-74.215865,2303350,39.985233,-74.20892,0.946718
34029,Ocean County,New Jersey,nsrdb,39.978587,-74.215865,1237577,39.97,-74.22,1.017771
34031,Passaic County,New Jersey,wtk,40.923998,-74.189924,2291156,40.92574,-74.19293,0.31828
34031,Passaic County,New Jersey,bchrrr,40.923998,-74.189924,2291156,40.92574,-74.19293,0.31828
34031,Passaic County,New Jersey,nsrdb,40.923998,-74.189924,1238833,40.93,-74.18,1.067962
34033,Salem County,New Jersey,wtk,39.627242,-75.378239,2263796,39.634426,-75.38272,0.88622
34033,Salem County,New Jersey,bchrrr,39.627242,-75.378239,2263796,39.634426,-75.38272,0.88622
34033,Salem County,New Jersey,nsrdb,39.627242,-75.378239,1199939,39.61,-75.38,1.92315
34035,Somerset County,New Jersey,wtk,40.559938,-74.578372,2281718,40.563774,-74.579346,0.434408
34035,Somerset County,New Jersey,bchrrr,40.559938,-74.578372,2281718,40.563774,-74.579346,0.434408
34035,Somerset County,New Jersey,nsrdb,40.559938,-74.578372,1225951,40.57,-74.58,1.127265
34037,Sussex County,New Jersey,wtk,41.090468,-74.655394,2271398,41.101116,-74.66489,1.426562
34037,Sussex County,New Jersey,bchrrr,41.090468,-74.655394,2271398,41.101116,-74.66489,1.426562
34037,Sussex County,New Jersey,nsrdb,41.090468,-74.655394,1223374,41.09,-74.66,0.389498
34039,Union County,New Jersey,wtk,40.659355,-74.293682,2291141,40.6575,-74.29166,0.267652
34039,Union County,New Jersey,bchrrr,40.659355,-74.293682,2291141,40.6575,-74.29166,0.267652
34039,Union County,New Jersey,nsrdb,40.659355,-74.293682,1234973,40.65,-74.3,1.16882
34041,Warren County,New Jersey,wtk,40.794646,-75.014736,2262921,40.786324,-75.00687,1.137902
34041,Warren County,New Jersey,bchrrr,40.794646,-75.014736,2262921,40.786324,-75.00687,1.137902
34041,Warren County,New Jersey,nsrdb,40.794646,-75.014736,1211771,40.81,-75.02,1.763846
35001,Bernalillo County,New Mexico,wtk,35.109459,-106.617774,759013,35.105152,-106.617645,0.479061
35001,Bernalillo County,New Mexico,bchrrr,35.109459,-106.617774,759013,35.105152,-106.617645,0.479061
35001,Bernalillo County,New Mexico,nsrdb,35.109459,-106.617774,444596,35.09,-106.62,2.173201
35003,Catron County,New Mexico,wtk,33.95871,-108.530725,670037,33.95207,-108.52371,0.981718
35003,Catron County,New Mexico,bchrrr,33.95871,-108.530725,670037,33.95207,-108.52371,0.981718
35003,Catron County,New Mexico,nsrdb,33.95871,-108.530725,401346,33.97,-108.54,1.519103
35005,Chaves County,New Mexico,wtk,33.365664,-104.514755,843158,33.362034,-104.51614,0.423637
35005,Chaves County,New Mexico,bchrrr,33.365664,-104.514755,843158,33.362034,-104.51614,0.423637
35005,Chaves County,New Mexico,nsrdb,33.365664,-104.514755,497080,33.37,-104.5,1.452579
35006,Cibola County,New Mexico,wtk,35.107008,-107.818775,708833,35.114685,-107.818634,0.853741
35006,Cibola County,New Mexico,bchrrr,35.107008,-107.818775,708833,35.114685,-107.818634,0.853741
35006,Cibola County,New Mexico,nsrdb,35.107008,-107.818775,417278,35.09,-107.82,1.894487
35007,Colfax County,New Mexico,wtk,36.698077,-104.655873,857352,36.703228,-104.66298,0.85412
35007,Colfax County,New Mexico,bchrrr,36.698077,-104.655873,857352,36.703228,-104.66298,0.85412
35007,Colfax County,New Mexico,nsrdb,36.698077,-104.655873,492887,36.69,-104.66,0.970578
35009,Curry County,New Mexico,wtk,34.421081,-103.213233,913498,34.423317,-103.20529,0.769822
35009,Curry County,New Mexico,bchrrr,34.421081,-103.213233,913498,34.423317,-103.20529,0.769822
35009,Curry County,New Mexico,nsrdb,34.421081,-103.213233,530338,34.41,-103.22,1.379684
35011,De Baca County,New Mexico,wtk,34.460688,-104.247999,862643,34.467873,-104.257965,1.213705
35011,De Baca County,New Mexico,bchrrr,34.460688,-104.247999,862643,34.467873,-104.257965,1.213705
35011,De Baca County,New Mexico,nsrdb,34.460688,-104.247999,503237,34.45,-104.26,1.619624
35013,Dona Ana County,New Mexico,wtk,32.24837,-106.729002,734136,32.239285,-106.73093,1.026351
35013,Dona Ana County,New Mexico,bchrrr,32.24837,-106.729002,734136,32.239285,-106.73093,1.026351
35013,Dona Ana County,New Mexico,nsrdb,32.24837,-106.729002,441847,32.25,-106.74,1.050031
35015,Eddy County,New Mexico,wtk,32.538148,-104.288818,849575,32.54084,-104.28226,0.68375
35015,Eddy County,New Mexico,bchrrr,32.538148,-104.288818,849575,32.54084,-104.28226,0.68375
35015,Eddy County,New Mexico,nsrdb,32.538148,-104.288818,502253,32.53,-104.3,1.38554
35017,Grant County,New Mexico,wtk,32.78106,-108.243231,672809,32.789856,-108.24051,1.010607
35017,Grant County,New Mexico,bchrrr,32.78106,-108.243231,672809,32.789856,-108.24051,1.010607
35017,Grant County,New Mexico,nsrdb,32.78106,-108.243231,407537,32.77,-108.26,1.99258
35019,Guadalupe County,New Mexico,wtk,34.932588,-104.764454,841095,34.938732,-104.767,0.721528
35019,Guadalupe County,New Mexico,bchrrr,34.932588,-104.764454,841095,34.938732,-104.767,0.721528
35019,Guadalupe County,New Mexico,nsrdb,34.932588,-104.764454,489852,34.93,-104.78,1.446128
35021,Harding County,New Mexico,wtk,35.853043,-103.978963,884497,35.85463,-103.97974,0.189853
35021,Harding County,New Mexico,bchrrr,35.853043,-103.978963,884497,35.85463,-103.97974,0.189853
35021,Harding County,New Mexico,nsrdb,35.853043,-103.978963,510438,35.85,-103.98,0.351037
35023,Hidalgo County,New Mexico,wtk,32.286524,-108.771211,644842,32.277016,-108.77753,1.2127
35023,Hidalgo County,New Mexico,bchrrr,32.286524,-108.771211,644842,32.277016,-108.77753,1.2127
35023,Hidalgo County,New Mexico,nsrdb,32.286524,-108.771211,396148,32.29,-108.78,0.912118
35025,Lea County,New Mexico,wtk,32.75172,-103.190627,904923,32.757027,-103.200745,1.115121
35025,Lea County,New Mexico,bchrrr,32.75172,-103.190627,904923,32.757027,-103.200745,1.115121
35025,Lea County,New Mexico,nsrdb,32.75172,-103.190627,531429,32.77,-103.18,2.262545
35027,Lincoln County,New Mexico,wtk,33.419573,-105.631123,791249,33.422028,-105.62302,0.800043
35027,Lincoln County,New Mexico,bchrrr,33.419573,-105.631123,791249,33.422028,-105.62302,0.800043
35027,Lincoln County,New Mexico,nsrdb,33.419573,-105.631123,468523,33.41,-105.62,1.482873
35028,Los Alamos County,New Mexico,wtk,35.869176,-106.272334,779493,35.86484,-106.26268,0.994599
35028,Los Alamos County,New Mexico,bchrrr,35.869176,-106.272334,779493,35.86484,-106.26268,0.994599
35028,Los Alamos County,New Mexico,nsrdb,35.869176,-106.272334,453116,35.85,-106.26,2.404597
35029,Luna County,New Mexico,wtk,32.223032,-107.741903,689790,32.227764,-107.747665,0.755404
35029,Luna County,New Mexico,bchrrr,32.223032,-107.741903,689790,32.227764,-107.747665,0.755404
35029,Luna County,New Mexico,nsrdb,32.223032,-107.741903,419141,32.21,-107.74,1.460111
35031,McKinley County,New Mexico,wtk,35.513229,-108.634117,677687,35.51203,-108.64407,0.910672
35031,McKinley County,New Mexico,bchrrr,35.513229,-108.634117,677687,35.51203,-108.64407,0.910672
35031,McKinley County,New Mexico,nsrdb,35.513229,-108.634117,399557,35.53,-108.62,2.260521
35033,Mora County,New Mexico,wtk,36.004175,-105.237067,826198,36.003952,-105.232056,0.451441
35033,Mora County,New Mexico,bchrrr,36.004175,-105.237067,826198,36.003952,-105.232056,0.451441
35033,Mora County,New Mexico,nsrdb,36.004175,-105.237067,478567,36.01,-105.22,1.666232
35035,Otero County,New Mexico,wtk,32.778518,-105.999703,769532,32.776604,-106.00992,0.978615
35035,Otero County,New Mexico,bchrrr,32.778518,-105.999703,769532,32.776604,-106.00992,0.978615
35035,Otero County,New Mexico,nsrdb,32.778518,-105.999703,459842,32.77,-105.98,2.071348
35037,Quay County,New Mexico,wtk,35.178328,-103.662243,895353,35.178497,-103.67175,0.864264
35037,Quay County,New Mexico,bchrrr,35.178328,-103.662243,895353,35.178497,-103.67175,0.864264
35037,Quay County,New Mexico,nsrdb,35.178328,-103.662243,518785,35.17,-103.66,0.948208
35039,Rio Arriba County,New Mexico,wtk,36.203975,-106.206243,784451,36.204666,-106.20212,0.377832
35039,Rio Arriba County,New Mexico,bchrrr,36.203975,-106.206243,784451,36.204666,-106.20212,0.377832
35039,Rio Arriba County,New Mexico,nsrdb,36.203975,-106.206243,454056,36.21,-106.22,1.404402
35041,Roosevelt County,New Mexico,wtk,34.168551,-103.347538,905001,34.173332,-103.3555,0.905082
35041,Roosevelt County,New Mexico,bchrrr,34.168551,-103.347538,905001,34.173332,-103.3555,0.905082
35041,Roosevelt County,New Mexico,nsrdb,34.168551,-103.347538,527195,34.17,-103.34,0.711973
35043,Sandoval County,New Mexico,wtk,35.319676,-106.649293,759025,35.32323,-106.65332,0.538198
35043,Sandoval County,New Mexico,bchrrr,35.319676,-106.649293,759025,35.32323,-106.65332,0.538198
35043,Sandoval County,New Mexico,nsrdb,35.319676,-106.649293,443647,35.33,-106.66,1.503798
35045,San Juan County,New Mexico,wtk,36.723988,-108.220028,705146,36.720467,-108.210175,0.961498
35045,San Juan County,New Mexico,bchrrr,36.723988,-108.220028,705146,36.720467,-108.210175,0.961498
35045,San Juan County,New Mexico,nsrdb,36.723988,-108.220028,408323,36.73,-108.22,0.668509
35047,San Miguel County,New Mexico,wtk,35.576344,-105.307861,819811,35.57163,-105.306854,0.532027
35047,San Miguel County,New Mexico,bchrrr,35.576344,-105.307861,819811,35.57163,-105.306854,0.532027
35047,San Miguel County,New Mexico,nsrdb,35.576344,-105.307861,476543,35.57,-105.3,1.00155
35049,Santa Fe County,New Mexico,wtk,35.632633,-106.004688,789382,35.63296,-105.998245,0.583425
35049,Santa Fe County,New Mexico,bchrrr,35.632633,-106.004688,789382,35.63296,-105.998245,0.583425
35049,Santa Fe County,New Mexico,nsrdb,35.632633,-106.004688,458819,35.65,-106.02,2.375675
35051,Sierra County,New Mexico,wtk,33.106953,-107.281694,716270,33.11048,-107.28848,0.743843
35051,Sierra County,New Mexico,bchrrr,33.106953,-107.281694,716270,33.11048,-107.28848,0.743843
35051,Sierra County,New Mexico,nsrdb,33.106953,-107.281694,429020,33.09,-107.3,2.541928
35053,Socorro County,New Mexico,wtk,34.154885,-106.960427,738011,34.16233,-106.95621,0.914269
35053,Socorro County,New Mexico,bchrrr,34.154885,-106.960427,738011,34.16233,-106.95621,0.914269
35053,Socorro County,New Mexico,nsrdb,34.154885,-106.960427,436255,34.17,-106.98,2.463322
35055,Taos County,New Mexico,wtk,36.435102,-105.607861,811500,36.430237,-105.615845,0.896004
35055,Taos County,New Mexico,bchrrr,36.435102,-105.607861,811500,36.430237,-105.615845,0.896004
35055,Taos County,New Mexico,nsrdb,36.435102,-105.607861,468447,36.45,-105.62,1.980742
35057,Torrance County,New Mexico,wtk,34.870562,-106.102641,779438,34.864082,-106.10574,0.774029
35057,Torrance County,New Mexico,bchrrr,34.870562,-106.102641,779438,34.864082,-106.10574,0.774029
35057,Torrance County,New Mexico,nsrdb,34.870562,-106.102641,456941,34.89,-106.1,2.174794
35059,Union County,New Mexico,wtk,36.468187,-103.266172,920959,36.463135,-103.27402,0.898944
35059,Union County,New Mexico,bchrrr,36.468187,-103.266172,920959,36.463135,-103.27402,0.898944
35059,Union County,New Mexico,nsrdb,36.468187,-103.266172,529237,36.45,-103.26,2.096281
35061,Valencia County,New Mexico,wtk,34.755707,-106.722801,752261,34.76127,-106.71925,0.698479
35061,Valencia County,New Mexico,bchrrr,34.755707,-106.722801,752261,34.76127,-106.71925,0.698479
35061,Valencia County,New Mexico,nsrdb,34.755707,-106.722801,441784,34.77,-106.74,2.234792
36001,Albany County,New York,wtk,42.680588,-73.811604,2280895,42.680714,-73.81436,0.225723
36001,Albany County,New York,bchrrr,42.680588,-73.811604,2280895,42.680714,-73.81436,0.225723
36001,Albany County,New York,nsrdb,42.680588,-73.811604,1250312,42.69,-73.82,1.25151
36003,Allegany County,New York,wtk,42.228677,-78.02081,2110901,42.22933,-78.03119,0.857727
36003,Allegany County,New York,bchrrr,42.228677,-78.02081,2110901,42.22933,-78.03119,0.857727
36003,Allegany County,New York,nsrdb,42.228677,-78.02081,1113921,42.21,-78.02,2.077861
36005,Bronx County,New York,wtk,40.849396,-73.882269,2303399,40.860355,-73.88559,1.250187
36005,Bronx County,New York,bchrrr,40.849396,-73.882269,2303399,40.860355,-73.88559,1.250187
36005,Bronx County,New York,nsrdb,40.849396,-73.882269,1247804,40.85,-73.9,1.492885
36007,Broome County,New York,wtk,42.120759,-75.936267,2205270,42.119118,-75.92444,0.992388
36007,Broome County,New York,bchrrr,42.120759,-75.936267,2205270,42.119118,-75.92444,0.992388
36007,Broome County,New York,nsrdb,42.120759,-75.936267,1180948,42.13,-75.94,1.072682
36009,Cattaraugus County,New York,wtk,42.223697,-78.608548,2086463,42.228237,-78.59778,1.020281
36009,Cattaraugus County,New York,bchrrr,42.223697,-78.608548,2086463,42.228237,-78.59778,1.020281
36009,Cattaraugus County,New York,nsrdb,42.223697,-78.608548,1097503,42.21,-78.62,1.791389
36011,Cayuga County,New York,wtk,42.938915,-76.56075,2164742,42.94557,-76.55298,0.973461
36011,Cayuga County,New York,bchrrr,42.938915,-76.56075,2164742,42.94557,-76.55298,0.973461
36011,Cayuga County,New York,nsrdb,42.938915,-76.56075,1159476,42.93,-76.58,1.854345
36013,Chautauqua County,New York,wtk,42.245034,-79.314818,2055542,42.247375,-79.31174,0.363252
36013,Chautauqua County,New York,bchrrr,42.245034,-79.314818,2055542,42.247375,-79.31174,0.363252
36013,Chautauqua County,New York,nsrdb,42.245034,-79.314818,1080828,42.25,-79.3,1.338873
36015,Chemung County,New York,wtk,42.120554,-76.813822,2165844,42.110252,-76.80594,1.317165
36015,Chemung County,New York,bchrrr,42.120554,-76.813822,2165844,42.110252,-76.80594,1.317165
36015,Chemung County,New York,nsrdb,42.120554,-76.813822,1151716,42.13,-76.82,1.167403
36017,Chenango County,New York,wtk,42.48098,-75.568785,2215739,42.473347,-75.566925,0.862351
36017,Chenango County,New York,bchrrr,42.48098,-75.568785,2215739,42.473347,-75.566925,0.862351
36017,Chenango County,New York,nsrdb,42.48098,-75.568785,1193134,42.49,-75.58,1.360772
36019,Clinton County,New York,wtk,44.72994,-73.542832,2262201,44.734108,-73.53696,0.655709
36019,Clinton County,New York,bchrrr,44.72994,-73.542832,2262201,44.734108,-73.53696,0.655709
36019,Clinton County,New York,nsrdb,44.72994,-73.542832,1259125,44.73,-73.54,0.223817
36021,Columbia County,New York,wtk,42.274439,-73.680325,2291231,42.26685,-73.68594,0.962057
36021,Columbia County,New York,bchrrr,42.274439,-73.680325,2291231,42.26685,-73.68594,0.962057
36021,Columbia County,New York,nsrdb,42.274439,-73.680325,1254123,42.29,-73.7,2.369348
36023,Cortland County,New York,wtk,42.595471,-76.14622,2187853,42.60249,-76.14746,0.78705
36023,Cortland County,New York,bchrrr,42.595471,-76.14622,2187853,42.60249,-76.14746,0.78705
36023,Cortland County,New York,nsrdb,42.595471,-76.14622,1174227,42.61,-76.14,1.693866
36025,Delaware County,New York,wtk,42.248713,-74.996154,2243797,42.246502,-74.99725,0.261881
36025,Delaware County,New York,bchrrr,42.248713,-74.996154,2243797,42.246502,-74.99725,0.261881
36025,Delaware County,New York,nsrdb,42.248713,-74.996154,1213043,42.25,-74.98,1.337306
36027,Dutchess County,New York,wtk,41.678073,-73.841508,2294023,41.67946,-73.83322,0.705384
36027,Dutchess County,New York,bchrrr,41.678073,-73.841508,2294023,41.67946,-73.83322,0.705384
36027,Dutchess County,New York,nsrdb,41.678073,-73.841508,1249059,41.69,-73.86,2.029049
36029,Erie County,New York,wtk,42.891147,-78.792721,2069853,42.887657,-78.78906,0.489446
36029,Erie County,New York,bchrrr,42.891147,-78.792721,2069853,42.887657,-78.78906,0.489446
36029,Erie County,New York,nsrdb,42.891147,-78.792721,1093438,42.89,-78.78,1.044168
36031,Essex County,New York,wtk,44.168429,-73.676595,2264988,44.163742,-73.68494,0.845382
36031,Essex County,New York,bchrrr,44.168429,-73.676595,2264988,44.163742,-73.68494,0.845382
36031,Essex County,New York,nsrdb,44.168429,-73.676595,1255336,44.17,-73.66,1.335071
36033,Franklin County,New York,wtk,44.717734,-74.351583,2232048,44.72475,-74.35803,0.931708
36033,Franklin County,New York,bchrrr,44.717734,-74.351583,2232048,44.72475,-74.35803,0.931708
36033,Franklin County,New York,nsrdb,44.717734,-74.351583,1233577,44.73,-74.34,1.642469
36035,Fulton County,New York,wtk,43.058598,-74.329846,2257410,43.057312,-74.329285,0.150085
36035,Fulton County,New York,bchrrr,43.058598,-74.329846,2257410,43.057312,-74.329285,0.150085
36035,Fulton County,New York,nsrdb,43.058598,-74.329846,1233619,43.05,-74.34,1.262816
36037,Genesee County,New York,wtk,42.998895,-78.171037,2094278,42.99863,-78.182465,0.929844
36037,Genesee County,New York,bchrrr,42.998895,-78.171037,2094278,42.99863,-78.182465,0.929844
36037,Genesee County,New York,nsrdb,42.998895,-78.171037,1109339,43.01,-78.18,1.433875
36039,Greene County,New York,wtk,42.298258,-73.978799,2279933,42.309956,-73.983,1.345858
36039,Greene County,New York,bchrrr,42.298258,-73.978799,2279933,42.309956,-73.983,1.345858
36039,Greene County,New York,nsrdb,42.298258,-73.978799,1245206,42.29,-73.98,0.923547
36041,Hamilton County,New York,wtk,43.612736,-74.385627,2247899,43.609272,-74.38455,0.394819
36041,Hamilton County,New York,bchrrr,43.612736,-74.385627,2247899,43.609272,-74.38455,0.394819
36041,Hamilton County,New York,nsrdb,43.612736,-74.385627,1232310,43.61,-74.38,0.545699
36043,Herkimer County,New York,wtk,43.071299,-74.994893,2231956,43.072155,-74.98386,0.901228
36043,Herkimer County,New York,bchrrr,43.071299,-74.994893,2231956,43.072155,-74.98386,0.901228
36043,Herkimer County,New York,nsrdb,43.071299,-74.994893,1213022,43.09,-74.98,2.405653
36045,Jefferson County,New York,wtk,44.019863,-75.894997,2177478,44.01462,-75.89044,0.687508
36045,Jefferson County,New York,bchrrr,44.019863,-75.894997,2177478,44.01462,-75.89044,0.687508
36045,Jefferson County,New York,nsrdb,44.019863,-75.894997,1182239,44.01,-75.9,1.167411
36047,Kings County,New York,wtk,40.651667,-73.954979,2303387,40.646027,-73.96564,1.096477
36047,Kings County,New York,bchrrr,40.651667,-73.954979,2303387,40.646027,-73.96564,1.096477
36047,Kings County,New York,nsrdb,40.651667,-73.954979,1246530,40.65,-73.94,1.277196
36049,Lewis County,New York,wtk,43.78869,-75.449266,2200712,43.776886,-75.44214,1.431797
36049,Lewis County,New York,bchrrr,43.78869,-75.449266,2200712,43.776886,-75.44214,1.431797
36049,Lewis County,New York,nsrdb,43.78869,-75.449266,1197153,43.77,-75.46,2.249824
36051,Livingston County,New York,wtk,42.769038,-77.762776,2115377,42.7746,-77.75751,0.753166
36051,Livingston County,New York,bchrrr,42.769038,-77.762776,2115377,42.7746,-77.75751,0.753166
36051,Livingston County,New York,nsrdb,42.769038,-77.762776,1121072,42.77,-77.78,1.410013
36053,Madison County,New York,wtk,42.986861,-75.720113,2200668,42.984344,-75.72638,0.581547
36053,Madison County,New York,bchrrr,42.986861,-75.720113,2200668,42.984344,-75.72638,0.581547
36053,Madison County,New York,nsrdb,42.986861,-75.720113,1187664,42.97,-75.74,2.476388
36055,Monroe County,New York,wtk,43.160725,-77.619018,2116510,43.150974,-77.61163,1.238859
36055,Monroe County,New York,bchrrr,43.160725,-77.619018,2116510,43.150974,-77.61163,1.238859
36055,Monroe County,New York,nsrdb,43.160725,-77.619018,1126093,43.17,-77.62,1.034405
36057,Montgomery County,New York,wtk,42.932712,-74.344128,2258342,42.926815,-74.352356,0.937399
36057,Montgomery County,New York,bchrrr,42.932712,-74.344128,2258342,42.926815,-74.352356,0.937399
36057,Montgomery County,New York,nsrdb,42.932712,-74.344128,1233622,42.93,-74.34,0.451537
36059,Nassau County,New York,wtk,40.716432,-73.603655,2315530,40.722744,-73.60599,0.728928
36059,Nassau County,New York,bchrrr,40.716432,-73.603655,2315530,40.722744,-73.60599,0.728928
36059,Nassau County,New York,nsrdb,40.716432,-73.603655,1256689,40.73,-73.62,2.042899
36061,New York County,New York,wtk,40.776422,-73.967425,2301510,40.781147,-73.96619,0.535589
36061,New York County,New York,bchrrr,40.776422,-73.967425,2301510,40.781147,-73.96619,0.535589
36061,New York County,New York,nsrdb,40.776422,-73.967425,1245244,40.77,-73.98,1.277198
36063,Niagara County,New York,wtk,43.134407,-78.851068,2064321,43.125656,-78.84833,0.998113
36063,Niagara County,New York,bchrrr,43.134407,-78.851068,2064321,43.125656,-78.84833,0.998113
36063,Niagara County,New York,nsrdb,43.134407,-78.851068,1091437,43.13,-78.86,0.874922
36065,Oneida County,New York,wtk,43.14628,-75.356036,2214617,43.14396,-75.35336,0.337172
36065,Oneida County,New York,bchrrr,43.14628,-75.356036,2214617,43.14396,-75.35336,0.337172
36065,Oneida County,New York,nsrdb,43.14628,-75.356036,1201185,43.13,-75.34,2.229359
36067,Onondaga County,New York,wtk,43.067977,-76.167398,2179748,43.067356,-76.17029,0.244865
36067,Onondaga County,New York,bchrrr,43.067977,-76.167398,2179748,43.067356,-76.17029,0.244865
36067,Onondaga County,New York,nsrdb,43.067977,-76.167398,1172862,43.05,-76.18,2.245903
36069,Ontario County,New York,wtk,42.902314,-77.266953,2134292,42.90147,-77.27371,0.55832
36069,Ontario County,New York,bchrrr,42.902314,-77.266953,2134292,42.90147,-77.27371,0.55832
36069,Ontario County,New York,nsrdb,42.902314,-77.266953,1137678,42.89,-77.26,1.481777
36071,Orange County,New York,wtk,41.419574,-74.239319,2282707,41.417885,-74.24109,0.238914
36071,Orange County,New York,bchrrr,41.419574,-74.239319,2282707,41.417885,-74.24109,0.238914
36071,Orange County,New York,nsrdb,41.419574,-74.239319,1237541,41.41,-74.22,1.930977
36073,Orleans County,New York,wtk,43.249287,-78.22435,2088740,43.25513,-78.233765,1.001769
36073,Orleans County,New York,bchrrr,43.249287,-78.22435,2088740,43.25513,-78.233765,1.001769
36073,Orleans County,New York,nsrdb,43.249287,-78.22435,1108222,43.25,-78.22,0.361124
36075,Oswego County,New York,wtk,43.392223,-76.311778,2168215,43.40159,-76.31818,1.162931
36075,Oswego County,New York,bchrrr,43.392223,-76.311778,2168215,43.40159,-76.31818,1.162931
36075,Oswego County,New York,nsrdb,43.392223,-76.311778,1168807,43.41,-76.3,2.193819
36077,Otsego County,New York,wtk,42.564145,-75.06007,2236403,42.567654,-75.06323,0.468204
36077,Otsego County,New York,bchrrr,42.564145,-75.06007,2236403,42.567654,-75.06323,0.468204
36077,Otsego County,New York,nsrdb,42.564145,-75.06007,1210419,42.57,-75.06,0.651072
36079,Putnam County,New York,wtk,41.410933,-73.718522,2301545,41.406414,-73.73062,1.127148
36079,Putnam County,New York,bchrrr,41.410933,-73.718522,2301545,41.406414,-73.73062,1.127148
36079,Putnam County,New York,nsrdb,41.410933,-73.718522,1254145,41.41,-73.7,1.548126
36081,Queens County,New York,wtk,40.721205,-73.834022,2307159,40.715088,-73.838104,0.762231
36081,Queens County,New York,bchrrr,40.721205,-73.834022,2307159,40.715088,-73.838104,0.762231
36081,Queens County,New York,nsrdb,40.721205,-73.834022,1250361,40.73,-73.82,1.533823
36083,Rensselaer County,New York,wtk,42.699564,-73.631936,2287488,42.69861,-73.62314,0.726595
36083,Rensselaer County,New York,bchrrr,42.699564,-73.631936,2287488,42.69861,-73.62314,0.726595
36083,Rensselaer County,New York,nsrdb,42.699564,-73.631936,1256640,42.69,-73.62,1.443096
36085,Richmond County,New York,wtk,40.58926,-74.136686,2297730,40.58684,-74.13995,0.385197
36085,Richmond County,New York,bchrrr,40.58926,-74.136686,2297730,40.58684,-74.13995,0.385197
36085,Richmond County,New York,nsrdb,40.58926,-74.136686,1240123,40.57,-74.14,2.159828
36087,Rockland County,New York,wtk,41.127446,-74.022143,2294934,41.120224,-74.01837,0.863
36087,Rockland County,New York,bchrrr,41.127446,-74.022143,2294934,41.120224,-74.01837,0.863
36087,Rockland County,New York,nsrdb,41.127446,-74.022143,1243955,41.13,-74.02,0.335958
36089,St. Lawrence County,New York,wtk,44.652828,-75.147423,2199598,44.645824,-75.14838,0.782481
36089,St. Lawrence County,New York,bchrrr,44.652828,-75.147423,2199598,44.645824,-75.14838,0.782481
36089,St. Lawrence County,New York,nsrdb,44.652828,-75.147423,1207739,44.65,-75.14,0.666088
36091,Saratoga County,New York,wtk,43.00792,-73.784335,2277149,43.00532,-73.793915,0.830908
36091,Saratoga County,New York,bchrrr,43.00792,-73.784335,2277149,43.00532,-73.793915,0.830908
36091,Saratoga County,New York,nsrdb,43.00792,-73.784335,1251577,43.01,-73.78,0.42159
36093,Schenectady County,New York,wtk,42.809147,-73.945252,2274315,42.805733,-73.95044,0.568533
36093,Schenectady County,New York,bchrrr,42.809147,-73.945252,2274315,42.805733,-73.95044,0.568533
36093,Schenectady County,New York,nsrdb,42.809147,-73.945252,1246476,42.81,-73.94,0.438803
36095,Schoharie County,New York,wtk,42.643981,-74.435699,2259265,42.634937,-74.436035,1.006024
36095,Schoharie County,New York,bchrrr,42.643981,-74.435699,2259265,42.634937,-74.436035,1.006024
36095,Schoharie County,New York,nsrdb,42.643981,-74.435699,1231038,42.65,-74.42,1.447962
36097,Schuyler County,New York,wtk,42.389252,-76.869128,2158984,42.38963,-76.86902,0.042957
36097,Schuyler County,New York,bchrrr,42.389252,-76.869128,2158984,42.38963,-76.86902,0.042957
36097,Schuyler County,New York,nsrdb,42.389252,-76.869128,1150410,42.37,-76.86,2.26823
36099,Seneca County,New York,wtk,42.82851,-76.827758,2154444,42.822945,-76.82953,0.635451
36099,Seneca County,New York,bchrrr,42.82851,-76.827758,2154444,42.822945,-76.82953,0.635451
36099,Seneca County,New York,nsrdb,42.82851,-76.827758,1151699,42.81,-76.82,2.153289
36101,Steuben County,New York,wtk,42.264824,-77.319954,2140935,42.260326,-77.32501,0.650591
36101,Steuben County,New York,bchrrr,42.264824,-77.319954,2140935,42.260326,-77.32501,0.650591
36101,Steuben County,New York,nsrdb,42.264824,-77.319954,1136429,42.25,-77.3,2.326774
36103,Suffolk County,New York,wtk,40.823365,-73.103062,2331696,40.8256,-73.107056,0.417976
36103,Suffolk County,New York,bchrrr,40.823365,-73.103062,2331696,40.8256,-73.107056,0.417976
36103,Suffolk County,New York,nsrdb,40.823365,-73.103062,1273278,40.81,-73.1,1.508296
36105,Sullivan County,New York,wtk,41.698542,-74.698673,2262032,41.705627,-74.70184,0.830533
36105,Sullivan County,New York,bchrrr,41.698542,-74.698673,2262032,41.705627,-74.70184,0.830533
36105,Sullivan County,New York,nsrdb,41.698542,-74.698673,1222083,41.69,-74.7,0.956198
36107,Tioga County,New York,wtk,42.121424,-76.298851,2188989,42.111034,-76.289246,1.400862
36107,Tioga County,New York,bchrrr,42.121424,-76.298851,2188989,42.111034,-76.289246,1.400862
36107,Tioga County,New York,nsrdb,42.121424,-76.298851,1168839,42.13,-76.3,0.958305
36109,Tompkins County,New York,wtk,42.459082,-76.478974,2175073,42.453823,-76.484314,0.730672
36109,Tompkins County,New York,bchrrr,42.459082,-76.478974,2175073,42.453823,-76.484314,0.730672
36109,Tompkins County,New York,nsrdb,42.459082,-76.478974,1163456,42.45,-76.46,1.855533
36111,Ulster County,New York,wtk,41.84175,-74.09827,2281790,41.85243,-74.10437,1.290586
36111,Ulster County,New York,bchrrr,41.84175,-74.09827,2281790,41.85243,-74.10437,1.290586
36111,Ulster County,New York,nsrdb,41.84175,-74.09827,1241373,41.85,-74.1,0.928485
36113,Warren County,New York,wtk,43.392962,-73.711336,2274348,43.396496,-73.72055,0.841824
36113,Warren County,New York,bchrrr,43.392962,-73.711336,2274348,43.396496,-73.72055,0.841824
36113,Warren County,New York,nsrdb,43.392962,-73.711336,1254095,43.41,-73.7,2.104289
36115,Washington County,New York,wtk,43.289044,-73.46072,2284695,43.28628,-73.47116,0.899182
36115,Washington County,New York,bchrrr,43.289044,-73.46072,2284695,43.28628,-73.47116,0.899182
36115,Washington County,New York,nsrdb,43.289044,-73.46072,1261703,43.29,-73.46,0.121228
36117,Wayne County,New York,wtk,43.143636,-77.130245,2136532,43.146194,-77.1413,0.940924
36117,Wayne County,New York,bchrrr,43.143636,-77.130245,2136532,43.146194,-77.1413,0.940924
36117,Wayne County,New York,nsrdb,43.143636,-77.130245,1141472,43.13,-77.14,1.710428
36119,Westchester County,New York,wtk,41.038582,-73.805449,2304351,41.03389,-73.79477,1.036561
36119,Westchester County,New York,bchrrr,41.038582,-73.805449,2304351,41.03389,-73.79477,1.036561
36119,Westchester County,New York,nsrdb,41.038582,-73.805449,1250353,41.05,-73.82,1.760988
36121,Wyoming County,New York,wtk,42.722707,-78.209517,2096484,42.718197,-78.21689,0.783757
36121,Wyoming County,New York,bchrrr,42.722707,-78.209517,2096484,42.718197,-78.21689,0.783757
36121,Wyoming County,New York,nsrdb,42.722707,-78.209517,1108235,42.73,-78.22,1.179354
36123,Yates County,New York,wtk,42.634708,-77.078184,2146526,42.63666,-77.073425,0.445723
36123,Yates County,New York,bchrrr,42.634708,-77.078184,2146526,42.63666,-77.073425,0.445723
36123,Yates County,New York,nsrdb,42.634708,-77.078184,1144014,42.65,-77.06,2.259108
37001,Alamance County,North Carolina,wtk,36.071553,-79.41317,2127239,36.07842,-79.404236,1.108034
37001,Alamance County,North Carolina,bchrrr,36.071553,-79.41317,2127239,36.07842,-79.404236,1.108034
37001,Alamance County,North Carolina,nsrdb,36.071553,-79.41317,1078246,36.09,-79.42,2.141079
37003,Alexander County,North Carolina,wtk,35.889332,-81.19343,2044582,35.896393,-81.18561,1.054837
37003,Alexander County,North Carolina,bchrrr,35.889332,-81.19343,2044582,35.896393,-81.18561,1.054837
37003,Alexander County,North Carolina,nsrdb,35.889332,-81.19343,1037724,35.89,-81.18,1.212112
37005,Alleghany County,North Carolina,wtk,36.497648,-81.106027,2041472,36.502934,-81.114136,0.933191
37005,Alleghany County,North Carolina,bchrrr,36.497648,-81.106027,2041472,36.502934,-81.114136,0.933191
37005,Alleghany County,North Carolina,nsrdb,36.497648,-81.106027,1039504,36.49,-81.1,1.006719
37007,Anson County,North Carolina,wtk,34.974145,-80.110833,2106054,34.980167,-80.11917,1.012605
37007,Anson County,North Carolina,bchrrr,34.974145,-80.110833,2106054,34.980167,-80.11917,1.012605
37007,Anson County,North Carolina,nsrdb,34.974145,-80.110833,1062261,34.97,-80.1,1.089374
37009,Ashe County,North Carolina,wtk,36.413631,-81.487984,2025866,36.408592,-81.484924,0.623645
37009,Ashe County,North Carolina,bchrrr,36.413631,-81.487984,2025866,36.408592,-81.484924,0.623645
37009,Ashe County,North Carolina,nsrdb,36.413631,-81.487984,1030614,36.41,-81.5,1.148574
37011,Avery County,North Carolina,wtk,36.076015,-81.939475,2009411,36.080803,-81.928955,1.085024
37011,Avery County,North Carolina,bchrrr,36.076015,-81.939475,2009411,36.080803,-81.928955,1.085024
37011,Avery County,North Carolina,nsrdb,36.076015,-81.939475,1021487,36.09,-81.94,1.555779
37013,Beaufort County,North Carolina,wtk,35.521616,-76.961795,2253233,35.516884,-76.96048,0.539467
37013,Beaufort County,North Carolina,bchrrr,35.521616,-76.961795,2253233,35.516884,-76.96048,0.539467
37013,Beaufort County,North Carolina,nsrdb,35.521616,-76.961795,1146718,35.53,-76.98,1.892969
37015,Bertie County,North Carolina,wtk,36.081687,-76.962762,2246486,36.082664,-76.9545,0.750369
37015,Bertie County,North Carolina,bchrrr,36.081687,-76.962762,2246486,36.082664,-76.9545,0.750369
37015,Bertie County,North Carolina,nsrdb,36.081687,-76.962762,1146704,36.09,-76.98,1.803859
37017,Bladen County,North Carolina,wtk,34.609171,-78.643375,2183924,34.612232,-78.64105,0.401403
37017,Bladen County,North Carolina,bchrrr,34.609171,-78.643375,2183924,34.612232,-78.64105,0.401403
37017,Bladen County,North Carolina,nsrdb,34.609171,-78.643375,1096677,34.61,-78.66,1.524279
37019,Brunswick County,North Carolina,wtk,34.041763,-78.21644,2212951,34.048714,-78.22601,1.172546
37019,Brunswick County,North Carolina,bchrrr,34.041763,-78.21644,2212951,34.048714,-78.22601,1.172546
37019,Brunswick County,North Carolina,nsrdb,34.041763,-78.21644,1108452,34.05,-78.22,0.972873
37021,Buncombe County,North Carolina,wtk,35.585309,-82.551814,1987063,35.588894,-82.54022,1.121643
37021,Buncombe County,North Carolina,bchrrr,35.585309,-82.551814,1987063,35.588894,-82.54022,1.121643
37021,Buncombe County,North Carolina,nsrdb,35.585309,-82.551814,1009199,35.57,-82.54,2.009808
37023,Burke County,North Carolina,wtk,35.73127,-81.641251,2025829,35.73954,-81.63583,1.041655
37023,Burke County,North Carolina,bchrrr,35.73127,-81.641251,2025829,35.73954,-81.63583,1.041655
37023,Burke County,North Carolina,nsrdb,35.73127,-81.641251,1027256,35.73,-81.66,1.69826
37025,Cabarrus County,North Carolina,wtk,35.39566,-80.621119,2077207,35.396404,-80.61304,0.73696
37025,Cabarrus County,North Carolina,bchrrr,35.39566,-80.621119,2077207,35.396404,-80.61304,0.73696
37025,Cabarrus County,North Carolina,nsrdb,35.39566,-80.621119,1050396,35.41,-80.62,1.59776
37027,Caldwell County,North Carolina,wtk,35.873003,-81.502565,2029976,35.87093,-81.51422,1.075168
37027,Caldwell County,North Carolina,bchrrr,35.873003,-81.502565,2029976,35.87093,-81.51422,1.075168
37027,Caldwell County,North Carolina,nsrdb,35.873003,-81.502565,1030627,35.89,-81.5,1.904058
37029,Camden County,North Carolina,wtk,36.369324,-76.197856,2273014,36.369587,-76.209015,0.999553
37029,Camden County,North Carolina,bchrrr,36.369324,-76.197856,2273014,36.369587,-76.209015,0.999553
37029,Camden County,North Carolina,nsrdb,36.369324,-76.197856,1173029,36.37,-76.18,1.600506
37031,Carteret County,North Carolina,wtk,34.744123,-76.818577,2268222,34.75288,-76.818665,0.973769
37031,Carteret County,North Carolina,bchrrr,34.744123,-76.818577,2268222,34.75288,-76.818665,0.973769
37031,Carteret County,North Carolina,nsrdb,34.744123,-76.818577,1151901,34.73,-76.82,1.575782
37033,Caswell County,North Carolina,wtk,36.399936,-79.361331,2125033,36.409897,-79.36432,1.139458
37033,Caswell County,North Carolina,bchrrr,36.399936,-79.361331,2125033,36.409897,-79.36432,1.139458
37033,Caswell County,North Carolina,nsrdb,36.399936,-79.361331,1079150,36.41,-79.38,2.010919
37035,Catawba County,North Carolina,wtk,35.695475,-81.245357,2043523,35.701168,-81.25357,0.975075
37035,Catawba County,North Carolina,bchrrr,35.695475,-81.245357,2043523,35.701168,-81.25357,0.975075
37035,Catawba County,North Carolina,nsrdb,35.695475,-81.245357,1035918,35.69,-81.26,1.455787
37037,Chatham County,North Carolina,wtk,35.756052,-79.208318,2140575,35.763153,-79.20831,0.789597
37037,Chatham County,North Carolina,bchrrr,35.756052,-79.208318,2140575,35.763153,-79.20831,0.789597
37037,Chatham County,North Carolina,nsrdb,35.756052,-79.208318,1082840,35.77,-79.22,1.875222
37039,Cherokee County,North Carolina,wtk,35.101434,-84.02252,1927584,35.095695,-84.026245,0.722549
37039,Cherokee County,North Carolina,bchrrr,35.101434,-84.02252,1927584,35.095695,-84.026245,0.722549
37039,Cherokee County,North Carolina,nsrdb,35.101434,-84.02252,977881,35.09,-84.02,1.291911
37041,Chowan County,North Carolina,wtk,36.117036,-76.626642,2259840,36.110775,-76.6181,1.036078
37041,Chowan County,North Carolina,bchrrr,36.117036,-76.626642,2259840,36.110775,-76.6181,1.036078
37041,Chowan County,North Carolina,nsrdb,36.117036,-76.626642,1158343,36.13,-76.62,1.5601
37043,Clay County,North Carolina,wtk,35.036307,-83.805736,1937140,35.031902,-83.811615,0.725556
37043,Clay County,North Carolina,bchrrr,35.036307,-83.805736,1937140,35.031902,-83.811615,0.725556
37043,Clay County,North Carolina,nsrdb,35.036307,-83.805736,982216,35.05,-83.82,2.001138
37045,Cleveland County,North Carolina,wtk,35.291367,-81.515817,2036182,35.29139,-81.50696,0.803867
37045,Cleveland County,North Carolina,bchrrr,35.291367,-81.515817,2036182,35.29139,-81.50696,0.803867
37045,Cleveland County,North Carolina,nsrdb,35.291367,-81.515817,1030642,35.29,-81.5,1.443591
37047,Columbus County,North Carolina,wtk,34.280555,-78.70686,2185067,34.28673,-78.70511,0.705203
37047,Columbus County,North Carolina,bchrrr,34.280555,-78.70686,2185067,34.28673,-78.70511,0.705203
37047,Columbus County,North Carolina,nsrdb,34.280555,-78.70686,1095666,34.29,-78.7,1.224836
37049,Craven County,North Carolina,wtk,35.069162,-77.041547,2255085,35.06261,-77.04883,0.98496
37049,Craven County,North Carolina,bchrrr,35.069162,-77.041547,2255085,35.06261,-77.04883,0.98496
37049,Craven County,North Carolina,nsrdb,35.069162,-77.041547,1144204,35.05,-77.06,2.713108
37051,Cumberland County,North Carolina,wtk,35.054571,-78.93728,2163157,35.058323,-78.93347,0.542519
37051,Cumberland County,North Carolina,bchrrr,35.054571,-78.93728,2163157,35.058323,-78.93347,0.542519
37051,Cumberland County,North Carolina,nsrdb,35.054571,-78.93728,1089673,35.05,-78.94,0.565371
37053,Currituck County,North Carolina,wtk,36.40274,-76.016957,2280544,36.404724,-76.00934,0.716499
37053,Currituck County,North Carolina,bchrrr,36.40274,-76.016957,2280544,36.404724,-76.00934,0.716499
37053,Currituck County,North Carolina,nsrdb,36.40274,-76.016957,1178416,36.41,-76.02,0.851972
37055,Dare County,North Carolina,wtk,35.920365,-75.676108,2300295,35.916824,-75.67102,0.604122
37055,Dare County,North Carolina,bchrrr,35.920365,-75.676108,2300295,35.916824,-75.67102,0.604122
37055,Dare County,North Carolina,nsrdb,35.920365,-75.676108,1190563,35.93,-75.66,1.80321
37057,Davidson County,North Carolina,wtk,35.857903,-80.200504,2091663,35.854527,-80.20261,0.420648
37057,Davidson County,North Carolina,bchrrr,35.857903,-80.200504,2091663,35.854527,-80.20261,0.420648
37057,Davidson County,North Carolina,nsrdb,35.857903,-80.200504,1059433,35.85,-80.22,1.964578
37059,Davie County,North Carolina,wtk,35.931405,-80.520369,2075016,35.926014,-80.53192,1.200438
37059,Davie County,North Carolina,bchrrr,35.931405,-80.520369,2075016,35.926014,-80.53192,1.200438
37059,Davie County,North Carolina,nsrdb,35.931405,-80.520369,1052203,35.93,-80.54,1.774421
37061,Duplin County,North Carolina,wtk,34.928451,-77.940308,2215319,34.932537,-77.93643,0.575683
37061,Duplin County,North Carolina,bchrrr,34.928451,-77.940308,2215319,34.932537,-77.93643,0.575683
37061,Duplin County,North Carolina,nsrdb,34.928451,-77.940308,1116441,34.93,-77.94,0.174515
37063,Durham County,North Carolina,wtk,35.986149,-78.901727,2152927,35.990105,-78.89307,0.894523
37063,Durham County,North Carolina,bchrrr,35.986149,-78.901727,2152927,35.990105,-78.89307,0.894523
37063,Durham County,North Carolina,nsrdb,35.986149,-78.901727,1090633,35.97,-78.9,1.802401
37065,Edgecombe County,North Carolina,wtk,35.902356,-77.656164,2215373,35.89777,-77.662476,0.763724
37065,Edgecombe County,North Carolina,bchrrr,35.902356,-77.656164,2215373,35.89777,-77.662476,0.763724
37065,Edgecombe County,North Carolina,nsrdb,35.902356,-77.656164,1124995,35.89,-77.66,1.41671
37067,Forsyth County,North Carolina,wtk,36.104612,-80.258519,2086125,36.10678,-80.256195,0.318913
37067,Forsyth County,North Carolina,bchrrr,36.104612,-80.258519,2086125,36.10678,-80.256195,0.318913
37067,Forsyth County,North Carolina,nsrdb,36.104612,-80.258519,1058506,36.09,-80.26,1.630222
37069,Franklin County,North Carolina,wtk,36.044184,-78.354029,2179358,36.042637,-78.34357,0.955964
37069,Franklin County,North Carolina,bchrrr,36.044184,-78.354029,2179358,36.042637,-78.34357,0.955964
37069,Franklin County,North Carolina,nsrdb,36.044184,-78.354029,1105106,36.05,-78.34,1.417411
37071,Gaston County,North Carolina,wtk,35.273653,-81.150831,2053013,35.273983,-81.145325,0.501179
37071,Gaston County,North Carolina,bchrrr,35.273653,-81.150831,2053013,35.273983,-81.145325,0.501179
37071,Gaston County,North Carolina,nsrdb,35.273653,-81.150831,1038647,35.29,-81.14,2.066547
37073,Gates County,North Carolina,wtk,36.464579,-76.706986,2252338,36.467415,-76.69708,0.940293
37073,Gates County,North Carolina,bchrrr,36.464579,-76.706986,2252338,36.467415,-76.69708,0.940293
37073,Gates County,North Carolina,nsrdb,36.464579,-76.706986,1155732,36.45,-76.7,1.737345
37075,Graham County,North Carolina,wtk,35.332126,-83.787125,1936209,35.324623,-83.7793,1.095432
37075,Graham County,North Carolina,bchrrr,35.332126,-83.787125,1936209,35.324623,-83.7793,1.095432
37075,Graham County,North Carolina,nsrdb,35.332126,-83.787125,983089,35.33,-83.78,0.688224
37077,Granville County,North Carolina,wtk,36.216539,-78.649757,2162073,36.210114,-78.64722,0.749808
37077,Granville County,North Carolina,bchrrr,36.216539,-78.649757,2162073,36.210114,-78.64722,0.749808
37077,Granville County,North Carolina,nsrdb,36.216539,-78.649757,1096637,36.21,-78.66,1.171814
37079,Greene County,North Carolina,wtk,35.466702,-77.665172,2221139,35.465656,-77.67041,0.488424
37079,Greene County,North Carolina,bchrrr,35.466702,-77.665172,2221139,35.465656,-77.67041,0.488424
37079,Greene County,North Carolina,nsrdb,35.466702,-77.665172,1125006,35.45,-77.66,1.915347
37081,Guilford County,North Carolina,wtk,36.066735,-79.847327,2106114,36.059338,-79.85037,0.866798
37081,Guilford County,North Carolina,bchrrr,36.066735,-79.847327,2106114,36.059338,-79.85037,0.866798
37081,Guilford County,North Carolina,nsrdb,36.066735,-79.847327,1067961,36.05,-79.86,2.181867
37083,Halifax County,North Carolina,wtk,36.361431,-77.674137,2208438,36.35248,-77.67151,1.02273
37083,Halifax County,North Carolina,bchrrr,36.361431,-77.674137,2208438,36.35248,-77.67151,1.02273
37083,Halifax County,North Carolina,nsrdb,36.361431,-77.674137,1124983,36.37,-77.66,1.584359
37085,Harnett County,North Carolina,wtk,35.353998,-78.867395,2162025,35.34892,-78.87933,1.220843
37085,Harnett County,North Carolina,bchrrr,35.353998,-78.867395,2162025,35.34892,-78.87933,1.220843
37085,Harnett County,North Carolina,nsrdb,35.353998,-78.867395,1091631,35.37,-78.86,1.901512
37087,Haywood County,North Carolina,wtk,35.518933,-82.943119,1970070,35.513603,-82.94452,0.606082
37087,Haywood County,North Carolina,bchrrr,35.518933,-82.943119,1970070,35.513603,-82.94452,0.606082
37087,Haywood County,North Carolina,nsrdb,35.518933,-82.943119,1000933,35.53,-82.94,1.262553
37089,Henderson County,North Carolina,wtk,35.34164,-82.471646,1992092,35.338352,-82.47827,0.703329
37089,Henderson County,North Carolina,bchrrr,35.34164,-82.471646,1992092,35.338352,-82.47827,0.703329
37089,Henderson County,North Carolina,nsrdb,35.34164,-82.471646,1010841,35.33,-82.46,1.670702
37091,Hertford County,North Carolina,wtk,36.352236,-77.011357,2240348,36.358833,-77.01233,0.738711
37091,Hertford County,North Carolina,bchrrr,36.352236,-77.011357,2240348,36.358833,-77.01233,0.738711
37091,Hertford County,North Carolina,nsrdb,36.352236,-77.011357,1145433,36.37,-77.02,2.121478
37093,Hoke County,North Carolina,wtk,34.992582,-79.170105,2151735,34.989315,-79.18048,1.01253
37093,Hoke County,North Carolina,bchrrr,34.992582,-79.170105,2151735,34.989315,-79.18048,1.01253
37093,Hoke County,North Carolina,nsrdb,34.992582,-79.170105,1083802,35.01,-79.18,2.136231
37095,Hyde County,North Carolina,wtk,35.430455,-76.205343,2285196,35.420486,-76.20062,1.188243
37095,Hyde County,North Carolina,bchrrr,35.430455,-76.205343,2285196,35.420486,-76.20062,1.188243
37095,Hyde County,North Carolina,nsrdb,35.430455,-76.205343,1171699,35.45,-76.22,2.546836
37097,Iredell County,North Carolina,wtk,35.694767,-80.86686,2061717,35.697388,-80.86328,0.435263
37097,Iredell County,North Carolina,bchrrr,35.694767,-80.86686,2061717,35.697388,-80.86328,0.435263
37097,Iredell County,North Carolina,nsrdb,35.694767,-80.86686,1044976,35.69,-80.86,0.815334
37099,Jackson County,North Carolina,wtk,35.332904,-83.199112,1960233,35.325787,-83.210144,1.275879
37099,Jackson County,North Carolina,bchrrr,35.332904,-83.199112,1960233,35.325787,-83.210144,1.275879
37099,Jackson County,North Carolina,nsrdb,35.332904,-83.199112,995983,35.33,-83.18,1.763564
37101,Johnston County,North Carolina,wtk,35.570577,-78.419076,2181654,35.568592,-78.42786,0.824578
37101,Johnston County,North Carolina,bchrrr,35.570577,-78.419076,2181654,35.568592,-78.42786,0.824578
37101,Johnston County,North Carolina,nsrdb,35.570577,-78.419076,1102953,35.57,-78.42,0.10536
37103,Jones County,North Carolina,wtk,35.030719,-77.35415,2242359,35.028904,-77.35788,0.395065
37103,Jones County,North Carolina,bchrrr,35.030719,-77.35415,2242359,35.028904,-77.35788,0.395065
37103,Jones County,North Carolina,nsrdb,35.030719,-77.35415,1135315,35.05,-77.34,2.501211
37105,Lee County,North Carolina,wtk,35.453712,-79.17355,2146128,35.456764,-79.17319,0.34093
37105,Lee County,North Carolina,bchrrr,35.453712,-79.17355,2146128,35.456764,-79.17319,0.34093
37105,Lee County,North Carolina,nsrdb,35.453712,-79.17355,1083791,35.45,-79.18,0.715335
37107,Lenoir County,North Carolina,wtk,35.260622,-77.633945,2225751,35.252483,-77.63898,1.013935
37107,Lenoir County,North Carolina,bchrrr,35.260622,-77.633945,2225751,35.252483,-77.63898,1.013935
37107,Lenoir County,North Carolina,nsrdb,35.260622,-77.633945,1126291,35.25,-77.62,1.731568
37109,Lincoln County,North Carolina,wtk,35.485491,-81.162515,2049829,35.482452,-81.166046,0.465194
37109,Lincoln County,North Carolina,bchrrr,35.485491,-81.162515,2049829,35.482452,-81.166046,0.465194
37109,Lincoln County,North Carolina,nsrdb,35.485491,-81.162515,1037734,35.49,-81.18,1.660581
37111,McDowell County,North Carolina,wtk,35.667382,-82.019897,2009388,35.664738,-82.01984,0.294045
37111,McDowell County,North Carolina,bchrrr,35.667382,-82.019897,2009388,35.664738,-82.01984,0.294045
37111,McDowell County,North Carolina,nsrdb,35.667382,-82.019897,1019857,35.65,-82.02,1.932815
37113,Macon County,North Carolina,wtk,35.156852,-83.377348,1954388,35.162098,-83.37863,0.594858
37113,Macon County,North Carolina,bchrrr,35.156852,-83.377348,1954388,35.162098,-83.37863,0.594858
37113,Macon County,North Carolina,nsrdb,35.156852,-83.377348,991792,35.17,-83.38,1.481736
37115,Madison County,North Carolina,wtk,35.839032,-82.63613,1981048,35.842632,-82.625,1.08017
37115,Madison County,North Carolina,bchrrr,35.839032,-82.63613,1981048,35.842632,-82.625,1.08017
37115,Madison County,North Carolina,nsrdb,35.839032,-82.63613,1007550,35.85,-82.62,1.89768
37117,Martin County,North Carolina,wtk,35.830326,-77.097301,2243439,35.82769,-77.10062,0.418862
37117,Martin County,North Carolina,bchrrr,35.830326,-77.097301,2243439,35.82769,-77.10062,0.418862
37117,Martin County,North Carolina,nsrdb,35.830326,-77.097301,1142919,35.85,-77.1,2.201139
37119,Mecklenburg County,North Carolina,wtk,35.225336,-80.819893,2069430,35.222687,-80.81439,0.5802
37119,Mecklenburg County,North Carolina,bchrrr,35.225336,-80.819893,2069430,35.222687,-80.81439,0.5802
37119,Mecklenburg County,North Carolina,nsrdb,35.225336,-80.819893,1045873,35.21,-80.82,1.705315
37121,Mitchell County,North Carolina,wtk,35.960064,-82.114024,2002265,35.958347,-82.11716,0.340764
37121,Mitchell County,North Carolina,bchrrr,35.960064,-82.114024,2002265,35.958347,-82.11716,0.340764
37121,Mitchell County,North Carolina,nsrdb,35.960064,-82.114024,1018209,35.97,-82.1,1.677396
37123,Montgomery County,North Carolina,wtk,35.340613,-79.892923,2112742,35.33568,-79.89386,0.555071
37123,Montgomery County,North Carolina,bchrrr,35.340613,-79.892923,2112742,35.33568,-79.89386,0.555071
37123,Montgomery County,North Carolina,nsrdb,35.340613,-79.892923,1067028,35.33,-79.9,1.343422
37125,Moore County,North Carolina,wtk,35.237791,-79.439218,2136094,35.239693,-79.4364,0.332007
37125,Moore County,North Carolina,bchrrr,35.237791,-79.439218,2136094,35.239693,-79.4364,0.332007
37125,Moore County,North Carolina,nsrdb,35.237791,-79.439218,1078267,35.25,-79.42,2.211092
37127,Nash County,North Carolina,wtk,35.945956,-77.925809,2201440,35.947456,-77.927734,0.240517
37127,Nash County,North Carolina,bchrrr,35.945956,-77.925809,2201440,35.947456,-77.927734,0.240517
37127,Nash County,North Carolina,nsrdb,35.945956,-77.925809,1116416,35.93,-77.94,2.18636
37129,New Hanover County,North Carolina,wtk,34.210213,-77.878388,2228001,34.209732,-77.88733,0.824012
37129,New Hanover County,North Carolina,bchrrr,34.210213,-77.878388,2228001,34.209732,-77.88733,0.824012
37129,New Hanover County,North Carolina,nsrdb,34.210213,-77.878388,1118844,34.21,-77.86,1.691058
37131,Northampton County,North Carolina,wtk,36.44074,-77.450181,2217721,36.44427,-77.45697,0.723094
37131,Northampton County,North Carolina,bchrrr,36.44074,-77.450181,2217721,36.44427,-77.45697,0.723094
37131,Northampton County,North Carolina,nsrdb,36.44074,-77.450181,1131402,36.45,-77.46,1.353368
37133,Onslow County,North Carolina,wtk,34.734255,-77.4053,2244398,34.735268,-77.39676,0.788472
37133,Onslow County,North Carolina,bchrrr,34.734255,-77.4053,2244398,34.735268,-77.39676,0.788472
37133,Onslow County,North Carolina,nsrdb,34.734255,-77.4053,1132737,34.73,-77.42,1.424215
37135,Orange County,North Carolina,wtk,35.980117,-79.082353,2143927,35.985176,-79.08023,0.594085
37135,Orange County,North Carolina,bchrrr,35.980117,-79.082353,2143927,35.985176,-79.08023,0.594085
37135,Orange County,North Carolina,nsrdb,35.980117,-79.082353,1085724,35.97,-79.1,1.946096
37137,Pamlico County,North Carolina,wtk,35.102112,-76.782228,2265422,35.104065,-76.78296,0.227144
37137,Pamlico County,North Carolina,bchrrr,35.102112,-76.782228,2265422,35.104065,-76.78296,0.227144
37137,Pamlico County,North Carolina,nsrdb,35.102112,-76.782228,1153189,35.09,-76.78,1.361963
37139,Pasquotank County,North Carolina,wtk,36.294075,-76.247358,2272070,36.302734,-76.25348,1.108178
37139,Pasquotank County,North Carolina,bchrrr,36.294075,-76.247358,2272070,36.302734,-76.25348,1.108178
37139,Pasquotank County,North Carolina,nsrdb,36.294075,-76.247358,1170333,36.29,-76.26,1.220278
37141,Pender County,North Carolina,wtk,34.453784,-77.806757,2229169,34.455063,-77.79608,0.989238
37141,Pender County,North Carolina,bchrrr,34.453784,-77.806757,2229169,34.455063,-77.79608,0.989238
37141,Pender County,North Carolina,nsrdb,34.453784,-77.806757,1120056,34.45,-77.82,1.285106
37143,Perquimans County,North Carolina,wtk,36.180608,-76.422898,2266423,36.186848,-76.43051,0.973732
37143,Perquimans County,North Carolina,bchrrr,36.180608,-76.422898,2266423,36.186848,-76.43051,0.973732
37143,Perquimans County,North Carolina,nsrdb,36.180608,-76.422898,1164952,36.17,-76.42,1.207898
37145,Person County,North Carolina,wtk,36.372008,-78.970437,2143949,36.38062,-78.97479,1.033875
37145,Person County,North Carolina,bchrrr,36.372008,-78.970437,2143949,36.38062,-78.97479,1.033875
37145,Person County,North Carolina,nsrdb,36.372008,-78.970437,1088659,36.37,-78.98,0.884844
37147,Pitt County,North Carolina,wtk,35.576479,-77.383369,2233804,35.580276,-77.38254,0.428813
37147,Pitt County,North Carolina,bchrrr,35.576479,-77.383369,2233804,35.580276,-77.38254,0.428813
37147,Pitt County,North Carolina,nsrdb,35.576479,-77.383369,1134009,35.57,-77.38,0.782219
37149,Polk County,North Carolina,wtk,35.258429,-82.17688,2006302,35.258564,-82.1759,0.090238
37149,Polk County,North Carolina,bchrrr,35.258429,-82.17688,2006302,35.258564,-82.1759,0.090238
37149,Polk County,North Carolina,nsrdb,35.258429,-82.17688,1016578,35.25,-82.18,0.979144
37151,Randolph County,North Carolina,wtk,35.766155,-79.829209,2110544,35.774597,-79.82968,0.93967
37151,Randolph County,North Carolina,bchrrr,35.766155,-79.829209,2110544,35.774597,-79.82968,0.93967
37151,Randolph County,North Carolina,nsrdb,35.766155,-79.829209,1068934,35.77,-79.82,0.93441
37153,Richmond County,North Carolina,wtk,34.942669,-79.735374,2124951,34.936028,-79.74231,0.972126
37153,Richmond County,North Carolina,bchrrr,34.942669,-79.735374,2124951,34.936028,-79.74231,0.972126
37153,Richmond County,North Carolina,nsrdb,34.942669,-79.735374,1070847,34.93,-79.74,1.470491
37155,Robeson County,North Carolina,wtk,34.677173,-79.091799,2159699,34.675957,-79.102356,0.9748
37155,Robeson County,North Carolina,bchrrr,34.677173,-79.091799,2159699,34.675957,-79.102356,0.9748
37155,Robeson County,North Carolina,nsrdb,34.677173,-79.091799,1085756,34.69,-79.1,1.611408
37157,Rockingham County,North Carolina,wtk,36.40032,-79.773427,2106133,36.4016,-79.76337,0.911276
37157,Rockingham County,North Carolina,bchrrr,36.40032,-79.773427,2106133,36.4016,-79.76337,0.911276
37157,Rockingham County,North Carolina,nsrdb,36.40032,-79.773427,1069862,36.41,-79.78,1.226622
37159,Rowan County,North Carolina,wtk,35.620921,-80.522827,2079438,35.623524,-80.512634,0.965717
37159,Rowan County,North Carolina,bchrrr,35.620921,-80.522827,2079438,35.623524,-80.512634,0.965717
37159,Rowan County,North Carolina,nsrdb,35.620921,-80.522827,1052211,35.61,-80.54,1.970912
37161,Rutherford County,North Carolina,wtk,35.350768,-81.897904,2017569,35.350006,-81.90515,0.662608
37161,Rutherford County,North Carolina,bchrrr,35.350768,-81.897904,2017569,35.350006,-81.90515,0.662608
37161,Rutherford County,North Carolina,nsrdb,35.350768,-81.897904,1022315,35.37,-81.9,2.146934
37163,Sampson County,North Carolina,wtk,35.036714,-78.397642,2190923,35.035423,-78.38953,0.752383
37163,Sampson County,North Carolina,bchrrr,35.036714,-78.397642,2190923,35.035423,-78.38953,0.752383
37163,Sampson County,North Carolina,nsrdb,35.036714,-78.397642,1104041,35.05,-78.38,2.182206
37165,Scotland County,North Carolina,wtk,34.785744,-79.473955,2139407,34.780037,-79.48541,1.223572
37165,Scotland County,North Carolina,bchrrr,34.785744,-79.473955,2139407,34.780037,-79.48541,1.223572
37165,Scotland County,North Carolina,nsrdb,34.785744,-79.473955,1077367,34.77,-79.46,2.165468
37167,Stanly County,North Carolina,wtk,35.320568,-80.251871,2096075,35.318142,-80.24222,0.916235
37167,Stanly County,North Carolina,bchrrr,35.320568,-80.251871,2096075,35.318142,-80.24222,0.916235
37167,Stanly County,North Carolina,nsrdb,35.320568,-80.251871,1058525,35.33,-80.26,1.282124
37169,Stokes County,North Carolina,wtk,36.349477,-80.275211,2082809,36.351997,-80.26538,0.92395
37169,Stokes County,North Carolina,bchrrr,36.349477,-80.275211,2082809,36.351997,-80.26538,0.92395
37169,Stokes County,North Carolina,nsrdb,36.349477,-80.275211,1058500,36.33,-80.26,2.558654
37171,Surry County,North Carolina,wtk,36.431131,-80.657158,2062857,36.43389,-80.66461,0.733877
37171,Surry County,North Carolina,bchrrr,36.431131,-80.657158,2062857,36.43389,-80.66461,0.733877
37171,Surry County,North Carolina,nsrdb,36.431131,-80.657158,1049455,36.45,-80.66,2.113486
37173,Swain County,North Carolina,wtk,35.437815,-83.411955,1950538,35.4453,-83.41458,0.865601
37173,Swain County,North Carolina,bchrrr,35.437815,-83.411955,1950538,35.4453,-83.41458,0.865601
37173,Swain County,North Carolina,nsrdb,35.437815,-83.411955,990934,35.45,-83.42,1.538479
37175,Transylvania County,North Carolina,wtk,35.210116,-82.743043,1982016,35.20614,-82.73346,0.976469
37175,Transylvania County,North Carolina,bchrrr,35.210116,-82.743043,1982016,35.20614,-82.73346,0.976469
37175,Transylvania County,North Carolina,nsrdb,35.210116,-82.743043,1005097,35.21,-82.74,0.276761
37177,Tyrrell County,North Carolina,wtk,35.895303,-76.24254,2277693,35.90146,-76.23779,0.807326
37177,Tyrrell County,North Carolina,bchrrr,35.895303,-76.24254,2277693,35.90146,-76.23779,0.807326
37177,Tyrrell County,North Carolina,nsrdb,35.895303,-76.24254,1170343,35.89,-76.26,1.679718
37179,Union County,North Carolina,wtk,35.012491,-80.631939,2080514,35.007942,-80.63687,0.676417
37179,Union County,North Carolina,bchrrr,35.012491,-80.631939,2080514,35.007942,-80.63687,0.676417
37179,Union County,North Carolina,nsrdb,35.012491,-80.631939,1050406,35.01,-80.62,1.122048
37181,Vance County,North Carolina,wtk,36.332774,-78.402973,2172425,36.335873,-78.40234,0.349227
37181,Vance County,North Carolina,bchrrr,36.332774,-78.402973,2172425,36.335873,-78.40234,0.349227
37181,Vance County,North Carolina,nsrdb,36.332774,-78.402973,1102934,36.33,-78.42,1.556142
37183,Wake County,North Carolina,wtk,35.795348,-78.679901,2165494,35.80341,-78.68802,1.157493
37183,Wake County,North Carolina,bchrrr,35.795348,-78.679901,2165494,35.80341,-78.68802,1.157493
37183,Wake County,North Carolina,nsrdb,35.795348,-78.679901,1096647,35.81,-78.66,2.423938
37185,Warren County,North Carolina,wtk,36.411308,-78.134448,2185186,36.417038,-78.12201,1.28247
37185,Warren County,North Carolina,bchrrr,36.411308,-78.134448,2185186,36.417038,-78.12201,1.28247
37185,Warren County,North Carolina,nsrdb,36.411308,-78.134448,1110635,36.41,-78.14,0.517688
37187,Washington County,North Carolina,wtk,35.863225,-76.651677,2261706,35.870033,-76.644714,0.983237
37187,Washington County,North Carolina,bchrrr,35.863225,-76.651677,2261706,35.870033,-76.644714,0.983237
37187,Washington County,North Carolina,nsrdb,35.863225,-76.651677,1157047,35.85,-76.66,1.650806
37189,Watauga County,North Carolina,wtk,36.218187,-81.686019,2018644,36.214504,-81.69113,0.614778
37189,Watauga County,North Carolina,bchrrr,36.218187,-81.686019,2018644,36.214504,-81.69113,0.614778
37189,Watauga County,North Carolina,nsrdb,36.218187,-81.686019,1026415,36.21,-81.7,1.549834
37191,Wayne County,North Carolina,wtk,35.372889,-77.98666,2206058,35.376286,-77.996124,0.937531
37191,Wayne County,North Carolina,bchrrr,35.372889,-77.98666,2206058,35.376286,-77.996124,0.937531
37191,Wayne County,North Carolina,nsrdb,35.372889,-77.98666,1115256,35.37,-77.98,0.683995
37193,Wilkes County,North Carolina,wtk,36.191878,-81.133671,2043550,36.188812,-81.14093,0.735249
37193,Wilkes County,North Carolina,bchrrr,36.191878,-81.133671,2043550,36.188812,-81.14093,0.735249
37193,Wilkes County,North Carolina,nsrdb,36.191878,-81.133671,1038624,36.21,-81.14,2.093571
37195,Wilson County,North Carolina,wtk,35.727694,-77.93378,2203753,35.724396,-77.9444,1.026417
37195,Wilson County,North Carolina,bchrrr,35.727694,-77.93378,2203753,35.724396,-77.9444,1.026417
37195,Wilson County,North Carolina,nsrdb,35.727694,-77.93378,1116421,35.73,-77.94,0.617242
37197,Yadkin County,North Carolina,wtk,36.164015,-80.673975,2065046,36.17411,-80.6806,1.270316
37197,Yadkin County,North Carolina,bchrrr,36.164015,-80.673975,2065046,36.17411,-80.6806,1.270316
37197,Yadkin County,North Carolina,nsrdb,36.164015,-80.673975,1049462,36.17,-80.66,1.420098
37199,Yancey County,North Carolina,wtk,35.910934,-82.294651,1995158,35.907993,-82.289215,0.588753
37199,Yancey County,North Carolina,bchrrr,35.910934,-82.294651,1995158,35.907993,-82.289215,0.588753
37199,Yancey County,North Carolina,nsrdb,35.910934,-82.294651,1014090,35.93,-82.3,2.174075
38001,Adams County,North Dakota,wtk,46.035875,-102.621863,995888,46.041508,-102.622986,0.632331
38001,Adams County,North Dakota,bchrrr,46.035875,-102.621863,995888,46.041508,-102.622986,0.632331
38001,Adams County,North Dakota,nsrdb,46.035875,-102.621863,545837,46.05,-102.62,1.577199
38003,Barnes County,North Dakota,wtk,46.926891,-98.030457,1200675,46.921734,-98.0318,0.582432
38003,Barnes County,North Dakota,bchrrr,46.926891,-98.030457,1200675,46.921734,-98.0318,0.582432
38003,Barnes County,North Dakota,nsrdb,46.926891,-98.030457,669984,46.93,-98.02,0.866057
38005,Benson County,North Dakota,wtk,48.022233,-99.149347,1151835,48.014828,-99.15903,1.093923
38005,Benson County,North Dakota,bchrrr,48.022233,-99.149347,1151835,48.014828,-99.15903,1.093923
38005,Benson County,North Dakota,nsrdb,48.022233,-99.149347,639232,48.01,-99.14,1.527623
38007,Billings County,North Dakota,wtk,47.003377,-103.306108,973800,47.00956,-103.31647,1.044038
38007,Billings County,North Dakota,bchrrr,47.003377,-103.306108,973800,47.00956,-103.31647,1.044038
38007,Billings County,North Dakota,nsrdb,47.003377,-103.306108,527923,47.01,-103.3,0.869972
38009,Bottineau County,North Dakota,wtk,48.818996,-100.634872,1089973,48.824615,-100.62192,1.135572
38009,Bottineau County,North Dakota,bchrrr,48.818996,-100.634872,1089973,48.824615,-100.62192,1.135572
38009,Bottineau County,North Dakota,nsrdb,48.818996,-100.634872,599057,48.81,-100.62,1.478664
38011,Bowman County,North Dakota,wtk,46.171008,-103.389771,966434,46.16292,-103.39349,0.943846
38011,Bowman County,North Dakota,bchrrr,46.171008,-103.389771,966434,46.16292,-103.39349,0.943846
38011,Bowman County,North Dakota,nsrdb,46.171008,-103.389771,525846,46.17,-103.38,0.760711
38013,Burke County,North Dakota,wtk,48.760535,-102.539113,1012103,48.755077,-102.539215,0.606949
38013,Burke County,North Dakota,bchrrr,48.760535,-102.539113,1012103,48.755077,-102.539215,0.606949
38013,Burke County,North Dakota,nsrdb,48.760535,-102.539113,547879,48.77,-102.54,1.054467
38015,Burleigh County,North Dakota,wtk,46.823125,-100.761265,1076646,46.824226,-100.75281,0.654843
38015,Burleigh County,North Dakota,bchrrr,46.823125,-100.761265,1076646,46.824226,-100.75281,0.654843
38015,Burleigh County,North Dakota,nsrdb,46.823125,-100.761265,594797,46.81,-100.78,2.040194
38017,Cass County,North Dakota,wtk,46.853249,-96.866099,1254720,46.86169,-96.85806,1.120092
38017,Cass County,North Dakota,bchrrr,46.853249,-96.866099,1254720,46.86169,-96.85806,1.120092
38017,Cass County,North Dakota,nsrdb,46.853249,-96.866099,700568,46.85,-96.86,0.587902
38019,Cavalier County,North Dakota,wtk,48.756288,-98.408748,1186935,48.758236,-98.412964,0.377405
38019,Cavalier County,North Dakota,bchrrr,48.756288,-98.408748,1186935,48.758236,-98.412964,0.377405
38019,Cavalier County,North Dakota,nsrdb,48.756288,-98.408748,658925,48.77,-98.42,1.733471
38021,Dickey County,North Dakota,wtk,46.090319,-98.316652,1185538,46.096363,-98.324066,0.882338
38021,Dickey County,North Dakota,bchrrr,46.090319,-98.316652,1185538,46.096363,-98.324066,0.882338
38021,Dickey County,North Dakota,nsrdb,46.090319,-98.316652,662290,46.09,-98.3,1.284636
38023,Divide County,North Dakota,wtk,48.873183,-103.3405,982281,48.876747,-103.34921,0.750209
38023,Divide County,North Dakota,bchrrr,48.873183,-103.3405,982281,48.876747,-103.34921,0.750209
38023,Divide County,North Dakota,nsrdb,48.873183,-103.3405,526827,48.89,-103.34,1.870325
38025,Dunn County,North Dakota,wtk,47.337233,-102.638056,1001292,47.329994,-102.6427,0.87773
38025,Dunn County,North Dakota,bchrrr,47.337233,-102.638056,1001292,47.329994,-102.6427,0.87773
38025,Dunn County,North Dakota,nsrdb,47.337233,-102.638056,545805,47.33,-102.62,1.580622
38027,Eddy County,North Dakota,wtk,47.705842,-99.056955,1155571,47.700775,-99.057556,0.565218
38027,Eddy County,North Dakota,bchrrr,47.705842,-99.056955,1155571,47.700775,-99.057556,0.565218
38027,Eddy County,North Dakota,nsrdb,47.705842,-99.056955,641422,47.69,-99.06,1.776231
38029,Emmons County,North Dakota,wtk,46.266976,-100.221556,1098403,46.266464,-100.219086,0.198219
38029,Emmons County,North Dakota,bchrrr,46.266976,-100.221556,1098403,46.266464,-100.219086,0.198219
38029,Emmons County,North Dakota,nsrdb,46.266976,-100.221556,609921,46.25,-100.22,1.891434
38031,Foster County,North Dakota,wtk,47.460554,-99.03227,1155558,47.4589,-99.043884,0.892299
38031,Foster County,North Dakota,bchrrr,47.460554,-99.03227,1155558,47.4589,-99.043884,0.892299
38031,Foster County,North Dakota,nsrdb,47.460554,-99.03227,642520,47.45,-99.02,1.492749
38033,Golden Valley County,North Dakota,wtk,46.891033,-103.959296,948700,46.892826,-103.95792,0.225127
38033,Golden Valley County,North Dakota,bchrrr,46.891033,-103.959296,948700,46.892826,-103.95792,0.225127
38033,Golden Valley County,North Dakota,nsrdb,46.891033,-103.959296,511199,46.89,-103.94,1.470797
38035,Grand Forks County,North Dakota,wtk,47.904107,-97.114083,1243489,47.9023,-97.1246,0.809314
38035,Grand Forks County,North Dakota,bchrrr,47.904107,-97.114083,1243489,47.9023,-97.1246,0.809314
38035,Grand Forks County,North Dakota,nsrdb,47.904107,-97.114083,694705,47.89,-97.1,1.887573
38037,Grant County,North Dakota,wtk,46.393585,-101.709957,1034040,46.388866,-101.716675,0.735396
38037,Grant County,North Dakota,bchrrr,46.393585,-101.709957,1034040,46.388866,-101.716675,0.735396
38037,Grant County,North Dakota,nsrdb,46.393585,-101.709957,570163,46.41,-101.7,1.978518
38039,Griggs County,North Dakota,wtk,47.451521,-98.184417,1194402,47.459145,-98.1897,0.936193
38039,Griggs County,North Dakota,bchrrr,47.451521,-98.184417,1194402,47.459145,-98.1897,0.936193
38039,Griggs County,North Dakota,nsrdb,47.451521,-98.184417,665559,47.45,-98.18,0.372709
38041,Hettinger County,North Dakota,wtk,46.452752,-102.564032,1000176,46.456066,-102.56433,0.369207
38041,Hettinger County,North Dakota,bchrrr,46.452752,-102.564032,1000176,46.456066,-102.56433,0.369207
38041,Hettinger County,North Dakota,nsrdb,46.452752,-102.564032,546882,46.45,-102.58,1.261003
38043,Kidder County,North Dakota,wtk,46.91376,-99.803208,1119424,46.91484,-99.80502,0.18266
38043,Kidder County,North Dakota,bchrrr,46.91376,-99.803208,1119424,46.91484,-99.80502,0.18266
38043,Kidder County,North Dakota,nsrdb,46.91376,-99.803208,620751,46.93,-99.82,2.21072
38045,LaMoure County,North Dakota,wtk,46.405095,-98.531059,1176781,46.40895,-98.52643,0.556518
38045,LaMoure County,North Dakota,bchrrr,46.405095,-98.531059,1176781,46.40895,-98.52643,0.556518
38045,LaMoure County,North Dakota,nsrdb,46.405095,-98.531059,655688,46.41,-98.54,0.876022
38047,Logan County,North Dakota,wtk,46.497165,-99.55363,1129328,46.493744,-99.559235,0.573401
38047,Logan County,North Dakota,bchrrr,46.497165,-99.55363,1129328,46.493744,-99.559235,0.573401
38047,Logan County,North Dakota,nsrdb,46.497165,-99.55363,628377,46.49,-99.54,1.312785
38049,McHenry County,North Dakota,wtk,48.179679,-100.7008,1083899,48.18766,-100.70651,0.983247
38049,McHenry County,North Dakota,bchrrr,48.179679,-100.7008,1083899,48.18766,-100.70651,0.983247
38049,McHenry County,North Dakota,nsrdb,48.179679,-100.7008,596917,48.17,-100.7,1.077891
38051,McIntosh County,North Dakota,wtk,46.146091,-99.493037,1131792,46.14179,-99.48282,0.921032
38051,McIntosh County,North Dakota,bchrrr,46.146091,-99.493037,1131792,46.14179,-99.48282,0.921032
38051,McIntosh County,North Dakota,nsrdb,46.146091,-99.493037,629474,46.13,-99.5,1.867942
38053,McKenzie County,North Dakota,wtk,47.815392,-103.249852,980123,47.817074,-103.25958,0.750069
38053,McKenzie County,North Dakota,bchrrr,47.815392,-103.249852,980123,47.817074,-103.25958,0.750069
38053,McKenzie County,North Dakota,nsrdb,47.815392,-103.249852,528953,47.81,-103.26,0.966293
38055,McLean County,North Dakota,wtk,47.524037,-101.227728,1059212,47.531708,-101.22955,0.863878
38055,McLean County,North Dakota,bchrrr,47.524037,-101.227728,1059212,47.531708,-101.22955,0.863878
38055,McLean County,North Dakota,nsrdb,47.524037,-101.227728,582955,47.53,-101.22,0.881096
38057,Mercer County,North Dakota,wtk,47.300931,-101.712009,1038614,47.304485,-101.703094,0.779784
38057,Mercer County,North Dakota,bchrrr,47.300931,-101.712009,1038614,47.304485,-101.703094,0.779784
38057,Mercer County,North Dakota,nsrdb,47.300931,-101.712009,570141,47.29,-101.7,1.515778
38059,Morton County,North Dakota,wtk,46.820838,-100.987481,1066138,46.814026,-100.997314,1.064703
38059,Morton County,North Dakota,bchrrr,46.820838,-100.987481,1066138,46.814026,-100.997314,1.064703
38059,Morton County,North Dakota,nsrdb,46.820838,-100.987481,589417,46.81,-100.98,1.332824
38061,Mountrail County,North Dakota,wtk,48.134814,-102.385176,1015315,48.12899,-102.37848,0.81629
38061,Mountrail County,North Dakota,bchrrr,48.134814,-102.385176,1015315,48.12899,-102.37848,0.81629
38061,Mountrail County,North Dakota,nsrdb,48.134814,-102.385176,552118,48.13,-102.38,0.658856
38063,Nelson County,North Dakota,wtk,47.914083,-98.211463,1194426,47.905807,-98.20792,0.95739
38063,Nelson County,North Dakota,bchrrr,47.914083,-98.211463,1194426,47.905807,-98.20792,0.95739
38063,Nelson County,North Dakota,nsrdb,47.914083,-98.211463,664446,47.93,-98.22,1.880745
38065,Oliver County,North Dakota,wtk,47.120356,-101.307057,1054566,47.118015,-101.2995,0.628268
38065,Oliver County,North Dakota,bchrrr,47.120356,-101.307057,1054566,47.118015,-101.2995,0.628268
38065,Oliver County,North Dakota,nsrdb,47.120356,-101.307057,580822,47.13,-101.3,1.197927
38067,Pembina County,North Dakota,wtk,48.786354,-97.583368,1223437,48.790337,-97.59537,0.984511
38067,Pembina County,North Dakota,bchrrr,48.786354,-97.583368,1223437,48.790337,-97.59537,0.984511
38067,Pembina County,North Dakota,nsrdb,48.786354,-97.583368,682103,48.77,-97.58,1.835154
38069,Pierce County,North Dakota,wtk,48.327988,-99.985387,1115789,48.32542,-99.98993,0.440849
38069,Pierce County,North Dakota,bchrrr,48.327988,-99.985387,1115789,48.32542,-99.98993,0.440849
38069,Pierce County,North Dakota,nsrdb,48.327988,-99.985387,616369,48.33,-99.98,0.45679
38071,Ramsey County,North Dakota,wtk,48.129997,-98.834549,1166858,48.13478,-98.83124,0.585803
38071,Ramsey County,North Dakota,bchrrr,48.129997,-98.834549,1166858,48.13478,-98.83124,0.585803
38071,Ramsey County,North Dakota,nsrdb,48.129997,-98.834549,647966,48.13,-98.82,1.079774
38073,Ransom County,North Dakota,wtk,46.473333,-97.654102,1217027,46.48041,-97.66376,1.079905
38073,Ransom County,North Dakota,bchrrr,46.473333,-97.654102,1217027,46.48041,-97.66376,1.079905
38073,Ransom County,North Dakota,nsrdb,46.473333,-97.654102,679948,46.49,-97.66,1.907516
38075,Renville County,North Dakota,wtk,48.71223,-101.513448,1052353,48.712692,-101.51611,0.201956
38075,Renville County,North Dakota,bchrrr,48.71223,-101.513448,1052353,48.712692,-101.51611,0.201956
38075,Renville County,North Dakota,nsrdb,48.71223,-101.513448,575436,48.73,-101.5,2.208517
38077,Richland County,North Dakota,wtk,46.26544,-96.765068,1258450,46.266228,-96.767975,0.240028
38077,Richland County,North Dakota,bchrrr,46.26544,-96.765068,1258450,46.266228,-96.767975,0.240028
38077,Richland County,North Dakota,nsrdb,46.26544,-96.765068,702463,46.25,-96.78,2.065306
38079,Rolette County,North Dakota,wtk,48.837565,-99.815646,1125732,48.834396,-99.802155,1.048405
38079,Rolette County,North Dakota,bchrrr,48.837565,-99.815646,1125732,48.834396,-99.802155,1.048405
38079,Rolette County,North Dakota,nsrdb,48.837565,-99.815646,620703,48.85,-99.82,1.418946
38081,Sargent County,North Dakota,wtk,46.166227,-97.587844,1219524,46.16456,-97.600464,0.989402
38081,Sargent County,North Dakota,bchrrr,46.166227,-97.587844,1219524,46.16456,-97.600464,0.989402
38081,Sargent County,North Dakota,nsrdb,46.166227,-97.587844,682168,46.17,-97.58,0.73545
38083,Sheridan County,North Dakota,wtk,47.581722,-100.333494,1098474,47.586914,-100.322296,1.019157
38083,Sheridan County,North Dakota,bchrrr,47.581722,-100.333494,1098474,47.586914,-100.322296,1.019157
38083,Sheridan County,North Dakota,nsrdb,47.581722,-100.333494,606645,47.57,-100.34,1.3918
38085,Sioux County,North Dakota,wtk,46.166775,-100.727343,1075431,46.172318,-100.723816,0.673542
38085,Sioux County,North Dakota,bchrrr,46.166775,-100.727343,1075431,46.172318,-100.723816,0.673542
38085,Sioux County,North Dakota,nsrdb,46.166775,-100.727343,595890,46.17,-100.74,1.038556
38087,Slope County,North Dakota,wtk,46.418378,-103.415936,966448,46.422604,-103.428406,1.06513
38087,Slope County,North Dakota,bchrrr,46.418378,-103.415936,966448,46.422604,-103.428406,1.06513
38087,Slope County,North Dakota,nsrdb,46.418378,-103.415936,524791,46.41,-103.42,0.982309
38089,Stark County,North Dakota,wtk,46.88332,-102.784955,993809,46.892246,-102.78088,1.039716
38089,Stark County,North Dakota,bchrrr,46.88332,-102.784955,993809,46.892246,-102.78088,1.039716
38089,Stark County,North Dakota,nsrdb,46.88332,-102.784955,541599,46.89,-102.78,0.83278
38091,Steele County,North Dakota,wtk,47.459854,-97.7505,1214566,47.466476,-97.749176,0.74303
38091,Steele County,North Dakota,bchrrr,47.459854,-97.7505,1214566,47.466476,-97.749176,0.74303
38091,Steele County,North Dakota,nsrdb,47.459854,-97.7505,677712,47.45,-97.74,1.350497
38093,Stutsman County,North Dakota,wtk,46.917432,-98.739483,1168045,46.925922,-98.7413,0.954078
38093,Stutsman County,North Dakota,bchrrr,46.917432,-98.739483,1168045,46.925922,-98.7413,0.954078
38093,Stutsman County,North Dakota,nsrdb,46.917432,-98.739483,650187,46.93,-98.74,1.398051
38095,Towner County,North Dakota,wtk,48.575593,-99.233067,1150614,48.57193,-99.2204,1.017067
38095,Towner County,North Dakota,bchrrr,48.575593,-99.233067,1150614,48.57193,-99.2204,1.017067
38095,Towner County,North Dakota,nsrdb,48.575593,-99.233067,637038,48.57,-99.22,1.145014
38097,Traill County,North Dakota,wtk,47.489415,-97.221523,1238447,47.49167,-97.22632,0.439068
38097,Traill County,North Dakota,bchrrr,47.489415,-97.221523,1238447,47.49167,-97.22632,0.439068
38097,Traill County,North Dakota,nsrdb,47.489415,-97.221523,691636,47.49,-97.22,0.13163
38099,Walsh County,North Dakota,wtk,48.392385,-97.556168,1224673,48.400078,-97.5556,0.856451
38099,Walsh County,North Dakota,bchrrr,48.392385,-97.556168,1224673,48.400078,-97.5556,0.856451
38099,Walsh County,North Dakota,nsrdb,48.392385,-97.556168,683215,48.41,-97.54,2.293718
38101,Ward County,North Dakota,wtk,48.251001,-101.324396,1058094,48.25489,-101.32858,0.531944
38101,Ward County,North Dakota,bchrrr,48.251001,-101.324396,1058094,48.25489,-101.32858,0.531944
38101,Ward County,North Dakota,nsrdb,48.251001,-101.324396,579724,48.25,-101.34,1.160701
38103,Wells County,North Dakota,wtk,47.673532,-99.776423,1123186,47.68012,-99.776,0.733237
38103,Wells County,North Dakota,bchrrr,47.673532,-99.776423,1123186,47.68012,-99.776,0.733237
38103,Wells County,North Dakota,nsrdb,47.673532,-99.776423,621819,47.69,-99.78,1.850637
38105,Williams County,North Dakota,wtk,48.198157,-103.581754,969683,48.18905,-103.5907,1.210451
38105,Williams County,North Dakota,bchrrr,48.198157,-103.581754,969683,48.18905,-103.5907,1.210451
38105,Williams County,North Dakota,nsrdb,48.198157,-103.581754,520553,48.21,-103.58,1.323283
39001,Adams County,Ohio,wtk,38.851155,-83.519152,1918556,38.853302,-83.512085,0.656885
39001,Adams County,Ohio,bchrrr,38.851155,-83.519152,1918556,38.853302,-83.512085,0.656885
39001,Adams County,Ohio,nsrdb,38.851155,-83.519152,989114,38.85,-83.5,1.663471
39003,Allen County,Ohio,wtk,40.757216,-84.123676,1873699,40.763756,-84.13165,0.989896
39003,Allen County,Ohio,bchrrr,40.757216,-84.123676,1873699,40.763756,-84.13165,0.989896
39003,Allen County,Ohio,nsrdb,40.757216,-84.123676,975174,40.77,-84.14,1.977579
39005,Ashland County,Ohio,wtk,40.854404,-82.284311,1950835,40.856697,-82.27344,0.949177
39005,Ashland County,Ohio,bchrrr,40.854404,-82.284311,1950835,40.856697,-82.27344,0.949177
39005,Ashland County,Ohio,nsrdb,40.854404,-82.284311,1013967,40.85,-82.3,1.407505
39007,Ashtabula County,Ohio,wtk,41.792144,-80.768942,2001568,41.78274,-80.765594,1.081894
39007,Ashtabula County,Ohio,bchrrr,41.792144,-80.768942,2001568,41.78274,-80.765594,1.081894
39007,Ashtabula County,Ohio,nsrdb,41.792144,-80.768942,1046598,41.81,-80.78,2.186869
39009,Athens County,Ohio,wtk,39.342729,-82.099621,1971271,39.34671,-82.10065,0.451425
39009,Athens County,Ohio,bchrrr,39.342729,-82.099621,1971271,39.34671,-82.10065,0.451425
39009,Athens County,Ohio,nsrdb,39.342729,-82.099621,1018125,39.33,-82.1,1.415777
39011,Auglaize County,Ohio,wtk,40.543994,-84.272451,1869459,40.536003,-84.275116,0.916654
39011,Auglaize County,Ohio,bchrrr,40.543994,-84.272451,1869459,40.536003,-84.275116,0.916654
39011,Auglaize County,Ohio,nsrdb,40.543994,-84.272451,972629,40.53,-84.26,1.878416
39013,Belmont County,Ohio,wtk,40.042451,-80.892923,2014748,40.041595,-80.882385,0.902114
39013,Belmont County,Ohio,bchrrr,40.042451,-80.892923,2014748,40.041595,-80.882385,0.902114
39013,Belmont County,Ohio,nsrdb,40.042451,-80.892923,1043970,40.05,-80.9,1.033206
39015,Brown County,Ohio,wtk,38.952079,-83.892841,1900076,38.95626,-83.900635,0.81875
39015,Brown County,Ohio,bchrrr,38.952079,-83.892841,1900076,38.95626,-83.900635,0.81875
39015,Brown County,Ohio,nsrdb,38.952079,-83.892841,980368,38.97,-83.9,2.086649
39017,Butler County,Ohio,wtk,39.41063,-84.498425,1869398,39.41699,-84.488495,1.10808
39017,Butler County,Ohio,bchrrr,39.41063,-84.498425,1869398,39.41699,-84.488495,1.10808
39017,Butler County,Ohio,nsrdb,39.41063,-84.498425,967568,39.41,-84.5,0.152369
39019,Carroll County,Ohio,wtk,40.608769,-81.11424,1999472,40.603725,-81.114075,0.561041
39019,Carroll County,Ohio,bchrrr,40.608769,-81.11424,1999472,40.603725,-81.114075,0.561041
39019,Carroll County,Ohio,nsrdb,40.608769,-81.11424,1039401,40.61,-81.1,1.209843
39021,Champaign County,Ohio,wtk,40.121158,-83.756492,1895636,40.12113,-83.76654,0.854378
39021,Champaign County,Ohio,bchrrr,40.121158,-83.756492,1895636,40.12113,-83.76654,0.854378
39021,Champaign County,Ohio,nsrdb,40.121158,-83.756492,983849,40.13,-83.74,1.712555
39023,Clark County,Ohio,wtk,39.92755,-83.831712,1894500,39.92235,-83.8309,0.582346
39023,Clark County,Ohio,bchrrr,39.92755,-83.831712,1894500,39.92235,-83.8309,0.582346
39023,Clark County,Ohio,nsrdb,39.92755,-83.831712,982094,39.93,-83.82,1.035164
39025,Clermont County,Ohio,wtk,39.104937,-84.213852,1884376,39.104588,-84.20926,0.398124
39025,Clermont County,Ohio,bchrrr,39.104937,-84.213852,1884376,39.104588,-84.20926,0.398124
39025,Clermont County,Ohio,nsrdb,39.104937,-84.213852,973515,39.09,-84.22,1.743599
39027,Clinton County,Ohio,wtk,39.411451,-83.842939,1898975,39.416595,-83.83411,0.949973
39027,Clinton County,Ohio,bchrrr,39.411451,-83.842939,1898975,39.416595,-83.83411,0.949973
39027,Clinton County,Ohio,nsrdb,39.411451,-83.842939,981231,39.41,-83.86,1.47458
39029,Columbiana County,Ohio,wtk,40.780285,-80.730719,2013763,40.77386,-80.72244,0.998189
39029,Columbiana County,Ohio,bchrrr,40.780285,-80.730719,2013763,40.77386,-80.72244,0.998189
39029,Columbiana County,Ohio,nsrdb,40.780285,-80.730719,1047529,40.77,-80.74,1.385163
39031,Coshocton County,Ohio,wtk,40.291487,-81.863133,1972314,40.292545,-81.85828,0.42809
39031,Coshocton County,Ohio,bchrrr,40.291487,-81.863133,1972314,40.292545,-81.85828,0.42809
39031,Coshocton County,Ohio,nsrdb,40.291487,-81.863133,1023017,40.29,-81.86,0.312973
39033,Crawford County,Ohio,wtk,40.796314,-82.873492,1927897,40.80291,-82.88266,1.06465
39033,Crawford County,Ohio,bchrrr,40.796314,-82.873492,1927897,40.80291,-82.88266,1.06465
39033,Crawford County,Ohio,nsrdb,40.796314,-82.873492,1002469,40.81,-82.86,1.898832
39035,Cuyahoga County,Ohio,wtk,41.448411,-81.677384,1968421,41.456837,-81.68146,0.99661
39035,Cuyahoga County,Ohio,bchrrr,41.448411,-81.677384,1968421,41.456837,-81.68146,0.99661
39035,Cuyahoga County,Ohio,nsrdb,41.448411,-81.677384,1027113,41.45,-81.66,1.459612
39037,Darke County,Ohio,wtk,40.116129,-84.606296,1858831,40.12212,-84.599945,0.857567
39037,Darke County,Ohio,bchrrr,40.116129,-84.606296,1858831,40.12212,-84.599945,0.857567
39037,Darke County,Ohio,nsrdb,40.116129,-84.606296,965018,40.13,-84.62,1.933044
39039,Defiance County,Ohio,wtk,41.294761,-84.448737,1855685,41.2874,-84.45239,0.873557
39039,Defiance County,Ohio,bchrrr,41.294761,-84.448737,1855685,41.2874,-84.45239,0.873557
39039,Defiance County,Ohio,nsrdb,41.294761,-84.448737,968369,41.29,-84.46,1.079684
39041,Delaware County,Ohio,wtk,40.213435,-83.012336,1927865,40.21702,-83.0094,0.47017
39041,Delaware County,Ohio,bchrrr,40.213435,-83.012336,1927865,40.21702,-83.0094,0.47017
39041,Delaware County,Ohio,nsrdb,40.213435,-83.012336,999157,40.21,-83.02,0.754601
39043,Erie County,Ohio,wtk,41.40534,-82.627327,1932759,41.410416,-82.62311,0.665029
39043,Erie County,Ohio,bchrrr,41.40534,-82.627327,1932759,41.410416,-82.62311,0.665029
39043,Erie County,Ohio,nsrdb,41.40534,-82.627327,1007411,41.41,-82.62,0.801185
39045,Fairfield County,Ohio,wtk,39.799358,-82.672959,1944059,39.799652,-82.68262,0.825986
39045,Fairfield County,Ohio,bchrrr,39.799358,-82.672959,1944059,39.799652,-82.68262,0.825986
39045,Fairfield County,Ohio,nsrdb,39.799358,-82.672959,1006627,39.81,-82.66,1.620415
39047,Fayette County,Ohio,wtk,39.548508,-83.443864,1915426,39.556904,-83.44147,0.95589
39047,Fayette County,Ohio,bchrrr,39.548508,-83.443864,1915426,39.556904,-83.44147,0.95589
39047,Fayette County,Ohio,nsrdb,39.548508,-83.443864,989966,39.53,-83.46,2.479916
39049,Franklin County,Ohio,wtk,40.001223,-82.992179,1930774,40.00673,-82.980774,1.148321
39049,Franklin County,Ohio,bchrrr,40.001223,-82.992179,1930774,40.00673,-82.980774,1.148321
39049,Franklin County,Ohio,nsrdb,40.001223,-82.992179,999990,40.01,-82.98,1.424269
39051,Fulton County,Ohio,wtk,41.57813,-84.095222,1868458,41.5857,-84.09308,0.860395
39051,Fulton County,Ohio,bchrrr,41.57813,-84.095222,1868458,41.5857,-84.09308,0.860395
39051,Fulton County,Ohio,nsrdb,41.57813,-84.095222,976001,41.57,-84.1,0.987531
39053,Gallia County,Ohio,wtk,38.83179,-82.275227,1969264,38.824245,-82.26636,1.137472
39053,Gallia County,Ohio,bchrrr,38.83179,-82.275227,1969264,38.824245,-82.26636,1.137472
39053,Gallia County,Ohio,nsrdb,38.83179,-82.275227,1014836,38.85,-82.26,2.41646
39055,Geauga County,Ohio,wtk,41.487508,-81.223384,1986380,41.48777,-81.22006,0.278405
39055,Geauga County,Ohio,bchrrr,41.487508,-81.223384,1986380,41.48777,-81.22006,0.278405
39055,Geauga County,Ohio,nsrdb,41.487508,-81.223384,1036679,41.49,-81.22,0.395264
39057,Greene County,Ohio,wtk,39.725799,-83.997184,1888861,39.716408,-83.993744,1.084889
39057,Greene County,Ohio,bchrrr,39.725799,-83.997184,1888861,39.716408,-83.993744,1.084889
39057,Greene County,Ohio,nsrdb,39.725799,-83.997184,978624,39.73,-83.98,1.542013
39059,Guernsey County,Ohio,wtk,40.017748,-81.541948,1987307,40.024136,-81.55179,1.098607
39059,Guernsey County,Ohio,bchrrr,40.017748,-81.541948,1987307,40.024136,-81.55179,1.098607
39059,Guernsey County,Ohio,nsrdb,40.017748,-81.541948,1029661,40.01,-81.54,0.877367
39061,Hamilton County,Ohio,wtk,39.181056,-84.509099,1870442,39.17609,-84.50934,0.552585
39061,Hamilton County,Ohio,bchrrr,39.181056,-84.509099,1870442,39.17609,-84.50934,0.552585
39061,Hamilton County,Ohio,nsrdb,39.181056,-84.509099,967574,39.17,-84.5,1.458265
39063,Hancock County,Ohio,wtk,41.038817,-83.642058,1892310,41.046597,-83.65219,1.212612
39063,Hancock County,Ohio,bchrrr,41.038817,-83.642058,1892310,41.046597,-83.65219,1.212612
39063,Hancock County,Ohio,nsrdb,41.038817,-83.642058,985578,41.05,-83.66,1.952008
39065,Hardin County,Ohio,wtk,40.687272,-83.673064,1894542,40.692333,-83.67526,0.592434
39065,Hardin County,Ohio,bchrrr,40.687272,-83.673064,1894542,40.692333,-83.67526,0.592434
39065,Hardin County,Ohio,nsrdb,40.687272,-83.673064,985587,40.69,-83.66,1.142499
39067,Harrison County,Ohio,wtk,40.308309,-81.052887,2004541,40.313053,-81.06198,0.934196
39067,Harrison County,Ohio,bchrrr,40.308309,-81.052887,2004541,40.313053,-81.06198,0.934196
39067,Harrison County,Ohio,nsrdb,40.308309,-81.052887,1040315,40.29,-81.06,2.123358
39069,Henry County,Ohio,wtk,41.360177,-84.07815,1870561,41.359703,-84.088135,0.835014
39069,Henry County,Ohio,bchrrr,41.360177,-84.07815,1870561,41.359703,-84.088135,0.835014
39069,Henry County,Ohio,nsrdb,41.360177,-84.07815,976864,41.37,-84.06,1.867434
39071,Highland County,Ohio,wtk,39.219126,-83.581986,1912203,39.21791,-83.58319,0.170413
39071,Highland County,Ohio,bchrrr,39.219126,-83.581986,1912203,39.21791,-83.58319,0.170413
39071,Highland County,Ohio,nsrdb,39.219126,-83.581986,987363,39.21,-83.58,1.02909
39073,Hocking County,Ohio,wtk,39.524899,-82.449677,1955598,39.52502,-82.45007,0.036294
39073,Hocking County,Ohio,bchrrr,39.524899,-82.449677,1955598,39.52502,-82.45007,0.036294
39073,Hocking County,Ohio,nsrdb,39.524899,-82.449677,1010736,39.53,-82.46,1.051478
39075,Holmes County,Ohio,wtk,40.568213,-81.86956,1969360,40.576294,-81.86603,0.946741
39075,Holmes County,Ohio,bchrrr,40.568213,-81.86956,1969360,40.576294,-81.86603,0.946741
39075,Holmes County,Ohio,nsrdb,40.568213,-81.86956,1023010,40.57,-81.86,0.831586
39077,Huron County,Ohio,wtk,41.176384,-82.613748,1934637,41.184425,-82.62366,1.219663
39077,Huron County,Ohio,bchrrr,41.176384,-82.613748,1934637,41.184425,-82.62366,1.219663
39077,Huron County,Ohio,nsrdb,41.176384,-82.613748,1007417,41.17,-82.62,0.881898
39079,Jackson County,Ohio,wtk,39.035842,-82.610924,1953633,39.038326,-82.60541,0.550543
39079,Jackson County,Ohio,bchrrr,39.035842,-82.610924,1953633,39.038326,-82.60541,0.550543
39079,Jackson County,Ohio,nsrdb,39.035842,-82.610924,1007470,39.05,-82.62,1.758636
39081,Jefferson County,Ohio,wtk,40.365484,-80.692347,2018873,40.37363,-80.69989,1.10852
39081,Jefferson County,Ohio,bchrrr,40.365484,-80.692347,2018873,40.37363,-80.69989,1.10852
39081,Jefferson County,Ohio,nsrdb,40.365484,-80.692347,1048445,40.37,-80.7,0.820082
39083,Knox County,Ohio,wtk,40.400283,-82.454303,1947923,40.390594,-82.45346,1.079732
39083,Knox County,Ohio,bchrrr,40.400283,-82.454303,1947923,40.390594,-82.45346,1.079732
39083,Knox County,Ohio,nsrdb,40.400283,-82.454303,1010714,40.41,-82.46,1.183273
39085,Lake County,Ohio,wtk,41.685008,-81.319782,1980368,41.690853,-81.32117,0.660076
39085,Lake County,Ohio,bchrrr,41.685008,-81.319782,1980368,41.690853,-81.32117,0.660076
39085,Lake County,Ohio,nsrdb,41.685008,-81.319782,1034864,41.69,-81.3,1.733922
39087,Lawrence County,Ohio,wtk,38.501398,-82.538812,1961385,38.502926,-82.529205,0.853088
39087,Lawrence County,Ohio,bchrrr,38.501398,-82.538812,1961385,38.502926,-82.529205,0.853088
39087,Lawrence County,Ohio,nsrdb,38.501398,-82.538812,1009126,38.49,-82.54,1.271612
39089,Licking County,Ohio,wtk,40.05106,-82.521551,1947905,40.0615,-82.526886,1.246518
39089,Licking County,Ohio,bchrrr,40.05106,-82.521551,1947905,40.0615,-82.526886,1.246518
39089,Licking County,Ohio,nsrdb,40.05106,-82.521551,1009087,40.05,-82.54,1.574746
39091,Logan County,Ohio,wtk,40.382633,-83.776809,1892274,40.38624,-83.786865,0.941442
39091,Logan County,Ohio,bchrrr,40.382633,-83.776809,1892274,40.38624,-83.786865,0.941442
39091,Logan County,Ohio,nsrdb,40.382633,-83.776809,982963,40.37,-83.78,1.430498
39093,Lorain County,Ohio,wtk,41.391668,-82.110206,1952794,41.380905,-82.10214,1.373
39093,Lorain County,Ohio,bchrrr,41.391668,-82.110206,1952794,41.380905,-82.10214,1.373
39093,Lorain County,Ohio,nsrdb,41.391668,-82.110206,1018073,41.41,-82.1,2.209034
39095,Lucas County,Ohio,wtk,41.651951,-83.62032,1887846,41.64541,-83.628265,0.982237
39095,Lucas County,Ohio,bchrrr,41.651951,-83.62032,1887846,41.64541,-83.628265,0.982237
39095,Lucas County,Ohio,nsrdb,41.651951,-83.62032,986433,41.65,-83.62,0.218565
39097,Madison County,Ohio,wtk,39.923531,-83.378402,1914382,39.925873,-83.38983,1.00871
39097,Madison County,Ohio,bchrrr,39.923531,-83.378402,1914382,39.925873,-83.38983,1.00871
39097,Madison County,Ohio,nsrdb,39.923531,-83.378402,991673,39.93,-83.38,0.732114
39099,Mahoning County,Ohio,wtk,41.048246,-80.697006,2011731,41.054333,-80.700745,0.745936
39099,Mahoning County,Ohio,bchrrr,41.048246,-80.697006,2011731,41.054333,-80.700745,0.745936
39099,Mahoning County,Ohio,nsrdb,41.048246,-80.697006,1048428,41.05,-80.7,0.317923
39101,Marion County,Ohio,wtk,40.582108,-83.127059,1919697,40.588787,-83.12735,0.743078
39101,Marion County,Ohio,bchrrr,40.582108,-83.127059,1919697,40.588787,-83.12735,0.743078
39101,Marion County,Ohio,nsrdb,40.582108,-83.127059,996679,40.57,-83.14,1.734136
39103,Medina County,Ohio,wtk,41.14417,-81.837746,1965450,41.13761,-81.83322,0.822028
39103,Medina County,Ohio,bchrrr,41.14417,-81.837746,1965450,41.13761,-81.83322,0.822028
39103,Medina County,Ohio,nsrdb,41.14417,-81.837746,1023818,41.13,-81.82,2.165928
39105,Meigs County,Ohio,wtk,39.061475,-82.01116,1977224,39.07218,-82.017395,1.306396
39105,Meigs County,Ohio,bchrrr,39.061475,-82.01116,1977224,39.07218,-82.017395,1.306396
39105,Meigs County,Ohio,nsrdb,39.061475,-82.01116,1019772,39.05,-82.02,1.486848
39107,Mercer County,Ohio,wtk,40.515598,-84.606432,1855643,40.515633,-84.5997,0.569094
39107,Mercer County,Ohio,bchrrr,40.515598,-84.606432,1855643,40.515633,-84.5997,0.569094
39107,Mercer County,Ohio,nsrdb,40.515598,-84.606432,965008,40.53,-84.62,1.969722
39109,Miami County,Ohio,wtk,40.039898,-84.229526,1875772,40.042633,-84.223236,0.615797
39109,Miami County,Ohio,bchrrr,40.039898,-84.229526,1875772,40.042633,-84.223236,0.615797
39109,Miami County,Ohio,nsrdb,40.039898,-84.229526,973491,40.05,-84.22,1.385401
39111,Monroe County,Ohio,wtk,39.743959,-81.066737,2009613,39.74927,-81.0777,1.107821
39111,Monroe County,Ohio,bchrrr,39.743959,-81.066737,2009613,39.74927,-81.0777,1.107821
39111,Monroe County,Ohio,nsrdb,39.743959,-81.066737,1040329,39.73,-81.06,1.655623
39113,Montgomery County,Ohio,wtk,39.744183,-84.206395,1878955,39.7411,-84.20822,0.376656
39113,Montgomery County,Ohio,bchrrr,39.744183,-84.206395,1878955,39.7411,-84.20822,0.376656
39113,Montgomery County,Ohio,nsrdb,39.744183,-84.206395,973499,39.73,-84.22,1.959723
39115,Morgan County,Ohio,wtk,39.615975,-81.865963,1978253,39.615982,-81.86835,0.204466
39115,Morgan County,Ohio,bchrrr,39.615975,-81.865963,1978253,39.615982,-81.86835,0.204466
39115,Morgan County,Ohio,nsrdb,39.615975,-81.865963,1023034,39.61,-81.86,0.838051
39117,Morrow County,Ohio,wtk,40.51851,-82.793821,1933655,40.510048,-82.79788,1.001545
39117,Morrow County,Ohio,bchrrr,40.51851,-82.793821,1933655,40.510048,-82.79788,1.001545
39117,Morrow County,Ohio,nsrdb,40.51851,-82.793821,1004141,40.53,-82.78,1.731187
39119,Muskingum County,Ohio,wtk,39.963489,-81.996849,1969327,39.973602,-82.006226,1.37953
39119,Muskingum County,Ohio,bchrrr,39.963489,-81.996849,1969327,39.973602,-82.006226,1.37953
39119,Muskingum County,Ohio,nsrdb,39.963489,-81.996849,1020567,39.97,-81.98,1.608098
39121,Noble County,Ohio,wtk,39.772941,-81.48709,1992336,39.770412,-81.48944,0.345569
39121,Noble County,Ohio,bchrrr,39.772941,-81.48709,1992336,39.770412,-81.48944,0.345569
39121,Noble County,Ohio,nsrdb,39.772941,-81.48709,1030530,39.77,-81.5,1.150794
39123,Ottawa County,Ohio,wtk,41.532538,-83.08039,1913401,41.52313,-83.07568,1.117185
39123,Ottawa County,Ohio,bchrrr,41.532538,-83.08039,1913401,41.52313,-83.07568,1.117185
39123,Ottawa County,Ohio,nsrdb,41.532538,-83.08039,997481,41.53,-83.1,1.656552
39125,Paulding County,Ohio,wtk,41.132652,-84.588517,1851338,41.132576,-84.58188,0.555919
39125,Paulding County,Ohio,bchrrr,41.132652,-84.588517,1851338,41.132576,-84.58188,0.555919
39125,Paulding County,Ohio,nsrdb,41.132652,-84.588517,965836,41.13,-84.58,0.771872
39127,Perry County,Ohio,wtk,39.758487,-82.238047,1962432,39.758636,-82.2269,0.952999
39127,Perry County,Ohio,bchrrr,39.758487,-82.238047,1962432,39.758636,-82.2269,0.952999
39127,Perry County,Ohio,nsrdb,39.758487,-82.238047,1015639,39.77,-82.22,2.004577
39129,Pickaway County,Ohio,wtk,39.671078,-82.992743,1932664,39.671486,-83.00339,0.912395
39129,Pickaway County,Ohio,bchrrr,39.671078,-82.992743,1932664,39.671486,-83.00339,0.912395
39129,Pickaway County,Ohio,nsrdb,39.671078,-82.992743,999998,39.69,-82.98,2.369848
39131,Pike County,Ohio,wtk,39.084195,-83.036613,1936415,39.074657,-83.03256,1.11679
39131,Pike County,Ohio,bchrrr,39.084195,-83.036613,1936415,39.074657,-83.03256,1.11679
39131,Pike County,Ohio,nsrdb,39.084195,-83.036613,999185,39.09,-83.02,1.572435
39133,Portage County,Ohio,wtk,41.180798,-81.27695,1987370,41.173912,-81.2728,0.840784
39133,Portage County,Ohio,bchrrr,41.180798,-81.27695,1987370,41.173912,-81.2728,0.840784
39133,Portage County,Ohio,nsrdb,41.180798,-81.27695,1035781,41.17,-81.26,1.858552
39135,Preble County,Ohio,wtk,39.74324,-84.625377,1860941,39.74985,-84.620636,0.839357
39135,Preble County,Ohio,bchrrr,39.74324,-84.625377,1860941,39.74985,-84.620636,0.839357
39135,Preble County,Ohio,nsrdb,39.74324,-84.625377,965028,39.73,-84.62,1.542347
39137,Putnam County,Ohio,wtk,41.008257,-84.115485,1872655,41.005203,-84.108734,0.660475
39137,Putnam County,Ohio,bchrrr,41.008257,-84.115485,1872655,41.005203,-84.108734,0.660475
39137,Putnam County,Ohio,nsrdb,41.008257,-84.115485,976015,41.01,-84.1,1.313697
39139,Richland County,Ohio,wtk,40.761549,-82.540421,1941252,40.75998,-82.54416,0.360011
39139,Richland County,Ohio,bchrrr,40.761549,-82.540421,1941252,40.75998,-82.54416,0.360011
39139,Richland County,Ohio,nsrdb,40.761549,-82.540421,1009069,40.77,-82.54,0.940378
39141,Ross County,Ohio,wtk,39.34168,-83.023017,1934536,39.336445,-83.02579,0.629061
39141,Ross County,Ohio,bchrrr,39.34168,-83.023017,1934536,39.336445,-83.02579,0.629061
39141,Ross County,Ohio,nsrdb,39.34168,-83.023017,999179,39.33,-83.02,1.324424
39143,Sandusky County,Ohio,wtk,41.340365,-83.100516,1914459,41.33676,-83.091034,0.887334
39143,Sandusky County,Ohio,bchrrr,41.340365,-83.100516,1914459,41.33676,-83.091034,0.887334
39143,Sandusky County,Ohio,nsrdb,41.340365,-83.100516,997486,41.33,-83.1,1.153342
39145,Scioto County,Ohio,wtk,38.78089,-82.944709,1942096,38.78279,-82.94946,0.462851
39145,Scioto County,Ohio,bchrrr,38.78089,-82.944709,1942096,38.78279,-82.94946,0.462851
39145,Scioto County,Ohio,nsrdb,38.78089,-82.944709,1000852,38.77,-82.94,1.277871
39147,Seneca County,Ohio,wtk,41.127756,-83.202126,1911233,41.125633,-83.21155,0.823884
39147,Seneca County,Ohio,bchrrr,41.127756,-83.202126,1911233,41.125633,-83.21155,0.823884
39147,Seneca County,Ohio,nsrdb,41.127756,-83.202126,995009,41.13,-83.22,1.517701
39149,Shelby County,Ohio,wtk,40.319531,-84.19429,1874731,40.320538,-84.19382,0.118852
39149,Shelby County,Ohio,bchrrr,40.319531,-84.19429,1874731,40.320538,-84.19382,0.118852
39149,Shelby County,Ohio,nsrdb,40.319531,-84.19429,974335,40.33,-84.18,1.680079
39151,Stark County,Ohio,wtk,40.837599,-81.38894,1986344,40.830402,-81.38217,0.982263
39151,Stark County,Ohio,bchrrr,40.837599,-81.38894,1986344,40.830402,-81.38217,0.982263
39151,Stark County,Ohio,nsrdb,40.837599,-81.38894,1033099,40.85,-81.38,1.570663
39153,Summit County,Ohio,wtk,41.116151,-81.511849,1978335,41.112915,-81.51343,0.383429
39153,Summit County,Ohio,bchrrr,41.116151,-81.511849,1978335,41.112915,-81.51343,0.383429
39153,Summit County,Ohio,nsrdb,41.116151,-81.511849,1030496,41.13,-81.5,1.832073
39155,Trumbull County,Ohio,wtk,41.240483,-80.759978,2007651,41.232536,-80.755554,0.957974
39155,Trumbull County,Ohio,bchrrr,41.240483,-80.759978,2007651,41.232536,-80.755554,0.957974
39155,Trumbull County,Ohio,nsrdb,41.240483,-80.759978,1047517,41.25,-80.74,1.977317
39157,Tuscarawas County,Ohio,wtk,40.481356,-81.467019,1986325,40.483593,-81.46631,0.255869
39157,Tuscarawas County,Ohio,bchrrr,40.481356,-81.467019,1986325,40.483593,-81.46631,0.255869
39157,Tuscarawas County,Ohio,nsrdb,40.481356,-81.467019,1031380,40.49,-81.46,1.129698
39159,Union County,Ohio,wtk,40.241865,-83.334927,1914399,40.237183,-83.32504,0.987586
39159,Union County,Ohio,bchrrr,40.241865,-83.334927,1914399,40.237183,-83.32504,0.987586
39159,Union County,Ohio,nsrdb,40.241865,-83.334927,992522,40.25,-83.34,1.001814
39161,Van Wert County,Ohio,wtk,40.856235,-84.565852,1854583,40.848953,-84.56131,0.895314
39161,Van Wert County,Ohio,bchrrr,40.856235,-84.565852,1854583,40.848953,-84.56131,0.895314
39161,Van Wert County,Ohio,nsrdb,40.856235,-84.565852,965843,40.85,-84.58,1.377181
39163,Vinton County,Ohio,wtk,39.241187,-82.504288,1955583,39.251163,-82.5105,1.231529
39163,Vinton County,Ohio,bchrrr,39.241187,-82.504288,1955583,39.251163,-82.5105,1.231529
39163,Vinton County,Ohio,nsrdb,39.241187,-82.504288,1009930,39.25,-82.5,1.047223
39165,Warren County,Ohio,wtk,39.423263,-84.243931,1880019,39.426826,-84.24432,0.397594
39165,Warren County,Ohio,bchrrr,39.423263,-84.243931,1880019,39.426826,-84.24432,0.397594
39165,Warren County,Ohio,nsrdb,39.423263,-84.243931,972657,39.41,-84.26,2.020011
39167,Washington County,Ohio,wtk,39.409803,-81.51762,1994339,39.417477,-81.52435,1.03073
39167,Washington County,Ohio,bchrrr,39.409803,-81.51762,1994339,39.417477,-81.52435,1.03073
39167,Washington County,Ohio,nsrdb,39.409803,-81.51762,1030539,39.41,-81.5,1.513927
39169,Wayne County,Ohio,wtk,40.836466,-81.864459,1967401,40.838627,-81.854004,0.911776
39169,Wayne County,Ohio,bchrrr,40.836466,-81.864459,1967401,40.838627,-81.854004,0.911776
39169,Wayne County,Ohio,nsrdb,40.836466,-81.864459,1023003,40.85,-81.86,1.550954
39171,Williams County,Ohio,wtk,41.532533,-84.571758,1848081,41.526634,-84.58151,1.043666
39171,Williams County,Ohio,bchrrr,41.532533,-84.571758,1848081,41.526634,-84.58151,1.043666
39171,Williams County,Ohio,nsrdb,41.532533,-84.571758,965826,41.53,-84.58,0.74163
39173,Wood County,Ohio,wtk,41.453268,-83.602684,1891206,41.45322,-83.592926,0.813252
39173,Wood County,Ohio,bchrrr,41.453268,-83.602684,1891206,41.45322,-83.592926,0.813252
39173,Wood County,Ohio,nsrdb,41.453268,-83.602684,986438,41.45,-83.62,1.488203
39175,Wyandot County,Ohio,wtk,40.865997,-83.299313,1910140,40.871914,-83.290436,0.995015
39175,Wyandot County,Ohio,bchrrr,40.865997,-83.299313,1910140,40.871914,-83.290436,0.995015
39175,Wyandot County,Ohio,nsrdb,40.865997,-83.299313,993360,40.85,-83.3,1.779726
40001,Adair County,Oklahoma,wtk,35.887472,-94.635683,1369550,35.891582,-94.62796,0.8324
40001,Adair County,Oklahoma,bchrrr,35.887472,-94.635683,1369550,35.891582,-94.62796,0.8324
40001,Adair County,Oklahoma,nsrdb,35.887472,-94.635683,750433,35.89,-94.62,1.440504
40003,Alfalfa County,Oklahoma,wtk,36.658548,-98.317668,1167492,36.6653,-98.306885,1.220155
40003,Alfalfa County,Oklahoma,bchrrr,36.658548,-98.317668,1167492,36.6653,-98.306885,1.220155
40003,Alfalfa County,Oklahoma,nsrdb,36.658548,-98.317668,662526,36.65,-98.3,1.840526
40005,Atoka County,Oklahoma,wtk,34.329955,-96.097518,1287901,34.324696,-96.09964,0.616386
40005,Atoka County,Oklahoma,bchrrr,34.329955,-96.097518,1287901,34.324696,-96.09964,0.616386
40005,Atoka County,Oklahoma,nsrdb,34.329955,-96.097518,718420,34.33,-96.1,0.227965
40007,Beaver County,Oklahoma,wtk,36.829384,-100.638307,1044859,36.82383,-100.63861,0.618166
40007,Beaver County,Oklahoma,bchrrr,36.829384,-100.638307,1044859,36.82383,-100.63861,0.618166
40007,Beaver County,Oklahoma,nsrdb,36.829384,-100.638307,599357,36.81,-100.62,2.702097
40009,Beckham County,Oklahoma,wtk,35.361161,-99.510924,1097814,35.36061,-99.5213,0.942911
40009,Beckham County,Oklahoma,bchrrr,35.361161,-99.510924,1097814,35.36061,-99.5213,0.942911
40009,Beckham County,Oklahoma,nsrdb,35.361161,-99.510924,629743,35.37,-99.5,1.39542
40011,Blaine County,Oklahoma,wtk,35.885207,-98.428186,1158688,35.889404,-98.43811,1.008501
40011,Blaine County,Oklahoma,bchrrr,35.885207,-98.428186,1158688,35.889404,-98.43811,1.008501
40011,Blaine County,Oklahoma,nsrdb,35.885207,-98.428186,659247,35.89,-98.42,0.909877
40013,Bryan County,Oklahoma,wtk,33.980732,-96.386104,1271580,33.976746,-96.38544,0.447432
40013,Bryan County,Oklahoma,bchrrr,33.980732,-96.386104,1271580,33.976746,-96.38544,0.447432
40013,Bryan County,Oklahoma,nsrdb,33.980732,-96.386104,712054,33.97,-96.38,1.319426
40015,Caddo County,Oklahoma,wtk,35.175959,-98.339501,1162406,35.17561,-98.34424,0.43247
40015,Caddo County,Oklahoma,bchrrr,35.175959,-98.339501,1162406,35.17561,-98.34424,0.43247
40015,Caddo County,Oklahoma,nsrdb,35.175959,-98.339501,661463,35.17,-98.34,0.664162
40017,Canadian County,Oklahoma,wtk,35.49336,-97.766195,1195016,35.499588,-97.76962,0.758767
40017,Canadian County,Oklahoma,bchrrr,35.49336,-97.766195,1195016,35.499588,-97.76962,0.758767
40017,Canadian County,Oklahoma,nsrdb,35.49336,-97.766195,676905,35.49,-97.78,1.304484
40019,Carter County,Oklahoma,wtk,34.189515,-97.197484,1225163,34.189293,-97.204285,0.626035
40019,Carter County,Oklahoma,bchrrr,34.189515,-97.197484,1225163,34.189293,-97.204285,0.626035
40019,Carter County,Oklahoma,nsrdb,34.189515,-97.197484,692999,34.17,-97.18,2.701026
40021,Cherokee County,Oklahoma,wtk,35.902313,-94.995607,1349679,35.895954,-94.99075,0.831487
40021,Cherokee County,Oklahoma,bchrrr,35.902313,-94.995607,1349679,35.895954,-94.99075,0.831487
40021,Cherokee County,Oklahoma,nsrdb,35.902313,-94.995607,742819,35.89,-94.98,1.962377
40023,Choctaw County,Oklahoma,wtk,34.019064,-95.52831,1320488,34.01289,-95.526184,0.713935
40023,Choctaw County,Oklahoma,bchrrr,34.019064,-95.52831,1320488,34.01289,-95.526184,0.713935
40023,Choctaw County,Oklahoma,nsrdb,34.019064,-95.52831,730795,34.01,-95.54,1.475371
40025,Cimarron County,Oklahoma,wtk,36.734438,-102.495985,957556,36.738544,-102.49814,0.495309
40025,Cimarron County,Oklahoma,bchrrr,36.734438,-102.495985,957556,36.738544,-102.49814,0.495309
40025,Cimarron County,Oklahoma,nsrdb,36.734438,-102.495985,549235,36.73,-102.5,0.609547
40027,Cleveland County,Oklahoma,wtk,35.269306,-97.450474,1212650,35.266308,-97.44879,0.366749
40027,Cleveland County,Oklahoma,bchrrr,35.269306,-97.450474,1212650,35.266308,-97.44879,0.366749
40027,Cleveland County,Oklahoma,nsrdb,35.269306,-97.450474,685693,35.25,-97.46,2.314421
40029,Coal County,Oklahoma,wtk,34.548032,-96.278215,1277881,34.543858,-96.27768,0.466708
40029,Coal County,Oklahoma,bchrrr,34.548032,-96.278215,1277881,34.543858,-96.27768,0.466708
40029,Coal County,Oklahoma,nsrdb,34.548032,-96.278215,714790,34.53,-96.26,2.608434
40031,Comanche County,Oklahoma,wtk,34.633044,-98.419422,1157368,34.624126,-98.413635,1.124148
40031,Comanche County,Oklahoma,bchrrr,34.633044,-98.419422,1157368,34.624126,-98.413635,1.124148
40031,Comanche County,Oklahoma,nsrdb,34.633044,-98.419422,659278,34.65,-98.42,1.886165
40033,Cotton County,Oklahoma,wtk,34.31257,-98.331455,1161106,34.31489,-98.33588,0.481368
40033,Cotton County,Oklahoma,bchrrr,34.31257,-98.331455,1161106,34.31489,-98.33588,0.481368
40033,Cotton County,Oklahoma,nsrdb,34.31257,-98.331455,661484,34.33,-98.34,2.090968
40035,Craig County,Oklahoma,wtk,36.679217,-95.154577,1339563,36.68844,-95.16199,1.220132
40035,Craig County,Oklahoma,bchrrr,36.679217,-95.154577,1339563,36.68844,-95.16199,1.220132
40035,Craig County,Oklahoma,nsrdb,36.679217,-95.154577,739375,36.69,-95.14,1.768404
40037,Creek County,Oklahoma,wtk,35.975398,-96.226002,1281721,35.974365,-96.2157,0.934139
40037,Creek County,Oklahoma,bchrrr,35.975398,-96.226002,1281721,35.974365,-96.2157,0.934139
40037,Creek County,Oklahoma,nsrdb,35.975398,-96.226002,715666,35.97,-96.22,0.807469
40039,Custer County,Oklahoma,wtk,35.547694,-98.82873,1136190,35.54818,-98.831604,0.265572
40039,Custer County,Oklahoma,bchrrr,35.547694,-98.82873,1136190,35.54818,-98.831604,0.265572
40039,Custer County,Oklahoma,nsrdb,35.547694,-98.82873,648281,35.53,-98.82,2.12013
40041,Delaware County,Oklahoma,wtk,36.468538,-94.793298,1359671,36.463833,-94.7988,0.718181
40041,Delaware County,Oklahoma,bchrrr,36.468538,-94.793298,1359671,36.463833,-94.7988,0.718181
40041,Delaware County,Oklahoma,nsrdb,36.468538,-94.793298,747047,36.45,-94.78,2.379801
40043,Dewey County,Oklahoma,wtk,36.057055,-99.074142,1123802,36.05532,-99.0813,0.671764
40043,Dewey County,Oklahoma,bchrrr,36.057055,-99.074142,1123802,36.05532,-99.0813,0.671764
40043,Dewey County,Oklahoma,nsrdb,36.057055,-99.074142,641713,36.05,-99.06,1.493886
40045,Ellis County,Oklahoma,wtk,36.262513,-99.786959,1086874,36.270508,-99.77655,1.288876
40045,Ellis County,Oklahoma,bchrrr,36.262513,-99.786959,1086874,36.270508,-99.77655,1.288876
40045,Ellis County,Oklahoma,nsrdb,36.262513,-99.786959,622105,36.25,-99.78,1.524895
40047,Garfield County,Oklahoma,wtk,36.398482,-97.885455,1190033,36.39801,-97.88577,0.059577
40047,Garfield County,Oklahoma,bchrrr,36.398482,-97.885455,1190033,36.39801,-97.88577,0.059577
40047,Garfield County,Oklahoma,nsrdb,36.398482,-97.885455,673564,36.41,-97.9,1.826131
40049,Garvin County,Oklahoma,wtk,34.737491,-97.289531,1221422,34.73717,-97.28116,0.76575
40049,Garvin County,Oklahoma,bchrrr,34.737491,-97.289531,1221422,34.73717,-97.28116,0.76575
40049,Garvin County,Oklahoma,nsrdb,34.737491,-97.289531,689888,34.73,-97.3,1.26848
40051,Grady County,Oklahoma,wtk,35.112409,-97.850307,1189963,35.11287,-97.848816,0.144986
40051,Grady County,Oklahoma,bchrrr,35.112409,-97.850307,1189963,35.11287,-97.848816,0.144986
40051,Grady County,Oklahoma,nsrdb,35.112409,-97.850307,674702,35.13,-97.86,2.145519
40053,Grant County,Oklahoma,wtk,36.761056,-97.779683,1196346,36.76814,-97.78168,0.807543
40053,Grant County,Oklahoma,bchrrr,36.761056,-97.779683,1196346,36.76814,-97.78168,0.807543
40053,Grant County,Oklahoma,nsrdb,36.761056,-97.779683,676873,36.77,-97.78,0.99493
40055,Greer County,Oklahoma,wtk,34.912036,-99.464221,1099023,34.903572,-99.47443,1.323791
40055,Greer County,Oklahoma,bchrrr,34.912036,-99.464221,1099023,34.903572,-99.47443,1.323791
40055,Greer County,Oklahoma,nsrdb,34.912036,-99.464221,630843,34.93,-99.46,2.034243
40057,Harmon County,Oklahoma,wtk,34.694549,-99.897396,1075990,34.686356,-99.88641,1.356044
40057,Harmon County,Oklahoma,bchrrr,34.694549,-99.897396,1075990,34.686356,-99.88641,1.356044
40057,Harmon County,Oklahoma,nsrdb,34.694549,-99.897396,618883,34.69,-99.9,0.559053
40059,Harper County,Oklahoma,wtk,36.768589,-99.761714,1089323,36.76856,-99.75989,0.162503
40059,Harper County,Oklahoma,bchrrr,36.768589,-99.761714,1089323,36.76856,-99.75989,0.162503
40059,Harper County,Oklahoma,nsrdb,36.768589,-99.761714,622092,36.77,-99.78,1.636329
40061,Haskell County,Oklahoma,wtk,35.239002,-95.124775,1342032,35.23652,-95.13565,1.025505
40061,Haskell County,Oklahoma,bchrrr,35.239002,-95.124775,1342032,35.23652,-95.13565,1.025505
40061,Haskell County,Oklahoma,nsrdb,35.239002,-95.124775,739411,35.25,-95.14,1.845857
40063,Hughes County,Oklahoma,wtk,35.079245,-96.326205,1275402,35.074795,-96.32474,0.512462
40063,Hughes County,Oklahoma,bchrrr,35.079245,-96.326205,1275402,35.074795,-96.32474,0.512462
40063,Hughes County,Oklahoma,nsrdb,35.079245,-96.326205,712945,35.09,-96.34,1.733718
40065,Jackson County,Oklahoma,wtk,34.65724,-99.331392,1106408,34.6521,-99.327545,0.671178
40065,Jackson County,Oklahoma,bchrrr,34.65724,-99.331392,1106408,34.6521,-99.327545,0.671178
40065,Jackson County,Oklahoma,nsrdb,34.65724,-99.331392,634117,34.65,-99.34,1.126082
40067,Jefferson County,Oklahoma,wtk,34.132098,-97.871627,1187399,34.12396,-97.86545,1.068701
40067,Jefferson County,Oklahoma,bchrrr,34.132098,-97.871627,1187399,34.12396,-97.86545,1.068701
40067,Jefferson County,Oklahoma,nsrdb,34.132098,-97.871627,674727,34.13,-97.86,1.095309
40069,Johnston County,Oklahoma,wtk,34.262326,-96.650047,1256548,34.267696,-96.65262,0.642229
40069,Johnston County,Oklahoma,bchrrr,34.262326,-96.650047,1256548,34.267696,-96.65262,0.642229
40069,Johnston County,Oklahoma,nsrdb,34.262326,-96.650047,705566,34.25,-96.66,1.647807
40071,Kay County,Oklahoma,wtk,36.744254,-97.12521,1232844,36.740974,-97.11447,1.024122
40071,Kay County,Oklahoma,bchrrr,36.744254,-97.12521,1232844,36.740974,-97.11447,1.024122
40071,Kay County,Oklahoma,nsrdb,36.744254,-97.12521,693963,36.73,-97.14,2.061339
40073,Kingfisher County,Oklahoma,wtk,35.91387,-97.910976,1187497,35.91926,-97.91724,0.823053
40073,Kingfisher County,Oklahoma,bchrrr,35.91387,-97.910976,1187497,35.91926,-97.91724,0.823053
40073,Kingfisher County,Oklahoma,nsrdb,35.91387,-97.910976,673576,35.93,-97.9,2.047872
40075,Kiowa County,Oklahoma,wtk,34.936854,-99.018018,1123741,34.93675,-99.02887,0.989292
40075,Kiowa County,Oklahoma,bchrrr,34.936854,-99.018018,1123741,34.93675,-99.02887,0.989292
40075,Kiowa County,Oklahoma,nsrdb,34.936854,-99.018018,642833,34.93,-99.02,0.783255
40077,Latimer County,Oklahoma,wtk,34.882021,-95.255212,1335644,34.88924,-95.25189,0.858003
40077,Latimer County,Oklahoma,bchrrr,34.882021,-95.255212,1335644,34.88924,-95.25189,0.858003
40077,Latimer County,Oklahoma,nsrdb,34.882021,-95.255212,736835,34.89,-95.26,0.988887
40079,Le Flore County,Oklahoma,wtk,35.06525,-94.6389,1369505,35.06596,-94.6452,0.578789
40079,Le Flore County,Oklahoma,bchrrr,35.06525,-94.6389,1369505,35.06596,-94.6452,0.578789
40079,Le Flore County,Oklahoma,nsrdb,35.06525,-94.6389,750454,35.05,-94.62,2.415561
40081,Lincoln County,Oklahoma,wtk,35.656322,-96.882259,1244084,35.658306,-96.89258,0.958223
40081,Lincoln County,Oklahoma,bchrrr,35.656322,-96.882259,1244084,35.658306,-96.89258,0.958223
40081,Lincoln County,Oklahoma,nsrdb,35.656322,-96.882259,699905,35.65,-96.9,1.750318
40083,Logan County,Oklahoma,wtk,35.822271,-97.442906,1213938,35.817146,-97.438446,0.697472
40083,Logan County,Oklahoma,bchrrr,35.822271,-97.442906,1213938,35.817146,-97.438446,0.697472
40083,Logan County,Oklahoma,nsrdb,35.822271,-97.442906,685679,35.81,-97.46,2.058518
40085,Love County,Oklahoma,wtk,33.922696,-97.170131,1226405,33.915543,-97.17731,1.035101
40085,Love County,Oklahoma,bchrrr,33.922696,-97.170131,1226405,33.915543,-97.17731,1.035101
40085,Love County,Oklahoma,nsrdb,33.922696,-97.170131,693005,33.93,-97.18,1.220139
40087,McClain County,Oklahoma,wtk,35.106329,-97.527706,1207610,35.099964,-97.53473,0.953526
40087,McClain County,Oklahoma,bchrrr,35.106329,-97.527706,1207610,35.099964,-97.53473,0.953526
40087,McClain County,Oklahoma,nsrdb,35.106329,-97.527706,683548,35.09,-97.54,2.132543
40089,McCurtain County,Oklahoma,wtk,33.999672,-94.814681,1360776,34.006855,-94.821075,0.992646
40089,McCurtain County,Oklahoma,bchrrr,33.999672,-94.814681,1360776,34.006855,-94.821075,0.992646
40089,McCurtain County,Oklahoma,nsrdb,33.999672,-94.814681,746263,34.01,-94.82,1.248708
40091,McIntosh County,Oklahoma,wtk,35.385914,-95.581331,1316801,35.386177,-95.58371,0.217639
40091,McIntosh County,Oklahoma,bchrrr,35.385914,-95.581331,1316801,35.386177,-95.58371,0.217639
40091,McIntosh County,Oklahoma,nsrdb,35.385914,-95.581331,729890,35.37,-95.58,1.773668
40093,Major County,Oklahoma,wtk,36.298865,-98.432301,1159961,36.294178,-98.4306,0.543009
40093,Major County,Oklahoma,bchrrr,36.298865,-98.432301,1159961,36.294178,-98.4306,0.543009
40093,Major County,Oklahoma,nsrdb,36.298865,-98.432301,659237,36.29,-98.42,1.47887
40095,Marshall County,Oklahoma,wtk,34.01809,-96.749351,1250264,34.011063,-96.760284,1.275133
40095,Marshall County,Oklahoma,bchrrr,34.01809,-96.749351,1250264,34.011063,-96.760284,1.275133
40095,Marshall County,Oklahoma,nsrdb,34.01809,-96.749351,703706,34.01,-96.74,1.245816
40097,Mayes County,Oklahoma,wtk,36.292235,-95.243195,1335720,36.284176,-95.23566,1.122112
40097,Mayes County,Oklahoma,bchrrr,36.292235,-95.243195,1335720,36.284176,-95.23566,1.122112
40097,Mayes County,Oklahoma,nsrdb,36.292235,-95.243195,736800,36.29,-95.26,1.526522
40099,Murray County,Oklahoma,wtk,34.507112,-97.027657,1235234,34.50217,-97.03238,0.699487
40099,Murray County,Oklahoma,bchrrr,34.507112,-97.027657,1235234,34.50217,-97.03238,0.699487
40099,Murray County,Oklahoma,nsrdb,34.507112,-97.027657,697031,34.49,-97.02,2.02803
40101,Muskogee County,Oklahoma,wtk,35.711849,-95.366596,1329359,35.715324,-95.35544,1.078788
40101,Muskogee County,Oklahoma,bchrrr,35.711849,-95.366596,1329359,35.715324,-95.35544,1.078788
40101,Muskogee County,Oklahoma,nsrdb,35.711849,-95.366596,734223,35.73,-95.38,2.35325
40103,Noble County,Oklahoma,wtk,36.324098,-97.233099,1225279,36.316116,-97.24411,1.327005
40103,Noble County,Oklahoma,bchrrr,36.324098,-97.233099,1225279,36.316116,-97.24411,1.327005
40103,Noble County,Oklahoma,nsrdb,36.324098,-97.233099,691915,36.33,-97.22,1.344511
40105,Nowata County,Oklahoma,wtk,36.774996,-95.635245,1313115,36.78338,-95.643616,1.193704
40105,Nowata County,Oklahoma,bchrrr,36.774996,-95.635245,1313115,36.78338,-95.643616,1.193704
40105,Nowata County,Oklahoma,nsrdb,36.774996,-95.635245,728983,36.77,-95.62,1.467107
40107,Okfuskee County,Oklahoma,wtk,35.451095,-96.338038,1274169,35.459827,-96.34918,1.400439
40107,Okfuskee County,Oklahoma,bchrrr,35.451095,-96.338038,1274169,35.459827,-96.34918,1.400439
40107,Okfuskee County,Oklahoma,nsrdb,35.451095,-96.338038,712936,35.45,-96.34,0.215429
40109,Oklahoma County,Oklahoma,wtk,35.525528,-97.512399,1208892,35.52207,-97.522156,0.963085
40109,Oklahoma County,Oklahoma,bchrrr,35.525528,-97.512399,1208892,35.52207,-97.522156,0.963085
40109,Oklahoma County,Oklahoma,nsrdb,35.525528,-97.512399,684623,35.53,-97.5,1.227291
40111,Okmulgee County,Oklahoma,wtk,35.617924,-95.969224,1295496,35.62562,-95.966125,0.900435
40111,Okmulgee County,Oklahoma,bchrrr,35.617924,-95.969224,1295496,35.62562,-95.966125,0.900435
40111,Okmulgee County,Oklahoma,nsrdb,35.617924,-95.969224,721071,35.61,-95.98,1.313492
40113,Osage County,Oklahoma,wtk,36.415208,-96.228967,1280491,36.4156,-96.24005,0.992692
40113,Osage County,Oklahoma,bchrrr,36.415208,-96.228967,1280491,36.4156,-96.24005,0.992692
40113,Osage County,Oklahoma,nsrdb,36.415208,-96.228967,715655,36.41,-96.22,0.989564
40115,Ottawa County,Oklahoma,wtk,36.85744,-94.834845,1357214,36.850937,-94.837585,0.763092
40115,Ottawa County,Oklahoma,bchrrr,36.85744,-94.834845,1357214,36.850937,-94.837585,0.763092
40115,Ottawa County,Oklahoma,nsrdb,36.85744,-94.834845,746192,36.85,-94.82,1.558528
40117,Pawnee County,Oklahoma,wtk,36.270377,-96.539322,1264181,36.267284,-96.53601,0.454367
40117,Pawnee County,Oklahoma,bchrrr,36.270377,-96.539322,1264181,36.267284,-96.53601,0.454367
40117,Pawnee County,Oklahoma,nsrdb,36.270377,-96.539322,708304,36.29,-96.54,2.182827
40119,Payne County,Oklahoma,wtk,36.091301,-97.007108,1237833,36.098087,-97.01239,0.89141
40119,Payne County,Oklahoma,bchrrr,36.091301,-97.007108,1237833,36.098087,-97.01239,0.89141
40119,Payne County,Oklahoma,nsrdb,36.091301,-97.007108,696991,36.09,-97.02,1.167411
40121,Pittsburg County,Oklahoma,wtk,34.956359,-95.721184,1309254,34.964993,-95.72052,0.961963
40121,Pittsburg County,Oklahoma,bchrrr,34.956359,-95.721184,1309254,34.964993,-95.72052,0.961963
40121,Pittsburg County,Oklahoma,nsrdb,34.956359,-95.721184,726401,34.97,-95.74,2.289259
40123,Pontotoc County,Oklahoma,wtk,34.774213,-96.673188,1255322,34.779842,-96.67999,0.881885
40123,Pontotoc County,Oklahoma,bchrrr,34.774213,-96.673188,1255322,34.779842,-96.67999,0.881885
40123,Pontotoc County,Oklahoma,nsrdb,34.774213,-96.673188,705553,34.77,-96.66,1.292462
40125,Pottawatomie County,Oklahoma,wtk,35.321371,-96.952889,1240301,35.32737,-96.955505,0.708022
40125,Pottawatomie County,Oklahoma,bchrrr,35.321371,-96.952889,1240301,35.32737,-96.955505,0.708022
40125,Pottawatomie County,Oklahoma,nsrdb,35.321371,-96.952889,698961,35.33,-96.94,1.512592
40127,Pushmataha County,Oklahoma,wtk,34.32781,-95.481864,1323013,34.32335,-95.479675,0.535121
40127,Pushmataha County,Oklahoma,bchrrr,34.32781,-95.481864,1323013,34.32335,-95.479675,0.535121
40127,Pushmataha County,Oklahoma,nsrdb,34.32781,-95.481864,731656,34.33,-95.5,1.683074
40129,Roger Mills County,Oklahoma,wtk,35.628481,-99.659409,1091695,35.63149,-99.64902,0.996779
40129,Roger Mills County,Oklahoma,bchrrr,35.628481,-99.659409,1091695,35.63149,-99.64902,0.996779
40129,Roger Mills County,Oklahoma,nsrdb,35.628481,-99.659409,625385,35.61,-99.66,2.055691
40131,Rogers County,Oklahoma,wtk,36.315321,-95.650555,1313090,36.323277,-95.64615,0.968706
40131,Rogers County,Oklahoma,bchrrr,36.315321,-95.650555,1313090,36.323277,-95.64615,0.968706
40131,Rogers County,Oklahoma,nsrdb,36.315321,-95.650555,728120,36.33,-95.66,1.838529
40133,Seminole County,Oklahoma,wtk,35.186227,-96.631151,1257852,35.183243,-96.63931,0.812341
40133,Seminole County,Oklahoma,bchrrr,35.186227,-96.631151,1257852,35.183243,-96.63931,0.812341
40133,Seminole County,Oklahoma,nsrdb,35.186227,-96.631151,706474,35.17,-96.62,2.069509
40135,Sequoyah County,Oklahoma,wtk,35.466209,-94.729777,1364571,35.470554,-94.72693,0.547633
40135,Sequoyah County,Oklahoma,bchrrr,35.466209,-94.729777,1364571,35.470554,-94.72693,0.547633
40135,Sequoyah County,Oklahoma,nsrdb,35.466209,-94.729777,747916,35.45,-94.74,2.026288
40137,Stephens County,Oklahoma,wtk,34.518536,-97.946624,1183659,34.52482,-97.94342,0.757901
40137,Stephens County,Oklahoma,bchrrr,34.518536,-97.946624,1183659,34.52482,-97.94342,0.757901
40137,Stephens County,Oklahoma,nsrdb,34.518536,-97.946624,672505,34.53,-97.94,1.411813
40139,Texas County,Oklahoma,wtk,36.712186,-101.448254,1005000,36.70855,-101.45871,1.015975
40139,Texas County,Oklahoma,bchrrr,36.712186,-101.448254,1005000,36.70855,-101.45871,1.015975
40139,Texas County,Oklahoma,nsrdb,36.712186,-101.448254,576804,36.73,-101.46,2.24047
40141,Tillman County,Oklahoma,wtk,34.382478,-98.971227,1124952,34.38867,-98.98157,1.172556
40141,Tillman County,Oklahoma,bchrrr,34.382478,-98.971227,1124952,34.38867,-98.98157,1.172556
40141,Tillman County,Oklahoma,nsrdb,34.382478,-98.971227,643939,34.37,-98.98,1.604177
40143,Tulsa County,Oklahoma,wtk,36.102701,-95.911512,1298030,36.103218,-95.92038,0.798782
40143,Tulsa County,Oklahoma,bchrrr,36.102701,-95.911512,1298030,36.103218,-95.92038,0.798782
40143,Tulsa County,Oklahoma,nsrdb,36.102701,-95.911512,722839,36.09,-95.9,1.750547
40145,Wagoner County,Oklahoma,wtk,36.015964,-95.627647,1314327,36.01064,-95.62512,0.634135
40145,Wagoner County,Oklahoma,bchrrr,36.015964,-95.627647,1314327,36.01064,-95.62512,0.634135
40145,Wagoner County,Oklahoma,nsrdb,36.015964,-95.627647,729002,36.01,-95.62,0.955438
40147,Washington County,Oklahoma,wtk,36.728458,-95.937436,1296810,36.728756,-95.942566,0.458386
40147,Washington County,Oklahoma,bchrrr,36.728458,-95.937436,1296810,36.728756,-95.942566,0.458386
40147,Washington County,Oklahoma,nsrdb,36.728458,-95.937436,721933,36.73,-95.94,0.28568
40149,Washita County,Oklahoma,wtk,35.31433,-99.053543,1123762,35.321426,-99.04672,1.002902
40149,Washita County,Oklahoma,bchrrr,35.31433,-99.053543,1123762,35.321426,-99.04672,1.002902
40149,Washita County,Oklahoma,nsrdb,35.31433,-99.053543,641731,35.33,-99.06,1.838269
40151,Woods County,Oklahoma,wtk,36.767497,-98.708023,1146228,36.765923,-98.70148,0.608537
40151,Woods County,Oklahoma,bchrrr,36.767497,-98.708023,1146228,36.765923,-98.70148,0.608537
40151,Woods County,Oklahoma,nsrdb,36.767497,-98.708023,651538,36.77,-98.7,0.766923
40153,Woodward County,Oklahoma,wtk,36.423749,-99.383607,1108973,36.432285,-99.37399,1.2811
40153,Woodward County,Oklahoma,bchrrr,36.423749,-99.383607,1108973,36.432285,-99.37399,1.2811
40153,Woodward County,Oklahoma,nsrdb,36.423749,-99.383607,632984,36.41,-99.38,1.562519
41001,Baker County,Oregon,wtk,44.780023,-117.762115,425741,44.776585,-117.77113,0.80775
41001,Baker County,Oregon,bchrrr,44.780023,-117.762115,425741,44.776585,-117.77113,0.80775
41001,Baker County,Oregon,nsrdb,44.780023,-117.762115,212099,44.77,-117.78,1.798658
41003,Benton County,Oregon,wtk,44.573122,-123.275012,238916,44.571815,-123.28549,0.842604
41003,Benton County,Oregon,bchrrr,44.573122,-123.275012,238916,44.571815,-123.28549,0.842604
41003,Benton County,Oregon,nsrdb,44.573122,-123.275012,125384,44.57,-123.26,1.238775
41005,Clackamas County,Oregon,wtk,45.363411,-122.575002,274461,45.356712,-122.58568,1.118436
41005,Clackamas County,Oregon,bchrrr,45.363411,-122.575002,274461,45.356712,-122.58568,1.118436
41005,Clackamas County,Oregon,nsrdb,45.363411,-122.575002,134841,45.37,-122.58,0.830211
41007,Clatsop County,Oregon,wtk,46.098824,-123.841028,246431,46.095104,-123.8371,0.512676
41007,Clatsop County,Oregon,bchrrr,46.098824,-123.841028,246431,46.095104,-123.8371,0.512676
41007,Clatsop County,Oregon,nsrdb,46.098824,-123.841028,117262,46.09,-123.86,1.761513
41009,Columbia County,Oregon,wtk,45.889971,-122.929531,271809,45.883945,-122.93199,0.696568
41009,Columbia County,Oregon,bchrrr,45.889971,-122.929531,271809,45.883945,-122.93199,0.696568
41009,Columbia County,Oregon,nsrdb,45.889971,-122.929531,129776,45.89,-122.94,0.810266
41011,Coos County,Oregon,wtk,43.305463,-124.23243,183385,43.294174,-124.23901,1.363552
41011,Coos County,Oregon,bchrrr,43.305463,-124.23243,183385,43.294174,-124.23901,1.363552
41011,Coos County,Oregon,nsrdb,43.305463,-124.23243,112699,43.29,-124.22,1.992051
41013,Crook County,Oregon,wtk,44.283562,-120.843635,314683,44.27791,-120.83453,0.959351
41013,Crook County,Oregon,bchrrr,44.283562,-120.843635,314683,44.27791,-120.83453,0.959351
41013,Crook County,Oregon,nsrdb,44.283562,-120.843635,160776,44.29,-120.86,1.486391
41015,Curry County,Oregon,wtk,42.251868,-124.328276,161266,42.255856,-124.33873,0.967954
41015,Curry County,Oregon,bchrrr,42.251868,-124.328276,161266,42.255856,-124.33873,0.967954
41015,Curry County,Oregon,nsrdb,42.251868,-124.328276,111323,42.25,-124.34,0.987074
41017,Deschutes County,Oregon,wtk,44.090954,-121.306063,296634,44.09234,-121.29669,0.76426
41017,Deschutes County,Oregon,bchrrr,44.090954,-121.306063,296634,44.09234,-121.29669,0.76426
41017,Deschutes County,Oregon,nsrdb,44.090954,-121.306063,153945,44.09,-121.3,0.495705
41019,Douglas County,Oregon,wtk,43.239963,-123.389072,212315,43.239273,-123.396164,0.579589
41019,Douglas County,Oregon,bchrrr,43.239963,-123.389072,212315,43.239273,-123.396164,0.579589
41019,Douglas County,Oregon,nsrdb,43.239963,-123.389072,123786,43.25,-123.38,1.336245
41021,Gilliam County,Oregon,wtk,45.449594,-120.197067,353538,45.455055,-120.201935,0.716187
41021,Gilliam County,Oregon,bchrrr,45.449594,-120.197067,353538,45.455055,-120.201935,0.716187
41021,Gilliam County,Oregon,nsrdb,45.449594,-120.197067,171798,45.45,-120.18,1.332113
41023,Grant County,Oregon,wtk,44.451526,-119.003691,379153,44.447983,-118.999695,0.505787
41023,Grant County,Oregon,bchrrr,44.451526,-119.003691,379153,44.447983,-118.999695,0.505787
41023,Grant County,Oregon,nsrdb,44.451526,-119.003691,190985,44.45,-119.02,1.305631
41025,Harney County,Oregon,wtk,43.52148,-118.987173,366282,43.516937,-118.99527,0.825493
41025,Harney County,Oregon,bchrrr,43.52148,-118.987173,366282,43.516937,-118.99527,0.825493
41025,Harney County,Oregon,nsrdb,43.52148,-118.987173,191662,43.53,-118.98,1.109946
41027,Hood River County,Oregon,wtk,45.65896,-121.565648,312008,45.659943,-121.553375,0.960059
41027,Hood River County,Oregon,bchrrr,45.65896,-121.565648,312008,45.659943,-121.553375,0.960059
41027,Hood River County,Oregon,nsrdb,45.65896,-121.565648,149619,45.65,-121.58,1.495642
41029,Jackson County,Oregon,wtk,42.347767,-122.858686,216105,42.351513,-122.862274,0.510336
41029,Jackson County,Oregon,bchrrr,42.347767,-122.858686,216105,42.351513,-122.862274,0.510336
41029,Jackson County,Oregon,nsrdb,42.347767,-122.858686,130979,42.33,-122.86,1.978553
41031,Jefferson County,Oregon,wtk,44.591479,-121.190291,307384,44.586582,-121.19342,0.598248
41031,Jefferson County,Oregon,bchrrr,44.591479,-121.190291,307384,44.586582,-121.19342,0.598248
41031,Jefferson County,Oregon,nsrdb,44.591479,-121.190291,155783,44.61,-121.18,2.214759
41033,Josephine County,Oregon,wtk,42.404433,-123.385069,197780,42.391953,-123.3887,1.419384
41033,Josephine County,Oregon,bchrrr,42.404433,-123.385069,197780,42.391953,-123.3887,1.419384
41033,Josephine County,Oregon,nsrdb,42.404433,-123.385069,123807,42.41,-123.38,0.74592
41035,Klamath County,Oregon,wtk,42.285893,-121.726746,255396,42.286514,-121.71631,0.861252
41035,Klamath County,Oregon,bchrrr,42.285893,-121.726746,255396,42.286514,-121.71631,0.861252
41035,Klamath County,Oregon,nsrdb,42.285893,-121.726746,147277,42.29,-121.74,1.182043
41037,Lake County,Oregon,wtk,42.478434,-120.477652,300099,42.484787,-120.47981,0.728252
41037,Lake County,Oregon,bchrrr,42.478434,-120.477652,300099,42.484787,-120.47981,0.728252
41037,Lake County,Oregon,nsrdb,42.478434,-120.477652,167278,42.49,-120.46,1.936305
41039,Lane County,Oregon,wtk,44.039564,-123.119267,236084,44.043972,-123.10765,1.049981
41039,Lane County,Oregon,bchrrr,44.039564,-123.119267,236084,44.043972,-123.10765,1.049981
41039,Lane County,Oregon,nsrdb,44.039564,-123.119267,127601,44.05,-123.1,1.928221
41041,Lincoln County,Oregon,wtk,44.713722,-124.001937,217197,44.707294,-123.993774,0.962805
41041,Lincoln County,Oregon,bchrrr,44.713722,-124.001937,217197,44.707294,-123.993774,0.962805
41041,Lincoln County,Oregon,nsrdb,44.713722,-124.001937,115198,44.73,-124.02,2.304967
41043,Linn County,Oregon,wtk,44.556338,-122.959508,249111,44.552082,-122.970825,1.013933
41043,Linn County,Oregon,bchrrr,44.556338,-122.959508,249111,44.552082,-122.970825,1.013933
41043,Linn County,Oregon,nsrdb,44.556338,-122.959508,129809,44.57,-122.94,2.167114
41045,Malheur County,Oregon,wtk,43.975358,-117.061026,439855,43.970257,-117.05681,0.659961
41045,Malheur County,Oregon,bchrrr,43.975358,-117.061026,439855,43.970257,-117.05681,0.659961
41045,Malheur County,Oregon,nsrdb,43.975358,-117.061026,224445,43.97,-117.06,0.601414
41047,Marion County,Oregon,wtk,44.96015,-122.955857,256459,44.97051,-122.95477,1.155151
41047,Marion County,Oregon,bchrrr,44.96015,-122.955857,256459,44.97051,-122.95477,1.155151
41047,Marion County,Oregon,nsrdb,44.96015,-122.955857,129799,44.97,-122.94,1.660117
41049,Morrow County,Oregon,wtk,45.739057,-119.617253,376481,45.734535,-119.62848,1.005996
41049,Morrow County,Oregon,bchrrr,45.739057,-119.617253,376481,45.734535,-119.62848,1.005996
41049,Morrow County,Oregon,nsrdb,45.739057,-119.617253,181018,45.73,-119.62,1.029414
41051,Multnomah County,Oregon,wtk,45.517904,-122.591172,277146,45.515827,-122.57959,0.931489
41051,Multnomah County,Oregon,bchrrr,45.517904,-122.591172,277146,45.515827,-122.57959,0.931489
41051,Multnomah County,Oregon,nsrdb,45.517904,-122.591172,134837,45.53,-122.58,1.602053
41053,Polk County,Oregon,wtk,44.920859,-123.208103,247288,44.92627,-123.21179,0.668041
41053,Polk County,Oregon,bchrrr,44.920859,-123.208103,247288,44.92627,-123.21179,0.668041
41053,Polk County,Oregon,nsrdb,44.920859,-123.208103,125922,44.93,-123.22,1.382184
41055,Sherman County,Oregon,wtk,45.518368,-120.721454,336966,45.514084,-120.729996,0.81846
41055,Sherman County,Oregon,bchrrr,45.518368,-120.721454,336966,45.514084,-120.729996,0.81846
41055,Sherman County,Oregon,nsrdb,45.518368,-120.721454,162659,45.53,-120.74,1.939179
41057,Tillamook County,Oregon,wtk,45.469544,-123.858494,235230,45.475986,-123.85623,0.737752
41057,Tillamook County,Oregon,bchrrr,45.469544,-123.858494,235230,45.475986,-123.85623,0.737752
41057,Tillamook County,Oregon,nsrdb,45.469544,-123.858494,117278,45.45,-123.86,2.176369
41059,Umatilla County,Oregon,wtk,45.801243,-118.967543,399573,45.796734,-118.95828,0.875807
41059,Umatilla County,Oregon,bchrrr,45.801243,-118.967543,399573,45.796734,-118.95828,0.875807
41059,Umatilla County,Oregon,nsrdb,45.801243,-118.967543,191605,45.81,-118.98,1.371319
41061,Union County,Oregon,wtk,45.341592,-118.01821,424832,45.345497,-118.024445,0.652683
41061,Union County,Oregon,bchrrr,45.341592,-118.01821,424832,45.345497,-118.024445,0.652683
41061,Union County,Oregon,nsrdb,45.341592,-118.01821,208077,45.33,-118.02,1.296545
41063,Wallowa County,Oregon,wtk,45.443301,-117.305762,451320,45.44898,-117.29445,1.085137
41063,Wallowa County,Oregon,bchrrr,45.443301,-117.305762,451320,45.44898,-117.29445,1.085137
41063,Wallowa County,Oregon,nsrdb,45.443301,-117.305762,220222,45.45,-117.3,0.870013
41065,Wasco County,Oregon,wtk,45.541488,-121.204079,322168,45.546772,-121.19208,1.103812
41065,Wasco County,Oregon,bchrrr,45.541488,-121.204079,322168,45.546772,-121.19208,1.103812
41065,Wasco County,Oregon,nsrdb,45.541488,-121.204079,155142,45.53,-121.22,1.780314
41067,Washington County,Oregon,wtk,45.486067,-122.870969,267309,45.483894,-122.873245,0.299777
41067,Washington County,Oregon,bchrrr,45.486067,-122.870969,267309,45.483894,-122.873245,0.299777
41067,Washington County,Oregon,nsrdb,45.486067,-122.870969,130900,45.49,-122.86,0.960427
41069,Wheeler County,Oregon,wtk,44.837104,-120.088888,347984,44.83487,-120.09436,0.497874
41069,Wheeler County,Oregon,bchrrr,44.837104,-120.088888,347984,44.83487,-120.09436,0.497874
41069,Wheeler County,Oregon,nsrdb,44.837104,-120.088888,173127,44.85,-120.1,1.680416
41071,Yamhill County,Oregon,wtk,45.239527,-123.136826,254651,45.239365,-123.14453,0.603473
41071,Yamhill County,Oregon,bchrrr,45.239527,-123.136826,254651,45.239365,-123.14453,0.603473
41071,Yamhill County,Oregon,nsrdb,45.239527,-123.136826,127016,45.25,-123.14,1.190763
42001,Adams County,Pennsylvania,wtk,39.851136,-77.157026,2183053,39.84318,-77.15344,0.93614
42001,Adams County,Pennsylvania,bchrrr,39.851136,-77.157026,2183053,39.84318,-77.15344,0.93614
42001,Adams County,Pennsylvania,nsrdb,39.851136,-77.157026,1141554,39.85,-77.14,1.458929
42003,Allegheny County,Pennsylvania,wtk,40.447811,-79.971641,2049044,40.450996,-79.95935,1.098675
42003,Allegheny County,Pennsylvania,bchrrr,40.447811,-79.971641,2049044,40.450996,-79.95935,1.098675
42003,Allegheny County,Pennsylvania,nsrdb,40.447811,-79.971641,1064980,40.45,-79.98,0.748029
42005,Armstrong County,Pennsylvania,wtk,40.769633,-79.510952,2064197,40.780315,-79.52057,1.437623
42005,Armstrong County,Pennsylvania,bchrrr,40.769633,-79.510952,2064197,40.780315,-79.52057,1.437623
42005,Armstrong County,Pennsylvania,nsrdb,40.769633,-79.510952,1076314,40.77,-79.5,0.923196
42007,Beaver County,Pennsylvania,wtk,40.684268,-80.302033,2032317,40.691406,-80.294495,1.016825
42007,Beaver County,Pennsylvania,bchrrr,40.684268,-80.302033,2032317,40.691406,-80.294495,1.016825
42007,Beaver County,Pennsylvania,nsrdb,40.684268,-80.302033,1057477,40.69,-80.3,0.660019
42009,Bedford County,Pennsylvania,wtk,40.054301,-78.476831,2119675,40.05887,-78.47839,0.525091
42009,Bedford County,Pennsylvania,bchrrr,40.054301,-78.476831,2119675,40.05887,-78.47839,0.525091
42009,Bedford County,Pennsylvania,nsrdb,40.054301,-78.476831,1101778,40.05,-78.46,1.510296
42011,Berks County,Pennsylvania,wtk,40.362682,-75.909876,2232949,40.371143,-75.90808,0.953046
42011,Berks County,Pennsylvania,bchrrr,40.362682,-75.909876,2232949,40.371143,-75.90808,0.953046
42011,Berks County,Pennsylvania,nsrdb,40.362682,-75.909876,1182330,40.37,-75.9,1.167148
42013,Blair County,Pennsylvania,wtk,40.487156,-78.376542,2118586,40.47929,-78.38043,0.934429
42013,Blair County,Pennsylvania,bchrrr,40.487156,-78.376542,2118586,40.47929,-78.38043,0.934429
42013,Blair County,Pennsylvania,nsrdb,40.487156,-78.376542,1103905,40.49,-78.38,0.430727
42015,Bradford County,Pennsylvania,wtk,41.833885,-76.527928,2182002,41.831417,-76.53775,0.858791
42015,Bradford County,Pennsylvania,bchrrr,41.833885,-76.527928,2182002,41.831417,-76.53775,0.858791
42015,Bradford County,Pennsylvania,nsrdb,41.833885,-76.527928,1160820,41.85,-76.54,2.052072
42017,Bucks County,Pennsylvania,wtk,40.239408,-75.026562,2269469,40.23295,-75.02521,0.727211
42017,Bucks County,Pennsylvania,bchrrr,40.239408,-75.026562,2269469,40.23295,-75.02521,0.727211
42017,Bucks County,Pennsylvania,nsrdb,40.239408,-75.026562,1211785,40.25,-75.02,1.302824
42019,Butler County,Pennsylvania,wtk,40.821599,-79.966459,2044853,40.81133,-79.96277,1.18331
42019,Butler County,Pennsylvania,bchrrr,40.821599,-79.966459,2044853,40.81133,-79.96277,1.18331
42019,Butler County,Pennsylvania,nsrdb,40.821599,-79.966459,1064971,40.81,-79.98,1.721043
42021,Cambria County,Pennsylvania,wtk,40.40808,-78.80003,2100800,40.41652,-78.79813,0.952173
42021,Cambria County,Pennsylvania,bchrrr,40.40808,-78.80003,2100800,40.41652,-78.79813,0.952173
42021,Cambria County,Pennsylvania,nsrdb,40.40808,-78.80003,1092499,40.41,-78.82,1.704244
42023,Cameron County,Pennsylvania,wtk,41.502353,-78.238812,2111972,41.500114,-78.227844,0.946722
42023,Cameron County,Pennsylvania,bchrrr,41.502353,-78.238812,2111972,41.500114,-78.227844,0.946722
42023,Cameron County,Pennsylvania,nsrdb,41.502353,-78.238812,1108266,41.49,-78.22,2.083625
42025,Carbon County,Pennsylvania,wtk,40.871955,-75.708873,2234099,40.86971,-75.71359,0.468645
42025,Carbon County,Pennsylvania,bchrrr,40.871955,-75.708873,2234099,40.86971,-75.71359,0.468645
42025,Carbon County,Pennsylvania,nsrdb,40.871955,-75.708873,1189076,40.89,-75.7,2.140693
42027,Centre County,Pennsylvania,wtk,40.839809,-77.836115,2137517,40.843758,-77.84473,0.847356
42027,Centre County,Pennsylvania,bchrrr,40.839809,-77.836115,2137517,40.843758,-77.84473,0.847356
42027,Centre County,Pennsylvania,nsrdb,40.839809,-77.836115,1119896,40.85,-77.82,1.766813
42029,Chester County,Pennsylvania,wtk,39.993382,-75.677997,2247698,40.001022,-75.68201,0.915728
42029,Chester County,Pennsylvania,bchrrr,39.993382,-75.677997,2247698,40.001022,-75.68201,0.915728
42029,Chester County,Pennsylvania,nsrdb,39.993382,-75.677997,1190466,40.01,-75.66,2.400928
42031,Clarion County,Pennsylvania,wtk,41.182374,-79.42944,2063119,41.18395,-79.43378,0.403266
42031,Clarion County,Pennsylvania,bchrrr,41.182374,-79.42944,2063119,41.18395,-79.43378,0.403266
42031,Clarion County,Pennsylvania,nsrdb,41.182374,-79.42944,1078119,41.17,-79.42,1.586635
42033,Clearfield County,Pennsylvania,wtk,40.991549,-78.499451,2106387,40.994743,-78.50488,0.577713
42033,Clearfield County,Pennsylvania,bchrrr,40.991549,-78.499451,2106387,40.994743,-78.50488,0.577713
42033,Clearfield County,Pennsylvania,nsrdb,40.991549,-78.499451,1100685,41.01,-78.5,2.052178
42035,Clinton County,Pennsylvania,wtk,41.140126,-77.448873,2150943,41.1367,-77.45105,0.42233
42035,Clinton County,Pennsylvania,bchrrr,41.140126,-77.448873,2150943,41.1367,-77.45105,0.42233
42035,Clinton County,Pennsylvania,nsrdb,41.140126,-77.448873,1131285,41.13,-77.46,1.461559
42037,Columbia County,Pennsylvania,wtk,41.038654,-76.389538,2200560,41.03846,-76.392426,0.243178
42037,Columbia County,Pennsylvania,bchrrr,41.038654,-76.389538,2200560,41.03846,-76.392426,0.243178
42037,Columbia County,Pennsylvania,nsrdb,41.038654,-76.389538,1166173,41.05,-76.38,1.493823
42039,Crawford County,Pennsylvania,wtk,41.666388,-80.098342,2030295,41.663925,-80.0863,1.037113
42039,Crawford County,Pennsylvania,bchrrr,41.666388,-80.098342,2030295,41.663925,-80.0863,1.037113
42039,Crawford County,Pennsylvania,nsrdb,41.666388,-80.098342,1062094,41.65,-80.1,1.827463
42041,Cumberland County,Pennsylvania,wtk,40.205909,-77.092498,2180751,40.212406,-77.0874,0.842216
42041,Cumberland County,Pennsylvania,bchrrr,40.205909,-77.092498,2180751,40.212406,-77.0874,0.842216
42041,Cumberland County,Pennsylvania,nsrdb,40.205909,-77.092498,1142810,40.21,-77.1,0.782812
42043,Dauphin County,Pennsylvania,wtk,40.304617,-76.796503,2192381,40.312885,-76.80536,1.187121
42043,Dauphin County,Pennsylvania,bchrrr,40.304617,-76.796503,2192381,40.312885,-76.80536,1.187121
42043,Dauphin County,Pennsylvania,nsrdb,40.304617,-76.796503,1153059,40.29,-76.78,2.144897
42045,Delaware County,Pennsylvania,wtk,39.922639,-75.348847,2260992,39.917423,-75.360535,1.153217
42045,Delaware County,Pennsylvania,bchrrr,39.922639,-75.348847,2260992,39.917423,-75.360535,1.153217
42045,Delaware County,Pennsylvania,nsrdb,39.922639,-75.348847,1201265,39.93,-75.34,1.113139
42047,Elk County,Pennsylvania,wtk,41.419133,-78.619771,2096412,41.4117,-78.60977,1.174152
42047,Elk County,Pennsylvania,bchrrr,41.419133,-78.619771,2096412,41.4117,-78.60977,1.174152
42047,Elk County,Pennsylvania,nsrdb,41.419133,-78.619771,1097523,41.41,-78.62,1.015724
42049,Erie County,Pennsylvania,wtk,42.068564,-80.07264,2026177,42.061275,-80.08069,1.048096
42049,Erie County,Pennsylvania,bchrrr,42.068564,-80.07264,2026177,42.061275,-80.08069,1.048096
42049,Erie County,Pennsylvania,nsrdb,42.068564,-80.07264,1063029,42.05,-80.06,2.312999
42051,Fayette County,Pennsylvania,wtk,39.949201,-79.71592,2065255,39.959152,-79.71933,1.144041
42051,Fayette County,Pennsylvania,bchrrr,39.949201,-79.71592,2065255,39.959152,-79.71933,1.144041
42051,Fayette County,Pennsylvania,nsrdb,39.949201,-79.71592,1071672,39.93,-79.7,2.529951
42053,Forest County,Pennsylvania,wtk,41.487078,-79.223202,2068667,41.4919,-79.2207,0.575259
42053,Forest County,Pennsylvania,bchrrr,41.487078,-79.223202,2068667,41.4919,-79.2207,0.575259
42053,Forest County,Pennsylvania,nsrdb,41.487078,-79.223202,1082697,41.49,-79.22,0.42036
42055,Franklin County,Pennsylvania,wtk,39.883461,-77.654845,2158845,39.878635,-77.663605,0.920159
42055,Franklin County,Pennsylvania,bchrrr,39.883461,-77.654845,2158845,39.878635,-77.663605,0.920159
42055,Franklin County,Pennsylvania,nsrdb,39.883461,-77.654845,1124895,39.89,-77.66,0.849784
42057,Fulton County,Pennsylvania,wtk,39.918303,-78.086066,2138579,39.917362,-78.0983,1.048583
42057,Fulton County,Pennsylvania,bchrrr,39.918303,-78.086066,2138579,39.917362,-78.0983,1.048583
42057,Fulton County,Pennsylvania,nsrdb,39.918303,-78.086066,1111686,39.93,-78.1,1.761691
42059,Greene County,Pennsylvania,wtk,39.876908,-80.113512,2049012,39.869312,-80.11316,0.845172
42059,Greene County,Pennsylvania,bchrrr,39.876908,-80.113512,2049012,39.869312,-80.11316,0.845172
42059,Greene County,Pennsylvania,nsrdb,39.876908,-80.113512,1062138,39.89,-80.1,1.857008
42061,Huntingdon County,Pennsylvania,wtk,40.428603,-78.002976,2136382,40.431892,-77.99451,0.804505
42061,Huntingdon County,Pennsylvania,bchrrr,40.428603,-78.002976,2136382,40.431892,-77.99451,0.804505
42061,Huntingdon County,Pennsylvania,nsrdb,40.428603,-78.002976,1113966,40.41,-78.02,2.521093
42063,Indiana County,Pennsylvania,wtk,40.617473,-79.13041,2083045,40.624294,-79.13867,1.030186
42063,Indiana County,Pennsylvania,bchrrr,40.617473,-79.13041,2083045,40.624294,-79.13867,1.030186
42063,Indiana County,Pennsylvania,nsrdb,40.617473,-79.13041,1084628,40.61,-79.14,1.160074
42065,Jefferson County,Pennsylvania,wtk,41.085869,-78.964256,2085290,41.0884,-78.95657,0.702952
42065,Jefferson County,Pennsylvania,bchrrr,41.085869,-78.964256,2085290,41.0884,-78.95657,0.702952
42065,Jefferson County,Pennsylvania,nsrdb,41.085869,-78.964256,1088541,41.09,-78.98,1.397142
42067,Juniata County,Pennsylvania,wtk,40.573028,-77.327557,2164611,40.579548,-77.322754,0.830761
42067,Juniata County,Pennsylvania,bchrrr,40.573028,-77.327557,2164611,40.579548,-77.322754,0.830761
42067,Juniata County,Pennsylvania,nsrdb,40.573028,-77.327557,1135177,40.57,-77.34,1.103592
42069,Lackawanna County,Pennsylvania,wtk,41.441461,-75.636378,2228405,41.450333,-75.64096,1.057866
42069,Lackawanna County,Pennsylvania,bchrrr,41.441461,-75.636378,2228405,41.450333,-75.64096,1.057866
42069,Lackawanna County,Pennsylvania,nsrdb,41.441461,-75.636378,1191797,41.45,-75.62,1.662845
42071,Lancaster County,Pennsylvania,wtk,40.07391,-76.292496,2220239,40.079784,-76.28064,1.201756
42071,Lancaster County,Pennsylvania,bchrrr,40.07391,-76.292496,2220239,40.079784,-76.28064,1.201756
42071,Lancaster County,Pennsylvania,nsrdb,40.07391,-76.292496,1168890,40.09,-76.3,1.899623
42073,Lawrence County,Pennsylvania,wtk,40.986786,-80.336485,2027152,40.98261,-80.3432,0.730292
42073,Lawrence County,Pennsylvania,bchrrr,40.986786,-80.336485,2027152,40.98261,-80.3432,0.730292
42073,Lawrence County,Pennsylvania,nsrdb,40.986786,-80.336485,1056579,40.97,-80.34,1.889701
42075,Lebanon County,Pennsylvania,wtk,40.340343,-76.443114,2208660,40.340706,-76.445465,0.203304
42075,Lebanon County,Pennsylvania,bchrrr,40.340343,-76.443114,2208660,40.340706,-76.445465,0.203304
42075,Lebanon County,Pennsylvania,nsrdb,40.340343,-76.443114,1163509,40.33,-76.46,1.836095
42077,Lehigh County,Pennsylvania,wtk,40.597846,-75.509415,2246738,40.598045,-75.503174,0.527391
42077,Lehigh County,Pennsylvania,bchrrr,40.597846,-75.509415,2246738,40.598045,-75.503174,0.527391
42077,Lehigh County,Pennsylvania,nsrdb,40.597846,-75.509415,1195890,40.61,-75.5,1.567872
42079,Luzerne County,Pennsylvania,wtk,41.195315,-75.928295,2219143,41.19965,-75.93146,0.54998
42079,Luzerne County,Pennsylvania,bchrrr,41.195315,-75.928295,2219143,41.19965,-75.93146,0.54998
42079,Luzerne County,Pennsylvania,nsrdb,41.195315,-75.928295,1180971,41.21,-75.94,1.904024
42081,Lycoming County,Pennsylvania,wtk,41.249291,-76.981336,2170395,41.243965,-76.985596,0.691071
42081,Lycoming County,Pennsylvania,bchrrr,41.249291,-76.981336,2170395,41.243965,-76.985596,0.691071
42081,Lycoming County,Pennsylvania,nsrdb,41.249291,-76.981336,1146575,41.25,-76.98,0.136712
42083,McKean County,Pennsylvania,wtk,41.865244,-78.583183,2091995,41.863247,-78.578186,0.469618
42083,McKean County,Pennsylvania,bchrrr,41.865244,-78.583183,2091995,41.863247,-78.578186,0.469618
42083,McKean County,Pennsylvania,nsrdb,41.865244,-78.583183,1098551,41.85,-78.58,1.715434
42085,Mercer County,Pennsylvania,wtk,41.263856,-80.336724,2024069,41.2667,-80.3439,0.678043
42085,Mercer County,Pennsylvania,bchrrr,41.263856,-80.336724,2024069,41.2667,-80.3439,0.678043
42085,Mercer County,Pennsylvania,nsrdb,41.263856,-80.336724,1056572,41.25,-80.34,1.564867
42087,Mifflin County,Pennsylvania,wtk,40.60427,-77.615794,2150914,40.612576,-77.61383,0.938349
42087,Mifflin County,Pennsylvania,bchrrr,40.60427,-77.615794,2150914,40.612576,-77.61383,0.938349
42087,Mifflin County,Pennsylvania,nsrdb,40.60427,-77.615794,1126157,40.61,-77.62,0.729402
42089,Monroe County,Pennsylvania,wtk,41.038638,-75.30584,2248740,41.03742,-75.29971,0.531672
42089,Monroe County,Pennsylvania,bchrrr,41.038638,-75.30584,2248740,41.03742,-75.29971,0.531672
42089,Monroe County,Pennsylvania,nsrdb,41.038638,-75.30584,1202567,41.05,-75.3,1.355007
42091,Montgomery County,Pennsylvania,wtk,40.169483,-75.314595,2259128,40.17788,-75.32083,1.073516
42091,Montgomery County,Pennsylvania,bchrrr,40.169483,-75.314595,2259128,40.17788,-75.32083,1.073516
42091,Montgomery County,Pennsylvania,nsrdb,40.169483,-75.314595,1202589,40.17,-75.3,1.241443
42093,Montour County,Pennsylvania,wtk,40.996766,-76.630237,2190091,41.006653,-76.631134,1.10196
42093,Montour County,Pennsylvania,bchrrr,40.996766,-76.630237,2190091,41.006653,-76.631134,1.10196
42093,Montour County,Pennsylvania,nsrdb,40.996766,-76.630237,1158221,41.01,-76.62,1.703947
42095,Northampton County,Pennsylvania,wtk,40.699146,-75.320828,2252574,40.695366,-75.31769,0.49664
42095,Northampton County,Pennsylvania,bchrrr,40.699146,-75.320828,2252574,40.695366,-75.31769,0.49664
42095,Northampton County,Pennsylvania,nsrdb,40.699146,-75.320828,1201246,40.69,-75.34,1.909672
42097,Northumberland County,Pennsylvania,wtk,40.874554,-76.684644,2190084,40.88046,-76.6723,1.228158
42097,Northumberland County,Pennsylvania,bchrrr,40.874554,-76.684644,2190084,40.88046,-76.6723,1.228158
42097,Northumberland County,Pennsylvania,nsrdb,40.874554,-76.684644,1155621,40.89,-76.7,2.148601
42099,Perry County,Pennsylvania,wtk,40.41079,-77.154417,2174960,40.41444,-77.148834,0.623014
42099,Perry County,Pennsylvania,bchrrr,40.41079,-77.154417,2174960,40.41444,-77.148834,0.623014
42099,Perry County,Pennsylvania,nsrdb,40.41079,-77.154417,1141540,40.41,-77.14,1.22379
42101,Philadelphia County,Pennsylvania,wtk,40.003523,-75.139443,2268516,40.00485,-75.1301,0.809356
42101,Philadelphia County,Pennsylvania,bchrrr,40.003523,-75.139443,2268516,40.00485,-75.1301,0.809356
42101,Philadelphia County,Pennsylvania,nsrdb,40.003523,-75.139443,1207855,40.01,-75.14,0.721771
42103,Pike County,Pennsylvania,wtk,41.302401,-74.983466,2257312,41.29945,-74.97711,0.624167
42103,Pike County,Pennsylvania,bchrrr,41.302401,-74.983466,2257312,41.29945,-74.97711,0.624167
42103,Pike County,Pennsylvania,nsrdb,41.302401,-74.983466,1213067,41.29,-74.98,1.409004
42105,Potter County,Pennsylvania,wtk,41.823262,-77.935839,2120884,41.8114,-77.928925,1.43807
42105,Potter County,Pennsylvania,bchrrr,41.823262,-77.935839,2120884,41.8114,-77.928925,1.43807
42105,Potter County,Pennsylvania,nsrdb,41.823262,-77.935839,1116269,41.81,-77.94,1.514449
42107,Schuylkill County,Pennsylvania,wtk,40.712667,-76.195772,2214482,40.714104,-76.19641,0.168593
42107,Schuylkill County,Pennsylvania,bchrrr,40.712667,-76.195772,2214482,40.714104,-76.19641,0.168593
42107,Schuylkill County,Pennsylvania,nsrdb,40.712667,-76.195772,1172920,40.73,-76.18,2.341226
42109,Snyder County,Pennsylvania,wtk,40.787387,-76.980879,2177299,40.784615,-76.98105,0.308569
42109,Snyder County,Pennsylvania,bchrrr,40.787387,-76.980879,2177299,40.784615,-76.98105,0.308569
42109,Snyder County,Pennsylvania,nsrdb,40.787387,-76.980879,1146587,40.77,-76.98,1.934765
42111,Somerset County,Pennsylvania,wtk,40.029003,-79.012205,2096336,40.03347,-79.00635,0.703722
42111,Somerset County,Pennsylvania,bchrrr,40.029003,-79.012205,2096336,40.03347,-79.00635,0.703722
42111,Somerset County,Pennsylvania,nsrdb,40.029003,-79.012205,1087588,40.01,-79.02,2.214849
42113,Sullivan County,Pennsylvania,wtk,41.469627,-76.492897,2188954,41.479893,-76.50076,1.316141
42113,Sullivan County,Pennsylvania,bchrrr,41.469627,-76.492897,2188954,41.479893,-76.50076,1.316141
42113,Sullivan County,Pennsylvania,nsrdb,41.469627,-76.492897,1162149,41.45,-76.5,2.261269
42115,Susquehanna County,Pennsylvania,wtk,41.823086,-75.769285,2216862,41.820755,-75.76944,0.259514
42115,Susquehanna County,Pennsylvania,bchrrr,41.823086,-75.769285,2216862,41.820755,-75.76944,0.259514
42115,Susquehanna County,Pennsylvania,nsrdb,41.823086,-75.769285,1186339,41.81,-75.78,1.704643
42117,Tioga County,Pennsylvania,wtk,41.81481,-77.21111,2152114,41.81934,-77.2092,0.527997
42117,Tioga County,Pennsylvania,bchrrr,41.81481,-77.21111,2152114,41.81934,-77.2092,0.527997
42117,Tioga County,Pennsylvania,nsrdb,41.81481,-77.21111,1138970,41.81,-77.22,0.910442
42119,Union County,Pennsylvania,wtk,40.970242,-76.959199,2176149,40.96941,-76.94708,1.021689
42119,Union County,Pennsylvania,bchrrr,40.970242,-76.959199,2176149,40.96941,-76.94708,1.021689
42119,Union County,Pennsylvania,nsrdb,40.970242,-76.959199,1147862,40.97,-76.94,1.612135
42121,Venango County,Pennsylvania,wtk,41.404235,-79.765313,2045935,41.408066,-79.77588,0.978851
42121,Venango County,Pennsylvania,bchrrr,41.404235,-79.765313,2045935,41.408066,-79.77588,0.978851
42121,Venango County,Pennsylvania,nsrdb,41.404235,-79.765313,1069737,41.41,-79.78,1.382492
42123,Warren County,Pennsylvania,wtk,41.853111,-79.233316,2063156,41.856617,-79.24408,0.973012
42123,Warren County,Pennsylvania,bchrrr,41.853111,-79.233316,2063156,41.856617,-79.24408,0.973012
42123,Warren County,Pennsylvania,nsrdb,41.853111,-79.233316,1082688,41.85,-79.22,1.155896
42125,Washington County,Pennsylvania,wtk,40.208361,-80.146225,2043772,40.21477,-80.14606,0.712787
42125,Washington County,Pennsylvania,bchrrr,40.208361,-80.146225,2043772,40.21477,-80.14606,0.712787
42125,Washington County,Pennsylvania,nsrdb,40.208361,-80.146225,1061182,40.21,-80.14,0.559154
42127,Wayne County,Pennsylvania,wtk,41.539854,-75.307534,2241681,41.537575,-75.302704,0.47521
42127,Wayne County,Pennsylvania,bchrrr,41.539854,-75.307534,2241681,41.537575,-75.302704,0.47521
42127,Wayne County,Pennsylvania,nsrdb,41.539854,-75.307534,1202555,41.53,-75.3,1.262474
42129,Westmoreland County,Pennsylvania,wtk,40.340199,-79.594668,2066385,40.33674,-79.592285,0.43443
42129,Westmoreland County,Pennsylvania,bchrrr,40.340199,-79.594668,2066385,40.33674,-79.592285,0.43443
42129,Westmoreland County,Pennsylvania,nsrdb,40.340199,-79.594668,1074470,40.33,-79.58,1.682814
42131,Wyoming County,Pennsylvania,wtk,41.538718,-75.938652,2213369,41.54663,-75.94086,0.898762
42131,Wyoming County,Pennsylvania,bchrrr,41.538718,-75.938652,2213369,41.54663,-75.94086,0.898762
42131,Wyoming County,Pennsylvania,nsrdb,41.538718,-75.938652,1180963,41.53,-75.94,0.97587
42133,York County,Pennsylvania,wtk,39.941928,-76.753763,2200499,39.939793,-76.75,0.399098
42133,York County,Pennsylvania,bchrrr,39.941928,-76.753763,2200499,39.939793,-76.75,0.399098
42133,York County,Pennsylvania,nsrdb,39.941928,-76.753763,1154354,39.93,-76.74,1.770908
44001,Bristol County,Rhode Island,wtk,41.712608,-71.284725,2382278,41.705345,-71.27515,1.133132
44001,Bristol County,Rhode Island,bchrrr,41.712608,-71.284725,2382278,41.705345,-71.27515,1.133132
44001,Bristol County,Rhode Island,nsrdb,41.712608,-71.284725,1331784,41.73,-71.3,2.312396
44003,Kent County,Rhode Island,wtk,41.698513,-71.488927,2375133,41.6972,-71.48755,0.185435
44003,Kent County,Rhode Island,bchrrr,41.698513,-71.488927,2375133,41.6972,-71.48755,0.185435
44003,Kent County,Rhode Island,nsrdb,41.698513,-71.488927,1325219,41.69,-71.5,1.319597
44005,Newport County,Rhode Island,wtk,41.548629,-71.266517,2384950,41.54677,-71.26456,0.263159
44005,Newport County,Rhode Island,bchrrr,41.548629,-71.266517,2384950,41.54677,-71.26456,0.263159
44005,Newport County,Rhode Island,nsrdb,41.548629,-71.266517,1333106,41.53,-71.26,2.14129
44007,Providence County,Rhode Island,wtk,41.857228,-71.449695,2374248,41.862297,-71.443665,0.753047
44007,Providence County,Rhode Island,bchrrr,41.857228,-71.449695,2374248,41.862297,-71.443665,0.753047
44007,Providence County,Rhode Island,nsrdb,41.857228,-71.449695,1326527,41.85,-71.46,1.172359
44009,Washington County,Rhode Island,wtk,41.467326,-71.58994,2375120,41.46682,-71.58469,0.441047
44009,Washington County,Rhode Island,bchrrr,41.467326,-71.58994,2375120,41.46682,-71.58469,0.441047
44009,Washington County,Rhode Island,nsrdb,41.467326,-71.58994,1322592,41.45,-71.58,2.097091
45001,Abbeville County,South Carolina,wtk,34.241576,-82.422067,2005225,34.233288,-82.414185,1.17231
45001,Abbeville County,South Carolina,bchrrr,34.241576,-82.422067,2005225,34.233288,-82.414185,1.17231
45001,Abbeville County,South Carolina,nsrdb,34.241576,-82.422067,1011685,34.25,-82.42,0.955781
45003,Aiken County,South Carolina,wtk,33.535712,-81.774493,2041307,33.529396,-81.78137,0.948443
45003,Aiken County,South Carolina,bchrrr,33.535712,-81.774493,2041307,33.529396,-81.78137,0.948443
45003,Aiken County,South Carolina,nsrdb,33.535712,-81.774493,1024830,33.53,-81.78,0.814836
45005,Allendale County,South Carolina,wtk,32.997049,-81.291342,2070416,32.99294,-81.300446,0.964182
45005,Allendale County,South Carolina,bchrrr,32.997049,-81.291342,2070416,32.99294,-81.300446,0.964182
45005,Allendale County,South Carolina,nsrdb,32.997049,-81.291342,1035081,33.01,-81.3,1.650973
45007,Anderson County,South Carolina,wtk,34.564694,-82.616568,1993059,34.558567,-82.616974,0.682306
45007,Anderson County,South Carolina,bchrrr,34.564694,-82.616568,1993059,34.558567,-82.616974,0.682306
45007,Anderson County,South Carolina,nsrdb,34.564694,-82.616568,1007582,34.57,-82.62,0.668472
45009,Bamberg County,South Carolina,wtk,33.26757,-81.072254,2079307,33.270443,-81.0614,1.058465
45009,Bamberg County,South Carolina,bchrrr,33.26757,-81.072254,2079307,33.270443,-81.0614,1.058465
45009,Bamberg County,South Carolina,nsrdb,33.26757,-81.072254,1040491,33.25,-81.06,2.261671
45011,Barnwell County,South Carolina,wtk,33.294537,-81.356755,2063783,33.29938,-81.36536,0.964164
45011,Barnwell County,South Carolina,bchrrr,33.294537,-81.356755,2063783,33.29938,-81.36536,0.964164
45011,Barnwell County,South Carolina,nsrdb,33.294537,-81.356755,1034168,33.29,-81.34,1.636986
45013,Beaufort County,South Carolina,wtk,32.317934,-80.786836,2103684,32.31997,-80.792175,0.550417
45013,Beaufort County,South Carolina,bchrrr,32.317934,-80.786836,2103684,32.31997,-80.792175,0.550417
45013,Beaufort County,South Carolina,nsrdb,32.317934,-80.786836,1046835,32.33,-80.78,1.487516
45015,Berkeley County,South Carolina,wtk,33.059273,-80.035022,2132633,33.06706,-80.04462,1.244888
45015,Berkeley County,South Carolina,bchrrr,33.059273,-80.035022,2132633,33.06706,-80.04462,1.244888
45015,Berkeley County,South Carolina,nsrdb,33.059273,-80.035022,1064208,33.05,-80.02,1.738752
45017,Calhoun County,South Carolina,wtk,33.677921,-80.822207,2087100,33.67647,-80.81296,0.870738
45017,Calhoun County,South Carolina,bchrrr,33.677921,-80.822207,2087100,33.67647,-80.81296,0.870738
45017,Calhoun County,South Carolina,nsrdb,33.677921,-80.822207,1045911,33.69,-80.82,1.35856
45019,Charleston County,South Carolina,wtk,32.825794,-79.978111,2139298,32.831337,-79.96869,1.0746
45019,Charleston County,South Carolina,bchrrr,32.825794,-79.978111,2139298,32.831337,-79.96869,1.0746
45019,Charleston County,South Carolina,nsrdb,32.825794,-79.978111,1065171,32.81,-79.98,1.765064
45021,Cherokee County,South Carolina,wtk,35.080961,-81.648307,2032008,35.08807,-81.64346,0.905196
45021,Cherokee County,South Carolina,bchrrr,35.080961,-81.648307,2032008,35.08807,-81.64346,0.905196
45021,Cherokee County,South Carolina,nsrdb,35.080961,-81.648307,1027272,35.09,-81.66,1.463626
45023,Chester County,South Carolina,wtk,34.704393,-81.118611,2060565,34.710045,-81.11536,0.695193
45023,Chester County,South Carolina,bchrrr,34.704393,-81.118611,2060565,34.710045,-81.11536,0.695193
45023,Chester County,South Carolina,nsrdb,34.704393,-81.118611,1039549,34.69,-81.1,2.335871
45025,Chesterfield County,South Carolina,wtk,34.681112,-80.14988,2108260,34.685654,-80.14569,0.63392
45025,Chesterfield County,South Carolina,bchrrr,34.681112,-80.14988,2108260,34.685654,-80.14569,0.63392
45025,Chesterfield County,South Carolina,nsrdb,34.681112,-80.14988,1061320,34.69,-80.14,1.338962
45027,Clarendon County,South Carolina,wtk,33.686187,-80.207853,2117098,33.68919,-80.206665,0.351544
45027,Clarendon County,South Carolina,bchrrr,33.686187,-80.207853,2117098,33.68919,-80.206665,0.351544
45027,Clarendon County,South Carolina,nsrdb,33.686187,-80.207853,1059487,33.69,-80.22,1.201182
45029,Colleton County,South Carolina,wtk,32.908812,-80.646978,2103717,32.90898,-80.657104,0.945469
45029,Colleton County,South Carolina,bchrrr,32.908812,-80.646978,2103717,32.90898,-80.657104,0.945469
45029,Colleton County,South Carolina,nsrdb,32.908812,-80.646978,1049544,32.89,-80.66,2.419445
45031,Darlington County,South Carolina,wtk,34.326094,-79.98549,2120469,34.32304,-79.98532,0.339948
45031,Darlington County,South Carolina,bchrrr,34.326094,-79.98549,2120469,34.32304,-79.98532,0.339948
45031,Darlington County,South Carolina,nsrdb,34.326094,-79.98549,1065133,34.33,-79.98,0.665425
45033,Dillon County,South Carolina,wtk,34.394769,-79.361601,2150569,34.402122,-79.354675,1.035524
45033,Dillon County,South Carolina,bchrrr,34.394769,-79.361601,2150569,34.402122,-79.354675,1.035524
45033,Dillon County,South Carolina,nsrdb,34.394769,-79.361601,1079200,34.41,-79.38,2.391188
45035,Dorchester County,South Carolina,wtk,32.995956,-80.21275,2124843,33.0029,-80.21503,0.800879
45035,Dorchester County,South Carolina,bchrrr,32.995956,-80.21275,2124843,33.0029,-80.21503,0.800879
45035,Dorchester County,South Carolina,nsrdb,32.995956,-80.21275,1059504,33.01,-80.22,1.701693
45037,Edgefield County,South Carolina,wtk,33.713075,-81.922981,2032971,33.716694,-81.91925,0.530119
45037,Edgefield County,South Carolina,bchrrr,33.713075,-81.922981,2032971,33.716694,-81.91925,0.530119
45037,Edgefield County,South Carolina,nsrdb,33.713075,-81.922981,1021546,33.73,-81.94,2.453441
45039,Fairfield County,South Carolina,wtk,34.361228,-81.069313,2067164,34.366035,-81.05841,1.134568
45039,Fairfield County,South Carolina,bchrrr,34.361228,-81.069313,2067164,34.366035,-81.05841,1.134568
45039,Fairfield County,South Carolina,nsrdb,34.361228,-81.069313,1040463,34.37,-81.06,1.296959
45041,Florence County,South Carolina,wtk,34.106059,-79.764748,2133804,34.100075,-79.76965,0.804024
45041,Florence County,South Carolina,bchrrr,34.106059,-79.764748,2133804,34.100075,-79.76965,0.804024
45041,Florence County,South Carolina,nsrdb,34.106059,-79.764748,1069920,34.09,-79.78,2.27177
45043,Georgetown County,South Carolina,wtk,33.457552,-79.250888,2167662,33.452118,-79.25946,0.998756
45043,Georgetown County,South Carolina,bchrrr,33.457552,-79.250888,2167662,33.452118,-79.25946,0.998756
45043,Georgetown County,South Carolina,nsrdb,33.457552,-79.250888,1081971,33.45,-79.26,1.19155
45045,Greenville County,South Carolina,wtk,34.844651,-82.331282,2003222,34.85263,-82.33005,0.89432
45045,Greenville County,South Carolina,bchrrr,34.844651,-82.331282,2003222,34.85263,-82.33005,0.89432
45045,Greenville County,South Carolina,nsrdb,34.844651,-82.331282,1013302,34.85,-82.34,0.993322
45047,Greenwood County,South Carolina,wtk,34.205173,-82.147925,2017506,34.213905,-82.14902,0.976163
45047,Greenwood County,South Carolina,bchrrr,34.205173,-82.147925,2017506,34.213905,-82.14902,0.976163
45047,Greenwood County,South Carolina,nsrdb,34.205173,-82.147925,1017429,34.21,-82.14,0.905098
45049,Hampton County,South Carolina,wtk,32.801593,-81.116412,2081501,32.798534,-81.12323,0.722354
45049,Hampton County,South Carolina,bchrrr,32.801593,-81.116412,2081501,32.798534,-81.12323,0.722354
45049,Hampton County,South Carolina,nsrdb,32.801593,-81.116412,1039596,32.81,-81.1,1.796292
45051,Horry County,South Carolina,wtk,33.780228,-78.937604,2180393,33.784653,-78.92743,1.061243
45051,Horry County,South Carolina,bchrrr,33.780228,-78.937604,2180393,33.784653,-78.92743,1.061243
45051,Horry County,South Carolina,nsrdb,33.780228,-78.937604,1089705,33.77,-78.94,1.158664
45053,Jasper County,South Carolina,wtk,32.407324,-81.002154,2091471,32.410942,-81.01239,1.041728
45053,Jasper County,South Carolina,bchrrr,32.407324,-81.002154,2091471,32.410942,-81.01239,1.041728
45053,Jasper County,South Carolina,nsrdb,32.407324,-81.002154,1041416,32.41,-81.02,1.701533
45055,Kershaw County,South Carolina,wtk,34.257248,-80.650786,2088243,34.26481,-80.653595,0.879592
45055,Kershaw County,South Carolina,bchrrr,34.257248,-80.650786,2088243,34.26481,-80.653595,0.879592
45055,Kershaw County,South Carolina,nsrdb,34.257248,-80.650786,1049510,34.25,-80.66,1.169056
45057,Lancaster County,South Carolina,wtk,34.804761,-80.771969,2076064,34.80603,-80.77548,0.350243
45057,Lancaster County,South Carolina,bchrrr,34.804761,-80.771969,2076064,34.80603,-80.77548,0.350243
45057,Lancaster County,South Carolina,nsrdb,34.804761,-80.771969,1046773,34.81,-80.78,0.936476
45059,Laurens County,South Carolina,wtk,34.509527,-82.032086,2019578,34.51379,-82.04028,0.887905
45059,Laurens County,South Carolina,bchrrr,34.509527,-82.032086,2019578,34.51379,-82.04028,0.887905
45059,Laurens County,South Carolina,nsrdb,34.509527,-82.032086,1019886,34.49,-82.02,2.437465
45061,Lee County,South Carolina,wtk,34.183584,-80.266884,2108232,34.183422,-80.267395,0.050338
45061,Lee County,South Carolina,bchrrr,34.183584,-80.266884,2108232,34.183422,-80.267395,0.050338
45061,Lee County,South Carolina,nsrdb,34.183584,-80.266884,1058554,34.17,-80.26,1.637856
45063,Lexington County,South Carolina,wtk,33.962228,-81.218974,2063820,33.963036,-81.217285,0.179823
45063,Lexington County,South Carolina,bchrrr,33.962228,-81.218974,2063820,33.963036,-81.217285,0.179823
45063,Lexington County,South Carolina,nsrdb,33.962228,-81.218974,1036867,33.97,-81.22,0.869373
45065,McCormick County,South Carolina,wtk,33.879297,-82.297805,2013383,33.884422,-82.30762,1.070367
45065,McCormick County,South Carolina,bchrrr,33.879297,-82.297805,2013383,33.884422,-82.30762,1.070367
45065,McCormick County,South Carolina,nsrdb,33.879297,-82.297805,1014141,33.89,-82.3,1.207246
45067,Marion County,South Carolina,wtk,34.166085,-79.340464,2153964,34.17613,-79.34454,1.17822
45067,Marion County,South Carolina,bchrrr,34.166085,-79.340464,2153964,34.17613,-79.34454,1.17822
45067,Marion County,South Carolina,nsrdb,34.166085,-79.340464,1080121,34.17,-79.34,0.437417
45069,Marlboro County,South Carolina,wtk,34.637959,-79.671686,2131609,34.644814,-79.67883,1.004066
45069,Marlboro County,South Carolina,bchrrr,34.637959,-79.671686,2131609,34.644814,-79.67883,1.004066
45069,Marlboro County,South Carolina,nsrdb,34.637959,-79.671686,1072744,34.65,-79.66,1.713329
45071,Newberry County,South Carolina,wtk,34.264654,-81.57357,2043443,34.259613,-81.57764,0.673868
45071,Newberry County,South Carolina,bchrrr,34.264654,-81.57357,2043443,34.259613,-81.57764,0.673868
45071,Newberry County,South Carolina,nsrdb,34.264654,-81.57357,1028960,34.25,-81.58,1.733302
45073,Oconee County,South Carolina,wtk,34.707517,-83.002049,1974988,34.702892,-82.99371,0.919547
45073,Oconee County,South Carolina,bchrrr,34.707517,-83.002049,1974988,34.702892,-82.99371,0.919547
45073,Oconee County,South Carolina,nsrdb,34.707517,-83.002049,999295,34.69,-83.02,2.546973
45075,Orangeburg County,South Carolina,wtk,33.471756,-80.7989,2090420,33.469097,-80.793884,0.551261
45075,Orangeburg County,South Carolina,bchrrr,33.471756,-80.7989,2090420,33.469097,-80.793884,0.551261
45075,Orangeburg County,South Carolina,nsrdb,33.471756,-80.7989,1046806,33.49,-80.78,2.681035
45077,Pickens County,South Carolina,wtk,34.80529,-82.689654,1988027,34.808456,-82.67871,1.059393
45077,Pickens County,South Carolina,bchrrr,34.80529,-82.689654,1988027,34.808456,-82.67871,1.059393
45077,Pickens County,South Carolina,nsrdb,34.80529,-82.689654,1005930,34.81,-82.7,1.080059
45079,Richland County,South Carolina,wtk,34.06798,-80.988846,2073804,34.076244,-80.989746,0.922648
45079,Richland County,South Carolina,bchrrr,34.06798,-80.988846,2073804,34.076244,-80.989746,0.922648
45079,Richland County,South Carolina,nsrdb,34.06798,-80.988846,1042291,34.05,-80.98,2.158985
45081,Saluda County,South Carolina,wtk,33.998813,-81.702815,2040287,33.99968,-81.70187,0.129936
45081,Saluda County,South Carolina,bchrrr,33.998813,-81.702815,2040287,33.99968,-81.70187,0.129936
45081,Saluda County,South Carolina,nsrdb,33.998813,-81.702815,1026470,34.01,-81.7,1.270716
45083,Spartanburg County,South Carolina,wtk,34.963887,-82.007758,2016520,34.956074,-82.013275,1.003758
45083,Spartanburg County,South Carolina,bchrrr,34.963887,-82.007758,2016520,34.956074,-82.013275,1.003758
45083,Spartanburg County,South Carolina,nsrdb,34.963887,-82.007758,1019874,34.97,-82.02,1.306303
45085,Sumter County,South Carolina,wtk,33.929497,-80.389618,2104884,33.92526,-80.39661,0.798831
45085,Sumter County,South Carolina,bchrrr,33.929497,-80.389618,2104884,33.92526,-80.39661,0.798831
45085,Sumter County,South Carolina,nsrdb,33.929497,-80.389618,1055856,33.93,-80.38,0.889128
45087,Union County,South Carolina,wtk,34.73313,-81.627688,2036151,34.732525,-81.63129,0.335963
45087,Union County,South Carolina,bchrrr,34.73313,-81.627688,2036151,34.732525,-81.63129,0.335963
45087,Union County,South Carolina,nsrdb,34.73313,-81.627688,1028109,34.73,-81.62,0.784039
45089,Williamsburg County,South Carolina,wtk,33.651947,-79.733204,2141570,33.645107,-79.72525,1.05856
45089,Williamsburg County,South Carolina,bchrrr,33.651947,-79.733204,2141570,33.645107,-79.72525,1.05856
45089,Williamsburg County,South Carolina,nsrdb,33.651947,-79.733204,1070879,33.65,-79.74,0.665264
45091,York County,South Carolina,wtk,34.998567,-81.051376,2060581,34.99802,-81.049194,0.207852
45091,York County,South Carolina,bchrrr,34.998567,-81.051376,2060581,34.99802,-81.049194,0.207852
45091,York County,South Carolina,nsrdb,34.998567,-81.051376,1040447,35.01,-81.06,1.494379
46003,Aurora County,South Dakota,wtk,43.693726,-98.529741,1170375,43.687927,-98.5365,0.843281
46003,Aurora County,South Dakota,bchrrr,43.693726,-98.529741,1170375,43.687927,-98.5365,0.843281
46003,Aurora County,South Dakota,nsrdb,43.693726,-98.529741,655756,43.69,-98.54,0.923044
46005,Beadle County,South Dakota,wtk,44.367307,-98.227717,1186699,44.365196,-98.22772,0.234733
46005,Beadle County,South Dakota,bchrrr,44.367307,-98.227717,1186699,44.365196,-98.22772,0.234733
46005,Beadle County,South Dakota,nsrdb,44.367307,-98.227717,664535,44.37,-98.22,0.682601
46007,Bennett County,South Dakota,wtk,43.210574,-101.785966,1017226,43.210796,-101.78906,0.251961
46007,Bennett County,South Dakota,bchrrr,43.210574,-101.785966,1017226,43.210796,-101.78906,0.251961
46007,Bennett County,South Dakota,nsrdb,43.210574,-101.785966,568115,43.21,-101.78,0.487703
46009,Bon Homme County,South Dakota,wtk,42.966147,-97.859845,1201726,42.975067,-97.86957,1.2688
46009,Bon Homme County,South Dakota,bchrrr,42.966147,-97.859845,1201726,42.975067,-97.86957,1.2688
46009,Bon Homme County,South Dakota,nsrdb,42.966147,-97.859845,674506,42.97,-97.86,0.42862
46011,Brookings County,South Dakota,wtk,44.31091,-96.785888,1255837,44.310036,-96.79382,0.638567
46011,Brookings County,South Dakota,bchrrr,44.31091,-96.785888,1255837,44.310036,-96.79382,0.638567
46011,Brookings County,South Dakota,nsrdb,44.31091,-96.785888,702511,44.33,-96.78,2.173781
46013,Brown County,South Dakota,wtk,45.475357,-98.451657,1177984,45.478535,-98.45795,0.60467
46013,Brown County,South Dakota,bchrrr,45.475357,-98.451657,1177984,45.478535,-98.45795,0.60467
46013,Brown County,South Dakota,nsrdb,45.475357,-98.451657,657908,45.49,-98.46,1.753338
46015,Brule County,South Dakota,wtk,43.762678,-99.191507,1139122,43.76433,-99.184784,0.570287
46015,Brule County,South Dakota,bchrrr,43.762678,-99.191507,1139122,43.76433,-99.184784,0.570287
46015,Brule County,South Dakota,nsrdb,43.762678,-99.191507,638248,43.77,-99.18,1.231544
46017,Buffalo County,South Dakota,wtk,44.059089,-99.371034,1130439,44.056656,-99.38251,0.956109
46017,Buffalo County,South Dakota,bchrrr,44.059089,-99.371034,1130439,44.056656,-99.38251,0.956109
46017,Buffalo County,South Dakota,nsrdb,44.059089,-99.371034,632793,44.05,-99.38,1.238869
46019,Butte County,South Dakota,wtk,44.669689,-103.766196,943349,44.659107,-103.7764,1.426808
46019,Butte County,South Dakota,bchrrr,44.669689,-103.766196,943349,44.659107,-103.7764,1.426808
46019,Butte County,South Dakota,nsrdb,44.669689,-103.766196,515416,44.65,-103.78,2.446451
46021,Campbell County,South Dakota,wtk,45.801273,-100.100592,1102077,45.804276,-100.10382,0.417271
46021,Campbell County,South Dakota,bchrrr,45.801273,-100.100592,1102077,45.804276,-100.10382,0.417271
46021,Campbell County,South Dakota,nsrdb,45.801273,-100.100592,613179,45.81,-100.1,0.971484
46023,Charles Mix County,South Dakota,wtk,43.175339,-98.528364,1169095,43.166378,-98.53937,1.337719
46023,Charles Mix County,South Dakota,bchrrr,43.175339,-98.528364,1169095,43.166378,-98.53937,1.337719
46023,Charles Mix County,South Dakota,nsrdb,43.175339,-98.528364,655769,43.17,-98.54,1.114829
46025,Clark County,South Dakota,wtk,44.825613,-97.709264,1211909,44.821262,-97.720215,0.989967
46025,Clark County,South Dakota,bchrrr,44.825613,-97.709264,1211909,44.821262,-97.720215,0.989967
46025,Clark County,South Dakota,nsrdb,44.825613,-97.709264,678884,44.81,-97.7,1.883598
46027,Clay County,South Dakota,wtk,42.808956,-96.93681,1248232,42.801037,-96.9256,1.269535
46027,Clay County,South Dakota,bchrrr,42.808956,-96.93681,1248232,42.801037,-96.9256,1.269535
46027,Clay County,South Dakota,nsrdb,42.808956,-96.93681,698774,42.81,-96.94,0.284943
46029,Codington County,South Dakota,wtk,44.91407,-97.129869,1240819,44.921978,-97.1181,1.277483
46029,Codington County,South Dakota,bchrrr,44.91407,-97.129869,1240819,44.921978,-97.1181,1.277483
46029,Codington County,South Dakota,nsrdb,44.91407,-97.129869,693758,44.93,-97.14,1.942649
46031,Corson County,South Dakota,wtk,45.758083,-100.912537,1066081,45.75426,-100.902405,0.893647
46031,Corson County,South Dakota,bchrrr,45.758083,-100.912537,1066081,45.75426,-100.902405,0.893647
46031,Corson County,South Dakota,nsrdb,45.758083,-100.912537,591594,45.77,-100.9,1.643685
46033,Custer County,South Dakota,wtk,43.740761,-103.514801,948530,43.741096,-103.52319,0.674963
46033,Custer County,South Dakota,bchrrr,43.740761,-103.514801,948530,43.741096,-103.52319,0.674963
46033,Custer County,South Dakota,nsrdb,43.740761,-103.514801,522761,43.73,-103.5,1.686971
46035,Davison County,South Dakota,wtk,43.706383,-98.040433,1194200,43.698048,-98.047455,1.085181
46035,Davison County,South Dakota,bchrrr,43.706383,-98.040433,1194200,43.698048,-98.047455,1.085181
46035,Davison County,South Dakota,nsrdb,43.706383,-98.040433,668961,43.69,-98.06,2.406886
46037,Day County,South Dakota,wtk,45.369062,-97.519215,1221996,45.364388,-97.52466,0.671608
46037,Day County,South Dakota,bchrrr,45.369062,-97.519215,1221996,45.364388,-97.52466,0.671608
46037,Day County,South Dakota,nsrdb,45.369062,-97.519215,684377,45.37,-97.5,1.504658
46039,Deuel County,South Dakota,wtk,44.738674,-96.660985,1262130,44.739254,-96.6687,0.612766
46039,Deuel County,South Dakota,bchrrr,44.738674,-96.660985,1262130,44.739254,-96.6687,0.612766
46039,Deuel County,South Dakota,nsrdb,44.738674,-96.660985,705304,44.73,-96.66,0.967639
46041,Dewey County,South Dakota,wtk,45.116563,-101.10995,1054458,45.110474,-101.11096,0.68169
46041,Dewey County,South Dakota,bchrrr,45.116563,-101.10995,1054458,45.110474,-101.11096,0.68169
46041,Dewey County,South Dakota,nsrdb,45.116563,-101.10995,586235,45.13,-101.1,1.685775
46043,Douglas County,South Dakota,wtk,43.377637,-98.369802,1177871,43.37502,-98.36914,0.295876
46043,Douglas County,South Dakota,bchrrr,43.377637,-98.369802,1177871,43.37502,-98.36914,0.295876
46043,Douglas County,South Dakota,nsrdb,43.377637,-98.369802,660159,43.37,-98.38,1.18345
46045,Edmunds County,South Dakota,wtk,45.453417,-99.148735,1145447,45.461586,-99.14819,0.909347
46045,Edmunds County,South Dakota,bchrrr,45.453417,-99.148735,1145447,45.461586,-99.14819,0.909347
46045,Edmunds County,South Dakota,nsrdb,45.453417,-99.148735,639296,45.45,-99.14,0.780147
46047,Fall River County,South Dakota,wtk,43.387362,-103.513039,947465,43.387196,-103.50305,0.807407
46047,Fall River County,South Dakota,bchrrr,43.387362,-103.513039,947465,43.387196,-103.50305,0.807407
46047,Fall River County,South Dakota,nsrdb,43.387362,-103.513039,522770,43.37,-103.5,2.199458
46049,Faulk County,South Dakota,wtk,45.061037,-99.09935,1146675,45.052795,-99.09906,0.916753
46049,Faulk County,South Dakota,bchrrr,45.061037,-99.09935,1146675,45.052795,-99.09906,0.916753
46049,Faulk County,South Dakota,nsrdb,45.061037,-99.09935,640397,45.05,-99.1,1.228322
46051,Grant County,South Dakota,wtk,45.206943,-96.658718,1263409,45.205082,-96.647766,0.88262
46051,Grant County,South Dakota,bchrrr,45.206943,-96.658718,1263409,45.205082,-96.647766,0.88262
46051,Grant County,South Dakota,nsrdb,45.206943,-96.658718,705292,45.21,-96.66,0.35445
46053,Gregory County,South Dakota,wtk,43.183504,-99.279748,1132875,43.183964,-99.28085,0.102954
46053,Gregory County,South Dakota,bchrrr,43.183504,-99.279748,1132875,43.183964,-99.28085,0.102954
46053,Gregory County,South Dakota,nsrdb,43.183504,-99.279748,636083,43.17,-99.26,2.195227
46055,Haakon County,South Dakota,wtk,44.133306,-101.57255,1030544,44.136604,-101.57034,0.406928
46055,Haakon County,South Dakota,bchrrr,44.133306,-101.57255,1030544,44.136604,-101.57034,0.406928
46055,Haakon County,South Dakota,nsrdb,44.133306,-101.57255,573416,44.13,-101.58,0.699044
46057,Hamlin County,South Dakota,wtk,44.646161,-97.148243,1239549,44.64234,-97.138794,0.859849
46057,Hamlin County,South Dakota,bchrrr,44.646161,-97.148243,1239549,44.64234,-97.138794,0.859849
46057,Hamlin County,South Dakota,nsrdb,44.646161,-97.148243,693765,44.65,-97.14,0.779388
46059,Hand County,South Dakota,wtk,44.525472,-98.991598,1150397,44.533745,-98.99243,0.922278
46059,Hand County,South Dakota,bchrrr,44.525472,-98.991598,1150397,44.533745,-98.99243,0.922278
46059,Hand County,South Dakota,nsrdb,44.525472,-98.991598,643685,44.53,-98.98,1.048236
46061,Hanson County,South Dakota,wtk,43.656069,-97.771745,1208072,43.647087,-97.76257,1.24194
46061,Hanson County,South Dakota,bchrrr,43.656069,-97.771745,1208072,43.647087,-97.76257,1.24194
46061,Hanson County,South Dakota,nsrdb,43.656069,-97.771745,676701,43.65,-97.78,0.946836
46063,Harding County,South Dakota,wtk,45.605864,-103.520323,959081,45.612904,-103.507935,1.241511
46063,Harding County,South Dakota,bchrrr,45.605864,-103.520323,959081,45.612904,-103.507935,1.241511
46063,Harding County,South Dakota,nsrdb,45.605864,-103.520323,521666,45.61,-103.54,1.598236
46065,Hughes County,South Dakota,wtk,44.382831,-100.305296,1087312,44.378784,-100.31467,0.870336
46065,Hughes County,South Dakota,bchrrr,44.382831,-100.305296,1087312,44.378784,-100.31467,0.870336
46065,Hughes County,South Dakota,nsrdb,44.382831,-100.305296,607806,44.37,-100.3,1.487538
46067,Hutchinson County,South Dakota,wtk,43.336981,-97.745521,1208055,43.33069,-97.75299,0.924265
46067,Hutchinson County,South Dakota,bchrrr,43.336981,-97.745521,1208055,43.33069,-97.75299,0.924265
46067,Hutchinson County,South Dakota,nsrdb,43.336981,-97.745521,677815,43.33,-97.74,0.895525
46069,Hyde County,South Dakota,wtk,44.519685,-99.45529,1127982,44.520233,-99.46228,0.557527
46069,Hyde County,South Dakota,bchrrr,44.519685,-99.45529,1127982,44.520233,-99.46228,0.557527
46069,Hyde County,South Dakota,nsrdb,44.519685,-99.45529,630603,44.53,-99.46,1.206224
46071,Jackson County,South Dakota,wtk,43.649647,-101.664814,1024953,43.64715,-101.65216,1.055316
46071,Jackson County,South Dakota,bchrrr,43.649647,-101.664814,1024953,43.64715,-101.65216,1.055316
46071,Jackson County,South Dakota,nsrdb,43.649647,-101.664814,571296,43.65,-101.66,0.389307
46073,Jerauld County,South Dakota,wtk,44.09101,-98.537921,1171649,44.097942,-98.528656,1.068452
46073,Jerauld County,South Dakota,bchrrr,44.09101,-98.537921,1171649,44.097942,-98.528656,1.068452
46073,Jerauld County,South Dakota,nsrdb,44.09101,-98.537921,655746,44.09,-98.54,0.200454
46075,Jones County,South Dakota,wtk,43.895339,-100.695161,1068308,43.8972,-100.69272,0.28474
46075,Jones County,South Dakota,bchrrr,43.895339,-100.695161,1068308,43.8972,-100.69272,0.28474
46075,Jones County,South Dakota,nsrdb,43.895339,-100.695161,597024,43.89,-100.7,0.709084
46077,Kingsbury County,South Dakota,wtk,44.377106,-97.40882,1225714,44.378345,-97.42023,0.917228
46077,Kingsbury County,South Dakota,bchrrr,44.377106,-97.40882,1225714,44.378345,-97.42023,0.917228
46077,Kingsbury County,South Dakota,nsrdb,44.377106,-97.40882,686519,44.37,-97.42,1.189101
46079,Lake County,South Dakota,wtk,44.001456,-97.095051,1240770,44.00945,-97.1004,0.986486
46079,Lake County,South Dakota,bchrrr,44.001456,-97.095051,1240770,44.00945,-97.1004,0.986486
46079,Lake County,South Dakota,nsrdb,44.001456,-97.095051,694802,44.01,-97.1,1.029208
46081,Lawrence County,South Dakota,wtk,44.453404,-103.805945,941249,44.451576,-103.80051,0.476889
46081,Lawrence County,South Dakota,bchrrr,44.453404,-103.805945,941249,44.451576,-103.80051,0.476889
46081,Lawrence County,South Dakota,nsrdb,44.453404,-103.805945,514379,44.45,-103.82,1.178086
46083,Lincoln County,South Dakota,wtk,43.441141,-96.744512,1257044,43.435127,-96.756256,1.160308
46083,Lincoln County,South Dakota,bchrrr,43.441141,-96.744512,1257044,43.435127,-96.756256,1.160308
46083,Lincoln County,South Dakota,nsrdb,43.441141,-96.744512,703470,43.45,-96.74,1.050267
46085,Lyman County,South Dakota,wtk,43.953668,-99.716937,1114319,43.95292,-99.71301,0.325173
46085,Lyman County,South Dakota,bchrrr,43.953668,-99.716937,1114319,43.95292,-99.71301,0.325173
46085,Lyman County,South Dakota,nsrdb,43.953668,-99.716937,624088,43.97,-99.7,2.266203
46087,McCook County,South Dakota,wtk,43.661487,-97.348316,1228189,43.652874,-97.35095,0.980885
46087,McCook County,South Dakota,bchrrr,43.661487,-97.348316,1228189,43.652874,-97.35095,0.980885
46087,McCook County,South Dakota,nsrdb,43.661487,-97.348316,688627,43.65,-97.34,1.441901
46089,McPherson County,South Dakota,wtk,45.766155,-99.24309,1141721,45.757183,-99.245056,1.009232
46089,McPherson County,South Dakota,bchrrr,45.766155,-99.24309,1141721,45.757183,-99.245056,1.009232
46089,McPherson County,South Dakota,nsrdb,45.766155,-99.24309,636018,45.77,-99.26,1.37956
46091,Marshall County,South Dakota,wtk,45.757886,-97.628877,1216988,45.754047,-97.64212,1.112578
46091,Marshall County,South Dakota,bchrrr,45.757886,-97.628877,1216988,45.754047,-97.64212,1.112578
46091,Marshall County,South Dakota,nsrdb,45.757886,-97.628877,681072,45.77,-97.62,1.512821
46093,Meade County,South Dakota,wtk,44.28137,-103.279881,961100,44.280895,-103.28076,0.087671
46093,Meade County,South Dakota,bchrrr,44.28137,-103.279881,961100,44.280895,-103.28076,0.087671
46093,Meade County,South Dakota,nsrdb,44.28137,-103.279881,529041,44.29,-103.26,1.850759
46095,Mellette County,South Dakota,wtk,43.549307,-100.808815,1061316,43.556026,-100.81949,1.139411
46095,Mellette County,South Dakota,bchrrr,43.549307,-100.808815,1061316,43.556026,-100.81949,1.139411
46095,Mellette County,South Dakota,nsrdb,43.549307,-100.808815,593802,43.53,-100.82,2.328468
46097,Miner County,South Dakota,wtk,44.01131,-97.55156,1219408,44.00423,-97.54047,1.185936
46097,Miner County,South Dakota,bchrrr,44.01131,-97.55156,1219408,44.00423,-97.54047,1.185936
46097,Miner County,South Dakota,nsrdb,44.01131,-97.55156,683325,44.01,-97.54,0.93589
46099,Minnehaha County,South Dakota,wtk,43.558261,-96.731504,1258305,43.565605,-96.73224,0.818767
46099,Minnehaha County,South Dakota,bchrrr,43.558261,-96.731504,1258305,43.565605,-96.73224,0.818767
46099,Minnehaha County,South Dakota,nsrdb,43.558261,-96.731504,703467,43.57,-96.74,1.473925
46101,Moody County,South Dakota,wtk,44.018445,-96.663352,1262091,44.012928,-96.66028,0.66082
46101,Moody County,South Dakota,bchrrr,44.018445,-96.663352,1262091,44.012928,-96.66028,0.66082
46101,Moody County,South Dakota,nsrdb,44.018445,-96.663352,705322,44.01,-96.66,0.976551
46103,Pennington County,South Dakota,wtk,44.064851,-103.210914,963180,44.0617,-103.2009,0.873487
46103,Pennington County,South Dakota,bchrrr,44.064851,-103.210914,963180,44.0617,-103.2009,0.873487
46103,Pennington County,South Dakota,nsrdb,44.064851,-103.210914,530097,44.05,-103.22,1.803925
46105,Perkins County,South Dakota,wtk,45.709607,-102.330448,1005486,45.70227,-102.34186,1.204526
46105,Perkins County,South Dakota,bchrrr,45.709607,-102.330448,1005486,45.70227,-102.34186,1.204526
46105,Perkins County,South Dakota,nsrdb,45.709607,-102.330448,553236,45.69,-102.34,2.302948
46107,Potter County,South Dakota,wtk,45.0704,-99.951871,1106971,45.06381,-99.94443,0.93726
46107,Potter County,South Dakota,bchrrr,45.0704,-99.951871,1106971,45.06381,-99.94443,0.93726
46107,Potter County,South Dakota,nsrdb,45.0704,-99.951871,617536,45.09,-99.94,2.370368
46109,Roberts County,South Dakota,wtk,45.611156,-96.959153,1248383,45.612637,-96.97211,1.021195
46109,Roberts County,South Dakota,bchrrr,45.611156,-96.959153,1248383,45.612637,-96.97211,1.021195
46109,Roberts County,South Dakota,nsrdb,45.611156,-96.959153,698704,45.61,-96.94,1.495341
46111,Sanborn County,South Dakota,wtk,44.005619,-98.14519,1190444,44.01302,-98.13638,1.083365
46111,Sanborn County,South Dakota,bchrrr,44.005619,-98.14519,1190444,44.01302,-98.13638,1.083365
46111,Sanborn County,South Dakota,nsrdb,44.005619,-98.14519,666747,44.01,-98.14,0.640001
46113,Shannon County,South Dakota,wtk,43.183372,-102.47964,988305,43.19089,-102.47836,0.842381
46113,Shannon County,South Dakota,bchrrr,43.183372,-102.47964,988305,43.19089,-102.47836,0.842381
46113,Shannon County,South Dakota,nsrdb,43.183372,-102.47964,550130,43.17,-102.46,2.178805
46115,Spink County,South Dakota,wtk,44.904737,-98.412896,1179205,44.901886,-98.40665,0.585232
46115,Spink County,South Dakota,bchrrr,44.904737,-98.412896,1179205,44.901886,-98.40665,0.585232
46115,Spink County,South Dakota,nsrdb,44.904737,-98.412896,659022,44.89,-98.42,1.731586
46117,Stanley County,South Dakota,wtk,44.37224,-100.448215,1081288,44.37369,-100.44476,0.318446
46117,Stanley County,South Dakota,bchrrr,44.37224,-100.448215,1081288,44.37369,-100.44476,0.318446
46117,Stanley County,South Dakota,nsrdb,44.37224,-100.448215,603484,44.37,-100.46,0.969281
46119,Sully County,South Dakota,wtk,44.70311,-100.135827,1097086,44.70283,-100.1293,0.516789
46119,Sully County,South Dakota,bchrrr,44.70311,-100.135827,1097086,44.70283,-100.1293,0.516789
46119,Sully County,South Dakota,nsrdb,44.70311,-100.135827,612124,44.69,-100.14,1.494618
46121,Todd County,South Dakota,wtk,43.249273,-100.78014,1062459,43.24127,-100.76788,1.333424
46121,Todd County,South Dakota,bchrrr,43.249273,-100.78014,1062459,43.24127,-100.76788,1.333424
46121,Todd County,South Dakota,nsrdb,43.249273,-100.78014,594886,43.25,-100.78,0.08163
46123,Tripp County,South Dakota,wtk,43.350246,-99.846985,1105644,43.351673,-99.854034,0.591635
46123,Tripp County,South Dakota,bchrrr,43.350246,-99.846985,1105644,43.351673,-99.854034,0.591635
46123,Tripp County,South Dakota,nsrdb,43.350246,-99.846985,619753,43.37,-99.86,2.435556
46125,Turner County,South Dakota,wtk,43.304409,-97.112861,1239477,43.301796,-97.11261,0.291262
46125,Turner County,South Dakota,bchrrr,43.304409,-97.112861,1239477,43.301796,-97.11261,0.291262
46125,Turner County,South Dakota,nsrdb,43.304409,-97.112861,694820,43.29,-97.1,1.910598
46127,Union County,South Dakota,wtk,42.681006,-96.592523,1264527,42.673103,-96.594635,0.895575
46127,Union County,South Dakota,bchrrr,42.681006,-96.592523,1264527,42.673103,-96.594635,0.895575
46127,Union County,South Dakota,nsrdb,42.681006,-96.592523,707216,42.69,-96.58,1.431064
46129,Walworth County,South Dakota,wtk,45.518483,-100.311932,1091010,45.51641,-100.32236,0.844548
46129,Walworth County,South Dakota,bchrrr,45.518483,-100.311932,1091010,45.51641,-100.32236,0.844548
46129,Walworth County,South Dakota,nsrdb,45.518483,-100.311932,607777,45.53,-100.3,1.582431
46135,Yankton County,South Dakota,wtk,42.901269,-97.396946,1225635,42.907837,-97.38461,1.242142
46135,Yankton County,South Dakota,bchrrr,42.901269,-97.396946,1225635,42.907837,-97.38461,1.242142
46135,Yankton County,South Dakota,nsrdb,42.901269,-97.396946,687603,42.89,-97.38,1.864339
46137,Ziebach County,South Dakota,wtk,44.92982,-101.53006,1035091,44.922142,-101.542175,1.280086
46137,Ziebach County,South Dakota,bchrrr,44.92982,-101.53006,1035091,44.922142,-101.542175,1.280086
46137,Ziebach County,South Dakota,nsrdb,44.92982,-101.53006,574463,44.93,-101.54,0.782762
47001,Anderson County,Tennessee,wtk,36.081239,-84.178714,1912031,36.080425,-84.18741,0.786703
47001,Anderson County,Tennessee,bchrrr,36.081239,-84.178714,1912031,36.080425,-84.18741,0.786703
47001,Anderson County,Tennessee,nsrdb,36.081239,-84.178714,974441,36.09,-84.18,0.98101
47003,Bedford County,Tennessee,wtk,35.512235,-86.465033,1806474,35.513645,-86.47443,0.864862
47003,Bedford County,Tennessee,bchrrr,35.512235,-86.465033,1806474,35.513645,-86.47443,0.864862
47003,Bedford County,Tennessee,nsrdb,35.512235,-86.465033,927478,35.53,-86.46,2.027216
47005,Benton County,Tennessee,wtk,36.070898,-88.090033,1719562,36.06305,-88.08588,0.949143
47005,Benton County,Tennessee,bchrrr,36.070898,-88.090033,1719562,36.06305,-88.08588,0.949143
47005,Benton County,Tennessee,nsrdb,36.070898,-88.090033,893161,36.09,-88.1,2.305182
47007,Bledsoe County,Tennessee,wtk,35.621511,-85.200287,1867074,35.62259,-85.20624,0.551293
47007,Bledsoe County,Tennessee,bchrrr,35.621511,-85.200287,1867074,35.62259,-85.20624,0.551293
47007,Bledsoe County,Tennessee,nsrdb,35.621511,-85.200287,952594,35.61,-85.22,2.194011
47009,Blount County,Tennessee,wtk,35.753197,-83.97344,1924596,35.757004,-83.972015,0.442419
47009,Blount County,Tennessee,bchrrr,35.753197,-83.97344,1924596,35.757004,-83.972015,0.442419
47009,Blount County,Tennessee,nsrdb,35.753197,-83.97344,978723,35.77,-83.98,1.959927
47011,Bradley County,Tennessee,wtk,35.167446,-84.859672,1887492,35.175148,-84.85025,1.211156
47011,Bradley County,Tennessee,bchrrr,35.167446,-84.859672,1887492,35.175148,-84.85025,1.211156
47011,Bradley County,Tennessee,nsrdb,35.167446,-84.859672,960119,35.17,-84.86,0.285553
47013,Campbell County,Tennessee,wtk,36.381486,-84.125937,1912048,36.38962,-84.13031,0.985539
47013,Campbell County,Tennessee,bchrrr,36.381486,-84.125937,1912048,36.38962,-84.13031,0.985539
47013,Campbell County,Tennessee,nsrdb,36.381486,-84.125937,975284,36.37,-84.14,1.793425
47015,Cannon County,Tennessee,wtk,35.799354,-86.06397,1824601,35.806072,-86.06625,0.774791
47015,Cannon County,Tennessee,bchrrr,35.799354,-86.06397,1824601,35.806072,-86.06625,0.774791
47015,Cannon County,Tennessee,nsrdb,35.799354,-86.06397,935313,35.81,-86.06,1.236737
47017,Carroll County,Tennessee,wtk,36.018878,-88.464209,1700345,36.018215,-88.456604,0.687937
47017,Carroll County,Tennessee,bchrrr,36.018878,-88.464209,1700345,36.018215,-88.456604,0.687937
47017,Carroll County,Tennessee,nsrdb,36.018878,-88.464209,885163,36.01,-88.46,1.057287
47019,Carter County,Tennessee,wtk,36.318999,-82.203393,1995181,36.324577,-82.19974,0.701294
47019,Carter County,Tennessee,bchrrr,36.318999,-82.203393,1995181,36.324577,-82.19974,0.701294
47019,Carter County,Tennessee,nsrdb,36.318999,-82.203393,1015725,36.33,-82.22,1.926091
47021,Cheatham County,Tennessee,wtk,36.272283,-87.063502,1770596,36.27261,-87.07373,0.917629
47021,Cheatham County,Tennessee,bchrrr,36.272283,-87.063502,1770596,36.27261,-87.07373,0.917629
47021,Cheatham County,Tennessee,nsrdb,36.272283,-87.063502,915323,36.29,-87.06,1.994896
47023,Chester County,Tennessee,wtk,35.438266,-88.622491,1695489,35.43998,-88.614075,0.785901
47023,Chester County,Tennessee,bchrrr,35.438266,-88.622491,1695489,35.43998,-88.614075,0.785901
47023,Chester County,Tennessee,nsrdb,35.438266,-88.622491,881592,35.45,-88.62,1.324133
47025,Claiborne County,Tennessee,wtk,36.4887,-83.639854,1932490,36.497875,-83.647064,1.20675
47025,Claiborne County,Tennessee,bchrrr,36.4887,-83.639854,1932490,36.497875,-83.647064,1.20675
47025,Claiborne County,Tennessee,nsrdb,36.4887,-83.639854,986562,36.49,-83.62,1.780769
47027,Clay County,Tennessee,wtk,36.552828,-85.56291,1843427,36.55061,-85.55786,0.514112
47027,Clay County,Tennessee,bchrrr,36.552828,-85.56291,1843427,36.55061,-85.55786,0.514112
47027,Clay County,Tennessee,nsrdb,36.552828,-85.56291,945160,36.57,-85.58,2.444543
47029,Cocke County,Tennessee,wtk,35.947281,-83.174045,1956373,35.953697,-83.177,0.761401
47029,Cocke County,Tennessee,bchrrr,35.947281,-83.174045,1956373,35.953697,-83.177,0.761401
47029,Cocke County,Tennessee,nsrdb,35.947281,-83.174045,995968,35.93,-83.18,1.99495
47031,Coffee County,Tennessee,wtk,35.454239,-86.124536,1824582,35.459927,-86.11923,0.794349
47031,Coffee County,Tennessee,bchrrr,35.454239,-86.124536,1824582,35.459927,-86.11923,0.794349
47031,Coffee County,Tennessee,nsrdb,35.454239,-86.124536,933727,35.45,-86.14,1.477904
47033,Crockett County,Tennessee,wtk,35.787543,-89.120055,1666402,35.790016,-89.11972,0.276641
47033,Crockett County,Tennessee,bchrrr,35.787543,-89.120055,1666402,35.790016,-89.11972,0.276641
47033,Crockett County,Tennessee,nsrdb,35.787543,-89.120055,869635,35.77,-89.14,2.653771
47035,Cumberland County,Tennessee,wtk,35.955637,-85.017779,1873436,35.95338,-85.013306,0.474432
47035,Cumberland County,Tennessee,bchrrr,35.955637,-85.017779,1873436,35.95338,-85.013306,0.474432
47035,Cumberland County,Tennessee,nsrdb,35.955637,-85.017779,956751,35.97,-85.02,1.609556
47037,Davidson County,Tennessee,wtk,36.137775,-86.744752,1788134,36.131763,-86.7496,0.797777
47037,Davidson County,Tennessee,bchrrr,36.137775,-86.744752,1788134,36.131763,-86.7496,0.797777
47037,Davidson County,Tennessee,nsrdb,36.137775,-86.744752,921845,36.13,-86.74,0.964134
47039,Decatur County,Tennessee,wtk,35.606176,-88.123311,1720734,35.60426,-88.11908,0.437842
47039,Decatur County,Tennessee,bchrrr,35.606176,-88.123311,1720734,35.60426,-88.11908,0.437842
47039,Decatur County,Tennessee,nsrdb,35.606176,-88.123311,892291,35.61,-88.14,1.56752
47041,DeKalb County,Tennessee,wtk,35.967051,-85.836954,1834609,35.967644,-85.83539,0.155433
47041,DeKalb County,Tennessee,bchrrr,35.967051,-85.836954,1834609,35.967644,-85.83539,0.155433
47041,DeKalb County,Tennessee,nsrdb,35.967051,-85.836954,940222,35.97,-85.82,1.560608
47043,Dickson County,Tennessee,wtk,36.104239,-87.343943,1757623,36.111996,-87.34778,0.928866
47043,Dickson County,Tennessee,bchrrr,36.104239,-87.343943,1757623,36.111996,-87.34778,0.928866
47043,Dickson County,Tennessee,nsrdb,36.104239,-87.343943,909485,36.09,-87.34,1.622457
47045,Dyer County,Tennessee,wtk,36.059418,-89.358347,1651758,36.064907,-89.36426,0.809337
47045,Dyer County,Tennessee,bchrrr,36.059418,-89.358347,1651758,36.064907,-89.36426,0.809337
47045,Dyer County,Tennessee,nsrdb,36.059418,-89.358347,864949,36.05,-89.34,1.953709
47047,Fayette County,Tennessee,wtk,35.201109,-89.479743,1650486,35.206493,-89.47394,0.797749
47047,Fayette County,Tennessee,bchrrr,35.201109,-89.479743,1650486,35.206493,-89.47394,0.797749
47047,Fayette County,Tennessee,nsrdb,35.201109,-89.479743,862142,35.21,-89.46,2.048177
47049,Fentress County,Tennessee,wtk,36.363232,-84.936626,1873459,36.37224,-84.94141,1.089392
47049,Fentress County,Tennessee,bchrrr,36.363232,-84.936626,1873459,36.37224,-84.94141,1.089392
47049,Fentress County,Tennessee,nsrdb,36.363232,-84.936626,958417,36.37,-84.94,0.810941
47051,Franklin County,Tennessee,wtk,35.208173,-86.116161,1826812,35.20058,-86.11334,0.882351
47051,Franklin County,Tennessee,bchrrr,35.208173,-86.116161,1826812,35.20058,-86.11334,0.882351
47051,Franklin County,Tennessee,nsrdb,35.208173,-86.116161,934530,35.21,-86.1,1.482252
47053,Gibson County,Tennessee,wtk,35.932264,-88.871033,1678570,35.938667,-88.8761,0.845595
47053,Gibson County,Tennessee,bchrrr,35.932264,-88.871033,1678570,35.938667,-88.8761,0.845595
47053,Gibson County,Tennessee,nsrdb,35.932264,-88.871033,876113,35.93,-88.86,1.024783
47055,Giles County,Tennessee,wtk,35.192203,-87.030475,1779917,35.197807,-87.0401,1.073888
47055,Giles County,Tennessee,bchrrr,35.192203,-87.030475,1779917,35.197807,-87.0401,1.073888
47055,Giles County,Tennessee,nsrdb,35.192203,-87.030475,916174,35.21,-87.02,2.195921
47057,Grainger County,Tennessee,wtk,36.266189,-83.486542,1941006,36.272343,-83.48276,0.763688
47057,Grainger County,Tennessee,bchrrr,36.266189,-83.486542,1941006,36.272343,-83.48276,0.763688
47057,Grainger County,Tennessee,nsrdb,36.266189,-83.486542,989179,36.25,-83.5,2.167163
47059,Greene County,Tennessee,wtk,36.177481,-82.832573,1969118,36.169033,-82.83389,0.946785
47059,Greene County,Tennessee,bchrrr,36.177481,-82.832573,1969118,36.169033,-82.83389,0.946785
47059,Greene County,Tennessee,nsrdb,36.177481,-82.832573,1003420,36.17,-82.82,1.402002
47061,Grundy County,Tennessee,wtk,35.343198,-85.722218,1844457,35.345676,-85.72858,0.639449
47061,Grundy County,Tennessee,bchrrr,35.343198,-85.722218,1844457,35.345676,-85.72858,0.639449
47061,Grundy County,Tennessee,nsrdb,35.343198,-85.722218,941891,35.33,-85.74,2.180703
47063,Hamblen County,Tennessee,wtk,36.215549,-83.297485,1949617,36.21005,-83.28726,1.10245
47063,Hamblen County,Tennessee,bchrrr,36.215549,-83.297485,1949617,36.21005,-83.28726,1.10245
47063,Hamblen County,Tennessee,nsrdb,36.215549,-83.297485,993476,36.21,-83.3,0.656983
47065,Hamilton County,Tennessee,wtk,35.093765,-85.201785,1871275,35.085598,-85.20474,0.947094
47065,Hamilton County,Tennessee,bchrrr,35.093765,-85.201785,1871275,35.085598,-85.20474,0.947094
47065,Hamilton County,Tennessee,nsrdb,35.093765,-85.201785,952607,35.09,-85.22,1.709321
47067,Hancock County,Tennessee,wtk,36.517225,-83.231082,1949634,36.518814,-83.22571,0.511547
47067,Hancock County,Tennessee,bchrrr,36.517225,-83.231082,1949634,36.518814,-83.22571,0.511547
47067,Hancock County,Tennessee,nsrdb,36.517225,-83.231082,995124,36.53,-83.22,1.731614
47069,Hardeman County,Tennessee,wtk,35.222929,-89.018558,1674888,35.230423,-89.020966,0.861523
47069,Hardeman County,Tennessee,bchrrr,35.222929,-89.018558,1674888,35.230423,-89.020966,0.861523
47069,Hardeman County,Tennessee,nsrdb,35.222929,-89.018558,872446,35.21,-89.02,1.443597
47071,Hardin County,Tennessee,wtk,35.198544,-88.225951,1717120,35.20793,-88.23459,1.305901
47071,Hardin County,Tennessee,bchrrr,35.198544,-88.225951,1717120,35.20793,-88.23459,1.305901
47071,Hardin County,Tennessee,nsrdb,35.198544,-88.225951,890533,35.21,-88.22,1.383852
47073,Hawkins County,Tennessee,wtk,36.463,-82.873846,1965193,36.45323,-82.86798,1.206414
47073,Hawkins County,Tennessee,bchrrr,36.463,-82.873846,1965193,36.45323,-82.86798,1.206414
47073,Hawkins County,Tennessee,nsrdb,36.463,-82.873846,1002578,36.45,-82.86,1.90342
47075,Haywood County,Tennessee,wtk,35.586199,-89.26773,1659070,35.579823,-89.27789,1.160528
47075,Haywood County,Tennessee,bchrrr,35.586199,-89.26773,1659070,35.579823,-89.27789,1.160528
47075,Haywood County,Tennessee,nsrdb,35.586199,-89.26773,866831,35.57,-89.26,1.932153
47077,Henderson County,Tennessee,wtk,35.647966,-88.402922,1705139,35.64555,-88.40915,0.623596
47077,Henderson County,Tennessee,bchrrr,35.647966,-88.402922,1705139,35.64555,-88.40915,0.623596
47077,Henderson County,Tennessee,nsrdb,35.647966,-88.402922,886064,35.65,-88.42,1.559611
47079,Henry County,Tennessee,wtk,36.31983,-88.291343,1707580,36.318855,-88.28375,0.688865
47079,Henry County,Tennessee,bchrrr,36.31983,-88.291343,1707580,36.318855,-88.28375,0.688865
47079,Henry County,Tennessee,nsrdb,36.31983,-88.291343,888725,36.33,-88.3,1.371244
47081,Hickman County,Tennessee,wtk,35.85471,-87.405438,1756428,35.85821,-87.40454,0.397508
47081,Hickman County,Tennessee,bchrrr,35.85471,-87.405438,1756428,35.85821,-87.40454,0.397508
47081,Hickman County,Tennessee,nsrdb,35.85471,-87.405438,907812,35.85,-87.42,1.413066
47083,Houston County,Tennessee,wtk,36.304161,-87.70428,1737478,36.30957,-87.711365,0.874531
47083,Houston County,Tennessee,bchrrr,36.304161,-87.70428,1737478,36.30957,-87.711365,0.874531
47083,Houston County,Tennessee,nsrdb,36.304161,-87.70428,901851,36.29,-87.7,1.620677
47085,Humphreys County,Tennessee,wtk,36.071211,-87.775046,1736275,36.073708,-87.76456,0.982489
47085,Humphreys County,Tennessee,bchrrr,36.071211,-87.775046,1736275,36.073708,-87.76456,0.982489
47085,Humphreys County,Tennessee,nsrdb,36.071211,-87.775046,900118,36.09,-87.78,2.136152
47087,Jackson County,Tennessee,wtk,36.327984,-85.629416,1841221,36.33646,-85.638794,1.262535
47087,Jackson County,Tennessee,bchrrr,36.327984,-85.629416,1841221,36.33646,-85.638794,1.262535
47087,Jackson County,Tennessee,nsrdb,36.327984,-85.629416,944350,36.33,-85.62,0.872783
47089,Jefferson County,Tennessee,wtk,36.064822,-83.453076,1943854,36.063984,-83.454315,0.145209
47089,Jefferson County,Tennessee,bchrrr,36.064822,-83.453076,1943854,36.063984,-83.454315,0.145209
47089,Jefferson County,Tennessee,nsrdb,36.064822,-83.453076,990053,36.05,-83.46,1.761747
47091,Johnson County,Tennessee,wtk,36.450066,-81.844662,2009431,36.442905,-81.84897,0.884605
47091,Johnson County,Tennessee,bchrrr,36.450066,-81.844662,2009431,36.442905,-81.84897,0.884605
47091,Johnson County,Tennessee,nsrdb,36.450066,-81.844662,1023113,36.45,-81.86,1.37189
47093,Knox County,Tennessee,wtk,35.971886,-83.991565,1921522,35.965042,-84.00198,1.20734
47093,Knox County,Tennessee,bchrrr,35.971886,-83.991565,1921522,35.965042,-84.00198,1.20734
47093,Knox County,Tennessee,nsrdb,35.971886,-83.991565,978718,35.97,-83.98,1.061674
47095,Lake County,Tennessee,wtk,36.356402,-89.467211,1644418,36.348858,-89.47244,0.960712
47095,Lake County,Tennessee,bchrrr,36.356402,-89.467211,1644418,36.348858,-89.47244,0.960712
47095,Lake County,Tennessee,nsrdb,36.356402,-89.467211,862113,36.37,-89.46,1.644127
47097,Lauderdale County,Tennessee,wtk,35.765125,-89.537326,1644386,35.762638,-89.53143,0.599565
47097,Lauderdale County,Tennessee,bchrrr,35.765125,-89.537326,1644386,35.762638,-89.53143,0.599565
47097,Lauderdale County,Tennessee,nsrdb,35.765125,-89.537326,860236,35.77,-89.54,0.593339
47099,Lawrence County,Tennessee,wtk,35.237607,-87.353567,1763475,35.244194,-87.349976,0.801765
47099,Lawrence County,Tennessee,bchrrr,35.237607,-87.353567,1763475,35.244194,-87.349976,0.801765
47099,Lawrence County,Tennessee,nsrdb,35.237607,-87.353567,909506,35.25,-87.34,1.848508
47101,Lewis County,Tennessee,wtk,35.533222,-87.521723,1752863,35.535435,-87.51532,0.629478
47101,Lewis County,Tennessee,bchrrr,35.533222,-87.521723,1752863,35.535435,-87.51532,0.629478
47101,Lewis County,Tennessee,nsrdb,35.533222,-87.521723,905301,35.53,-87.54,1.692246
47103,Lincoln County,Tennessee,wtk,35.1052,-86.571752,1804180,35.099075,-86.58008,1.018742
47103,Lincoln County,Tennessee,bchrrr,35.1052,-86.571752,1804180,35.099075,-86.58008,1.018742
47103,Lincoln County,Tennessee,nsrdb,35.1052,-86.571752,925110,35.09,-86.58,1.84925
47105,Loudon County,Tennessee,wtk,35.760641,-84.284272,1909860,35.758644,-84.29205,0.736117
47105,Loudon County,Tennessee,bchrrr,35.760641,-84.284272,1909860,35.758644,-84.29205,0.736117
47105,Loudon County,Tennessee,nsrdb,35.760641,-84.284272,971898,35.77,-84.3,1.759762
47107,McMinn County,Tennessee,wtk,35.426045,-84.598721,1897630,35.424366,-84.60269,0.405203
47107,McMinn County,Tennessee,bchrrr,35.426045,-84.598721,1897630,35.424366,-84.60269,0.405203
47107,McMinn County,Tennessee,nsrdb,35.426045,-84.598721,965979,35.41,-84.58,2.461925
47109,McNairy County,Tennessee,wtk,35.176961,-88.537492,1701503,35.175827,-88.53131,0.57585
47109,McNairy County,Tennessee,bchrrr,35.176961,-88.537492,1701503,35.175827,-88.53131,0.57585
47109,McNairy County,Tennessee,nsrdb,35.176961,-88.537492,883397,35.17,-88.54,0.806899
47111,Macon County,Tennessee,wtk,36.535265,-86.025638,1821249,36.542664,-86.02106,0.918786
47111,Macon County,Tennessee,bchrrr,36.535265,-86.025638,1821249,36.542664,-86.02106,0.918786
47111,Macon County,Tennessee,nsrdb,36.535265,-86.025638,936105,36.53,-86.02,0.772332
47113,Madison County,Tennessee,wtk,35.6535,-88.824494,1683405,35.65772,-88.81616,0.887222
47113,Madison County,Tennessee,bchrrr,35.6535,-88.824494,1683405,35.65772,-88.81616,0.887222
47113,Madison County,Tennessee,nsrdb,35.6535,-88.824494,877041,35.65,-88.82,0.562443
47115,Marion County,Tennessee,wtk,35.109499,-85.608753,1852099,35.110962,-85.60742,0.202896
47115,Marion County,Tennessee,bchrrr,35.109499,-85.608753,1852099,35.110962,-85.60742,0.202896
47115,Marion County,Tennessee,nsrdb,35.109499,-85.608753,944381,35.09,-85.62,2.397494
47117,Marshall County,Tennessee,wtk,35.496732,-86.770795,1791586,35.505062,-86.77078,0.926256
47117,Marshall County,Tennessee,bchrrr,35.496732,-86.770795,1791586,35.505062,-86.77078,0.926256
47117,Marshall County,Tennessee,nsrdb,35.496732,-86.770795,921048,35.49,-86.78,1.120194
47119,Maury County,Tennessee,wtk,35.635595,-87.029152,1777601,35.639473,-87.024475,0.603812
47119,Maury County,Tennessee,bchrrr,35.635595,-87.029152,1777601,35.639473,-87.024475,0.603812
47119,Maury County,Tennessee,nsrdb,35.635595,-87.029152,916163,35.65,-87.02,1.802666
47121,Meigs County,Tennessee,wtk,35.502098,-84.816097,1886395,35.504665,-84.81625,0.285774
47121,Meigs County,Tennessee,bchrrr,35.502098,-84.816097,1886395,35.504665,-84.81625,0.285774
47121,Meigs County,Tennessee,nsrdb,35.502098,-84.816097,960946,35.49,-84.82,1.390868
47123,Monroe County,Tennessee,wtk,35.518373,-84.354263,1908765,35.525185,-84.357086,0.799387
47123,Monroe County,Tennessee,bchrrr,35.518373,-84.354263,1908765,35.525185,-84.357086,0.799387
47123,Monroe County,Tennessee,nsrdb,35.518373,-84.354263,971055,35.53,-84.34,1.826912
47125,Montgomery County,Tennessee,wtk,36.557127,-87.345986,1754102,36.556828,-87.35681,0.967362
47125,Montgomery County,Tennessee,bchrrr,36.557127,-87.345986,1754102,36.556828,-87.35681,0.967362
47125,Montgomery County,Tennessee,nsrdb,36.557127,-87.345986,909473,36.57,-87.34,1.527993
47127,Moore County,Tennessee,wtk,35.296439,-86.34044,1814391,35.297935,-86.347595,0.670311
47127,Moore County,Tennessee,bchrrr,35.296439,-86.34044,1814391,35.297935,-86.347595,0.670311
47127,Moore County,Tennessee,nsrdb,35.296439,-86.34044,929819,35.29,-86.34,0.717098
47129,Morgan County,Tennessee,wtk,36.098363,-84.593262,1892039,36.091835,-84.59912,0.896627
47129,Morgan County,Tennessee,bchrrr,36.098363,-84.593262,1892039,36.091835,-84.59912,0.896627
47129,Morgan County,Tennessee,nsrdb,36.098363,-84.593262,965962,36.09,-84.58,1.511517
47131,Obion County,Tennessee,wtk,36.397162,-89.079851,1665217,36.39594,-89.07776,0.231279
47131,Obion County,Tennessee,bchrrr,36.397162,-89.079851,1665217,36.39594,-89.07776,0.231279
47131,Obion County,Tennessee,nsrdb,36.397162,-89.079851,871484,36.41,-89.06,2.279053
47133,Overton County,Tennessee,wtk,36.344913,-85.324952,1856488,36.33918,-85.31589,1.032069
47133,Overton County,Tennessee,bchrrr,36.344913,-85.324952,1856488,36.33918,-85.31589,1.032069
47133,Overton County,Tennessee,nsrdb,36.344913,-85.324952,950102,36.33,-85.34,2.136958
47135,Perry County,Tennessee,wtk,35.653842,-87.859285,1733871,35.657154,-87.862854,0.489499
47135,Perry County,Tennessee,bchrrr,35.653842,-87.859285,1733871,35.657154,-87.862854,0.489499
47135,Perry County,Tennessee,nsrdb,35.653842,-87.859285,898390,35.65,-87.86,0.432069
47137,Pickett County,Tennessee,wtk,36.565622,-85.141316,1862891,36.5614,-85.139984,0.484304
47137,Pickett County,Tennessee,bchrrr,36.565622,-85.141316,1862891,36.5614,-85.139984,0.484304
47137,Pickett County,Tennessee,nsrdb,36.565622,-85.141316,954223,36.57,-85.14,0.500798
47139,Polk County,Tennessee,wtk,35.125196,-84.568443,1902113,35.1235,-84.56482,0.379652
47139,Polk County,Tennessee,bchrrr,35.125196,-84.568443,1902113,35.1235,-84.56482,0.379652
47139,Polk County,Tennessee,nsrdb,35.125196,-84.568443,965986,35.13,-84.58,1.178991
47141,Putnam County,Tennessee,wtk,36.163158,-85.503795,1848882,36.15563,-85.50717,0.890227
47141,Putnam County,Tennessee,bchrrr,36.163158,-85.503795,1848882,36.15563,-85.50717,0.890227
47141,Putnam County,Tennessee,nsrdb,36.163158,-85.503795,946815,36.17,-85.5,0.833588
47143,Rhea County,Tennessee,wtk,35.55676,-84.954302,1879807,35.55626,-84.94403,0.930887
47143,Rhea County,Tennessee,bchrrr,35.55676,-84.954302,1879807,35.55626,-84.94403,0.930887
47143,Rhea County,Tennessee,nsrdb,35.55676,-84.954302,958437,35.57,-84.94,1.959856
47145,Roane County,Tennessee,wtk,35.881152,-84.52211,1897655,35.87867,-84.52228,0.276411
47145,Roane County,Tennessee,bchrrr,35.881152,-84.52211,1897655,35.87867,-84.52228,0.276411
47145,Roane County,Tennessee,nsrdb,35.881152,-84.52211,966811,35.89,-84.54,1.888259
47147,Robertson County,Tennessee,wtk,36.484561,-86.830272,1781157,36.491573,-86.83588,0.926974
47147,Robertson County,Tennessee,bchrrr,36.484561,-86.830272,1781157,36.491573,-86.83588,0.926974
47147,Robertson County,Tennessee,nsrdb,36.484561,-86.830272,920212,36.49,-86.82,1.099577
47149,Rutherford County,Tennessee,wtk,35.888268,-86.450308,1805359,35.880447,-86.443115,1.084543
47149,Rutherford County,Tennessee,bchrrr,35.888268,-86.450308,1805359,35.880447,-86.443115,1.084543
47149,Rutherford County,Tennessee,nsrdb,35.888268,-86.450308,927469,35.89,-86.46,0.894092
47151,Scott County,Tennessee,wtk,36.454469,-84.508255,1893184,36.453285,-84.511536,0.321627
47151,Scott County,Tennessee,bchrrr,36.454469,-84.508255,1893184,36.453285,-84.511536,0.321627
47151,Scott County,Tennessee,nsrdb,36.454469,-84.508255,967642,36.45,-84.5,0.889982
47153,Sequatchie County,Tennessee,wtk,35.355416,-85.391427,1860700,35.34628,-85.388275,1.055333
47153,Sequatchie County,Tennessee,bchrrr,35.355416,-85.391427,1860700,35.34628,-85.388275,1.055333
47153,Sequatchie County,Tennessee,nsrdb,35.355416,-85.391427,949303,35.37,-85.38,1.924454
47155,Sevier County,Tennessee,wtk,35.864248,-83.582515,1940032,35.85755,-83.5863,0.819176
47155,Sevier County,Tennessee,bchrrr,35.864248,-83.582515,1940032,35.85755,-83.5863,0.819176
47155,Sevier County,Tennessee,nsrdb,35.864248,-83.582515,987447,35.85,-83.58,1.600438
47157,Shelby County,Tennessee,wtk,35.13103,-89.886348,1628353,35.12286,-89.88693,0.910004
47157,Shelby County,Tennessee,bchrrr,35.13103,-89.886348,1628353,35.12286,-89.88693,0.910004
47157,Shelby County,Tennessee,nsrdb,35.13103,-89.886348,851849,35.13,-89.9,1.246787
47159,Smith County,Tennessee,wtk,36.241313,-85.968172,1825750,36.24144,-85.97592,0.695004
47159,Smith County,Tennessee,bchrrr,36.241313,-85.968172,1825750,36.24144,-85.97592,0.695004
47159,Smith County,Tennessee,nsrdb,36.241313,-85.968172,936927,36.25,-85.98,1.43463
47161,Stewart County,Tennessee,wtk,36.493716,-87.800111,1731534,36.502026,-87.801575,0.933252
47161,Stewart County,Tennessee,bchrrr,36.493716,-87.800111,1731534,36.502026,-87.801575,0.933252
47161,Stewart County,Tennessee,nsrdb,36.493716,-87.800111,899239,36.49,-87.82,1.825347
47163,Sullivan County,Tennessee,wtk,36.529914,-82.397112,1985102,36.519077,-82.389984,1.362997
47163,Sullivan County,Tennessee,bchrrr,36.529914,-82.397112,1985102,36.519077,-82.389984,1.362997
47163,Sullivan County,Tennessee,nsrdb,36.529914,-82.397112,1012447,36.53,-82.38,1.528993
47165,Sumner County,Tennessee,wtk,36.396226,-86.535984,1797401,36.388557,-86.5285,1.084407
47165,Sumner County,Tennessee,bchrrr,36.396226,-86.535984,1797401,36.388557,-86.5285,1.084407
47165,Sumner County,Tennessee,nsrdb,36.396226,-86.535984,925878,36.41,-86.54,1.573208
47167,Tipton County,Tennessee,wtk,35.475871,-89.750267,1634538,35.481506,-89.740204,1.105846
47167,Tipton County,Tennessee,bchrrr,35.475871,-89.750267,1634538,35.481506,-89.740204,1.105846
47167,Tipton County,Tennessee,nsrdb,35.475871,-89.750267,855551,35.49,-89.74,1.825508
47169,Trousdale County,Tennessee,wtk,36.386236,-86.153354,1815584,36.389683,-86.16,0.707693
47169,Trousdale County,Tennessee,bchrrr,36.386236,-86.153354,1815584,36.389683,-86.16,0.707693
47169,Trousdale County,Tennessee,nsrdb,36.386236,-86.153354,933704,36.37,-86.14,2.16532
47171,Unicoi County,Tennessee,wtk,36.151275,-82.394666,1988101,36.147175,-82.39969,0.641352
47171,Unicoi County,Tennessee,bchrrr,36.151275,-82.394666,1988101,36.147175,-82.39969,0.641352
47171,Unicoi County,Tennessee,nsrdb,36.151275,-82.394666,1012456,36.17,-82.38,2.463494
47173,Union County,Tennessee,wtk,36.245312,-83.815943,1927647,36.239216,-83.812256,0.754193
47173,Union County,Tennessee,bchrrr,36.245312,-83.815943,1927647,36.239216,-83.812256,0.754193
47173,Union County,Tennessee,nsrdb,36.245312,-83.815943,982186,36.25,-83.82,0.635685
47175,Van Buren County,Tennessee,wtk,35.711516,-85.454614,1854302,35.706432,-85.466,1.173218
47175,Van Buren County,Tennessee,bchrrr,35.711516,-85.454614,1854302,35.706432,-85.466,1.173218
47175,Van Buren County,Tennessee,nsrdb,35.711516,-85.454614,947648,35.73,-85.46,2.11206
47177,Warren County,Tennessee,wtk,35.695189,-85.79478,1838987,35.68502,-85.788635,1.259587
47177,Warren County,Tennessee,bchrrr,35.695189,-85.79478,1838987,35.68502,-85.788635,1.259587
47177,Warren County,Tennessee,nsrdb,35.695189,-85.79478,941055,35.69,-85.78,1.454127
47179,Washington County,Tennessee,wtk,36.325615,-82.433803,1985091,36.319614,-82.432465,0.677963
47179,Washington County,Tennessee,bchrrr,36.325615,-82.433803,1985091,36.319614,-82.432465,0.677963
47179,Washington County,Tennessee,nsrdb,36.325615,-82.433803,1011633,36.33,-82.42,1.329181
47181,Wayne County,Tennessee,wtk,35.258133,-87.790392,1739799,35.26448,-87.79898,1.051704
47181,Wayne County,Tennessee,bchrrr,35.258133,-87.790392,1739799,35.26448,-87.79898,1.051704
47181,Wayne County,Tennessee,nsrdb,35.258133,-87.790392,900139,35.25,-87.78,1.307003
47183,Weakley County,Tennessee,wtk,36.292494,-88.773853,1682228,36.29991,-88.767334,1.010608
47183,Weakley County,Tennessee,bchrrr,36.292494,-88.773853,1682228,36.29991,-88.767334,1.010608
47183,Weakley County,Tennessee,nsrdb,36.292494,-88.773853,877939,36.29,-88.78,0.616788
47185,White County,Tennessee,wtk,35.941574,-85.488903,1851055,35.950382,-85.49481,1.114448
47185,White County,Tennessee,bchrrr,35.941574,-85.488903,1851055,35.950382,-85.49481,1.114448
47185,White County,Tennessee,nsrdb,35.941574,-85.488903,946821,35.93,-85.5,1.629253
47187,Williamson County,Tennessee,wtk,35.912256,-86.84622,1784627,35.91899,-86.8486,0.778859
47187,Williamson County,Tennessee,bchrrr,35.912256,-86.84622,1784627,35.91899,-86.8486,0.778859
47187,Williamson County,Tennessee,nsrdb,35.912256,-86.84622,919414,35.93,-86.86,2.330808
47189,Wilson County,Tennessee,wtk,36.200347,-86.409516,1804240,36.192844,-86.41965,1.234096
47189,Wilson County,Tennessee,bchrrr,36.200347,-86.409516,1804240,36.192844,-86.41965,1.234096
47189,Wilson County,Tennessee,nsrdb,36.200347,-86.409516,928238,36.21,-86.42,1.427225
48001,Anderson County,Texas,wtk,31.775311,-95.683945,1311587,31.775448,-95.69092,0.659516
48001,Anderson County,Texas,bchrrr,31.775311,-95.683945,1311587,31.775448,-95.69092,0.659516
48001,Anderson County,Texas,nsrdb,31.775311,-95.683945,727359,31.77,-95.7,1.628557
48003,Andrews County,Texas,wtk,32.321401,-102.539609,934333,32.311794,-102.5495,1.41601
48003,Andrews County,Texas,bchrrr,32.321401,-102.539609,934333,32.311794,-102.5495,1.41601
48003,Andrews County,Texas,nsrdb,32.321401,-102.539609,548290,32.33,-102.54,0.956872
48005,Angelina County,Texas,wtk,31.313531,-94.716165,1369299,31.314575,-94.718994,0.292749
48005,Angelina County,Texas,bchrrr,31.313531,-94.716165,1369299,31.314575,-94.718994,0.292749
48005,Angelina County,Texas,nsrdb,31.313531,-94.716165,748863,31.33,-94.7,2.389841
48007,Aransas County,Texas,wtk,28.030684,-97.072498,1226079,28.029888,-97.080505,0.79087
48007,Aransas County,Texas,bchrrr,28.030684,-97.072498,1226079,28.029888,-97.080505,0.79087
48007,Aransas County,Texas,nsrdb,28.030684,-97.072498,696201,28.05,-97.06,2.473409
48009,Archer County,Texas,wtk,33.712832,-98.607294,1144811,33.70506,-98.59982,1.106711
48009,Archer County,Texas,bchrrr,33.712832,-98.607294,1144811,33.70506,-98.59982,1.106711
48009,Archer County,Texas,nsrdb,33.712832,-98.607294,653809,33.73,-98.62,2.241695
48011,Armstrong County,Texas,wtk,35.092237,-101.392127,1001700,35.09183,-101.39148,0.074252
48011,Armstrong County,Texas,bchrrr,35.092237,-101.392127,1001700,35.09183,-101.39148,0.074252
48011,Armstrong County,Texas,nsrdb,35.092237,-101.392127,578983,35.09,-101.38,1.131056
48013,Atascosa County,Texas,wtk,29.041624,-98.578488,1135831,29.036774,-98.57156,0.862823
48013,Atascosa County,Texas,bchrrr,29.041624,-98.578488,1135831,29.036774,-98.57156,0.862823
48013,Atascosa County,Texas,nsrdb,29.041624,-98.578488,655024,29.05,-98.58,0.942896
48015,Austin County,Texas,wtk,29.850963,-96.219961,1280130,29.844315,-96.21762,0.772936
48015,Austin County,Texas,bchrrr,29.850963,-96.219961,1280130,29.844315,-96.21762,0.772936
48015,Austin County,Texas,nsrdb,29.850963,-96.219961,715819,29.85,-96.22,0.107147
48017,Bailey County,Texas,wtk,34.218738,-102.7441,934438,34.21831,-102.739136,0.4589
48017,Bailey County,Texas,bchrrr,34.218738,-102.7441,934438,34.21831,-102.739136,0.4589
48017,Bailey County,Texas,nsrdb,34.218738,-102.7441,542970,34.21,-102.74,1.0422
48019,Bandera County,Texas,wtk,29.703145,-99.0316,1109838,29.704876,-99.030945,0.202608
48019,Bandera County,Texas,bchrrr,29.703145,-99.0316,1109838,29.704876,-99.030945,0.202608
48019,Bandera County,Texas,nsrdb,29.703145,-99.0316,642964,29.69,-99.02,1.841702
48021,Bastrop County,Texas,wtk,30.142613,-97.366664,1211111,30.140343,-97.3634,0.402771
48021,Bastrop County,Texas,bchrrr,30.142613,-97.366664,1211111,30.140343,-97.3634,0.402771
48021,Bastrop County,Texas,nsrdb,30.142613,-97.366664,687922,30.13,-97.38,1.900452
48023,Baylor County,Texas,wtk,33.591166,-99.264553,1106350,33.593147,-99.27478,0.972552
48023,Baylor County,Texas,bchrrr,33.591166,-99.264553,1106350,33.593147,-99.27478,0.972552
48023,Baylor County,Texas,nsrdb,33.591166,-99.264553,636322,33.61,-99.26,2.13628
48025,Bee County,Texas,wtk,28.395559,-97.733813,1185828,28.39449,-97.73584,0.231177
48025,Bee County,Texas,bchrrr,28.395559,-97.733813,1185828,28.39449,-97.73584,0.231177
48025,Bee County,Texas,nsrdb,28.395559,-97.733813,678188,28.41,-97.74,1.716012
48027,Bell County,Texas,wtk,31.081483,-97.591695,1198555,31.07471,-97.59305,0.7641
48027,Bell County,Texas,bchrrr,31.081483,-97.591695,1198555,31.07471,-97.59305,0.7641
48027,Bell County,Texas,nsrdb,31.081483,-97.591695,682545,31.09,-97.58,1.461911
48029,Bexar County,Texas,wtk,29.484701,-98.53292,1139589,29.486523,-98.526306,0.671482
48029,Bexar County,Texas,bchrrr,29.484701,-98.53292,1139589,29.486523,-98.526306,0.671482
48029,Bexar County,Texas,nsrdb,29.484701,-98.53292,656111,29.49,-98.54,0.903768
48031,Blanco County,Texas,wtk,30.177112,-98.392071,1149616,30.173687,-98.384735,0.801456
48031,Blanco County,Texas,bchrrr,30.177112,-98.392071,1149616,30.173687,-98.384735,0.801456
48031,Blanco County,Texas,nsrdb,30.177112,-98.392071,660489,30.17,-98.38,1.404229
48033,Borden County,Texas,wtk,32.757665,-101.436532,989858,32.764435,-101.44403,1.02872
48033,Borden County,Texas,bchrrr,32.757665,-101.436532,989858,32.764435,-101.44403,1.02872
48033,Borden County,Texas,nsrdb,32.757665,-101.436532,577972,32.77,-101.42,2.066599
48035,Bosque County,Texas,wtk,31.862123,-97.570969,1201122,31.853523,-97.5686,0.982103
48035,Bosque County,Texas,bchrrr,31.862123,-97.570969,1201122,31.853523,-97.5686,0.982103
48035,Bosque County,Texas,nsrdb,31.862123,-97.570969,682526,31.85,-97.58,1.595202
48037,Bowie County,Texas,wtk,33.436611,-94.200832,1396580,33.431377,-94.19757,0.656005
48037,Bowie County,Texas,bchrrr,33.436611,-94.200832,1396580,33.431377,-94.19757,0.656005
48037,Bowie County,Texas,nsrdb,33.436611,-94.200832,758659,33.45,-94.22,2.319386
48039,Brazoria County,Texas,wtk,29.355313,-95.384906,1330263,29.357704,-95.39285,0.814514
48039,Brazoria County,Texas,bchrrr,29.355313,-95.384906,1330263,29.357704,-95.39285,0.814514
48039,Brazoria County,Texas,nsrdb,29.355313,-95.384906,734382,29.37,-95.38,1.700921
48041,Brazos County,Texas,wtk,30.624157,-96.328771,1273903,30.618305,-96.32486,0.750656
48041,Brazos County,Texas,bchrrr,30.624157,-96.328771,1273903,30.618305,-96.32486,0.750656
48041,Brazos County,Texas,nsrdb,30.624157,-96.328771,713057,30.61,-96.34,1.905967
48043,Brewster County,Texas,wtk,30.222445,-103.620311,868913,30.214798,-103.62735,1.086491
48043,Brewster County,Texas,bchrrr,30.222445,-103.620311,868913,30.214798,-103.62735,1.086491
48043,Brewster County,Texas,nsrdb,30.222445,-103.620311,519956,30.21,-103.62,1.384145
48045,Briscoe County,Texas,wtk,34.443466,-101.234371,1007023,34.44016,-101.22711,0.760591
48045,Briscoe County,Texas,bchrrr,34.443466,-101.234371,1007023,34.44016,-101.22711,0.760591
48045,Briscoe County,Texas,nsrdb,34.443466,-101.234371,583282,34.45,-101.22,1.5048
48047,Brooks County,Texas,wtk,27.208739,-98.144861,1158208,27.210087,-98.14636,0.210811
48047,Brooks County,Texas,bchrrr,27.208739,-98.144861,1158208,27.210087,-98.14636,0.210811
48047,Brooks County,Texas,nsrdb,27.208739,-98.144861,667167,27.21,-98.14,0.500739
48049,Brown County,Texas,wtk,31.73162,-98.989269,1117363,31.728355,-98.99353,0.542406
48049,Brown County,Texas,bchrrr,31.73162,-98.989269,1117363,31.728355,-98.99353,0.542406
48049,Brown County,Texas,nsrdb,31.73162,-98.989269,644005,31.73,-98.98,0.894929
48051,Burleson County,Texas,wtk,30.475607,-96.644607,1255085,30.472431,-96.63791,0.732551
48051,Burleson County,Texas,bchrrr,30.475607,-96.644607,1255085,30.472431,-96.63791,0.732551
48051,Burleson County,Texas,nsrdb,30.475607,-96.644607,705660,30.49,-96.66,2.176498
48053,Burnet County,Texas,wtk,30.67215,-98.241653,1159652,30.664223,-98.23389,1.152481
48053,Burnet County,Texas,bchrrr,30.67215,-98.241653,1159652,30.664223,-98.23389,1.152481
48053,Burnet County,Texas,nsrdb,30.67215,-98.241653,663776,30.69,-98.26,2.649135
48055,Caldwell County,Texas,wtk,29.865322,-97.674598,1192189,29.865433,-97.66904,0.53609
48055,Caldwell County,Texas,bchrrr,29.865322,-97.674598,1192189,29.865433,-97.66904,0.53609
48055,Caldwell County,Texas,nsrdb,29.865322,-97.674598,680364,29.85,-97.66,2.210092
48057,Calhoun County,Texas,wtk,28.589306,-96.6259,1254980,28.5876,-96.62088,0.525572
48057,Calhoun County,Texas,bchrrr,28.589306,-96.6259,1254980,28.5876,-96.62088,0.525572
48057,Calhoun County,Texas,nsrdb,28.589306,-96.6259,706639,28.57,-96.62,2.222693
48059,Callahan County,Texas,wtk,32.351777,-99.452962,1092737,32.348125,-99.45126,0.436425
48059,Callahan County,Texas,bchrrr,32.351777,-99.452962,1092737,32.348125,-99.45126,0.436425
48059,Callahan County,Texas,nsrdb,32.351777,-99.452962,630907,32.37,-99.46,2.13141
48061,Cameron County,Texas,wtk,26.047418,-97.56129,1193233,26.053558,-97.56177,0.68442
48061,Cameron County,Texas,bchrrr,26.047418,-97.56129,1193233,26.053558,-97.56177,0.68442
48061,Cameron County,Texas,nsrdb,26.047418,-97.56129,682671,26.05,-97.58,1.891051
48063,Camp County,Texas,wtk,32.990176,-94.985024,1352031,32.98752,-94.990845,0.618042
48063,Camp County,Texas,bchrrr,32.990176,-94.985024,1352031,32.98752,-94.990845,0.618042
48063,Camp County,Texas,nsrdb,32.990176,-94.985024,742891,33.01,-94.98,2.253572
48065,Carson County,Texas,wtk,35.38212,-101.328303,1006001,35.389473,-101.3259,0.84614
48065,Carson County,Texas,bchrrr,35.38212,-101.328303,1006001,35.389473,-101.3259,0.84614
48065,Carson County,Texas,nsrdb,35.38212,-101.328303,580046,35.37,-101.34,1.714915
48067,Cass County,Texas,wtk,33.080612,-94.297199,1391645,33.08687,-94.29376,0.766079
48067,Cass County,Texas,bchrrr,33.080612,-94.297199,1391645,33.08687,-94.29376,0.766079
48067,Cass County,Texas,nsrdb,33.080612,-94.297199,757053,33.09,-94.3,1.076023
48069,Castro County,Texas,wtk,34.525084,-102.272267,957435,34.52441,-102.280304,0.740087
48069,Castro County,Texas,bchrrr,34.525084,-102.272267,957435,34.52441,-102.280304,0.740087
48069,Castro County,Texas,nsrdb,34.525084,-102.272267,555629,34.53,-102.26,1.24966
48071,Chambers County,Texas,wtk,29.805544,-94.768688,1367976,29.800377,-94.76755,0.584943
48071,Chambers County,Texas,bchrrr,29.805544,-94.768688,1367976,29.800377,-94.76755,0.584943
48071,Chambers County,Texas,nsrdb,29.805544,-94.768688,747213,29.81,-94.78,1.198629
48073,Cherokee County,Texas,wtk,31.913487,-95.21631,1339302,31.91774,-95.22034,0.606902
48073,Cherokee County,Texas,bchrrr,31.913487,-95.21631,1339302,31.91774,-95.22034,0.606902
48073,Cherokee County,Texas,nsrdb,31.913487,-95.21631,737772,31.93,-95.22,1.868899
48075,Childress County,Texas,wtk,34.428092,-100.223959,1057347,34.433945,-100.22687,0.703457
48075,Childress County,Texas,bchrrr,34.428092,-100.223959,1057347,34.433945,-100.22687,0.703457
48075,Childress County,Texas,nsrdb,34.428092,-100.223959,610217,34.41,-100.22,2.044256
48077,Clay County,Texas,wtk,33.82537,-98.244859,1164834,33.823364,-98.252686,0.756645
48077,Clay County,Texas,bchrrr,33.82537,-98.244859,1164834,33.823364,-98.252686,0.756645
48077,Clay County,Texas,nsrdb,33.82537,-98.244859,663698,33.81,-98.26,2.208494
48079,Cochran County,Texas,wtk,33.689389,-102.741057,931282,33.685944,-102.75125,1.017911
48079,Cochran County,Texas,bchrrr,33.689389,-102.741057,931282,33.685944,-102.75125,1.017911
48079,Cochran County,Texas,nsrdb,33.689389,-102.741057,542983,33.69,-102.74,0.119078
48081,Coke County,Texas,wtk,31.904117,-100.41663,1038913,31.908432,-100.4126,0.612314
48081,Coke County,Texas,bchrrr,31.904117,-100.41663,1038913,31.908432,-100.4126,0.612314
48081,Coke County,Texas,nsrdb,31.904117,-100.41663,604876,31.89,-100.42,1.601656
48083,Coleman County,Texas,wtk,31.808129,-99.425046,1092707,31.804367,-99.423706,0.437061
48083,Coleman County,Texas,bchrrr,31.808129,-99.425046,1092707,31.804367,-99.423706,0.437061
48083,Coleman County,Texas,nsrdb,31.808129,-99.425046,632010,31.81,-99.42,0.520231
48085,Collin County,Texas,wtk,33.112901,-96.690625,1253977,33.117855,-96.68494,0.764056
48085,Collin County,Texas,bchrrr,33.112901,-96.690625,1253977,33.117855,-96.68494,0.764056
48085,Collin County,Texas,nsrdb,33.112901,-96.690625,704662,33.13,-96.7,2.092197
48087,Collingsworth County,Texas,wtk,34.861822,-100.221776,1058527,34.855312,-100.23166,1.156428
48087,Collingsworth County,Texas,bchrrr,34.861822,-100.221776,1058527,34.855312,-100.23166,1.156428
48087,Collingsworth County,Texas,nsrdb,34.861822,-100.221776,610206,34.85,-100.22,1.324499
48089,Colorado County,Texas,wtk,29.664807,-96.538982,1260056,29.66323,-96.54779,0.868925
48089,Colorado County,Texas,bchrrr,29.664807,-96.538982,1260056,29.66323,-96.54779,0.868925
48089,Colorado County,Texas,nsrdb,29.664807,-96.538982,708470,29.65,-96.54,1.649401
48091,Comal County,Texas,wtk,29.764463,-98.221675,1158351,29.763794,-98.22571,0.396522
48091,Comal County,Texas,bchrrr,29.764463,-98.221675,1158351,29.763794,-98.22571,0.396522
48091,Comal County,Texas,nsrdb,29.764463,-98.221675,664900,29.77,-98.22,0.636561
48093,Comanche County,Texas,wtk,31.972233,-98.559041,1143468,31.977047,-98.55524,0.644268
48093,Comanche County,Texas,bchrrr,31.972233,-98.559041,1143468,31.977047,-98.55524,0.644268
48093,Comanche County,Texas,nsrdb,31.972233,-98.559041,656049,31.97,-98.54,1.81319
48095,Concho County,Texas,wtk,31.291192,-99.8571,1066459,31.29792,-99.86453,1.028634
48095,Concho County,Texas,bchrrr,31.291192,-99.8571,1066459,31.29792,-99.86453,1.028634
48095,Concho County,Texas,nsrdb,31.291192,-99.8571,620055,31.29,-99.86,0.305781
48097,Cooke County,Texas,wtk,33.607384,-97.133794,1228902,33.605827,-97.12805,0.559415
48097,Cooke County,Texas,bchrrr,33.607384,-97.133794,1228902,33.605827,-97.12805,0.559415
48097,Cooke County,Texas,nsrdb,33.607384,-97.133794,694041,33.61,-97.14,0.644143
48099,Coryell County,Texas,wtk,31.236374,-97.832415,1184732,31.233109,-97.82941,0.461991
48099,Coryell County,Texas,bchrrr,31.236374,-97.832415,1184732,31.233109,-97.82941,0.461991
48099,Coryell County,Texas,nsrdb,31.236374,-97.832415,675905,31.25,-97.82,1.920605
48101,Cottle County,Texas,wtk,34.027791,-100.304271,1051559,34.027485,-100.31134,0.652331
48101,Cottle County,Texas,bchrrr,34.027791,-100.304271,1051559,34.027485,-100.31134,0.652331
48101,Cottle County,Texas,nsrdb,34.027791,-100.304271,608065,34.01,-100.3,2.017054
48103,Crane County,Texas,wtk,31.402265,-102.352697,939495,31.397636,-102.35553,0.580721
48103,Crane County,Texas,bchrrr,31.402265,-102.352697,939495,31.397636,-102.35553,0.580721
48103,Crane County,Texas,nsrdb,31.402265,-102.352697,553593,31.41,-102.34,1.48047
48105,Crockett County,Texas,wtk,30.704746,-101.216628,992929,30.707249,-101.21869,0.341066
48105,Crockett County,Texas,bchrrr,30.704746,-101.216628,992929,30.707249,-101.21869,0.341066
48105,Crockett County,Texas,nsrdb,30.704746,-101.216628,583376,30.69,-101.22,1.67108
48107,Crosby County,Texas,wtk,33.660414,-101.357602,997346,33.66366,-101.36392,0.687159
48107,Crosby County,Texas,bchrrr,33.660414,-101.357602,997346,33.66366,-101.36392,0.687159
48107,Crosby County,Texas,nsrdb,33.660414,-101.357602,580089,33.65,-101.34,1.998802
48109,Culberson County,Texas,wtk,31.064216,-104.819451,813261,31.069614,-104.825806,0.852438
48109,Culberson County,Texas,bchrrr,31.064216,-104.819451,813261,31.069614,-104.825806,0.852438
48109,Culberson County,Texas,nsrdb,31.064216,-104.819451,488923,31.05,-104.82,1.581614
48111,Dallam County,Texas,wtk,36.104994,-102.568838,951250,36.1061,-102.5715,0.268918
48111,Dallam County,Texas,bchrrr,36.104994,-102.568838,951250,36.1061,-102.5715,0.268918
48111,Dallam County,Texas,nsrdb,36.104994,-102.568838,547141,36.09,-102.58,1.94564
48113,Dallas County,Texas,wtk,32.80982,-96.787622,1247690,32.807606,-96.79001,0.332288
48113,Dallas County,Texas,bchrrr,32.80982,-96.787622,1247690,32.807606,-96.79001,0.332288
48113,Dallas County,Texas,nsrdb,32.80982,-96.787622,702799,32.81,-96.78,0.712606
48115,Dawson County,Texas,wtk,32.734656,-101.949319,965705,32.73473,-101.940155,0.857199
48115,Dawson County,Texas,bchrrr,32.734656,-101.949319,965705,32.73473,-101.940155,0.857199
48115,Dawson County,Texas,nsrdb,32.734656,-101.949319,564131,32.73,-101.94,1.013837
48117,Deaf Smith County,Texas,wtk,34.835622,-102.402799,953270,34.828835,-102.39899,0.830908
48117,Deaf Smith County,Texas,bchrrr,34.835622,-102.402799,953270,34.828835,-102.39899,0.830908
48117,Deaf Smith County,Texas,nsrdb,34.835622,-102.402799,551394,34.85,-102.42,2.240584
48119,Delta County,Texas,wtk,33.374803,-95.704577,1310421,33.374928,-95.70532,0.07038
48119,Delta County,Texas,bchrrr,33.374803,-95.704577,1310421,33.374928,-95.70532,0.07038
48119,Delta County,Texas,nsrdb,33.374803,-95.704577,727319,33.37,-95.7,0.68255
48121,Denton County,Texas,wtk,33.116401,-97.014661,1235158,33.114967,-97.01105,0.372192
48121,Denton County,Texas,bchrrr,33.116401,-97.014661,1235158,33.114967,-97.01105,0.372192
48121,Denton County,Texas,nsrdb,33.116401,-97.014661,697065,33.13,-97.02,1.591785
48123,DeWitt County,Texas,wtk,29.099568,-97.311425,1213568,29.09946,-97.302155,0.90075
48123,DeWitt County,Texas,bchrrr,29.099568,-97.311425,1213568,29.09946,-97.302155,0.90075
48123,DeWitt County,Texas,nsrdb,29.099568,-97.311425,690029,29.09,-97.3,1.537607
48125,Dickens County,Texas,wtk,33.546699,-100.855926,1022190,33.544765,-100.85004,0.586345
48125,Dickens County,Texas,bchrrr,33.546699,-100.855926,1022190,33.544765,-100.85004,0.586345
48125,Dickens County,Texas,nsrdb,33.546699,-100.855926,592976,33.53,-100.86,1.894849
48127,Dimmit County,Texas,wtk,28.520712,-99.827032,1059336,28.526878,-99.83533,1.061753
48127,Dimmit County,Texas,bchrrr,28.520712,-99.827032,1059336,28.526878,-99.83533,1.061753
48127,Dimmit County,Texas,nsrdb,28.520712,-99.827032,621211,28.53,-99.82,1.240406
48129,Donley County,Texas,wtk,34.943923,-100.862332,1026700,34.935936,-100.86362,0.895842
48129,Donley County,Texas,bchrrr,34.943923,-100.862332,1026700,34.935936,-100.86362,0.895842
48129,Donley County,Texas,nsrdb,34.943923,-100.862332,592941,34.93,-100.86,1.562695
48131,Duval County,Texas,wtk,27.742528,-98.391106,1144480,27.737694,-98.3837,0.90563
48131,Duval County,Texas,bchrrr,27.742528,-98.391106,1144480,27.737694,-98.3837,0.90563
48131,Duval County,Texas,nsrdb,27.742528,-98.391106,660550,27.73,-98.38,1.770685
48133,Eastland County,Texas,wtk,32.357307,-98.845363,1127322,32.349983,-98.84897,0.882062
48133,Eastland County,Texas,bchrrr,32.357307,-98.845363,1127322,32.349983,-98.84897,0.882062
48133,Eastland County,Texas,nsrdb,32.357307,-98.845363,647266,32.37,-98.86,1.970275
48135,Ector County,Texas,wtk,31.86666,-102.389558,939521,31.867027,-102.399536,0.94316
48135,Ector County,Texas,bchrrr,31.86666,-102.389558,939521,31.867027,-102.399536,0.94316
48135,Ector County,Texas,nsrdb,31.86666,-102.389558,552525,31.85,-102.38,2.060742
48137,Edwards County,Texas,wtk,29.985934,-100.202819,1043347,29.982647,-100.207245,0.56152
48137,Edwards County,Texas,bchrrr,29.985934,-100.202819,1043347,29.982647,-100.207245,0.56152
48137,Edwards County,Texas,nsrdb,29.985934,-100.202819,610328,29.97,-100.22,2.424412
48139,Ellis County,Texas,wtk,32.429039,-96.828001,1245161,32.42551,-96.82858,0.396152
48139,Ellis County,Texas,bchrrr,32.429039,-96.828001,1245161,32.42551,-96.82858,0.396152
48139,Ellis County,Texas,nsrdb,32.429039,-96.828001,701870,32.41,-96.82,2.246306
48141,El Paso County,Texas,wtk,31.783028,-106.365623,747321,31.787155,-106.358215,0.837179
48141,El Paso County,Texas,bchrrr,31.783028,-106.365623,747321,31.787155,-106.358215,0.837179
48141,El Paso County,Texas,nsrdb,31.783028,-106.365623,450364,31.77,-106.38,1.986339
48143,Erath County,Texas,wtk,32.212065,-98.225154,1163494,32.203323,-98.22043,1.068857
48143,Erath County,Texas,bchrrr,32.212065,-98.225154,1163494,32.203323,-98.22043,1.068857
48143,Erath County,Texas,nsrdb,32.212065,-98.225154,664839,32.21,-98.22,0.536513
48145,Falls County,Texas,wtk,31.260935,-96.95103,1237568,31.26434,-96.9415,0.981765
48145,Falls County,Texas,bchrrr,31.260935,-96.95103,1237568,31.26434,-96.9415,0.981765
48145,Falls County,Texas,nsrdb,31.260935,-96.95103,699063,31.25,-96.94,1.605538
48147,Fannin County,Texas,wtk,33.556919,-96.181254,1282843,33.557545,-96.186035,0.448455
48147,Fannin County,Texas,bchrrr,33.556919,-96.181254,1282843,33.557545,-96.186035,0.448455
48147,Fannin County,Texas,nsrdb,33.556919,-96.181254,716636,33.57,-96.18,1.459176
48149,Fayette County,Texas,wtk,29.856139,-96.901097,1238745,29.858139,-96.901764,0.231506
48149,Fayette County,Texas,bchrrr,29.856139,-96.901097,1238745,29.858139,-96.901764,0.231506
48149,Fayette County,Texas,nsrdb,29.856139,-96.901097,700050,29.85,-96.9,0.690776
48151,Fisher County,Texas,wtk,32.77089,-100.414002,1042365,32.76363,-100.40381,1.248934
48151,Fisher County,Texas,bchrrr,32.77089,-100.414002,1042365,32.76363,-100.40381,1.248934
48151,Fisher County,Texas,nsrdb,32.77089,-100.414002,604854,32.77,-100.42,0.569466
48153,Floyd County,Texas,wtk,34.039808,-101.374463,998435,34.047432,-101.372925,0.859513
48153,Floyd County,Texas,bchrrr,34.039808,-101.374463,998435,34.047432,-101.372925,0.859513
48153,Floyd County,Texas,nsrdb,34.039808,-101.374463,579009,34.05,-101.38,1.242832
48155,Foard County,Texas,wtk,33.991611,-99.705223,1083132,33.99746,-99.713745,1.019922
48155,Foard County,Texas,bchrrr,33.991611,-99.705223,1083132,33.99746,-99.713745,1.019922
48155,Foard County,Texas,nsrdb,33.991611,-99.705223,624337,34.01,-99.7,2.100688
48157,Fort Bend County,Texas,wtk,29.620201,-95.681347,1312722,29.628391,-95.67975,0.923678
48157,Fort Bend County,Texas,bchrrr,29.620201,-95.681347,1312722,29.628391,-95.67975,0.923678
48157,Fort Bend County,Texas,nsrdb,29.620201,-95.681347,727413,29.61,-95.7,2.130271
48159,Franklin County,Texas,wtk,33.122068,-95.223914,1338094,33.11719,-95.22809,0.667426
48159,Franklin County,Texas,bchrrr,33.122068,-95.223914,1338094,33.11719,-95.22809,0.667426
48159,Franklin County,Texas,nsrdb,33.122068,-95.223914,737742,33.13,-95.22,0.954343
48161,Freestone County,Texas,wtk,31.70007,-96.209311,1281487,31.703266,-96.20227,0.754981
48161,Freestone County,Texas,bchrrr,31.70007,-96.209311,1281487,31.703266,-96.20227,0.754981
48161,Freestone County,Texas,nsrdb,31.70007,-96.209311,715773,31.69,-96.22,1.508817
48163,Frio County,Texas,wtk,28.839491,-99.108425,1102386,28.840687,-99.11633,0.781375
48163,Frio County,Texas,bchrrr,28.839491,-99.108425,1102386,28.840687,-99.11633,0.781375
48163,Frio County,Texas,nsrdb,28.839491,-99.108425,640802,28.85,-99.1,1.42789
48165,Gaines County,Texas,wtk,32.752048,-102.658818,931231,32.760086,-102.658356,0.89483
48165,Gaines County,Texas,bchrrr,32.752048,-102.658818,931231,32.760086,-102.658356,0.89483
48165,Gaines County,Texas,nsrdb,32.752048,-102.658818,545114,32.77,-102.66,1.999232
48167,Galveston County,Texas,wtk,29.428138,-95.019395,1353083,29.426266,-95.02139,0.284008
48167,Galveston County,Texas,bchrrr,29.428138,-95.019395,1353083,29.426266,-95.02139,0.284008
48167,Galveston County,Texas,nsrdb,29.428138,-95.019395,742127,29.41,-95.02,2.017707
48169,Garza County,Texas,wtk,33.197542,-101.380584,995192,33.206455,-101.37094,1.336931
48169,Garza County,Texas,bchrrr,33.197542,-101.380584,995192,33.206455,-101.37094,1.336931
48169,Garza County,Texas,nsrdb,33.197542,-101.380584,579030,33.21,-101.38,1.386334
48171,Gillespie County,Texas,wtk,30.27365,-98.908075,1118520,30.266796,-98.909546,0.775113
48171,Gillespie County,Texas,bchrrr,30.27365,-98.908075,1118520,30.266796,-98.909546,0.775113
48171,Gillespie County,Texas,nsrdb,30.27365,-98.908075,646225,30.29,-98.9,1.976485
48173,Glasscock County,Texas,wtk,31.8426,-101.52523,982409,31.84999,-101.52057,0.932196
48173,Glasscock County,Texas,bchrrr,31.8426,-101.52523,982409,31.84999,-101.52057,0.932196
48173,Glasscock County,Texas,nsrdb,31.8426,-101.52523,574790,31.85,-101.54,1.619703
48175,Goliad County,Texas,wtk,28.710579,-97.362249,1209774,28.704807,-97.35602,0.883732
48175,Goliad County,Texas,bchrrr,28.710579,-97.362249,1209774,28.704807,-97.35602,0.883732
48175,Goliad County,Texas,nsrdb,28.710579,-97.362249,687957,28.73,-97.38,2.767648
48177,Gonzales County,Texas,wtk,29.477181,-97.504172,1202254,29.473156,-97.49469,1.021188
48177,Gonzales County,Texas,bchrrr,29.477181,-97.504172,1202254,29.473156,-97.49469,1.021188
48177,Gonzales County,Texas,nsrdb,29.477181,-97.504172,684774,29.49,-97.5,1.481509
48179,Gray County,Texas,wtk,35.530419,-100.939944,1025622,35.538795,-100.931305,1.215947
48179,Gray County,Texas,bchrrr,35.530419,-100.939944,1025622,35.538795,-100.931305,1.215947
48179,Gray County,Texas,nsrdb,35.530419,-100.939944,590774,35.53,-100.94,0.046866
48181,Grayson County,Texas,wtk,33.644863,-96.626605,1257768,33.646904,-96.62463,0.291426
48181,Grayson County,Texas,bchrrr,33.644863,-96.626605,1257768,33.646904,-96.62463,0.291426
48181,Grayson County,Texas,nsrdb,33.644863,-96.626605,706512,33.65,-96.62,0.836711
48183,Gregg County,Texas,wtk,32.49989,-94.790838,1364408,32.494003,-94.782776,1.000089
48183,Gregg County,Texas,bchrrr,32.49989,-94.790838,1364408,32.494003,-94.782776,1.000089
48183,Gregg County,Texas,nsrdb,32.49989,-94.790838,747146,32.49,-94.78,1.497519
48185,Grimes County,Texas,wtk,30.439311,-96.007302,1292703,30.438568,-96.01044,0.311975
48185,Grimes County,Texas,bchrrr,30.439311,-96.007302,1292703,30.438568,-96.01044,0.311975
48185,Grimes County,Texas,nsrdb,30.439311,-96.007302,720307,30.45,-96.02,1.701305
48187,Guadalupe County,Texas,wtk,29.60199,-98.107368,1164601,29.604603,-98.11731,1.004151
48187,Guadalupe County,Texas,bchrrr,29.60199,-98.107368,1164601,29.604603,-98.11731,1.004151
48187,Guadalupe County,Texas,nsrdb,29.60199,-98.107368,668210,29.61,-98.1,1.140483
48189,Hale County,Texas,wtk,34.143518,-101.742383,981483,34.13654,-101.73425,1.078103
48189,Hale County,Texas,bchrrr,34.143518,-101.742383,981483,34.13654,-101.73425,1.078103
48189,Hale County,Texas,nsrdb,34.143518,-101.742383,569406,34.13,-101.74,1.519051
48191,Hall County,Texas,wtk,34.664744,-100.592496,1039064,34.655327,-100.59766,1.148716
48191,Hall County,Texas,bchrrr,34.664744,-100.592496,1039064,34.655327,-100.59766,1.148716
48191,Hall County,Texas,nsrdb,34.664744,-100.592496,600489,34.65,-100.58,1.998542
48193,Hamilton County,Texas,wtk,31.763002,-98.095633,1169728,31.770672,-98.09973,0.936696
48193,Hamilton County,Texas,bchrrr,31.763002,-98.095633,1169728,31.770672,-98.09973,0.936696
48193,Hamilton County,Texas,nsrdb,31.763002,-98.095633,668156,31.77,-98.1,0.88088
48195,Hansford County,Texas,wtk,36.213673,-101.271279,1011426,36.220253,-101.280365,1.095325
48195,Hansford County,Texas,bchrrr,36.213673,-101.271279,1011426,36.220253,-101.280365,1.095325
48195,Hansford County,Texas,nsrdb,36.213673,-101.271279,582166,36.21,-101.26,1.091225
48197,Hardeman County,Texas,wtk,34.285183,-99.70146,1084352,34.29039,-99.70807,0.839053
48197,Hardeman County,Texas,bchrrr,34.285183,-99.70146,1084352,34.29039,-99.70807,0.839053
48197,Hardeman County,Texas,nsrdb,34.285183,-99.70146,624330,34.29,-99.7,0.552166
48199,Hardin County,Texas,wtk,30.299385,-94.257159,1397636,30.296085,-94.257935,0.374431
48199,Hardin County,Texas,bchrrr,30.299385,-94.257159,1397636,30.296085,-94.257935,0.374431
48199,Hardin County,Texas,nsrdb,30.299385,-94.257159,757931,30.29,-94.26,1.078625
48201,Harris County,Texas,wtk,29.816882,-95.425771,1327781,29.824833,-95.43021,0.982364
48201,Harris County,Texas,bchrrr,29.816882,-95.425771,1327781,29.824833,-95.43021,0.982364
48201,Harris County,Texas,nsrdb,29.816882,-95.425771,733505,29.81,-95.42,0.946361
48203,Harrison County,Texas,wtk,32.534326,-94.427286,1384207,32.54346,-94.43689,1.357227
48203,Harrison County,Texas,bchrrr,32.534326,-94.427286,1384207,32.54346,-94.43689,1.357227
48203,Harrison County,Texas,nsrdb,32.534326,-94.427286,754645,32.53,-94.42,0.835427
48205,Hartley County,Texas,wtk,35.994596,-102.502357,954380,36.000675,-102.4924,1.122174
48205,Hartley County,Texas,bchrrr,35.994596,-102.502357,954380,36.000675,-102.4924,1.122174
48205,Hartley County,Texas,nsrdb,35.994596,-102.502357,549253,36.01,-102.5,1.725922
48207,Haskell County,Texas,wtk,33.177506,-99.764748,1078282,33.174114,-99.75531,0.955946
48207,Haskell County,Texas,bchrrr,33.177506,-99.764748,1078282,33.174114,-99.75531,0.955946
48207,Haskell County,Texas,nsrdb,33.177506,-99.764748,622182,33.17,-99.78,1.646719
48209,Hays County,Texas,wtk,30.009388,-97.925433,1177143,30.004433,-97.92175,0.65524
48209,Hays County,Texas,bchrrr,30.009388,-97.925433,1177143,30.004433,-97.92175,0.65524
48209,Hays County,Texas,nsrdb,30.009388,-97.925433,672618,30.01,-97.94,1.404282
48211,Hemphill County,Texas,wtk,35.89304,-100.360761,1055115,35.896473,-100.36789,0.747063
48211,Hemphill County,Texas,bchrrr,35.89304,-100.360761,1055115,35.896473,-100.36789,0.747063
48211,Hemphill County,Texas,nsrdb,35.89304,-100.360761,605856,35.89,-100.38,1.765752
48213,Henderson County,Texas,wtk,32.241331,-95.889422,1300327,32.247456,-95.88196,0.977929
48213,Henderson County,Texas,bchrrr,32.241331,-95.889422,1300327,32.247456,-95.88196,0.977929
48213,Henderson County,Texas,nsrdb,32.241331,-95.889422,722935,32.25,-95.9,1.385225
48215,Hidalgo County,Texas,wtk,26.235913,-98.184528,1154399,26.234955,-98.17639,0.818647
48215,Hidalgo County,Texas,bchrrr,26.235913,-98.184528,1154399,26.234955,-98.17639,0.818647
48215,Hidalgo County,Texas,nsrdb,26.235913,-98.184528,666089,26.25,-98.18,1.630203
48217,Hill County,Texas,wtk,31.998203,-97.177196,1223786,32.00417,-97.18707,1.143315
48217,Hill County,Texas,bchrrr,31.998203,-97.177196,1223786,32.00417,-97.18707,1.143315
48217,Hill County,Texas,nsrdb,31.998203,-97.177196,693053,32.01,-97.18,1.33815
48219,Hockley County,Texas,wtk,33.583539,-102.333245,951112,33.586933,-102.32379,0.953691
48219,Hockley County,Texas,bchrrr,33.583539,-102.333245,951112,33.586933,-102.32379,0.953691
48219,Hockley County,Texas,nsrdb,33.583539,-102.333245,553539,33.57,-102.34,1.630356
48221,Hood County,Texas,wtk,32.43429,-97.762217,1191073,32.431072,-97.75427,0.82723
48221,Hood County,Texas,bchrrr,32.43429,-97.762217,1191073,32.431072,-97.75427,0.82723
48221,Hood County,Texas,nsrdb,32.43429,-97.762217,676981,32.45,-97.78,2.415863
48223,Hopkins County,Texas,wtk,33.124495,-95.589268,1316677,33.11946,-95.59772,0.965915
48223,Hopkins County,Texas,bchrrr,33.124495,-95.589268,1316677,33.11946,-95.59772,0.965915
48223,Hopkins County,Texas,nsrdb,33.124495,-95.589268,729946,33.13,-95.58,1.05809
48225,Houston County,Texas,wtk,31.297879,-95.466263,1325355,31.303688,-95.460175,0.867067
48225,Houston County,Texas,bchrrr,31.297879,-95.466263,1325355,31.303688,-95.460175,0.867067
48225,Houston County,Texas,nsrdb,31.297879,-95.466263,732601,31.29,-95.46,1.059104
48227,Howard County,Texas,wtk,32.241393,-101.463069,986649,32.235004,-101.466,0.762035
48227,Howard County,Texas,bchrrr,32.241393,-101.463069,986649,32.235004,-101.466,0.762035
48227,Howard County,Texas,nsrdb,32.241393,-101.463069,576916,32.25,-101.46,0.99963
48229,Hudspeth County,Texas,wtk,31.368287,-105.545989,781217,31.362633,-105.54631,0.629435
48229,Hudspeth County,Texas,bchrrr,31.368287,-105.545989,781217,31.362633,-105.54631,0.629435
48229,Hudspeth County,Texas,nsrdb,31.368287,-105.545989,470578,31.37,-105.54,0.599662
48231,Hunt County,Texas,wtk,33.082061,-96.104444,1287833,33.083836,-96.09778,0.65149
48231,Hunt County,Texas,bchrrr,33.082061,-96.104444,1287833,33.083836,-96.09778,0.65149
48231,Hunt County,Texas,nsrdb,33.082061,-96.104444,718451,33.09,-96.1,0.975045
48233,Hutchinson County,Texas,wtk,35.679199,-101.447101,1001732,35.677532,-101.440155,0.654202
48233,Hutchinson County,Texas,bchrrr,35.679199,-101.447101,1001732,35.677532,-101.440155,0.654202
48233,Hutchinson County,Texas,nsrdb,35.679199,-101.447101,576830,35.69,-101.46,1.673222
48235,Irion County,Texas,wtk,31.270407,-100.834657,1014400,31.270779,-100.83777,0.298741
48235,Irion County,Texas,bchrrr,31.270407,-100.834657,1014400,31.270779,-100.83777,0.298741
48235,Irion County,Texas,nsrdb,31.270407,-100.834657,594108,31.29,-100.82,2.585847
48237,Jack County,Texas,wtk,33.200242,-98.168811,1168555,33.205074,-98.166565,0.576502
48237,Jack County,Texas,bchrrr,33.200242,-98.168811,1168555,33.205074,-98.166565,0.576502
48237,Jack County,Texas,nsrdb,33.200242,-98.168811,665915,33.21,-98.18,1.503667
48239,Jackson County,Texas,wtk,28.959201,-96.594406,1256255,28.963425,-96.60373,1.021514
48239,Jackson County,Texas,bchrrr,28.959201,-96.594406,1256255,28.963425,-96.60373,1.021514
48239,Jackson County,Texas,nsrdb,28.959201,-96.594406,707559,28.97,-96.58,1.845575
48241,Jasper County,Texas,wtk,30.73157,-93.993319,1412434,30.723583,-93.99518,0.905754
48241,Jasper County,Texas,bchrrr,30.73157,-93.993319,1412434,30.723583,-93.99518,0.905754
48241,Jasper County,Texas,nsrdb,30.73157,-93.993319,763572,30.73,-93.98,1.284955
48243,Jeff Davis County,Texas,wtk,30.608875,-103.996953,852700,30.618946,-103.98816,1.400753
48243,Jeff Davis County,Texas,bchrrr,30.608875,-103.996953,852700,30.618946,-103.98816,1.400753
48243,Jeff Davis County,Texas,nsrdb,30.608875,-103.996953,510569,30.61,-103.98,1.627234
48245,Jefferson County,Texas,wtk,30.011463,-94.067706,1409925,30.004005,-94.057495,1.286253
48245,Jefferson County,Texas,bchrrr,30.011463,-94.067706,1409925,30.004005,-94.057495,1.286253
48245,Jefferson County,Texas,nsrdb,30.011463,-94.067706,761973,30.01,-94.06,0.759614
48247,Jim Hogg County,Texas,wtk,27.303141,-98.685238,1124559,27.302113,-98.68912,0.400241
48247,Jim Hogg County,Texas,bchrrr,27.303141,-98.685238,1124559,27.302113,-98.68912,0.400241
48247,Jim Hogg County,Texas,nsrdb,27.303141,-98.685238,651775,27.29,-98.7,2.064675
48249,Jim Wells County,Texas,wtk,27.755633,-98.062749,1164498,27.763393,-98.06253,0.863143
48249,Jim Wells County,Texas,bchrrr,27.755633,-98.062749,1164498,27.763393,-98.06253,0.863143
48249,Jim Wells County,Texas,nsrdb,27.755633,-98.062749,669359,27.77,-98.06,1.620277
48251,Johnson County,Texas,wtk,32.441311,-97.322773,1216267,32.438065,-97.32385,0.374823
48251,Johnson County,Texas,bchrrr,32.441311,-97.322773,1216267,32.438065,-97.32385,0.374823
48251,Johnson County,Texas,nsrdb,32.441311,-97.322773,688907,32.45,-97.34,1.883267
48253,Jones County,Texas,wtk,32.706553,-99.805194,1073528,32.698013,-99.81531,1.340786
48253,Jones County,Texas,bchrrr,32.706553,-99.805194,1073528,32.698013,-99.81531,1.340786
48253,Jones County,Texas,nsrdb,32.706553,-99.805194,621107,32.69,-99.82,2.303764
48255,Karnes County,Texas,wtk,28.858167,-97.870466,1178331,28.856777,-97.869934,0.163014
48255,Karnes County,Texas,bchrrr,28.858167,-97.870466,1178331,28.856777,-97.869934,0.163014
48255,Karnes County,Texas,nsrdb,28.858167,-97.870466,674859,28.85,-97.86,1.365155
48257,Kaufman County,Texas,wtk,32.671258,-96.358159,1272762,32.66472,-96.35635,0.746454
48257,Kaufman County,Texas,bchrrr,32.671258,-96.358159,1272762,32.66472,-96.35635,0.746454
48257,Kaufman County,Texas,nsrdb,32.671258,-96.358159,713005,32.69,-96.34,2.689158
48259,Kendall County,Texas,wtk,29.831402,-98.717586,1128422,29.822315,-98.7251,1.243528
48259,Kendall County,Texas,bchrrr,29.831402,-98.717586,1128422,29.822315,-98.7251,1.243528
48259,Kendall County,Texas,nsrdb,29.831402,-98.717586,651711,29.85,-98.7,2.674651
48261,Kenedy County,Texas,wtk,27.104136,-97.788915,1180740,27.111462,-97.784424,0.928007
48261,Kenedy County,Texas,bchrrr,27.104136,-97.788915,1180740,27.111462,-97.784424,0.928007
48261,Kenedy County,Texas,nsrdb,27.104136,-97.788915,677115,27.09,-97.78,1.802643
48263,Kent County,Texas,wtk,33.250471,-100.625108,1032200,33.24513,-100.6319,0.866972
48263,Kent County,Texas,bchrrr,33.250471,-100.625108,1032200,33.24513,-100.6319,0.866972
48263,Kent County,Texas,nsrdb,33.250471,-100.625108,599446,33.25,-100.62,0.477875
48265,Kerr County,Texas,wtk,30.040247,-99.159389,1103686,30.042751,-99.14975,0.968703
48265,Kerr County,Texas,bchrrr,30.040247,-99.159389,1103686,30.042751,-99.14975,0.968703
48265,Kerr County,Texas,nsrdb,30.040247,-99.159389,639681,30.05,-99.14,2.158487
48267,Kimble County,Texas,wtk,30.48626,-99.72778,1071072,30.489677,-99.735535,0.834594
48267,Kimble County,Texas,bchrrr,30.48626,-99.72778,1071072,30.489677,-99.735535,0.834594
48267,Kimble County,Texas,nsrdb,30.48626,-99.72778,623337,30.49,-99.74,1.242586
48269,King County,Texas,wtk,33.644367,-100.295781,1051538,33.644657,-100.28656,0.854187
48269,King County,Texas,bchrrr,33.644367,-100.295781,1051538,33.644657,-100.28656,0.854187
48269,King County,Texas,nsrdb,33.644367,-100.295781,608074,33.65,-100.3,0.738138
48271,Kinney County,Texas,wtk,29.303421,-100.418211,1029735,29.30745,-100.41376,0.622076
48271,Kinney County,Texas,bchrrr,29.303421,-100.418211,1029735,29.30745,-100.41376,0.622076
48271,Kinney County,Texas,nsrdb,29.303421,-100.418211,604941,29.29,-100.42,1.502399
48273,Kleberg County,Texas,wtk,27.491434,-97.856978,1177002,27.483166,-97.85391,0.967891
48273,Kleberg County,Texas,bchrrr,27.491434,-97.856978,1177002,27.483166,-97.85391,0.967891
48273,Kleberg County,Texas,nsrdb,27.491434,-97.856978,674893,27.49,-97.86,0.338057
48275,Knox County,Texas,wtk,33.459837,-99.703984,1081900,33.467934,-99.70621,0.923722
48275,Knox County,Texas,bchrrr,33.459837,-99.703984,1081900,33.467934,-99.70621,0.923722
48275,Knox County,Texas,nsrdb,33.459837,-99.703984,624351,33.45,-99.7,1.154583
48277,Lamar County,Texas,wtk,33.675498,-95.534049,1320470,33.684265,-95.528534,1.100337
48277,Lamar County,Texas,bchrrr,33.675498,-95.534049,1320470,33.684265,-95.528534,1.100337
48277,Lamar County,Texas,nsrdb,33.675498,-95.534049,730803,33.69,-95.54,1.703971
48279,Lamb County,Texas,wtk,34.028313,-102.324642,953226,34.026554,-102.32156,0.344855
48279,Lamb County,Texas,bchrrr,34.028313,-102.324642,953226,34.026554,-102.32156,0.344855
48279,Lamb County,Texas,nsrdb,34.028313,-102.324642,553528,34.01,-102.34,2.479939
48281,Lampasas County,Texas,wtk,31.095229,-98.11323,1167187,31.100357,-98.12143,0.966813
48281,Lampasas County,Texas,bchrrr,31.095229,-98.11323,1167187,31.100357,-98.12143,0.966813
48281,Lampasas County,Texas,nsrdb,31.095229,-98.11323,668173,31.09,-98.1,1.387469
48283,La Salle County,Texas,wtk,28.353428,-99.246265,1093741,28.353462,-99.23694,0.912511
48283,La Salle County,Texas,bchrrr,28.353428,-99.246265,1093741,28.353462,-99.23694,0.912511
48283,La Salle County,Texas,nsrdb,28.353428,-99.246265,636453,28.37,-99.26,2.280748
48285,Lavaca County,Texas,wtk,29.407089,-97.043792,1229927,29.407639,-97.04013,0.359963
48285,Lavaca County,Texas,bchrrr,29.407089,-97.043792,1229927,29.407639,-97.04013,0.359963
48285,Lavaca County,Texas,nsrdb,29.407089,-97.043792,696167,29.41,-97.06,1.603033
48287,Lee County,Texas,wtk,30.274828,-96.971482,1235001,30.271343,-96.96973,0.422463
48287,Lee County,Texas,bchrrr,30.274828,-96.971482,1235001,30.271343,-96.96973,0.422463
48287,Lee County,Texas,nsrdb,30.274828,-96.971482,698118,30.29,-96.98,1.87487
48289,Leon County,Texas,wtk,31.291285,-96.048234,1290242,31.287128,-96.05292,0.641821
48289,Leon County,Texas,bchrrr,31.291285,-96.048234,1290242,31.287128,-96.05292,0.641821
48289,Leon County,Texas,nsrdb,31.291285,-96.048234,719392,31.29,-96.06,1.127111
48291,Liberty County,Texas,wtk,30.159267,-94.925632,1358086,30.16217,-94.927704,0.379318
48291,Liberty County,Texas,bchrrr,30.159267,-94.925632,1358086,30.16217,-94.927704,0.379318
48291,Liberty County,Texas,nsrdb,30.159267,-94.925632,743815,30.17,-94.94,1.825471
48293,Limestone County,Texas,wtk,31.59043,-96.519113,1262671,31.593369,-96.52084,0.365454
48293,Limestone County,Texas,bchrrr,31.59043,-96.519113,1262671,31.593369,-96.52084,0.365454
48293,Limestone County,Texas,nsrdb,31.59043,-96.519113,709347,31.61,-96.5,2.830546
48295,Lipscomb County,Texas,wtk,36.386641,-100.363265,1057454,36.39413,-100.355896,1.062327
48295,Lipscomb County,Texas,bchrrr,36.386641,-100.363265,1057454,36.39413,-100.355896,1.062327
48295,Lipscomb County,Texas,nsrdb,36.386641,-100.363265,605844,36.37,-100.38,2.380879
48297,Live Oak County,Texas,wtk,28.336605,-98.10826,1163279,28.333244,-98.09952,0.933484
48297,Live Oak County,Texas,bchrrr,28.336605,-98.10826,1163279,28.333244,-98.09952,0.933484
48297,Live Oak County,Texas,nsrdb,28.336605,-98.10826,668242,28.33,-98.1,1.092237
48299,Llano County,Texas,wtk,30.680229,-98.508731,1143396,30.675323,-98.50708,0.567913
48299,Llano County,Texas,bchrrr,30.680229,-98.508731,1143396,30.675323,-98.50708,0.567913
48299,Llano County,Texas,nsrdb,30.680229,-98.508731,657179,30.69,-98.5,1.37023
48301,Loving County,Texas,wtk,31.777897,-103.608997,878809,31.776752,-103.61072,0.206728
48301,Loving County,Texas,bchrrr,31.777897,-103.608997,878809,31.776752,-103.61072,0.206728
48301,Loving County,Texas,nsrdb,31.777897,-103.608997,519917,31.77,-103.62,1.36122
48303,Lubbock County,Texas,wtk,33.55256,-101.894332,970982,33.55881,-101.90402,1.135299
48303,Lubbock County,Texas,bchrrr,33.55256,-101.894332,970982,33.55881,-101.90402,1.135299
48303,Lubbock County,Texas,nsrdb,33.55256,-101.894332,565170,33.57,-101.9,2.0091
48305,Lynn County,Texas,wtk,33.199123,-101.817193,974098,33.199223,-101.80682,0.965219
48305,Lynn County,Texas,bchrrr,33.199123,-101.817193,974098,33.199223,-101.80682,0.965219
48305,Lynn County,Texas,nsrdb,33.199123,-101.817193,567302,33.21,-101.82,1.237344
48307,McCulloch County,Texas,wtk,31.148037,-99.338841,1095123,31.154884,-99.349,1.230547
48307,McCulloch County,Texas,bchrrr,31.148037,-99.338841,1095123,31.154884,-99.349,1.230547
48307,McCulloch County,Texas,nsrdb,31.148037,-99.338841,634205,31.13,-99.34,2.008657
48309,McLennan County,Texas,wtk,31.539979,-97.174745,1223760,31.533092,-97.178894,0.860851
48309,McLennan County,Texas,bchrrr,31.539979,-97.174745,1223760,31.533092,-97.178894,0.860851
48309,McLennan County,Texas,nsrdb,31.539979,-97.174745,693065,31.53,-97.18,1.21626
48311,McMullen County,Texas,wtk,28.438706,-98.523033,1137041,28.447365,-98.529724,1.164059
48311,McMullen County,Texas,bchrrr,28.438706,-98.523033,1137041,28.447365,-98.529724,1.164059
48311,McMullen County,Texas,nsrdb,28.438706,-98.523033,656137,28.45,-98.54,2.080636
48313,Madison County,Texas,wtk,30.955833,-95.899656,1299002,30.96177,-95.90521,0.846339
48313,Madison County,Texas,bchrrr,30.955833,-95.899656,1299002,30.96177,-95.90521,0.846339
48313,Madison County,Texas,nsrdb,30.955833,-95.899656,722967,30.97,-95.9,1.575642
48315,Marion County,Texas,wtk,32.789481,-94.423181,1384221,32.797962,-94.43097,1.191391
48315,Marion County,Texas,bchrrr,32.789481,-94.423181,1384221,32.797962,-94.43097,1.191391
48315,Marion County,Texas,nsrdb,32.789481,-94.423181,754639,32.77,-94.42,2.186509
48317,Martin County,Texas,wtk,32.173604,-101.827506,968814,32.177044,-101.82672,0.389599
48317,Martin County,Texas,bchrrr,32.173604,-101.827506,968814,32.177044,-101.82672,0.389599
48317,Martin County,Texas,nsrdb,32.173604,-101.827506,567328,32.17,-101.82,0.812224
48319,Mason County,Texas,wtk,30.754424,-99.220248,1101260,30.761555,-99.22476,0.902564
48319,Mason County,Texas,bchrrr,30.754424,-99.220248,1101260,30.761555,-99.22476,0.902564
48319,Mason County,Texas,nsrdb,30.754424,-99.220248,637483,30.77,-99.22,1.732137
48321,Matagorda County,Texas,wtk,28.918151,-95.998821,1293872,28.911694,-95.98978,1.135733
48321,Matagorda County,Texas,bchrrr,28.918151,-95.998821,1293872,28.911694,-95.98978,1.135733
48321,Matagorda County,Texas,nsrdb,28.918151,-95.998821,721238,28.93,-95.98,2.256379
48323,Maverick County,Texas,wtk,28.706459,-100.478233,1024137,28.712376,-100.478485,0.6584
48323,Maverick County,Texas,bchrrr,28.706459,-100.478233,1024137,28.712376,-100.478485,0.6584
48323,Maverick County,Texas,nsrdb,28.706459,-100.478233,603876,28.69,-100.46,2.551881
48325,Medina County,Texas,wtk,29.313896,-98.953325,1113521,29.312248,-98.95215,0.215776
48325,Medina County,Texas,bchrrr,29.313896,-98.953325,1113521,29.312248,-98.95215,0.215776
48325,Medina County,Texas,nsrdb,29.313896,-98.953325,645157,29.33,-98.94,2.208035
48327,Menard County,Texas,wtk,30.901088,-99.77672,1069929,30.903355,-99.77911,0.339915
48327,Menard County,Texas,bchrrr,30.901088,-99.77672,1069929,30.903355,-99.77911,0.339915
48327,Menard County,Texas,nsrdb,30.901088,-99.77672,622239,30.89,-99.78,1.272033
48329,Midland County,Texas,wtk,32.003162,-102.10655,954160,31.995296,-102.11133,0.983976
48329,Midland County,Texas,bchrrr,32.003162,-102.10655,954160,31.995296,-102.11133,0.983976
48329,Midland County,Texas,nsrdb,32.003162,-102.10655,559920,32.01,-102.1,0.979582
48331,Milam County,Texas,wtk,30.74427,-97.008581,1232515,30.739594,-97.01831,1.065303
48331,Milam County,Texas,bchrrr,30.74427,-97.008581,1232515,30.739594,-97.01831,1.065303
48331,Milam County,Texas,nsrdb,30.74427,-97.008581,697125,30.73,-97.02,1.925842
48333,Mills County,Texas,wtk,31.483977,-98.578392,1140947,31.486946,-98.57941,0.343961
48333,Mills County,Texas,bchrrr,31.483977,-98.578392,1140947,31.486946,-98.57941,0.343961
48333,Mills County,Texas,nsrdb,31.483977,-98.578392,654963,31.49,-98.58,0.686865
48335,Mitchell County,Texas,wtk,32.392285,-100.864006,1017732,32.395767,-100.85388,1.026559
48335,Mitchell County,Texas,bchrrr,32.392285,-100.864006,1017732,32.395767,-100.85388,1.026559
48335,Mitchell County,Texas,nsrdb,32.392285,-100.864006,593004,32.41,-100.86,2.005404
48337,Montague County,Texas,wtk,33.632793,-97.760651,1192397,33.632755,-97.76404,0.313787
48337,Montague County,Texas,bchrrr,33.632793,-97.760651,1192397,33.632755,-97.76404,0.313787
48337,Montague County,Texas,nsrdb,33.632793,-97.760651,676951,33.65,-97.78,2.620911
48339,Montgomery County,Texas,wtk,30.228861,-95.46216,1325295,30.220871,-95.46863,1.084327
48339,Montgomery County,Texas,bchrrr,30.228861,-95.46216,1325295,30.220871,-95.46863,1.084327
48339,Montgomery County,Texas,nsrdb,30.228861,-95.46216,732628,30.21,-95.46,2.107494
48341,Moore County,Texas,wtk,35.902871,-101.956497,978433,35.905266,-101.959564,0.383706
48341,Moore County,Texas,bchrrr,35.902871,-101.956497,978433,35.905266,-101.959564,0.383706
48341,Moore County,Texas,nsrdb,35.902871,-101.956497,564052,35.89,-101.94,2.063127
48343,Morris County,Texas,wtk,33.073155,-94.722876,1366918,33.07543,-94.72876,0.603803
48343,Morris County,Texas,bchrrr,33.073155,-94.722876,1366918,33.07543,-94.72876,0.603803
48343,Morris County,Texas,nsrdb,33.073155,-94.722876,747975,33.09,-94.74,2.460459
48345,Motley County,Texas,wtk,34.013578,-100.842949,1024431,34.02068,-100.8407,0.816458
48345,Motley County,Texas,bchrrr,34.013578,-100.842949,1024431,34.02068,-100.8407,0.816458
48345,Motley County,Texas,nsrdb,34.013578,-100.842949,592964,34.01,-100.86,1.621203
48347,Nacogdoches County,Texas,wtk,31.625667,-94.64461,1373032,31.621323,-94.649414,0.66349
48347,Nacogdoches County,Texas,bchrrr,31.625667,-94.64461,1373032,31.621323,-94.649414,0.66349
48347,Nacogdoches County,Texas,nsrdb,31.625667,-94.64461,749699,31.61,-94.66,2.271242
48349,Navarro County,Texas,wtk,32.081345,-96.48597,1265206,32.08297,-96.48178,0.434146
48349,Navarro County,Texas,bchrrr,32.081345,-96.48597,1265206,32.08297,-96.48178,0.434146
48349,Navarro County,Texas,nsrdb,32.081345,-96.48597,709335,32.09,-96.5,1.635019
48351,Newton County,Texas,wtk,30.685762,-93.754726,1427254,30.681751,-93.74457,1.068706
48351,Newton County,Texas,bchrrr,30.685762,-93.754726,1427254,30.681751,-93.74457,1.068706
48351,Newton County,Texas,nsrdb,30.685762,-93.754726,768444,30.69,-93.74,1.48491
48353,Nolan County,Texas,wtk,32.451085,-100.411743,1041213,32.454082,-100.40518,0.700198
48353,Nolan County,Texas,bchrrr,32.451085,-100.411743,1041213,32.454082,-100.40518,0.700198
48353,Nolan County,Texas,nsrdb,32.451085,-100.411743,604862,32.45,-100.42,0.784112
48355,Nueces County,Texas,wtk,27.728582,-97.428351,1203420,27.722057,-97.437805,1.179971
48355,Nueces County,Texas,bchrrr,27.728582,-97.428351,1203420,27.722057,-97.437805,1.179971
48355,Nueces County,Texas,nsrdb,27.728582,-97.428351,686935,27.73,-97.42,0.836934
48357,Ochiltree County,Texas,wtk,36.381051,-100.810068,1034629,36.373062,-100.812164,0.90794
48357,Ochiltree County,Texas,bchrrr,36.381051,-100.810068,1034629,36.373062,-100.812164,0.90794
48357,Ochiltree County,Texas,nsrdb,36.381051,-100.810068,593981,36.37,-100.82,1.516793
48359,Oldham County,Texas,wtk,35.291939,-102.407522,955387,35.28848,-102.39905,0.859762
48359,Oldham County,Texas,bchrrr,35.291939,-102.407522,955387,35.28848,-102.39905,0.859762
48359,Oldham County,Texas,nsrdb,35.291939,-102.407522,551383,35.29,-102.42,1.152852
48361,Orange County,Texas,wtk,30.120221,-93.865843,1421048,30.125793,-93.86673,0.625425
48361,Orange County,Texas,bchrrr,30.120221,-93.865843,1421048,30.125793,-93.86673,0.625425
48361,Orange County,Texas,nsrdb,30.120221,-93.865843,766019,30.13,-93.86,1.224003
48363,Palo Pinto County,Texas,wtk,32.779308,-98.163939,1167280,32.786045,-98.17474,1.257276
48363,Palo Pinto County,Texas,bchrrr,32.779308,-98.163939,1167280,32.786045,-98.17474,1.257276
48363,Palo Pinto County,Texas,nsrdb,32.779308,-98.163939,665926,32.77,-98.18,1.823742
48365,Panola County,Texas,wtk,32.163354,-94.335098,1390360,32.160336,-94.3385,0.463864
48365,Panola County,Texas,bchrrr,32.163354,-94.335098,1390360,32.160336,-94.3385,0.463864
48365,Panola County,Texas,nsrdb,32.163354,-94.335098,756270,32.17,-94.34,0.87122
48367,Parker County,Texas,wtk,32.789461,-97.727329,1193609,32.795338,-97.72046,0.916144
48367,Parker County,Texas,bchrrr,32.789461,-97.727329,1193609,32.795338,-97.72046,0.916144
48367,Parker County,Texas,nsrdb,32.789461,-97.727329,678079,32.77,-97.74,2.466983
48369,Parmer County,Texas,wtk,34.540662,-102.815576,932372,34.54324,-102.81702,0.315701
48369,Parmer County,Texas,bchrrr,34.540662,-102.815576,932372,34.54324,-102.81702,0.315701
48369,Parmer County,Texas,nsrdb,34.540662,-102.815576,540854,34.53,-102.82,1.252907
48371,Pecos County,Texas,wtk,30.897066,-102.799265,915406,30.895138,-102.79462,0.492337
48371,Pecos County,Texas,bchrrr,30.897066,-102.799265,915406,30.895138,-102.79462,0.492337
48371,Pecos County,Texas,nsrdb,30.897066,-102.799265,541999,30.89,-102.78,1.999121
48373,Polk County,Texas,wtk,30.736493,-94.936829,1356879,30.739124,-94.9397,0.401098
48373,Polk County,Texas,bchrrr,30.736493,-94.936829,1356879,30.739124,-94.9397,0.401098
48373,Polk County,Texas,nsrdb,30.736493,-94.936829,743801,30.73,-94.94,0.783024
48375,Potter County,Texas,wtk,35.221534,-101.839821,981542,35.21374,-101.82901,1.309814
48375,Potter County,Texas,bchrrr,35.221534,-101.839821,981542,35.21374,-101.82901,1.309814
48375,Potter County,Texas,nsrdb,35.221534,-101.839821,567252,35.21,-101.82,2.210692
48377,Presidio County,Texas,wtk,29.838523,-104.248834,834379,29.835552,-104.252014,0.4508
48377,Presidio County,Texas,bchrrr,29.838523,-104.248834,834379,29.835552,-104.252014,0.4508
48377,Presidio County,Texas,nsrdb,29.838523,-104.248834,503352,29.85,-104.26,1.669868
48379,Rains County,Texas,wtk,32.88581,-95.795009,1305378,32.883442,-95.79416,0.274986
48379,Rains County,Texas,bchrrr,32.88581,-95.795009,1305378,32.883442,-95.79416,0.274986
48379,Rains County,Texas,nsrdb,32.88581,-95.795009,725571,32.89,-95.78,1.476871
48381,Randall County,Texas,wtk,35.119815,-101.8914,978390,35.11831,-101.88791,0.358838
48381,Randall County,Texas,bchrrr,35.119815,-101.8914,978390,35.11831,-101.88791,0.358838
48381,Randall County,Texas,nsrdb,35.119815,-101.8914,565131,35.13,-101.9,1.376353
48383,Reagan County,Texas,wtk,31.214336,-101.466357,982374,31.217846,-101.469604,0.497668
48383,Reagan County,Texas,bchrrr,31.214336,-101.466357,982374,31.217846,-101.469604,0.497668
48383,Reagan County,Texas,nsrdb,31.214336,-101.466357,576942,31.21,-101.46,0.773268
48385,Real County,Texas,wtk,29.723669,-99.823669,1064047,29.729527,-99.81903,0.790542
48385,Real County,Texas,bchrrr,29.723669,-99.823669,1064047,29.729527,-99.81903,0.790542
48385,Real County,Texas,nsrdb,29.723669,-99.823669,621181,29.73,-99.82,0.788099
48387,Red River County,Texas,wtk,33.591924,-95.078333,1347028,33.58969,-95.069336,0.869597
48387,Red River County,Texas,bchrrr,33.591924,-95.078333,1347028,33.58969,-95.069336,0.869597
48387,Red River County,Texas,nsrdb,33.591924,-95.078333,741167,33.61,-95.06,2.631139
48389,Reeves County,Texas,wtk,31.387129,-103.526279,880972,31.383595,-103.52429,0.435968
48389,Reeves County,Texas,bchrrr,31.387129,-103.526279,880972,31.383595,-103.52429,0.435968
48389,Reeves County,Texas,nsrdb,31.387129,-103.526279,522022,31.37,-103.54,2.307468
48391,Refugio County,Texas,wtk,28.290523,-97.247531,1216037,28.29538,-97.246765,0.545257
48391,Refugio County,Texas,bchrrr,28.290523,-97.247531,1216037,28.29538,-97.246765,0.545257
48391,Refugio County,Texas,nsrdb,28.290523,-97.247531,691084,28.29,-97.26,1.22227
48393,Roberts County,Texas,wtk,35.716272,-100.695585,1037988,35.715855,-100.695526,0.046673
48393,Roberts County,Texas,bchrrr,35.716272,-100.695585,1037988,35.715855,-100.695526,0.046673
48393,Roberts County,Texas,nsrdb,35.716272,-100.695585,597228,35.73,-100.7,1.577659
48395,Robertson County,Texas,wtk,30.96604,-96.543235,1261382,30.96027,-96.53711,0.867594
48395,Robertson County,Texas,bchrrr,30.96604,-96.543235,1261382,30.96027,-96.53711,0.867594
48395,Robertson County,Texas,nsrdb,30.96604,-96.543235,708437,30.97,-96.54,0.537613
48397,Rockwall County,Texas,wtk,32.916849,-96.427952,1269014,32.919113,-96.42276,0.54612
48397,Rockwall County,Texas,bchrrr,32.916849,-96.427952,1269014,32.919113,-96.42276,0.54612
48397,Rockwall County,Texas,nsrdb,32.916849,-96.427952,711160,32.93,-96.42,1.639903
48399,Runnels County,Texas,wtk,31.799174,-99.993519,1060677,31.79979,-99.99982,0.599399
48399,Runnels County,Texas,bchrrr,31.799174,-99.993519,1060677,31.79979,-99.99982,0.599399
48399,Runnels County,Texas,nsrdb,31.799174,-99.993519,616782,31.81,-99.98,1.755342
48401,Rusk County,Texas,wtk,32.194387,-94.798494,1364391,32.185307,-94.78833,1.390761
48401,Rusk County,Texas,bchrrr,32.194387,-94.798494,1364391,32.185307,-94.78833,1.390761
48401,Rusk County,Texas,nsrdb,32.194387,-94.798494,747153,32.21,-94.78,2.458042
48403,Sabine County,Texas,wtk,31.33902,-93.849401,1419880,31.334858,-93.8501,0.467531
48403,Sabine County,Texas,bchrrr,31.33902,-93.849401,1419880,31.334858,-93.8501,0.467531
48403,Sabine County,Texas,nsrdb,31.33902,-93.849401,765989,31.33,-93.86,1.421032
48405,San Augustine County,Texas,wtk,31.441092,-94.152829,1402616,31.449715,-94.143585,1.299373
48405,San Augustine County,Texas,bchrrr,31.441092,-94.152829,1402616,31.449715,-94.143585,1.299373
48405,San Augustine County,Texas,nsrdb,31.441092,-94.152829,760323,31.45,-94.14,1.569163
48407,San Jacinto County,Texas,wtk,30.549034,-95.134724,1345591,30.542675,-95.131134,0.786237
48407,San Jacinto County,Texas,bchrrr,30.549034,-95.134724,1345591,30.542675,-95.131134,0.786237
48407,San Jacinto County,Texas,nsrdb,30.549034,-95.134724,739529,30.53,-95.14,2.175966
48409,San Patricio County,Texas,wtk,27.942683,-97.391148,1207214,27.936676,-97.38165,1.147476
48409,San Patricio County,Texas,bchrrr,27.942683,-97.391148,1207214,27.936676,-97.38165,1.147476
48409,San Patricio County,Texas,nsrdb,27.942683,-97.391148,687977,27.93,-97.38,1.785571
48411,San Saba County,Texas,wtk,31.188156,-98.760394,1129740,31.192245,-98.758606,0.485446
48411,San Saba County,Texas,bchrrr,31.188156,-98.760394,1129740,31.192245,-98.758606,0.485446
48411,San Saba County,Texas,nsrdb,31.188156,-98.760394,649485,31.17,-98.78,2.748581
48413,Schleicher County,Texas,wtk,30.869698,-100.592812,1025365,30.866535,-100.59857,0.652477
48413,Schleicher County,Texas,bchrrr,30.869698,-100.592812,1025365,30.866535,-100.59857,0.652477
48413,Schleicher County,Texas,nsrdb,30.869698,-100.592812,600584,30.85,-100.58,2.508602
48415,Scurry County,Texas,wtk,32.704114,-100.909114,1015563,32.701923,-100.91925,0.979204
48415,Scurry County,Texas,bchrrr,32.704114,-100.909114,1015563,32.701923,-100.91925,0.979204
48415,Scurry County,Texas,nsrdb,32.704114,-100.909114,591921,32.69,-100.9,1.786163
48417,Shackelford County,Texas,wtk,32.690987,-99.306232,1102600,32.699223,-99.296265,1.30713
48417,Shackelford County,Texas,bchrrr,32.690987,-99.306232,1102600,32.699223,-99.296265,1.30713
48417,Shackelford County,Texas,nsrdb,32.690987,-99.306232,635255,32.69,-99.3,0.593439
48419,Shelby County,Texas,wtk,31.82351,-94.181536,1400179,31.830788,-94.17584,0.971865
48419,Shelby County,Texas,bchrrr,31.82351,-94.181536,1400179,31.830788,-94.17584,0.971865
48419,Shelby County,Texas,nsrdb,31.82351,-94.181536,759506,31.81,-94.18,1.50924
48421,Sherman County,Texas,wtk,36.332744,-102.008249,978456,36.326897,-101.9986,1.081589
48421,Sherman County,Texas,bchrrr,36.332744,-102.008249,978456,36.326897,-101.9986,1.081589
48421,Sherman County,Texas,nsrdb,36.332744,-102.008249,561926,36.33,-102.02,1.095974
48423,Smith County,Texas,wtk,32.326147,-95.301012,1334229,32.31759,-95.30167,0.953503
48423,Smith County,Texas,bchrrr,32.326147,-95.301012,1334229,32.31759,-95.30167,0.953503
48423,Smith County,Texas,nsrdb,32.326147,-95.301012,736036,32.33,-95.3,0.43886
48425,Somervell County,Texas,wtk,32.234939,-97.752209,1191062,32.23137,-97.749084,0.493852
48425,Somervell County,Texas,bchrrr,32.234939,-97.752209,1191062,32.23137,-97.749084,0.493852
48425,Somervell County,Texas,nsrdb,32.234939,-97.752209,678092,32.25,-97.74,2.030543
48427,Starr County,Texas,wtk,26.387785,-98.843449,1112122,26.392735,-98.85257,1.062243
48427,Starr County,Texas,bchrrr,26.387785,-98.843449,1112122,26.392735,-98.85257,1.062243
48427,Starr County,Texas,nsrdb,26.387785,-98.843449,647416,26.37,-98.86,2.574748
48429,Stephens County,Texas,wtk,32.75621,-98.902183,1124862,32.748245,-98.90912,1.097842
48429,Stephens County,Texas,bchrrr,32.75621,-98.902183,1124862,32.748245,-98.90912,1.097842
48429,Stephens County,Texas,nsrdb,32.75621,-98.902183,646163,32.77,-98.9,1.546907
48431,Sterling County,Texas,wtk,31.834761,-100.993284,1009029,31.843525,-100.98547,1.222509
48431,Sterling County,Texas,bchrrr,31.834761,-100.993284,1009029,31.843525,-100.98547,1.222509
48431,Sterling County,Texas,nsrdb,31.834761,-100.993284,589791,31.85,-100.98,2.108529
48433,Stonewall County,Texas,wtk,33.144537,-100.232476,1052658,33.135944,-100.23224,0.955752
48433,Stonewall County,Texas,bchrrr,33.144537,-100.232476,1052658,33.135944,-100.23224,0.955752
48433,Stonewall County,Texas,nsrdb,33.144537,-100.232476,610249,33.13,-100.22,1.990557
48435,Sutton County,Texas,wtk,30.563302,-100.627675,1023132,30.558228,-100.619965,0.92914
48435,Sutton County,Texas,bchrrr,30.563302,-100.627675,1023132,30.558228,-100.619965,0.92914
48435,Sutton County,Texas,nsrdb,30.563302,-100.627675,599513,30.57,-100.62,1.046269
48437,Swisher County,Texas,wtk,34.532201,-101.771607,981505,34.537796,-101.769226,0.659258
48437,Swisher County,Texas,bchrrr,34.532201,-101.771607,981505,34.537796,-101.769226,0.659258
48437,Swisher County,Texas,nsrdb,34.532201,-101.771607,568332,34.53,-101.78,0.806851
48439,Tarrant County,Texas,wtk,32.764455,-97.247672,1221314,32.766376,-97.243774,0.422457
48439,Tarrant County,Texas,bchrrr,32.764455,-97.247672,1221314,32.766376,-97.243774,0.422457
48439,Tarrant County,Texas,nsrdb,32.764455,-97.247672,690972,32.77,-97.26,1.307229
48441,Taylor County,Texas,wtk,32.417776,-99.767122,1074685,32.408417,-99.777405,1.419426
48441,Taylor County,Texas,bchrrr,32.417776,-99.767122,1074685,32.408417,-99.777405,1.419426
48441,Taylor County,Texas,nsrdb,32.417776,-99.767122,622201,32.41,-99.78,1.486265
48443,Terrell County,Texas,wtk,30.160109,-102.352119,934214,30.167027,-102.347046,0.910826
48443,Terrell County,Texas,bchrrr,30.160109,-102.352119,934214,30.167027,-102.347046,0.910826
48443,Terrell County,Texas,nsrdb,30.160109,-102.352119,553624,30.17,-102.34,1.602203
48445,Terry County,Texas,wtk,33.182706,-102.271832,952135,33.188576,-102.26428,0.959136
48445,Terry County,Texas,bchrrr,33.182706,-102.271832,952135,33.188576,-102.26428,0.959136
48445,Terry County,Texas,nsrdb,33.182706,-102.271832,555663,33.17,-102.26,1.791301
48447,Throckmorton County,Texas,wtk,33.141356,-99.1396,1112498,33.141487,-99.14386,0.3969
48447,Throckmorton County,Texas,bchrrr,33.141356,-99.1396,1112498,33.141487,-99.14386,0.3969
48447,Throckmorton County,Texas,nsrdb,33.141356,-99.1396,639604,33.13,-99.14,1.26328
48449,Titus County,Texas,wtk,33.175889,-94.966515,1353290,33.16936,-94.96637,0.726118
48449,Titus County,Texas,bchrrr,33.175889,-94.966515,1353290,33.16936,-94.96637,0.726118
48449,Titus County,Texas,nsrdb,33.175889,-94.966515,742887,33.17,-94.98,1.415642
48451,Tom Green County,Texas,wtk,31.451021,-100.461173,1034359,31.452255,-100.46811,0.672187
48451,Tom Green County,Texas,bchrrr,31.451021,-100.461173,1034359,31.452255,-100.46811,0.672187
48451,Tom Green County,Texas,nsrdb,31.451021,-100.461173,603807,31.45,-100.46,0.158966
48453,Travis County,Texas,wtk,30.314281,-97.74819,1188443,30.314095,-97.74249,0.547542
48453,Travis County,Texas,bchrrr,30.314281,-97.74819,1188443,30.314095,-97.74249,0.547542
48453,Travis County,Texas,nsrdb,30.314281,-97.74819,678140,30.33,-97.74,1.916515
48455,Trinity County,Texas,wtk,30.998906,-95.24457,1337977,30.994942,-95.25186,0.822864
48455,Trinity County,Texas,bchrrr,30.998906,-95.24457,1337977,30.994942,-95.25186,0.822864
48455,Trinity County,Texas,nsrdb,30.998906,-95.24457,736932,31.01,-95.26,1.919492
48457,Tyler County,Texas,wtk,30.738676,-94.367776,1390281,30.730953,-94.372925,0.989775
48457,Tyler County,Texas,bchrrr,30.738676,-94.367776,1390281,30.730953,-94.372925,0.989775
48457,Tyler County,Texas,nsrdb,30.738676,-94.367776,755499,30.73,-94.38,1.515161
48459,Upshur County,Texas,wtk,32.697928,-94.922244,1355747,32.69574,-94.93039,0.800149
48459,Upshur County,Texas,bchrrr,32.697928,-94.922244,1355747,32.69574,-94.93039,0.800149
48459,Upshur County,Texas,nsrdb,32.697928,-94.922244,743752,32.69,-94.94,1.880949
48461,Upton County,Texas,wtk,31.180961,-102.124867,949935,31.177315,-102.12311,0.438523
48461,Upton County,Texas,bchrrr,31.180961,-102.124867,949935,31.177315,-102.12311,0.438523
48461,Upton County,Texas,nsrdb,31.180961,-102.124867,558884,31.17,-102.14,1.886333
48463,Uvalde County,Texas,wtk,29.243316,-99.757807,1066345,29.24715,-99.751526,0.743714
48463,Uvalde County,Texas,bchrrr,29.243316,-99.757807,1066345,29.24715,-99.751526,0.743714
48463,Uvalde County,Texas,nsrdb,29.243316,-99.757807,623368,29.25,-99.74,1.880728
48465,Val Verde County,Texas,wtk,29.380949,-100.898089,1004596,29.373016,-100.89218,1.05164
48465,Val Verde County,Texas,bchrrr,29.380949,-100.898089,1004596,29.373016,-100.89218,1.05164
48465,Val Verde County,Texas,nsrdb,29.380949,-100.898089,592004,29.37,-100.9,1.231476
48467,Van Zandt County,Texas,wtk,32.577505,-95.83772,1302853,32.57436,-95.83823,0.352959
48467,Van Zandt County,Texas,bchrrr,32.577505,-95.83772,1302853,32.57436,-95.83823,0.352959
48467,Van Zandt County,Texas,nsrdb,32.577505,-95.83772,724697,32.57,-95.82,1.85835
48469,Victoria County,Texas,wtk,28.825015,-96.991578,1232408,28.816841,-96.99054,0.914517
48469,Victoria County,Texas,bchrrr,28.825015,-96.991578,1232408,28.816841,-96.99054,0.914517
48469,Victoria County,Texas,nsrdb,28.825015,-96.991578,698155,28.81,-96.98,2.014916
48471,Walker County,Texas,wtk,30.725843,-95.538707,1320307,30.726025,-95.548676,0.953108
48471,Walker County,Texas,bchrrr,30.725843,-95.538707,1320307,30.726025,-95.548676,0.953108
48471,Walker County,Texas,nsrdb,30.725843,-95.538707,730877,30.73,-95.54,0.478475
48473,Waller County,Texas,wtk,29.996824,-95.953637,1296440,29.988419,-95.94809,1.076495
48473,Waller County,Texas,bchrrr,29.996824,-95.953637,1296440,29.988419,-95.94809,1.076495
48473,Waller County,Texas,nsrdb,29.996824,-95.953637,722101,30.01,-95.94,1.967472
48475,Ward County,Texas,wtk,31.569285,-102.912586,913341,31.576675,-102.905426,1.065524
48475,Ward County,Texas,bchrrr,31.569285,-102.912586,913341,31.576675,-102.905426,1.065524
48475,Ward County,Texas,nsrdb,31.569285,-102.912586,538821,31.57,-102.9,1.195029
48477,Washington County,Texas,wtk,30.181511,-96.397822,1268863,30.185497,-96.40613,0.913314
48477,Washington County,Texas,bchrrr,30.181511,-96.397822,1268863,30.185497,-96.40613,0.913314
48477,Washington County,Texas,nsrdb,30.181511,-96.397822,712149,30.17,-96.38,2.138521
48479,Webb County,Texas,wtk,27.522988,-99.475539,1076778,27.52406,-99.48016,0.471011
48479,Webb County,Texas,bchrrr,27.522988,-99.475539,1076778,27.52406,-99.48016,0.471011
48479,Webb County,Texas,nsrdb,27.522988,-99.475539,631028,27.53,-99.46,1.719232
48481,Wharton County,Texas,wtk,29.276718,-96.175359,1282606,29.269867,-96.17471,0.764394
48481,Wharton County,Texas,bchrrr,29.276718,-96.175359,1282606,29.269867,-96.17471,0.764394
48481,Wharton County,Texas,nsrdb,29.276718,-96.175359,716743,29.29,-96.18,1.54396
48483,Wheeler County,Texas,wtk,35.352533,-100.263467,1058554,35.34952,-100.26373,0.335879
48483,Wheeler County,Texas,bchrrr,35.352533,-100.263467,1058554,35.34952,-100.26373,0.335879
48483,Wheeler County,Texas,nsrdb,35.352533,-100.263467,609112,35.37,-100.26,1.967526
48485,Wichita County,Texas,wtk,33.920903,-98.552521,1148571,33.925766,-98.54242,1.077508
48485,Wichita County,Texas,bchrrr,33.920903,-98.552521,1148571,33.925766,-98.54242,1.077508
48485,Wichita County,Texas,nsrdb,33.920903,-98.552521,656000,33.93,-98.54,1.535526
48487,Wilbarger County,Texas,wtk,34.144872,-99.296957,1106380,34.140434,-99.30185,0.668055
48487,Wilbarger County,Texas,bchrrr,34.144872,-99.296957,1106380,34.140434,-99.30185,0.668055
48487,Wilbarger County,Texas,nsrdb,34.144872,-99.296957,635219,34.13,-99.3,1.677241
48489,Willacy County,Texas,wtk,26.452375,-97.777443,1180703,26.456139,-97.76816,1.014499
48489,Willacy County,Texas,bchrrr,26.452375,-97.777443,1180703,26.456139,-97.76816,1.014499
48489,Willacy County,Texas,nsrdb,26.452375,-97.777443,677131,26.45,-97.78,0.366802
48491,Williamson County,Texas,wtk,30.561,-97.716994,1190970,30.567131,-97.707,1.1749
48491,Williamson County,Texas,bchrrr,30.561,-97.716994,1190970,30.567131,-97.707,1.1749
48491,Williamson County,Texas,nsrdb,30.561,-97.716994,679240,30.57,-97.7,1.910209
48493,Wilson County,Texas,wtk,29.231354,-98.142979,1162078,29.226982,-98.14697,0.621545
48493,Wilson County,Texas,bchrrr,29.231354,-98.142979,1162078,29.226982,-98.14697,0.621545
48493,Wilson County,Texas,nsrdb,29.231354,-98.142979,667116,29.25,-98.14,2.093394
48495,Winkler County,Texas,wtk,31.842332,-103.099192,904872,31.834713,-103.10303,0.921513
48495,Winkler County,Texas,bchrrr,31.842332,-103.099192,904872,31.834713,-103.10303,0.921513
48495,Winkler County,Texas,nsrdb,31.842332,-103.099192,533553,31.85,-103.1,0.856053
48497,Wise County,Texas,wtk,33.161778,-97.629996,1199931,33.161217,-97.62106,0.834143
48497,Wise County,Texas,bchrrr,33.161778,-97.629996,1199931,33.161217,-97.62106,0.834143
48497,Wise County,Texas,nsrdb,33.161778,-97.629996,681387,33.17,-97.62,1.304434
48499,Wood County,Texas,wtk,32.776036,-95.400088,1327944,32.772648,-95.40509,0.600522
48499,Wood County,Texas,bchrrr,32.776036,-95.400088,1327944,32.772648,-95.40509,0.600522
48499,Wood County,Texas,nsrdb,32.776036,-95.400088,733431,32.77,-95.42,1.978968
48501,Yoakum County,Texas,wtk,33.022609,-102.83313,923915,33.02135,-102.83685,0.374014
48501,Yoakum County,Texas,bchrrr,33.022609,-102.83313,923915,33.02135,-102.83685,0.374014
48501,Yoakum County,Texas,nsrdb,33.022609,-102.83313,540892,33.01,-102.82,1.861316
48503,Young County,Texas,wtk,33.164281,-98.624277,1142286,33.157223,-98.62213,0.809862
48503,Young County,Texas,bchrrr,33.164281,-98.624277,1142286,33.157223,-98.62213,0.809862
48503,Young County,Texas,nsrdb,33.164281,-98.624277,653823,33.17,-98.62,0.750255
48505,Zapata County,Texas,wtk,26.903431,-99.26603,1087566,26.909924,-99.27118,0.884333
48505,Zapata County,Texas,bchrrr,26.903431,-99.26603,1087566,26.909924,-99.27118,0.884333
48505,Zapata County,Texas,nsrdb,26.903431,-99.26603,636490,26.89,-99.26,1.608726
48507,Zavala County,Texas,wtk,28.74941,-99.810139,1061667,28.742893,-99.806274,0.816769
48507,Zavala County,Texas,bchrrr,28.74941,-99.810139,1061667,28.742893,-99.806274,0.816769
48507,Zavala County,Texas,nsrdb,28.74941,-99.810139,621206,28.73,-99.82,2.362747
49001,Beaver County,Utah,wtk,38.298081,-112.762614,533937,38.293102,-112.7576,0.705677
49001,Beaver County,Utah,bchrrr,38.298081,-112.762614,533937,38.293102,-112.7576,0.705677
49001,Beaver County,Utah,nsrdb,38.298081,-112.762614,308178,38.29,-112.78,1.763398
49003,Box Elder County,Utah,wtk,41.592635,-112.09858,595692,41.597977,-112.098755,0.594182
49003,Box Elder County,Utah,bchrrr,41.592635,-112.09858,595692,41.597977,-112.098755,0.594182
49003,Box Elder County,Utah,nsrdb,41.592635,-112.09858,322632,41.61,-112.1,1.934509
49005,Cache County,Utah,wtk,41.745426,-111.83972,607400,41.751446,-111.83566,0.749356
49005,Cache County,Utah,bchrrr,41.745426,-111.83972,607400,41.751446,-111.83566,0.749356
49005,Cache County,Utah,nsrdb,41.745426,-111.83972,328727,41.73,-111.82,2.370555
49007,Carbon County,Utah,wtk,39.602446,-110.777614,626762,39.599045,-110.787704,0.943574
49007,Carbon County,Utah,bchrrr,39.602446,-110.777614,626762,39.599045,-110.787704,0.943574
49007,Carbon County,Utah,nsrdb,39.602446,-110.777614,351724,39.61,-110.78,0.864481
49009,Daggett County,Utah,wtk,40.967095,-109.647155,683657,40.96082,-109.650635,0.756462
49009,Daggett County,Utah,bchrrr,40.967095,-109.647155,683657,40.96082,-109.650635,0.756462
49009,Daggett County,Utah,nsrdb,40.967095,-109.647155,376437,40.97,-109.66,1.125803
49011,Davis County,Utah,wtk,41.01994,-111.960955,594684,41.011726,-111.96561,0.993354
49011,Davis County,Utah,bchrrr,41.01994,-111.960955,594684,41.011726,-111.96561,0.993354
49011,Davis County,Utah,nsrdb,41.01994,-111.960955,325257,41.01,-111.98,1.942911
49013,Duchesne County,Utah,wtk,40.289458,-110.162303,657920,40.28928,-110.16568,0.287114
49013,Duchesne County,Utah,bchrrr,40.289458,-110.162303,657920,40.28928,-110.16568,0.287114
49013,Duchesne County,Utah,nsrdb,40.289458,-110.162303,364965,40.29,-110.18,1.502231
49015,Emery County,Utah,wtk,39.21758,-110.93004,617004,39.219006,-110.93924,0.808264
49015,Emery County,Utah,bchrrr,39.21758,-110.93004,617004,39.219006,-110.93924,0.808264
49015,Emery County,Utah,nsrdb,39.21758,-110.93004,348137,39.21,-110.94,1.202797
49017,Garfield County,Utah,wtk,37.76544,-112.100445,555440,37.76105,-112.09021,1.023602
49017,Garfield County,Utah,bchrrr,37.76544,-112.100445,555440,37.76105,-112.09021,1.023602
49017,Garfield County,Utah,nsrdb,37.76544,-112.100445,322728,37.77,-112.1,0.508556
49019,Grand County,Utah,wtk,38.569065,-109.528715,667454,38.569626,-109.533264,0.400372
49019,Grand County,Utah,bchrrr,38.569065,-109.528715,667454,38.569626,-109.533264,0.400372
49019,Grand County,Utah,nsrdb,38.569065,-109.528715,379174,38.57,-109.54,0.98659
49021,Iron County,Utah,wtk,37.708863,-113.076129,514371,37.710014,-113.07831,0.230631
49021,Iron County,Utah,bchrrr,37.708863,-113.076129,514371,37.710014,-113.07831,0.230631
49021,Iron County,Utah,nsrdb,37.708863,-113.076129,302394,37.69,-113.06,2.532405
49023,Juab County,Utah,wtk,39.748397,-111.878698,584859,39.75663,-111.88196,0.957
49023,Juab County,Utah,bchrrr,39.748397,-111.878698,584859,39.75663,-111.88196,0.957
49023,Juab County,Utah,nsrdb,39.748397,-111.878698,327903,39.73,-111.86,2.5963
49025,Kane County,Utah,wtk,37.112165,-112.452981,533872,37.119152,-112.445465,1.023593
49025,Kane County,Utah,bchrrr,37.112165,-112.452981,533872,37.119152,-112.445465,1.023593
49025,Kane County,Utah,nsrdb,37.112165,-112.452981,314949,37.13,-112.46,2.078516
49027,Millard County,Utah,wtk,39.209255,-112.485827,554541,39.205807,-112.49515,0.890084
49027,Millard County,Utah,bchrrr,39.209255,-112.485827,554541,39.205807,-112.49515,0.890084
49027,Millard County,Utah,nsrdb,39.209255,-112.485827,314052,39.21,-112.5,1.223927
49029,Morgan County,Utah,wtk,41.083678,-111.725016,604439,41.084652,-111.73386,0.74911
49029,Morgan County,Utah,bchrrr,41.083678,-111.725016,604439,41.084652,-111.73386,0.74911
49029,Morgan County,Utah,nsrdb,41.083678,-111.725016,330491,41.09,-111.74,1.439168
49031,Piute County,Utah,wtk,38.277169,-112.214356,555468,38.267704,-112.22174,1.234172
49031,Piute County,Utah,bchrrr,38.277169,-112.214356,555468,38.267704,-112.22174,1.234172
49031,Piute County,Utah,nsrdb,38.277169,-112.214356,320098,38.29,-112.22,1.509397
49033,Rich County,Utah,wtk,41.776489,-111.286019,628828,41.7757,-111.283356,0.237617
49033,Rich County,Utah,bchrrr,41.776489,-111.286019,628828,41.7757,-111.283356,0.237617
49033,Rich County,Utah,nsrdb,41.776489,-111.286019,340088,41.77,-111.3,1.365602
49035,Salt Lake County,Utah,wtk,40.638515,-111.927671,592713,40.64044,-111.91666,0.953418
49035,Salt Lake County,Utah,bchrrr,40.638515,-111.927671,592713,40.64044,-111.91666,0.953418
49035,Salt Lake County,Utah,nsrdb,40.638515,-111.927671,326136,40.65,-111.94,1.647109
49037,San Juan County,Utah,wtk,37.5205,-109.544698,657768,37.518955,-109.54346,0.203556
49037,San Juan County,Utah,bchrrr,37.5205,-109.544698,657768,37.518955,-109.54346,0.203556
49037,San Juan County,Utah,nsrdb,37.5205,-109.544698,379200,37.53,-109.54,1.134694
49039,Sanpete County,Utah,wtk,39.384536,-111.604923,591669,39.38224,-111.61365,0.792299
49039,Sanpete County,Utah,bchrrr,39.384536,-111.604923,591669,39.38224,-111.61365,0.792299
49039,Sanpete County,Utah,nsrdb,39.384536,-111.604923,333145,39.37,-111.62,2.071687
49041,Sevier County,Utah,wtk,38.771787,-112.044556,568203,38.768673,-112.03897,0.595333
49041,Sevier County,Utah,bchrrr,38.771787,-112.044556,568203,38.768673,-112.03897,0.595333
49041,Sevier County,Utah,nsrdb,38.771787,-112.044556,323572,38.77,-112.06,1.353566
49043,Summit County,Utah,wtk,40.726851,-111.470986,611241,40.727306,-111.4653,0.481803
49043,Summit County,Utah,bchrrr,40.726851,-111.470986,611241,40.727306,-111.4653,0.481803
49043,Summit County,Utah,nsrdb,40.726851,-111.470986,336606,40.73,-111.46,0.989742
49045,Tooele County,Utah,wtk,40.568238,-112.363038,574163,40.569824,-112.37167,0.750138
49045,Tooele County,Utah,bchrrr,40.568238,-112.363038,574163,40.569824,-112.37167,0.750138
49045,Tooele County,Utah,nsrdb,40.568238,-112.363038,316569,40.57,-112.38,1.446051
49047,Uintah County,Utah,wtk,40.426452,-109.590209,681738,40.42405,-109.578766,1.004771
49047,Uintah County,Utah,bchrrr,40.426452,-109.590209,681738,40.42405,-109.578766,1.004771
49047,Uintah County,Utah,nsrdb,40.426452,-109.590209,378231,40.41,-109.58,2.023259
49049,Utah County,Utah,wtk,40.278299,-111.750048,595620,40.287518,-111.749115,1.028158
49049,Utah County,Utah,bchrrr,40.278299,-111.750048,595620,40.287518,-111.749115,1.028158
49049,Utah County,Utah,nsrdb,40.278299,-111.750048,330511,40.29,-111.74,1.555408
49051,Wasatch County,Utah,wtk,40.511437,-111.412192,611229,40.508736,-111.40907,0.399831
49051,Wasatch County,Utah,bchrrr,40.511437,-111.412192,611229,40.508736,-111.40907,0.399831
49051,Wasatch County,Utah,nsrdb,40.511437,-111.412192,337488,40.53,-111.42,2.167061
49053,Washington County,Utah,wtk,37.130184,-113.524028,489152,37.12077,-113.533554,1.345005
49053,Washington County,Utah,bchrrr,37.130184,-113.524028,489152,37.12077,-113.533554,1.345005
49053,Washington County,Utah,nsrdb,37.130184,-113.524028,292642,37.13,-113.54,1.4161
49055,Wayne County,Utah,wtk,38.361712,-111.473963,586734,38.365894,-111.47806,0.586375
49055,Wayne County,Utah,bchrrr,38.361712,-111.473963,586734,38.365894,-111.47806,0.586375
49055,Wayne County,Utah,nsrdb,38.361712,-111.473963,336665,38.37,-111.46,1.526846
49057,Weber County,Utah,wtk,41.227609,-111.992689,595672,41.233837,-112.00009,0.928785
49057,Weber County,Utah,bchrrr,41.227609,-111.992689,595672,41.233837,-112.00009,0.928785
49057,Weber County,Utah,nsrdb,41.227609,-111.992689,325252,41.21,-111.98,2.227172
50001,Addison County,Vermont,wtk,44.060551,-73.165357,2284738,44.05493,-73.161804,0.68649
50001,Addison County,Vermont,bchrrr,44.060551,-73.165357,2284738,44.05493,-73.161804,0.68649
50001,Addison County,Vermont,nsrdb,44.060551,-73.165357,1270619,44.05,-73.18,1.65702
50003,Bennington County,Vermont,wtk,42.980342,-73.148499,2300691,42.983387,-73.1405,0.733516
50003,Bennington County,Vermont,bchrrr,42.980342,-73.148499,2300691,42.983387,-73.1405,0.733516
50003,Bennington County,Vermont,nsrdb,42.980342,-73.148499,1271932,42.97,-73.14,1.341844
50005,Caledonia County,Vermont,wtk,44.466492,-72.076402,2316658,44.461178,-72.068054,0.887719
50005,Caledonia County,Vermont,bchrrr,44.466492,-72.076402,2316658,44.461178,-72.068054,0.887719
50005,Caledonia County,Vermont,nsrdb,44.466492,-72.076402,1306794,44.45,-72.06,2.248898
50007,Chittenden County,Vermont,wtk,44.480275,-73.149825,2279114,44.479534,-73.15051,0.098704
50007,Chittenden County,Vermont,bchrrr,44.480275,-73.149825,2279114,44.479534,-73.15051,0.098704
50007,Chittenden County,Vermont,nsrdb,44.480275,-73.149825,1271894,44.49,-73.14,1.332989
50009,Essex County,Vermont,wtk,44.66368,-71.741554,2324811,44.660522,-71.73486,0.635293
50009,Essex County,Vermont,bchrrr,44.66368,-71.741554,2324811,44.660522,-71.73486,0.635293
50009,Essex County,Vermont,nsrdb,44.66368,-71.741554,1317240,44.65,-71.74,1.526107
50011,Franklin County,Vermont,wtk,44.836316,-72.997535,2279134,44.8369,-73.002625,0.40657
50011,Franklin County,Vermont,bchrrr,44.836316,-72.997535,2279134,44.8369,-73.002625,0.40657
50011,Franklin County,Vermont,nsrdb,44.836316,-72.997535,1277068,44.85,-72.98,2.055851
50013,Grand Isle County,Vermont,wtk,44.796232,-73.298697,2269724,44.799973,-73.291565,0.699796
50013,Grand Isle County,Vermont,bchrrr,44.796232,-73.298697,2269724,44.799973,-73.291565,0.699796
50013,Grand Isle County,Vermont,nsrdb,44.796232,-73.298697,1266754,44.81,-73.3,1.534382
50015,Lamoille County,Vermont,wtk,44.583722,-72.655641,2295128,44.58585,-72.642914,1.035312
50015,Lamoille County,Vermont,bchrrr,44.583722,-72.655641,2295128,44.58585,-72.642914,1.035312
50015,Lamoille County,Vermont,nsrdb,44.583722,-72.655641,1287447,44.57,-72.66,1.564393
50017,Orange County,Vermont,wtk,43.996143,-72.392796,2312018,44.007572,-72.39761,1.327899
50017,Orange County,Vermont,bchrrr,43.996143,-72.392796,2312018,44.007572,-72.39761,1.327899
50017,Orange County,Vermont,nsrdb,43.996143,-72.392796,1296478,44.01,-72.38,1.849765
50019,Orleans County,Vermont,wtk,44.862553,-72.225465,2305508,44.865093,-72.22241,0.371137
50019,Orleans County,Vermont,bchrrr,44.862553,-72.225465,2305508,44.865093,-72.22241,0.371137
50019,Orleans County,Vermont,nsrdb,44.862553,-72.225465,1301616,44.85,-72.22,1.460791
50021,Rutland County,Vermont,wtk,43.602593,-73.0413,2295073,43.60417,-73.04956,0.687822
50021,Rutland County,Vermont,bchrrr,43.602593,-73.0413,2295073,43.60417,-73.04956,0.687822
50021,Rutland County,Vermont,nsrdb,43.602593,-73.0413,1274502,43.61,-73.06,1.716196
50023,Washington County,Vermont,wtk,44.243302,-72.587099,2301704,44.245106,-72.5957,0.713893
50023,Washington County,Vermont,bchrrr,44.243302,-72.587099,2301704,44.245106,-72.5957,0.713893
50023,Washington County,Vermont,nsrdb,44.243302,-72.587099,1290038,44.25,-72.58,0.935121
50025,Windham County,Vermont,wtk,42.952906,-72.627836,2319311,42.948776,-72.62399,0.555768
50025,Windham County,Vermont,bchrrr,42.952906,-72.627836,2319311,42.948776,-72.62399,0.555768
50025,Windham County,Vermont,nsrdb,42.952906,-72.627836,1288778,42.97,-72.62,2.004873
50027,Windsor County,Vermont,wtk,43.547306,-72.490545,2315688,43.540504,-72.48584,0.846092
50027,Windsor County,Vermont,bchrrr,43.547306,-72.490545,2315688,43.540504,-72.48584,0.846092
50027,Windsor County,Vermont,nsrdb,43.547306,-72.490545,1292630,43.53,-72.5,2.069768
51001,Accomack County,Virginia,wtk,37.789056,-75.629229,2277799,37.79275,-75.63281,0.517433
51001,Accomack County,Virginia,bchrrr,37.789056,-75.629229,2277799,37.79275,-75.63281,0.517433
51001,Accomack County,Virginia,nsrdb,37.789056,-75.629229,1191889,37.77,-75.62,2.268867
51003,Albemarle County,Virginia,wtk,38.052436,-78.519223,2144042,38.05539,-78.514404,0.534724
51003,Albemarle County,Virginia,bchrrr,38.052436,-78.519223,2144042,38.05539,-78.514404,0.534724
51003,Albemarle County,Virginia,nsrdb,38.052436,-78.519223,1100759,38.05,-78.5,1.704854
51005,Alleghany County,Virginia,wtk,37.802456,-79.929817,2081779,37.80091,-79.92337,0.591941
51005,Alleghany County,Virginia,bchrrr,37.802456,-79.929817,2081779,37.80091,-79.92337,0.591941
51005,Alleghany County,Virginia,nsrdb,37.802456,-79.929817,1066010,37.81,-79.94,1.226384
51007,Amelia County,Virginia,wtk,37.341629,-77.974024,2179430,37.335434,-77.97833,0.787044
51007,Amelia County,Virginia,bchrrr,37.341629,-77.974024,2179430,37.335434,-77.97833,0.787044
51007,Amelia County,Virginia,nsrdb,37.341629,-77.974024,1115207,37.33,-77.98,1.396861
51009,Amherst County,Virginia,wtk,37.51889,-79.103494,2123982,37.512985,-79.09442,1.035195
51009,Amherst County,Virginia,bchrrr,37.51889,-79.103494,2123982,37.512985,-79.09442,1.035195
51009,Amherst County,Virginia,nsrdb,37.51889,-79.103494,1085685,37.53,-79.1,1.273225
51011,Appomattox County,Virginia,wtk,37.360191,-78.837034,2138437,37.354176,-78.828705,0.994625
51011,Appomattox County,Virginia,bchrrr,37.360191,-78.837034,2138437,37.354176,-78.828705,0.994625
51011,Appomattox County,Virginia,nsrdb,37.360191,-78.837034,1092575,37.37,-78.82,1.859
51013,Arlington County,Virginia,wtk,38.874744,-77.099878,2199278,38.882263,-77.106995,1.038539
51013,Arlington County,Virginia,bchrrr,38.874744,-77.099878,2199278,38.882263,-77.106995,1.038539
51013,Arlington County,Virginia,nsrdb,38.874744,-77.099878,1142843,38.89,-77.1,1.696425
51015,Augusta County,Virginia,wtk,38.127146,-79.031028,2119568,38.12413,-79.023865,0.710672
51015,Augusta County,Virginia,bchrrr,38.127146,-79.031028,2119568,38.12413,-79.023865,0.710672
51015,Augusta County,Virginia,nsrdb,38.127146,-79.031028,1087635,38.13,-79.02,1.015471
51017,Bath County,Virginia,wtk,38.019034,-79.758898,2087341,38.017567,-79.74771,0.993563
51017,Bath County,Virginia,bchrrr,38.019034,-79.758898,2087341,38.017567,-79.74771,0.993563
51017,Bath County,Virginia,nsrdb,38.019034,-79.758898,1070770,38.01,-79.74,1.936493
51019,Bedford County,Virginia,wtk,37.3202,-79.485268,2108406,37.313885,-79.47983,0.851083
51019,Bedford County,Virginia,bchrrr,37.3202,-79.485268,2108406,37.313885,-79.47983,0.851083
51019,Bedford County,Virginia,nsrdb,37.3202,-79.485268,1076400,37.33,-79.5,1.698344
51021,Bland County,Virginia,wtk,37.15007,-81.087221,2036285,37.153446,-81.078125,0.889268
51021,Bland County,Virginia,bchrrr,37.15007,-81.087221,2036285,37.153446,-81.078125,0.889268
51021,Bland County,Virginia,nsrdb,37.15007,-81.087221,1039487,37.17,-81.1,2.488693
51023,Botetourt County,Virginia,wtk,37.446433,-79.853093,2089530,37.449646,-79.84741,0.615898
51023,Botetourt County,Virginia,bchrrr,37.446433,-79.853093,2089530,37.449646,-79.84741,0.615898
51023,Botetourt County,Virginia,nsrdb,37.446433,-79.853093,1067926,37.45,-79.86,0.72739
51025,Brunswick County,Virginia,wtk,36.758265,-77.863271,2193347,36.76509,-77.858215,0.882495
51025,Brunswick County,Virginia,bchrrr,36.758265,-77.863271,2193347,36.76509,-77.858215,0.882495
51025,Brunswick County,Virginia,nsrdb,36.758265,-77.863271,1118780,36.77,-77.86,1.337011
51027,Buchanan County,Virginia,wtk,37.264116,-82.059144,1992198,37.259247,-82.06561,0.787761
51027,Buchanan County,Virginia,bchrrr,37.264116,-82.059144,1992198,37.259247,-82.06561,0.787761
51027,Buchanan County,Virginia,nsrdb,37.264116,-82.059144,1018995,37.25,-82.06,1.571457
51029,Buckingham County,Virginia,wtk,37.58016,-78.48508,2151879,37.576824,-78.481415,0.491848
51029,Buckingham County,Virginia,bchrrr,37.58016,-78.48508,2151879,37.576824,-78.481415,0.491848
51029,Buckingham County,Virginia,nsrdb,37.58016,-78.48508,1100771,37.57,-78.5,1.733554
51031,Campbell County,Virginia,wtk,37.261491,-79.169096,2123968,37.260498,-79.162415,0.601481
51031,Campbell County,Virginia,bchrrr,37.261491,-79.169096,2123968,37.260498,-79.162415,0.601481
51031,Campbell County,Virginia,nsrdb,37.261491,-79.169096,1083746,37.25,-79.18,1.601237
51033,Caroline County,Virginia,wtk,38.008701,-77.438644,2195741,38.013935,-77.44391,0.742673
51033,Caroline County,Virginia,bchrrr,38.008701,-77.438644,2195741,38.013935,-77.44391,0.742673
51033,Caroline County,Virginia,nsrdb,38.008701,-77.438644,1132655,38.01,-77.42,1.639807
51035,Carroll County,Virginia,wtk,36.713039,-80.762148,2055237,36.711338,-80.76126,0.205038
51035,Carroll County,Virginia,bchrrr,36.713039,-80.762148,2055237,36.711338,-80.76126,0.205038
51035,Carroll County,Virginia,nsrdb,36.713039,-80.762148,1046725,36.73,-80.78,2.467507
51036,Charles City County,Virginia,wtk,37.383395,-77.101471,2221246,37.381237,-77.10687,0.533986
51036,Charles City County,Virginia,bchrrr,37.383395,-77.101471,2221246,37.381237,-77.10687,0.533986
51036,Charles City County,Virginia,nsrdb,37.383395,-77.101471,1142881,37.37,-77.1,1.495119
51037,Charlotte County,Virginia,wtk,37.022057,-78.630318,2151848,37.018726,-78.63669,0.676178
51037,Charlotte County,Virginia,bchrrr,37.022057,-78.630318,2151848,37.018726,-78.63669,0.676178
51037,Charlotte County,Virginia,nsrdb,37.022057,-78.630318,1097633,37.01,-78.62,1.623774
51041,Chesterfield County,Virginia,wtk,37.418313,-77.556204,2199196,37.408375,-77.55209,1.163258
51041,Chesterfield County,Virginia,bchrrr,37.418313,-77.556204,2199196,37.408375,-77.55209,1.163258
51041,Chesterfield County,Virginia,nsrdb,37.418313,-77.556204,1128792,37.41,-77.54,1.70368
51043,Clarke County,Virginia,wtk,39.129413,-77.987446,2154240,39.13725,-77.98413,0.917171
51043,Clarke County,Virginia,bchrrr,39.129413,-77.987446,2154240,39.13725,-77.98413,0.917171
51043,Clarke County,Virginia,nsrdb,39.129413,-77.987446,1115162,39.13,-77.98,0.645572
51045,Craig County,Virginia,wtk,37.475402,-80.173693,2073993,37.482803,-80.1709,0.859067
51045,Craig County,Virginia,bchrrr,37.475402,-80.173693,2073993,37.482803,-80.1709,0.859067
51045,Craig County,Virginia,nsrdb,37.475402,-80.173693,1060315,37.49,-80.18,1.715975
51047,Culpeper County,Virginia,wtk,38.498239,-77.999045,2162200,38.495197,-78.00214,0.432393
51047,Culpeper County,Virginia,bchrrr,38.498239,-77.999045,2162200,38.495197,-78.00214,0.432393
51047,Culpeper County,Virginia,nsrdb,38.498239,-77.999045,1115178,38.49,-77.98,1.893811
51049,Cumberland County,Virginia,wtk,37.481358,-78.258559,2163292,37.482533,-78.26962,0.98471
51049,Cumberland County,Virginia,bchrrr,37.481358,-78.258559,2163292,37.482533,-78.26962,0.98471
51049,Cumberland County,Virginia,nsrdb,37.481358,-78.258559,1107264,37.49,-78.26,0.969323
51051,Dickenson County,Virginia,wtk,37.14337,-82.378744,1980118,37.133663,-82.37488,1.132412
51051,Dickenson County,Virginia,bchrrr,37.14337,-82.378744,1980118,37.133663,-82.37488,1.132412
51051,Dickenson County,Virginia,nsrdb,37.14337,-82.378744,1012432,37.13,-82.38,1.490841
51053,Dinwiddie County,Virginia,wtk,37.135655,-77.560467,2202670,37.144436,-77.55847,0.99232
51053,Dinwiddie County,Virginia,bchrrr,37.135655,-77.560467,2202670,37.144436,-77.55847,0.99232
51053,Dinwiddie County,Virginia,nsrdb,37.135655,-77.560467,1127519,37.13,-77.58,1.842219
51057,Essex County,Virginia,wtk,37.908782,-76.901398,2223588,37.910667,-76.89722,0.422237
51057,Essex County,Virginia,bchrrr,37.908782,-76.901398,2223588,37.910667,-76.89722,0.422237
51057,Essex County,Virginia,nsrdb,37.908782,-76.901398,1149230,37.89,-76.9,2.092065
51059,Fairfax County,Virginia,wtk,38.844735,-77.259163,2192300,38.85413,-77.26227,1.07877
51059,Fairfax County,Virginia,bchrrr,38.844735,-77.259163,2192300,38.85413,-77.26227,1.07877
51059,Fairfax County,Virginia,nsrdb,38.844735,-77.259163,1137779,38.85,-77.26,0.589912
51061,Fauquier County,Virginia,wtk,38.6955,-77.774177,2170254,38.70043,-77.77173,0.587886
51061,Fauquier County,Virginia,bchrrr,38.6955,-77.774177,2170254,38.70043,-77.77173,0.587886
51061,Fauquier County,Virginia,nsrdb,38.6955,-77.774177,1121174,38.69,-77.78,0.793361
51063,Floyd County,Virginia,wtk,36.943205,-80.342292,2071745,36.947598,-80.35193,0.986014
51063,Floyd County,Virginia,bchrrr,36.943205,-80.342292,2071745,36.947598,-80.35193,0.986014
51063,Floyd County,Virginia,nsrdb,36.943205,-80.342292,1056680,36.93,-80.34,1.482394
51065,Fluvanna County,Virginia,wtk,37.888631,-78.301835,2156448,37.88495,-78.298676,0.494357
51065,Fluvanna County,Virginia,bchrrr,37.888631,-78.301835,2156448,37.88495,-78.298676,0.494357
51065,Fluvanna County,Virginia,nsrdb,37.888631,-78.301835,1106156,37.89,-78.3,0.221593
51067,Franklin County,Virginia,wtk,37.020907,-79.857499,2093948,37.01944,-79.86331,0.54108
51067,Franklin County,Virginia,bchrrr,37.020907,-79.857499,2093948,37.01944,-79.86331,0.54108
51067,Franklin County,Virginia,nsrdb,37.020907,-79.857499,1067937,37.01,-79.86,1.232965
51069,Frederick County,Virginia,wtk,39.166275,-78.188388,2144104,39.174202,-78.193665,0.991911
51069,Frederick County,Virginia,bchrrr,39.166275,-78.188388,2144104,39.174202,-78.193665,0.991911
51069,Frederick County,Virginia,nsrdb,39.166275,-78.188388,1109435,39.17,-78.18,0.833348
51071,Giles County,Virginia,wtk,37.318524,-80.717794,2050993,37.322346,-80.70758,0.9982
51071,Giles County,Virginia,bchrrr,37.318524,-80.717794,2050993,37.322346,-80.70758,0.9982
51071,Giles County,Virginia,nsrdb,37.318524,-80.717794,1048521,37.33,-80.7,2.025838
51073,Gloucester County,Virginia,wtk,37.37631,-76.529512,2247552,37.38372,-76.532715,0.871205
51073,Gloucester County,Virginia,bchrrr,37.37631,-76.529512,2247552,37.38372,-76.532715,0.871205
51073,Gloucester County,Virginia,nsrdb,37.37631,-76.529512,1160932,37.37,-76.54,1.162428
51075,Goochland County,Virginia,wtk,37.700043,-77.837684,2180612,37.708878,-77.84625,1.238155
51075,Goochland County,Virginia,bchrrr,37.700043,-77.837684,2180612,37.708878,-77.84625,1.238155
51075,Goochland County,Virginia,nsrdb,37.700043,-77.837684,1119975,37.69,-77.82,1.915217
51077,Grayson County,Virginia,wtk,36.645606,-81.114594,2040434,36.651043,-81.10272,1.219697
51077,Grayson County,Virginia,bchrrr,36.645606,-81.114594,2040434,36.651043,-81.10272,1.219697
51077,Grayson County,Virginia,nsrdb,36.645606,-81.114594,1039500,36.65,-81.1,1.390646
51079,Greene County,Virginia,wtk,38.250659,-78.419689,2146283,38.245735,-78.412415,0.838612
51079,Greene County,Virginia,bchrrr,38.250659,-78.419689,2146283,38.245735,-78.412415,0.838612
51079,Greene County,Virginia,nsrdb,38.250659,-78.419689,1102886,38.25,-78.42,0.078148
51081,Greensville County,Virginia,wtk,36.723793,-77.536767,2209620,36.72462,-77.53967,0.274587
51081,Greensville County,Virginia,bchrrr,36.723793,-77.536767,2209620,36.72462,-77.53967,0.274587
51081,Greensville County,Virginia,nsrdb,36.723793,-77.536767,1128809,36.73,-77.54,0.747917
51083,Halifax County,Virginia,wtk,36.748534,-78.926882,2141743,36.74818,-78.92273,0.372021
51083,Halifax County,Virginia,bchrrr,36.748534,-78.926882,2141743,36.74818,-78.92273,0.372021
51083,Halifax County,Virginia,nsrdb,36.748534,-78.926882,1089631,36.73,-78.94,2.369311
51085,Hanover County,Virginia,wtk,37.686951,-77.418164,2201537,37.687263,-77.42148,0.293848
51085,Hanover County,Virginia,bchrrr,37.686951,-77.418164,2201537,37.687263,-77.42148,0.293848
51085,Hanover County,Virginia,nsrdb,37.686951,-77.418164,1132663,37.69,-77.42,0.375559
51087,Henrico County,Virginia,wtk,37.604639,-77.498633,2199207,37.60592,-77.49359,0.466527
51087,Henrico County,Virginia,bchrrr,37.604639,-77.498633,2199207,37.60592,-77.49359,0.466527
51087,Henrico County,Virginia,nsrdb,37.604639,-77.498633,1130083,37.61,-77.5,0.608158
51089,Henry County,Virginia,wtk,36.690113,-79.902358,2096151,36.687244,-79.90106,0.339365
51089,Henry County,Virginia,bchrrr,36.690113,-79.902358,2096151,36.687244,-79.90106,0.339365
51089,Henry County,Virginia,nsrdb,36.690113,-79.902358,1066994,36.69,-79.9,0.210626
51091,Highland County,Virginia,wtk,38.386566,-79.570489,2090693,38.386307,-79.57861,0.708406
51091,Highland County,Virginia,bchrrr,38.386566,-79.570489,2090693,38.386307,-79.57861,0.708406
51091,Highland County,Virginia,nsrdb,38.386566,-79.570489,1074519,38.37,-79.58,2.020031
51093,Isle of Wight County,Virginia,wtk,36.924551,-76.644629,2248511,36.93195,-76.64905,0.911766
51093,Isle of Wight County,Virginia,bchrrr,36.924551,-76.644629,2248511,36.93195,-76.64905,0.911766
51093,Isle of Wight County,Virginia,nsrdb,36.924551,-76.644629,1157020,36.93,-76.66,1.494636
51095,James City County,Virginia,wtk,37.297936,-76.759905,2239346,37.293713,-76.75171,0.863711
51095,James City County,Virginia,bchrrr,37.297936,-76.759905,2239346,37.293713,-76.75171,0.863711
51095,James City County,Virginia,nsrdb,37.297936,-76.759905,1154420,37.29,-76.74,1.969543
51097,King and Queen County,Virginia,wtk,37.69798,-76.891499,2227042,37.700256,-76.88986,0.291279
51097,King and Queen County,Virginia,bchrrr,37.69798,-76.891499,2227042,37.700256,-76.88986,0.291279
51097,King and Queen County,Virginia,nsrdb,37.69798,-76.891499,1149235,37.69,-76.9,1.160535
51099,King George County,Virginia,wtk,38.290179,-77.163636,2205057,38.285294,-77.16867,0.698633
51099,King George County,Virginia,bchrrr,38.290179,-77.163636,2205057,38.285294,-77.16867,0.698633
51099,King George County,Virginia,nsrdb,38.290179,-77.163636,1140325,38.29,-77.18,1.42831
51101,King William County,Virginia,wtk,37.70564,-77.062824,2218949,37.71274,-77.05408,1.102252
51101,King William County,Virginia,bchrrr,37.70564,-77.062824,2218949,37.71274,-77.05408,1.102252
51101,King William County,Virginia,nsrdb,37.70564,-77.062824,1144138,37.69,-77.06,1.75675
51103,Lancaster County,Virginia,wtk,37.703956,-76.435916,2247570,37.705994,-76.43161,0.441426
51103,Lancaster County,Virginia,bchrrr,37.703956,-76.435916,2247570,37.705994,-76.43161,0.441426
51103,Lancaster County,Virginia,nsrdb,37.703956,-76.435916,1164914,37.69,-76.42,2.090259
51105,Lee County,Virginia,wtk,36.714436,-83.102497,1953505,36.706944,-83.09488,1.074726
51105,Lee County,Virginia,bchrrr,36.714436,-83.102497,1953505,36.706944,-83.09488,1.074726
51105,Lee County,Virginia,nsrdb,36.714436,-83.102497,997601,36.73,-83.1,1.744891
51107,Loudoun County,Virginia,wtk,39.034344,-77.517574,2177202,39.035587,-77.5249,0.647681
51107,Loudoun County,Virginia,bchrrr,39.034344,-77.517574,2177202,39.035587,-77.5249,0.647681
51107,Loudoun County,Virginia,nsrdb,39.034344,-77.517574,1130047,39.05,-77.5,2.309586
51109,Louisa County,Virginia,wtk,37.982293,-77.971469,2170214,37.980003,-77.983246,1.063145
51109,Louisa County,Virginia,bchrrr,37.982293,-77.971469,2170214,37.980003,-77.983246,1.063145
51109,Louisa County,Virginia,nsrdb,37.982293,-77.971469,1115191,37.97,-77.98,1.558079
51111,Lunenburg County,Virginia,wtk,36.969988,-78.216652,2172460,36.96453,-78.22641,1.058249
51111,Lunenburg County,Virginia,bchrrr,36.969988,-78.216652,2172460,36.96453,-78.22641,1.058249
51111,Lunenburg County,Virginia,nsrdb,36.969988,-78.216652,1108379,36.97,-78.22,0.297437
51113,Madison County,Virginia,wtk,38.376148,-78.234579,2153060,38.383736,-78.22809,1.015798
51113,Madison County,Virginia,bchrrr,38.376148,-78.234579,2153060,38.383736,-78.22809,1.015798
51113,Madison County,Virginia,nsrdb,38.376148,-78.234579,1108344,38.37,-78.22,1.443124
51115,Mathews County,Virginia,wtk,37.44524,-76.342352,2254280,37.44197,-76.34689,0.541032
51115,Mathews County,Virginia,bchrrr,37.44524,-76.342352,2254280,37.44197,-76.34689,0.541032
51115,Mathews County,Virginia,nsrdb,37.44524,-76.342352,1167608,37.45,-76.34,0.568557
51117,Mecklenburg County,Virginia,wtk,36.690417,-78.318465,2171293,36.69905,-78.324646,1.10689
51117,Mecklenburg County,Virginia,bchrrr,36.690417,-78.318465,2171293,36.69905,-78.324646,1.10689
51117,Mecklenburg County,Virginia,nsrdb,36.690417,-78.318465,1106186,36.69,-78.3,1.647082
51119,Middlesex County,Virginia,wtk,37.601288,-76.503916,2245569,37.60746,-76.51062,0.90542
51119,Middlesex County,Virginia,bchrrr,37.601288,-76.503916,2245569,37.60746,-76.51062,0.90542
51119,Middlesex County,Virginia,nsrdb,37.601288,-76.503916,1162245,37.61,-76.5,1.028321
51121,Montgomery County,Virginia,wtk,37.18948,-80.413548,2066211,37.182404,-80.4115,0.807462
51121,Montgomery County,Virginia,bchrrr,37.18948,-80.413548,2066211,37.182404,-80.4115,0.807462
51121,Montgomery County,Virginia,nsrdb,37.18948,-80.413548,1054876,37.17,-80.42,2.240232
51125,Nelson County,Virginia,wtk,37.812328,-78.873006,2130673,37.814335,-78.86917,0.404174
51125,Nelson County,Virginia,bchrrr,37.812328,-78.873006,2130673,37.814335,-78.86917,0.404174
51125,Nelson County,Virginia,nsrdb,37.812328,-78.873006,1091570,37.81,-78.86,1.17151
51127,New Kent County,Virginia,wtk,37.497971,-77.041151,2222409,37.502445,-77.0462,0.667742
51127,New Kent County,Virginia,bchrrr,37.497971,-77.041151,2222409,37.502445,-77.0462,0.667742
51127,New Kent County,Virginia,nsrdb,37.497971,-77.041151,1144143,37.49,-77.06,1.884396
51131,Northampton County,Virginia,wtk,37.388364,-75.919108,2272131,37.39165,-75.907776,1.065739
51131,Northampton County,Virginia,bchrrr,37.388364,-75.919108,2272131,37.39165,-75.907776,1.065739
51131,Northampton County,Virginia,nsrdb,37.388364,-75.919108,1182405,37.37,-75.9,2.649588
51133,Northumberland County,Virginia,wtk,37.888285,-76.408399,2246587,37.889572,-76.397705,0.949306
51133,Northumberland County,Virginia,bchrrr,37.888285,-76.408399,2246587,37.889572,-76.397705,0.949306
51133,Northumberland County,Virginia,nsrdb,37.888285,-76.408399,1164909,37.89,-76.42,1.035755
51135,Nottoway County,Virginia,wtk,37.146297,-78.078894,2177097,37.145927,-78.08017,0.120347
51135,Nottoway County,Virginia,bchrrr,37.146297,-78.078894,2177097,37.145927,-78.08017,0.120347
51135,Nottoway County,Virginia,nsrdb,37.146297,-78.078894,1112896,37.13,-78.06,2.467566
51137,Orange County,Virginia,wtk,38.271941,-77.954627,2167931,38.276363,-77.94513,0.963884
51137,Orange County,Virginia,bchrrr,38.271941,-77.954627,2167931,38.276363,-77.94513,0.963884
51137,Orange County,Virginia,nsrdb,38.271941,-77.954627,1116357,38.29,-77.94,2.379581
51139,Page County,Virginia,wtk,38.604557,-78.500492,2137393,38.60266,-78.504364,0.397118
51139,Page County,Virginia,bchrrr,38.604557,-78.500492,2137393,38.60266,-78.504364,0.397118
51139,Page County,Virginia,nsrdb,38.604557,-78.500492,1100745,38.61,-78.5,0.606743
51141,Patrick County,Virginia,wtk,36.654402,-80.284461,2078386,36.655132,-80.28372,0.104682
51141,Patrick County,Virginia,bchrrr,36.654402,-80.284461,2078386,36.655132,-80.28372,0.104682
51141,Patrick County,Virginia,nsrdb,36.654402,-80.284461,1057578,36.65,-80.3,1.470099
51143,Pittsylvania County,Virginia,wtk,36.769818,-79.411099,2118381,36.77486,-79.40918,0.586122
51143,Pittsylvania County,Virginia,bchrrr,36.769818,-79.411099,2118381,36.77486,-79.40918,0.586122
51143,Pittsylvania County,Virginia,nsrdb,36.769818,-79.411099,1078229,36.77,-79.42,0.793091
51145,Powhatan County,Virginia,wtk,37.542877,-77.875793,2181764,37.542904,-77.87067,0.451686
51145,Powhatan County,Virginia,bchrrr,37.542877,-77.875793,2181764,37.542904,-77.87067,0.451686
51145,Powhatan County,Virginia,nsrdb,37.542877,-77.875793,1118761,37.53,-77.86,1.997339
51147,Prince Edward County,Virginia,wtk,37.257791,-78.422211,2158700,37.264717,-78.42618,0.846456
51147,Prince Edward County,Virginia,bchrrr,37.257791,-78.422211,2158700,37.264717,-78.42618,0.846456
51147,Prince Edward County,Virginia,nsrdb,37.257791,-78.422211,1102911,37.25,-78.42,0.888147
51149,Prince George County,Virginia,wtk,37.219071,-77.30013,2214287,37.20971,-77.30142,1.047147
51149,Prince George County,Virginia,bchrrr,37.219071,-77.30013,2214287,37.20971,-77.30142,1.047147
51149,Prince George County,Virginia,nsrdb,37.219071,-77.30013,1136555,37.21,-77.3,1.008716
51153,Prince William County,Virginia,wtk,38.691879,-77.411684,2187636,38.69123,-77.409424,0.209
51153,Prince William County,Virginia,bchrrr,38.691879,-77.411684,2187636,38.69123,-77.409424,0.209
51153,Prince William County,Virginia,nsrdb,38.691879,-77.411684,1132638,38.69,-77.42,0.751387
51155,Pulaski County,Virginia,wtk,37.082087,-80.703753,2054183,37.076557,-80.69653,0.888083
51155,Pulaski County,Virginia,bchrrr,37.082087,-80.703753,2054183,37.076557,-80.69653,0.888083
51155,Pulaski County,Virginia,nsrdb,37.082087,-80.703753,1048527,37.09,-80.7,0.940758
51157,Rappahannock County,Virginia,wtk,38.695716,-78.123788,2154215,38.68623,-78.1163,1.238933
51157,Rappahannock County,Virginia,bchrrr,38.695716,-78.123788,2154215,38.68623,-78.1163,1.238933
51157,Rappahannock County,Virginia,nsrdb,38.695716,-78.123788,1110578,38.69,-78.14,1.543916
51159,Richmond County,Virginia,wtk,37.947367,-76.716524,2231671,37.951736,-76.71579,0.490056
51159,Richmond County,Virginia,bchrrr,37.947367,-76.716524,2231671,37.951736,-76.71579,0.490056
51159,Richmond County,Virginia,nsrdb,37.947367,-76.716524,1155695,37.93,-76.7,2.414355
51161,Roanoke County,Virginia,wtk,37.270574,-79.990176,2085079,37.26558,-79.98926,0.561193
51161,Roanoke County,Virginia,bchrrr,37.270574,-79.990176,2085079,37.26558,-79.98926,0.561193
51161,Roanoke County,Virginia,nsrdb,37.270574,-79.990176,1065059,37.29,-79.98,2.340197
51163,Rockbridge County,Virginia,wtk,37.787713,-79.427103,2105099,37.794724,-79.42401,0.825607
51163,Rockbridge County,Virginia,bchrrr,37.787713,-79.427103,2105099,37.794724,-79.42401,0.825607
51163,Rockbridge County,Virginia,nsrdb,37.787713,-79.427103,1078204,37.77,-79.42,2.06616
51165,Rockingham County,Virginia,wtk,38.452245,-78.838154,2124034,38.451664,-78.83719,0.105927
51165,Rockingham County,Virginia,bchrrr,38.452245,-78.838154,2124034,38.451664,-78.83719,0.105927
51165,Rockingham County,Virginia,nsrdb,38.452245,-78.838154,1092548,38.45,-78.82,1.60046
51167,Russell County,Virginia,wtk,36.935294,-82.086751,1994203,36.94428,-82.08804,1.005745
51167,Russell County,Virginia,bchrrr,36.935294,-82.086751,1994203,36.94428,-82.08804,1.005745
51167,Russell County,Virginia,nsrdb,36.935294,-82.086751,1018185,36.93,-82.1,1.316546
51169,Scott County,Virginia,wtk,36.683147,-82.5966,1975097,36.67701,-82.58905,0.958638
51169,Scott County,Virginia,bchrrr,36.683147,-82.5966,1975097,36.67701,-82.58905,0.958638
51169,Scott County,Virginia,nsrdb,36.683147,-82.5966,1008350,36.69,-82.58,1.664838
51171,Shenandoah County,Virginia,wtk,38.870716,-78.526604,2132956,38.8715,-78.525024,0.162202
51171,Shenandoah County,Virginia,bchrrr,38.870716,-78.526604,2132956,38.8715,-78.525024,0.162202
51171,Shenandoah County,Virginia,nsrdb,38.870716,-78.526604,1099673,38.89,-78.54,2.437737
51173,Smyth County,Virginia,wtk,36.828213,-81.574522,2017651,36.83344,-81.57471,0.581457
51173,Smyth County,Virginia,bchrrr,36.828213,-81.574522,2017651,36.83344,-81.57471,0.581457
51173,Smyth County,Virginia,nsrdb,36.828213,-81.574522,1028896,36.81,-81.58,2.083074
51175,Southampton County,Virginia,wtk,36.717293,-77.067341,2232745,36.711075,-77.07147,0.783267
51175,Southampton County,Virginia,bchrrr,36.717293,-77.067341,2232745,36.711075,-77.07147,0.783267
51175,Southampton County,Virginia,nsrdb,36.717293,-77.067341,1144162,36.73,-77.06,1.557087
51177,Spotsylvania County,Virginia,wtk,38.238579,-77.569137,2186449,38.245586,-77.56766,0.789749
51177,Spotsylvania County,Virginia,bchrrr,38.238579,-77.569137,2186449,38.245586,-77.56766,0.789749
51177,Spotsylvania County,Virginia,nsrdb,38.238579,-77.569137,1127491,38.25,-77.58,1.585171
51179,Stafford County,Virginia,wtk,38.415169,-77.450285,2189947,38.41281,-77.444916,0.536306
51179,Stafford County,Virginia,bchrrr,38.415169,-77.450285,2189947,38.41281,-77.444916,0.536306
51179,Stafford County,Virginia,nsrdb,38.415169,-77.450285,1131353,38.41,-77.46,1.023146
51181,Surry County,Virginia,wtk,37.116406,-76.868315,2236100,37.127754,-76.874115,1.362602
51181,Surry County,Virginia,bchrrr,37.116406,-76.868315,2236100,37.127754,-76.874115,1.362602
51181,Surry County,Virginia,nsrdb,37.116406,-76.868315,1150541,37.13,-76.86,1.681776
51183,Sussex County,Virginia,wtk,36.973228,-77.211974,2222379,36.964672,-77.208435,1.001991
51183,Sussex County,Virginia,bchrrr,36.973228,-77.211974,2222379,36.964672,-77.208435,1.001991
51183,Sussex County,Virginia,nsrdb,36.973228,-77.211974,1139091,36.97,-77.22,0.79826
51185,Tazewell County,Virginia,wtk,37.146681,-81.564336,2014589,37.151493,-81.57251,0.900635
51185,Tazewell County,Virginia,bchrrr,37.146681,-81.564336,2014589,37.151493,-81.57251,0.900635
51185,Tazewell County,Virginia,nsrdb,37.146681,-81.564336,1028888,37.13,-81.58,2.316975
51187,Warren County,Virginia,wtk,38.927715,-78.178286,2148564,38.923183,-78.16907,0.943154
51187,Warren County,Virginia,bchrrr,38.927715,-78.178286,2148564,38.923183,-78.16907,0.943154
51187,Warren County,Virginia,nsrdb,38.927715,-78.178286,1109441,38.93,-78.18,0.294175
51191,Washington County,Virginia,wtk,36.702853,-81.972619,2001289,36.704254,-81.977356,0.450118
51191,Washington County,Virginia,bchrrr,36.702853,-81.972619,2001289,36.704254,-81.977356,0.450118
51191,Washington County,Virginia,nsrdb,36.702853,-81.972619,1020649,36.69,-81.98,1.573418
51193,Westmoreland County,Virginia,wtk,38.16079,-76.854358,2222446,38.16628,-76.842316,1.216982
51193,Westmoreland County,Virginia,bchrrr,38.16079,-76.854358,2222446,38.16628,-76.842316,1.216982
51193,Westmoreland County,Virginia,nsrdb,38.16079,-76.854358,1150515,38.17,-76.86,1.136702
51195,Wise County,Virginia,wtk,36.95121,-82.612903,1971140,36.96167,-82.622314,1.432501
51195,Wise County,Virginia,bchrrr,36.95121,-82.612903,1971140,36.96167,-82.622314,1.432501
51195,Wise County,Virginia,nsrdb,36.95121,-82.612903,1007522,36.97,-82.62,2.182436
51197,Wythe County,Virginia,wtk,36.919648,-81.068535,2039404,36.925903,-81.06143,0.939504
51197,Wythe County,Virginia,bchrrr,36.919648,-81.068535,2039404,36.925903,-81.06143,0.939504
51197,Wythe County,Virginia,nsrdb,36.919648,-81.068535,1040399,36.93,-81.06,1.378633
51199,York County,Virginia,wtk,37.174598,-76.495399,2251425,37.16911,-76.50415,0.986704
51199,York County,Virginia,bchrrr,37.174598,-76.495399,2251425,37.16911,-76.50415,0.986704
51199,York County,Virginia,nsrdb,37.174598,-76.495399,1162256,37.17,-76.5,0.653903
51510,Alexandria City,Virginia,wtk,38.819772,-77.091034,2200437,38.823967,-77.100586,0.949925
51510,Alexandria City,Virginia,bchrrr,38.819772,-77.091034,2200437,38.823967,-77.100586,0.949925
51510,Alexandria City,Virginia,nsrdb,38.819772,-77.091034,1142845,38.81,-77.1,1.335718
51515,Bedford City,Virginia,wtk,37.3202,-79.485268,2108406,37.313885,-79.47983,0.851083
51515,Bedford City,Virginia,bchrrr,37.3202,-79.485268,2108406,37.313885,-79.47983,0.851083
51515,Bedford City,Virginia,nsrdb,37.3202,-79.485268,1076400,37.33,-79.5,1.698344
51520,Bristol City,Virginia,wtk,36.610521,-82.169169,1994185,36.617767,-82.15939,1.187844
51520,Bristol City,Virginia,bchrrr,36.610521,-82.169169,1994185,36.617767,-82.15939,1.187844
51520,Bristol City,Virginia,nsrdb,36.610521,-82.169169,1016544,36.61,-82.18,0.968482
51530,Buena Vista City,Virginia,wtk,37.733972,-79.352678,2109540,37.725338,-79.347046,1.080296
51530,Buena Vista City,Virginia,bchrrr,37.733972,-79.352678,2109540,37.725338,-79.347046,1.080296
51530,Buena Vista City,Virginia,nsrdb,37.733972,-79.352678,1080032,37.73,-79.34,1.199225
51540,Charlottesville City,Virginia,wtk,38.033198,-78.490351,2145154,38.033363,-78.49661,0.54849
51540,Charlottesville City,Virginia,bchrrr,38.033198,-78.490351,2145154,38.033363,-78.49661,0.54849
51540,Charlottesville City,Virginia,nsrdb,38.033198,-78.490351,1100759,38.05,-78.5,2.050502
51550,Chesapeake City,Virginia,wtk,36.755679,-76.282764,2265515,36.7625,-76.27484,1.036133
51550,Chesapeake City,Virginia,bchrrr,36.755679,-76.282764,2265515,36.7625,-76.27484,1.036133
51550,Chesapeake City,Virginia,nsrdb,36.755679,-76.282764,1168973,36.77,-76.3,2.212069
51570,Colonial Heights City,Virginia,wtk,37.264114,-77.401819,2208489,37.266857,-77.40341,0.335935
51570,Colonial Heights City,Virginia,bchrrr,37.264114,-77.401819,2208489,37.266857,-77.40341,0.335935
51570,Colonial Heights City,Virginia,nsrdb,37.264114,-77.401819,1132674,37.25,-77.42,2.247703
51580,Covington City,Virginia,wtk,37.781159,-79.989387,2078448,37.77575,-80.00134,1.210506
51580,Covington City,Virginia,bchrrr,37.781159,-79.989387,2078448,37.77575,-80.00134,1.210506
51580,Covington City,Virginia,nsrdb,37.781159,-79.989387,1065047,37.77,-79.98,1.490073
51590,Danville City,Virginia,wtk,36.591482,-79.409215,2120595,36.587112,-79.41147,0.52598
51590,Danville City,Virginia,bchrrr,36.591482,-79.409215,2120595,36.587112,-79.41147,0.52598
51590,Danville City,Virginia,nsrdb,36.591482,-79.409215,1078233,36.61,-79.42,2.273069
51595,Emporia City,Virginia,wtk,36.692187,-77.541349,2209618,36.688763,-77.55017,0.873826
51595,Emporia City,Virginia,bchrrr,36.692187,-77.541349,2209618,36.688763,-77.55017,0.873826
51595,Emporia City,Virginia,nsrdb,36.692187,-77.541349,1128810,36.69,-77.54,0.271304
51600,Fairfax City,Virginia,wtk,38.851845,-77.302408,2189972,38.862694,-77.3085,1.316643
51600,Fairfax City,Virginia,bchrrr,38.851845,-77.302408,2189972,38.862694,-77.3085,1.316643
51600,Fairfax City,Virginia,nsrdb,38.851845,-77.302408,1136514,38.85,-77.3,0.292525
51610,Falls Church City,Virginia,wtk,38.883587,-77.174339,2195789,38.87722,-77.181885,0.963269
51610,Falls Church City,Virginia,bchrrr,38.883587,-77.174339,2195789,38.87722,-77.181885,0.963269
51610,Falls Church City,Virginia,nsrdb,38.883587,-77.174339,1140310,38.89,-77.18,0.865205
51620,Franklin City,Virginia,wtk,36.679019,-76.937039,2239312,36.685104,-76.93756,0.678215
51620,Franklin City,Virginia,bchrrr,36.679019,-76.937039,2239312,36.685104,-76.93756,0.678215
51620,Franklin City,Virginia,nsrdb,36.679019,-76.937039,1147969,36.69,-76.94,1.249255
51630,Fredericksburg City,Virginia,wtk,38.299102,-77.483495,2189941,38.30487,-77.47739,0.833762
51630,Fredericksburg City,Virginia,bchrrr,38.299102,-77.483495,2189941,38.30487,-77.47739,0.833762
51630,Fredericksburg City,Virginia,nsrdb,38.299102,-77.483495,1130066,38.29,-77.5,1.760415
51640,Galax City,Virginia,wtk,36.666195,-80.918851,2048835,36.659805,-80.91382,0.840379
51640,Galax City,Virginia,bchrrr,36.666195,-80.918851,2048835,36.659805,-80.91382,0.840379
51640,Galax City,Virginia,nsrdb,36.666195,-80.918851,1044055,36.65,-80.9,2.463839
51650,Hampton City,Virginia,wtk,37.043069,-76.367924,2258014,37.048485,-76.37512,0.877815
51650,Hampton City,Virginia,bchrrr,37.043069,-76.367924,2258014,37.048485,-76.37512,0.877815
51650,Hampton City,Virginia,nsrdb,37.043069,-76.367924,1166273,37.05,-76.38,1.320077
51660,Harrisonburg City,Virginia,wtk,38.4408,-78.868272,2122922,38.437527,-78.865265,0.448378
51660,Harrisonburg City,Virginia,bchrrr,38.4408,-78.868272,2122922,38.437527,-78.865265,0.448378
51660,Harrisonburg City,Virginia,nsrdb,38.4408,-78.868272,1091554,38.45,-78.86,1.251193
51670,Hopewell City,Virginia,wtk,37.289394,-77.305508,2213132,37.285717,-77.30252,0.486874
51670,Hopewell City,Virginia,bchrrr,37.289394,-77.305508,2213132,37.285717,-77.30252,0.486874
51670,Hopewell City,Virginia,nsrdb,37.289394,-77.305508,1136553,37.29,-77.3,0.491902
51678,Lexington City,Virginia,wtk,37.784393,-79.443722,2103988,37.780453,-79.45166,0.823771
51678,Lexington City,Virginia,bchrrr,37.784393,-79.443722,2103988,37.780453,-79.45166,0.823771
51678,Lexington City,Virginia,nsrdb,37.784393,-79.443722,1077292,37.77,-79.46,2.146656
51680,Lynchburg City,Virginia,wtk,37.392823,-79.19058,2120640,37.398273,-79.196594,0.805921
51680,Lynchburg City,Virginia,bchrrr,37.392823,-79.19058,2120640,37.398273,-79.196594,0.805921
51680,Lynchburg City,Virginia,nsrdb,37.392823,-79.19058,1083742,37.41,-79.18,2.126384
51683,Manassas City,Virginia,wtk,38.75274,-77.475101,2184155,38.757996,-77.46228,1.256005
51683,Manassas City,Virginia,bchrrr,38.75274,-77.475101,2184155,38.757996,-77.46228,1.256005
51683,Manassas City,Virginia,nsrdb,38.75274,-77.475101,1131344,38.77,-77.46,2.323317
51685,Manassas Park City,Virginia,wtk,38.772165,-77.448691,2184156,38.776,-77.45685,0.825908
51685,Manassas Park City,Virginia,bchrrr,38.772165,-77.448691,2184156,38.776,-77.45685,0.825908
51685,Manassas Park City,Virginia,nsrdb,38.772165,-77.448691,1131344,38.77,-77.46,1.009542
51690,Martinsville City,Virginia,wtk,36.682806,-79.863774,2098372,36.67988,-79.85605,0.761766
51690,Martinsville City,Virginia,bchrrr,36.682806,-79.863774,2098372,36.67988,-79.85605,0.761766
51690,Martinsville City,Virginia,nsrdb,36.682806,-79.863774,1067945,36.69,-79.86,0.867841
51700,Newport News City,Virginia,wtk,37.090513,-76.496296,2252373,37.093117,-76.50403,0.744589
51700,Newport News City,Virginia,bchrrr,37.090513,-76.496296,2252373,37.093117,-76.50403,0.744589
51700,Newport News City,Virginia,nsrdb,37.090513,-76.496296,1162258,37.09,-76.5,0.333456
51710,Norfolk City,Virginia,wtk,36.896214,-76.260625,2264582,36.892014,-76.25784,0.528625
51710,Norfolk City,Virginia,bchrrr,36.896214,-76.260625,2264582,36.892014,-76.25784,0.528625
51710,Norfolk City,Virginia,nsrdb,36.896214,-76.260625,1170318,36.89,-76.26,0.693198
51720,Norton City,Virginia,wtk,36.937997,-82.623232,1971139,36.943504,-82.62616,0.665349
51720,Norton City,Virginia,bchrrr,36.937997,-82.623232,1971139,36.943504,-82.62616,0.665349
51720,Norton City,Virginia,nsrdb,36.937997,-82.623232,1007523,36.93,-82.62,0.934476
51730,Petersburg City,Virginia,wtk,37.209954,-77.395425,2209647,37.208786,-77.39685,0.181089
51730,Petersburg City,Virginia,bchrrr,37.209954,-77.395425,2209647,37.208786,-77.39685,0.181089
51730,Petersburg City,Virginia,nsrdb,37.209954,-77.395425,1133968,37.21,-77.38,1.366024
51735,Poquoson City,Virginia,wtk,37.131572,-76.38153,2257079,37.12447,-76.37512,0.972921
51735,Poquoson City,Virginia,bchrrr,37.131572,-76.38153,2257079,37.12447,-76.37512,0.972921
51735,Poquoson City,Virginia,nsrdb,37.131572,-76.38153,1166271,37.13,-76.38,0.221251
51740,Portsmouth City,Virginia,wtk,36.833211,-76.352846,2261760,36.83402,-76.34726,0.505218
51740,Portsmouth City,Virginia,bchrrr,36.833211,-76.352846,2261760,36.83402,-76.34726,0.505218
51740,Portsmouth City,Virginia,nsrdb,36.833211,-76.352846,1167623,36.85,-76.34,2.189051
51750,Radford City,Virginia,wtk,37.128256,-80.559564,2059605,37.13134,-80.56549,0.627372
51750,Radford City,Virginia,bchrrr,37.128256,-80.559564,2059605,37.13134,-80.56549,0.627372
51750,Radford City,Virginia,nsrdb,37.128256,-80.559564,1052173,37.13,-80.54,1.745221
51760,Richmond City,Virginia,wtk,37.535454,-77.466455,2201529,37.54359,-77.464294,0.92453
51760,Richmond City,Virginia,bchrrr,37.535454,-77.466455,2201529,37.54359,-77.464294,0.92453
51760,Richmond City,Virginia,nsrdb,37.535454,-77.466455,1131375,37.53,-77.46,0.831727
51770,Roanoke City,Virginia,wtk,37.27853,-79.96024,2086190,37.27999,-79.961945,0.221614
51770,Roanoke City,Virginia,bchrrr,37.27853,-79.96024,2086190,37.27999,-79.961945,0.221614
51770,Roanoke City,Virginia,nsrdb,37.27853,-79.96024,1065059,37.29,-79.98,2.163987
51775,Salem City,Virginia,wtk,37.286908,-80.056263,2081751,37.294624,-80.052795,0.911182
51775,Salem City,Virginia,bchrrr,37.286908,-80.056263,2081751,37.294624,-80.052795,0.911182
51775,Salem City,Virginia,nsrdb,37.286908,-80.056263,1063148,37.29,-80.06,0.476974
51790,Staunton City,Virginia,wtk,38.157633,-79.077241,2116234,38.153828,-79.08783,1.017958
51790,Staunton City,Virginia,bchrrr,38.157633,-79.077241,2116234,38.153828,-79.08783,1.017958
51790,Staunton City,Virginia,nsrdb,38.157633,-79.077241,1086651,38.17,-79.06,2.04036
51800,Suffolk City,Virginia,wtk,36.781868,-76.551004,2254243,36.780277,-76.55362,0.292535
51800,Suffolk City,Virginia,bchrrr,36.781868,-76.551004,2254243,36.780277,-76.55362,0.292535
51800,Suffolk City,Virginia,nsrdb,36.781868,-76.551004,1160947,36.77,-76.54,1.643794
51810,Virginia Beach City,Virginia,wtk,36.821391,-76.100581,2272099,36.820187,-76.090576,0.900584
51810,Virginia Beach City,Virginia,bchrrr,36.821391,-76.100581,2272099,36.820187,-76.090576,0.900584
51810,Virginia Beach City,Virginia,nsrdb,36.821391,-76.100581,1175724,36.81,-76.1,1.267679
51820,Waynesboro City,Virginia,wtk,38.072103,-78.898326,2126237,38.0646,-78.89612,0.856355
51820,Waynesboro City,Virginia,bchrrr,38.072103,-78.898326,2126237,38.0646,-78.89612,0.856355
51820,Waynesboro City,Virginia,nsrdb,38.072103,-78.898326,1090580,38.09,-78.9,1.995445
51830,Williamsburg City,Virginia,wtk,37.275239,-76.710427,2241443,37.267025,-76.71225,0.927492
51830,Williamsburg City,Virginia,bchrrr,37.275239,-76.710427,2241443,37.267025,-76.71225,0.927492
51830,Williamsburg City,Virginia,nsrdb,37.275239,-76.710427,1155711,37.29,-76.7,1.882832
51840,Winchester City,Virginia,wtk,39.174972,-78.170676,2145217,39.17011,-78.17035,0.54136
51840,Winchester City,Virginia,bchrrr,39.174972,-78.170676,2145217,39.17011,-78.17035,0.54136
51840,Winchester City,Virginia,nsrdb,39.174972,-78.170676,1109435,39.17,-78.18,0.975547
53001,Adams County,Washington,wtk,46.864934,-119.030974,412712,46.871044,-119.02391,0.866012
53001,Adams County,Washington,bchrrr,46.864934,-119.030974,412712,46.871044,-119.02391,0.866012
53001,Adams County,Washington,nsrdb,46.864934,-119.030974,190925,46.85,-119.02,1.858446
53003,Asotin County,Washington,wtk,46.388405,-117.067841,471408,46.378384,-117.07379,1.204102
53003,Asotin County,Washington,bchrrr,46.388405,-117.067841,471408,46.378384,-117.07379,1.204102
53003,Asotin County,Washington,nsrdb,46.388405,-117.067841,224385,46.37,-117.06,2.133107
53005,Benton County,Washington,wtk,46.229857,-119.276721,394942,46.23451,-119.28546,0.848249
53005,Benton County,Washington,bchrrr,46.229857,-119.276721,394942,46.23451,-119.28546,0.848249
53005,Benton County,Washington,nsrdb,46.229857,-119.276721,187008,46.21,-119.26,2.55542
53007,Chelan County,Washington,wtk,47.530183,-120.344522,379326,47.530663,-120.35135,0.515409
53007,Chelan County,Washington,bchrrr,47.530183,-120.344522,379326,47.530663,-120.35135,0.515409
53007,Chelan County,Washington,nsrdb,47.530183,-120.344522,169118,47.53,-120.34,0.340118
53009,Clallam County,Washington,wtk,48.094966,-123.43662,291532,48.092484,-123.43857,0.311677
53009,Clallam County,Washington,bchrrr,48.094966,-123.43662,291532,48.092484,-123.43857,0.311677
53009,Clallam County,Washington,nsrdb,48.094966,-123.43662,123123,48.09,-123.42,1.352259
53011,Clark County,Washington,wtk,45.6806,-122.562478,279826,45.67494,-122.57349,1.062093
53011,Clark County,Washington,bchrrr,45.6806,-122.562478,279826,45.67494,-122.57349,1.062093
53011,Clark County,Washington,nsrdb,45.6806,-122.562478,134833,45.69,-122.58,1.716149
53013,Columbia County,Washington,wtk,46.323102,-117.976237,439986,46.322872,-117.9754,0.069175
53013,Columbia County,Washington,bchrrr,46.323102,-117.976237,439986,46.322872,-117.9754,0.069175
53013,Columbia County,Washington,nsrdb,46.323102,-117.976237,208718,46.33,-117.98,0.819642
53015,Cowlitz County,Washington,wtk,46.135464,-122.894935,277181,46.131844,-122.8862,0.784262
53015,Cowlitz County,Washington,bchrrr,46.135464,-122.894935,277181,46.131844,-122.8862,0.784262
53015,Cowlitz County,Washington,nsrdb,46.135464,-122.894935,130327,46.13,-122.9,0.722129
53017,Douglas County,Washington,wtk,47.50428,-120.178255,384816,47.51068,-120.16878,1.006447
53017,Douglas County,Washington,bchrrr,47.50428,-120.178255,384816,47.51068,-120.16878,1.006447
53017,Douglas County,Washington,nsrdb,47.50428,-120.178255,171747,47.49,-120.18,1.593268
53019,Ferry County,Washington,wtk,48.617551,-118.521003,454350,48.61969,-118.51486,0.510367
53019,Ferry County,Washington,bchrrr,48.617551,-118.521003,454350,48.61969,-118.51486,0.510367
53019,Ferry County,Washington,nsrdb,48.617551,-118.521003,198910,48.61,-118.54,1.629526
53021,Franklin County,Washington,wtk,46.303477,-119.125186,401466,46.30747,-119.12009,0.591921
53021,Franklin County,Washington,bchrrr,46.303477,-119.125186,401466,46.30747,-119.12009,0.591921
53021,Franklin County,Washington,nsrdb,46.303477,-119.125186,188977,46.29,-119.14,1.881767
53023,Garfield County,Washington,wtk,46.472067,-117.577878,455182,46.474724,-117.58815,0.840274
53023,Garfield County,Washington,bchrrr,46.472067,-117.577878,455182,46.474724,-117.58815,0.840274
53023,Garfield County,Washington,nsrdb,46.472067,-117.577878,215416,46.49,-117.58,2.00067
53025,Grant County,Washington,wtk,47.144731,-119.465741,402446,47.15146,-119.46033,0.852818
53025,Grant County,Washington,bchrrr,47.144731,-119.465741,402446,47.15146,-119.46033,0.852818
53025,Grant County,Washington,nsrdb,47.144731,-119.465741,183653,47.13,-119.46,1.694598
53027,Grays Harbor County,Washington,wtk,46.991258,-123.767559,263804,46.986214,-123.75867,0.877023
53027,Grays Harbor County,Washington,bchrrr,46.991258,-123.767559,263804,46.986214,-123.75867,0.877023
53027,Grays Harbor County,Washington,nsrdb,46.991258,-123.767559,118306,47.01,-123.78,2.287626
53029,Island County,Washington,wtk,48.2063,-122.577119,319532,48.195618,-122.57645,1.18882
53029,Island County,Washington,bchrrr,48.2063,-122.577119,319532,48.195618,-122.57645,1.18882
53029,Island County,Washington,nsrdb,48.2063,-122.577119,134770,48.21,-122.58,0.463515
53031,Jefferson County,Washington,wtk,48.010521,-122.820261,308489,47.9994,-122.82858,1.382833
53031,Jefferson County,Washington,bchrrr,48.010521,-122.820261,308489,47.9994,-122.82858,1.382833
53031,Jefferson County,Washington,nsrdb,48.010521,-122.820261,131395,48.01,-122.82,0.0611
53033,King County,Washington,wtk,47.550488,-122.230444,320424,47.549965,-122.21776,0.953714
53033,King County,Washington,bchrrr,47.550488,-122.230444,320424,47.549965,-122.21776,0.953714
53033,King County,Washington,nsrdb,47.550488,-122.230444,139993,47.57,-122.22,2.306833
53035,Kitsap County,Washington,wtk,47.612218,-122.63285,308467,47.612442,-122.628784,0.305809
53035,Kitsap County,Washington,bchrrr,47.612218,-122.63285,308467,47.612442,-122.628784,0.305809
53035,Kitsap County,Washington,nsrdb,47.612218,-122.63285,134215,47.61,-122.62,0.994349
53037,Kittitas County,Washington,wtk,47.051833,-120.630817,363729,47.062443,-120.62286,1.324845
53037,Kittitas County,Washington,bchrrr,47.051833,-120.630817,363729,47.062443,-120.62286,1.324845
53037,Kittitas County,Washington,nsrdb,47.051833,-120.630817,164548,47.05,-120.62,0.844489
53039,Klickitat County,Washington,wtk,45.798391,-121.145999,327745,45.793934,-121.138855,0.743213
53039,Klickitat County,Washington,bchrrr,45.798391,-121.145999,327745,45.793934,-121.138855,0.743213
53039,Klickitat County,Washington,nsrdb,45.798391,-121.145999,156372,45.81,-121.14,1.372067
53041,Lewis County,Washington,wtk,46.618921,-122.839382,286115,46.61532,-122.844635,0.566831
53041,Lewis County,Washington,bchrrr,46.618921,-122.839382,286115,46.61532,-122.844635,0.566831
53041,Lewis County,Washington,nsrdb,46.618921,-122.839382,131430,46.61,-122.82,1.782022
53043,Lincoln County,Washington,wtk,47.638472,-118.324641,446693,47.630524,-118.32086,0.928078
53043,Lincoln County,Washington,bchrrr,47.638472,-118.324641,446693,47.630524,-118.32086,0.928078
53043,Lincoln County,Washington,nsrdb,47.638472,-118.324641,202445,47.65,-118.34,1.722529
53045,Mason County,Washington,wtk,47.288557,-123.034297,290598,47.278942,-123.040146,1.156597
53045,Mason County,Washington,bchrrr,47.288557,-123.034297,290598,47.278942,-123.040146,1.156597
53045,Mason County,Washington,nsrdb,47.288557,-123.034297,128630,47.29,-123.02,1.090199
53047,Okanogan County,Washington,wtk,48.446071,-119.591692,417488,48.449368,-119.58157,0.831717
53047,Okanogan County,Washington,bchrrr,48.446071,-119.591692,417488,48.449368,-119.58157,0.831717
53047,Okanogan County,Washington,nsrdb,48.446071,-119.591692,181617,48.45,-119.58,0.966704
53049,Pacific County,Washington,wtk,46.524564,-123.904531,251980,46.535988,-123.89653,1.410061
53049,Pacific County,Washington,bchrrr,46.524564,-123.904531,251980,46.535988,-123.89653,1.410061
53049,Pacific County,Washington,nsrdb,46.524564,-123.904531,116719,46.53,-123.9,0.696796
53051,Pend Oreille County,Washington,wtk,48.281535,-117.224508,491699,48.277954,-117.23428,0.825509
53051,Pend Oreille County,Washington,bchrrr,48.281535,-117.224508,491699,48.277954,-117.23428,0.825509
53051,Pend Oreille County,Washington,nsrdb,48.281535,-117.224508,221541,48.29,-117.22,0.998618
53053,Pierce County,Washington,wtk,47.177734,-122.407549,308442,47.172222,-122.4052,0.638107
53053,Pierce County,Washington,bchrrr,47.177734,-122.407549,308442,47.172222,-122.4052,0.638107
53053,Pierce County,Washington,nsrdb,47.177734,-122.407549,137102,47.17,-122.42,1.27488
53055,San Juan County,Washington,wtk,48.575228,-122.97913,313089,48.574707,-122.98245,0.251032
53055,San Juan County,Washington,bchrrr,48.575228,-122.97913,313089,48.574707,-122.98245,0.251032
53055,San Juan County,Washington,nsrdb,48.575228,-122.97913,129153,48.57,-122.98,0.584841
53057,Skagit County,Washington,wtk,48.466799,-122.335332,331593,48.467728,-122.33212,0.258363
53057,Skagit County,Washington,bchrrr,48.466799,-122.335332,331593,48.467728,-122.33212,0.258363
53057,Skagit County,Washington,nsrdb,48.466799,-122.335332,138229,48.45,-122.34,1.899417
53059,Skamania County,Washington,wtk,45.688608,-121.9341,300280,45.689453,-121.932755,0.14051
53059,Skamania County,Washington,bchrrr,45.688608,-121.9341,300280,45.689453,-121.932755,0.14051
53059,Skamania County,Washington,nsrdb,45.688608,-121.9341,144185,45.69,-121.94,0.483717
53061,Snohomish County,Washington,wtk,47.927546,-122.188739,327866,47.932785,-122.17708,1.045906
53061,Snohomish County,Washington,bchrrr,47.927546,-122.188739,327866,47.932785,-122.17708,1.045906
53061,Snohomish County,Washington,nsrdb,47.927546,-122.188739,140565,47.93,-122.18,0.705981
53063,Spokane County,Washington,wtk,47.680214,-117.368926,479152,47.675564,-117.36377,0.645257
53063,Spokane County,Washington,bchrrr,47.680214,-117.368926,479152,47.675564,-117.36377,0.645257
53063,Spokane County,Washington,nsrdb,47.680214,-117.368926,218789,47.69,-117.38,1.367943
53065,Stevens County,Washington,wtk,48.277698,-117.813601,472471,48.26882,-117.81055,1.012685
53065,Stevens County,Washington,bchrrr,48.277698,-117.813601,472471,48.26882,-117.81055,1.012685
53065,Stevens County,Washington,nsrdb,48.277698,-117.813601,211341,48.29,-117.82,1.447549
53067,Thurston County,Washington,wtk,47.000869,-122.836601,292357,46.99239,-122.83482,0.952449
53067,Thurston County,Washington,bchrrr,47.000869,-122.836601,292357,46.99239,-122.83482,0.952449
53067,Thurston County,Washington,nsrdb,47.000869,-122.836601,131420,47.01,-122.82,1.617242
53069,Wahkiakum County,Washington,wtk,46.236474,-123.42626,261962,46.2373,-123.42499,0.134077
53069,Wahkiakum County,Washington,bchrrr,46.236474,-123.42626,261962,46.2373,-123.42499,0.134077
53069,Wahkiakum County,Washington,nsrdb,46.236474,-123.42626,123169,46.25,-123.42,1.579191
53071,Walla Walla County,Washington,wtk,46.077908,-118.391255,422992,46.087833,-118.38255,1.29179
53071,Walla Walla County,Washington,bchrrr,46.077908,-118.391255,422992,46.087833,-118.38255,1.29179
53071,Walla Walla County,Washington,nsrdb,46.077908,-118.391255,201781,46.09,-118.38,1.600429
53073,Whatcom County,Washington,wtk,48.82321,-122.487694,332537,48.82578,-122.487885,0.286113
53073,Whatcom County,Washington,bchrrr,48.82321,-122.487694,332537,48.82578,-122.487885,0.286113
53073,Whatcom County,Washington,nsrdb,48.82321,-122.487694,135906,48.81,-122.5,1.723219
53075,Whitman County,Washington,wtk,46.79361,-117.218219,472389,46.796814,-117.21033,0.698275
53075,Whitman County,Washington,bchrrr,46.79361,-117.218219,472389,46.796814,-117.21033,0.698275
53075,Whitman County,Washington,nsrdb,46.79361,-117.218219,221578,46.81,-117.22,1.827522
53077,Yakima County,Washington,wtk,46.519349,-120.422109,361864,46.51844,-120.42865,0.510589
53077,Yakima County,Washington,bchrrr,46.519349,-120.422109,361864,46.51844,-120.42865,0.510589
53077,Yakima County,Washington,nsrdb,46.519349,-120.422109,167831,46.53,-120.42,1.19528
54001,Barbour County,West Virginia,wtk,39.110077,-80.004415,2063005,39.11351,-79.99249,1.0974
54001,Barbour County,West Virginia,bchrrr,39.110077,-80.004415,2063005,39.11351,-79.99249,1.0974
54001,Barbour County,West Virginia,nsrdb,39.110077,-80.004415,1064056,39.13,-80.02,2.591404
54003,Berkeley County,West Virginia,wtk,39.458844,-77.981133,2149720,39.460632,-77.986694,0.517159
54003,Berkeley County,West Virginia,bchrrr,39.458844,-77.981133,2149720,39.460632,-77.986694,0.517159
54003,Berkeley County,West Virginia,nsrdb,39.458844,-77.981133,1115154,39.45,-77.98,0.988209
54005,Boone County,West Virginia,wtk,38.056447,-81.757554,1997303,38.06073,-81.76727,0.974906
54005,Boone County,West Virginia,bchrrr,38.056447,-81.757554,1997303,38.06073,-81.76727,0.974906
54005,Boone County,West Virginia,nsrdb,38.056447,-81.757554,1025542,38.05,-81.74,1.695974
54007,Braxton County,West Virginia,wtk,38.691905,-80.72355,2035328,38.69863,-80.72821,0.850142
54007,Braxton County,West Virginia,bchrrr,38.691905,-80.72355,2035328,38.69863,-80.72821,0.850142
54007,Braxton County,West Virginia,nsrdb,38.691905,-80.72355,1047581,38.69,-80.74,1.443341
54009,Brooke County,West Virginia,wtk,40.309476,-80.58598,2024017,40.31954,-80.58969,1.162437
54009,Brooke County,West Virginia,bchrrr,40.309476,-80.58598,2024017,40.31954,-80.58969,1.162437
54009,Brooke County,West Virginia,nsrdb,40.309476,-80.58598,1051184,40.29,-80.58,2.224222
54011,Cabell County,West Virginia,wtk,38.413623,-82.335173,1970230,38.420197,-82.331696,0.791277
54011,Cabell County,West Virginia,bchrrr,38.413623,-82.335173,1970230,38.420197,-82.331696,0.791277
54011,Cabell County,West Virginia,nsrdb,38.413623,-82.335173,1013213,38.41,-82.34,0.582387
54013,Calhoun County,West Virginia,wtk,38.852602,-81.104413,2017762,38.848385,-81.1022,0.506559
54013,Calhoun County,West Virginia,bchrrr,38.852602,-81.104413,2017762,38.848385,-81.1022,0.506559
54013,Calhoun County,West Virginia,nsrdb,38.852602,-81.104413,1039445,38.85,-81.1,0.479322
54015,Clay County,West Virginia,wtk,38.471943,-81.099274,2021855,38.47119,-81.09674,0.235957
54015,Clay County,West Virginia,bchrrr,38.471943,-81.099274,2021855,38.47119,-81.09674,0.235957
54015,Clay County,West Virginia,nsrdb,38.471943,-81.099274,1039454,38.49,-81.1,2.008844
54017,Doddridge County,West Virginia,wtk,39.285261,-80.721291,2029128,39.28298,-80.728516,0.67157
54017,Doddridge County,West Virginia,bchrrr,39.285261,-80.721291,2029128,39.28298,-80.728516,0.67157
54017,Doddridge County,West Virginia,nsrdb,39.285261,-80.721291,1047566,39.29,-80.74,1.694177
54019,Fayette County,West Virginia,wtk,38.032513,-81.12912,2024922,38.0251,-81.131744,0.855731
54019,Fayette County,West Virginia,bchrrr,38.032513,-81.12912,2024922,38.0251,-81.131744,0.855731
54019,Fayette County,West Virginia,nsrdb,38.032513,-81.12912,1038578,38.05,-81.14,2.165361
54021,Gilmer County,West Virginia,wtk,38.923137,-80.82649,2029108,38.91945,-80.818726,0.786906
54021,Gilmer County,West Virginia,bchrrr,38.923137,-80.82649,2029108,38.91945,-80.818726,0.786906
54021,Gilmer County,West Virginia,nsrdb,38.923137,-80.82649,1045780,38.93,-80.82,0.947394
54023,Grant County,West Virginia,wtk,39.058737,-79.161069,2101836,39.05402,-79.155945,0.686191
54023,Grant County,West Virginia,bchrrr,39.058737,-79.161069,2101836,39.05402,-79.155945,0.686191
54023,Grant County,West Virginia,nsrdb,39.058737,-79.161069,1083701,39.05,-79.18,1.901565
54025,Greenbrier County,West Virginia,wtk,37.854452,-80.49094,2055300,37.85156,-80.482605,0.799337
54025,Greenbrier County,West Virginia,bchrrr,37.854452,-80.49094,2055300,37.85156,-80.482605,0.799337
54025,Greenbrier County,West Virginia,nsrdb,37.854452,-80.49094,1053064,37.85,-80.5,0.936922
54027,Hampshire County,West Virginia,wtk,39.329428,-78.610524,2122971,39.323174,-78.61615,0.847218
54027,Hampshire County,West Virginia,bchrrr,39.329428,-78.610524,2122971,39.323174,-78.61615,0.847218
54027,Hampshire County,West Virginia,nsrdb,39.329428,-78.610524,1097575,39.33,-78.62,0.817515
54029,Hancock County,West Virginia,wtk,40.477168,-80.56887,2022996,40.48697,-80.571655,1.115095
54029,Hancock County,West Virginia,bchrrr,40.477168,-80.56887,2022996,40.48697,-80.571655,1.115095
54029,Hancock County,West Virginia,nsrdb,40.477168,-80.56887,1051179,40.49,-80.58,1.70938
54031,Hardy County,West Virginia,wtk,39.039184,-78.881361,2114059,39.047367,-78.88962,1.156149
54031,Hardy County,West Virginia,bchrrr,39.039184,-78.881361,2114059,39.047367,-78.88962,1.156149
54031,Hardy County,West Virginia,nsrdb,39.039184,-78.881361,1090556,39.05,-78.9,2.009351
54033,Harrison County,West Virginia,wtk,39.287855,-80.338815,2045818,39.28063,-80.33911,0.803786
54033,Harrison County,West Virginia,bchrrr,39.287855,-80.338815,2045818,39.28063,-80.33911,0.803786
54033,Harrison County,West Virginia,nsrdb,39.287855,-80.338815,1056621,39.29,-80.34,0.259401
54035,Jackson County,West Virginia,wtk,38.839842,-81.713139,1992285,38.84125,-81.70776,0.491475
54035,Jackson County,West Virginia,bchrrr,38.839842,-81.713139,1992285,38.84125,-81.70776,0.491475
54035,Jackson County,West Virginia,nsrdb,38.839842,-81.713139,1026349,38.85,-81.7,1.603311
54037,Jefferson County,West Virginia,wtk,39.313836,-77.847622,2157671,39.323303,-77.85538,1.246409
54037,Jefferson County,West Virginia,bchrrr,39.313836,-77.847622,2157671,39.323303,-77.85538,1.246409
54037,Jefferson County,West Virginia,nsrdb,39.313836,-77.847622,1118716,39.33,-77.86,2.089068
54039,Kanawha County,West Virginia,wtk,38.363316,-81.658275,1999349,38.36329,-81.650024,0.719386
54039,Kanawha County,West Virginia,bchrrr,38.363316,-81.658275,1999349,38.36329,-81.650024,0.719386
54039,Kanawha County,West Virginia,nsrdb,38.363316,-81.658275,1027190,38.37,-81.66,0.758291
54041,Lewis County,West Virginia,wtk,39.034219,-80.467796,2042659,39.037098,-80.47406,0.628647
54041,Lewis County,West Virginia,bchrrr,39.034219,-80.467796,2042659,39.037098,-80.47406,0.628647
54041,Lewis County,West Virginia,nsrdb,39.034219,-80.467796,1053930,39.05,-80.46,1.879504
54043,Lincoln County,West Virginia,wtk,38.201744,-82.06642,1983184,38.19692,-82.070435,0.640956
54043,Lincoln County,West Virginia,bchrrr,38.201744,-82.06642,1983184,38.19692,-82.070435,0.640956
54043,Lincoln County,West Virginia,nsrdb,38.201744,-82.06642,1018971,38.21,-82.06,1.075846
54045,Logan County,West Virginia,wtk,37.856159,-81.972548,1990212,37.865257,-81.97803,1.120291
54045,Logan County,West Virginia,bchrrr,37.856159,-81.972548,1990212,37.865257,-81.97803,1.120291
54045,Logan County,West Virginia,nsrdb,37.856159,-81.972548,1020620,37.85,-81.98,0.947149
54047,McDowell County,West Virginia,wtk,37.396421,-81.656309,2008461,37.38895,-81.65961,0.880437
54047,McDowell County,West Virginia,bchrrr,37.396421,-81.656309,2008461,37.38895,-81.65961,0.880437
54047,McDowell County,West Virginia,nsrdb,37.396421,-81.656309,1027214,37.41,-81.66,1.544716
54049,Marion County,West Virginia,wtk,39.484357,-80.178836,2050050,39.484127,-80.188965,0.86965
54049,Marion County,West Virginia,bchrrr,39.484357,-80.178836,2050050,39.484127,-80.188965,0.86965
54049,Marion County,West Virginia,nsrdb,39.484357,-80.178836,1060265,39.49,-80.18,0.635375
54051,Marshall County,West Virginia,wtk,39.928223,-80.704817,2022965,39.92257,-80.71515,1.082363
54051,Marshall County,West Virginia,bchrrr,39.928223,-80.704817,2022965,39.92257,-80.71515,1.082363
54051,Marshall County,West Virginia,nsrdb,39.928223,-80.704817,1048456,39.93,-80.7,0.455796
54053,Mason County,West Virginia,wtk,38.827526,-82.058323,1978210,38.832047,-82.04764,1.053119
54053,Mason County,West Virginia,bchrrr,38.827526,-82.058323,1978210,38.832047,-82.04764,1.053119
54053,Mason County,West Virginia,nsrdb,38.827526,-82.058323,1018956,38.81,-82.06,1.954213
54055,Mercer County,West Virginia,wtk,37.35259,-81.138172,2031095,37.351677,-81.14914,0.974778
54055,Mercer County,West Virginia,bchrrr,37.35259,-81.138172,2031095,37.351677,-81.14914,0.974778
54055,Mercer County,West Virginia,nsrdb,37.35259,-81.138172,1038595,37.37,-81.14,1.942636
54057,Mineral County,West Virginia,wtk,39.46477,-78.909545,2107414,39.469013,-78.918365,0.892094
54057,Mineral County,West Virginia,bchrrr,39.46477,-78.909545,2107414,39.469013,-78.918365,0.892094
54057,Mineral County,West Virginia,nsrdb,39.46477,-78.909545,1090546,39.45,-78.9,1.835443
54059,Mingo County,West Virginia,wtk,37.704029,-82.1534,1984162,37.702618,-82.156494,0.314179
54059,Mingo County,West Virginia,bchrrr,37.704029,-82.1534,1984162,37.702618,-82.156494,0.314179
54059,Mingo County,West Virginia,nsrdb,37.704029,-82.1534,1017342,37.69,-82.14,1.955367
54061,Monongalia County,West Virginia,wtk,39.636523,-79.956831,2058651,39.636444,-79.95303,0.325606
54061,Monongalia County,West Virginia,bchrrr,39.636523,-79.956831,2058651,39.636444,-79.95303,0.325606
54061,Monongalia County,West Virginia,nsrdb,39.636523,-79.956831,1065964,39.65,-79.94,2.079085
54063,Monroe County,West Virginia,wtk,37.524777,-80.641835,2052069,37.518013,-80.63617,0.902937
54063,Monroe County,West Virginia,bchrrr,37.524777,-80.641835,2052069,37.518013,-80.63617,0.902937
54063,Monroe County,West Virginia,nsrdb,37.524777,-80.641835,1049428,37.53,-80.66,1.703906
54065,Morgan County,West Virginia,wtk,39.580984,-78.222986,2137447,39.57805,-78.22299,0.326247
54065,Morgan County,West Virginia,bchrrr,39.580984,-78.222986,2137447,39.57805,-78.22299,0.326247
54065,Morgan County,West Virginia,nsrdb,39.580984,-78.222986,1108314,39.57,-78.22,1.247892
54067,Nicholas County,West Virginia,wtk,38.278428,-80.772313,2037390,38.274094,-80.78461,1.176645
54067,Nicholas County,West Virginia,bchrrr,38.278428,-80.772313,2037390,38.274094,-80.78461,1.176645
54067,Nicholas County,West Virginia,nsrdb,38.278428,-80.772313,1046686,38.29,-80.78,1.451166
54069,Ohio County,West Virginia,wtk,40.078541,-80.672306,2022974,40.0864,-80.67377,0.882714
54069,Ohio County,West Virginia,bchrrr,40.078541,-80.672306,2022974,40.0864,-80.67377,0.882714
54069,Ohio County,West Virginia,nsrdb,40.078541,-80.672306,1049364,40.09,-80.66,1.649127
54071,Pendleton County,West Virginia,wtk,38.672348,-79.337954,2098482,38.66739,-79.33426,0.637798
54071,Pendleton County,West Virginia,bchrrr,38.672348,-79.337954,2098482,38.66739,-79.33426,0.637798
54071,Pendleton County,West Virginia,nsrdb,38.672348,-79.337954,1080008,38.69,-79.34,1.970834
54073,Pleasants County,West Virginia,wtk,39.383392,-81.192745,2008571,39.388535,-81.19003,0.617645
54073,Pleasants County,West Virginia,bchrrr,39.383392,-81.192745,2008571,39.388535,-81.19003,0.617645
54073,Pleasants County,West Virginia,nsrdb,39.383392,-81.192745,1037637,39.37,-81.18,1.84866
54075,Pocahontas County,West Virginia,wtk,38.286976,-80.021196,2071819,38.28652,-80.01361,0.664039
54075,Pocahontas County,West Virginia,bchrrr,38.286976,-80.021196,2071819,38.28652,-80.01361,0.664039
54075,Pocahontas County,West Virginia,nsrdb,38.286976,-80.021196,1064077,38.29,-80.02,0.352083
54077,Preston County,West Virginia,wtk,39.505509,-79.669728,2072995,39.497345,-79.67108,0.915178
54077,Preston County,West Virginia,bchrrr,39.505509,-79.669728,2072995,39.497345,-79.67108,0.915178
54077,Preston County,West Virginia,nsrdb,39.505509,-79.669728,1072623,39.49,-79.66,1.915908
54079,Putnam County,West Virginia,wtk,38.474405,-81.929356,1986215,38.478485,-81.93527,0.686192
54079,Putnam County,West Virginia,bchrrr,38.474405,-81.929356,1986215,38.478485,-81.93527,0.686192
54079,Putnam County,West Virginia,nsrdb,38.474405,-81.929356,1021427,38.49,-81.94,1.966074
54081,Raleigh County,West Virginia,wtk,37.770549,-81.200075,2024908,37.771027,-81.19211,0.702107
54081,Raleigh County,West Virginia,bchrrr,37.770549,-81.200075,2024908,37.771027,-81.19211,0.702107
54081,Raleigh County,West Virginia,nsrdb,37.770549,-81.200075,1036772,37.77,-81.22,1.752405
54083,Randolph County,West Virginia,wtk,38.870879,-79.872379,2071851,38.866367,-79.86279,0.969997
54083,Randolph County,West Virginia,bchrrr,38.870879,-79.872379,2071851,38.866367,-79.86279,0.969997
54083,Randolph County,West Virginia,nsrdb,38.870879,-79.872379,1067890,38.89,-79.86,2.380913
54085,Ritchie County,West Virginia,wtk,39.217712,-81.041513,2016755,39.215553,-81.03729,0.43588
54085,Ritchie County,West Virginia,bchrrr,39.217712,-81.041513,2016755,39.215553,-81.03729,0.43588
54085,Ritchie County,West Virginia,nsrdb,39.217712,-81.041513,1040342,39.21,-81.06,1.808894
54087,Roane County,West Virginia,wtk,38.72853,-81.345759,2008535,38.733448,-81.347046,0.558136
54087,Roane County,West Virginia,bchrrr,38.72853,-81.345759,2008535,38.733448,-81.347046,0.558136
54087,Roane County,West Virginia,nsrdb,38.72853,-81.345759,1034032,38.73,-81.34,0.525623
54089,Summers County,West Virginia,wtk,37.665227,-80.849391,2041536,37.66167,-80.83835,1.049268
54089,Summers County,West Virginia,bchrrr,37.665227,-80.849391,2041536,37.66167,-80.83835,1.049268
54089,Summers County,West Virginia,nsrdb,37.665227,-80.849391,1044927,37.65,-80.86,1.933653
54091,Taylor County,West Virginia,wtk,39.33862,-80.066868,2057548,39.331482,-80.057526,1.129384
54091,Taylor County,West Virginia,bchrrr,39.33862,-80.066868,2057548,39.331482,-80.057526,1.129384
54091,Taylor County,West Virginia,nsrdb,39.33862,-80.066868,1063097,39.33,-80.06,1.125891
54093,Tucker County,West Virginia,wtk,39.110681,-79.602097,2080741,39.10839,-79.60419,0.312262
54093,Tucker County,West Virginia,bchrrr,39.110681,-79.602097,2080741,39.10839,-79.60419,0.312262
54093,Tucker County,West Virginia,nsrdb,39.110681,-79.602097,1073570,39.13,-79.62,2.64575
54095,Tyler County,West Virginia,wtk,39.514561,-80.930565,2017799,39.521435,-80.937836,0.986527
54095,Tyler County,West Virginia,bchrrr,39.514561,-80.930565,2017799,39.521435,-80.937836,0.986527
54095,Tyler County,West Virginia,nsrdb,39.514561,-80.930565,1043070,39.53,-80.94,1.897925
54097,Upshur County,West Virginia,wtk,38.954082,-80.22848,2054287,38.961246,-80.22635,0.817615
54097,Upshur County,West Virginia,bchrrr,38.954082,-80.22848,2054287,38.961246,-80.22635,0.817615
54097,Upshur County,West Virginia,nsrdb,38.954082,-80.22848,1059355,38.97,-80.22,1.91585
54099,Wayne County,West Virginia,wtk,38.267339,-82.49425,1965293,38.27185,-82.48367,1.051047
54099,Wayne County,West Virginia,bchrrr,38.267339,-82.49425,1965293,38.27185,-82.48367,1.051047
54099,Wayne County,West Virginia,nsrdb,38.267339,-82.49425,1009955,38.25,-82.5,1.992306
54101,Webster County,West Virginia,wtk,38.469754,-80.476135,2048935,38.471172,-80.47156,0.428364
54101,Webster County,West Virginia,bchrrr,38.469754,-80.476135,2048935,38.471172,-80.47156,0.428364
54101,Webster County,West Virginia,nsrdb,38.469754,-80.476135,1053945,38.45,-80.46,2.607398
54103,Wetzel County,West Virginia,wtk,39.630013,-80.768863,2023979,39.6279,-80.76456,0.437044
54103,Wetzel County,West Virginia,bchrrr,39.630013,-80.768863,2023979,39.6279,-80.76456,0.437044
54103,Wetzel County,West Virginia,nsrdb,39.630013,-80.768863,1046652,39.65,-80.78,2.418415
54105,Wirt County,West Virginia,wtk,39.05422,-81.394473,2003454,39.059586,-81.39047,0.689555
54105,Wirt County,West Virginia,bchrrr,39.05422,-81.394473,2003454,39.059586,-81.39047,0.689555
54105,Wirt County,West Virginia,nsrdb,39.05422,-81.394473,1033144,39.05,-81.38,1.334949
54107,Wood County,West Virginia,wtk,39.26698,-81.530569,1995343,39.268406,-81.53525,0.433047
54107,Wood County,West Virginia,bchrrr,39.26698,-81.530569,1995343,39.268406,-81.53525,0.433047
54107,Wood County,West Virginia,nsrdb,39.26698,-81.530569,1029680,39.25,-81.54,2.055292
54109,Wyoming County,West Virginia,wtk,37.628586,-81.567299,2010519,37.618313,-81.559814,1.318872
54109,Wyoming County,West Virginia,bchrrr,37.628586,-81.567299,2010519,37.618313,-81.559814,1.318872
54109,Wyoming County,West Virginia,nsrdb,37.628586,-81.567299,1028876,37.61,-81.58,2.350003
55001,Adams County,Wisconsin,wtk,43.946193,-89.783211,1589521,43.95239,-89.77316,1.05937
55001,Adams County,Wisconsin,bchrrr,43.946193,-89.783211,1589521,43.95239,-89.77316,1.05937
55001,Adams County,Wisconsin,nsrdb,43.946193,-89.783211,854408,43.93,-89.78,1.818845
55003,Ashland County,Wisconsin,wtk,46.475919,-90.785763,1531209,46.46875,-90.7901,0.86358
55003,Ashland County,Wisconsin,bchrrr,46.475919,-90.785763,1531209,46.46875,-90.7901,0.86358
55003,Ashland County,Wisconsin,nsrdb,46.475919,-90.785763,830845,46.49,-90.78,1.626725
55005,Barron County,Wisconsin,wtk,45.437013,-91.815145,1488905,45.428333,-91.81732,0.979981
55005,Barron County,Wisconsin,bchrrr,45.437013,-91.815145,1488905,45.428333,-91.81732,0.979981
55005,Barron County,Wisconsin,nsrdb,45.437013,-91.815145,807763,45.45,-91.82,1.492937
55007,Bayfield County,Wisconsin,wtk,46.594107,-91.103986,1516638,46.59439,-91.104126,0.033237
55007,Bayfield County,Wisconsin,bchrrr,46.594107,-91.103986,1516638,46.59439,-91.104126,0.033237
55007,Bayfield County,Wisconsin,nsrdb,46.594107,-91.103986,823597,46.61,-91.1,1.793269
55009,Brown County,Wisconsin,wtk,44.497156,-88.034159,1668092,44.4962,-88.03595,0.177423
55009,Brown County,Wisconsin,bchrrr,44.497156,-88.034159,1668092,44.4962,-88.03595,0.177423
55009,Brown County,Wisconsin,nsrdb,44.497156,-88.034159,894705,44.49,-88.02,1.376391
55011,Buffalo County,Wisconsin,wtk,44.380155,-91.741418,1496032,44.38077,-91.737366,0.329203
55011,Buffalo County,Wisconsin,bchrrr,44.380155,-91.741418,1496032,44.38077,-91.737366,0.329203
55011,Buffalo County,Wisconsin,nsrdb,44.380155,-91.741418,809512,44.37,-91.74,1.134796
55013,Burnett County,Wisconsin,wtk,45.836874,-92.403645,1461186,45.8399,-92.40219,0.354854
55013,Burnett County,Wisconsin,bchrrr,45.836874,-92.403645,1461186,45.8399,-92.40219,0.354854
55013,Burnett County,Wisconsin,nsrdb,45.836874,-92.403645,795279,45.85,-92.42,1.932678
55015,Calumet County,Wisconsin,wtk,44.152619,-88.263077,1659535,44.156796,-88.26572,0.510082
55015,Calumet County,Wisconsin,bchrrr,44.152619,-88.263077,1659535,44.156796,-88.26572,0.510082
55015,Calumet County,Wisconsin,nsrdb,44.152619,-88.263077,889421,44.17,-88.26,1.948205
55017,Chippewa County,Wisconsin,wtk,44.984928,-91.328062,1512912,44.979935,-91.32297,0.68457
55017,Chippewa County,Wisconsin,bchrrr,44.984928,-91.328062,1512912,44.979935,-91.32297,0.68457
55017,Chippewa County,Wisconsin,nsrdb,44.984928,-91.328062,818291,44.97,-91.34,1.907114
55019,Clark County,Wisconsin,wtk,44.78814,-90.550995,1549361,44.795887,-90.5491,0.874311
55019,Clark County,Wisconsin,bchrrr,44.78814,-90.550995,1549361,44.795887,-90.5491,0.874311
55019,Clark County,Wisconsin,nsrdb,44.78814,-90.550995,836528,44.77,-90.54,2.195845
55021,Columbia County,Wisconsin,wtk,43.460152,-89.366245,1611543,43.461548,-89.36273,0.323388
55021,Columbia County,Wisconsin,bchrrr,43.460152,-89.366245,1611543,43.461548,-89.36273,0.323388
55021,Columbia County,Wisconsin,nsrdb,43.460152,-89.366245,863828,43.45,-89.38,1.583358
55023,Crawford County,Wisconsin,wtk,43.165383,-91.004904,1534675,43.15676,-91.009,1.01476
55023,Crawford County,Wisconsin,bchrrr,43.165383,-91.004904,1534675,43.15676,-91.009,1.01476
55023,Crawford County,Wisconsin,nsrdb,43.165383,-91.004904,825474,43.17,-91.02,1.327579
55025,Dane County,Wisconsin,wtk,43.075639,-89.395474,1611522,43.072018,-89.40704,1.022098
55025,Dane County,Wisconsin,bchrrr,43.075639,-89.395474,1611522,43.072018,-89.40704,1.022098
55025,Dane County,Wisconsin,nsrdb,43.075639,-89.395474,863837,43.09,-89.38,2.032063
55027,Dodge County,Wisconsin,wtk,43.435905,-88.713084,1642347,43.4397,-88.72186,0.82472
55027,Dodge County,Wisconsin,bchrrr,43.435905,-88.713084,1642347,43.4397,-88.72186,0.82472
55027,Dodge County,Wisconsin,nsrdb,43.435905,-88.713084,879579,43.45,-88.7,1.890037
55029,Door County,Wisconsin,wtk,44.915069,-87.335347,1697210,44.913036,-87.34247,0.604739
55029,Door County,Wisconsin,bchrrr,44.915069,-87.335347,1697210,44.913036,-87.34247,0.604739
55029,Door County,Wisconsin,nsrdb,44.915069,-87.335347,909264,44.93,-87.34,1.700191
55031,Douglas County,Wisconsin,wtk,46.628582,-92.015032,1475774,46.629456,-92.02466,0.741588
55031,Douglas County,Wisconsin,bchrrr,46.628582,-92.015032,1475774,46.629456,-92.02466,0.741588
55031,Douglas County,Wisconsin,nsrdb,46.628582,-92.015032,803513,46.61,-92.02,2.100775
55033,Dunn County,Wisconsin,wtk,44.914659,-91.892932,1487680,44.90841,-91.88205,1.103254
55033,Dunn County,Wisconsin,bchrrr,44.914659,-91.892932,1487680,44.90841,-91.88205,1.103254
55033,Dunn County,Wisconsin,nsrdb,44.914659,-91.892932,806073,44.93,-91.9,1.794319
55035,Eau Claire County,Wisconsin,wtk,44.790208,-91.454839,1508066,44.798267,-91.443115,1.287979
55035,Eau Claire County,Wisconsin,bchrrr,44.790208,-91.454839,1508066,44.798267,-91.443115,1.287979
55035,Eau Claire County,Wisconsin,nsrdb,44.790208,-91.454839,815638,44.81,-91.46,2.238128
55037,Florence County,Wisconsin,wtk,45.853661,-88.24436,1649838,45.85834,-88.24396,0.521203
55037,Florence County,Wisconsin,bchrrr,45.853661,-88.24436,1649838,45.85834,-88.24396,0.521203
55037,Florence County,Wisconsin,nsrdb,45.853661,-88.24436,889379,45.85,-88.26,1.277881
55039,Fond du Lac County,Wisconsin,wtk,43.765546,-88.487048,1650950,43.761375,-88.50003,1.141034
55039,Fond du Lac County,Wisconsin,bchrrr,43.765546,-88.487048,1650950,43.761375,-88.50003,1.141034
55039,Fond du Lac County,Wisconsin,nsrdb,43.765546,-88.487048,884076,43.77,-88.5,1.15194
55041,Forest County,Wisconsin,wtk,45.563422,-88.812139,1625216,45.559177,-88.819916,0.767717
55041,Forest County,Wisconsin,bchrrr,45.563422,-88.812139,1625216,45.559177,-88.819916,0.767717
55041,Forest County,Wisconsin,nsrdb,45.563422,-88.812139,876793,45.57,-88.82,0.953666
55043,Grant County,Wisconsin,wtk,42.827214,-90.612766,1555352,42.820568,-90.60547,0.948781
55043,Grant County,Wisconsin,bchrrr,42.827214,-90.612766,1555352,42.820568,-90.60547,0.948781
55043,Grant County,Wisconsin,nsrdb,42.827214,-90.612766,834662,42.81,-90.62,2.002986
55045,Green County,Wisconsin,wtk,42.673838,-89.575093,1605354,42.671562,-89.57889,0.400515
55045,Green County,Wisconsin,bchrrr,42.673838,-89.575093,1605354,42.671562,-89.57889,0.400515
55045,Green County,Wisconsin,nsrdb,42.673838,-89.575093,859119,42.69,-89.58,1.841354
55047,Green Lake County,Wisconsin,wtk,43.845069,-89.014592,1626358,43.850655,-89.00693,0.87369
55047,Green Lake County,Wisconsin,bchrrr,43.845069,-89.014592,1626358,43.850655,-89.00693,0.87369
55047,Green Lake County,Wisconsin,nsrdb,43.845069,-89.014592,872230,43.85,-89.02,0.699081
55049,Iowa County,Wisconsin,wtk,42.981998,-90.122197,1577283,42.98265,-90.1315,0.76023
55049,Iowa County,Wisconsin,bchrrr,42.981998,-90.122197,1577283,42.98265,-90.1315,0.76023
55049,Iowa County,Wisconsin,nsrdb,42.981998,-90.122197,846103,42.97,-90.14,1.969165
55051,Iron County,Wisconsin,wtk,46.343186,-90.190148,1559201,46.346344,-90.179504,0.889298
55051,Iron County,Wisconsin,bchrrr,46.343186,-90.190148,1559201,46.346344,-90.179504,0.889298
55051,Iron County,Wisconsin,nsrdb,46.343186,-90.190148,845081,46.33,-90.18,1.660348
55053,Jackson County,Wisconsin,wtk,44.320686,-90.903071,1534738,44.32738,-90.90683,0.802158
55053,Jackson County,Wisconsin,bchrrr,44.320686,-90.903071,1534738,44.32738,-90.90683,0.802158
55053,Jackson County,Wisconsin,nsrdb,44.320686,-90.903071,828153,44.33,-90.9,1.064092
55055,Jefferson County,Wisconsin,wtk,43.040343,-88.785574,1641097,43.033585,-88.798065,1.263054
55055,Jefferson County,Wisconsin,bchrrr,43.040343,-88.785574,1641097,43.033585,-88.798065,1.263054
55055,Jefferson County,Wisconsin,nsrdb,43.040343,-88.785574,877770,43.05,-88.78,1.165437
55057,Juneau County,Wisconsin,wtk,43.843116,-90.097651,1574893,43.83934,-90.09604,0.439302
55057,Juneau County,Wisconsin,bchrrr,43.843116,-90.097651,1574893,43.83934,-90.09604,0.439302
55057,Juneau County,Wisconsin,nsrdb,43.843116,-90.097651,847008,43.85,-90.1,0.788305
55059,Kenosha County,Wisconsin,wtk,42.572393,-87.924015,1686204,42.579018,-87.914764,1.056634
55059,Kenosha County,Wisconsin,bchrrr,42.572393,-87.924015,1686204,42.579018,-87.914764,1.056634
55059,Kenosha County,Wisconsin,nsrdb,42.572393,-87.924015,896490,42.57,-87.94,1.335754
55061,Kewaunee County,Wisconsin,wtk,44.527818,-87.591673,1688730,44.519455,-87.5863,1.02284
55061,Kewaunee County,Wisconsin,bchrrr,44.527818,-87.591673,1688730,44.519455,-87.5863,1.02284
55061,Kewaunee County,Wisconsin,nsrdb,44.527818,-87.591673,904233,44.53,-87.58,0.956607
55063,La Crosse County,Wisconsin,wtk,43.861019,-91.208864,1522574,43.855618,-91.207214,0.614963
55063,La Crosse County,Wisconsin,bchrrr,43.861019,-91.208864,1522574,43.855618,-91.207214,0.614963
55063,La Crosse County,Wisconsin,nsrdb,43.861019,-91.208864,820989,43.85,-91.22,1.516091
55065,Lafayette County,Wisconsin,wtk,42.663323,-90.140524,1578483,42.665825,-90.13776,0.358437
55065,Lafayette County,Wisconsin,bchrrr,42.663323,-90.140524,1578483,42.665825,-90.13776,0.358437
55065,Lafayette County,Wisconsin,nsrdb,42.663323,-90.140524,846111,42.65,-90.14,1.482072
55067,Langlade County,Wisconsin,wtk,45.185055,-89.104983,1614098,45.184193,-89.10654,0.15517
55067,Langlade County,Wisconsin,bchrrr,45.185055,-89.104983,1614098,45.184193,-89.10654,0.15517
55067,Langlade County,Wisconsin,nsrdb,45.185055,-89.104983,870333,45.17,-89.1,1.719003
55069,Lincoln County,Wisconsin,wtk,45.288551,-89.686469,1587157,45.292233,-89.67786,0.788144
55069,Lincoln County,Wisconsin,bchrrr,45.288551,-89.686469,1587157,45.292233,-89.67786,0.788144
55069,Lincoln County,Wisconsin,nsrdb,45.288551,-89.686469,856241,45.29,-89.7,1.070707
55071,Manitowoc County,Wisconsin,wtk,44.103611,-87.724252,1685075,44.09925,-87.7262,0.509259
55071,Manitowoc County,Wisconsin,bchrrr,44.103611,-87.724252,1685075,44.09925,-87.7262,0.509259
55071,Manitowoc County,Wisconsin,nsrdb,44.103611,-87.724252,900787,44.09,-87.74,1.967769
55073,Marathon County,Wisconsin,wtk,44.907456,-89.707744,1588354,44.90079,-89.69519,1.235721
55073,Marathon County,Wisconsin,bchrrr,44.907456,-89.707744,1588354,44.90079,-89.69519,1.235721
55073,Marathon County,Wisconsin,nsrdb,44.907456,-89.707744,856251,44.89,-89.7,2.034605
55075,Marinette County,Wisconsin,wtk,45.219097,-87.848452,1671782,45.213364,-87.854614,0.799593
55075,Marinette County,Wisconsin,bchrrr,45.219097,-87.848452,1671782,45.213364,-87.854614,0.799593
55075,Marinette County,Wisconsin,nsrdb,45.219097,-87.848452,898151,45.21,-87.86,1.357009
55077,Marquette County,Wisconsin,wtk,43.810953,-89.407889,1607872,43.818684,-89.39929,1.102284
55077,Marquette County,Wisconsin,bchrrr,43.810953,-89.407889,1607872,43.818684,-89.39929,1.102284
55077,Marquette County,Wisconsin,nsrdb,43.810953,-89.407889,862873,43.81,-89.42,0.977573
55078,Menominee County,Wisconsin,wtk,44.912634,-88.635732,1637510,44.91152,-88.63803,0.219297
55078,Menominee County,Wisconsin,bchrrr,44.912634,-88.635732,1637510,44.91152,-88.63803,0.219297
55078,Menominee County,Wisconsin,nsrdb,44.912634,-88.635732,881355,44.93,-88.62,2.29414
55079,Milwaukee County,Wisconsin,wtk,43.031416,-87.959538,1681381,43.03078,-87.95447,0.417962
55079,Milwaukee County,Wisconsin,bchrrr,43.031416,-87.959538,1681381,43.03078,-87.95447,0.417962
55079,Milwaukee County,Wisconsin,nsrdb,43.031416,-87.959538,896478,43.05,-87.94,2.606037
55081,Monroe County,Wisconsin,wtk,43.942578,-90.644182,1548096,43.94238,-90.65582,0.932051
55081,Monroe County,Wisconsin,bchrrr,43.942578,-90.644182,1548096,43.94238,-90.65582,0.932051
55081,Monroe County,Wisconsin,nsrdb,43.942578,-90.644182,833681,43.93,-90.66,1.886895
55083,Oconto County,Wisconsin,wtk,44.895367,-88.146631,1660797,44.896465,-88.13812,0.681434
55083,Oconto County,Wisconsin,bchrrr,44.895367,-88.146631,1660797,44.896465,-88.13812,0.681434
55083,Oconto County,Wisconsin,nsrdb,44.895367,-88.146631,892059,44.89,-88.14,0.793096
55085,Oneida County,Wisconsin,wtk,45.710997,-89.494082,1593274,45.711876,-89.49646,0.208913
55085,Oneida County,Wisconsin,bchrrr,45.710997,-89.494082,1593274,45.711876,-89.49646,0.208913
55085,Oneida County,Wisconsin,nsrdb,45.710997,-89.494082,860933,45.73,-89.5,2.162408
55087,Outagamie County,Wisconsin,wtk,44.308666,-88.401384,1652205,44.31579,-88.40109,0.792499
55087,Outagamie County,Wisconsin,bchrrr,44.308666,-88.401384,1652205,44.31579,-88.40109,0.792499
55087,Outagamie County,Wisconsin,nsrdb,44.308666,-88.401384,885848,44.29,-88.42,2.550067
55089,Ozaukee County,Wisconsin,wtk,43.318811,-87.950065,1680183,43.310413,-87.94144,1.16574
55089,Ozaukee County,Wisconsin,bchrrr,43.318811,-87.950065,1680183,43.310413,-87.94144,1.16574
55089,Ozaukee County,Wisconsin,nsrdb,43.318811,-87.950065,896471,43.33,-87.94,1.486886
55091,Pepin County,Wisconsin,wtk,44.591768,-91.987288,1484069,44.595005,-91.98328,0.479871
55091,Pepin County,Wisconsin,bchrrr,44.591768,-91.987288,1484069,44.595005,-91.98328,0.479871
55091,Pepin County,Wisconsin,nsrdb,44.591768,-91.987288,804397,44.61,-91.98,2.107824
55093,Pierce County,Wisconsin,wtk,44.773349,-92.547812,1457481,44.781563,-92.548035,0.913526
55093,Pierce County,Wisconsin,bchrrr,44.773349,-92.547812,1457481,44.781563,-92.548035,0.913526
55093,Pierce County,Wisconsin,nsrdb,44.773349,-92.547812,792828,44.77,-92.54,0.720392
55095,Polk County,Wisconsin,wtk,45.404942,-92.481395,1458728,45.41351,-92.482635,0.957624
55095,Polk County,Wisconsin,bchrrr,45.404942,-92.481395,1458728,45.41351,-92.482635,0.957624
55095,Polk County,Wisconsin,nsrdb,45.404942,-92.481395,793638,45.41,-92.5,1.557504
55097,Portage County,Wisconsin,wtk,44.498025,-89.526107,1598097,44.499012,-89.53006,0.332174
55097,Portage County,Wisconsin,bchrrr,44.498025,-89.526107,1598097,44.499012,-89.53006,0.332174
55097,Portage County,Wisconsin,nsrdb,44.498025,-89.526107,860018,44.49,-89.54,1.417957
55099,Price County,Wisconsin,wtk,45.724339,-90.398281,1551849,45.722538,-90.40509,0.565233
55099,Price County,Wisconsin,bchrrr,45.724339,-90.398281,1551849,45.722538,-90.40509,0.565233
55099,Price County,Wisconsin,nsrdb,45.724339,-90.398281,840334,45.73,-90.38,1.55237
55101,Racine County,Wisconsin,wtk,42.735036,-87.928036,1685001,42.728962,-87.919525,0.969226
55101,Racine County,Wisconsin,bchrrr,42.735036,-87.928036,1685001,42.728962,-87.919525,0.969226
55101,Racine County,Wisconsin,nsrdb,42.735036,-87.928036,896486,42.73,-87.94,1.126251
55103,Richland County,Wisconsin,wtk,43.350267,-90.390445,1562693,43.351334,-90.40225,0.961864
55103,Richland County,Wisconsin,bchrrr,43.350267,-90.390445,1562693,43.351334,-90.40225,0.961864
55103,Richland County,Wisconsin,nsrdb,43.350267,-90.390445,840393,43.37,-90.38,2.351089
55105,Rock County,Wisconsin,wtk,42.65481,-89.037951,1631230,42.657516,-89.04733,0.823893
55105,Rock County,Wisconsin,bchrrr,42.65481,-89.037951,1631230,42.657516,-89.04733,0.823893
55105,Rock County,Wisconsin,nsrdb,42.65481,-89.037951,872260,42.65,-89.02,1.562454
55107,Rusk County,Wisconsin,wtk,45.444969,-91.130537,1520224,45.43816,-91.12521,0.863695
55107,Rusk County,Wisconsin,bchrrr,45.444969,-91.130537,1520224,45.43816,-91.12521,0.863695
55107,Rusk County,Wisconsin,nsrdb,45.444969,-91.130537,822733,45.45,-91.14,0.926234
55109,St. Croix County,Wisconsin,wtk,45.017968,-92.580609,1455066,45.025093,-92.58594,0.89624
55109,St. Croix County,Wisconsin,bchrrr,45.017968,-92.580609,1455066,45.025093,-92.58594,0.89624
55109,St. Croix County,Wisconsin,nsrdb,45.017968,-92.580609,791995,45.01,-92.58,0.887295
55111,Sauk County,Wisconsin,wtk,43.449265,-89.868069,1587058,43.454067,-89.87808,0.968587
55111,Sauk County,Wisconsin,bchrrr,43.449265,-89.868069,1587058,43.454067,-89.87808,0.968587
55111,Sauk County,Wisconsin,nsrdb,43.449265,-89.868069,852565,43.45,-89.86,0.65648
55113,Sawyer County,Wisconsin,wtk,45.938057,-91.345361,1508127,45.932728,-91.35019,0.700416
55113,Sawyer County,Wisconsin,bchrrr,45.938057,-91.345361,1508127,45.932728,-91.35019,0.700416
55113,Sawyer County,Wisconsin,nsrdb,45.938057,-91.345361,818267,45.93,-91.34,0.987178
55115,Shawano County,Wisconsin,wtk,44.786909,-88.681205,1636273,44.783386,-88.68103,0.391984
55115,Shawano County,Wisconsin,bchrrr,44.786909,-88.681205,1636273,44.783386,-88.68103,0.391984
55115,Shawano County,Wisconsin,nsrdb,44.786909,-88.681205,879546,44.77,-88.7,2.394973
55117,Sheboygan County,Wisconsin,wtk,43.733625,-87.819053,1682631,43.732616,-87.83063,0.936907
55117,Sheboygan County,Wisconsin,bchrrr,43.733625,-87.819053,1682631,43.732616,-87.83063,0.936907
55117,Sheboygan County,Wisconsin,nsrdb,43.733625,-87.819053,899058,43.73,-87.82,0.410201
55119,Taylor County,Wisconsin,wtk,45.172334,-90.408562,1554259,45.18101,-90.40588,0.987368
55119,Taylor County,Wisconsin,bchrrr,45.172334,-90.408562,1554259,45.18101,-90.40588,0.987368
55119,Taylor County,Wisconsin,nsrdb,45.172334,-90.408562,839390,45.17,-90.42,0.933447
55121,Trempealeau County,Wisconsin,wtk,44.287418,-91.363367,1514087,44.29086,-91.35321,0.894478
55121,Trempealeau County,Wisconsin,bchrrr,44.287418,-91.363367,1514087,44.29086,-91.35321,0.894478
55121,Trempealeau County,Wisconsin,nsrdb,44.287418,-91.363367,817421,44.29,-91.38,1.354707
55123,Vernon County,Wisconsin,wtk,43.605271,-90.835649,1540776,43.59671,-90.842285,1.09166
55123,Vernon County,Wisconsin,bchrrr,43.605271,-90.835649,1540776,43.59671,-90.842285,1.09166
55123,Vernon County,Wisconsin,nsrdb,43.605271,-90.835649,830001,43.61,-90.82,1.365292
55125,Vilas County,Wisconsin,wtk,45.988196,-89.497003,1592069,45.99191,-89.49054,0.647966
55125,Vilas County,Wisconsin,bchrrr,45.988196,-89.497003,1592069,45.99191,-89.49054,0.647966
55125,Vilas County,Wisconsin,nsrdb,45.988196,-89.497003,860927,45.97,-89.5,2.036516
55127,Walworth County,Wisconsin,wtk,42.662935,-88.540401,1655787,42.66113,-88.53888,0.236117
55127,Walworth County,Wisconsin,bchrrr,42.662935,-88.540401,1655787,42.66113,-88.53888,0.236117
55127,Walworth County,Wisconsin,nsrdb,42.662935,-88.540401,883210,42.65,-88.54,1.438682
55129,Washburn County,Wisconsin,wtk,45.848157,-91.835415,1486533,45.839565,-91.84003,1.020077
55129,Washburn County,Wisconsin,bchrrr,45.848157,-91.835415,1486533,45.839565,-91.84003,1.020077
55129,Washburn County,Wisconsin,nsrdb,45.848157,-91.835415,807753,45.85,-91.82,1.211398
55131,Washington County,Wisconsin,wtk,43.345575,-88.21641,1666812,43.34915,-88.218994,0.449091
55131,Washington County,Wisconsin,bchrrr,43.345575,-88.21641,1666812,43.34915,-88.218994,0.449091
55131,Washington County,Wisconsin,nsrdb,43.345575,-88.21641,890330,43.33,-88.22,1.756032
55133,Waukesha County,Wisconsin,wtk,43.035959,-88.236193,1668013,43.032444,-88.23566,0.393244
55133,Waukesha County,Wisconsin,bchrrr,43.035959,-88.236193,1668013,43.032444,-88.23566,0.393244
55133,Waukesha County,Wisconsin,nsrdb,43.035959,-88.236193,890337,43.05,-88.22,2.041893
55135,Waupaca County,Wisconsin,wtk,44.432696,-88.936923,1626389,44.425728,-88.9364,0.77592
55135,Waupaca County,Wisconsin,bchrrr,44.432696,-88.936923,1626389,44.425728,-88.9364,0.77592
55135,Waupaca County,Wisconsin,nsrdb,44.432696,-88.936923,874058,44.45,-88.94,1.939564
55137,Waushara County,Wisconsin,wtk,44.101478,-89.225793,1614040,44.107815,-89.23587,1.069539
55137,Waushara County,Wisconsin,bchrrr,44.101478,-89.225793,1614040,44.107815,-89.23587,1.069539
55137,Waushara County,Wisconsin,nsrdb,44.101478,-89.225793,867555,44.09,-89.22,1.357552
55139,Winnebago County,Wisconsin,wtk,44.101517,-88.540831,1647291,44.100296,-88.533844,0.5742
55139,Winnebago County,Wisconsin,bchrrr,44.101517,-88.540831,1647291,44.100296,-88.533844,0.5742
55139,Winnebago County,Wisconsin,nsrdb,44.101517,-88.540831,883174,44.09,-88.54,1.282352
55141,Wood County,Wisconsin,wtk,44.478459,-89.962886,1578581,44.48514,-89.95062,1.224277
55141,Wood County,Wisconsin,bchrrr,44.478459,-89.962886,1578581,44.48514,-89.95062,1.224277
55141,Wood County,Wisconsin,nsrdb,44.478459,-89.962886,849774,44.49,-89.98,1.868195
56001,Albany County,Wyoming,wtk,41.313444,-105.596046,845745,41.312515,-105.60643,0.873405
56001,Albany County,Wyoming,bchrrr,41.313444,-105.596046,845745,41.312515,-105.60643,0.873405
56001,Albany County,Wyoming,nsrdb,41.313444,-105.596046,469326,41.33,-105.58,2.276981
56003,Big Horn County,Wyoming,wtk,44.635295,-108.251621,765323,44.633602,-108.25818,0.552081
56003,Big Horn County,Wyoming,bchrrr,44.635295,-108.251621,765323,44.633602,-108.25818,0.552081
56003,Big Horn County,Wyoming,nsrdb,44.635295,-108.251621,407240,44.65,-108.26,1.764392
56005,Campbell County,Wyoming,wtk,44.256962,-105.49565,870768,44.26347,-105.50127,0.850871
56005,Campbell County,Wyoming,bchrrr,44.256962,-105.49565,870768,44.26347,-105.50127,0.850871
56005,Campbell County,Wyoming,nsrdb,44.256962,-105.49565,471262,44.25,-105.5,0.848129
56007,Carbon County,Wyoming,wtk,41.65987,-107.078116,787725,41.657646,-107.06685,0.968051
56007,Carbon County,Wyoming,bchrrr,41.65987,-107.078116,787725,41.657646,-107.06685,0.968051
56007,Carbon County,Wyoming,nsrdb,41.65987,-107.078116,434245,41.65,-107.06,1.862737
56009,Converse County,Wyoming,wtk,42.788529,-105.520908,859846,42.78115,-105.5159,0.916657
56009,Converse County,Wyoming,bchrrr,42.788529,-105.520908,859846,42.78115,-105.5159,0.916657
56009,Converse County,Wyoming,nsrdb,42.788529,-105.520908,470293,42.77,-105.54,2.583198
56011,Crook County,Wyoming,wtk,44.434922,-104.619447,908755,44.429565,-104.61026,0.941779
56011,Crook County,Wyoming,bchrrr,44.434922,-104.619447,908755,44.429565,-104.61026,0.941779
56011,Crook County,Wyoming,nsrdb,44.434922,-104.619447,493720,44.45,-104.62,1.677174
56013,Fremont County,Wyoming,wtk,43.010698,-108.609742,739437,43.010685,-108.61127,0.124248
56013,Fremont County,Wyoming,bchrrr,43.010698,-108.609742,739437,43.010685,-108.61127,0.124248
56013,Fremont County,Wyoming,nsrdb,43.010698,-108.609742,399370,43.01,-108.62,0.837674
56015,Goshen County,Wyoming,wtk,42.050151,-104.220226,910746,42.045868,-104.21385,0.709923
56015,Goshen County,Wyoming,bchrrr,42.050151,-104.220226,910746,42.045868,-104.21385,0.709923
56015,Goshen County,Wyoming,nsrdb,42.050151,-104.220226,504079,42.05,-104.22,0.025103
56017,Hot Springs County,Wyoming,wtk,43.661593,-108.232642,758517,43.656693,-108.23215,0.546292
56017,Hot Springs County,Wyoming,bchrrr,43.661593,-108.232642,758517,43.656693,-108.23215,0.546292
56017,Hot Springs County,Wyoming,nsrdb,43.661593,-108.232642,408150,43.65,-108.22,1.641986
56019,Johnson County,Wyoming,wtk,44.288276,-106.695814,822402,44.28745,-106.68536,0.837171
56019,Johnson County,Wyoming,bchrrr,44.288276,-106.695814,822402,44.28745,-106.68536,0.837171
56019,Johnson County,Wyoming,nsrdb,44.288276,-106.695814,442483,44.29,-106.7,0.384401
56021,Laramie County,Wyoming,wtk,41.153933,-104.771325,881507,41.161243,-104.76276,1.083913
56021,Laramie County,Wyoming,bchrrr,41.153933,-104.771325,881507,41.161243,-104.76276,1.083913
56021,Laramie County,Wyoming,nsrdb,41.153933,-104.771325,489696,41.17,-104.78,1.928529
56023,Lincoln County,Wyoming,wtk,42.648286,-110.874087,653190,42.648193,-110.868835,0.42967
56023,Lincoln County,Wyoming,bchrrr,42.648286,-110.874087,653190,42.648193,-110.868835,0.42967
56023,Lincoln County,Wyoming,nsrdb,42.648286,-110.874087,349854,42.65,-110.86,1.167774
56025,Natrona County,Wyoming,wtk,42.842184,-106.335306,825506,42.83674,-106.343216,0.884531
56025,Natrona County,Wyoming,bchrrr,42.842184,-106.335306,825506,42.83674,-106.343216,0.884531
56025,Natrona County,Wyoming,nsrdb,42.842184,-106.335306,451038,42.85,-106.34,0.949623
56027,Niobrara County,Wyoming,wtk,42.810898,-104.451028,905471,42.813164,-104.4491,0.297021
56027,Niobrara County,Wyoming,bchrrr,42.810898,-104.451028,905471,42.813164,-104.4491,0.297021
56027,Niobrara County,Wyoming,nsrdb,42.810898,-104.451028,497874,42.81,-104.46,0.738657
56029,Park County,Wyoming,wtk,44.614008,-108.972358,739524,44.60989,-108.96831,0.558882
56029,Park County,Wyoming,bchrrr,44.614008,-108.972358,739524,44.60989,-108.96831,0.558882
56029,Park County,Wyoming,nsrdb,44.614008,-108.972358,391485,44.61,-108.98,0.751366
56031,Platte County,Wyoming,wtk,42.10651,-104.92977,880465,42.101166,-104.927246,0.629654
56031,Platte County,Wyoming,bchrrr,42.10651,-104.92977,880465,42.101166,-104.927246,0.629654
56031,Platte County,Wyoming,nsrdb,42.10651,-104.92977,485572,42.09,-104.94,2.020564
56033,Sheridan County,Wyoming,wtk,44.780988,-106.977922,814011,44.784073,-106.99123,1.104928
56033,Sheridan County,Wyoming,bchrrr,44.780988,-106.977922,814011,44.784073,-106.99123,1.104928
56033,Sheridan County,Wyoming,nsrdb,44.780988,-106.977922,435990,44.77,-106.98,1.232772
56035,Sublette County,Wyoming,wtk,42.807278,-109.943479,688482,42.80804,-109.95595,1.02087
56035,Sublette County,Wyoming,bchrrr,42.807278,-109.943479,688482,42.80804,-109.95595,1.02087
56035,Sublette County,Wyoming,nsrdb,42.807278,-109.943479,370197,42.81,-109.94,0.414915
56037,Sweetwater County,Wyoming,wtk,41.580538,-109.302423,701636,41.56933,-109.31198,1.478244
56037,Sweetwater County,Wyoming,bchrrr,41.580538,-109.302423,701636,41.56933,-109.31198,1.478244
56037,Sweetwater County,Wyoming,nsrdb,41.580538,-109.302423,384470,41.57,-109.3,1.188982
56039,Teton County,Wyoming,wtk,43.491744,-110.785804,664878,43.49414,-110.77467,0.936834
56039,Teton County,Wyoming,bchrrr,43.491744,-110.785804,664878,43.49414,-110.77467,0.936834
56039,Teton County,Wyoming,nsrdb,43.491744,-110.785804,351627,43.49,-110.78,0.506781
56041,Uinta County,Wyoming,wtk,41.271437,-110.760264,644366,41.265213,-110.74979,1.115921
56041,Uinta County,Wyoming,bchrrr,41.271437,-110.760264,644366,41.265213,-110.74979,1.115921
56041,Uinta County,Wyoming,nsrdb,41.271437,-110.760264,351682,41.29,-110.78,2.642032
56043,Washakie County,Wyoming,wtk,44.012221,-107.905056,773074,44.01158,-107.91527,0.819928
56043,Washakie County,Wyoming,bchrrr,44.012221,-107.905056,773074,44.01158,-107.91527,0.819928
56043,Washakie County,Wyoming,nsrdb,44.012221,-107.905056,415266,44.01,-107.9,0.473794
56045,Weston County,Wyoming,wtk,43.90845,-104.304626,918216,43.910175,-104.29855,0.523174
56045,Weston County,Wyoming,bchrrr,43.90845,-104.304626,918216,43.910175,-104.29855,0.523174
56045,Weston County,Wyoming,nsrdb,43.90845,-104.304626,501969,43.89,-104.3,2.084762
